Date,Open,High,Low,Close,Adj Close,Volume
22/01/1999,0.04001785693332423,0.04466267166153584,0.035491953741975175,0.037517085671424866,0.037517085671424866,2714688000
25/01/1999,0.040494423018607596,0.04192317460870012,0.037517095061497405,0.041447535157203674,0.041447535157203674,510480000
26/01/1999,0.04192317741540114,0.04275737804322117,0.037636005740301536,0.03823147341609001,0.03823147341609001,343200000
27/01/1999,0.038350396887499964,0.039303509470260116,0.0362063552929067,0.0381125770509243,0.0381125770509243,244368000
28/01/1999,0.0381125442906294,0.0383503639227831,0.03775489992870789,0.03799271956086159,0.03799271956086159,227520000
29/01/1999,0.03799274247220465,0.03811256727423224,0.03620634600520134,0.03620634600520134,0.03620634600520134,244032000
01/02/1999,0.03620633880655907,0.037159447547823944,0.03620633880655907,0.036921627819538116,0.036921627819538116,154704000
02/02/1999,0.036206351596691944,0.0371594606746489,0.032991199336252136,0.03406322002410889,0.03406322002410889,264096000
03/02/1999,0.03358663890328795,0.03525412263197031,0.03334790267391156,0.03477756679058075,0.03477756679058075,75120000
04/02/1999,0.035254134086927486,0.03763599745043953,0.03477757809069286,0.036682888865470886,0.036682888865470886,181920000
05/02/1999,0.03727833382653399,0.038112533841495044,0.03632613894153714,0.03775488957762718,0.03775488957762718,136848000
08/02/1999,0.03799272539272274,0.038112550140883585,0.03644506260752678,0.03644506260752678,0.03644506260752678,154080000
09/02/1999,0.03715943677028515,0.03739725983709511,0.03453884083765006,0.035015396773815155,0.035015396773815155,86976000
10/02/1999,0.03501539790435729,0.03596850639996032,0.034063199211328804,0.03465866670012474,0.03465866670012474,148224000
11/02/1999,0.034777584501659124,0.03906475602275397,0.034777584501659124,0.03763600438833237,0.03763600438833237,132240000
12/02/1999,0.038112562444469374,0.04001787026156094,0.038112562444469374,0.03978005051612854,0.03978005051612854,109728000
16/02/1999,0.04049442542106324,0.0421619134536344,0.03596851742092093,0.04001786932349205,0.04001786932349205,211008000
17/02/1999,0.03906474354058713,0.03954129947239941,0.037159436430875124,0.03787381201982498,0.03787381201982498,67728000
18/02/1999,0.039064733779555286,0.039541289592291466,0.037397250151132,0.03846926987171173,0.03846926987171173,70704000
19/02/1999,0.038112562444469374,0.0404944263703032,0.03763600633572711,0.03978005051612854,0.03978005051612854,75360000
22/02/1999,0.04049442542106324,0.040970981518634424,0.037873825193349704,0.04001786932349205,0.04001786932349205,205248000
23/02/1999,0.04097096637081969,0.04275736190910157,0.03858910338144381,0.0419231615960598,0.0419231615960598,138096000
24/02/1999,0.04811656528072861,0.05002278595260372,0.044186125592899334,0.04525814577937126,0.04525814577937126,612768000
25/02/1999,0.04716437264394712,0.04859312768086943,0.04311410765982599,0.04382940009236336,0.04382940009236336,149136000
26/02/1999,0.04430594181891093,0.04573469298539267,0.04144752286841761,0.04180425405502319,0.04180425405502319,172608000
01/03/1999,0.042876291641754535,0.043829403889151256,0.0400178715174706,0.04204300418496132,0.04204300418496132,92160000
02/03/1999,0.04192317368507592,0.04216191002336605,0.040970978185259584,0.041685353964567184,0.041685353964567184,55248000
03/03/1999,0.04192317048732729,0.04192317048732729,0.038589111565608056,0.03882693126797676,0.03882693126797676,61392000
04/03/1999,0.04073222671408348,0.04097096296367803,0.03763598840888115,0.03799271956086159,0.03799271956086159,57360000
05/03/1999,0.038350380997247906,0.04025568875508654,0.038350380997247906,0.040136780589818954,0.040136780589818954,78768000
08/03/1999,0.03906477569370041,0.04192319701972284,0.038350399516767705,0.04073226451873779,0.04073226451873779,75888000
09/03/1999,0.04061333922136775,0.04263847188885847,0.04061333922136775,0.04204300418496132,0.04204300418496132,143184000
10/03/1999,0.04263847554873959,0.04263847554873959,0.04073225089032501,0.041327718645334244,0.041327718645334244,235344000
11/03/1999,0.04061333528577344,0.041327711093142004,0.03954131156206131,0.03954131156206131,0.03954131156206131,54288000
12/03/1999,0.03978004331287453,0.03978004331287453,0.03811255554315918,0.03882693126797676,0.03882693126797676,90768000
15/03/1999,0.039780043898998904,0.04097097566381272,0.03954130757540115,0.040494419634342194,0.040494419634342194,108816000
16/03/1999,0.04073222923045234,0.04120878514164141,0.038826922203193524,0.0391845665872097,0.0391845665872097,79152000
17/03/1999,0.03954131965712328,0.04025569561074183,0.03846929912144387,0.0394224114716053,0.0394224114716053,51360000
18/03/1999,0.03954131384545873,0.04049442605553457,0.038589118253253216,0.039898961782455444,0.039898961782455444,46320000
19/03/1999,0.039780049583634444,0.04120880125849203,0.039780049583634444,0.04001786932349205,0.04001786932349205,105312000
22/03/1999,0.040851150294995565,0.040970975060141,0.03882693126797676,0.03882693126797676,0.03882693126797676,36672000
23/03/1999,0.039064745433100644,0.039064745433100644,0.03573068698396859,0.03644506260752678,0.03644506260752678,163968000
24/03/1999,0.03620634600520134,0.036445078991262904,0.03477759070829357,0.03620634600520134,0.03620634600520134,60864000
25/03/1999,0.036087421320842576,0.03811255344667415,0.035968509772448885,0.036682888865470886,0.036682888865470886,40320000
26/03/1999,0.03715944993813945,0.04001786995049665,0.03715944993813945,0.039898961782455444,0.039898961782455444,88272000
29/03/1999,0.04108988493680954,0.04204299353527796,0.04037550583366911,0.04108988493680954,0.04108988493680954,65952000
30/03/1999,0.04120880009221641,0.041566444605986214,0.03739727144487664,0.03763600438833237,0.03763600438833237,69504000
31/03/1999,0.038826932896021384,0.040732240447996525,0.037040536903967046,0.04025568440556526,0.04025568440556526,153600000
01/04/1999,0.0402556933119011,0.04049442969481071,0.03835038533838775,0.039064761251211166,0.039064761251211166,30432000
05/04/1999,0.03858910422631199,0.03954129947239941,0.03763599236268741,0.03787381201982498,0.03787381201982498,98640000
06/04/1999,0.038231471264483466,0.0383503794248758,0.03620633880655907,0.036921627819538116,0.036921627819538116,69696000
07/04/1999,0.03715944935592091,0.040255689063349656,0.0369216296160633,0.04001786932349205,0.04001786932349205,89280000
08/04/1999,0.040255708194685456,0.04192319701972284,0.039780068488924715,0.04073226451873779,0.04073226451873779,130128000
09/04/1999,0.040970981518634424,0.040970981518634424,0.039780049583634444,0.04001786932349205,0.04001786932349205,48624000
12/04/1999,0.03954129367688403,0.03954129367688403,0.03763598684643034,0.038350362330675125,0.038350362330675125,33312000
13/04/1999,0.03906476004781855,0.03906476004781855,0.036206343274127584,0.03680180758237839,0.03680180758237839,36144000
14/04/1999,0.036682892362393534,0.037517092885992115,0.035730693489313126,0.035730693489313126,0.035730693489313126,48288000
15/04/1999,0.036682888865470886,0.036682888865470886,0.035730690083162105,0.036682888865470886,0.036682888865470886,35856000
16/04/1999,0.03644506084192527,0.03846927948395613,0.03644506084192527,0.03787381201982498,0.03787381201982498,38928000
19/04/1999,0.03835038704980203,0.03835038704980203,0.03573070304655994,0.03620634600520134,0.03620634600520134,31296000
20/04/1999,0.036206345368548463,0.03763601044330693,0.03513432145759677,0.03549196943640709,0.03549196943640709,67680000
21/04/1999,0.035491963052699596,0.03620633885635086,0.035254139916585554,0.03608742728829384,0.03608742728829384,37488000
22/04/1999,0.03620633420235251,0.03620633420235251,0.03418211521214971,0.03453884646296501,0.03453884646296501,227184000
23/04/1999,0.03441992981474117,0.034538841349909775,0.032633534194536525,0.032872267067432404,0.032872267067432404,126048000
26/04/1999,0.03287227433039622,0.03334791716866131,0.030489497495268414,0.031204789876937866,0.031204789876937866,123504000
27/04/1999,0.03191916331370952,0.03477757937120239,0.03144260729992812,0.03453884646296501,0.03453884646296501,226944000
28/04/1999,0.03477758405130329,0.03477758405130329,0.03322900765629225,0.0343010313808918,0.0343010313808918,120096000
29/04/1999,0.03441993954216484,0.03453885111093906,0.033586655572931876,0.0343010313808918,0.0343010313808918,48144000
30/04/1999,0.03465865868832391,0.0362063211048857,0.03441992245894752,0.03477756679058075,0.03477756679058075,99312000
03/05/1999,0.03513430489971996,0.03513430489971996,0.034063198111530316,0.035015396773815155,0.035015396773815155,33840000
04/05/1999,0.035015396724518685,0.035015396724518685,0.03239571400561706,0.03311008960008621,0.03311008960008621,96048000
05/05/1999,0.03334791756526763,0.03382447361946106,0.031442609966266445,0.03382447361946106,0.03382447361946106,144576000
06/05/1999,0.033586654669891844,0.03430103045864444,0.03215698647459314,0.03316955268383026,0.03316955268383026,35616000
07/05/1999,0.03215699127690544,0.03358665968571025,0.03215699127690544,0.033347923308610916,0.033347923308610916,25008000
10/05/1999,0.03311010354944198,0.03406321241447692,0.03311010354944198,0.033347923308610916,0.033347923308610916,19680000
11/05/1999,0.034777587877939733,0.03620634305856909,0.03406321199137583,0.035134319216012955,0.035134319216012955,171744000
12/05/1999,0.035491970060498375,0.03632617080722893,0.035015413891365185,0.03620634600520134,0.03620634600520134,168480000
13/05/1999,0.03620634600520134,0.037159454935965876,0.036087434413665534,0.03620634600520134,0.03620634600520134,69936000
14/05/1999,0.036206339074724314,0.036206339074724314,0.033824475302979135,0.0343010313808918,0.0343010313808918,28464000
17/05/1999,0.03382447187948574,0.035968512296676636,0.03370556032274698,0.035968512296676636,0.035968512296676636,35760000
18/05/1999,0.036326164324224836,0.03811256047241624,0.035254140585743,0.03763600438833237,0.03763600438833237,151536000
19/05/1999,0.03930348788670258,0.040732239358013476,0.03537304811775995,0.035968512296676636,0.035968512296676636,451728000
20/05/1999,0.03620632825448201,0.03620632825448201,0.03180024653688532,0.03311008960008621,0.03311008960008621,178176000
21/05/1999,0.0326335364357523,0.0326335364357523,0.03144260480465797,0.03239571675658226,0.03239571675658226,303504000
24/05/1999,0.03263352970238478,0.033347905210117865,0.031800242675851784,0.032275885343551636,0.032275885343551636,162624000
25/05/1999,0.03239572729895929,0.03287228002250311,0.032156990924476415,0.03251463547348976,0.03251463547348976,130080000
26/05/1999,0.03239571675658226,0.03406320095613828,0.03239571675658226,0.03239571675658226,0.03239571675658226,104736000
27/05/1999,0.032633541300093,0.032633541300093,0.03215698525309563,0.03215698525309563,0.03215698525309563,82320000
28/05/1999,0.0326335470555218,0.0326335470555218,0.032156990924476415,0.03251463547348976,0.03251463547348976,88656000
01/06/1999,0.03239571589112909,0.03263353556394577,0.031919159927898164,0.03263353556394577,0.03263353556394577,98544000
02/06/1999,0.03263354432873326,0.03263354432873326,0.031442612409591675,0.031442612409591675,0.031442612409591675,130128000
03/06/1999,0.032275885343551636,0.03251461818358487,0.03191915419465169,0.032275885343551636,0.032275885343551636,41568000
04/06/1999,0.03251463547348976,0.0326335470555218,0.032275902506508455,0.03251463547348976,0.03251463547348976,78912000
07/06/1999,0.03269298825837071,0.033347909800606604,0.032633534194536525,0.032872267067432404,0.032872267067432404,125136000
08/06/1999,0.03299118657444547,0.03430102997542201,0.0328722750105436,0.033705562353134155,0.033705562353134155,153312000
09/06/1999,0.033824475302979135,0.035015407188851724,0.033824475302979135,0.0343010313808918,0.0343010313808918,95184000
10/06/1999,0.03430103076279806,0.034538850488559876,0.03406320762953512,0.034419938921928406,0.034419938921928406,36096000
11/06/1999,0.03441993813182284,0.03453884969572471,0.032514630516059476,0.033705562353134155,0.033705562353134155,61008000
14/06/1999,0.03376501059142878,0.03382446806684663,0.03215698045979015,0.03239571675658226,0.03239571675658226,51648000
15/06/1999,0.03239571675658226,0.0326335364357523,0.03191916078062011,0.03239571675658226,0.03239571675658226,49296000
16/06/1999,0.03287228038277144,0.03430103558114746,0.03239572765400477,0.033347923308610916,0.033347923308610916,64416000
17/06/1999,0.03311009241171445,0.03358664838767659,0.03239571675658226,0.03239571675658226,0.03239571675658226,74928000
18/06/1999,0.0326335414047535,0.0326335414047535,0.031204789876937866,0.031204789876937866,0.031204789876937866,158736000
21/06/1999,0.03215697825130343,0.032872267067432404,0.0312935074731182,0.032872267067432404,0.032872267067432404,83472000
22/06/1999,0.03287226254241801,0.03287226254241801,0.0315615064283188,0.032275885343551636,0.032275885343551636,193056000
23/06/1999,0.03191915858846644,0.032872267067432404,0.03156151077290174,0.032872267067432404,0.032872267067432404,210912000
24/06/1999,0.03311009734709037,0.03311009734709037,0.03191916553847629,0.03215698525309563,0.03215698525309563,115200000
25/06/1999,0.031919159927898164,0.03299117998701818,0.031919159927898164,0.03263353556394577,0.03263353556394577,73536000
28/06/1999,0.03370555366131779,0.03370555366131779,0.03239571400561706,0.03311008960008621,0.03311008960008621,109152000
29/06/1999,0.03358664015881089,0.03394336788641595,0.0331100842996069,0.03346772864460945,0.03346772864460945,92688000
30/06/1999,0.034538842195429846,0.03644506260752678,0.033824466571871666,0.03644506260752678,0.03644506260752678,269232000
01/07/1999,0.03644506711058989,0.03644506711058989,0.03263353902553422,0.03453884646296501,0.03453884646296501,88992000
02/07/1999,0.03501540312281231,0.03704053536057472,0.03430102739780674,0.03704053536057472,0.03704053536057472,224880000
06/07/1999,0.03739726975679464,0.03739726975679464,0.03668289397183017,0.03715944662690163,0.03715944662690163,198096000
07/07/1999,0.03739726130724415,0.03739726130724415,0.03644506260752678,0.03644506260752678,0.03644506260752678,63120000
08/07/1999,0.03668290100954963,0.03787382967806863,0.035491968933528906,0.03727836534380913,0.03727836534380913,186048000
09/07/1999,0.03715945630751893,0.04073225278089907,0.03715945630751893,0.040434978902339935,0.040434978902339935,211728000
12/07/1999,0.042876275894147414,0.044067207457034616,0.041208788382591406,0.042280811816453934,0.042280811816453934,401040000
13/07/1999,0.04275737503481478,0.04299519816725285,0.040494422880470386,0.042399730533361435,0.042399730533361435,138864000
14/07/1999,0.04239975334377517,0.043352865991879846,0.04049444466585742,0.04073226451873779,0.04073226451873779,137952000
15/07/1999,0.04108987774917944,0.042399717361257895,0.04097096621990204,0.04097096621990204,0.04097096621990204,137040000
16/07/1999,0.04168534252365463,0.042161898451658485,0.04097096694041376,0.04180425405502319,0.04180425405502319,103872000
19/07/1999,0.04192319701972284,0.04204302186070314,0.04049444466585742,0.04073226451873779,0.04073226451873779,43632000
20/07/1999,0.040732245160920846,0.040732245160920846,0.038589117648634465,0.04001786932349205,0.04001786932349205,178752000
21/07/1999,0.03954130699279435,0.03954130699279435,0.03763599952071029,0.03882693126797676,0.03882693126797676,112080000
22/07/1999,0.03858911157576284,0.03858911157576284,0.03668289089296647,0.03704053536057472,0.03704053536057472,213264000
23/07/1999,0.036921623805608685,0.03811255555318856,0.036921623805608685,0.03704053536057472,0.03704053536057472,80256000
26/07/1999,0.037992733976812604,0.037992733976812604,0.03715944662690163,0.03715944662690163,0.03715944662690163,60528000
27/07/1999,0.03715945375604909,0.03739727693156916,0.03668290100954963,0.03727836534380913,0.03727836534380913,98592000
28/07/1999,0.037159436430875124,0.03835036795163727,0.037040528306056406,0.03787381201982498,0.03787381201982498,244224000
29/07/1999,0.037159449639098695,0.03835038158317431,0.03692162989742876,0.03823147341609001,0.03823147341609001,388800000
30/07/1999,0.03823145422328461,0.03930347405460337,0.03811254270839447,0.038350362330675125,0.038350362330675125,452304000
02/08/1999,0.038350375846322345,0.03882693187623692,0.03811255614022797,0.038708023726940155,0.038708023726940155,313344000
03/08/1999,0.03870800107981358,0.03870800107981358,0.03739724531375932,0.03775488957762718,0.03775488957762718,255216000
04/08/1999,0.03799270914457901,0.038112533841495044,0.037635978090401846,0.03775488957762718,0.03775488957762718,89952000
05/08/1999,0.03775489836132049,0.038350362330675125,0.03715943098446622,0.038350362330675125,0.038350362330675125,240576000
06/08/1999,0.03823145422328461,0.038469273845565276,0.03811254270839447,0.038350362330675125,0.038350362330675125,183984000
09/08/1999,0.038469273845565276,0.03882691819263925,0.03811254270839447,0.038350362330675125,0.038350362330675125,31056000
10/08/1999,0.03858912172129736,0.04073224945976761,0.03835038533838775,0.039064761251211166,0.039064761251211166,212064000
11/08/1999,0.039780046347153125,0.04216191002336605,0.03930349028835426,0.041685353964567184,0.041685353964567184,197712000
12/08/1999,0.04192317297401214,0.04478159266054194,0.0416853532575371,0.04370957240462303,0.04370957240462303,239616000
13/08/1999,0.04335283515964772,0.044186122374144064,0.04287627917451865,0.043233923614025116,0.043233923614025116,84672000
16/08/1999,0.043590669707567614,0.043590669707567614,0.04013678511342641,0.04156645014882088,0.04156645014882088,223440000
17/08/1999,0.041685353964567184,0.04239972974387478,0.04061333369046561,0.041685353964567184,0.041685353964567184,193536000
18/08/1999,0.04120879039570971,0.043114097665892775,0.04037550320425889,0.04263845831155777,0.04263845831155777,279888000
19/08/1999,0.04561579992032606,0.05407214866375763,0.04406722338554742,0.05168937146663666,0.05168937146663666,1966992000
20/08/1999,0.05180919030810162,0.05216591819066108,0.04930750181870386,0.05121372267603874,0.05121372267603874,353088000
23/08/1999,0.05049842429624649,0.05049842429624649,0.04644907341225023,0.04811656102538109,0.04811656102538109,507984000
24/08/1999,0.04740218991984438,0.048355298559270586,0.0450203264202403,0.04787874594330788,0.04787874594330788,398064000
25/08/1999,0.0479976476844892,0.048474203644344196,0.045734696042121444,0.04764000326395035,0.04764000326395035,350352000
26/08/1999,0.0476400250038814,0.048355314171372385,0.04621127308991438,0.04692564904689789,0.04692564904689789,275376000
27/08/1999,0.047878753409183065,0.051451545808204435,0.047640017051367736,0.04954623803496361,0.04954623803496361,552384000
30/08/1999,0.05037949048777469,0.05133260202195306,0.047283252927525436,0.04936692491173744,0.04936692491173744,158640000
31/08/1999,0.04954621866364363,0.053833388631724426,0.048593110248237675,0.05359556898474693,0.05359556898474693,786864000
01/09/1999,0.05359556770437684,0.05359556770437684,0.050260593021374804,0.05109388008713722,0.05109388008713722,565344000
02/09/1999,0.04942640607225164,0.05073716260147182,0.048355299076395436,0.05049842968583107,0.05049842968583107,341088000
03/09/1999,0.05145154791995859,0.05216592378701238,0.05049843909279235,0.0508560836315155,0.0508560836315155,258864000
07/09/1999,0.05168936823535788,0.05168936823535788,0.05037952474437323,0.050618261098861694,0.050618261098861694,124416000
08/09/1999,0.05073716260147182,0.05109389386334975,0.05049842968583107,0.05049842968583107,0.05049842968583107,170064000
09/09/1999,0.050974992488417616,0.051332637008045044,0.048830948383839244,0.049784060567617416,0.049784060567617416,209472000
10/09/1999,0.050618254452513056,0.05121371863003174,0.0502606065729119,0.05049842968583107,0.05049842968583107,167424000
13/09/1999,0.05073716587446271,0.05073716587446271,0.04835530219573529,0.048830945044755936,0.048830945044755936,174432000
14/09/1999,0.0488309434197445,0.0488309434197445,0.04716436878682094,0.047402191907167435,0.047402191907167435,250368000
15/09/1999,0.04680672992618355,0.04835530639520667,0.046449085399951975,0.04775984212756157,0.04775984212756157,212736000
16/09/1999,0.04716436878223133,0.0476400116153771,0.04597252377236488,0.04656799137592316,0.04656799137592316,158112000
17/09/1999,0.04627071447197588,0.04668781644168068,0.04478159225603559,0.04644908010959625,0.04644908010959625,171648000
20/09/1999,0.04561578847090107,0.046211256021871656,0.04478158801794052,0.04478158801794052,0.04478158801794052,229104000
21/09/1999,0.04382939522291087,0.04406721492878364,0.039898955455685704,0.040494419634342194,0.040494419634342194,737328000
22/09/1999,0.040494423018607596,0.0416853548829519,0.038112559289918996,0.041447535157203674,0.041447535157203674,375984000
23/09/1999,0.04156642695775324,0.04168533847757998,0.03763598840888115,0.03799271956086159,0.03799271956086159,379584000
24/09/1999,0.03811255484997739,0.039064750259845384,0.03191916331370952,0.03453884646296501,0.03453884646296501,684912000
27/09/1999,0.036801797006363976,0.03739726455099229,0.03453884519124562,0.036682888865470886,0.036682888865470886,432000000
28/09/1999,0.03674235074894012,0.04049442542106324,0.03668289666585105,0.04001786932349205,0.04001786932349205,413184000
29/09/1999,0.04085115978757412,0.042399736362197266,0.036206343274127584,0.03680180758237839,0.03680180758237839,594048000
30/09/1999,0.03811255344667415,0.039303485128430175,0.03620633286923627,0.036682888865470886,0.036682888865470886,342528000
01/10/1999,0.036087418190707064,0.03739726130724415,0.034538842195429846,0.03644506260752678,0.03644506260752678,347760000
04/10/1999,0.03763600268947416,0.037754914254420666,0.03668289397183017,0.03715944662690163,0.03715944662690163,177600000
05/10/1999,0.03715946701578266,0.04097100098990976,0.03715946701578266,0.04073226451873779,0.04073226451873779,478080000
06/10/1999,0.04085114521689768,0.04764000359928802,0.04049441400393854,0.0456157848238945,0.0456157848238945,1508736000
07/10/1999,0.04752109293065614,0.04752109293065614,0.042399722016775915,0.04263845831155777,0.04263845831155777,487296000
08/10/1999,0.04263846093855005,0.04609234447221145,0.040970973242799136,0.04478158801794052,0.04478158801794052,398928000
11/10/1999,0.0451392297401689,0.045258141282638914,0.04239972206528674,0.04359065368771553,0.04359065368771553,544464000
12/10/1999,0.043829388764581693,0.044305944723830946,0.04287627684608318,0.042995188385248184,0.042995188385248184,322992000
13/10/1999,0.04251862963826407,0.04251862963826407,0.04097096694041376,0.04180425405502319,0.04180425405502319,280368000
14/10/1999,0.04192316144163471,0.04192316144163471,0.04049441030027885,0.04097096621990204,0.04097096621990204,192336000
15/10/1999,0.0389458674710117,0.04097100098990976,0.03882695584082004,0.04073226451873779,0.04073226451873779,210720000
18/10/1999,0.04085114729880318,0.04085114729880318,0.03835037243275268,0.03858910873532295,0.03858910873532295,215184000
19/10/1999,0.039780043323342715,0.039780043323342715,0.03632615963556915,0.03704053536057472,0.03704053536057472,308928000
20/10/1999,0.03763598684643034,0.03882691819263925,0.03704052287707571,0.038350362330675125,0.038350362330675125,348720000
21/10/1999,0.03823147283198032,0.040136780589818954,0.037159449071367645,0.040136780589818954,0.040136780589818954,382128000
22/10/1999,0.04001786138076252,0.04228081663543386,0.04001786138076252,0.04108988493680954,0.04108988493680954,286752000
25/10/1999,0.040851161045996905,0.041447541990543735,0.039064761251211166,0.039064761251211166,0.039064761251211166,213840000
26/10/1999,0.04073224775347454,0.04430596040379253,0.04049442799848002,0.042876292020082474,0.042876292020082474,481248000
27/10/1999,0.04311409293193583,0.04335282920050427,0.04025567403171041,0.04097096621990204,0.04097096621990204,214128000
28/10/1999,0.041208805607634125,0.04192318152045754,0.03882694148625426,0.039064761251211166,0.039064761251211166,222768000
29/10/1999,0.039541304618181644,0.04287627995733381,0.03930348493009496,0.04216190427541733,0.04216190427541733,330528000
01/11/1999,0.041447529244109514,0.04644907571369144,0.041447529244109514,0.04478158801794052,0.04478158801794052,782544000
02/11/1999,0.0456157845028053,0.04787873955267339,0.045258140082266446,0.04764000326395035,0.04764000326395035,837504000
03/11/1999,0.04954623080798921,0.05359558212163465,0.04918858633611224,0.05228482559323311,0.05228482559323311,2011680000
04/11/1999,0.05288121102583308,0.057049470853923215,0.05288121102583308,0.05561980605125427,0.05561980605125427,1260336000
05/11/1999,0.0571683901952717,0.057644942922635375,0.05121373005427511,0.05383341386914253,0.05383341386914253,616368000
08/11/1999,0.05216591245933609,0.05693055598015214,0.05049842812720544,0.055381979793310165,0.055381979793310165,470016000
09/11/1999,0.05526306408735328,0.055500883767558566,0.052404644836759495,0.05454777181148529,0.05454777181148529,272352000
10/11/1999,0.05472706334878973,0.05478651742707753,0.05300012137259043,0.05407214164733887,0.05407214164733887,144048000
11/11/1999,0.054072140816239185,0.06074117228009787,0.05288120899571896,0.05788275599479675,0.05788275599479675,562704000
12/11/1999,0.06038445306934992,0.06097991392016411,0.0569305654620462,0.06097991392016411,0.06097991392016411,501504000
15/11/1999,0.0613960895177051,0.06324285951340991,0.05883586383026588,0.05978897586464882,0.05978897586464882,362208000
16/11/1999,0.06121772981896898,0.06669674590819934,0.06097990670193156,0.06550581753253937,0.06550581753253937,723792000
17/11/1999,0.06669676126659695,0.07146048949619369,0.06574364897349752,0.06800660490989685,0.06800660490989685,786384000
18/11/1999,0.06943531753162113,0.07003169813783111,0.06764892215778955,0.06824438273906708,0.06824438273906708,235968000
19/11/1999,0.07646296399365926,0.08456166967820604,0.07622422758054395,0.08170324563980103,0.08170324563980103,2165184000
22/11/1999,0.08378782960756646,0.08384728370221348,0.07670077749256918,0.08158433437347412,0.08158433437347412,540192000
23/11/1999,0.07324685659321309,0.07658183166773161,0.07241357283712546,0.07574854791164398,0.07574854791164398,553248000
24/11/1999,0.07539090985677335,0.07622419368318785,0.06776876036250198,0.07336577773094177,0.07336577773094177,406848000
26/11/1999,0.07265138892881312,0.07336577136737192,0.07050734884805732,0.07289012521505356,0.07289012521505356,71760000
29/11/1999,0.07265143505947698,0.07360454757446272,0.06860208861303786,0.07026957720518112,0.07026957720518112,298608000
30/11/1999,0.07050736700074843,0.07169830229332214,0.06598146259784698,0.06598146259784698,0.06598146259784698,314688000
01/12/1999,0.06598143499793883,0.07026952128475568,0.06598143499793883,0.06931640952825546,0.06931640952825546,223536000
02/12/1999,0.06955517632437298,0.07539093168977927,0.06955517632437298,0.07443781942129135,0.07443781942129135,309888000
03/12/1999,0.07515214885756709,0.07646290486721058,0.07169826649551263,0.07265137135982513,0.07265137135982513,342768000
06/12/1999,0.07289014061776856,0.07503326794131616,0.07289014061776856,0.07467654347419739,0.07467654347419739,178608000
07/12/1999,0.07527200734792971,0.0753909223234879,0.06931643815167116,0.07217485457658768,0.07217485457658768,186384000
08/12/1999,0.07193701504596095,0.07610528078267484,0.07169828556894443,0.07539090514183044,0.07539090514183044,201696000
09/12/1999,0.07527201081960117,0.0771773219973194,0.07050736987477786,0.07312797009944916,0.07312797009944916,214944000
10/12/1999,0.07443782104283705,0.07479546560204176,0.07098393647048819,0.07229377329349518,0.07229377329349518,98304000
13/12/1999,0.07146048308184062,0.07396125515056663,0.07050737087429336,0.07205595076084137,0.07205595076084137,183840000
14/12/1999,0.072174848592899,0.07396124455908092,0.07015062951031986,0.07086500525474548,0.07086500525474548,273888000
15/12/1999,0.07038845888684189,0.07074610339598035,0.06693457479799834,0.0686020627617836,0.0686020627617836,205968000
16/12/1999,0.06895972032873612,0.07003174084882612,0.06788769980864615,0.06812551617622375,0.06812551617622375,132576000
17/12/1999,0.07003174038363741,0.07277033595457746,0.06967409580915312,0.07169831544160843,0.07169831544160843,262080000
20/12/1999,0.07181811535455591,0.07905334355383556,0.06931643050237832,0.07765386253595352,0.07765386253595352,402432000
21/12/1999,0.0776538636801157,0.08110774741787036,0.0747954475285184,0.08098883926868439,0.08098883926868439,388368000
22/12/1999,0.0812266514225345,0.08384724410717419,0.07813041257532428,0.08289413899183273,0.08289413899183273,251184000
23/12/1999,0.08301304026191922,0.08861096319782179,0.08265630907698424,0.08837314695119858,0.08837314695119858,280224000
27/12/1999,0.09027843282477421,0.0903973477396339,0.0840850436537326,0.08503815531730652,0.08503815531730652,202416000
28/12/1999,0.0850381974094583,0.08813443692263107,0.08456164474928703,0.08479946106672287,0.08479946106672287,179184000
29/12/1999,0.08462108396186054,0.08861097401504689,0.08456162989294684,0.0876578688621521,0.0876578688621521,132144000
30/12/1999,0.08765785816127773,0.08896861440778239,0.08622910018648672,0.08837314695119858,0.08837314695119858,139776000
31/12/1999,0.08819385360093272,0.08956406373601405,0.08789657651520431,0.08944424241781235,0.08944424241781235,127344000
03/01/2000,0.09004066111395304,0.09075503690593267,0.08408508519999562,0.08920645713806152,0.08920645713806152,300912000
04/01/2000,0.08765785662951577,0.08789658608199276,0.0824175713651439,0.08682456612586975,0.08682456612586975,300480000
05/01/2000,0.08432382519882799,0.08575257684473839,0.08277524536380992,0.08396618068218231,0.08396618068218231,188352000
06/01/2000,0.08396619797882487,0.08396619797882487,0.07527202488762119,0.07848718017339706,0.07848718017339706,120480000
07/01/2000,0.07813043550621332,0.08063120758157381,0.07693950014505231,0.07979792356491089,0.07979792356491089,71184000
10/01/2000,0.08003572159321264,0.08575256031022807,0.0786069702227891,0.08241758495569229,0.08241758495569229,239856000
11/01/2000,0.08194104637891544,0.0828941585339518,0.07908262312412262,0.07908262312412262,0.07908262312412262,148128000
12/01/2000,0.07908259338137234,0.07920242152279848,0.07598635496871724,0.07705837488174438,0.07705837488174438,123552000
13/01/2000,0.07693949835038123,0.08098885022194394,0.07598638616253744,0.08027356117963791,0.08027356117963791,132192000
14/01/2000,0.08146539891646513,0.08706240987473314,0.0812266625922496,0.08372743427753448,0.08372743427753448,604560000
18/01/2000,0.08479945090884147,0.08765787376217617,0.08098883605952192,0.08730114251375198,0.08730114251375198,261648000
19/01/2000,0.08765785071751094,0.08765785071751094,0.08575254038624386,0.08646691590547562,0.08646691590547562,164688000
20/01/2000,0.08718222774785409,0.09194595462892516,0.08551474001594107,0.0862291157245636,0.0862291157245636,179568000
21/01/2000,0.08599035328493002,0.08634799760733496,0.08313193152021227,0.08527597784996033,0.08527597784996033,544272000
24/01/2000,0.08801554002220888,0.08801554002220888,0.08098885612043516,0.08146541565656662,0.08146541565656662,256944000
25/01/2000,0.08182212048782264,0.08265632437040317,0.0781304205719548,0.08075010031461716,0.08075010031461716,237120000
26/01/2000,0.08075009900784716,0.08289414613456271,0.07598637218086322,0.07741512358188629,0.07741512358188629,232464000
27/01/2000,0.07801058950207158,0.07801058950207158,0.07050735496369451,0.07336577773094177,0.07336577773094177,458208000
28/01/2000,0.0724136210592828,0.07289017392514632,0.06836426766296204,0.071222685277462,0.071222685277462,194448000
31/01/2000,0.07157936713287431,0.07312794649767125,0.06669673280821689,0.07062717527151108,0.07062717527151108,182400000
01/02/2000,0.07074611329964715,0.07289015423398572,0.06812551281318173,0.07229377329349518,0.07229377329349518,92976000
02/02/2000,0.07265140534369373,0.07574856484902191,0.0722937608460677,0.07431889325380325,0.07431889325380325,149040000
03/02/2000,0.07670070681689374,0.07824928555739866,0.07503321999666232,0.07550977915525436,0.07550977915525436,108240000
04/02/2000,0.07789167984862451,0.07789167984862451,0.075748552833677,0.07729621231555939,0.07729621231555939,123696000
07/02/2000,0.07765383733887964,0.07765383733887964,0.0724135594352281,0.07253246754407883,0.07253246754407883,217488000
08/02/2000,0.07431887548234466,0.07860696240232244,0.07241357171294895,0.0759863629937172,0.0759863629937172,468816000
09/02/2000,0.07884479710644207,0.0801546403989367,0.07777277692205455,0.07789168506860733,0.07789168506860733,589056000
10/02/2000,0.08265635270768955,0.09528096321827027,0.08265635270768955,0.09385129809379578,0.09385129809379578,970080000
11/02/2000,0.09849606230017122,0.09861589045174704,0.08837314933965584,0.09528091549873352,0.09528091549873352,423792000
14/02/2000,0.09551875779826281,0.1105252280831337,0.09456564572906195,0.1105252280831337,0.1105252280831337,650112000
15/02/2000,0.11076393192906464,0.11088284004466219,0.10171211977919989,0.10623802244663239,0.10623802244663239,450480000
16/02/2000,0.10742897155024432,0.11481329735756297,0.10623803655616883,0.11112067103385925,0.11112067103385925,1019568000
17/02/2000,0.11100176237058745,0.11576640190414506,0.10933427483385469,0.11505111306905746,0.11505111306905746,535776000
18/02/2000,0.1133836642920724,0.13005853854463778,0.1125503802513931,0.1283910572528839,0.1283910572528839,960864000
22/02/2000,0.124341671755129,0.1260082393886216,0.12005357764142997,0.12481730431318283,0.12481730431318283,542496000
23/02/2000,0.12338854234481163,0.12684242550450858,0.12183996977389112,0.1255325824022293,0.1255325824022293,511392000
24/02/2000,0.1262470000678848,0.12708028400053514,0.1191004890410743,0.1243416890501976,0.1243416890501976,244320000
25/02/2000,0.12446062730212247,0.12446062730212247,0.1114783723466808,0.11659973859786987,0.11659973859786987,278736000
28/02/2000,0.11600423726121326,0.11719517244562173,0.11386020363818847,0.11576642096042633,0.11576642096042633,517872000
29/02/2000,0.1150511853726578,0.12338862148095972,0.1150511853726578,0.12195895612239838,0.12195895612239838,306048000
01/03/2000,0.12195891188870021,0.12195891188870021,0.11648080848439318,0.11838611960411072,0.11838611960411072,383568000
02/03/2000,0.11933921695483761,0.11933921695483761,0.11004959235345695,0.1104063168168068,0.1104063168168068,191040000
03/03/2000,0.11052521761926201,0.11338363353101098,0.10957301885044365,0.11219270527362823,0.11219270527362823,273696000
06/03/2000,0.11290800834658739,0.12148327078935775,0.11052523150726638,0.11147834360599518,0.11147834360599518,432096000
07/03/2000,0.14292096577758612,0.16626487163398423,0.13672757308849726,0.1587616354227066,0.1587616354227066,1952208000
08/03/2000,0.15867200287048047,0.16150114217918043,0.14720904574882604,0.1600714772939682,0.1600714772939682,668736000
09/03/2000,0.16197683423974066,0.20580624129474984,0.16150118781063097,0.1911272257566452,0.1911272257566452,952944000
10/03/2000,0.2010424038769478,0.27631347546623014,0.1996127393581656,0.22486194968223572,0.22486194968223572,2161200000
13/03/2000,0.20390089402876668,0.2858419404298601,0.20199466955963818,0.2844131886959076,0.2844131886959076,2415168000
14/03/2000,0.282864518723847,0.282864518723847,0.2058061311036056,0.20985548198223114,0.20985548198223114,1567776000
15/03/2000,0.22489209294374932,0.23069858153201367,0.19437242629813134,0.20128019154071808,0.20128019154071808,995616000
16/03/2000,0.20771149018343643,0.21485800167629807,0.17650761092754821,0.1794547587633133,0.1794547587633133,750384000
17/03/2000,0.17531663239134904,0.20390081541352328,0.17528644194001594,0.1903230994939804,0.1903230994939804,557616000
20/03/2000,0.19782639177155556,0.20413869226413797,0.18412976366081457,0.19020424783229828,0.19020424783229828,365280000
21/03/2000,0.1905609436776351,0.19222842456569075,0.1657882912824941,0.18079476058483124,0.18079476058483124,536640000
22/03/2000,0.18222444938772012,0.18770255261013033,0.17912728985565116,0.18210554122924805,0.18210554122924805,230592000
23/03/2000,0.18043802545146,0.1953255868524252,0.18008038780744726,0.1853206604719162,0.1853206604719162,309408000
24/03/2000,0.18412974118394676,0.19246717311937042,0.17150512810987412,0.1775796115398407,0.1775796115398407,231600000
27/03/2000,0.177221960311641,0.18293880609492155,0.16435954457186652,0.16590720415115356,0.16590720415115356,388944000
28/03/2000,0.16019041530142264,0.16197681864795702,0.1505431366477344,0.15352138876914978,0.15352138876914978,393312000
29/03/2000,0.1541167994262191,0.15768960511096466,0.13720411802068033,0.1433975100517273,0.1433975100517273,469440000
30/03/2000,0.1391094144674916,0.15578429308317443,0.13434568721601764,0.14256329834461212,0.14256329834461212,361920000
31/03/2000,0.152300196496749,0.1674557636240227,0.14959087923825007,0.16099436581134796,0.16099436581134796,962976000
03/04/2000,0.15953538122787558,0.16007139453892452,0.14423073324661687,0.14839990437030792,0.14839990437030792,329952000
04/04/2000,0.1562599300003711,0.15888051617288568,0.10861991388396319,0.14292094111442566,0.14292094111442566,513792000
05/04/2000,0.1443506054201558,0.1857972230014556,0.13696627866833685,0.17472119629383087,0.17472119629383087,639600000
06/04/2000,0.18281984329223633,0.19210946446149668,0.1741256758854954,0.18281984329223633,0.18281984329223633,404592000
07/04/2000,0.19199064016576853,0.20008934371553394,0.18389193661600312,0.1954445242881775,0.1954445242881775,318576000
10/04/2000,0.19877943706253445,0.21033202106251198,0.17448242092615646,0.17817504703998566,0.17817504703998566,395280000
11/04/2000,0.1657581681723236,0.18103356363216758,0.15244936480659085,0.16757474839687347,0.16757474839687347,457584000
12/04/2000,0.16781339623471844,0.17150509547041665,0.14959086262298332,0.15018633008003235,0.15018633008003235,313440000
13/04/2000,0.15137722266808487,0.15673641513560244,0.14125340549736284,0.14375416934490204,0.14375416934490204,313296000
14/04/2000,0.13458350242187117,0.14494606612916072,0.12481730583974242,0.1311003416776657,0.1311003416776657,421920000
17/04/2000,0.12005359646083381,0.14292095465813756,0.12005359646083381,0.13779957592487335,0.13779957592487335,294096000
18/04/2000,0.1516745740176456,0.17102857979189492,0.14720903036995922,0.16221550107002258,0.16221550107002258,477504000
19/04/2000,0.1673368871587646,0.16959983591320615,0.15244932394120747,0.15447354316711426,0.15447354316711426,278352000
20/04/2000,0.1586427275776226,0.1616200659706324,0.15149622948404418,0.1536402702331543,0.1536402702331543,153936000
24/04/2000,0.144826214251786,0.15125833370024608,0.13839499438329492,0.1460171490907669,0.1460171490907669,205968000
25/04/2000,0.15256825142219446,0.16674144063969445,0.1522106136892498,0.16197679936885834,0.16197679936885834,249696000
26/04/2000,0.17329150382293576,0.17722193265113276,0.16007142523812007,0.16030925512313843,0.16030925512313843,254112000
27/04/2000,0.1495909481032627,0.17507798662696708,0.1487567507126958,0.17341050505638123,0.17341050505638123,280992000
28/04/2000,0.17614995359914348,0.1829388130038266,0.16983765363693237,0.16983765363693237,0.16983765363693237,179040000
01/05/2000,0.17626886857905694,0.18008040379626525,0.1711474899744807,0.1753166764974594,0.1753166764974594,119424000
02/05/2000,0.1753167022322422,0.1855594473149257,0.16364427855688835,0.16852784156799316,0.16852784156799316,234000000
03/05/2000,0.16745575873796292,0.1729347740035283,0.15244929063938065,0.16578827798366547,0.16578827798366547,329184000
04/05/2000,0.16543066629501002,0.17484012645458286,0.1640019146755146,0.16781345009803772,0.16781345009803772,241200000
05/05/2000,0.16709814436953893,0.1796038507011769,0.16483519561009588,0.17555449903011322,0.17555449903011322,170592000
08/05/2000,0.17102854422042058,0.17722193491047555,0.16888450416769604,0.16912324726581573,0.16912324726581573,185136000
09/05/2000,0.17198170267699447,0.1734104542356097,0.16197677529556254,0.16674141585826874,0.16674141585826874,176832000
10/05/2000,0.16507399046991383,0.16519289866653555,0.14887566550208273,0.15030533075332642,0.15030533075332642,274080000
11/05/2000,0.15244928161706117,0.15947595587782515,0.1504241497430867,0.15673644840717316,0.15673644840717316,245904000
12/05/2000,0.16102454597343735,0.1695997929733227,0.1519727259874344,0.1519727259874344,0.1519727259874344,187824000
15/05/2000,0.15125840270350785,0.16507395372024175,0.14387407448915393,0.16245335340499878,0.16245335340499878,282096000
16/05/2000,0.16959980771255329,0.18424863896580276,0.16769358375242566,0.1791272610425949,0.1791272610425949,366432000
17/05/2000,0.18865564996782785,0.21843077498498994,0.1885367418143733,0.21056988835334778,0.21056988835334778,1290624000
18/05/2000,0.2117607633291761,0.21521464620839786,0.19496789462158018,0.19627773761749268,0.19627773761749268,509904000
19/05/2000,0.19056096110829304,0.20104243406627417,0.18913220958508445,0.19461031258106232,0.19461031258106232,521184000
22/05/2000,0.1924671191454875,0.20723576843738556,0.17543552198273468,0.20723576843738556,0.20723576843738556,517152000
23/05/2000,0.20199459427376912,0.22474302468043833,0.1986605325237263,0.20556829869747162,0.20556829869747162,778560000
24/05/2000,0.20532963626207038,0.2086646123108413,0.17579323774656547,0.20294776558876038,0.20294776558876038,739632000
25/05/2000,0.20592508993257752,0.21819296612268804,0.19758855677267612,0.20008933544158936,0.20008933544158936,569184000
26/05/2000,0.2011018544435501,0.2066394102130377,0.18865560573032403,0.2011018544435501,0.2011018544435501,183456000
30/05/2000,0.20652046919641376,0.21461916948059342,0.20556827744060024,0.2093788981437683,0.2093788981437683,303648000
31/05/2000,0.20866454297702877,0.22105132405084044,0.20866454297702877,0.21747761964797974,0.21747761964797974,469536000
01/06/2000,0.2239098187602869,0.22593403813907248,0.21795424237128908,0.2235521674156189,0.2235521674156189,418992000
02/06/2000,0.2281970446603989,0.253446281866375,0.2281970446603989,0.2507076859474182,0.2507076859474182,592176000
05/06/2000,0.25034983842129493,0.2686912636833428,0.2403449290056951,0.2560959458351135,0.2560959458351135,491904000
06/06/2000,0.2570199096459162,0.2665473647638227,0.24201251110813304,0.24332328140735626,0.24332328140735626,375888000
07/06/2000,0.24153684742945492,0.24356106643856568,0.2289113211082464,0.23248502612113953,0.23248502612113953,332352000
08/06/2000,0.23843975557736263,0.23867847150412352,0.22486202055499502,0.23427148163318634,0.23427148163318634,460704000
09/06/2000,0.23867843109449624,0.2515408748492798,0.23510472588127732,0.24094046652317047,0.24094046652317047,467280000
12/06/2000,0.2420124794277208,0.24403762527212303,0.2291500636851656,0.23450924456119537,0.23450924456119537,380016000
13/06/2000,0.22795907549567435,0.24201242310922902,0.22676814063147444,0.24189351499080658,0.24189351499080658,447840000
14/06/2000,0.24641950776537658,0.2477293238577093,0.23846988990697685,0.24165576696395874,0.24165576696395874,275088000
15/06/2000,0.24094054712143217,0.24796815216541288,0.22795921813115766,0.2479681521654129,0.2479681521654129,338592000
16/06/2000,0.24707443641337287,0.285841902555511,0.24701495507569432,0.28536534309387207,0.28536534309387207,987840000
19/06/2000,0.28465103446255924,0.326336394444306,0.27750452179287655,0.30323031544685364,0.30323031544685364,1052160000
20/06/2000,0.30847136855511825,0.31204414612431486,0.29537021186134577,0.299180805683136,0.299180805683136,610272000
21/06/2000,0.29453608780277923,0.3353881560444045,0.29453608780277923,0.32955148816108704,0.32955148816108704,614880000
22/06/2000,0.3281226902681284,0.3349115493240441,0.3084714156474608,0.31156763434410095,0.31156763434410095,614352000
23/06/2000,0.3032303297461684,0.3070418524177639,0.28203046078517036,0.2821502685546875,0.2821502685546875,607392000
26/06/2000,0.2877471679130834,0.31799884806505435,0.28322127126593055,0.3162124454975128,0.3162124454975128,618288000
27/06/2000,0.31347295503657113,0.31871415469912806,0.2632123453810419,0.271549791097641,0.271549791097641,604608000
28/06/2000,0.277266549632288,0.2877471197503555,0.2534461080785259,0.2610691487789154,0.2610691487789154,586608000
29/06/2000,0.2565433433836938,0.2565433433836938,0.21914516007906576,0.2234332412481308,0.2234332412481308,1184880000
30/06/2000,0.23391380075109705,0.2463005851675073,0.22248013528065744,0.24225124716758728,0.24225124716758728,1209192000
03/07/2000,0.2439187588809001,0.25154090319830447,0.2305788545899926,0.23296162486076355,0.23296162486076355,232680000
05/07/2000,0.2320084852542292,0.23248504471808376,0.20104243801679847,0.20795021951198578,0.20795021951198578,777936000
06/07/2000,0.2081880133574204,0.22819693901808957,0.2031855570472095,0.22057479619979858,0.22057479619979858,603936000
07/07/2000,0.22867350914943138,0.23248503052732658,0.21723983096595917,0.22176574170589447,0.22176574170589447,346560000
10/07/2000,0.2179542729969711,0.23867849484185194,0.2158111451489478,0.23319947719573975,0.23319947719573975,351264000
11/07/2000,0.23010314532212398,0.2639276006145554,0.2274825323308557,0.25201737880706787,0.25201737880706787,755304000
12/07/2000,0.26249798415623277,0.27226418187119267,0.2541614648192118,0.2591630220413208,0.2591630220413208,388152000
13/07/2000,0.26464202926086655,0.2848887725078332,0.2641654698178364,0.28346002101898193,0.28346002101898193,458736000
14/07/2000,0.2891768105645488,0.29465492624742756,0.27440818599922895,0.28131595253944397,0.28131595253944397,280200000
17/07/2000,0.28560393380603627,0.28584174998978557,0.2772664920380933,0.278219610452652,0.278219610452652,105552000
18/07/2000,0.26297435227941296,0.28584169318631586,0.26297435227941296,0.27274054288864136,0.27274054288864136,183672000
19/07/2000,0.2629744594145731,0.2648797698014987,0.2498733037795194,0.25535231828689575,0.25535231828689575,189504000
20/07/2000,0.2551135998355097,0.2686913160877243,0.25439922422646233,0.2622601091861725,0.2622601091861725,142992000
21/07/2000,0.26297449514755605,0.2705966373109303,0.2591629742758203,0.26559510827064514,0.26559510827064514,251928000
24/07/2000,0.2658329167961359,0.2677382273864787,0.23248499288474403,0.24296556413173676,0.24296556413173676,281112000
25/07/2000,0.24677712196621923,0.24868243284279992,0.23343721982952978,0.23391377925872803,0.23391377925872803,335304000
26/07/2000,0.23391379281184707,0.23391379281184707,0.2100942569437474,0.21652546525001526,0.21652546525001526,380064000
27/07/2000,0.20961769078012132,0.2124761069592576,0.19818401243357278,0.20104242861270905,0.20104242861270905,331560000
28/07/2000,0.20199461506177097,0.2208126049710314,0.19056093780336567,0.20580613613128662,0.20580613613128662,512664000
31/07/2000,0.21723976831229397,0.2291500024955262,0.2058060934263839,0.22867344319820404,0.22867344319820404,371232000
01/08/2000,0.228673559352809,0.23057887066994354,0.22248016628160097,0.22414764761924744,0.22414764761924744,350616000
02/08/2000,0.22105130222091596,0.23236515578252792,0.21747759817097645,0.22867344319820404,0.22867344319820404,345432000
03/08/2000,0.2058061941846655,0.24391877141011492,0.2058061941846655,0.2386784702539444,0.2386784702539444,368664000
04/08/2000,0.24439524220454867,0.24772927676762807,0.23915404337098026,0.24296556413173676,0.24296556413173676,194784000
07/08/2000,0.2446330528672266,0.2641654164216598,0.24367993417382167,0.26202136278152466,0.26202136278152466,246936000
08/08/2000,0.2563048005104065,0.2705969071884038,0.25535260765788564,0.2563048005104065,0.2563048005104065,128112000
09/08/2000,0.25963952519050143,0.2613069922563163,0.2451096169741807,0.2486823946237564,0.2486823946237564,136248000
10/08/2000,0.24296563608070643,0.257257732320748,0.2382019220341452,0.2515408992767334,0.2515408992767334,156432000
11/08/2000,0.2520174371280981,0.25392274811899807,0.2339137932936266,0.24558620154857635,0.24558620154857635,131928000
14/08/2000,0.24868252816292474,0.251064399381676,0.2401072629310963,0.2479681521654129,0.2479681521654129,108576000
15/08/2000,0.24915898995498081,0.2763134997246139,0.24844461423793282,0.27137142419815063,0.27137142419815063,443328000
16/08/2000,0.28607956617353486,0.28607956617353486,0.269882168684709,0.278219610452652,0.278219610452652,266232000
17/08/2000,0.2744082266421406,0.2848887725078332,0.27345510775608023,0.28346002101898193,0.28346002101898193,129816000
18/08/2000,0.2822691145874811,0.296799054198805,0.2817925823559116,0.2934640645980835,0.2934640645980835,204720000
21/08/2000,0.30418320487287437,0.30942350301848576,0.297275440008218,0.2979898154735565,0.2979898154735565,464472000
22/08/2000,0.2825067934712849,0.28870018231038497,0.26726248693020943,0.2698821723461151,0.2698821723461151,658872000
23/08/2000,0.26559513382926453,0.28607969227334806,0.26011611805014545,0.2856040596961975,0.2856040596961975,352800000
24/08/2000,0.2839367188100997,0.2960847924854308,0.2786964433239306,0.29322636127471924,0.29322636127471924,332616000
25/08/2000,0.2901299629783864,0.2963224550185089,0.2844131307858106,0.2858418822288513,0.2858418822288513,153048000
28/08/2000,0.28727158602485203,0.30108712193550996,0.28393659657462866,0.297275573015213,0.297275573015213,189264000
29/08/2000,0.29846664245345306,0.2991810185595833,0.293464183289145,0.2965613305568695,0.2965613305568695,149376000
30/08/2000,0.2932261582278073,0.3032301698575703,0.2901299127438454,0.299180805683136,0.299180805683136,178080000
31/08/2000,0.30370676967168897,0.314426057907673,0.2977520941628992,0.30251583456993103,0.30251583456993103,388896000
01/09/2000,0.30870920528688905,0.3115676074478768,0.299657384907069,0.3029923737049103,0.3029923737049103,204144000
05/09/2000,0.3101388024151238,0.3103766459022823,0.30132482709100405,0.30346885323524475,0.30346885323524475,246144000
06/09/2000,0.30465986541614026,0.30465986541614026,0.28012504271045074,0.28250691294670105,0.28250691294670105,230136000
07/09/2000,0.2867949495567753,0.2982286118876756,0.2748847006237457,0.2977520525455475,0.2977520525455475,239760000
08/09/2000,0.2944171459350373,0.3010870970236046,0.27917193287554537,0.28012505173683167,0.28012505173683167,222648000
11/09/2000,0.2765522165484684,0.27821971095641945,0.25821078668113245,0.2686913311481476,0.2686913311481476,285888000
12/09/2000,0.26892920208232046,0.2829834526471685,0.26297452633292534,0.26702389121055603,0.26702389121055603,125976000
13/09/2000,0.26630960158374833,0.2713120596746019,0.2605927402800442,0.2669050693511963,0.2669050693511963,239976000
14/09/2000,0.2682147385571425,0.28012495847717794,0.2610691299970685,0.2644041180610657,0.2644041180610657,216336000
15/09/2000,0.262974615990458,0.2739317519491478,0.26106930446910415,0.2701805830001831,0.2701805830001831,242592000
18/09/2000,0.2708355134767171,0.27250300867607774,0.25154095569313284,0.2543993592262268,0.2543993592262268,163488000
19/09/2000,0.24272774538512557,0.26297448479521984,0.24010713236520034,0.2622601091861725,0.2622601091861725,301104000
20/09/2000,0.2551137196453553,0.26011620493814686,0.2496356288765497,0.25368496775627136,0.25368496775627136,227568000
21/09/2000,0.2555902356232558,0.270358891253848,0.25535241929580815,0.2645826041698456,0.2645826041698456,346824000
22/09/2000,0.23843976634251304,0.2725029795344924,0.23820194998541747,0.2691679894924164,0.2691679894924164,387264000
25/09/2000,0.2775043998908245,0.29251179457856746,0.2753612730097922,0.28846243023872375,0.28846243023872375,467568000
26/09/2000,0.29155876134968317,0.2987052729757862,0.2782197839467467,0.29537031054496765,0.29537031054496765,337344000
27/09/2000,0.29298838670386207,0.3253831960048374,0.29298838670386207,0.31156763434410095,0.31156763434410095,676128000
28/09/2000,0.30870919187378526,0.3230012838377568,0.3010870499556904,0.3210959732532501,0.3210959732532501,333816000
29/09/2000,0.31204429268836975,0.323954547293204,0.3068040183695669,0.31204429268836975,0.31204429268836975,373872000
02/10/2000,0.31633144306894356,0.3287182287274379,0.296799072380048,0.3046599328517914,0.3046599328517914,340584000
03/10/2000,0.3063274216495507,0.30870929236555367,0.2858419323273625,0.2882238030433655,0.2882238030433655,300264000
04/10/2000,0.2806017668541813,0.2896535660179663,0.2767902161344829,0.2848889231681824,0.2848889231681824,419568000
05/10/2000,0.28703268458809356,0.28703268458809356,0.2722640378813249,0.278219610452652,0.278219610452652,525048000
06/10/2000,0.2789341385527593,0.28083944958520335,0.25701989951866894,0.26083052158355713,0.26083052158355713,1027176000
09/10/2000,0.25416155271824303,0.27059678076671023,0.23629574621682375,0.26654744148254395,0.26654744148254395,665256000
10/10/2000,0.2553524618592718,0.2682149089129089,0.24391879394916818,0.24630063772201538,0.24630063772201538,415944000
11/10/2000,0.23129402352518166,0.26202132982167836,0.2220034890532792,0.2484445422887802,0.2484445422887802,535776000
12/10/2000,0.2539227869318085,0.26869141639942273,0.23629569986077925,0.2386784702539444,0.2386784702539444,401616000
13/10/2000,0.24034504038293333,0.25535241146083293,0.23778480758006398,0.24820590019226074,0.24820590019226074,578976000
16/10/2000,0.24820576530982505,0.24820576530982505,0.23677210586975564,0.24248893558979034,0.24248893558979034,339216000
17/10/2000,0.2415368257340949,0.24248901765982853,0.22224227696631707,0.22486194968223572,0.22486194968223572,463248000
18/10/2000,0.21033205449040365,0.23415251507398469,0.20032712820063375,0.22128917276859283,0.22128917276859283,416952000
19/10/2000,0.23558131913449407,0.24582407763081537,0.23200851298890557,0.2427278310060501,0.2427278310060501,294888000
20/10/2000,0.23701097371405414,0.27154981367384834,0.23534347898010022,0.2653564214706421,0.2653564214706421,387360000
23/10/2000,0.2675004101095443,0.2691678771747727,0.25106426447517355,0.25940170884132385,0.25940170884132385,182112000
24/10/2000,0.25821074965903457,0.2624979025189906,0.25011204915024265,0.2510642409324646,0.2510642409324646,193968000
25/10/2000,0.2441565578777036,0.2477293363996407,0.22748259190834436,0.22915008664131165,0.22915008664131165,385512000
26/10/2000,0.23057880295340993,0.24772929851209433,0.21438139893358904,0.23891624808311462,0.23891624808311462,265776000
27/10/2000,0.23915413062288604,0.24505025315924703,0.22486201977086698,0.23343726992607117,0.23343726992607117,210960000
30/10/2000,0.22962658560084656,0.23480740341146325,0.2167632314892799,0.21700197458267212,0.21700197458267212,192120000
31/10/2000,0.2255772055543525,0.24058367178109763,0.21866943987251783,0.23683160543441772,0.23683160543441772,299256000
01/11/2000,0.23105540626874793,0.2401072015379654,0.22295670271954485,0.23677223920822144,0.23677223920822144,304536000
02/11/2000,0.24510963971141106,0.2610692002160676,0.24106027507024236,0.2548758089542389,0.2548758089542389,192888000
03/11/2000,0.25154086457402663,0.27631350448699793,0.24963555368232523,0.271549791097641,0.271549791097641,268632000
06/11/2000,0.2779810408115948,0.30489773879348225,0.27631354596595675,0.29251188039779663,0.29251188039779663,635040000
07/11/2000,0.2877470027970226,0.2877470027970226,0.26297435227941296,0.27274054288864136,0.27274054288864136,258240000
08/11/2000,0.2758378474192142,0.2758378474192142,0.26059263563766055,0.26464200019836426,0.26464200019836426,187080000
09/11/2000,0.24868249924610553,0.26106928583192346,0.22533859111381116,0.23701101541519165,0.23701101541519165,564528000
10/11/2000,0.2451097113194026,0.2572577542719101,0.2181929977379479,0.22414764761924744,0.22414764761924744,805248000
13/11/2000,0.21295261512108032,0.24963549806493204,0.20580610615902425,0.22510066628456116,0.22510066628456116,530040000
14/11/2000,0.24010715609232203,0.2682148104996955,0.2382018725932317,0.2663094997406006,0.2663094997406006,470736000
15/11/2000,0.2615458336592865,0.2698823543216747,0.25082654258152076,0.26279622316360474,0.26279622316360474,423864000
16/11/2000,0.2553524618592718,0.2620214881231711,0.24391879394916818,0.24630063772201538,0.24630063772201538,235536000
17/11/2000,0.24820584948038202,0.2608304750958461,0.23343719732037566,0.24153682589530945,0.24153682589530945,178776000
20/11/2000,0.23260394946263344,0.23272285761678324,0.2203360872493678,0.22295668721199036,0.22295668721199036,298752000
21/11/2000,0.2324849918100269,0.23439030239156192,0.20723579657440355,0.21866945922374725,0.21866945922374725,382512000
22/11/2000,0.20961762442092882,0.21628666034085986,0.19818394969396821,0.20723576843738556,0.20723576843738556,409752000
24/11/2000,0.20961768035491796,0.2272447496246305,0.20961768035491796,0.21914513409137726,0.21914513409137726,165072000
27/11/2000,0.2348668391577453,0.23629559024646374,0.20300713738529247,0.2117607593536377,0.2117607593536377,363864000
28/11/2000,0.2149769357585749,0.21723988487510285,0.19127628962952634,0.19598056375980377,0.19598056375980377,382344000
29/11/2000,0.19889840897372074,0.19913623892925617,0.16912329525511485,0.18389193713665009,0.18389193713665009,636408000
30/11/2000,0.16817011902289278,0.16817011902289278,0.1386337448950872,0.15435458719730377,0.15435458719730377,981624000
01/12/2000,0.16388299848571208,0.18579723729346426,0.16292987955919008,0.16959983110427856,0.16959983110427856,784080000
04/12/2000,0.17067182563441355,0.1762688358194456,0.15911832760484793,0.17221948504447937,0.17221948504447937,474264000
05/12/2000,0.18436842849643784,0.19103746476047534,0.16721792233607108,0.18341532349586487,0.18341532349586487,997224000
06/12/2000,0.17984260906137517,0.1848441672796058,0.15625997147067494,0.15721307694911957,0.15721307694911957,950928000
07/12/2000,0.14959086121572618,0.16269201746758205,0.1414921604000372,0.15435458719730377,0.15435458719730377,785184000
08/12/2000,0.17031420247711546,0.1905609596903029,0.15441408071825,0.18960876762866974,0.18960876762866974,853392000
11/12/2000,0.18341537570691574,0.19341937592570796,0.1786516485079897,0.18960876762866974,0.18960876762866974,757632000
12/12/2000,0.18484415237938687,0.1881791148896675,0.17817511330918967,0.18436850607395172,0.18436850607395172,409512000
13/12/2000,0.1836531104451454,0.18675025482059004,0.16674133642944905,0.17007631063461304,0.17007631063461304,675072000
14/12/2000,0.1688845373994475,0.17031420211927165,0.1543546263176024,0.15840397775173187,0.15840397775173187,569016000
15/12/2000,0.14839991952797554,0.1576895548218361,0.14196780002840184,0.14268308877944946,0.14268308877944946,1094424000
18/12/2000,0.14863776085631905,0.1524492954888329,0.14530278561163618,0.14738738536834717,0.14738738536834717,658872000
19/12/2000,0.1495909385886971,0.1629299179844495,0.13339261536903751,0.1362510323524475,0.1362510323524475,946200000
20/12/2000,0.129343241769219,0.14816124932476493,0.1148133292245975,0.12148328125476837,0.12148328125476837,1105392000
21/12/2000,0.11981573726392966,0.1362509542154305,0.10480835816956444,0.10623802244663239,0.10623802244663239,845256000
22/12/2000,0.11481331269080183,0.14577935768242425,0.11481331269080183,0.13363130390644073,0.13363130390644073,949080000
26/12/2000,0.13529891701471417,0.13672766971400765,0.11957714442641389,0.12815240025520325,0.12815240025520325,343824000
27/12/2000,0.12672351508368113,0.14196781230837147,0.12148324318925365,0.13672752678394318,0.13672752678394318,339456000
28/12/2000,0.13124949707658465,0.14101568425535646,0.12910545588060807,0.1374419778585434,0.1374419778585434,419232000
29/12/2000,0.13720411031973456,0.14173000740915137,0.12195889719746811,0.12487676739692688,0.12487676739692688,495168000
02/01/2001,0.12577042989920162,0.1274379108328616,0.11362237625983951,0.1140989288687706,0.1140989288687706,290808000
03/01/2001,0.11052521949796074,0.15030526073521303,0.10766679672262341,0.14911432564258575,0.14911432564258575,910368000
04/01/2001,0.14649374956683817,0.17007639720672243,0.1424443978614693,0.1662648618221283,0.1662648618221283,815448000
05/01/2001,0.1648351602450264,0.16555044909845185,0.13815719902352697,0.14137235283851624,0.14137235283851624,432768000
08/01/2001,0.13744190531121508,0.16102454685800138,0.13744190531121508,0.1548311561346054,0.1548311561346054,573768000
09/01/2001,0.15697518718936468,0.16102453761608373,0.14935211882728708,0.15792737901210785,0.15792737901210785,302904000
10/01/2001,0.1498287226774263,0.16959983456427075,0.14625593052050262,0.1688845455646515,0.1688845455646515,392928000
11/01/2001,0.16483517099944422,0.19008529579181793,0.161976755029569,0.18293879926204681,0.18293879926204681,447648000
12/01/2001,0.1860350279464342,0.19723088895791263,0.17722195029261587,0.1791272610425949,0.1791272610425949,669000000
16/01/2001,0.18008036942892416,0.18008036942892416,0.16221547203504588,0.16507390141487122,0.16507390141487122,414984000
17/01/2001,0.1776985358488893,0.18293882268285752,0.17031420846048154,0.17102858424186707,0.17102858424186707,592584000
18/01/2001,0.17102857384306933,0.20866458427816686,0.16721796564385014,0.2038414031267166,0.2038414031267166,948168000
19/01/2001,0.20961766820850572,0.21723981067204085,0.19532557522179247,0.19842182099819183,0.19842182099819183,1018704000
22/01/2001,0.19246714582364796,0.20008928775149057,0.18508282015414645,0.19056092202663422,0.19056092202663422,377712000
23/01/2001,0.18817905603822638,0.21342827913622994,0.18722686414477657,0.20955820381641388,0.20955820381641388,433632000
24/01/2001,0.20937897185913734,0.21152301240448848,0.19651654137758467,0.20866459608078003,0.20866459608078003,451728000
25/01/2001,0.20151904863548684,0.2019946950098067,0.183415427235183,0.18770259618759155,0.18770259618759155,440016000
26/01/2001,0.1772220059474533,0.19592110727191875,0.17591217595301503,0.19365815818309784,0.19365815818309784,259248000
29/01/2001,0.18770254485161814,0.1948490420984343,0.1810335066395459,0.19461031258106232,0.19461031258106232,354168000
30/01/2001,0.1977074387472937,0.2030666190587457,0.1938959042224193,0.19889836013317108,0.19889836013317108,243720000
31/01/2001,0.1991362367500118,0.20675929395821802,0.19246719809447763,0.1967543661594391,0.1967543661594391,358344000
01/02/2001,0.1967543568596533,0.1991362273376446,0.1881790942947253,0.19776692986488342,0.19776692986488342,371856000
02/02/2001,0.19794526728583067,0.2024711641027878,0.177221952666699,0.1786516308784485,0.1786516308784485,320520000
05/02/2001,0.17841291427612305,0.1796038495428561,0.16793235408276502,0.17841291427612305,0.17841291427612305,367584000
06/02/2001,0.17507791326105,0.18293879910395777,0.17466173476571703,0.17936600744724274,0.17936600744724274,250440000
07/02/2001,0.17817509531657538,0.1796038468793464,0.16150112950930276,0.17102858424186707,0.17102858424186707,720384000
08/02/2001,0.17198162075191556,0.18174780032784288,0.16936102198575964,0.17007631063461304,0.17007631063461304,384288000
09/02/2001,0.16864672924830862,0.16983766451061796,0.16269206656676627,0.1688845455646515,0.1688845455646515,259608000
12/02/2001,0.1669792126146401,0.16888452341640486,0.15625992433934976,0.16435953974723816,0.16435953974723816,354336000
13/02/2001,0.1674557886103209,0.17722197266190817,0.1655504776198499,0.16936109960079193,0.16936109960079193,467736000
14/02/2001,0.1672179448255108,0.18675030971926157,0.1600714350750491,0.18174785375595093,0.18174785375595093,690888000
15/02/2001,0.20675932671724112,0.21866955387746956,0.2053296616621917,0.21509584784507751,0.21509584784507751,1108512000
16/02/2001,0.20413861579443934,0.23248496673248753,0.2039007995624259,0.2267681360244751,0.2267681360244751,1081176000
20/02/2001,0.22105140851242822,0.2258151364663544,0.20390089475182027,0.20413871109485626,0.20413871109485626,701304000
21/02/2001,0.19651652312117932,0.2220035517738415,0.19437248277500976,0.2134283035993576,0.2134283035993576,646512000
22/02/2001,0.21223738943462345,0.22867352532546148,0.20580616734091364,0.22248013317584991,0.22248013317584991,815304000
23/02/2001,0.22128921070005905,0.22486200302945822,0.20008934621114513,0.2071160227060318,0.2071160227060318,1034664000
26/02/2001,0.20104244505019056,0.20675929150588307,0.19365813109281957,0.20247119665145874,0.20247119665145874,751824000
27/02/2001,0.1974686818295035,0.20532956659661178,0.18913216456139303,0.1903230994939804,0.1903230994939804,533832000
28/02/2001,0.1888934844249055,0.2000893334027448,0.16674141557238023,0.17031420767307281,0.17031420767307281,784056000
01/03/2001,0.16817019094789917,0.18675036991167293,0.15244934192200488,0.18377213180065155,0.18377213180065155,915288000
02/03/2001,0.17055206929771685,0.18270102583332828,0.16388302969295834,0.16608652472496033,0.16608652472496033,1413504000
05/03/2001,0.15959481220437233,0.17198160288996542,0.15864262066453685,0.16769351065158844,0.16769351065158844,742296000
06/03/2001,0.17626887984502107,0.18984660004824183,0.17329155520422762,0.18389193713665009,0.18389193713665009,834408000
07/03/2001,0.18794127913695874,0.19913622856030008,0.18460630334118722,0.19866058230400085,0.19866058230400085,938280000
08/03/2001,0.19294376939250998,0.20747368246868728,0.19294376939250998,0.20532964169979095,0.20532964169979095,829344000
09/03/2001,0.19461032034094633,0.19556342565792667,0.17293481058960297,0.19079969823360443,0.19079969823360443,1216776000
12/03/2001,0.1843684966280445,0.19294375969213387,0.1757932335639551,0.18389193713665009,0.18389193713665009,762144000
13/03/2001,0.18627377054778751,0.2086645656683896,0.18532065175537046,0.20580613613128662,0.20580613613128662,1082352000
14/03/2001,0.19651649136543253,0.2181929084545799,0.19651649136543253,0.21747761964797974,0.21747761964797974,1351128000
15/03/2001,0.2308176074437797,0.24290619597288843,0.22248016009728594,0.22819699347019196,0.22819699347019196,1875984000
16/03/2001,0.22462414991665253,0.23343721431798797,0.21795419900578789,0.22724474966526031,0.22724474966526031,1225200000
19/03/2001,0.22605288020758305,0.2420124534464433,0.21372646565595255,0.24034498631954193,0.24034498631954193,943896000
20/03/2001,0.23748656775588758,0.2524939634028228,0.21533450217210987,0.21795418858528137,0.21795418858528137,1990560000
21/03/2001,0.21843080833330292,0.24058377961813182,0.21723987293641334,0.23415257036685944,0.23415257036685944,1877352000
22/03/2001,0.2362956357063175,0.25868735790390823,0.23439032494147888,0.2577342391014099,0.2577342391014099,1697760000
23/03/2001,0.2624979001078481,0.26726253907512415,0.24248897888521745,0.25535231828689575,0.25535231828689575,1509672000
26/03/2001,0.2553524511299482,0.27059674131590244,0.2553524511299482,0.2691679894924164,0.2691679894924164,1542960000
27/03/2001,0.2639276052012231,0.27321724143888393,0.2482058351805027,0.25940170884132385,0.25940170884132385,1702152000
28/03/2001,0.25225523297926755,0.2663095105431244,0.25154085727064857,0.2595801055431366,0.2595801055431366,1433280000
29/03/2001,0.2573171033114055,0.2725028595628894,0.252017377395183,0.2634510397911072,0.2634510397911072,1632960000
30/03/2001,0.2615456595543977,0.2665472142422515,0.24582392134455003,0.2474319338798523,0.2474319338798523,1423176000
02/04/2001,0.2467771878607678,0.25273186521523566,0.2339138417185005,0.23701101541519165,0.23701101541519165,1265160000
03/04/2001,0.2334371672974108,0.25130298973068504,0.2331993510564354,0.2448708564043045,0.2448708564043045,1991616000
04/04/2001,0.2355812784477353,0.23605783788625292,0.20509177866516864,0.2196217030286789,0.2196217030286789,3362472000
05/04/2001,0.23415249481641756,0.24367994765744339,0.2277203744301038,0.23986932635307312,0.23986932635307312,1724760000
06/04/2001,0.23677219420573875,0.251540846867412,0.23272282957078125,0.23891624808311462,0.23891624808311462,1547664000
09/04/2001,0.24353730703277945,0.2494443870579333,0.2235283662534177,0.2273014783859253,0.2273014783859253,1097160000
10/04/2001,0.2327512439327768,0.2561143527305922,0.23061724866061625,0.24875837564468384,0.24875837564468384,1186416000
11/04/2001,0.26407947512562735,0.2736462649529674,0.2564957416453597,0.2637748718261719,0.2637748718261719,1426872000
12/04/2001,0.25889682471873265,0.27917191666900176,0.25394190995599025,0.2677382528781891,0.2677382528781891,1440264000
16/04/2001,0.2629744938344647,0.2685010777638729,0.2564188993190368,0.2612210214138031,0.2612210214138031,764112000
17/04/2001,0.2573719504674272,0.27612317662109115,0.25725762203356295,0.27402669191360474,0.27402669191360474,1112448000
18/04/2001,0.2855747931159726,0.32166769607615736,0.2855747931159726,0.29445555806159973,0.29445555806159973,2301864000
19/04/2001,0.2961322116867319,0.32483075868926736,0.29479859752329274,0.3197615146636963,0.3197615146636963,1632264000
20/04/2001,0.31591246828051284,0.34297186966318843,0.30756589005842333,0.3314238488674164,0.3314238488674164,1773840000
23/04/2001,0.32422053605969287,0.3245260388716268,0.31061447069893017,0.3139302134513855,0.3139302134513855,1239000000
24/04/2001,0.3130539877630629,0.33649303824234506,0.28679497171496654,0.2917114496231079,0.2917114496231079,1828320000
25/04/2001,0.29247344782706364,0.31553105332448916,0.2913684906469437,0.3051263988018036,0.3051263988018036,1423728000
26/04/2001,0.3117580707706923,0.3117580707706923,0.2782198776714234,0.2810783088207245,0.2810783088207245,1486008000
27/04/2001,0.2919402386700836,0.3023448959864631,0.2862609142569931,0.3010872006416321,0.3010872006416321,915672000
30/04/2001,0.3092809416585233,0.3351969778312391,0.3027253456196557,0.3174747824668884,0.3174747824668884,1583280000
01/05/2001,0.3186180697747979,0.3479650979183204,0.31347290788886395,0.3471263349056244,0.3471263349056244,1867368000
02/05/2001,0.356158912864219,0.356158912864219,0.33462520255831874,0.3391611576080322,0.3391611576080322,1547784000
03/05/2001,0.3289084777012204,0.3391988049588368,0.32685042860570407,0.33767491579055786,0.33767491579055786,960504000
04/05/2001,0.3277650397092649,0.34769804653132486,0.32624117813260795,0.34232422709465027,0.34232422709465027,953520000
07/05/2001,0.3410281319828215,0.36016078555008657,0.3370263357842627,0.35768377780914307,0.35768377780914307,975600000
08/05/2001,0.36298071892306005,0.3631334839737344,0.3287565225516649,0.33180519938468933,0.33180519938468933,1620144000
09/05/2001,0.3212478173159714,0.32822234349198237,0.3140446069784509,0.3162554204463959,0.3162554204463959,1319040000
10/05/2001,0.3254023396564234,0.3292513701072739,0.3018489894837809,0.3056221008300781,0.3056221008300781,998904000
11/05/2001,0.3048601683231936,0.30680388829499733,0.29171144232569496,0.29780879616737366,0.29780879616737366,921216000
14/05/2001,0.29868593344660804,0.303907013888485,0.28793829700859513,0.30036258697509766,0.30036258697509766,702432000
15/05/2001,0.3029923133042739,0.3239543520461802,0.2995621877788689,0.31114861369132996,0.31114861369132996,1242600000
16/05/2001,0.3040214582068641,0.3277650903707354,0.302077737722527,0.3258213698863983,0.3258213698863983,957096000
17/05/2001,0.3268887350292119,0.34110490838044727,0.3218579287331846,0.33157655596733093,0.33157655596733093,919056000
18/05/2001,0.33047169859712294,0.339198800371706,0.3224296954247233,0.3289084732532501,0.3289084732532501,575832000
21/05/2001,0.32818496086502613,0.35063246214784644,0.32159092779804094,0.3437722623348236,0.3437722623348236,1064688000
22/05/2001,0.3488030065977095,0.3574925968980556,0.33538811235485183,0.3540624976158142,0.3540624976158142,1049976000
23/05/2001,0.36797409379932966,0.3811228212507277,0.3468217741531637,0.35105225443840027,0.35105225443840027,2244912000
24/05/2001,0.34872694757967937,0.36526735842322106,0.33824640635635056,0.35623475909233093,0.35623475909233093,1680576000
25/05/2001,0.3490699823835744,0.3542535525366749,0.3430101396364501,0.34948891401290894,0.34948891401290894,947952000
29/05/2001,0.34750776357362917,0.3475836826816761,0.330433188163832,0.33515939116477966,0.33515939116477966,920568000
30/05/2001,0.32727025561848894,0.3438865954625497,0.3254783733004352,0.3289084732532501,0.3289084732532501,3308904000
31/05/2001,0.33153817791357976,0.33348189825167446,0.31922823987906357,0.3262786865234375,0.3262786865234375,1262928000
01/06/2001,0.32852811428009643,0.3471265917746598,0.32662187542429055,0.3443440794944763,0.3443440794944763,1022472000
04/06/2001,0.344572514397714,0.34640190592575243,0.3344733648596487,0.3390084207057953,0.3390084207057953,621552000
05/06/2001,0.33862704164055113,0.36035103130528584,0.3380553720493772,0.35680657625198364,0.35680657625198364,987168000
06/06/2001,0.3581411372226089,0.36301920657575143,0.35291915561124737,0.3583314120769501,0.3583314120769501,698976000
07/06/2001,0.35516841825892476,0.3795980475312495,0.35253867247796117,0.3785690367221832,0.3785690367221832,1141152000
08/06/2001,0.3774256465869969,0.3779973161940805,0.36481017876119154,0.36873602867126465,0.36873602867126465,712680000
11/06/2001,0.36926933892428754,0.3696891703181539,0.3522331419721688,0.35795000195503235,0.35795000195503235,581928000
12/06/2001,0.3504421082560443,0.3752147446525583,0.3496801639235639,0.3698793351650238,0.3698793351650238,1102728000
13/06/2001,0.3725851276198925,0.378226069156796,0.35425375093069505,0.35745519399642944,0.35745519399642944,938712000
14/06/2001,0.3528431938864664,0.3627905058262883,0.34777395071079786,0.35669222474098206,0.35669222474098206,946152000
15/06/2001,0.3525385830553681,0.36854571063400987,0.3459829615218078,0.362257182598114,0.362257182598114,1094544000
18/06/2001,0.36134243323879917,0.36721110163455717,0.34396325848430537,0.34792661666870117,0.34792661666870117,856656000
19/06/2001,0.3544824255268384,0.3627521588330372,0.32185802572925976,0.3289084732532501,0.3289084732532501,1513128000
20/06/2001,0.3228485896252308,0.34682180398363305,0.31614115560477396,0.34304869174957275,0.34304869174957275,1759200000
21/06/2001,0.3416766192031386,0.3555872630121943,0.33252966111632687,0.34952741861343384,0.34952741861343384,1484568000
22/06/2001,0.34777397664577653,0.3570736733523562,0.3433916852565465,0.34796515107154846,0.34796515107154846,761184000
25/06/2001,0.3518525365535135,0.3533004787216349,0.33714058707099537,0.34727907180786133,0.34727907180786133,640032000
26/06/2001,0.33958017352113984,0.3590174310465272,0.33824655944399185,0.35730236768722534,0.35730236768722534,757920000
27/06/2001,0.35558726548332126,0.3563492098641382,0.3401902425819085,0.34625008702278137,0.34625008702278137,895752000
28/06/2001,0.35089948661862974,0.35539703314453136,0.34682177143729104,0.3503277897834778,0.3503277897834778,909336000
29/06/2001,0.3515854889660555,0.3590173837778592,0.34762210250646647,0.35349079966545105,0.35349079966545105,730920000
02/07/2001,0.339504312499456,0.3423627155741018,0.332720031541615,0.33782675862312317,0.33782675862312317,1040016000
03/07/2001,0.3355024861423193,0.34567845689896665,0.33378744989951886,0.342134028673172,0.342134028673172,406296000
05/07/2001,0.33805540298902964,0.3401518612219508,0.3169030809795569,0.3173229396343231,0.3173229396343231,1020096000
06/07/2001,0.3125582047938584,0.3149977022415767,0.30146752809691696,0.3075658082962036,0.3075658082962036,802824000
09/07/2001,0.30356409139930085,0.3109200681439833,0.29460740700968235,0.2975042462348938,0.2975042462348938,1014072000
10/07/2001,0.3014676966852179,0.30546949426140146,0.29632255952728564,0.29994383454322815,0.29994383454322815,1221744000
11/07/2001,0.29880040731288227,0.3041742276571063,0.2901108156196652,0.2993720769882202,0.2993720769882202,904632000
12/07/2001,0.3134729638744547,0.3172845126055379,0.3058508205125413,0.315073698759079,0.315073698759079,981552000
13/07/2001,0.3127494075953797,0.31617950651414867,0.3020392522727099,0.3085564374923706,0.3085564374923706,690144000
16/07/2001,0.30508877992842404,0.3087091530881514,0.2822214574670784,0.28374531865119934,0.28374531865119934,1191696000
17/07/2001,0.27898171535855465,0.30238233429348776,0.2763135329115183,0.299600750207901,0.299600750207901,1169904000
18/07/2001,0.2924733868499819,0.3005528700124783,0.283097772338747,0.289233535528183,0.289233535528183,840984000
19/07/2001,0.29342658103268293,0.30611797041562144,0.28892903339168774,0.29388394951820374,0.29388394951820374,840024000
20/07/2001,0.2865662575802683,0.2930834422049024,0.2763134442641944,0.2854228913784027,0.2854228913784027,742464000
23/07/2001,0.28584198734756905,0.286223409494077,0.25805814268810323,0.25840115547180176,0.25840115547180176,1547976000
24/07/2001,0.26186964004815877,0.2761233286721847,0.2563430812014812,0.2758946716785431,0.2758946716785431,1365312000
25/07/2001,0.27539887460332607,0.2759330617915559,0.2640420266311475,0.27322646975517273,0.27322646975517273,1245888000
26/07/2001,0.2706352006516308,0.30299251217969525,0.26926314954089464,0.3010872006416321,0.3010872006416321,1714152000
27/07/2001,0.30051533617708964,0.3120249445583497,0.29155865410490694,0.30870917439460754,0.30870917439460754,1094688000
30/07/2001,0.3090905827991731,0.3103482773883266,0.2980374163502656,0.30135318636894226,0.30135318636894226,582288000
31/07/2001,0.30177304046695397,0.3096622749781262,0.2907966928566282,0.30832773447036743,0.30832773447036743,1187760000
01/08/2001,0.31438771062480436,0.3287566256969797,0.31221530587143065,0.3271559178829193,0.3271559178829193,1204944000
02/08/2001,0.33130947429776897,0.3361115966001338,0.32010446773890966,0.33493074774742126,0.33493074774742126,1097928000
03/08/2001,0.3315766751886758,0.33744624662786366,0.32532655397059784,0.3323011100292206,0.3323011100292206,820344000
06/08/2001,0.32993739227267044,0.3457542720557773,0.3263929651127011,0.34236258268356323,0.34236258268356323,1292568000
07/08/2001,0.342285692665431,0.343963245540998,0.33329150242318717,0.3372932970523834,0.3372932970523834,1088616000
08/08/2001,0.33435900791698714,0.34301018714904785,0.3272317172317116,0.3287180960178375,0.3287180960178375,1125696000
09/08/2001,0.3271934232474103,0.3336346910315819,0.3170942710093089,0.3229629695415497,0.3229629695415497,1643616000
10/08/2001,0.32281114028194274,0.32700318510441695,0.3129013622209179,0.322582483291626,0.322582483291626,1036488000
13/08/2001,0.32810806962543426,0.3397704186025265,0.3232300003950944,0.3361116349697113,0.3361116349697113,1514784000
14/08/2001,0.3300142392697513,0.33214820670491435,0.3230396861133583,0.32719331979751587,0.32719331979751587,2321160000
15/08/2001,0.3345877834859344,0.33851273394740156,0.3246779800639323,0.32757481932640076,0.32757481932640076,1816392000
16/08/2001,0.3215533388070731,0.3418668669154221,0.3202572346500211,0.341371089220047,0.341371089220047,1026096000
17/08/2001,0.33271994775538516,0.33706472914833924,0.31656002591169463,0.3192666172981262,0.3192666172981262,1668840000
20/08/2001,0.317246098825242,0.3204859509178208,0.3073372217836608,0.3170558512210846,0.3170558512210846,1183320000
21/08/2001,0.31785621863430025,0.3262412342592591,0.3098910616888202,0.31038591265678406,0.31038591265678406,1186656000
22/08/2001,0.31587403223034327,0.3234970746816013,0.3058508008169537,0.3231540620326996,0.3231540620326996,1498104000
23/08/2001,0.32204820655463856,0.32620274044418635,0.3144260636560102,0.31598836183547974,0.31598836183547974,1013592000
24/08/2001,0.3193809554672949,0.33153815483155946,0.3175131543810368,0.325020968914032,0.325020968914032,1110936000
27/08/2001,0.3177420227054326,0.3405709551604539,0.3165227364536421,0.33626458048820496,0.33626458048820496,1279608000
28/08/2001,0.3353496712643814,0.34281997531379205,0.32928982704667564,0.3318811357021332,0.3318811357021332,1178760000
29/08/2001,0.3327960389982259,0.33489249803482485,0.31842801889839867,0.32121050357818604,0.32121050357818604,1435800000
30/08/2001,0.31518804243373677,0.32242966370403753,0.30775614630378345,0.32018133997917175,0.32018133997917175,1431312000
31/08/2001,0.3180464086120747,0.325783806768918,0.31385436497942865,0.3228485584259033,0.3228485584259033,887904000
04/09/2001,0.3219722857083785,0.3219722857083785,0.29815183872545403,0.30040106177330017,0.30040106177330017,1856136000
05/09/2001,0.30013390290364217,0.3090905846372309,0.2879382970702312,0.3068038523197174,0.3068038523197174,2395584000
06/09/2001,0.300743988188763,0.3102339293772528,0.29289226381673233,0.2942642867565155,0.2942642867565155,1950768000
07/09/2001,0.289653358931005,0.3018489931297628,0.28812857072113623,0.2973514199256897,0.2973514199256897,1970256000
10/09/2001,0.2948361127521713,0.2993720693043643,0.282754830891449,0.28873875737190247,0.28873875737190247,1872360000
17/09/2001,0.2707494654429478,0.27738100790423964,0.257790983864231,0.25908711552619934,0.25908711552619934,1138596000
18/09/2001,0.264117852540311,0.26602316312184926,0.23759174428978727,0.24346134066581726,0.24346134066581726,894372000
19/09/2001,0.24483346084128108,0.24765345464817037,0.2062635549230159,0.2404886782169342,0.2404886782169342,1561908000
20/09/2001,0.2276060794677255,0.23591514819325812,0.21342832614365653,0.22013668715953827,0.22013668715953827,1470696000
21/09/2001,0.20313799350755524,0.21556319964358917,0.19825992447732899,0.20557747781276703,0.20557747781276703,1226304000
24/09/2001,0.22188916554104487,0.23202762247859,0.21205619777896256,0.22867344319820404,0.22867344319820404,1507500000
25/09/2001,0.22935951804924992,0.2392683934259016,0.21906920705805663,0.21975523233413696,0.21975523233413696,941724000
26/09/2001,0.22257524405628945,0.22333810171968574,0.2096176904513479,0.2118275910615921,0.2118275910615921,430812000
27/09/2001,0.2110656596842578,0.213428325519601,0.19444842186206707,0.20008933544158936,0.20008933544158936,907296000
28/09/2001,0.20580615160980434,0.21960248174364186,0.19704064202882954,0.20938901603221893,0.20938901603221893,1044876000
01/10/2001,0.20923629390027784,0.21266639372733032,0.1882742456148344,0.19162842631340027,0.19162842631340027,972804000
02/10/2001,0.19132388101815795,0.1989460269881694,0.17272448076010133,0.18202418088912964,0.18202418088912964,1123032000
03/10/2001,0.1811094702187815,0.22935960026965954,0.1811094702187815,0.217849999666214,0.217849999666214,1798824000
04/10/2001,0.22943539292534454,0.25763905167974066,0.22150864853241503,0.24612854421138763,0.24612854421138763,1980576000
05/10/2001,0.24239384168019998,0.25680028787032455,0.23317099338979397,0.25077885389328003,0.25077885389328003,1078212000
08/10/2001,0.24086915436460468,0.2659473282948314,0.24086915436460468,0.25641897320747375,0.25641897320747375,765900000
09/10/2001,0.2571050218104485,0.2622126764904258,0.23797328833343867,0.2452908307313919,0.2452908307313919,917556000
10/10/2001,0.24094589913864176,0.26297445916402573,0.23934519198475618,0.2610691487789154,0.2610691487789154,968124000
11/10/2001,0.27501828383389276,0.2901107582757541,0.27356941457451556,0.28934788703918457,0.28934788703918457,918000000
12/10/2001,0.28203030912871135,0.30870918158279265,0.2810396806866011,0.3081759214401245,0.3081759214401245,1253100000
15/10/2001,0.2991807842813507,0.3163313039227015,0.2907966988371234,0.3068038523197174,0.3068038523197174,908568000
16/10/2001,0.3064225664554708,0.3401134873879526,0.30009562680392227,0.33767491579055786,0.33767491579055786,1383852000
17/10/2001,0.3451441541752866,0.3452969192178251,0.31633131505650147,0.317856103181839,0.317856103181839,1695540000
18/10/2001,0.3178561556164774,0.3343965725198944,0.31709421121812315,0.3312719762325287,0.3312719762325287,1020864000
19/10/2001,0.32654583028189316,0.34301033234047884,0.32242970476724675,0.33813226222991943,0.33813226222991943,1059264000
22/10/2001,0.33561683900927813,0.35063244269840893,0.32814650604756157,0.34613579511642456,0.34613579511642456,970824000
23/10/2001,0.3505565383119256,0.35680663173799154,0.332338564258647,0.3400375545024872,0.3400375545024872,953028000
24/10/2001,0.3338632632430853,0.35589182466602676,0.3300517153910754,0.35505396127700806,0.35505396127700806,1212144000
25/10/2001,0.3468218413389989,0.3821894157510909,0.3414855306286227,0.3758634030818939,0.3758634030818939,1152396000
26/10/2001,0.3732710019258808,0.384476007228492,0.3468217134227314,0.34903162717819214,0.34903162717819214,1097124000
29/10/2001,0.3502518629862841,0.3563492173206908,0.32029565278948,0.32067614793777466,0.32067614793777466,1004796000
30/10/2001,0.31480754353592255,0.33493082883082675,0.3075659217236292,0.3201429545879364,0.3201429545879364,1153380000
31/10/2001,0.3321099924004586,0.3411050894084271,0.32204834720858233,0.3266986608505249,0.3266986608505249,989292000
01/11/2001,0.33089058400762594,0.3572639596688608,0.3258597496415897,0.35459670424461365,0.35459670424461365,1093776000
02/11/2001,0.3529961058318364,0.36389558700385133,0.3399617019995457,0.359550803899765,0.359550803899765,1087248000
05/11/2001,0.3658016725976915,0.37578646702772467,0.35856002515548124,0.36084675788879395,0.36084675788879395,933456000
06/11/2001,0.36016073998190584,0.3872969552529596,0.35825542933610827,0.3856194019317627,0.3856194019317627,1415376000
07/11/2001,0.38264667438722716,0.40078872572321855,0.38043678755356075,0.38592493534088135,0.38592493534088135,1419144000
08/11/2001,0.39072712237817736,0.3959097677827756,0.36778294635423,0.37921661138534546,0.37921661138534546,1915188000
09/11/2001,0.395986578035372,0.4058195345274204,0.3886690385273378,0.40551403164863586,0.40551403164863586,2270484000
12/11/2001,0.40399017587378316,0.4267807143029306,0.39164180138786875,0.4164144694805145,0.4164144694805145,1458636000
13/11/2001,0.4177106323981793,0.41778655152469274,0.4070388838712566,0.4129844009876251,0.4129844009876251,1446516000
14/11/2001,0.4160329423093163,0.4199972278944018,0.39026967931635936,0.4014746844768524,0.4014746844768524,1150224000
15/11/2001,0.3969013077844584,0.4090969449116865,0.39187050047394345,0.4036087691783905,0.4036087691783905,874944000
16/11/2001,0.40399011500127063,0.4082580774284537,0.3946904193725628,0.4001026749610901,0.4001026749610901,496128000
19/11/2001,0.40406608832893026,0.40780079107137335,0.36968914770989914,0.3913362920284271,0.3913362920284271,1943052000
20/11/2001,0.39324238511206616,0.4001025814358523,0.3760150483710717,0.38035982847213745,0.38035982847213745,937884000
21/11/2001,0.37395714472369945,0.38546765647694836,0.36435287091507845,0.3754819333553314,0.3754819333553314,728412000
23/11/2001,0.3769299842076931,0.3811229562098504,0.3704512053978011,0.38074150681495667,0.38074150681495667,254016000
26/11/2001,0.38714428041752685,0.408486850456519,0.3860768329734685,0.4079535901546478,0.4079535901546478,1215780000
27/11/2001,0.40772482653249126,0.42152116907097564,0.4001786031884353,0.4122982919216156,0.4122982919216156,1183992000
28/11/2001,0.40703878633264395,0.41382306505622074,0.39057428972808683,0.3914889991283417,0.3914889991283417,740844000
29/11/2001,0.4199204770252366,0.42205537171441065,0.40703884261227974,0.4086395502090454,0.4086395502090454,5135472000
30/11/2001,0.4084868692425454,0.4194631942708703,0.4024654327719823,0.41649043560028076,0.41649043560028076,1034028000
03/12/2001,0.4077249471600059,0.41283167425800066,0.4028468770431143,0.4101644456386566,0.4101644456386566,851496000
04/12/2001,0.41222228576124026,0.4436264852242098,0.41222228576124026,0.44316911697387695,0.44316911697387695,1384644000
05/12/2001,0.44667525361792415,0.47983290679796164,0.44629475846103894,0.4789182245731354,0.4789182245731354,1707036000
06/12/2001,0.4751834367013994,0.4764027219388599,0.4594049676118919,0.4713718891143799,0.4713718891143799,1138944000
07/12/2001,0.46786599976966836,0.4721348622701974,0.4488101648141144,0.4569655954837799,0.4569655954837799,807036000
10/12/2001,0.45467889053782357,0.4719821262184664,0.4508682685125069,0.461539089679718,0.461539089679718,695868000
11/12/2001,0.4696195438981733,0.48897993059290507,0.4649692586787539,0.4780804514884949,0.4780804514884949,792252000
12/12/2001,0.4817392604895243,0.49317292735366636,0.4724395618905487,0.49294427037239075,0.49294427037239075,1004628000
13/12/2001,0.483262998563738,0.4894371712876523,0.4768601144100441,0.4787663519382477,0.4787663519382477,881400000
14/12/2001,0.4786896154562117,0.5027003397460433,0.47647970110894705,0.5003376603126526,0.5003376603126526,754680000
17/12/2001,0.49652618947292315,0.5255677528457733,0.49652618947292315,0.5183270573616028,0.5183270573616028,1080960000
18/12/2001,0.5069693103731888,0.5141341143808581,0.5007191888762995,0.5049871802330017,0.5049871802330017,886968000
19/12/2001,0.49667884984536403,0.506816410201704,0.4892853908101635,0.49119070172309875,0.49119070172309875,854652000
20/12/2001,0.4931729492558524,0.502091226161958,0.4700769575205821,0.47182950377464294,0.47182950377464294,951228000
21/12/2001,0.4821195279151649,0.4954594265999138,0.47655548948002313,0.4922580122947693,0.4922580122947693,723972000
24/12/2001,0.49202923787773994,0.5070448051256814,0.49180052653915474,0.5045294165611267,0.5045294165611267,265308000
26/12/2001,0.5070453494350768,0.5254920427240671,0.5069694575339863,0.5168783664703369,0.5168783664703369,642156000
27/12/2001,0.5213754568194259,0.5312084111942309,0.5206135398368753,0.5288457870483398,0.5288457870483398,730152000
28/12/2001,0.531970501856547,0.5354773925217649,0.5110093568013679,0.5161160826683044,0.5161160826683044,757680000
31/12/2001,0.5199277184689218,0.5229004770859589,0.5087986012819438,0.5099419951438904,0.5099419951438904,737580000
02/01/2002,0.5121527303254922,0.5217570306214806,0.49927019607024237,0.5129905939102173,0.5129905939102173,1298904000
03/01/2002,0.5140577882008673,0.5488161886115921,0.513753239549116,0.5466053485870361,0.5466053485870361,1414752000
04/01/2002,0.5538471622707573,0.5538471622707573,0.5213755367182696,0.5306752324104309,0.5306752324104309,936288000
07/01/2002,0.5328090903984991,0.5335710618610641,0.5092557434138776,0.5164205431938171,0.5164205431938171,973068000
08/01/2002,0.5153541903183742,0.534943285720437,0.5136007176413676,0.5225189924240112,0.5225189924240112,774360000
09/01/2002,0.5297607010007382,0.5392881294737227,0.5080367073073293,0.5153542757034302,0.5153542757034302,1141188000
10/01/2002,0.5126099815220955,0.5196220170795359,0.4985081648841383,0.5030056834220886,0.5030056834220886,992508000
11/01/2002,0.5063589751963976,0.5065116857177717,0.4787662939081089,0.4807475507259369,0.4807475507259369,1380852000
14/01/2002,0.4796812056663889,0.4830345144223978,0.4555177390575409,0.4555177390575409,0.4555177390575409,1369560000
15/01/2002,0.4744976857754974,0.498355650730536,0.47396442536593336,0.4980510473251343,0.4980510473251343,1838808000
16/01/2002,0.491266404896506,0.4944678185062737,0.4767840427913115,0.47861340641975403,0.47861340641975403,1115388000
17/01/2002,0.49446831168685396,0.4954598131510327,0.4765558612825316,0.49538299441337585,0.49538299441337585,1121544000
18/01/2002,0.4767082985686391,0.4897427243976812,0.47640282295452424,0.486312597990036,0.486312597990036,803676000
22/01/2002,0.49088615274578085,0.49218138485065743,0.46862797311701454,0.47411617636680603,0.47411617636680603,1085028000
23/01/2002,0.4783851374418374,0.4864646243578678,0.46893359943210605,0.48303455114364624,0.48303455114364624,889164000
24/01/2002,0.4878365476580492,0.5053684948316698,0.47754622167097377,0.5003376603126526,0.5003376603126526,1137684000
25/01/2002,0.4931729769715202,0.5114669003147129,0.4870747480969843,0.49904167652130127,0.49904167652130127,817752000
28/01/2002,0.5087988062091119,0.5183272194431073,0.5037680238463719,0.5182503461837769,0.5182503461837769,924288000
29/01/2002,0.5194705017417605,0.5209943912692033,0.48478801697318236,0.4928675591945648,0.4928675591945648,1381932000
30/01/2002,0.49545933924433694,0.4991940675152012,0.48364425795755306,0.49881264567375183,0.49881264567375183,1218456000
31/01/2002,0.5052923822847132,0.5091798217401186,0.4844062615266706,0.5010994672775269,0.5010994672775269,973980000
01/02/2002,0.5002619051163526,0.5055972899049002,0.48593136939441084,0.488828182220459,0.488828182220459,688272000
04/02/2002,0.4877605923216537,0.49965162577377403,0.4650460273201407,0.4658079445362091,0.4658079445362091,1104864000
05/02/2002,0.46268241744655286,0.4667225681643966,0.44309329657389646,0.4612344205379486,0.4612344205379486,1474620000
06/02/2002,0.4734301624716254,0.48090044121444425,0.46420728313716114,0.4727441370487213,0.4727441370487213,1242528000
07/02/2002,0.47335406344666625,0.47335406344666625,0.4552129685041959,0.4574228823184967,0.4574228823184967,964476000
08/02/2002,0.4604725454173987,0.46306388166286505,0.4225127406221317,0.4399678409099579,0.4399678409099579,1871292000
11/02/2002,0.439281703800866,0.4649690742629136,0.4376809966094625,0.4642830491065979,0.4642830491065979,1249224000
12/02/2002,0.4572711531808959,0.4828826138732008,0.4520116614131921,0.47411617636680603,0.47411617636680603,1216500000
13/02/2002,0.48021438265229693,0.4882939220710386,0.46344533386314973,0.4680188000202179,0.4680188000202179,1230432000
14/02/2002,0.4719820585352085,0.48364443356803055,0.4660365970808386,0.47381147742271423,0.47381147742271423,1225692000
15/02/2002,0.45201158662968705,0.45467884184571505,0.43257433054920386,0.4371477961540222,0.4371477961540222,3988548000
19/02/2002,0.4184724679592853,0.4228172489252984,0.40482796442703617,0.40818214416503906,0.40818214416503906,1972524000
20/02/2002,0.40094061814765464,0.4340982753163931,0.40017867364203336,0.42952480912208557,0.42952480912208557,1838736000
21/02/2002,0.42365613520954476,0.4238079734574447,0.3996454105949527,0.4001786708831787,0.4001786708831787,1531044000
22/02/2002,0.3921750320298699,0.39674849734053835,0.37540593182412074,0.38051268458366394,0.38051268458366394,2585616000
25/02/2002,0.38226611436663444,0.4132888672292873,0.3821892684252903,0.4103161096572876,0.4103161096572876,1599564000
26/02/2002,0.4193112409758211,0.4264760421032847,0.40818215390158774,0.41923439502716064,0.41923439502716064,1902672000
27/02/2002,0.42876287871518903,0.43059227070506845,0.4039902086148611,0.40513357520103455,0.40513357520103455,1723224000
28/02/2002,0.4024655188839588,0.40970716949623015,0.385390907762025,0.3888210356235504,0.3888210356235504,1585440000
01/03/2002,0.39255650428506883,0.42685752576899855,0.39141313781093806,0.42640018463134766,0.42640018463134766,1311396000
04/03/2002,0.4276953380670956,0.4550602383058656,0.4235792138017157,0.450182169675827,0.450182169675827,1484724000
05/03/2002,0.4432451553563408,0.46108167685959184,0.44286466019862164,0.4490388333797455,0.4490388333797455,1379448000
06/03/2002,0.43562308529413013,0.44004381387622943,0.42556144281668834,0.434937059879303,0.434937059879303,1446060000
07/03/2002,0.4411112453308057,0.44255918797605864,0.41938725337038546,0.43143102526664734,0.43143102526664734,1346532000
08/03/2002,0.4396631290444048,0.4534594695946672,0.43752823487972187,0.44431251287460327,0.44431251287460327,1270356000
11/03/2002,0.4394345847052742,0.4443126266652649,0.43181151455624694,0.4391290545463562,0.4391290545463562,810540000
12/03/2002,0.42571425422503706,0.42800098768321804,0.41313722020504157,0.41610997915267944,0.41610997915267944,1255032000
13/03/2002,0.4122225176013194,0.41519527660041566,0.4070389442422324,0.4085637331008911,0.4085637331008911,1031616000
14/03/2002,0.4055140295277432,0.4055140295277432,0.38508617224387415,0.38592493534088135,0.38592493534088135,1139460000
15/03/2002,0.38866900972799295,0.40269400878745526,0.3812746248130765,0.4022366404533386,0.4022366404533386,1248288000
18/03/2002,0.4095542066791658,0.4183965611854085,0.3976631751921983,0.4022366404533386,0.4022366404533386,1236996000
19/03/2002,0.4051335188847281,0.4058954633094884,0.391336275801258,0.39369985461235046,0.39369985461235046,846072000
20/03/2002,0.38722017262295333,0.38798304393009786,0.3533005726726715,0.35459670424461365,0.35459670424461365,2292588000
21/03/2002,0.360618129357334,0.37769270708880165,0.3510897484317896,0.37342384457588196,0.37342384457588196,1721712000
22/03/2002,0.3801313539225543,0.3801313539225543,0.36740245578110103,0.37022244930267334,0.37022244930267334,1249140000
25/03/2002,0.3684689852104444,0.3689263263764465,0.3506324343962843,0.3510897755622864,0.3510897755622864,884160000
26/03/2002,0.34743101950953104,0.3671737537226399,0.34544978933398857,0.3582555055618286,0.3582555055618286,1123512000
27/03/2002,0.3527673620691801,0.35993216534329336,0.3407235892434234,0.3468218445777893,0.3468218445777893,1068012000
28/03/2002,0.34918450698244247,0.35139532121710815,0.31915236982239187,0.33813226222991943,0.33813226222991943,3124080000
01/04/2002,0.31938091951734937,0.33515939081321705,0.3091665419254041,0.33256715536117554,0.33256715536117554,2365344000
02/04/2002,0.3225824575188748,0.34064766679120995,0.3219723512132703,0.3238776624202728,0.3238776624202728,1438008000
03/04/2002,0.32532637063709957,0.33416779643083705,0.31861801238401943,0.32997575402259827,0.32997575402259827,1094640000
04/04/2002,0.32746047842283244,0.3395801684474608,0.3229629316655666,0.3283751606941223,0.3283751606941223,1130964000
05/04/2002,0.33050912027325896,0.3358454296087907,0.3175515408101195,0.32090482115745544,0.32090482115745544,1026900000
08/04/2002,0.3060410363842611,0.3316524624824524,0.3059651172787529,0.3316524624824524,0.3316524624824524,1151316000
09/04/2002,0.33493079457556374,0.3376748687405767,0.30992854240302675,0.31069138646125793,0.31069138646125793,1380768000
10/04/2002,0.31320687381972767,0.31556952648471237,0.2713596175770629,0.29354095458984375,0.29354095458984375,3689724000
11/04/2002,0.2911772866203127,0.29491288875058824,0.2774568896311878,0.2806583046913147,0.2806583046913147,1437288000
12/04/2002,0.2869092164427828,0.28919594841832114,0.2708252466869341,0.2795916795730591,0.2795916795730591,1376880000
15/04/2002,0.28500321057770844,0.29567493395592565,0.28431718504240205,0.2908727824687958,0.2908727824687958,1157208000
16/04/2002,0.30390716797490247,0.30703269206085965,0.2975802279259358,0.30352574586868286,0.30352574586868286,854856000
17/04/2002,0.30710849165916443,0.31160603772435447,0.29750419298848196,0.30710849165916443,0.30710849165916443,944484000
18/04/2002,0.3039830042784779,0.3072612653256996,0.2953702599404442,0.3020017743110657,0.3020017743110657,693156000
19/04/2002,0.29178749177809143,0.29537035731215183,0.28103982201641575,0.2814212441444397,0.2814212441444397,1125672000
22/04/2002,0.2782955889347512,0.28850996521892314,0.278219669836504,0.2827931344509125,0.2827931344509125,808176000
23/04/2002,0.28500307996036667,0.28828134059138527,0.26884408654589637,0.27135950326919556,0.27135950326919556,773508000
24/04/2002,0.2744841353244138,0.27852434081381694,0.2468914754702183,0.2475774735212326,0.2475774735212326,1582956000
25/04/2002,0.24658587886740013,0.2621356908597907,0.24650995977114784,0.25718170404434204,0.25718170404434204,1168296000
26/04/2002,0.2600017724480294,0.2603063757621038,0.2314935028553009,0.2314935028553009,0.2314935028553009,1191120000
29/04/2002,0.25885825034918003,0.27395068942494605,0.2501686650407084,0.27006325125694275,0.27006325125694275,3930852000
30/04/2002,0.27646622607591315,0.2801250090478034,0.2595443889059234,0.26533713936805725,0.26533713936805725,1776504000
01/05/2002,0.2609924623782731,0.2738749993363171,0.2542090807357159,0.2701393961906433,0.2701393961906433,1718904000
02/05/2002,0.27143552106762514,0.2781429561418265,0.25916306351600865,0.25923988223075867,0.25923988223075867,1125084000
03/05/2002,0.2595444077066426,0.26152656438835725,0.24833940108106858,0.24963553249835968,0.24963553249835968,852756000
06/05/2002,0.24315588628625973,0.25458957975628393,0.2381250786058558,0.2401072084903717,0.2401072084903717,1102044000
07/05/2002,0.24544251906757775,0.2505501706270376,0.23408570347559762,0.24612854421138763,0.24612854421138763,1412448000
08/05/2002,0.26289863889214676,0.2786771140088572,0.25458956992806797,0.2744082510471344,0.2744082510471344,1688688000
09/05/2002,0.2735694590908052,0.2792103728185554,0.2622126120896674,0.26266998052597046,0.26266998052597046,1230840000
10/05/2002,0.2680812464478283,0.26907277452993894,0.24010714060696917,0.2430039793252945,0.2430039793252945,1321548000
13/05/2002,0.24551949383877103,0.25855389663078554,0.2434614445874075,0.257715106010437,0.257715106010437,800892000
14/05/2002,0.27417957376824154,0.2862233461135079,0.269453342248128,0.28332650661468506,0.28332650661468506,1526112000
15/05/2002,0.2789815501885664,0.29422672860524685,0.27509408434859917,0.28889042139053345,0.28889042139053345,1504548000
16/05/2002,0.2889673490890212,0.29537023321089073,0.28309777967394173,0.28942471742630005,0.28942471742630005,985560000
17/05/2002,0.2972754554931215,0.29940944990150575,0.28988199888770294,0.2985715866088867,0.2985715866088867,934404000
20/05/2002,0.2960562420066908,0.3037543036918417,0.2946842187247679,0.3017731010913849,0.3017731010913849,953412000
21/05/2002,0.3056604118231862,0.3098524535257794,0.27844828750686795,0.278752863407135,0.278752863407135,1382604000
22/05/2002,0.28096370787938185,0.2917113701819192,0.28050636692735803,0.29003381729125977,0.29003381729125977,1547988000
23/05/2002,0.2908726790317714,0.291482785208585,0.263736461496151,0.27235013246536255,0.27235013246536255,2556780000
24/05/2002,0.2671665503184361,0.26853860084785636,0.260840539232878,0.2670147120952606,0.2670147120952606,737784000
28/05/2002,0.26937742817663796,0.26953019327639754,0.25108356214033645,0.25641897320747375,0.25641897320747375,1367088000
29/05/2002,0.25230283407952386,0.2671665994199803,0.24841536595170485,0.26610007882118225,0.26610007882118225,1311012000
30/05/2002,0.26068784533760697,0.26853867415918653,0.25558111832401037,0.2622126340866089,0.2622126340866089,1066080000
31/05/2002,0.2637364952840582,0.26487986182945156,0.254589562920911,0.25504690408706665,0.25504690408706665,674112000
03/06/2002,0.24887262067971958,0.2500159867219847,0.2369815920321647,0.2400311678647995,0.2400311678647995,901248000
04/06/2002,0.238506448233243,0.2534461574108026,0.23812502624998905,0.2521509528160095,0.2521509528160095,1095432000
05/06/2002,0.2526841643847338,0.2527600834827102,0.23972568757014043,0.24849212169647217,0.24849212169647217,1114308000
06/06/2002,0.2459000362910956,0.25192237351700875,0.24582411714689917,0.24856819212436676,0.24856819212436676,739356000
07/06/2002,0.22836894140750158,0.24925415655373107,0.2282921090716168,0.24620547890663147,0.24620547890663147,1371300000
10/06/2002,0.2494829072167968,0.2564190555988088,0.24353741520062838,0.24414749443531036,0.24414749443531036,749148000
11/06/2002,0.24818669040838817,0.2492541377675582,0.23256095446178168,0.23317106068134308,0.23317106068134308,859308000
12/06/2002,0.22760609406856538,0.2317222193431503,0.20329077811697052,0.2130478173494339,0.2130478173494339,2267544000
13/06/2002,0.21464852700654294,0.21861188696508158,0.20412954380014742,0.2108369916677475,0.2108369916677475,1265892000
14/06/2002,0.2030620470786191,0.21640102045100934,0.19620183578623274,0.21480031311511993,0.21480031311511993,1116444000
17/06/2002,0.21960244098306553,0.22242336044273628,0.21297091408472205,0.2167065292596817,0.2167065292596817,1054140000
18/06/2002,0.21403834655904666,0.22181325279153324,0.21152294373677147,0.21556314826011658,0.21556314826011658,1008300000
19/06/2002,0.20504424382262004,0.20504424382262004,0.1801947415798727,0.18179546296596527,0.18179546296596527,2593620000
20/06/2002,0.1821769217946758,0.1871309115757635,0.17775529284599897,0.1801188588142395,0.1801188588142395,1425048000
21/06/2002,0.17920410057647765,0.18614023179404957,0.1690656410990467,0.1727244108915329,0.1727244108915329,1484364000
24/06/2002,0.16830373600309573,0.18133812432326568,0.16312016296020385,0.17592588067054749,0.17592588067054749,1379592000
25/06/2002,0.17912733433398423,0.17912733433398423,0.16030017730767257,0.16136762499809265,0.16136762499809265,1172232000
26/06/2002,0.14307368839923287,0.15839482003789376,0.13910940211816553,0.15298257768154144,0.15298257768154144,2067828000
27/06/2002,0.158623497777042,0.15984278335249463,0.12805716586032484,0.1301911473274231,0.1301911473274231,3182808000
28/06/2002,0.12805714384841022,0.13636531093351195,0.12523713753981158,0.13095398247241974,0.13095398247241974,1991184000
01/07/2002,0.1303439189370226,0.13415545454021646,0.12790443419853806,0.13064850866794586,0.13064850866794586,1164372000
02/07/2002,0.12912461864685165,0.12958195979696838,0.11906299067424855,0.12241625785827637,0.12241625785827637,1368180000
03/07/2002,0.12165431183489951,0.13324074182402046,0.12157839271426515,0.1330120712518692,0.1330120712518692,1073304000
05/07/2002,0.14253948385644544,0.14482621616793917,0.13842336024375687,0.14475029706954956,0.14475029706954956,739524000
08/07/2002,0.14307371154752524,0.15427872048809216,0.14292096008271515,0.14909514784812927,0.14909514784812927,1587180000
09/07/2002,0.1494765661355711,0.1513818772111853,0.13857616081918214,0.14177758991718292,0.14177758991718292,1075080000
10/07/2002,0.14520773125516137,0.14635109814457142,0.13689955960029765,0.13789017498493195,0.13789017498493195,926988000
11/07/2002,0.13712817357397689,0.15244929021465026,0.13590796132251312,0.15191510319709778,0.15191510319709778,1143948000
12/07/2002,0.1600714903745876,0.16068159672137947,0.14863780956997283,0.15176331996917725,0.15176331996917725,1344900000
15/07/2002,0.1521438126661883,0.16693167158891536,0.14528360007609398,0.16685575246810913,0.16685575246810913,1495272000
16/07/2002,0.1627396003779298,0.17798388468202334,0.15969001022303297,0.16235816478729248,0.16235816478729248,1773432000
17/07/2002,0.15885220928968302,0.16197680657224875,0.14223495476963535,0.14856189489364624,0.14856189489364624,1922364000
18/07/2002,0.14612233373044586,0.1547360028677323,0.14436886152764059,0.14475029706954956,0.14475029706954956,1243188000
19/07/2002,0.1403296031534263,0.14589368329065147,0.13720409385986065,0.13819469511508942,0.13819469511508942,845772000
22/07/2002,0.13758546054554938,0.14147291262585696,0.12615178837934768,0.13179178535938263,0.13179178535938263,1290744000
23/07/2002,0.13255477581547634,0.1333926397782709,0.11746232047732971,0.12195895612239838,0.12195895612239838,1409652000
24/07/2002,0.12028229393567128,0.13171596066491267,0.12020637480294129,0.1297338306903839,0.1297338306903839,1175100000
25/07/2002,0.12470297964772213,0.12508440164191786,0.11060205358975363,0.11479409039020538,0.11479409039020538,1796448000
26/07/2002,0.11814825800951707,0.12089233131704175,0.10900131518110234,0.11212591081857681,0.11212591081857681,1221900000
29/07/2002,0.11677624021467535,0.11738543321807234,0.11151675582531835,0.11525145173072815,0.11525145173072815,1227720000
30/07/2002,0.11471817941611517,0.12942920588169246,0.11433675739485281,0.12363645434379578,0.12363645434379578,1818012000
31/07/2002,0.09009739330213742,0.0919267857347719,0.08338994362600373,0.08438055217266083,0.08438055217266083,4837140000
01/08/2002,0.08506653893565072,0.08506653893565072,0.07622419104322806,0.07630102336406708,0.07630102336406708,1725708000
02/08/2002,0.07873962023253978,0.07927380058281105,0.06936400304973969,0.07127022743225098,0.07127022743225098,1795260000
05/08/2002,0.07020277407194146,0.07035552552786722,0.06471460521688617,0.06555338203907013,0.06555338203907013,1330716000
06/08/2002,0.06860208794420042,0.07157484077227935,0.06753464010185112,0.06898351013660431,0.06898351013660431,1168800000
07/08/2002,0.07203217580581231,0.07271819451572374,0.06479053932379505,0.06738278269767761,0.06738278269767761,892980000
08/08/2002,0.06806880591357954,0.0730227886256858,0.06631533280034184,0.0718035027384758,0.0718035027384758,755424000
09/08/2002,0.06989816906670375,0.07241357920249951,0.06867797035802753,0.07012684643268585,0.07012684643268585,581304000
12/08/2002,0.06936398882597138,0.07279408798069185,0.0675346039731207,0.07012684643268585,0.07012684643268585,592800000
13/08/2002,0.07058418642351763,0.07401429233924291,0.06860205016449443,0.06867796927690506,0.06867796927690506,654420000
14/08/2002,0.06997408481348845,0.07393745762308017,0.06936398548850542,0.07332827150821686,0.07332827150821686,632688000
15/08/2002,0.07607236644230518,0.0799598140617559,0.07530950872809897,0.078435018658638,0.078435018658638,1140120000
16/08/2002,0.07424298415411658,0.08422778826157555,0.07195625076524752,0.08148370683193207,0.08148370683193207,1657428000
19/08/2002,0.08499061893892272,0.10252164308433005,0.08483786069396504,0.09642428904771805,0.09642428904771805,2243928000
20/08/2002,0.09718620821072149,0.09909151159067728,0.09093610436455765,0.09215538948774338,0.09215538948774338,1429488000
21/08/2002,0.09634746726060096,0.09825369136803952,0.09185083377153919,0.09703348577022552,0.09703348577022552,1194876000
22/08/2002,0.09413757559163151,0.09794819093179288,0.09314604727983244,0.09375614672899246,0.09375614672899246,1358496000
23/08/2002,0.09108797260705759,0.09169807197494459,0.08704868721845949,0.08758194744586945,0.08758194744586945,919932000
26/08/2002,0.08925855940856454,0.0898686585829814,0.08415182152936951,0.08826794475317001,0.08826794475317001,698568000
27/08/2002,0.08979275611066333,0.09025010397739841,0.08270387439877025,0.08323714137077332,0.08323714137077332,686712000
28/08/2002,0.08277979462051079,0.08293255285817087,0.07774898164857393,0.07805357128381729,0.07805357128381729,700356000
29/08/2002,0.07706299488940477,0.08262707712519392,0.07645288852832664,0.0790451318025589,0.0790451318025589,815520000
30/08/2002,0.07828226264350763,0.08156052384214216,0.0754622626098998,0.07698705792427063,0.07698705792427063,1065888000
03/09/2002,0.07332826652288356,0.07370877525689819,0.07104152720356319,0.07226081937551498,0.07226081937551498,847284000
04/09/2002,0.07248952142511628,0.07439482599896674,0.06867799225195716,0.0718035027384758,0.0718035027384758,930552000
05/09/2002,0.07111748726750809,0.07142208388716004,0.06860208279004318,0.06905942410230637,0.06905942410230637,714312000
06/09/2002,0.07195623672668687,0.07256542291692646,0.06951674552002865,0.07058419287204742,0.07058419287204742,746460000
09/09/2002,0.07005000711853343,0.07271816868502413,0.06791602579143768,0.07050735503435135,0.07050735503435135,578040000
10/09/2002,0.07012682281023888,0.08422773708737705,0.07004998369735177,0.08056896179914474,0.08056896179914474,2317632000
11/09/2002,0.08308440543868258,0.0907074619387239,0.08308440543868258,0.08453328162431717,0.08453328162431717,1657536000
12/09/2002,0.08247522383946478,0.08697185765008074,0.08095042844951998,0.08186512440443039,0.08186512440443039,1294932000
13/09/2002,0.08102630956204865,0.08491375532423343,0.0800356949482087,0.08056896179914474,0.08056896179914474,796872000
16/09/2002,0.0793497222463742,0.07965431198314836,0.07355696302035336,0.07546227425336838,0.07546227425336838,925464000
17/09/2002,0.07881644710513039,0.08072175133013079,0.07386155208978169,0.07431889325380325,0.07431889325380325,884052000
18/09/2002,0.07317550828824271,0.07462347098462634,0.070049999160986,0.07226081937551498,0.07226081937551498,811692000
19/09/2002,0.07066012034436873,0.07317553096772882,0.06944083460952091,0.06982135027647018,0.06982135027647018,618492000
20/09/2002,0.07035552675814596,0.07180348982380585,0.06867797989944552,0.0702027752995491,0.0702027752995491,687312000
23/09/2002,0.06905938339517274,0.06974540858919788,0.06669673181799113,0.06715407967567444,0.06715407967567444,521676000
24/09/2002,0.06639125227655822,0.07088880697428605,0.06517196638313329,0.06768737733364105,0.06768737733364105,624444000
25/09/2002,0.07165074087733349,0.07279410756992562,0.06883074031807582,0.07142207026481628,0.07142207026481628,896616000
26/09/2002,0.07279408504005676,0.07355694261595436,0.06654398633743677,0.06761143356561661,0.06761143356561661,739560000
27/09/2002,0.06745868486130698,0.06921215759274398,0.0651719518604158,0.06524787098169327,0.06524787098169327,650688000
30/09/2002,0.06501920040760492,0.0680687910922984,0.06364715651806907,0.06524787098169327,0.06524787098169327,584124000
01/10/2002,0.06578205599861994,0.06936400081464619,0.06341849049652502,0.06875481456518173,0.06875481456518173,888360000
02/10/2002,0.06928806862163904,0.07279408683477383,0.06867796927690506,0.06867796927690506,0.06867796927690506,749100000
03/10/2002,0.06784012715886718,0.06898349388609232,0.06517196478686177,0.06532471626996994,0.06532471626996994,590568000
04/10/2002,0.06517193242847645,0.06722999424163885,0.060979889703510544,0.06204642355442047,0.06204642355442047,529788000
07/10/2002,0.06120858590067715,0.06242787153487131,0.0585404240305943,0.05899776518344879,0.05899776518344879,493068000
08/10/2002,0.06097991814320804,0.0611317564113043,0.054881652365764366,0.05724430829286575,0.05724430829286575,714252000
09/10/2002,0.05640644659608475,0.0600652274207025,0.0551862441809539,0.0561777725815773,0.0561777725815773,573132000
10/10/2002,0.05564358051080705,0.06090307151615672,0.05564358051080705,0.059073686599731445,0.059073686599731445,538032000
11/10/2002,0.061360409363322876,0.06822061359857186,0.06097989381945026,0.06715407967567444,0.06715407967567444,994140000
14/10/2002,0.06517193466424942,0.06715407744676963,0.06379989795173897,0.06517193466424942,0.06517193466424942,611484000
15/10/2002,0.07241358761078052,0.07500491716107344,0.0709647113678864,0.07195623964071274,0.07195623964071274,852768000
16/10/2002,0.06707727155541873,0.06768737105072996,0.06479053144221651,0.06593389809131622,0.06593389809131622,578124000
17/10/2002,0.07165069735784933,0.07431885802843714,0.0698981454216198,0.07096467912197113,0.07096467912197113,585792000
18/10/2002,0.07058419441818747,0.07241358626444605,0.06791603258481105,0.07165072858333588,0.07165072858333588,498372000
21/10/2002,0.07066012562391388,0.08072176205413159,0.06905941089217478,0.07813043892383575,0.07813043892383575,930624000
22/10/2002,0.07454756333173201,0.08537113504753033,0.07447164421527804,0.08072174340486526,0.08072174340486526,1272168000
23/10/2002,0.0819410278006477,0.08514245621336276,0.08079766148396388,0.08399908989667892,0.08399908989667892,925428000
24/10/2002,0.08567663816667156,0.08659133396464296,0.07851092363414545,0.07973112910985947,0.07973112910985947,1055172000
25/10/2002,0.08003571611582007,0.08499061691518955,0.07896826892177662,0.08460918813943863,0.08460918813943863,745956000
28/10/2002,0.08849667218205236,0.08918269088912147,0.08453330461525374,0.08506657183170319,0.08506657183170319,1070544000
29/10/2002,0.08521929629188847,0.08582848245518096,0.07706297308919507,0.08133184909820557,0.08133184909820557,772728000
30/10/2002,0.08392317455872951,0.08842072091848838,0.08361857808362931,0.0856766402721405,0.0856766402721405,1139496000
31/10/2002,0.08628583815691271,0.09131665222443136,0.0860571675781627,0.09070746600627899,0.09070746600627899,1255476000
01/11/2002,0.0893354097870915,0.10877265697658531,0.08918265154885296,0.10747653245925903,0.10747653245925903,2128836000
04/11/2002,0.11395531305522136,0.12584633785937951,0.11365072340579568,0.11921481043100357,0.11921481043100357,2688132000
05/11/2002,0.11891023294719637,0.1208923763837557,0.10938187147183705,0.11448951810598373,0.11448951810598373,2034540000
06/11/2002,0.1183769397161179,0.12348367853451873,0.11372663555385674,0.12333091348409653,0.12333091348409653,1646016000
07/11/2002,0.12012949562227168,0.12012949562227168,0.11022062038951397,0.11090664565563202,0.11090664565563202,1660560000
08/11/2002,0.09375614372504923,0.09932023171370903,0.08392318614965498,0.08659134805202484,0.08659134805202484,3798900000
11/11/2002,0.08247524521915732,0.08369453119501175,0.07790177107404597,0.07988300174474716,0.07988300174474716,1378452000
12/11/2002,0.08178918332396586,0.08994459194985094,0.08110315813444974,0.08697183430194855,0.08697183430194855,1381188000
13/11/2002,0.08491379193160463,0.09223134566275586,0.0832371583580911,0.08971593528985977,0.08971593528985977,1802112000
14/11/2002,0.0956614688038826,0.09749085415136442,0.09276554229188959,0.0956614688038826,0.0956614688038826,1138728000
15/11/2002,0.10061632541919382,0.10602856704104026,0.09947295916908942,0.10267438739538193,0.10267438739538193,2054328000
18/11/2002,0.11090664645553867,0.11128806843729004,0.10618042274537359,0.10648592561483383,0.10648592561483383,1982472000
19/11/2002,0.10587584107282119,0.11342206558952284,0.10473247454786665,0.10800982266664505,0.10800982266664505,1971948000
20/11/2002,0.11128806244103324,0.11433673939034301,0.1098391864695296,0.11342204362154007,0.11342204362154007,1292796000
21/11/2002,0.11799554221504362,0.1286672911866833,0.11776687161565515,0.12302636355161667,0.12302636355161667,2053920000
22/11/2002,0.11555606873266712,0.12226444451759136,0.1143367828574308,0.11982494592666626,0.11982494592666626,1251900000
25/11/2002,0.12538906054390525,0.12721845324985287,0.1205110025716191,0.12416977435350418,0.12416977435350418,1230084000
26/11/2002,0.12477982454035778,0.12721839582032865,0.12043502904758774,0.12081553786993027,0.12081553786993027,1084332000
27/11/2002,0.12592318439322658,0.13232604200474266,0.1243224631753459,0.1301911473274231,0.1301911473274231,1088556000
29/11/2002,0.13362124977954026,0.13552747393540165,0.12958195731761904,0.13057257235050201,0.13057257235050201,519396000
02/12/2002,0.137508704784182,0.139262177499492,0.12897186546011977,0.12958195805549622,0.12958195805549622,1167504000
03/12/2002,0.1271424559953614,0.12744704564569315,0.12081551819759022,0.12104418873786926,0.12104418873786926,1046220000
04/12/2002,0.11250737102850986,0.11433675601714337,0.1061804324650307,0.10656185448169708,0.10656185448169708,2206548000
05/12/2002,0.11342208292121984,0.1141840275275296,0.10496116116566502,0.10755249112844467,0.10755249112844467,1594872000
06/12/2002,0.10290306309784063,0.10976326775869671,0.10122642979566547,0.10770520567893982,0.10770520567893982,1159224000
09/12/2002,0.10419918181026461,0.10587581501851422,0.0982536732545922,0.0990915298461914,0.0990915298461914,969792000
10/12/2002,0.10160694768913706,0.10938184830009094,0.10031174313489376,0.10740061849355698,0.10740061849355698,1389888000
11/12/2002,0.10663779176338743,0.10976330201784068,0.10305585350552017,0.10679055005311966,0.10679055005311966,1364208000
12/12/2002,0.11075389489548129,0.11205001958860852,0.1048083853488004,0.10503705590963364,0.10503705590963364,1302552000
13/12/2002,0.10313173647587034,0.10313173647587034,0.10015897873850582,0.10092092305421829,0.10092092305421829,707724000
16/12/2002,0.10442786388665419,0.10747654101351199,0.10175970234805899,0.10686644166707993,0.10686644166707993,1056972000
17/12/2002,0.1087726837206325,0.11243145398729858,0.10587584433733446,0.10671462118625641,0.10671462118625641,1077744000
18/12/2002,0.10336045114082787,0.10351320944223008,0.09832963606966094,0.09855830669403076,0.09855830669403076,1126836000
19/12/2002,0.09680480462243195,0.10191245696974062,0.09543276093817608,0.09642428904771805,0.09642428904771805,1100604000
20/12/2002,0.09947297117338641,0.10054041844765436,0.09291735569531015,0.09771950542926788,0.09771950542926788,804576000
23/12/2002,0.09749085138476686,0.10076911310562518,0.0971862616464686,0.09840554744005203,0.09840554744005203,498648000
24/12/2002,0.09893969906135336,0.10092092886019866,0.09589010883292803,0.09642428904771805,0.09642428904771805,300336000
26/12/2002,0.0980250123458449,0.09947297527405477,0.09383205539990581,0.09467083215713501,0.09467083215713501,719760000
27/12/2002,0.09726220927078813,0.0974908799440956,0.09025016216806393,0.09108801931142807,0.09108801931142807,702528000
30/12/2002,0.09146939949306217,0.09246001444173642,0.08582847986062635,0.08788654208183289,0.08788654208183289,784740000
31/12/2002,0.08697183429591807,0.08994459194361433,0.08529520110889745,0.08773469179868698,0.08773469179868698,825396000
02/01/2003,0.09146942309994614,0.09489952314388017,0.08834391279956008,0.09383207559585571,0.09383207559585571,1302540000
03/01/2003,0.09413758536480707,0.09718626332150583,0.09223136087901924,0.09383207559585571,0.09383207559585571,1037496000
06/01/2003,0.09611882688798276,0.10297902776911592,0.09604290093091335,0.10145515203475952,0.10145515203475952,1033428000
07/01/2003,0.10343634410002135,0.10579991616896633,0.10000624471257973,0.10114961117506027,0.10114961117506027,1498272000
08/01/2003,0.09855832778642425,0.10145516827523211,0.0904020004765008,0.09108801931142807,0.09108801931142807,1852524000
09/01/2003,0.09390891607878774,0.0948995313689832,0.09177402079770385,0.09268871694803238,0.09268871694803238,1436076000
10/01/2003,0.09146939264052359,0.09566143588257804,0.09025010723194893,0.0942893922328949,0.0942893922328949,924492000
13/01/2003,0.09787228464429609,0.0987110616050017,0.09307014036243835,0.09352748841047287,0.09352748841047287,849120000
14/01/2003,0.09383207173240139,0.09512819665232308,0.091393500203611,0.09421350061893463,0.09421350061893463,868524000
15/01/2003,0.09428940609825233,0.09505226376087532,0.09131664782762527,0.09131664782762527,0.09131664782762527,904584000
16/01/2003,0.08994458286023857,0.09108794897388552,0.08392315588468054,0.08514244109392166,0.08514244109392166,2039976000
17/01/2003,0.08285571238496431,0.08399908545620643,0.0808744895278529,0.08194102346897125,0.08194102346897125,1058832000
21/01/2003,0.08346586055450793,0.08521932698022258,0.07965432428923945,0.07988300174474716,0.07988300174474716,967356000
22/01/2003,0.07965431490790721,0.08201788746344245,0.0794256442943352,0.07995982468128204,0.07995982468128204,550992000
23/01/2003,0.08209380735588725,0.08346585149499808,0.07995982541963542,0.08216972649097443,0.08216972649097443,918456000
24/01/2003,0.08148370732785659,0.0818651362367942,0.07614829591482478,0.07752033323049545,0.07752033323049545,897108000
27/01/2003,0.07584365555834119,0.07980702736722763,0.07447161903489266,0.07637692242860794,0.07637692242860794,889116000
28/01/2003,0.0753863137098849,0.08056897105850847,0.07287091094732995,0.07912100851535797,0.07912100851535797,1785480000
29/01/2003,0.0769870544454442,0.0813318495970939,0.0769870544454442,0.08072174340486526,0.08072174340486526,1022040000
30/01/2003,0.0823224580953387,0.08300847653496624,0.07660561959177335,0.07744438946247101,0.07744438946247101,743064000
31/01/2003,0.0751576593686953,0.08079766574539565,0.07447164090550316,0.07866368442773819,0.07866368442773819,949656000
03/02/2003,0.08011165130175188,0.08171236580901993,0.07851093679448383,0.08018849045038223,0.08018849045038223,755556000
04/02/2003,0.07965431140348239,0.08003574029446223,0.07546227370420899,0.07660564035177231,0.07660564035177231,627720000
05/02/2003,0.07828228274523007,0.08041717801260596,0.07698707769340374,0.07729166746139526,0.07729166746139526,581508000
06/02/2003,0.08262707781019824,0.0827798292968451,0.07660564746379529,0.07790176570415497,0.07790176570415497,1226184000
07/02/2003,0.07942564373377566,0.07980707263884462,0.07424298385296588,0.0743948221206665,0.0743948221206665,915156000
10/02/2003,0.07431892924008675,0.07584372537358888,0.07111749865174471,0.07530954480171204,0.07530954480171204,982632000
11/02/2003,0.07591959705963401,0.07813041751886902,0.0735569451890111,0.07393746078014374,0.07393746078014374,850716000
12/02/2003,0.07393747121368943,0.07706298112794546,0.07332828498685026,0.07431889325380325,0.07431889325380325,641400000
13/02/2003,0.07561500748367592,0.07599551626024507,0.07355694527362255,0.0752335786819458,0.0752335786819458,889164000
14/02/2003,0.08552389495673703,0.09185083341012366,0.08346583262095976,0.09177399426698685,0.09177399426698685,3548844000
18/02/2003,0.09528093313466367,0.09886287754922655,0.09413756668028885,0.09703348577022552,0.09703348577022552,1740516000
19/02/2003,0.09642429662510292,0.09855827802160132,0.09535684932175818,0.09794817864894867,0.09794817864894867,1141212000
20/02/2003,0.09832960746375599,0.10092093679094648,0.09756766304433241,0.09794817864894867,0.09794817864894867,978132000
21/02/2003,0.0978722501581546,0.09825367893642593,0.09451806352263763,0.09802500158548355,0.09802500158548355,913260000
24/02/2003,0.09718625567644816,0.10282716950598125,0.09665298854958505,0.09924431145191193,0.09924431145191193,1137012000
25/02/2003,0.09604286169521084,0.099091538758983,0.0945180665582583,0.09863419085741043,0.09863419085741043,1239204000
26/02/2003,0.09733901479848002,0.09893972951531649,0.09360340498559465,0.09383207559585571,0.09383207559585571,746892000
27/02/2003,0.09474676567616926,0.09627156116330765,0.09322288339937351,0.09581421315670013,0.09581421315670013,675312000
28/02/2003,0.09284145799142057,0.09642431623470923,0.09009737666421158,0.09619564563035965,0.09619564563035965,1653336000
03/03/2003,0.09733900681510219,0.09909155965477467,0.0933747199020886,0.09459492564201355,0.09459492564201355,702036000
04/03/2003,0.09489952314388017,0.09581421921493044,0.09291737952480544,0.09383207559585571,0.09383207559585571,538392000
05/03/2003,0.09291735339696806,0.0958901113844571,0.09268868285100787,0.09535684436559677,0.09535684436559677,522156000
06/03/2003,0.0945949235796757,0.09550961955576405,0.0933747178663534,0.09375614672899246,0.09375614672899246,548064000
07/03/2003,0.09230814523618307,0.09550957982058858,0.09146937554945832,0.09520407021045685,0.09520407021045685,581148000
10/03/2003,0.09421346251497059,0.09467081034669374,0.09238407800307794,0.09253682941198349,0.09253682941198349,344796000
11/03/2003,0.09322287142276764,0.09474675350378593,0.09215542407937473,0.09322287142276764,0.09322287142276764,417144000
12/03/2003,0.09398482794527266,0.09604288375250261,0.09314605106054424,0.09581421315670013,0.09581421315670013,493920000
13/03/2003,0.09863419969449298,0.10595175314526471,0.09817685175194456,0.1053425669670105,0.1053425669670105,1362732000
14/03/2003,0.10572307576328445,0.10671460391250412,0.10153103224784712,0.1022929698228836,0.1022929698228836,1094220000
17/03/2003,0.10061633820893924,0.11029654322296127,0.10038766765585129,0.10823848098516464,0.10823848098516464,1307808000
18/03/2003,0.10785796639008378,0.10907725183411371,0.10518980493613722,0.10740061849355698,0.10740061849355698,932280000
19/03/2003,0.1076293195990466,0.10869585391540287,0.1041223872813571,0.10793391615152359,0.10793391615152359,712992000
20/03/2003,0.10793391527003639,0.11121126374487672,0.10511391481786607,0.10892453044652939,0.10892453044652939,780060000
21/03/2003,0.11266014107450038,0.1130406499437475,0.10305585296500083,0.10793391615152359,0.10793391615152359,1681800000
24/03/2003,0.10351321070858516,0.10671464037894873,0.10290310433597599,0.1038937196135521,0.1038937196135521,839016000
25/03/2003,0.10419919333863656,0.10846715594820668,0.10381776454022212,0.10686644166707993,0.10686644166707993,672828000
26/03/2003,0.10923002220152511,0.11166860032735443,0.10839125218827089,0.10983920842409134,0.10983920842409134,1107840000
27/03/2003,0.10839125485879438,0.11067798797921125,0.10640911144966399,0.10671462118625641,0.10671462118625641,1392732000
28/03/2003,0.10671460966113874,0.10709511845657618,0.10069226095891215,0.10236980766057968,0.10236980766057968,1290684000
31/03/2003,0.09924429920091553,0.10046359158408945,0.09771951074053907,0.09817685186862946,0.09817685186862946,680508000
01/04/2003,0.1002349425556184,0.1021411671953043,0.09802504135826777,0.1010737195611,0.1010737195611,533808000
02/04/2003,0.104503778776041,0.10656184088503316,0.10313174191338013,0.10480837523937225,0.10480837523937225,771900000
03/04/2003,0.10671458725968366,0.10671458725968366,0.10397050020957754,0.10618040710687637,0.10618040710687637,702780000
04/04/2003,0.10648592376212412,0.10663776198406462,0.10160694870211644,0.10206429660320282,0.10206429660320282,513840000
07/04/2003,0.10892451453216094,0.10976328450879712,0.10214114115472565,0.10313175618648529,0.10313175618648529,671256000
08/04/2003,0.10404643007999649,0.104579690228057,0.10145510115863893,0.1021411195397377,0.1021411195397377,475032000
09/04/2003,0.10252164597917288,0.1052657266101667,0.1014551119397164,0.10160695016384125,0.10160695016384125,694260000
10/04/2003,0.10297897612882631,0.10313173436186455,0.1011495915075628,0.1021411195397377,0.1021411195397377,364104000
11/04/2003,0.10328449354414523,0.1041223570112192,0.10000623278520296,0.10099776089191437,0.10099776089191437,374184000
14/04/2003,0.09947299025872564,0.10305584836320408,0.09916839371984992,0.10275033861398697,0.10275033861398697,445776000
15/04/2003,0.10206431929231331,0.10351319563876288,0.09954890868465772,0.10221707075834274,0.10221707075834274,490212000
16/04/2003,0.10457972308496641,0.10480840049384556,0.10137829388067839,0.10221707075834274,0.10221707075834274,671988000
17/04/2003,0.10297897279683504,0.10427509722810058,0.10084499861859075,0.10404642671346664,0.10404642671346664,520740000
21/04/2003,0.1041992106647965,0.10701921089754289,0.10320768235507947,0.10671462118625641,0.10671462118625641,597144000
22/04/2003,0.10618043567797411,0.10816257217529848,0.10442787615077984,0.10808665305376053,0.10808665305376053,787392000
23/04/2003,0.10793389863419828,0.11121124660390139,0.10709512184929175,0.1105252280831337,0.1105252280831337,606204000
24/04/2003,0.11060206193692972,0.11060206193692972,0.10579991859537824,0.10724788159132004,0.10724788159132004,660912000
25/04/2003,0.1066377905023578,0.1084671825959402,0.10229299450260383,0.10328452289104462,0.10328452289104462,884652000
28/04/2003,0.10450379907894788,0.10831533438910355,0.10328451340862792,0.10640911012887955,0.10640911012887955,674988000
29/04/2003,0.10884861779415905,0.11121127036428688,0.1080098408300471,0.10968738794326782,0.10968738794326782,670344000
30/04/2003,0.10907726025923577,0.11205001840877525,0.10861991232738344,0.10923001170158386,0.10923001170158386,466620000
01/05/2003,0.10846717001796437,0.11098258044744891,0.10785798380266388,0.10991604626178741,0.10991604626178741,733368000
02/05/2003,0.11136397091677688,0.12195886990966286,0.11075387166412475,0.1211969256401062,0.1211969256401062,1691088000
05/05/2003,0.12234039527756674,0.12988662315208796,0.12012956673681346,0.12416977435350418,0.12416977435350418,1576164000
06/05/2003,0.12355961510182356,0.1275238878025339,0.12234032956632321,0.12432245910167694,0.12432245910167694,1143864000
07/05/2003,0.12249305059317134,0.1253889620609495,0.12020631832178638,0.12234029918909073,0.12234029918909073,897372000
08/05/2003,0.12081553657286004,0.12729522678637695,0.11929166124930692,0.12241625785827637,0.12241625785827637,1957452000
09/05/2003,0.14353105116782156,0.16411166124392235,0.13949084554580532,0.1628914624452591,0.1628914624452591,9230856000
12/05/2003,0.16327283988889052,0.1669316224955882,0.157022735364109,0.1583179533481598,0.1583179533481598,3007860000
13/05/2003,0.15290664659767597,0.15778471557177495,0.1519919643675232,0.15534523129463196,0.15534523129463196,1824108000
14/05/2003,0.1558794150813729,0.15778472604392207,0.1532112600696067,0.15519340336322784,0.15519340336322784,965580000
15/05/2003,0.15748011685234434,0.16083338358683186,0.15664134015615327,0.16052879393100739,0.16052879393100739,1105656000
16/05/2003,0.15854666819315377,0.16487360679580415,0.15831799762378448,0.16205359995365143,0.16205359995365143,1028916000
19/05/2003,0.15991869149182536,0.1614434798566234,0.151000431013061,0.1529066413640976,0.1529066413640976,1220484000
20/05/2003,0.15313535683102378,0.1551165734898701,0.1524493314117247,0.15397320687770844,0.15397320687770844,884124000
21/05/2003,0.1540500756508055,0.1594614065771819,0.15321129863960625,0.15938548743724823,0.15938548743724823,905472000
22/05/2003,0.15961416550847785,0.16136762512254624,0.15587946158990668,0.15991875529289246,0.15991875529289246,888816000
23/05/2003,0.1600714481711176,0.16312012542040974,0.15839482152503703,0.15908083319664001,0.15908083319664001,867612000
27/05/2003,0.1574033529630715,0.1737919246237292,0.15435467455897273,0.17318183183670044,0.17318183183670044,1677408000
28/05/2003,0.17264849177612637,0.17455380260277736,0.16845644812542118,0.1727244108915329,0.1727244108915329,1235556000
29/05/2003,0.17264852074391893,0.19040913971810053,0.17226709868251888,0.1845395416021347,0.1845395416021347,2297736000
30/05/2003,0.20199463950429902,0.20298616776283895,0.19704065105262544,0.19947922229766846,0.19947922229766846,2142312000
02/06/2003,0.20466281834799938,0.20489150257885055,0.18720771547347406,0.18842700123786926,0.18842700123786926,1566144000
03/06/2003,0.18629302418795798,0.19803129419047433,0.1840062908612098,0.19231446087360382,0.19231446087360382,1596804000
04/06/2003,0.1917043378464389,0.1970406618273221,0.18873157932877396,0.19688791036605835,0.19688791036605835,1175604000
05/06/2003,0.19429655450577968,0.20321481491311502,0.19170430526636617,0.20252878963947296,0.20252878963947296,1204404000
06/06/2003,0.21045554722877918,0.211522994544929,0.19482982554192316,0.19635462760925293,0.19635462760925293,1378836000
09/06/2003,0.19513443155398597,0.20016525245807656,0.19101830659882132,0.1939910650253296,0.1939910650253296,720588000
10/06/2003,0.1939910834034841,0.1969638421116229,0.19185710160058383,0.1968120038509369,0.1968120038509369,563304000
11/06/2003,0.19559179461592444,0.19871730463120463,0.19208576212851428,0.196963831782341,0.196963831782341,943836000
12/06/2003,0.19833586056022467,0.20047075537123615,0.19338188561956737,0.1939910650253296,0.1939910650253296,1046688000
13/06/2003,0.1856069786139519,0.1909423892710922,0.17760341283810008,0.1788986176252365,0.1788986176252365,1826808000
16/06/2003,0.1810335596540135,0.1849969342231666,0.16906570401185414,0.182710200548172,0.182710200548172,1904868000
17/06/2003,0.1869022253397935,0.18827426266889388,0.18141404876337922,0.18705497682094574,0.18705497682094574,999852000
18/06/2003,0.18522551471678844,0.19795530886161106,0.18370071285205478,0.1942196935415268,0.1942196935415268,1122072000
19/06/2003,0.19505844702882713,0.19604906176875614,0.18141395875301772,0.182405486702919,0.182405486702919,1190532000
20/06/2003,0.18438683034538608,0.1844636627006243,0.17760346158139667,0.1804993748664856,0.1804993748664856,937848000
23/06/2003,0.18034751573110722,0.18126221183394478,0.17051455647811475,0.1740964949131012,0.1740964949131012,734784000
24/06/2003,0.17302992371988027,0.1768405455922298,0.16815095490931536,0.17371594905853271,0.17371594905853271,1008816000
25/06/2003,0.17417328860707537,0.1812621574236571,0.17348726332837291,0.17485930025577545,0.17485930025577545,1060620000
26/06/2003,0.17539262155406168,0.1774506843170171,0.16990444509950992,0.17508801817893982,0.17508801817893982,960540000
27/06/2003,0.1771460724494581,0.17874679391279816,0.17112373634666594,0.17196249961853027,0.17196249961853027,709104000
30/06/2003,0.1742492496617733,0.1776793496209013,0.17226710609170523,0.17463067173957825,0.17463067173957825,544128000
01/07/2003,0.17241984612886455,0.1820241335554057,0.170819124742772,0.18179546296596527,0.18179546296596527,977016000
02/07/2003,0.18347208091933215,0.18583565992541334,0.1787467765877235,0.18126218020915985,0.18126218020915985,846828000
03/07/2003,0.17706921166907713,0.18385350487368537,0.17668870286964078,0.17920410633087158,0.17920410633087158,420912000
07/07/2003,0.18164270785903264,0.19193300684746525,0.18156678873418122,0.19094239175319672,0.19094239175319672,832200000
08/07/2003,0.18568285742243554,0.19132378340085693,0.185225516357972,0.1888083666563034,0.1888083666563034,602856000
09/07/2003,0.18873163287985595,0.19627785979356835,0.18842704308121,0.1931532621383667,0.1931532621383667,755352000
10/07/2003,0.18713084223942683,0.18957032644548188,0.18194818374303248,0.18522553145885468,0.18522553145885468,644568000
11/07/2003,0.18743634445769689,0.18857971083806865,0.18461542464333855,0.18621614575386047,0.18621614575386047,495000000
14/07/2003,0.1909423578647591,0.1920857242161048,0.18385348921241615,0.1847681850194931,0.1847681850194931,694344000
15/07/2003,0.18751231610698893,0.1883510930589853,0.1769933315564257,0.1787468045949936,0.1787468045949936,1143456000
16/07/2003,0.1820999683526247,0.18293874482558561,0.1722670148902115,0.17653588950634003,0.17653588950634003,880476000
17/07/2003,0.17120045417339644,0.173410353619592,0.16540677891638553,0.16769351065158844,0.16769351065158844,853764000
18/07/2003,0.16441625202706206,0.1649495259155149,0.15603125104008106,0.16205359995365143,0.16205359995365143,1280832000
21/07/2003,0.16296826584415894,0.16350152600438753,0.1558025517735848,0.15961408615112305,0.15961408615112305,985140000
22/07/2003,0.16411166501817023,0.16533095063464368,0.1613675772509132,0.16228227317333221,0.16228227317333221,582444000
23/07/2003,0.16212949120380193,0.1654068386213273,0.15725143644584472,0.16441622376441956,0.16441622376441956,605328000
24/07/2003,0.16738906732638,0.16860835333819155,0.156641410605671,0.1580134481191635,0.1580134481191635,1116828000
25/07/2003,0.15831798033839806,0.16144347610861817,0.1524492967254747,0.16052879393100739,0.16052879393100739,1002084000
28/07/2003,0.16182487728111275,0.16220538596739015,0.15488783469359904,0.15557385981082916,0.15557385981082916,703752000
29/07/2003,0.14147297018162303,0.15366857772189432,0.13994816826654652,0.14536041021347046,0.14536041021347046,2794788000
30/07/2003,0.1448262166252884,0.1465037561050019,0.1428449871210578,0.14375968277454376,0.14375968277454376,788724000
31/07/2003,0.14711301931633378,0.14924791445902907,0.14398842215807722,0.14551229774951935,0.14551229774951935,897600000
01/08/2003,0.14558910182533902,0.15153460426098797,0.14414021894539458,0.15031440556049347,0.15031440556049347,767556000
04/08/2003,0.1501625207312335,0.15869935656449533,0.14924782518731736,0.1559552699327469,0.1559552699327469,1428852000
05/08/2003,0.15999552966348246,0.16365431311261414,0.1542018652355665,0.1554979830980301,0.1554979830980301,1063488000
06/08/2003,0.15343988466130082,0.15549794645900827,0.14543630797466084,0.14917100965976715,0.14917100965976715,1025868000
07/08/2003,0.1487905640965056,0.15092454589780757,0.14513177995691948,0.14711301028728485,0.14711301028728485,1040340000
08/08/2003,0.12615183890030543,0.12668511271164393,0.11631888316929384,0.11814827471971512,0.11814827471971512,3767580000
11/08/2003,0.12005360125111829,0.1261518699011592,0.1192916703462404,0.12455116212368011,0.12455116212368011,1675752000
12/08/2003,0.12615184194059137,0.12737112739022172,0.12409377980426811,0.12706653773784637,0.12706653773784637,764160000
13/08/2003,0.1275997808480727,0.12996243206806823,0.12439835314328228,0.12790437042713165,0.12790437042713165,693552000
14/08/2003,0.12363647636990588,0.12546586852149474,0.12211167396344476,0.12348372489213943,0.12348372489213943,1527696000
15/08/2003,0.12272173896433428,0.1238651052665171,0.12195888141281352,0.12310224771499634,0.12310224771499634,217716000
18/08/2003,0.12508436456950225,0.12676100432872772,0.12287355153468515,0.12676100432872772,0.12676100432872772,717684000
19/08/2003,0.12958199948752433,0.13720415896072433,0.1295051671321315,0.13644221425056458,0.13644221425056458,1403976000
20/08/2003,0.13453596830368042,0.1370513722639648,0.1315632094951588,0.13453596830368042,0.13453596830368042,870348000
21/08/2003,0.13781418636082787,0.13949082648585806,0.1356792919524926,0.13819469511508942,0.13819469511508942,644748000
22/08/2003,0.14650378773077596,0.1484850176626947,0.13910940222804907,0.13918624818325043,0.13918624818325043,1002396000
25/08/2003,0.1418534670025042,0.1418534670025042,0.13720408300936504,0.1384233683347702,0.1384233683347702,434028000
26/08/2003,0.1366708075564769,0.13872886945777343,0.13247785144196877,0.13621346652507782,0.13621346652507782,768984000
27/08/2003,0.13712818562538232,0.1417775703549074,0.13567930271194797,0.14032961428165436,0.14032961428165436,567816000
28/08/2003,0.14170164810856614,0.1424635925007814,0.13507012038784022,0.13667082786560059,0.13667082786560059,828312000
29/08/2003,0.13644213682386105,0.13910937795610082,0.13590794985139587,0.13850019872188568,0.13850019872188568,532884000
02/09/2003,0.1409388173208404,0.14215901625472538,0.13659402153028696,0.13728004693984985,0.13728004693984985,711456000
03/09/2003,0.1393381172202843,0.13971953930006625,0.13392678687341794,0.1346127986907959,0.1346127986907959,849972000
04/09/2003,0.13514598774438033,0.13910934557427576,0.13415537318185936,0.13590791821479797,0.13590791821479797,740064000
05/09/2003,0.13613661157880055,0.1455890561328163,0.13453589097504232,0.14238762855529785,0.14238762855529785,1198740000
08/09/2003,0.14467443262300828,0.1506199361528504,0.14292095975781552,0.14894239604473114,0.14894239604473114,1508712000
09/09/2003,0.14482629459348179,0.16365436385977314,0.1428450640226426,0.15808935463428497,0.15808935463428497,2489436000
10/09/2003,0.15359265496488317,0.1577087790667305,0.1460464319881635,0.1472657173871994,0.1472657173871994,1380624000
11/09/2003,0.14924786387531952,0.15359265861267946,0.13949082719103564,0.14536041021347046,0.14536041021347046,2612736000
12/09/2003,0.1441402253405992,0.1506958342323554,0.14253951779344365,0.14749440550804138,0.14749440550804138,1162404000
15/09/2003,0.1487136913588741,0.1494765489958916,0.14452166127108518,0.1450549215078354,0.1450549215078354,596028000
16/09/2003,0.1453604498359989,0.1500098491176697,0.1453604498359989,0.14955249428749084,0.14955249428749084,620736000
17/09/2003,0.15046719659438382,0.1542019000014905,0.14924791078317481,0.15130597352981567,0.15130597352981567,902784000
18/09/2003,0.1504672107296088,0.15252527366958868,0.14879058354164282,0.1524493545293808,0.1524493545293808,603492000
19/09/2003,0.15420194757853953,0.15519347629644453,0.14985715013510043,0.15122918784618378,0.15122918784618378,648096000
22/09/2003,0.14825635295278225,0.1485618558452607,0.14406430915824922,0.14528359472751617,0.14528359472751617,735504000
23/09/2003,0.14551226757639368,0.1474944108277641,0.14360697028446098,0.1466556340456009,0.1466556340456009,628932000
24/09/2003,0.14353107162484022,0.14482627651707844,0.13529882096908252,0.13552749156951904,0.13552749156951904,1600668000
25/09/2003,0.13659398860636787,0.13903347267580482,0.13301205142669936,0.1336212307214737,0.1336212307214737,736776000
26/09/2003,0.13324071361500087,0.13362122234786153,0.1267610248557061,0.12851448357105255,0.12851448357105255,895908000
29/09/2003,0.12203572904234135,0.1263805242617598,0.11967216382321849,0.1215783879160881,0.1215783879160881,1944996000
30/09/2003,0.1205109303874244,0.1258463401553741,0.12005357566988084,0.12173021584749222,0.12173021584749222,1020888000
01/10/2003,0.1219589556035501,0.12416977044469779,0.1216543657757112,0.12272181361913681,0.12272181361913681,877224000
02/10/2003,0.12195896565586405,0.12638059570260668,0.12157845664236572,0.12462713569402695,0.12462713569402695,857628000
03/10/2003,0.12805712182161474,0.13110579813192205,0.12584630878619507,0.12790437042713165,0.12790437042713165,862812000
06/10/2003,0.12813311651346196,0.12942923473651893,0.12584638303656337,0.12691383063793182,0.12691383063793182,377028000
07/10/2003,0.1269138152354859,0.12805718183517456,0.12516034235184922,0.12805718183517456,0.12805718183517456,510588000
08/10/2003,0.12805717856323318,0.1292005451337081,0.12279768688704668,0.1235596314072609,0.1235596314072609,739440000
09/10/2003,0.12538900742236683,0.1301911578335272,0.12432247320786169,0.12531308829784393,0.12531308829784393,852408000
10/10/2003,0.12729519875134995,0.1284385650048349,0.12577041055335075,0.12752386927604675,0.12752386927604675,413976000
13/10/2003,0.12897188929129189,0.1314872933079282,0.12798127406972412,0.12881913781166077,0.12881913781166077,434904000
14/10/2003,0.12744706931597502,0.1315631943254779,0.12668513844357457,0.1311826854944229,0.1311826854944229,623556000
15/10/2003,0.13270657188375956,0.1351460702623371,0.12866729250344774,0.12950514256954193,0.12950514256954193,703488000
16/10/2003,0.12965788520514387,0.13156319627959875,0.1276757554251089,0.13110585510730743,0.13110585510730743,446088000
17/10/2003,0.13034385671895382,0.1328592593868814,0.12683783936060627,0.1269896775484085,0.1269896775484085,459696000
20/10/2003,0.1270665729258263,0.12996249934067144,0.12630371513844066,0.1298106610774994,0.1298106610774994,467388000
21/10/2003,0.13217328984676588,0.13628941452202883,0.13034389807331498,0.13377399742603302,0.13377399742603302,758724000
22/10/2003,0.13171595072170772,0.13476462842589887,0.13080126835642225,0.13148728013038635,0.13148728013038635,620952000
23/10/2003,0.12958205199454717,0.13339267666995355,0.12935338125678966,0.1308772712945938,0.1308772712945938,451524000
24/10/2003,0.1295819421615932,0.13156317199563267,0.12836174349050034,0.1304198056459427,0.1304198056459427,447084000
27/10/2003,0.13110585510730743,0.1326306437150511,0.13019115913272025,0.13110585510730743,0.13110585510730743,254460000
28/10/2003,0.13285925810529495,0.1401008900836913,0.1322491657301912,0.13933804631233215,0.13933804631233215,956064000
29/10/2003,0.13522192298270183,0.1410155856713868,0.13514600388953305,0.13933804631233215,0.13933804631233215,494004000
30/10/2003,0.1429209983030617,0.14299691745060544,0.13651813823332495,0.13674680888652802,0.13674680888652802,581256000
31/10/2003,0.13796607100301436,0.13910943770074718,0.1326306596070636,0.1347646415233612,0.1347646415233612,598152000
03/11/2003,0.13407861774523128,0.13987228306285568,0.13346942467361853,0.13728004693984985,0.13728004693984985,773724000
04/11/2003,0.14025273656703519,0.14063417210527834,0.13682263813276002,0.13773733377456665,0.13773733377456665,700896000
05/11/2003,0.13491736149891437,0.1396435922954306,0.1327065477540577,0.13827155530452728,0.13827155530452728,882024000
06/11/2003,0.14032959010457433,0.1410156016505823,0.13598478216318874,0.13850019872188568,0.13850019872188568,1175280000
07/11/2003,0.16510225274784288,0.16815092970479634,0.161596234720342,0.16578827798366547,0.16578827798366547,4292820000
10/11/2003,0.16632153148284512,0.16860826400374598,0.16434030180344028,0.1653309166431427,0.1653309166431427,1210056000
11/11/2003,0.16159621934358967,0.16441621186693045,0.15831795895320575,0.16121478378772736,0.16121478378772736,799140000
12/11/2003,0.16068159636900534,0.16388302589687623,0.15991873854208274,0.16334883868694305,0.16334883868694305,617664000
13/11/2003,0.1633487920465646,0.16571237077756193,0.1624340962097703,0.16342562437057495,0.16342562437057495,580332000
14/11/2003,0.16388294483191815,0.16388294483191815,0.15328713304562852,0.15374447405338287,0.15374447405338287,888420000
17/11/2003,0.1508486163133315,0.15397319943326923,0.1493997332057448,0.15214382112026215,0.15214382112026215,599880000
18/11/2003,0.15587939165534867,0.15778470233156203,0.14939970248202084,0.14993388950824738,0.14993388950824738,991428000
19/11/2003,0.15100040504239867,0.15473600640864277,0.1504671312915073,0.15412591397762299,0.15412591397762299,567552000
20/11/2003,0.15168645252588353,0.15504063276648938,0.1493997196200656,0.15000982582569122,0.15000982582569122,738852000
21/11/2003,0.1518392547507205,0.15206793902178192,0.14772314232173192,0.1506199687719345,0.1506199687719345,543240000
24/11/2003,0.1520678939219461,0.16007145939520426,0.1510004465467606,0.1596900373697281,0.1596900373697281,940644000
25/11/2003,0.16037605352979134,0.16380616674330442,0.15854667526325575,0.16243411600589752,0.16243411600589752,822804000
26/11/2003,0.16510230150242858,0.16563556183883826,0.15953821975439228,0.16258689761161804,0.16258689761161804,430032000
28/11/2003,0.16251099695384186,0.1629683382114289,0.16045293403468602,0.16182497143745422,0.16182497143745422,206136000
01/12/2003,0.1636542880822648,0.165330914478283,0.16174806432309788,0.16411162912845612,0.16411162912845612,526980000
02/12/2003,0.16312012149486665,0.16677889121204137,0.1624340962097703,0.16342562437057495,0.16342562437057495,574740000
03/12/2003,0.1638829608561158,0.16921837021494374,0.1613675441775147,0.16174806654453278,0.16174806654453278,710028000
04/12/2003,0.1622822859329129,0.16517821216976578,0.15709871331489425,0.1609102487564087,0.1609102487564087,521952000
05/12/2003,0.1570987233844812,0.1615962845175312,0.15443056798737131,0.15572668612003326,0.15572668612003326,559848000
08/12/2003,0.1557266707712612,0.15847075865969934,0.15435463364204435,0.156870037317276,0.156870037317276,340980000
09/12/2003,0.15656546489542555,0.15808934044149284,0.14863780369236523,0.14871372282505035,0.14871372282505035,598128000
10/12/2003,0.14871368875617566,0.15282981328530815,0.14863776964088288,0.15199196338653564,0.15199196338653564,568656000
11/12/2003,0.15191512883970137,0.16159626154686393,0.15161053914547196,0.1596900373697281,0.1596900373697281,694872000
12/12/2003,0.16182494842079773,0.1628914826931632,0.1562599536213231,0.15885218977928162,0.15885218977928162,700692000
15/12/2003,0.16350154842001094,0.1637302326086146,0.15519339378422664,0.15565073490142822,0.15565073490142822,622752000
16/12/2003,0.1547360526596457,0.15877534526375237,0.15199197845484816,0.15778473019599915,0.15778473019599915,601728000
17/12/2003,0.15648864666880447,0.1570228202769663,0.1521438501963255,0.15473608672618866,0.15473608672618866,499116000
18/12/2003,0.15504058913746444,0.1598427377923414,0.1548878377339892,0.15824201703071594,0.15824201703071594,436728000
19/12/2003,0.16220546796011512,0.16464496644116025,0.15885220024414012,0.16060476005077362,0.16060476005077362,916956000
22/12/2003,0.1582420378357988,0.1612147956196652,0.15664133049371765,0.16083337366580963,0.16083337366580963,371184000
23/12/2003,0.1602241749253013,0.1689896965340432,0.1601473426112803,0.16738897562026978,0.16738897562026978,722760000
24/12/2003,0.1673130693341757,0.16784634315293867,0.16571236192777256,0.16616970300674438,0.16616970300674438,210852000
26/12/2003,0.16746494106519386,0.17432515403258195,0.1667789156794537,0.173334538936615,0.173334538936615,363960000
29/12/2003,0.1766119054211838,0.1812622044626102,0.17577404169877675,0.18065211176872253,0.18065211176872253,756624000
30/12/2003,0.17874678869265542,0.18446362168761749,0.17859403722667888,0.18103352189064026,0.18103352189064026,550884000
31/12/2003,0.18095662273190735,0.1817953992995522,0.17394457384159587,0.17684049904346466,0.17684049904346466,497268000
02/01/2004,0.17966149729133316,0.18210006891589303,0.17592588067054749,0.17592588067054749,0.17592588067054749,436416000
05/01/2004,0.17859400418704247,0.18286288007165774,0.17699328306658121,0.18164268136024475,0.18164268136024475,575292000
06/01/2004,0.18110939605039114,0.19155245794437245,0.18027061938127895,0.18903705477714539,0.18903705477714539,1093344000
07/01/2004,0.18690216767180257,0.1916283845450365,0.18560694945811954,0.19071368873119354,0.19071368873119354,673032000
08/01/2004,0.1930763349047659,0.1939910306918043,0.1895703168161591,0.1913997083902359,0.1913997083902359,433752000
09/01/2004,0.19010362461950048,0.19650648264341597,0.1885797356320859,0.19414381682872772,0.19414381682872772,766584000
12/01/2004,0.19482982554192316,0.1969638069640208,0.19300043379720944,0.19635462760925293,0.19635462760925293,541980000
13/01/2004,0.19536307679683462,0.19726930078089508,0.1841580835431908,0.18621614575386047,0.18621614575386047,865800000
14/01/2004,0.18713086933799264,0.1897990244812999,0.18309157664104064,0.18484413623809814,0.18484413623809814,544872000
15/01/2004,0.18347211568817018,0.1866735452812317,0.180194766958042,0.1851496696472168,0.1851496696472168,609204000
16/01/2004,0.18705486981871083,0.18957027242149357,0.1853013977649864,0.18796956539154053,0.18796956539154053,451728000
20/01/2004,0.19025636568061927,0.1935337136367868,0.1881223841926763,0.19322912395000458,0.19322912395000458,487764000
21/01/2004,0.19162832976436447,0.1923902739263696,0.18400618940466051,0.18431077897548676,0.18431077897548676,494460000
22/01/2004,0.18530145990757074,0.18827421810870998,0.17783206826613132,0.18004196882247925,0.18004196882247925,605724000
23/01/2004,0.17912727777556844,0.1827101422731615,0.17562125923765612,0.17600268125534058,0.17600268125534058,482472000
26/01/2004,0.17714603457848607,0.1837007300306232,0.17577399763894647,0.18293879926204681,0.18293879926204681,393684000
27/01/2004,0.17927998594940975,0.1821768244120578,0.17112367115933022,0.17249570786952972,0.17249570786952972,934104000
28/01/2004,0.174706590035956,0.17745067816814608,0.17112373862075514,0.17203842103481293,0.17203842103481293,615204000
29/01/2004,0.17257260507647773,0.17341046876389107,0.16121484430818706,0.16700761020183563,0.16700761020183563,929700000
30/01/2004,0.16662707269062235,0.1734104531298093,0.16563554441255393,0.16959983110427856,0.16959983110427856,466464000
02/02/2004,0.17097187271122444,0.17569717679951247,0.16921840003769445,0.172343909740448,0.172343909740448,560844000
03/02/2004,0.17188659278137258,0.1748593516901756,0.1694471078717026,0.17173384130001068,0.17173384130001068,418032000
04/02/2004,0.16929434147668804,0.17066637868680468,0.16685576999226587,0.1670844405889511,0.1670844405889511,436800000
05/02/2004,0.1679991234230816,0.17150514211704393,0.16693167602219072,0.16959983110427856,0.16959983110427856,331980000
06/02/2004,0.17180966325932334,0.17592578655418648,0.17089496767935392,0.17348721623420715,0.17348721623420715,471132000
09/02/2004,0.1747824828735978,0.17760340292284318,0.17219116023370643,0.17226707935333252,0.17226707935333252,373992000
10/02/2004,0.17280134420529883,0.1787468639265093,0.17272451183480478,0.17859411239624023,0.17859411239624023,509700000
11/02/2004,0.18088076266571051,0.18545422886549948,0.18027065640830475,0.18484413623809814,0.18484413623809814,737808000
12/02/2004,0.18385350723075744,0.18484412224629573,0.17646003456817805,0.17928002774715424,0.17928002774715424,974892000
13/02/2004,0.1745538033315111,0.18210002713439538,0.17302991449590135,0.17760339379310608,0.17760339379310608,1747500000
17/02/2004,0.17828933014623075,0.18011872109228003,0.175849846901562,0.1795845478773117,0.1795845478773117,575976000
18/02/2004,0.18011872109228003,0.18103341656530464,0.17836524922988195,0.1795845478773117,0.1795845478773117,320244000
19/02/2004,0.1817953733898618,0.18499680095460155,0.17912720586762387,0.17950864136219025,0.17950864136219025,631032000
20/02/2004,0.17920415232751907,0.18446364479369481,0.17821262385996883,0.18400630354881287,0.18400630354881287,618120000
23/02/2004,0.1837007346659149,0.18400625117918987,0.17516389588786624,0.17760339379310608,0.17760339379310608,853332000
24/02/2004,0.17455383176879088,0.17676464584684115,0.16860831452881758,0.1705145388841629,0.1705145388841629,708384000
25/02/2004,0.17158108721464532,0.17478251669169134,0.16967577591344468,0.1715051680803299,0.1715051680803299,652512000
26/02/2004,0.1740205114058165,0.17432511467728115,0.17051449340365496,0.17264847457408905,0.17264847457408905,344976000
27/02/2004,0.17302993067541847,0.17318178255106745,0.16700759514501318,0.16959983110427856,0.16959983110427856,595548000
01/03/2004,0.16914246366781518,0.17241981127384745,0.16891379312460095,0.17211522161960602,0.17211522161960602,506628000
02/03/2004,0.1723439412630013,0.1735632270674718,0.1682278157924677,0.1689138412475586,0.1689138412475586,813348000
03/03/2004,0.16845641329333505,0.16845641329333505,0.16395886769060009,0.16670294106006622,0.16670294106006622,552492000
04/03/2004,0.16837962887345964,0.17066636187506445,0.16700759179849753,0.17036177217960358,0.17036177217960358,413352000
05/03/2004,0.16655023515659667,0.17302992527214595,0.16594105577249119,0.169142484664917,0.169142484664917,354888000
08/03/2004,0.16921838867802735,0.1715051214498922,0.16197675474373224,0.16327287256717682,0.16327287256717682,465168000
09/03/2004,0.16464492342628714,0.1647976748640702,0.15938543258966958,0.1621295064687729,0.1621295064687729,371232000
10/03/2004,0.16319699764580392,0.16494955746603612,0.15862353086361997,0.15976689755916595,0.15976689755916595,481692000
11/03/2004,0.1576319309005069,0.16327284268406378,0.1576319309005069,0.15854662656784058,0.15854662656784058,526872000
12/03/2004,0.16068151818953785,0.1638829461597565,0.15892804598228105,0.16190080344676971,0.16190080344676971,377952000
15/03/2004,0.16091018482674554,0.1615962099574421,0.15725141593302933,0.15824201703071594,0.15824201703071594,421224000
16/03/2004,0.16022417295491503,0.1657882662976853,0.15915672583217752,0.16502632200717926,0.16502632200717926,597504000
17/03/2004,0.16769361835264568,0.1706663769696592,0.16700760656949218,0.1690656691789627,0.1690656691789627,524592000
18/03/2004,0.16815095044268139,0.17302991912364507,0.1676935956857274,0.17097187042236328,0.17097187042236328,528048000
19/03/2004,0.1700571652315646,0.17180971094549014,0.16799910301291332,0.16898971796035767,0.16898971796035767,452964000
22/03/2004,0.16639830662547328,0.16898964151745036,0.16388290444274933,0.16769351065158844,0.16769351065158844,576708000
23/03/2004,0.1699803409096823,0.17180971903348904,0.1664743088466152,0.16837961971759796,0.16837961971759796,576036000
24/03/2004,0.16807506539326944,0.17874680122202202,0.16769362967675344,0.17592588067054749,0.17592588067054749,787344000
25/03/2004,0.1779079471124677,0.1870548902077874,0.17760335750162456,0.18614019453525543,0.18614019453525543,997128000
26/03/2004,0.1856069564819336,0.18850288225692896,0.18309155312117817,0.1856069564819336,0.1856069564819336,551604000
29/03/2004,0.18827419637409715,0.19612592232672665,0.18789368762083872,0.1936105191707611,0.1936105191707611,985764000
30/03/2004,0.19231447449582473,0.20031804170636056,0.19216170938042035,0.19940334558486938,0.19940334558486938,724956000
31/03/2004,0.20039392470723041,0.20336668315850387,0.19932739050311818,0.2012327015399933,0.2012327015399933,604752000
01/04/2004,0.20146134273715743,0.20557746712624833,0.19261900142683852,0.19764982163906097,0.19764982163906097,1319508000
02/04/2004,0.20199458943034596,0.20329070706314686,0.19589723598899672,0.2004707008600235,0.2004707008600235,649740000
05/04/2004,0.19940330202594653,0.20847432849184527,0.19940330202594653,0.2076355516910553,0.2076355516910553,576744000
06/04/2004,0.20351933400804045,0.2049673031658516,0.1981839259941415,0.1992504596710205,0.1992504596710205,624096000
07/04/2004,0.20077533454390878,0.20085125365792372,0.19467706696814482,0.19818399846553802,0.19818399846553802,447864000
08/04/2004,0.20260474268656678,0.20580617178310387,0.20107995407859253,0.2038240283727646,0.2038240283727646,447096000
12/04/2004,0.2054247437503842,0.2063394396984574,0.19879321516435874,0.2000134140253067,0.2000134140253067,443784000
13/04/2004,0.2018427776018245,0.20199461582668055,0.1943724732389297,0.19536307454109192,0.19536307454109192,442704000
14/04/2004,0.19437248442074623,0.20001339746867733,0.19216165704164806,0.19635462760925293,0.19635462760925293,512016000
15/04/2004,0.19368642989678225,0.19452520652583757,0.18522551139107865,0.18606428802013397,0.18606428802013397,828084000
16/04/2004,0.18530153425519033,0.18537836661362178,0.17958469975157235,0.17996612191200256,0.17996612191200256,654864000
19/04/2004,0.17981327839436223,0.18103347702913553,0.17653593087551375,0.17973735928535461,0.17973735928535461,522804000
20/04/2004,0.1801947051531449,0.18217684819104968,0.1720383756684442,0.17211522161960602,0.17211522161960602,513804000
21/04/2004,0.17280125087352138,0.17836533173918925,0.17104779182999474,0.172343909740448,0.172343909740448,688812000
22/04/2004,0.1707432024839225,0.17623137830983476,0.16716035135496704,0.173334538936615,0.173334538936615,695520000
23/04/2004,0.17546849265761216,0.18011879047757892,0.17493521881702256,0.1771460324525833,0.1771460324525833,443928000
26/04/2004,0.17752657414427286,0.17828941819673835,0.1697516655988241,0.17020902037620544,0.17020902037620544,429912000
27/04/2004,0.17219121856401332,0.17676468601559134,0.1681510115509338,0.16876110434532166,0.16876110434532166,494568000
28/04/2004,0.1688369259240875,0.1714291747843564,0.16677886403417755,0.16807499527931213,0.16807499527931213,468768000
29/04/2004,0.16708440771775213,0.16822777410624437,0.16121481070743426,0.16342562437057495,0.16342562437057495,645048000
30/04/2004,0.16251097455664235,0.16350157607473179,0.1558025994862123,0.15641270577907562,0.15641270577907562,512928000
03/05/2004,0.15808932355136418,0.15969004489949593,0.1516864654188461,0.15443055331707,0.15443055331707,610668000
04/05/2004,0.15664132996995497,0.16624561488033168,0.15625990801737474,0.16426347196102142,0.16426347196102142,772380000
05/05/2004,0.16441621108500426,0.16708437902332243,0.16304417438044239,0.16563549637794495,0.16563549637794495,464280000
06/05/2004,0.16395893239049883,0.1683037282983218,0.1604529133804461,0.16700761020183563,0.16700761020183563,711348000
07/05/2004,0.17188653379443816,0.17508796222142473,0.16738898761672913,0.1683036834001541,0.1683036834001541,956772000
10/05/2004,0.1638061285406605,0.16555958727516065,0.158166115920205,0.16174806654453278,0.16174806654453278,669072000
11/05/2004,0.16380617692249663,0.16731310905730626,0.1631201515111624,0.1657124012708664,0.1657124012708664,399936000
12/05/2004,0.16479767494076764,0.1650263454924656,0.1577087924281137,0.16342562437057495,0.16342562437057495,482328000
13/05/2004,0.1620536404204125,0.16693171086500924,0.1615962991674703,0.16395895183086395,0.16395895183086395,347952000
14/05/2004,0.16464497734028424,0.16754180360575394,0.16312017483364122,0.16395895183086395,0.16395895183086395,459000000
17/05/2004,0.16159630926886578,0.1637302914391837,0.1589281398330728,0.16136762499809265,0.16136762499809265,308340000
18/05/2004,0.16281558506850144,0.1658642632413154,0.16220547869774982,0.16395895183086395,0.16395895183086395,204420000
19/05/2004,0.16761770319201655,0.16998036920981496,0.16273964694644621,0.16357749700546265,0.16357749700546265,498276000
20/05/2004,0.16327284566935793,0.1660169327215321,0.1603760072048361,0.16121478378772736,0.16121478378772736,421488000
21/05/2004,0.16312015883330738,0.16334882943734835,0.159385469147413,0.16159628331661224,0.16159628331661224,282096000
24/05/2004,0.16129071741960585,0.16289143841841677,0.1591567362445577,0.16106204688549042,0.16106204688549042,301620000
25/05/2004,0.16174805819662008,0.1688369259240875,0.15847071100306576,0.16807499527931213,0.16807499527931213,681264000
26/05/2004,0.16807506798992478,0.1737919014739333,0.1670844527721667,0.1715051680803299,0.1715051680803299,524568000
27/05/2004,0.1743251679599741,0.1769174042000646,0.17180975043129848,0.17203842103481293,0.17203842103481293,556548000
28/05/2004,0.17417333779214217,0.17973741981614028,0.17280128684728177,0.1787468045949936,0.1787468045949936,637980000
01/06/2004,0.17569727169541002,0.18042349154660361,0.17546860100536596,0.17859411239624023,0.17859411239624023,318420000
02/06/2004,0.1829388302080038,0.18377760707244417,0.17706923220756718,0.17722198367118835,0.17722198367118835,643800000
03/06/2004,0.17729786575726308,0.17767930136147203,0.16815093501731726,0.16868510842323303,0.16868510842323303,700824000
04/06/2004,0.17211526387776177,0.17249577273645383,0.16685577194250154,0.16700761020183563,0.16700761020183563,649608000
07/06/2004,0.16975167508636993,0.17295310418695442,0.16761769342274874,0.17104780673980713,0.17104780673980713,571956000
08/06/2004,0.170057135724582,0.17036172533629176,0.16548365734890969,0.16799907386302948,0.16799907386302948,615000000
09/06/2004,0.16898967711089521,0.16921834760657997,0.15961406411782808,0.16014732420444489,0.16014732420444489,498336000
10/06/2004,0.1627395825656182,0.16304417217473033,0.15709865715206137,0.15854662656784058,0.15854662656784058,564516000
14/06/2004,0.1577087852873423,0.1577087852873423,0.15237246236588578,0.15359266102313995,0.15359266102313995,424752000
15/06/2004,0.15618399650076878,0.15824204499657513,0.15443052402577975,0.15587939321994781,0.15587939321994781,394584000
16/06/2004,0.15542206733028022,0.156412682329863,0.15282981791950612,0.15343992412090302,0.15343992412090302,252576000
17/06/2004,0.1524493434413847,0.15618404692770407,0.14962842283255642,0.15039128065109253,0.15039128065109253,482376000
18/06/2004,0.15122916197106973,0.154812013974441,0.1486378248859464,0.1506199687719345,0.1506199687719345,534336000
21/06/2004,0.15084859083295543,0.15321124267265843,0.1469611370182007,0.14795175194740295,0.14795175194740295,266568000
22/06/2004,0.1487905537849446,0.15282983287638813,0.14779902547811302,0.15214382112026215,0.15214382112026215,430308000
23/06/2004,0.15168649530816572,0.15534527989341565,0.15130598640002219,0.15473608672618866,0.15473608672618866,264660000
24/06/2004,0.15885214884988352,0.159385422663667,0.15222062148670415,0.15336398780345917,0.15336398780345917,590652000
25/06/2004,0.15443050629876323,0.15618397857247188,0.15260111492359513,0.15435458719730377,0.15435458719730377,329124000
28/06/2004,0.15656538496376354,0.15709864504109933,0.15244926159307987,0.15305845439434052,0.15305845439434052,299376000
29/06/2004,0.1539731455952064,0.15854662385357848,0.15336396638741104,0.1583179533481598,0.1583179533481598,363852000
30/06/2004,0.15412596836926404,0.1584707641198214,0.15412596836926404,0.1560312658548355,0.1560312658548355,329268000
01/07/2004,0.15778473660107234,0.1580134071890874,0.1486377904104288,0.1488664746284485,0.1488664746284485,505620000
02/07/2004,0.15046715549361478,0.150543074605953,0.14566501948318145,0.14680838584899902,0.14680838584899902,294948000
06/07/2004,0.14505490662308324,0.14657969490044973,0.13659398772889186,0.13819469511508942,0.13819469511508942,575388000
07/07/2004,0.1399481319040201,0.14284496992294957,0.13819465990679033,0.1388806849718094,0.1388806849718094,344136000
08/07/2004,0.13758555745611756,0.13987229077405552,0.13438412808500325,0.1346127986907959,0.1346127986907959,430056000
09/07/2004,0.1344600521830478,0.13461280366267891,0.12630372016501823,0.12881913781166077,0.12881913781166077,1114500000
12/07/2004,0.12523717796510564,0.12881912974358192,0.12416973046536954,0.12584637105464935,0.12584637105464935,676044000
13/07/2004,0.12737118731621008,0.12958200192393543,0.12424567648088067,0.12561772763729095,0.12561772763729095,567108000
14/07/2004,0.12119697086618723,0.12455116522991426,0.11761411953426623,0.12005360424518585,0.12005360424518585,901608000
15/07/2004,0.12127287254739634,0.12256899030516408,0.11845286607237852,0.11921481043100357,0.11921481043100357,611352000
16/07/2004,0.12287361644650965,0.12302636792164685,0.11570881307125092,0.11570881307125092,0.11570881307125092,464700000
19/07/2004,0.11601340268778486,0.11830013575181592,0.11441268136496059,0.11700493097305298,0.11700493097305298,461088000
20/07/2004,0.11692807910762898,0.11982491827328383,0.1157847126333231,0.1193675771355629,0.1193675771355629,341544000
21/07/2004,0.12119692091899704,0.12134968595496227,0.11174539530362683,0.11212591081857681,0.11212591081857681,613416000
22/07/2004,0.11342207065624964,0.11509871116699126,0.10976329352395103,0.11448951810598373,0.11448951810598373,521460000
23/07/2004,0.11525144845262264,0.11540419989674128,0.11067797589608946,0.11143991351127625,0.11143991351127625,371496000
26/07/2004,0.112888792114835,0.11387940712772944,0.10724787893170792,0.10831532627344131,0.10831532627344131,503208000
27/07/2004,0.10884860400066806,0.11220278459163263,0.10549441659470116,0.11189727485179901,0.11189727485179901,789888000
28/07/2004,0.1116686044785383,0.11205003334515813,0.10595176479082571,0.10907727479934692,0.10907727479934692,505116000
29/07/2004,0.1106020308793806,0.11906295551291714,0.11006785074015514,0.11624203622341156,0.11624203622341156,747360000
30/07/2004,0.1147941107970913,0.11967218057316455,0.11456544020195875,0.1175381988286972,0.1175381988286972,403956000
02/08/2004,0.11761412163660225,0.1195203460559146,0.11563289129701908,0.11906300485134125,0.11906300485134125,420984000
03/08/2004,0.11959622892413774,0.11967214803175791,0.1119740868190865,0.11288877576589584,0.11288877576589584,741540000
04/08/2004,0.11166857255126324,0.11517551042373213,0.11151673434228056,0.11410806328058243,0.11410806328058243,507816000
05/08/2004,0.11532733881743214,0.11586151213357115,0.10900131523158275,0.11098254472017288,0.11098254472017288,859920000
06/08/2004,0.07706296572900151,0.07774898415295381,0.07088877946842845,0.07187939435243607,0.07187939435243607,5088948000
09/08/2004,0.07370879776906644,0.07675838872293896,0.07248951203972037,0.07508084177970886,0.07508084177970886,1579212000
10/08/2004,0.07927380735440738,0.08178921822088,0.07797768234062565,0.0810263603925705,0.0810263603925705,2051916000
11/08/2004,0.07995980224104257,0.07995980224104257,0.07813041740086317,0.07866368442773819,0.07866368442773819,963816000
12/08/2004,0.07889237633314415,0.07912104694444182,0.07668156209378647,0.0768343135714531,0.0768343135714531,654384000
13/08/2004,0.07866370142415165,0.08056900578907909,0.07797767599773277,0.0800357386469841,0.0800357386469841,815700000
16/08/2004,0.079121031857537,0.08125501334594863,0.0786636907221481,0.07927379012107849,0.07927379012107849,531732000
17/08/2004,0.08102635321329786,0.08407594420546517,0.08026441547793134,0.08361859619617462,0.08361859619617462,744912000
18/08/2004,0.08399907402656458,0.08918263763189316,0.08331304891416573,0.08918263763189316,0.08918263763189316,872424000
19/08/2004,0.08864940967183851,0.09025012415580383,0.08750603634186158,0.0888780802488327,0.0888780802488327,724404000
20/08/2004,0.08842074635342866,0.09543279161884469,0.08811523658029591,0.09413758665323257,0.09413758665323257,1199040000
23/08/2004,0.09566146526495663,0.09718626080908785,0.09512819810993041,0.09619564563035965,0.09619564563035965,800028000
24/08/2004,0.09756766007010911,0.09802500798685954,0.09078338087742686,0.09261276572942734,0.09261276572942734,939420000
25/08/2004,0.09467087904049717,0.0972622096872169,0.09291740554072889,0.09657618403434753,0.09657618403434753,721308000
26/08/2004,0.09642428210207896,0.09741489693014559,0.09566143140236312,0.09680479764938354,0.09680479764938354,612720000
27/08/2004,0.09688163838730503,0.10000623456212814,0.09680480606612114,0.09863419085741043,0.09863419085741043,565128000
30/08/2004,0.09825368324114696,0.09878695026000729,0.0952809252536579,0.09535684436559677,0.09535684436559677,628056000
31/08/2004,0.09573826194192991,0.09619560979525918,0.09200265361721686,0.09497540444135666,0.09497540444135666,587064000
01/09/2004,0.09375612085067998,0.09817683441980789,0.09253683549920944,0.09680479764938354,0.09680479764938354,591744000
02/09/2004,0.09726217061275569,0.10153104707470124,0.09634747465307311,0.10076910257339478,0.10076910257339478,770088000
03/09/2004,0.09771950542926788,0.09970164172500286,0.09688164191678257,0.09771950542926788,0.09771950542926788,715056000
07/09/2004,0.09832958793090393,0.1003876498026903,0.09459489292636895,0.0958900973200798,0.0958900973200798,727332000
08/09/2004,0.0959669686924535,0.09680483240235978,0.09368023537747441,0.09390890598297119,0.09390890598297119,834984000
09/09/2004,0.09619564556591988,0.10496115669670121,0.09573829754252428,0.10328452289104462,0.10328452289104462,1299324000
10/09/2004,0.10153104233280585,0.10778114867029913,0.10122644582556652,0.10724788159132004,0.10724788159132004,1039344000
13/09/2004,0.10709512664304553,0.11143992216072401,0.10694328839734589,0.10930594056844711,0.10930594056844711,967752000
14/09/2004,0.10831530874534943,0.11052520897959091,0.10747653210541984,0.1097632646560669,0.1097632646560669,683556000
15/09/2004,0.1064091049828642,0.10671461470088989,0.10229298016426125,0.10366502404212952,0.10366502404212952,1163904000
16/09/2004,0.10541850920853327,0.1086199386936079,0.10503708030017087,0.10755249112844467,0.10755249112844467,810024000
17/09/2004,0.10839124031272941,0.11258328394415656,0.10747654446131362,0.11197409778833389,0.11197409778833389,1003800000
20/09/2004,0.10976329092145752,0.11502278931349849,0.1083912537887531,0.11182135343551636,0.11182135343551636,794628000
21/09/2004,0.11433674928124156,0.11570878623813567,0.11296470550934612,0.11479409039020538,0.11479409039020538,503904000
22/09/2004,0.11174542528498062,0.11448950614374338,0.10892451209763296,0.10945869237184525,0.10945869237184525,625920000
23/09/2004,0.11075390381968452,0.11105941354721603,0.10755247482004894,0.11044931411743164,0.11044931411743164,578664000
24/09/2004,0.110906626558288,0.11105937796561369,0.10549437854804362,0.10709509253501892,0.10709509253501892,476316000
27/09/2004,0.10625723991243889,0.10747652521593293,0.10328448233515772,0.10518979281187057,0.10518979281187057,406020000
28/09/2004,0.1049611483631668,0.1076293103454218,0.1035131920916719,0.10671462118625641,0.10671462118625641,474840000
29/09/2004,0.10663777867039485,0.11235461810602539,0.10526574156744482,0.10930594056844711,0.10930594056844711,537228000
30/09/2004,0.11052522843690582,0.11319339022406709,0.10846716605301349,0.11067797988653183,0.11067797988653183,619680000
01/10/2004,0.11121124611338992,0.11586154431435165,0.11067797904411136,0.11525145173072815,0.11525145173072815,590412000
04/10/2004,0.11624207992864628,0.12005360178051697,0.11601340933514162,0.118528813123703,0.118528813123703,673932000
05/10/2004,0.11563289426649007,0.11868157219516329,0.11479411733643731,0.11586156487464905,0.11586156487464905,633180000
06/10/2004,0.11563287850247182,0.11685216413963856,0.1129647166258841,0.11631890386343002,0.11631890386343002,498504000
07/10/2004,0.11845288720884448,0.12112104231030638,0.11639482472521569,0.11700493097305298,0.11700493097305298,798072000
08/10/2004,0.11578470266238826,0.11624205739072707,0.10961052286983292,0.11060205101966858,0.11060205101966858,693420000
11/10/2004,0.11075389385223389,0.11296470758287082,0.10877267070547209,0.11075389385223389,0.11075389385223389,373848000
12/10/2004,0.10701921448448358,0.10999197309266465,0.10526574841762568,0.10915319621562958,0.10915319621562958,827232000
13/10/2004,0.11243143348520995,0.11387939630766833,0.10755245839747432,0.10846715420484543,0.10846715420484543,672816000
14/10/2004,0.10945866800412625,0.10945866800412625,0.1044278485371889,0.10518979281187057,0.10518979281187057,513264000
15/10/2004,0.10541847928630033,0.1055712375373709,0.09970164059563304,0.1022929698228836,0.1022929698228836,1280484000
18/10/2004,0.10168380703154882,0.10518983288992549,0.10084503694080961,0.10412238538265228,0.10412238538265228,573972000
19/10/2004,0.10648596461481072,0.10755249904809336,0.10267443532677843,0.10343637317419052,0.10343637317419052,618480000
20/10/2004,0.10313175939322614,0.10511390272861874,0.10252165996804356,0.10465655475854874,0.10465655475854874,540204000
21/10/2004,0.10572307566053508,0.10839123720830517,0.10488521215835496,0.10701919347047806,0.10701919347047806,1013964000
22/10/2004,0.10800982264280826,0.10823849322174788,0.1009209461006533,0.10122644901275635,0.10122644901275635,686460000
25/10/2004,0.10038763335724306,0.10389365046000348,0.10015895606728409,0.10168375074863434,0.10168375074863434,529164000
26/10/2004,0.11166859976672384,0.11578471789839669,0.10800982279356859,0.11044931411743164,0.11044931411743164,2455776000
27/10/2004,0.10846716607776707,0.11555604232334592,0.10846716607776707,0.11349797993898392,0.11349797993898392,1074036000
28/10/2004,0.11197411017078478,0.11433676236064987,0.11121125246512453,0.11227869987487793,0.11227869987487793,561552000
29/10/2004,0.11121126582707998,0.11273606139631938,0.10930595456957386,0.1102965697646141,0.1102965697646141,742860000
01/11/2004,0.11182132591202841,0.11273602165202469,0.11037337001122485,0.11266010254621506,0.11266010254621506,653892000
02/11/2004,0.11235459864107873,0.1166234742963432,0.11143990285424443,0.11426082253456116,0.11426082253456116,1095756000
03/11/2004,0.11891025479873582,0.11929169055094906,0.1147182097763773,0.11532740294933319,0.11532740294933319,910356000
04/11/2004,0.11616609304980949,0.11891016583146032,0.11372660299674395,0.11746221035718918,0.11746221035718918,995544000
05/11/2004,0.1356793477114682,0.14307373565040624,0.13293527288456308,0.13446006178855896,0.13446006178855896,3849012000
08/11/2004,0.13301200724133136,0.13773730917164162,0.13240190130911486,0.13590791821479797,0.13590791821479797,718620000
09/11/2004,0.13384994734144723,0.13705137686659905,0.133774028205991,0.13507016003131866,0.13507016003131866,615936000
10/11/2004,0.13491739491997334,0.13636536501621346,0.134307302205044,0.13507016003131866,0.13507016003131866,645912000
11/11/2004,0.1359079424909534,0.13773733377456665,0.13499324684914674,0.13773733377456665,0.13773733377456665,507000000
12/11/2004,0.13987230615825277,0.14025281506950335,0.13659404408438489,0.1379660815000534,0.1379660815000534,647076000
15/11/2004,0.1365939966116404,0.14101562393351283,0.1357561330996919,0.1400240957736969,0.1400240957736969,536472000
16/11/2004,0.14048144513524358,0.1420062334534663,0.13697541336347183,0.13956674933433533,0.13956674933433533,472728000
17/11/2004,0.14177756048900655,0.14566501416896377,0.1404055236260812,0.14193031191825867,0.14193031191825867,602772000
18/11/2004,0.1431495767255587,0.14497896803253063,0.14017681925922926,0.14375968277454376,0.14375968277454376,532524000
19/11/2004,0.15473601591567834,0.15648857505628563,0.14337825886886915,0.14452163875102997,0.14452163875102997,2126052000
22/11/2004,0.14505493542932893,0.1486377865076065,0.14368289830725997,0.1486377865076065,0.1486377865076065,733788000
23/11/2004,0.1474185076509571,0.15084862105952765,0.14619830872035872,0.1492478996515274,0.1492478996515274,676896000
24/11/2004,0.1490951295822402,0.1522965583687606,0.14871369394210424,0.1498570740222931,0.1498570740222931,428580000
26/11/2004,0.1505430735422252,0.15275388714590066,0.14924786896088305,0.15138185024261475,0.15138185024261475,350760000
29/11/2004,0.15252522289653642,0.15359267018653708,0.14711298054177713,0.14840909838676453,0.14840909838676453,704388000
30/11/2004,0.14901920011824596,0.14917103834358464,0.1449789948440186,0.14581777155399323,0.14581777155399323,576540000
01/12/2004,0.14711297797513428,0.1494765430688858,0.14604644391392085,0.1494765430688858,0.1494765430688858,514572000
02/12/2004,0.148027628842418,0.1526010929930791,0.14688426280475272,0.15145772695541382,0.15145772695541382,758652000
03/12/2004,0.15511660796048934,0.16007151120440635,0.15458334752042815,0.1580134481191635,0.1580134481191635,1347312000
06/12/2004,0.15877536845725887,0.1668557812663875,0.1559553610876983,0.16555964946746826,0.16555964946746826,970500000
07/12/2004,0.17523985901214462,0.19025640490334644,0.17180975890033098,0.1738678216934204,0.1738678216934204,2927052000
08/12/2004,0.17630731638706348,0.1791273100981334,0.1745538433815838,0.17592588067054749,0.17592588067054749,872724000
09/12/2004,0.17280126421717903,0.17615453153518174,0.16944708368888006,0.1743251532316208,0.1743251532316208,869964000
10/12/2004,0.1783652670555741,0.17958456582485968,0.17661180864793374,0.17767925560474396,0.17767925560474396,652848000
13/12/2004,0.17501118702750249,0.1772979204174794,0.17196250903433502,0.17280128598213196,0.17280128598213196,738024000
14/12/2004,0.17295309674511924,0.17646004224697395,0.17264850704636783,0.1763072907924652,0.1763072907924652,512988000
15/12/2004,0.1780607398749667,0.17844126230439095,0.1753166658500986,0.17790798842906952,0.17790798842906952,432768000
16/12/2004,0.18309162258744402,0.18949448232593263,0.1799661118618158,0.1802707016468048,0.1802707016468048,1524036000
17/12/2004,0.1836247906444694,0.1843867349589289,0.1737159162362387,0.1757739782333374,0.1757739782333374,1214244000
20/12/2004,0.17783210901002067,0.18057619727747531,0.17295312560426887,0.1738678216934204,0.1738678216934204,898728000
21/12/2004,0.17386777704067316,0.17638319404733172,0.16959981428101456,0.1751638948917389,0.1751638948917389,899400000
22/12/2004,0.17866993087623295,0.17950870763399768,0.17501114737719442,0.17539258301258087,0.17539258301258087,421824000
23/12/2004,0.17440195851556498,0.17783205763646392,0.1735631818035153,0.17584991455078125,0.17584991455078125,366972000
27/12/2004,0.1782894263878707,0.17905137089509157,0.1734104572648381,0.1743251532316208,0.1743251532316208,308208000
28/12/2004,0.17470662342412757,0.17607866093742983,0.172724479484726,0.17341050505638123,0.17341050505638123,291612000
29/12/2004,0.17287717416471063,0.1770692181023306,0.1724198330205992,0.1749352365732193,0.1749352365732193,294732000
30/12/2004,0.17501111778357772,0.1764600004929183,0.17348724281013062,0.17424918711185455,0.17424918711185455,259812000
31/12/2004,0.17676454237458664,0.18049922972033927,0.1760785173623189,0.1795845478773117,0.1795845478773117,575964000
03/01/2005,0.18583562645889765,0.18842694873635105,0.17897541493495198,0.17973735928535461,0.17973735928535461,1066716000
04/01/2005,0.1810334873722684,0.1813380770358095,0.16853236266480676,0.17127645015716553,0.17127645015716553,790224000
05/01/2005,0.16944704884615575,0.17493520988833863,0.1685323530674583,0.17287714779376984,0.17287714779376984,724812000
06/01/2005,0.1759258630528346,0.17798392559518292,0.16998035964272082,0.17120055854320526,0.17120055854320526,563568000
07/01/2005,0.17158104304002733,0.17287716088217903,0.1654068562888776,0.1679222732782364,0.1679222732782364,763092000
10/01/2005,0.16845643482909575,0.16998032353806244,0.16731306850731495,0.1683036834001541,0.1683036834001541,579552000
11/01/2005,0.16670298657950924,0.1676176824957622,0.160604732117747,0.16312013566493988,0.16312013566493988,1093380000
12/01/2005,0.16456897243482443,0.1651781653280787,0.15778469397312303,0.16174806654453278,0.16174806654453278,1057800000
13/01/2005,0.16212950654422856,0.16769358704883566,0.15854665594089767,0.16342562437057495,0.16342562437057495,898764000
14/01/2005,0.1664743559820601,0.1668557917263406,0.1623582301855523,0.16395895183086395,0.16395895183086395,573912000
18/01/2005,0.16212957751359114,0.1669317293513178,0.16174815535707823,0.16655029356479645,0.16655029356479645,464556000
19/01/2005,0.16731307004056692,0.16769357880123809,0.16205357946017673,0.1627396047115326,0.1627396047115326,336492000
20/01/2005,0.1594613656299317,0.16708442223219871,0.1594613656299317,0.16312013566493988,0.16312013566493988,640080000
21/01/2005,0.1633487920465646,0.16662705298435374,0.1628155318293249,0.16342562437057495,0.16342562437057495,596352000
24/01/2005,0.16251096455305106,0.1648736167693839,0.1559553413544633,0.156870037317276,0.156870037317276,463704000
25/01/2005,0.15755602414586495,0.16182489957790455,0.15664132840686126,0.15961408615112305,0.15961408615112305,439704000
26/01/2005,0.16014738759364544,0.16388300382841192,0.1574801456348782,0.1616721898317337,0.1616721898317337,429120000
27/01/2005,0.1619767925843156,0.17539261631481595,0.1609861774044705,0.17463067173957825,0.17463067173957825,1002912000
28/01/2005,0.1753166945546173,0.1760027063581531,0.170590462910111,0.17440199851989746,0.17440199851989746,671052000
31/01/2005,0.1758499448251751,0.1779839265039592,0.17226709365158216,0.1747065782546997,0.1747065782546997,562968000
01/02/2005,0.17455381045497,0.17874676750447804,0.17348727632055738,0.17798390984535217,0.17798390984535217,507180000
02/02/2005,0.18499689392737248,0.18934168968948575,0.17973740216849773,0.18789373338222504,0.18789373338222504,2035404000
03/02/2005,0.18591159582138062,0.18720771391551316,0.1833202592134654,0.18591159582138062,0.18591159582138062,690120000
04/02/2005,0.1859874580755311,0.19711653119095385,0.18591153896921814,0.19658327102661133,0.19658327102661133,806448000
07/02/2005,0.19681194258058157,0.2004707119538756,0.1924671479866694,0.1942196935415268,0.1942196935415268,521628000
08/02/2005,0.19300045925697784,0.19925056611416633,0.1923903666115272,0.19612596929073334,0.19612596929073334,455772000
09/02/2005,0.19665924625503414,0.19726933890987222,0.18827424435490078,0.18926577270030975,0.18926577270030975,783756000
10/02/2005,0.19025634161622285,0.19467705548146513,0.189570316370058,0.19368644058704376,0.19368644058704376,602376000
11/02/2005,0.19246715183928345,0.2007753192397094,0.19178112660493313,0.19932734966278076,0.19932734966278076,556512000
14/02/2005,0.1992505712853057,0.20001342904450284,0.19437251510604894,0.19513444602489471,0.19513444602489471,432900000
15/02/2005,0.19643056919257357,0.2031380171136093,0.19612596585034794,0.19688791036605835,0.19688791036605835,748500000
16/02/2005,0.19627778002085805,0.1990986999414796,0.19269584251820301,0.1962018609046936,0.1962018609046936,466464000
17/02/2005,0.19887005438314329,0.1989459735088517,0.1929245373298195,0.19444842636585236,0.19444842636585236,1017408000
18/02/2005,0.2093890515714454,0.21571507788254587,0.20359537238586645,0.21548640727996826,0.21548640727996826,3132120000
22/02/2005,0.21403841210951396,0.22326127692908265,0.21213310112215125,0.2182304561138153,0.2182304561138153,1420800000
23/02/2005,0.21472440567912027,0.21739256033064525,0.20763552347203482,0.21114154160022736,0.21114154160022736,1107840000
24/02/2005,0.2082456109307605,0.21701111888476268,0.2082456109307605,0.2167065292596817,0.2167065292596817,695496000
25/02/2005,0.21701114713370595,0.2209745201358657,0.21464849524917223,0.21983115375041962,0.21983115375041962,525132000
28/02/2005,0.21876466366102496,0.22105139689155626,0.21685843928534873,0.22097456455230713,0.22097456455230713,758064000
01/03/2005,0.22196600902391303,0.22562477808403245,0.21823039402358108,0.22044120728969574,0.22044120728969574,737148000
02/03/2005,0.2180017879215767,0.2192219867754593,0.212666377350473,0.21396249532699585,0.21396249532699585,947460000
03/03/2005,0.21342834584898027,0.2148003831025014,0.20794016957488448,0.21106567978858948,0.21106567978858948,761292000
04/03/2005,0.21167571552309172,0.2135051070045085,0.20839745492967351,0.21015092730522156,0.21015092730522156,593124000
07/03/2005,0.211065622250236,0.21670654845930332,0.20961766626025904,0.2122849076986313,0.2122849076986313,511176000
08/03/2005,0.21175173674486605,0.2122090780207696,0.20016530342172206,0.2015373408794403,0.2015373408794403,1332384000
09/03/2005,0.20024202310512165,0.2039767248734671,0.19566855839939368,0.19627773761749268,0.19627773761749268,910140000
10/03/2005,0.19688788621075998,0.19864135882410394,0.19307635130921977,0.1962018609046936,0.1962018609046936,689280000
11/03/2005,0.1979553044707638,0.19825989410092168,0.1900276461561081,0.19178111851215363,0.19178111851215363,732180000
14/03/2005,0.19574454868992983,0.19803128187446092,0.19437251150521215,0.1971925050020218,0.1971925050020218,572148000
15/03/2005,0.1981840118390534,0.20008932275935215,0.1930763588714949,0.19322912395000458,0.19322912395000458,378108000
16/03/2005,0.19246716459519664,0.19551584174766087,0.18987491533244943,0.18995174765586853,0.18995174765586853,535356000
17/03/2005,0.1905610404465731,0.1912470660857969,0.1875882808499494,0.18804563581943512,0.18804563581943512,442584000
18/03/2005,0.18819833584149692,0.18880842853074484,0.18080486186977318,0.18423496186733246,0.18423496186733246,639012000
21/03/2005,0.18415806547282657,0.19101826308190573,0.1830146992046467,0.19056092202663422,0.19056092202663422,654456000
22/03/2005,0.19071373471334352,0.1924672076518627,0.18644485790277987,0.1871308833360672,0.1871308833360672,622992000
23/03/2005,0.1869021450057761,0.19246713790603542,0.1865216226520828,0.19117102026939392,0.19117102026939392,728784000
24/03/2005,0.1917042984133586,0.19688786986673076,0.19139970876379087,0.19155246019363403,0.19155246019363403,865356000
28/03/2005,0.19162839951088081,0.19437248716671812,0.18758819395999446,0.18941758573055267,0.18941758573055267,511188000
29/03/2005,0.18918890445730313,0.19132379899891314,0.1843867547389243,0.18522553145885468,0.18522553145885468,587400000
30/03/2005,0.18530145057242514,0.18789369984578677,0.17889859336792163,0.18522553145885468,0.18522553145885468,858708000
31/03/2005,0.18415807562665584,0.18545419338807975,0.18027062192250315,0.18110939860343933,0.18110939860343933,518316000
01/04/2005,0.18332017477474316,0.18438670856832387,0.1782893557652114,0.17935588955879211,0.17935588955879211,510756000
04/04/2005,0.1783653176637665,0.1788985915035311,0.17432512601369163,0.17828939855098724,0.17828939855098724,421428000
05/04/2005,0.1783653235665748,0.18210002609882345,0.1740964475967323,0.1751638948917389,0.1751638948917389,430128000
06/04/2005,0.17844128990249103,0.1814140349508685,0.1772219905173716,0.17783209681510925,0.17783209681510925,567468000
07/04/2005,0.17874674683095618,0.18293879018539377,0.1756971565976189,0.18110939860343933,0.18110939860343933,506352000
08/04/2005,0.1818714017379998,0.1859116081779934,0.17836536887127988,0.1787468045949936,0.1787468045949936,621540000
11/04/2005,0.1800418743413181,0.18065198022094267,0.17470646693871061,0.17523972690105438,0.17523972690105438,328380000
12/04/2005,0.17470656682788374,0.17767932516868615,0.17081911256452645,0.1773747354745865,0.1773747354745865,512232000
13/04/2005,0.177603388141587,0.178060729241753,0.1688369522449437,0.16998033225536346,0.16998033225536346,498408000
14/04/2005,0.17036179571381455,0.17196250358406223,0.16799914326452578,0.16860832273960114,0.16860832273960114,352080000
15/04/2005,0.1664742933588696,0.16769357880123809,0.1612148027784794,0.1627396047115326,0.1627396047115326,630156000
18/04/2005,0.16174812157905585,0.16525505387128483,0.16083342553288632,0.16159628331661224,0.16159628331661224,473100000
19/04/2005,0.16426349542070606,0.1684564523876863,0.16350155098680355,0.16723625361919403,0.16723625361919403,365460000
20/04/2005,0.17005716570068774,0.1711236997646733,0.16197675503098985,0.1621295064687729,0.1621295064687729,564672000
21/04/2005,0.16540691044449135,0.17173385070685138,0.16395895389872733,0.17112375795841217,0.17112375795841217,538152000
22/04/2005,0.17005720279199638,0.1712005694293371,0.16754178528584246,0.16952301561832428,0.16952301561832428,336276000
25/04/2005,0.17097182797117272,0.17348723080485037,0.1701330514132846,0.17219111323356628,0.17219111323356628,318168000
26/04/2005,0.17226706546963574,0.17584991605709402,0.16792227048661285,0.17142920196056366,0.17142920196056366,353148000
27/04/2005,0.1669316924800154,0.16754178515356763,0.1614435162691064,0.1648736298084259,0.1648736298084259,609348000
28/04/2005,0.16434030409948025,0.16761765150587216,0.16273959676448616,0.16540683805942535,0.16540683805942535,372948000
29/04/2005,0.16700765519787134,0.1683037736435642,0.15946142797587845,0.16716040670871735,0.16716040670871735,478356000
02/05/2005,0.1691425439822036,0.17104785560365257,0.16403488913504008,0.16655029356479645,0.16655029356479645,334908000
03/05/2005,0.16670294346927414,0.16975162012163075,0.16494948484066407,0.16563549637794495,0.16563549637794495,439512000
04/05/2005,0.16639839165491216,0.1721152375442192,0.16586421819790056,0.1708950251340866,0.1708950251340866,468816000
05/05/2005,0.1718865218924754,0.17638316817871097,0.1709718398023876,0.17424918711185455,0.17424918711185455,619272000
06/05/2005,0.17630729572116238,0.17668871776296394,0.17226708983098157,0.17661188542842865,0.17661188542842865,355728000
09/05/2005,0.17737472260785772,0.18110941151812174,0.17630727531055937,0.17989012598991394,0.17989012598991394,745332000
10/05/2005,0.17760337811540908,0.17767929722443088,0.17089500480822287,0.17287714779376984,0.17287714779376984,735120000
11/05/2005,0.17379185338347405,0.1745537977770331,0.16967572896197045,0.16998033225536346,0.16998033225536346,555420000
12/05/2005,0.16998034672571952,0.17600268201403615,0.16982849485617477,0.17371594905853271,0.17371594905853271,835584000
13/05/2005,0.1894176165415132,0.19414383455263035,0.1814140364659488,0.19307638704776764,0.19307638704776764,2650320000
16/05/2005,0.1907896774372733,0.1950585547757405,0.19071375829764148,0.19376243650913239,0.19376243650913239,664104000
17/05/2005,0.19261897601016248,0.19681193216884238,0.19246713780477837,0.19589723646640778,0.19589723646640778,639804000
18/05/2005,0.19543992979056568,0.19780258174972282,0.19338186750575914,0.19734522700309753,0.19734522700309753,550056000
19/05/2005,0.197802608643592,0.198641385504843,0.19475393096499052,0.196963831782341,0.196963831782341,452880000
20/05/2005,0.19673509937666497,0.20054661996253054,0.19444836694115158,0.2004707008600235,0.2004707008600235,517008000
23/05/2005,0.20184279827243085,0.20717820867223807,0.20123269205007535,0.20512014627456665,0.20512014627456665,703668000
24/05/2005,0.20412949340781691,0.208778877603354,0.20313796534772985,0.20801694691181183,0.20801694691181183,522192000
25/05/2005,0.20755958818631778,0.20862612212171128,0.20336663191923068,0.20534877479076385,0.20534877479076385,535272000
26/05/2005,0.20717818238835273,0.21274226265311844,0.20679674678524004,0.21114154160022736,0.21114154160022736,788784000
27/05/2005,0.21175169041100997,0.21175169041100997,0.20755964618263778,0.20976954698562622,0.20976954698562622,322740000
31/05/2005,0.20885487016016385,0.21060834315846058,0.2031380367878953,0.2065681368112564,0.2065681368112564,763176000
01/06/2005,0.2051960619954257,0.21228493135440982,0.20275749082689515,0.2084743231534958,0.2084743231534958,796632000
02/06/2005,0.20771147479107768,0.2162492275238037,0.20771147479107768,0.2162492275238037,0.2162492275238037,684348000
03/06/2005,0.21548640989429715,0.21746853984081282,0.21342834718611878,0.21571508049964905,0.21571508049964905,559620000
06/06/2005,0.2118275702934563,0.21602052695534762,0.21167573206984958,0.2136569619178772,0.2136569619178772,512892000
07/06/2005,0.21220901223546465,0.2157150443803736,0.2077114654931293,0.2084743231534958,0.2084743231534958,974136000
08/06/2005,0.20900761314729338,0.21190445270238753,0.20481558233469305,0.20702548325061798,0.20702548325061798,618720000
09/06/2005,0.20542476695875714,0.21579191284168686,0.20519609635340524,0.21571508049964905,0.21571508049964905,619908000
10/06/2005,0.2154863750105411,0.21571504557887491,0.21182759139718596,0.2132764607667923,0.2132764607667923,465096000
13/06/2005,0.21342825856152842,0.22402407064997323,0.21281906571046796,0.21800172328948975,0.21800172328948975,1409916000
14/06/2005,0.2180786132529471,0.22166055094613732,0.198259933738994,0.20512014627456665,0.20512014627456665,2408412000
15/06/2005,0.2038240226624812,0.2054247439809066,0.19643056320652735,0.20451004803180695,0.20451004803180695,1669788000
16/06/2005,0.2044341113819176,0.20694951480378573,0.20146135320970796,0.20557747781276703,0.20557747781276703,489240000
17/06/2005,0.208092904585648,0.2084743266071483,0.20458687238265702,0.20512014627456665,0.20512014627456665,456348000
20/06/2005,0.20512019897372838,0.20961774694607455,0.20176601777939573,0.20824570953845978,0.20824570953845978,606060000
21/06/2005,0.20961764095973612,0.21121836181760692,0.20763549817522425,0.21022683382034302,0.21022683382034302,428172000
22/06/2005,0.21243768831857096,0.21388564441459557,0.20740686788531024,0.20999819040298462,0.20999819040298462,700668000
23/06/2005,0.20961769078344064,0.21586779702784178,0.20885483311883576,0.2132764607667923,0.2132764607667923,836976000
24/06/2005,0.21289505878989956,0.21297097791641298,0.20534883391451167,0.20649220049381256,0.20649220049381256,475632000
27/06/2005,0.20519607536951853,0.20687361540747565,0.2029861746240163,0.2048155665397644,0.2048155665397644,354588000
28/06/2005,0.2056534206676005,0.20748281262012394,0.2033666875419485,0.20611077547073364,0.20611077547073364,262308000
29/06/2005,0.2061876267943706,0.20656813566681517,0.20252884255238465,0.2042054831981659,0.2042054831981659,283572000
30/06/2005,0.20557751161263735,0.2074828227839142,0.20207149262699334,0.20367220044136047,0.20367220044136047,593232000
01/07/2005,0.20298615596115638,0.20489146682562062,0.200470738900773,0.20458686351776123,0.20458686351776123,315168000
05/07/2005,0.20534889268019255,0.20862624189264425,0.20336674867072368,0.2077883780002594,0.2077883780002594,388440000
06/07/2005,0.20847437147964865,0.21426712426800437,0.20611080567194046,0.21335244178771973,0.21335244178771973,703632000
07/07/2005,0.2099981992578128,0.21342831229739986,0.20931218755389816,0.2118275910615921,0.2118275910615921,465900000
08/07/2005,0.21312371249219417,0.21518177489785936,0.2103796383713097,0.21449576318264008,0.21449576318264008,408132000
11/07/2005,0.2164010863358441,0.21990803218127478,0.21548640393971216,0.21769721806049347,0.21769721806049347,399492000
12/07/2005,0.21754440626866234,0.21815451243525816,0.21205624491978836,0.2164778858423233,0.2164778858423233,564252000
13/07/2005,0.217392573028875,0.21800176599928545,0.21312369707510745,0.21678248047828674,0.21678248047828674,594780000
14/07/2005,0.2190692404261082,0.22333811690865618,0.2068736168149175,0.20717822015285492,0.20717822015285492,1871496000
15/07/2005,0.2065680570417797,0.20717816313002074,0.20138539923188087,0.20496734976768494,0.20496734976768494,1223352000
18/07/2005,0.20435819396489452,0.20443411308218223,0.19780258500210107,0.19986064732074738,0.19986064732074738,1044900000
19/07/2005,0.20107989310780028,0.20306203591712066,0.19955601817219465,0.20260468125343323,0.20260468125343323,517896000
20/07/2005,0.20024206990131882,0.20649217599245276,0.19749799588859704,0.20565339922904968,0.20565339922904968,526500000
21/07/2005,0.20298621612768164,0.20390091227257942,0.1979553941457473,0.2021474391222,0.2021474391222,594528000
22/07/2005,0.2031380171136093,0.2060348565057956,0.19543995409012074,0.19688791036605835,0.19688791036605835,699264000
25/07/2005,0.1946011914244304,0.20412956030676144,0.1937624145117907,0.19803129136562347,0.19803129136562347,974952000
26/07/2005,0.1971925362796819,0.2024520288903389,0.19643060525409767,0.2021474391222,0.2021474391222,759492000
27/07/2005,0.20245197727581238,0.20717820828466937,0.19902187782944458,0.20626351237297058,0.20626351237297058,807828000
28/07/2005,0.20588209634917648,0.20885485493809347,0.20306210285518936,0.20786423981189728,0.20786423981189728,411240000
29/07/2005,0.2070254568343064,0.2092362706784908,0.20458687199993594,0.20626351237297058,0.20626351237297058,351660000
01/08/2005,0.2074827919340214,0.21030371191728517,0.20611075492142364,0.20938901603221893,0.20938901603221893,389040000
02/08/2005,0.20961770814021932,0.2128950563776415,0.20931220521698932,0.21220903098583221,0.21220903098583221,422652000
03/08/2005,0.21220903098583221,0.21419117440560223,0.2103037335320286,0.21220903098583221,0.21220903098583221,518256000
04/08/2005,0.21060829659193017,0.21152299245525055,0.20954084928632585,0.20999819040298462,0.20999819040298462,356424000
05/08/2005,0.20969363561555376,0.21579190436899398,0.2082456792786312,0.21533454954624176,0.21533454954624176,684096000
08/08/2005,0.21678250108120192,0.22082270686375083,0.21457168717410727,0.21609647572040558,0.21609647572040558,725544000
09/08/2005,0.21640099797422005,0.2169351849240849,0.2131995700049608,0.21556314826011658,0.21556314826011658,291900000
10/08/2005,0.2164778924325319,0.21754441289133888,0.21015095417449936,0.21236176788806915,0.21236176788806915,440556000
11/08/2005,0.21236180453337547,0.21571507202997287,0.21030374190600334,0.21533454954624176,0.21533454954624176,701556000
12/08/2005,0.2279874595976218,0.2302741922653208,0.22021256580144472,0.2282920628786087,0.2282920628786087,2295420000
15/08/2005,0.22905489044057906,0.23644837536669527,0.22615806546795109,0.23408572375774384,0.23408572375774384,882804000
16/08/2005,0.23187496611169975,0.2339330149562967,0.2284448529006952,0.23012149333953857,0.23012149333953857,637488000
17/08/2005,0.2291308646388928,0.23294241351565922,0.22897812681253843,0.23012149333953857,0.23012149333953857,607572000
18/08/2005,0.22836890161637893,0.22951225435235614,0.2231853299932216,0.22417594492435455,0.22417594492435455,822732000
19/08/2005,0.22455739056903218,0.22524341591291036,0.22188923557387574,0.22257524728775024,0.22257524728775024,422232000
22/08/2005,0.2221947445885139,0.2257766823871372,0.21815453879445185,0.22074586153030396,0.22074586153030396,547224000
23/08/2005,0.22051717770052603,0.22333809768470853,0.21975524689113027,0.22219473123550415,0.22219473123550415,254460000
24/08/2005,0.22074585282808795,0.22707279140856237,0.2196793323149275,0.22234657406806946,0.22234657406806946,514620000
25/08/2005,0.2233381197923719,0.22509067940849142,0.2214318955048613,0.2238713800907135,0.2238713800907135,296484000
26/08/2005,0.2240999899798152,0.2240999899798152,0.2183072263337936,0.22044120728969574,0.22044120728969574,323436000
29/08/2005,0.21838319396850683,0.2210513624788727,0.21662973496396018,0.22082269191741943,0.22082269191741943,343392000
30/08/2005,0.2204412415054409,0.22928359636236145,0.22013665184732162,0.22874940931797028,0.22874940931797028,948852000
31/08/2005,0.22821612357695006,0.23675294735035501,0.22753009838533578,0.23385703563690186,0.23385703563690186,906804000
01/09/2005,0.23317105730841825,0.23606696960389695,0.23195087214695315,0.2339330017566681,0.2339330017566681,556884000
02/09/2005,0.2343903561150951,0.2343903561150951,0.22935954884829612,0.23012149333953857,0.23012149333953857,469800000
06/09/2005,0.2309602620546262,0.23324699516328515,0.2274542432667824,0.23202770948410034,0.23202770948410034,423096000
07/09/2005,0.23172224253895427,0.2400313126292629,0.23111306302493848,0.23942123353481293,0.23942123353481293,588012000
08/09/2005,0.2379732402406829,0.24521396245021654,0.2379732402406829,0.24224120378494263,0.24224120378494263,646116000
09/09/2005,0.24483326867788424,0.24589981584262047,0.24086898442403723,0.24536652863025665,0.24536652863025665,454236000
12/09/2005,0.24559536850222333,0.24635731300608188,0.24163200857375924,0.2445279210805893,0.2445279210805893,556584000
13/09/2005,0.2433844124198358,0.2531414453453149,0.2433844124198358,0.2519221603870392,0.2519221603870392,854724000
14/09/2005,0.250016048778261,0.2533702286467402,0.2477292888661392,0.24887268245220184,0.24887268245220184,503448000
15/09/2005,0.25268409383173646,0.2561141913225755,0.25115930619812193,0.2532941997051239,0.2532941997051239,759756000
16/09/2005,0.25542829122960153,0.25680034180061284,0.25138808589046185,0.25344616174697876,0.25344616174697876,519828000
19/09/2005,0.2531416603461019,0.2539804237771703,0.2484922738040393,0.24986432492733002,0.24986432492733002,428316000
20/09/2005,0.2517695066977277,0.25756228499028616,0.2514649306634372,0.25474226474761963,0.25474226474761963,522192000
21/09/2005,0.2537516812916436,0.2587824882824801,0.25032158189879955,0.2525314688682556,0.2525314688682556,625656000
22/09/2005,0.25314162269865853,0.25314162269865853,0.24125058742529326,0.24574816226959229,0.24574816226959229,739152000
23/09/2005,0.24521393388757107,0.2514649534276938,0.24315585785441002,0.2493300586938858,0.2493300586938858,314640000
26/09/2005,0.2512362347475565,0.2531415454381807,0.24673868853595035,0.2513880729675293,0.2513880729675293,406776000
27/09/2005,0.2524555460669703,0.25466635984440905,0.2503215782475172,0.25222688913345337,0.25222688913345337,404160000
28/09/2005,0.25298888325019014,0.25443778028993824,0.25009297011170617,0.2537517547607422,0.2537517547607422,353556000
29/09/2005,0.2538276070052608,0.2591630174504528,0.25176953096007904,0.2590111792087555,0.2590111792087555,513372000
30/09/2005,0.25916301666575003,0.263660563507233,0.25862975640092256,0.26129791140556335,0.26129791140556335,458832000
03/10/2005,0.2643466220013978,0.27036805853181217,0.2622126265742356,0.26846274733543396,0.26846274733543396,549888000
04/10/2005,0.2696060981151025,0.27402679929009055,0.26434660645645325,0.2649567127227783,0.2649567127227783,514476000
05/10/2005,0.265261252550986,0.265261252550986,0.25458953286060054,0.2561902403831482,0.2561902403831482,599184000
06/10/2005,0.2558857160225345,0.25984910396387506,0.24757754528534082,0.2552756369113922,0.2552756369113922,685512000
07/10/2005,0.2557329187305123,0.25832515463010736,0.2500160862435407,0.2519982159137726,0.2519982159137726,551952000
10/10/2005,0.25329434005258844,0.2537516811861094,0.2455194317427048,0.24559535086154938,0.24559535086154938,459216000
11/10/2005,0.24651009787889214,0.24864409354912353,0.23972581643288854,0.24254673719406128,0.24254673719406128,540048000
12/10/2005,0.24186071997010605,0.24917828931927097,0.24155521698356144,0.24544265866279602,0.24544265866279602,657660000
13/10/2005,0.24490943923819675,0.2452908614299604,0.23477187417517248,0.24414749443531036,0.24414749443531036,509304000
14/10/2005,0.24590006834402087,0.24894964671684822,0.2401072869566589,0.24414749443531036,0.24414749443531036,311256000
17/10/2005,0.24429922983633512,0.24894954185081813,0.24429922983633512,0.24651004374027252,0.24651004374027252,243912000
18/10/2005,0.24742467150028685,0.24788201250228392,0.24086905065834466,0.24246975779533386,0.24246975779533386,299832000
19/10/2005,0.23934528251366421,0.24079322517961424,0.2325609749030451,0.24041180312633514,0.24041180312633514,635952000
20/10/2005,0.2407931699719986,0.24712010769219855,0.2397257227637417,0.24208930134773254,0.24208930134773254,359520000
21/10/2005,0.24620541424966408,0.246967358566266,0.2417837874011982,0.24346134066581726,0.24346134066581726,298368000
24/10/2005,0.24559534717010456,0.25009289383888245,0.24338453339456737,0.25009289383888245,0.25009289383888245,291012000
25/10/2005,0.24841531579337944,0.25245552093681173,0.2473487954099259,0.25169357657432556,0.25169357657432556,334680000
26/10/2005,0.25176957375341463,0.2523028613705072,0.24445203240013275,0.24483345448970795,0.24483345448970795,415344000
27/10/2005,0.24529074775096169,0.246052692200728,0.2389638092152041,0.2397257536649704,0.2397257536649704,227784000
28/10/2005,0.24033590572270508,0.24757752790766013,0.23439038806779286,0.2471201866865158,0.2471201866865158,464640000
31/10/2005,0.24811075122667847,0.25748636650059015,0.24811075122667847,0.2557328939437866,0.2557328939437866,432420000
01/11/2005,0.2557328955596411,0.2576391059360845,0.2506261425047265,0.2526082992553711,0.2526082992553711,400488000
02/11/2005,0.2526842556869957,0.2675480210015201,0.25154088912434003,0.2672434449195862,0.2672434449195862,523668000
03/11/2005,0.2690727509278547,0.270596612211119,0.2619838695996308,0.2641178369522095,0.2641178369522095,465072000
04/11/2005,0.2642706502586476,0.26487982959920303,0.2568762647553131,0.25962033867836,0.25962033867836,570276000
07/11/2005,0.2609924196730975,0.2619071020006634,0.2574104818069763,0.25847700238227844,0.25847700238227844,370824000
08/11/2005,0.259468665653704,0.25969734998456495,0.2525316168440122,0.2536749839782715,0.2536749839782715,538968000
09/11/2005,0.2542088781187201,0.2667859293462129,0.25131204062290985,0.2651083767414093,0.2651083767414093,818880000
10/11/2005,0.27433237661039045,0.2802778674226098,0.25032164732484163,0.2552756369113922,0.2552756369113922,2503620000
11/11/2005,0.2574864846673216,0.2625172936250068,0.2563431177560287,0.25946861505508423,0.25946861505508423,545928000
14/11/2005,0.2595444559724671,0.26678610468144015,0.25558109597214224,0.2649567127227783,0.2649567127227783,493668000
15/11/2005,0.2665574303467803,0.2690728477907011,0.2647280383202934,0.2655659019947052,0.2655659019947052,496200000
16/11/2005,0.2658713918314369,0.2673193617234607,0.2594685336841686,0.26465117931365967,0.26465117931365967,455280000
17/11/2005,0.2668619329612297,0.27661896843933736,0.2637364104082425,0.27639028429985046,0.27639028429985046,703260000
18/11/2005,0.2773050064821922,0.2795917664281069,0.2704448084244599,0.2758561372756958,0.2758561372756958,465768000
21/11/2005,0.27616164240901514,0.2811924761673705,0.274332278053254,0.2807351350784302,0.2807351350784302,454704000
22/11/2005,0.28218311489650416,0.2909486249008301,0.279972301009914,0.288204550743103,0.288204550743103,731700000
23/11/2005,0.28851008468084793,0.29155876249281126,0.28584192935766023,0.28736671805381775,0.28736671805381775,411948000
25/11/2005,0.2887386444362319,0.29064395479979366,0.28675648813575305,0.2901866137981415,0.2901866137981415,116676000
28/11/2005,0.29094864456760805,0.29346406195055963,0.2835551847723859,0.28873875737190247,0.28873875737190247,424524000
29/11/2005,0.2716640659164271,0.2793630535012654,0.2692245956798373,0.27044478058815,0.27044478058815,1043136000
30/11/2005,0.2685386526035146,0.2769236406793855,0.26846273347729493,0.27555161714553833,0.27555161714553833,575448000
01/12/2005,0.27783837696132063,0.2801251103305486,0.2748656181293218,0.2788289785385132,0.2788289785385132,562032000
02/12/2005,0.2801250647429999,0.28081109009412697,0.27517014946255774,0.2789057791233063,0.2789057791233063,334476000
05/12/2005,0.27951504438626334,0.27951504438626334,0.27280758115687903,0.2737222909927368,0.2737222909927368,387708000
06/12/2005,0.2741795126193667,0.27860024021977414,0.27379809064238647,0.2748655378818512,0.2748655378818512,375252000
07/12/2005,0.2759330800893035,0.2776097072168182,0.27059674163550473,0.27532297372817993,0.27532297372817993,352668000
08/12/2005,0.2738749324602247,0.2774568972977962,0.2699874919912238,0.27311208844184875,0.27311208844184875,386664000
09/12/2005,0.2739507968479705,0.2773809227647656,0.270139276258189,0.27699947357177734,0.27699947357177734,262896000
12/12/2005,0.2777623218663837,0.2816497612392124,0.27730495360840496,0.28103965520858765,0.28103965520858765,281136000
13/12/2005,0.28157311076059954,0.28713813431569113,0.2795150612110676,0.28469863533973694,0.28469863533973694,443412000
14/12/2005,0.2825644440806343,0.28393649433867857,0.27867700469617396,0.28203028440475464,0.28203028440475464,287472000
15/12/2005,0.281801686154434,0.28393658086864293,0.2755515935119384,0.2784484326839447,0.2784484326839447,332724000
16/12/2005,0.27943906754634695,0.2821072228385225,0.2767709122541714,0.28088703751564026,0.28088703751564026,1065600000
19/12/2005,0.2814971896502956,0.283555266445506,0.2755516980708394,0.27623769640922546,0.27623769640922546,292296000
20/12/2005,0.27593318078128415,0.2801252271800443,0.2724262332906631,0.2760850191116333,0.2760850191116333,304356000
21/12/2005,0.277381009117344,0.27966774226709873,0.2730361997768044,0.27555161714553833,0.27555161714553833,289380000
22/12/2005,0.27532303371741007,0.28424131262228197,0.27524711456339773,0.2839367091655731,0.2839367091655731,318336000
23/12/2005,0.2846985219870735,0.28652791378051745,0.2827932110748118,0.28614649176597595,0.28614649176597595,214536000
27/12/2005,0.28584180367924006,0.2910253742067954,0.2849271216837859,0.28789985179901123,0.28789985179901123,367968000
28/12/2005,0.2878998721239581,0.2914827357824098,0.2860705080039017,0.2905680537223816,0.2905680537223816,264420000
29/12/2005,0.2904153107638775,0.29133002015346604,0.28286908778478476,0.2840883731842041,0.2840883731842041,310464000
30/12/2005,0.2824876373659469,0.282564456045731,0.27753365031987226,0.2786770164966583,0.2786770164966583,229608000
03/01/2006,0.28027782788811484,0.2934640672131595,0.27936314551064406,0.29133009910583496,0.29133009910583496,472812000
04/01/2006,0.29354096723318074,0.299943826834508,0.2904913620864891,0.2994864583015442,0.2994864583015442,510072000
05/01/2006,0.2995622743954233,0.3068039221695782,0.2990290141639241,0.30626973509788513,0.30626973509788513,646092000
06/01/2006,0.3097766572058948,0.3124439122646487,0.29765696861576013,0.3113005459308624,0.3113005459308624,623388000
09/01/2006,0.31114867340959906,0.32166765434640465,0.3104626754328534,0.3199901282787323,0.3199901282787323,560484000
10/01/2006,0.31846636984136756,0.32006707787513733,0.3144261631369224,0.32006707787513733,0.32006707787513733,339660000
11/01/2006,0.320371537643985,0.3334818266951787,0.3198382774852953,0.3316524624824524,0.3316524624824524,626304000
12/01/2006,0.3315766576833888,0.3366833846543713,0.32456369263695356,0.3269272446632385,0.3269272446632385,495504000
13/01/2006,0.32616427732007364,0.32883243170576504,0.3194568177543767,0.3240303099155426,0.3240303099155426,421296000
17/01/2006,0.3196095641718189,0.3239543719306868,0.3153406755115334,0.32380160689353943,0.32380160689353943,329232000
18/01/2006,0.3139687605103181,0.3265457925830799,0.31099600202293626,0.32547834515571594,0.32547834515571594,459948000
19/01/2006,0.3298231604372432,0.34804110647858677,0.3292139810078737,0.34354355931282043,0.34354355931282043,914760000
20/01/2006,0.34407765282484637,0.3480410117684949,0.3338632755738269,0.33393919467926025,0.33393919467926025,461604000
23/01/2006,0.3365314360451511,0.338665403555923,0.3319579709162937,0.335845410823822,0.335845410823822,334884000
24/01/2006,0.33660752610433425,0.34453517499925185,0.33569284351802514,0.3375222086906433,0.3375222086906433,388896000
25/01/2006,0.3391987222902674,0.3414095359519583,0.3305091322914237,0.33454933762550354,0.33454933762550354,400236000
26/01/2006,0.3394273471356175,0.34628757207377964,0.3372933796295509,0.34598296880722046,0.34598296880722046,448836000
27/01/2006,0.35048062854486833,0.35642614603250206,0.3475837889323056,0.35253870487213135,0.35253870487213135,385044000
30/01/2006,0.35406257895888515,0.35444400104905005,0.3469736945763022,0.3485744297504425,0.3485744297504425,315780000
31/01/2006,0.34682182194977645,0.3487271330510436,0.340037541615189,0.34270569682121277,0.34270569682121277,384456000
01/02/2006,0.3365314534722788,0.344306360949958,0.335235322069288,0.3429343104362488,0.3429343104362488,450852000
02/02/2006,0.34605884512689733,0.3462875292585623,0.3319579291408455,0.3324911892414093,0.3324911892414093,473736000
03/02/2006,0.33035735085145496,0.3396561217794186,0.3292899033940149,0.3355399966239929,0.3355399966239929,504252000
06/02/2006,0.33462525333519955,0.3453728918186434,0.33317728366684257,0.34499236941337585,0.34499236941337585,363468000
07/02/2006,0.34567840435289565,0.34567840435289565,0.332567186797585,0.33271995186805725,0.33271995186805725,399408000
08/02/2006,0.3337105559847376,0.34232422709465027,0.3337105559847376,0.34232422709465027,0.34232422709465027,393072000
09/02/2006,0.3433916584726064,0.3487270683138844,0.33439656578055765,0.33653146028518677,0.33653146028518677,437100000
10/02/2006,0.33775083013288654,0.3392756188599237,0.32677450483910486,0.33462533354759216,0.33462533354759216,414996000
13/02/2006,0.33355872584849966,0.33813219162985736,0.33127199295782084,0.3357686400413513,0.3357686400413513,280740000
14/02/2006,0.3357687336782022,0.33759809869290086,0.33195811085119664,0.336378812789917,0.336378812789917,342348000
15/02/2006,0.3356927348318912,0.34377221940162855,0.33485394440248223,0.3428575098514557,0.3428575098514557,493296000
16/02/2006,0.34926031718873884,0.3605421695039091,0.3468976654239963,0.3597792983055115,0.3597792983055115,1305888000
17/02/2006,0.3862296255038453,0.386611047581028,0.3597794001638022,0.3618374764919281,0.3618374764919281,2356956000
21/02/2006,0.36107544537889863,0.361685551544097,0.3510138049040073,0.3541393280029297,0.3541393280029297,684060000
22/02/2006,0.349108487244025,0.35634920776958257,0.3407235007837538,0.3535292148590088,0.3535292148590088,939756000
23/02/2006,0.35246183301601614,0.3548254121154686,0.34712642223137696,0.34811702370643616,0.34811702370643616,385128000
24/02/2006,0.34964182231135227,0.353833866322192,0.3462117227805944,0.3480410873889923,0.3480410873889923,416412000
27/02/2006,0.3507092558432929,0.3643528347250835,0.3470504722510384,0.3621429204940796,0.3621429204940796,666468000
28/02/2006,0.3605422066741553,0.36359088400168826,0.35574005669967873,0.35924607515335083,0.35924607515335083,563316000
01/03/2006,0.360542217291951,0.37502455949949165,0.3582554843339059,0.3728905916213989,0.3728905916213989,703932000
02/03/2006,0.37250913505455335,0.3786833357285001,0.36862169455392485,0.37342384457588196,0.37342384457588196,545460000
03/03/2006,0.3699937733754344,0.3811987818597602,0.36930774799720895,0.3747199773788452,0.3747199773788452,595800000
06/03/2006,0.38203747808164373,0.3845528949407576,0.3721276761268692,0.3739570677280426,0.3739570677280426,529020000
07/03/2006,0.37403392062234153,0.3769298326695348,0.3601607591842048,0.3675542175769806,0.3675542175769806,606204000
08/03/2006,0.36763124918365214,0.3695365608932181,0.35261471379768733,0.36572501063346863,0.36572501063346863,670800000
09/03/2006,0.3701464074971655,0.37632060691131136,0.36740233401310124,0.3676310181617737,0.3676310181617737,536700000
10/03/2006,0.3672496358198187,0.3718990479224981,0.3579499665542738,0.36122822761535645,0.36122822761535645,521580000
13/03/2006,0.3648869339675149,0.3673255047305973,0.3621428603589905,0.3655729591846466,0.3655729591846466,372132000
14/03/2006,0.3658776778568947,0.3772354250852739,0.3645056269898525,0.3757106363773346,0.3757106363773346,627792000
15/03/2006,0.37647246681460783,0.3822661442082347,0.3750244972562441,0.38173195719718933,0.38173195719718933,510600000
16/03/2006,0.38241792934804236,0.3828752703482715,0.3674782232938871,0.3687743544578552,0.3687743544578552,568416000
17/03/2006,0.36702105336897084,0.3727378866865537,0.36153287702808434,0.37174728512763977,0.37174728512763977,618588000
20/03/2006,0.3750246013982107,0.3751005205265476,0.36854582382000217,0.36892634630203247,0.36892634630203247,293772000
21/03/2006,0.3871443271636963,0.39408047380681677,0.3770067919021708,0.3871443271636963,0.3871443271636963,1235472000
22/03/2006,0.3773113205074591,0.3791407124618965,0.3675542817303649,0.37601521611213684,0.37601521611213684,1158576000
23/03/2006,0.37731114069517774,0.3845527859363331,0.3730422798157742,0.38302797079086304,0.38302797079086304,661992000
24/03/2006,0.3840187643827571,0.3966726419703161,0.38340958498619454,0.3959866166114807,0.3959866166114807,687936000
27/03/2006,0.39629118104007016,0.4069629006255978,0.39499504957163106,0.4066573977470398,0.4066573977470398,651444000
28/03/2006,0.40482796532733806,0.4183197038360192,0.40399010189103457,0.4129083752632141,0.4129083752632141,795204000
29/03/2006,0.41466098181398076,0.43585171142067913,0.41123088245708217,0.43508976697921753,0.43508976697921753,987096000
30/03/2006,0.43554707214140265,0.44042514086032125,0.4276953458598493,0.43806248903274536,0.43806248903274536,1063308000
31/03/2006,0.4377571006244282,0.44385535598767534,0.43379371305151704,0.4364618957042694,0.4364618957042694,835560000
03/04/2006,0.4387486007764702,0.4474381922610879,0.4332604248209177,0.441339910030365,0.441339910030365,968916000
04/04/2006,0.4419500577750994,0.46268255099236394,0.44149271655089195,0.46199652552604675,0.46199652552604675,1200612000
05/04/2006,0.4611586311673484,0.46801883085492446,0.45132564556981025,0.4657320976257324,0.4657320976257324,1112976000
06/04/2006,0.46451189548498134,0.47015280955592215,0.45810900958728296,0.46664679050445557,0.46664679050445557,789312000
07/04/2006,0.4646646171787321,0.4687807148912916,0.45627960214636637,0.4654265344142914,0.4654265344142914,682674000
10/04/2006,0.46435984818268494,0.4671039486921025,0.4538408689232476,0.4573468863964081,0.4573468863964081,634230000
11/04/2006,0.45887185907691663,0.45887185907691663,0.4434738799681466,0.44621795415878296,0.44621795415878296,702072000
12/04/2006,0.4491147545638539,0.46664670010564424,0.4466752566543309,0.4642072021961212,0.4642072021961212,598308000
13/04/2006,0.45429831192906706,0.45948095678614725,0.44941934352572305,0.45124873518943787,0.45124873518943787,738360000
17/04/2006,0.4504869505130703,0.4637500379623794,0.44881029606193124,0.4524690806865692,0.4524690806865692,443868000
18/04/2006,0.44438856559457157,0.44454133068084045,0.4297534577019506,0.44179725646972656,0.44179725646972656,1165488000
19/04/2006,0.4390531593690296,0.4494194045919028,0.4329549046413122,0.444541335105896,0.444541335105896,517476000
20/04/2006,0.44057787963341577,0.451858777475305,0.43326031357162803,0.44393113255500793,0.44393113255500793,552684000
21/04/2006,0.44530324781819003,0.4471326395998956,0.42274139433064467,0.4279240667819977,0.4279240667819977,770016000
24/04/2006,0.43066827247038036,0.44530338393764973,0.42304612696009625,0.4410354197025299,0.4410354197025299,676848000
25/04/2006,0.43600452437143133,0.44179730400925543,0.4283814803223191,0.44072985649108887,0.44072985649108887,719766000
26/04/2006,0.4424073123982954,0.4491147733802619,0.4329548777679978,0.43768110871315,0.43768110871315,330528000
27/04/2006,0.4360044833804887,0.44881019955305934,0.4265520481291166,0.4446941018104553,0.4446941018104553,462966000
28/04/2006,0.4449985379520904,0.4510968180443156,0.44118701748444944,0.4454558789730072,0.4454558789730072,284736000
01/05/2006,0.4485047316707137,0.47975710730225635,0.4485047316707137,0.47106748819351196,0.47106748819351196,902472000
02/05/2006,0.4745734427522777,0.4802143560118212,0.4623778607967634,0.4704573452472687,0.4704573452472687,539700000
03/05/2006,0.4651218542384912,0.47868953983168205,0.46466454041265676,0.4735068678855896,0.4735068678855896,378114000
04/05/2006,0.4642072253500976,0.4756408901084716,0.461767727318896,0.4704573452472687,0.4704573452472687,511128000
05/05/2006,0.47289674459065817,0.4785376566730118,0.46634109590251777,0.47686007618904114,0.47686007618904114,338184000
08/05/2006,0.4756407927863041,0.48600706258742743,0.4703054107775014,0.4747261106967926,0.4747261106967926,503622000
09/05/2006,0.4741161724944011,0.47655567075004557,0.4596338017347659,0.4602438807487488,0.4602438807487488,561648000
10/05/2006,0.4547557262781253,0.4600911643216288,0.4454560286546089,0.45002952218055725,0.45002952218055725,753264000
11/05/2006,0.4546029926475014,0.45887188286993563,0.4305163481430638,0.43402236700057983,0.43402236700057983,1201110000
12/05/2006,0.423656058524899,0.42579002613183287,0.39240369102269795,0.4013978838920593,0.4013978838920593,1568172000
15/05/2006,0.4006360696718137,0.41069771303311814,0.39713005042150196,0.4071916937828064,0.4071916937828064,553380000
16/05/2006,0.4094782579137495,0.4096300961207184,0.3939284717000638,0.3965197801589966,0.3965197801589966,497532000
17/05/2006,0.3951477899338051,0.39743452258913936,0.37349972155793143,0.38051268458366394,0.38051268458366394,841074000
18/05/2006,0.38356147023846887,0.38722022716731846,0.3628290049885235,0.3632863461971283,0.3632863461971283,686730000
19/05/2006,0.3666396354305486,0.3795980909569552,0.3629808511619482,0.3709084987640381,0.3709084987640381,932808000
22/05/2006,0.36892627569857267,0.36968911967731516,0.35581595795412985,0.36587759852409363,0.36587759852409363,734886000
23/05/2006,0.3734997470181063,0.38218933715271614,0.3603894290712087,0.3619142174720764,0.3619142174720764,532314000
24/05/2006,0.36511566565530007,0.3774640393911065,0.3568834164980958,0.36663955450057983,0.36663955450057983,579522000
25/05/2006,0.3734997544510909,0.37898790240321867,0.3626761691000069,0.36465832591056824,0.36465832591056824,423666000
26/05/2006,0.3660304802471722,0.3684690794694977,0.3616088511844982,0.365420401096344,0.365420401096344,294642000
30/05/2006,0.3660303444359707,0.3661821826669481,0.3500232146502634,0.35017505288124084,0.35017505288124084,448788000
31/05/2006,0.3549012826846767,0.35825546280028,0.34819382203365123,0.3503277897834778,0.3503277897834778,598422000
01/06/2006,0.35429105957404256,0.3686215579509735,0.3488028862598856,0.3686215579509735,0.3686215579509735,537126000
02/06/2006,0.3745672748693162,0.37639666696374663,0.35962756200826745,0.3632863461971283,0.3632863461971283,673710000
05/06/2006,0.3613041716199322,0.368011605597323,0.3469736400006683,0.3480410873889923,0.3480410873889923,581052000
06/06/2006,0.3524619103763778,0.3527674133667641,0.3292899706128367,0.3387414813041687,0.3387414813041687,824130000
07/06/2006,0.34240012565215083,0.3430102318022985,0.3300517527275874,0.3326440155506134,0.3326440155506134,565380000
08/06/2006,0.32883247790621845,0.3331013674150908,0.31343545467305123,0.32654574513435364,0.32654574513435364,730572000
09/06/2006,0.3308146827122432,0.3364546695075826,0.3227342708827515,0.32547834515571594,0.32547834515571594,433824000
12/06/2006,0.31983821162979065,0.3241061729606609,0.3056604510803854,0.3074898421764374,0.3074898421764374,463230000
13/06/2006,0.30733716591618393,0.3135872851677776,0.29986686161491,0.3027637004852295,0.3027637004852295,532548000
14/06/2006,0.30459314472080207,0.3125207914824822,0.30139170201015864,0.31160610914230347,0.31160610914230347,480492000
15/06/2006,0.32303987876055573,0.33996172558523724,0.3204476418947621,0.3388942778110504,0.3388942778110504,837336000
16/06/2006,0.3366073736331927,0.3375220558051834,0.327003074527271,0.3302045166492462,0.3302045166492462,503448000
19/06/2006,0.33386325875054146,0.33553988508604893,0.31953273096705015,0.3202956020832062,0.3202956020832062,388044000
20/06/2006,0.31145324099820826,0.3224295617485416,0.3102339557215037,0.3152647614479065,0.3152647614479065,535818000
21/06/2006,0.3138929043486166,0.32380178326071685,0.3138929043486166,0.31877097487449646,0.31877097487449646,441174000
22/06/2006,0.3222770294346224,0.32319171205530023,0.3073373132502803,0.3094713091850281,0.3094713091850281,532338000
23/06/2006,0.3088620121590019,0.3160268149360498,0.30596520000558913,0.30962395668029785,0.30962395668029785,335202000
26/06/2006,0.3091665494503125,0.3125207293239546,0.30520319027791326,0.3067270517349243,0.3067270517349243,281736000
27/06/2006,0.3085564967860666,0.3088619996985087,0.2928548683349131,0.29697099328041077,0.29697099328041077,608514000
28/06/2006,0.29925758581528816,0.31831338577368945,0.2914826807334036,0.3134353458881378,0.3134353458881378,833376000
29/06/2006,0.30489765937679164,0.3276131749153137,0.30383113900164166,0.3276131749153137,0.3276131749153137,687666000
30/06/2006,0.33081467196815334,0.3359973174263466,0.32212508100264287,0.3245636522769928,0.3245636522769928,468240000
03/07/2006,0.3320339575586252,0.33233853362780424,0.32700312308561075,0.32928988337516785,0.32928988337516785,174696000
05/07/2006,0.32410636246834956,0.3270031749358522,0.3145020604133606,0.3145020604133606,0.3145020604133606,459708000
06/07/2006,0.31450189885201024,0.31755147486188084,0.30154434933986385,0.30474576354026794,0.30474576354026794,470634000
07/07/2006,0.30687988112219394,0.30748998738896016,0.2919401693590963,0.2952934503555298,0.2952934503555298,541230000
10/07/2006,0.29605624892031507,0.29819024389531973,0.27989635436910204,0.282487690448761,0.282487690448761,449922000
11/07/2006,0.28157306565321133,0.2930067602679039,0.2774569672135374,0.29194021224975586,0.29194021224975586,600582000
12/07/2006,0.29087267840845926,0.29422685848347774,0.2776096227574773,0.27791422605514526,0.27791422605514526,461034000
13/07/2006,0.27364634921196956,0.28050654974334877,0.2693774583242829,0.2707495093345642,0.2707495093345642,540582000
14/07/2006,0.2757801465115021,0.27730493443264737,0.26175515075660805,0.26937729120254517,0.26937729120254517,572148000
17/07/2006,0.26815815418978817,0.274561013035533,0.26678613053285044,0.271511435508728,0.271511435508728,502806000
18/07/2006,0.2808110221033725,0.2891960075892384,0.2707493829963459,0.2862991690635681,0.2862991690635681,979332000
19/07/2006,0.28507998218180397,0.30245916565707054,0.282945087206714,0.29880040884017944,0.29880040884017944,1055550000
20/07/2006,0.3041357720786334,0.30947118225748826,0.2923975044010707,0.29285484552383423,0.29285484552383423,505602000
21/07/2006,0.2829450894059809,0.28416530200133505,0.2687673214427948,0.27090221643447876,0.27090221643447876,633918000
24/07/2006,0.2809638504550876,0.3050504952378265,0.2794390618079649,0.29819029569625854,0.29819029569625854,983178000
25/07/2006,0.3018489771827275,0.31191058885615136,0.2974282501577437,0.30870917439460754,0.30870917439460754,574104000
26/07/2006,0.30870917439460754,0.31236795714494375,0.29956221751876694,0.30870917439460754,0.30870917439460754,495318000
27/07/2006,0.3126725905754934,0.3254783052943555,0.30748994558369896,0.3131299316883087,0.3131299316883087,694338000
28/07/2006,0.32121042713950315,0.34621178423912113,0.3193810349463489,0.3456016778945923,0.3456016778945923,815298000
31/07/2006,0.34194293827099614,0.3454498848455772,0.33660752610433425,0.3375222086906433,0.3375222086906433,594762000
01/08/2006,0.3334060629211611,0.33401616930967043,0.3178562690484368,0.3239545524120331,0.3239545524120331,600966000
02/08/2006,0.3311192858861926,0.3504806269909739,0.3303573685759067,0.3488030731678009,0.3488030731678009,756774000
03/08/2006,0.3475838255815059,0.3802082288121395,0.3427057550989727,0.37075579166412354,0.37075579166412354,890568000
04/08/2006,0.3805128889870725,0.38112299545360456,0.3562734716556267,0.36572501063346863,0.36572501063346863,818232000
07/08/2006,0.3593220061092372,0.36603036676711903,0.35444393685642794,0.36145690083503723,0.36145690083503723,436146000
08/08/2006,0.3643528158564209,0.37883605671752635,0.3634381063757237,0.37106117606163025,0.37106117606163025,619806000
09/08/2006,0.37837880514755584,0.3887450516284562,0.3681644241925937,0.3709084987640381,0.3709084987640381,584706000
10/08/2006,0.3667923089309077,0.37045109255765185,0.3605422162936383,0.3683170974254608,0.3683170974254608,1072140000
11/08/2006,0.34148536932538853,0.3660302443622957,0.34026608412999093,0.35673055052757263,0.35673055052757263,1603272000
14/08/2006,0.36115158857127294,0.3648103741522651,0.3529193346440515,0.3549014925956726,0.3549014925956726,809412000
15/08/2006,0.36404831882179867,0.39103180658874437,0.36054229946579336,0.3890496492385864,0.3890496492385864,902172000
16/08/2006,0.39118445338252306,0.41862527600556326,0.38112283932008034,0.41694772243499756,0.41694772243499756,1029246000
17/08/2006,0.4117650502314572,0.4225886353015044,0.40627687516182515,0.41039299964904785,0.41039299964904785,814224000
18/08/2006,0.41085039649103494,0.41923445701558276,0.3965198652770767,0.4171004891395569,0.4171004891395569,665898000
21/08/2006,0.4108504064076062,0.4116123236245212,0.40078876480309367,0.40170344710350037,0.40170344710350037,500220000
22/08/2006,0.4004831954824192,0.41222236149776537,0.4001785922062133,0.4010932743549347,0.4010932743549347,473928000
23/08/2006,0.4041420677942664,0.4082581931696154,0.3919464567703979,0.400788813829422,0.400788813829422,485412000
24/08/2006,0.4018552975604549,0.40703886997374505,0.3954524394829804,0.40490490198135376,0.40490490198135376,260802000
25/08/2006,0.4018551948377535,0.4108503138726804,0.39789183594205824,0.4036845862865448,0.4036845862865448,238314000
28/08/2006,0.4103929454282664,0.42944877695511813,0.4096301015431562,0.4175577461719513,0.4175577461719513,764562000
29/08/2006,0.421521283193361,0.4384431260705317,0.41847260530192504,0.4364618957042694,0.4364618957042694,727962000
30/08/2006,0.4389002851198652,0.4500293709621757,0.4378337376177271,0.4454558789730072,0.4454558789730072,681564000
31/08/2006,0.44438852868099105,0.44637068549668873,0.4341750767559734,0.4437793493270874,0.4437793493270874,511278000
01/09/2006,0.4372237902023556,0.44072983638154656,0.42350339103642853,0.42518001794815063,0.42518001794815063,605742000
05/09/2006,0.4265519493968041,0.4361562206731647,0.42030185784554797,0.43447959423065186,0.43447959423065186,549354000
06/09/2006,0.426857558629154,0.4274667380527608,0.41161234401372615,0.4126797914505005,0.4126797914505005,493572000
07/09/2006,0.4059714453354195,0.4302108555130181,0.40155074401446805,0.4209120571613312,0.4209120571613312,742836000
08/09/2006,0.4276194469367363,0.4294488386477177,0.4129843405088903,0.4222840368747711,0.4222840368747711,447978000
11/09/2006,0.41283145816997946,0.43371757779260456,0.4081061556339957,0.4288386106491089,0.4288386106491089,598266000
12/09/2006,0.42685743468346365,0.44286458916559357,0.42578998755664166,0.44012048840522766,0.44012048840522766,498432000
13/09/2006,0.4411870848451735,0.4494193335185817,0.4398150343129374,0.4436265826225281,0.4436265826225281,476286000
14/09/2006,0.44149274152884865,0.4497249930703797,0.4361564030242111,0.44195008277893066,0.44195008277893066,428814000
15/09/2006,0.4434738738026121,0.45277357090057574,0.44133987862186974,0.4506395757198334,0.4506395757198334,649764000
18/09/2006,0.45185878662267015,0.4684760211327352,0.4504867634033119,0.4677131772041321,0.4677131772041321,793896000
19/09/2006,0.46466470022015116,0.4680188812965857,0.45170621673797917,0.4555177390575409,0.4555177390575409,708054000
20/09/2006,0.4614630237206773,0.47274397546810254,0.4605483416427776,0.4721347689628601,0.4721347689628601,511884000
21/09/2006,0.4716773799853158,0.4764026823477626,0.4639024472627043,0.4683232009410858,0.4683232009410858,539106000
22/09/2006,0.4669513907615527,0.4698482030684968,0.4492676036799545,0.45445024967193604,0.45445024967193604,653334000
25/09/2006,0.4613104116428399,0.4727440763566569,0.44881017189721123,0.47076281905174255,0.47076281905174255,684486000
26/09/2006,0.4703054716715729,0.47152475717544273,0.45490749428439,0.4608530104160309,0.4608530104160309,516120000
27/09/2006,0.4594809412956238,0.4741160741119466,0.45506024098240677,0.4594809412956238,0.4594809412956238,578142000
28/09/2006,0.44149267738758907,0.4526208403492838,0.4395105475583762,0.45079144835472107,0.45079144835472107,647346000
29/09/2006,0.4538409961780387,0.4573470146342696,0.4486574241912591,0.45109692215919495,0.45109692215919495,373890000
02/10/2006,0.44896199802482173,0.4518588096690291,0.4360044182789385,0.43966320157051086,0.43966320157051086,647442000
03/10/2006,0.43143102526664734,0.43478430625044145,0.4218267515879411,0.43143102526664734,0.43143102526664734,907692000
04/10/2006,0.4320401550580652,0.4739642424867223,0.4308208423264419,0.47381147742271423,0.47381147742271423,1460382000
05/10/2006,0.4719821546004536,0.47670838606517013,0.4591764378615268,0.4603957235813141,0.4603957235813141,662682000
06/10/2006,0.46115849971816175,0.4764027838472978,0.4597864492677333,0.471524715423584,0.471524715423584,593610000
09/10/2006,0.47045730051115187,0.5081124715134858,0.46908524996661344,0.5018624067306519,0.5018624067306519,932304000
10/10/2006,0.49927017694156156,0.5012523065172505,0.4847878079320838,0.49042877554893494,0.49042877554893494,624648000
11/10/2006,0.487836396654031,0.5018623207874796,0.4803669931507742,0.49317270517349243,0.49317270517349243,481944000
12/10/2006,0.4959170760366355,0.5053686137953354,0.487989427616784,0.4951542317867279,0.4951542317867279,414720000
13/10/2006,0.49347764109981623,0.5177170311771856,0.4853981533542324,0.5148202180862427,0.5148202180862427,584190000
16/10/2006,0.5164974352773313,0.5248815214369873,0.5047582426137145,0.5139052271842957,0.5139052271842957,478968000
17/10/2006,0.5055212412028705,0.5090272597716862,0.489361345361785,0.49423936009407043,0.49423936009407043,526506000
18/10/2006,0.5015567867306014,0.5068930952077262,0.4776229432623046,0.4811289608478546,0.4811289608478546,822750000
19/10/2006,0.479299658317407,0.4939347923533652,0.47548816425381707,0.4902760088443756,0.4902760088443756,473040000
20/10/2006,0.49408740064580986,0.4943920038917811,0.47762296004305027,0.48463499546051025,0.48463499546051025,359478000
23/10/2006,0.48356855458497316,0.4953068231055372,0.48021437415041085,0.4814336597919464,0.4814336597919464,280248000
24/10/2006,0.48234845288947165,0.5009478495340903,0.48097640200258834,0.495459645986557,0.495459645986557,519288000
25/10/2006,0.5001847399626297,0.507655070299344,0.4918006544336564,0.500032901763916,0.500032901763916,389436000
26/10/2006,0.501252247290942,0.5175639788736479,0.501252247290942,0.5158873796463013,0.5158873796463013,366690000
27/10/2006,0.5158875132816948,0.52732117932109,0.4878365812409201,0.4936302602291107,0.4936302602291107,566988000
30/10/2006,0.4969835006098678,0.5084171663395414,0.49164811705613254,0.49957576394081116,0.49957576394081116,479592000
31/10/2006,0.5105520198485062,0.5315899848937988,0.5079598112477032,0.5315899848937988,0.5315899848937988,996174000
01/11/2006,0.5245771042785513,0.5294551742947444,0.4832631393439826,0.4905807077884674,0.4905807077884674,1176540000
02/11/2006,0.49286739176609623,0.5035390854759464,0.4805189894373569,0.48722735047340393,0.48722735047340393,862944000
03/11/2006,0.492715414515613,0.4975934826672409,0.4847877155241848,0.4969833493232727,0.4969833493232727,548070000
06/11/2006,0.4983553874601212,0.5189359790032463,0.4921052690880651,0.5120757818222046,0.5120757818222046,739602000
07/11/2006,0.5158875222514668,0.5253390586002589,0.5129906554469934,0.5198509097099304,0.5198509097099304,553254000
08/11/2006,0.5161921574731761,0.5338768178294474,0.5149728716446234,0.5274739861488342,0.5274739861488342,648324000
09/11/2006,0.5382975576219123,0.5518651924326803,0.5334194876158692,0.5379929542541504,0.5379929542541504,1207758000
10/11/2006,0.5334194428968536,0.5360107793665124,0.511771342791699,0.5250344276428223,0.5250344276428223,1317192000
13/11/2006,0.5261018811300213,0.5503412634635136,0.5259491160369966,0.5488165020942688,0.5488165020942688,852282000
14/11/2006,0.5468340910522277,0.5553718679559828,0.5350958268044848,0.5543044209480286,0.5543044209480286,628530000
15/11/2006,0.5526279488013028,0.5602501193874537,0.5421089663003137,0.5451576709747314,0.5451576709747314,491892000
16/11/2006,0.547444580567159,0.5541520165191498,0.5427183480506693,0.5521708130836487,0.5521708130836487,457182000
17/11/2006,0.5483588672198959,0.5552190633478522,0.545004688245382,0.5536942481994629,0.5536942481994629,361608000
20/11/2006,0.5468343826357405,0.5619268341447082,0.5427182842787608,0.5588781833648682,0.5588781833648682,608634000
21/11/2006,0.5605547543337787,0.5614694366637296,0.5463769873994792,0.5501884818077087,0.5501884818077087,387384000
22/11/2006,0.5521706980935221,0.5602501834831757,0.5492738313272522,0.5596400499343872,0.5596400499343872,240258000
24/11/2006,0.5568960275359488,0.5649764401250734,0.5518651924258923,0.5637562274932861,0.5637562274932861,144336000
27/11/2006,0.5604029488902845,0.5678723007352791,0.5344859848375869,0.5382975339889526,0.5382975339889526,585294000
28/11/2006,0.5364681209704765,0.553237225503787,0.5280831052836418,0.5483591556549072,0.5483591556549072,480966000
29/11/2006,0.5533896187391079,0.5631466242007441,0.5512555975067828,0.5564382672309875,0.5564382672309875,579792000
30/11/2006,0.5564385430133255,0.568482340672939,0.5497311095589636,0.5639088749885559,0.5639088749885559,583632000
01/12/2006,0.5576590167062403,0.5584209342239317,0.5369256463387725,0.5418037176132202,0.5418037176132202,785010000
04/12/2006,0.548816541787213,0.5707691925546968,0.5468343573158359,0.5637562274932861,0.5637562274932861,621570000
05/12/2006,0.5578106657895234,0.56116484637075,0.5517133104749591,0.5579634308815002,0.5579634308815002,663354000
06/12/2006,0.5597927815192614,0.5597927815192614,0.5495784017805542,0.5572014451026917,0.5572014451026917,478242000
07/12/2006,0.5572016095781964,0.5602503153188109,0.5389077395335115,0.543785810470581,0.543785810470581,486894000
08/12/2006,0.5398223372171669,0.5494266392878738,0.5320474545751789,0.5419563055038452,0.5419563055038452,564858000
11/12/2006,0.5421090088495966,0.5578106651334614,0.5408887963158665,0.5512559413909912,0.5512559413909912,515484000
12/12/2006,0.5471398332624178,0.5489691979282747,0.5382975042306476,0.545615017414093,0.545615017414093,568116000
13/12/2006,0.5500357379368372,0.5564385683788451,0.5500357379368372,0.552017867565155,0.552017867565155,491952000
14/12/2006,0.5564386583100036,0.568787061832494,0.5559813443588146,0.5617749691009521,0.5617749691009521,715380000
15/12/2006,0.5654336447645505,0.5716837644577026,0.5619266994916302,0.5716837644577026,0.5716837644577026,746094000
18/12/2006,0.5722939132312113,0.5884529380966111,0.5719884375648668,0.5815927386283875,0.5815927386283875,688356000
19/12/2006,0.5741232571137295,0.5930263265733573,0.5733604131082867,0.5899776220321655,0.5899776220321655,545622000
20/12/2006,0.5869289756424424,0.5939410124865719,0.582812823764279,0.5832701921463013,0.5832701921463013,306594000
21/12/2006,0.58647157042798,0.5881482242566807,0.571683726818079,0.5782393217086792,0.5782393217086792,367920000
22/12/2006,0.5773247037289012,0.579305961066762,0.5617748867475234,0.5645189881324768,0.5645189881324768,370170000
26/12/2006,0.5675678710361163,0.5725986524613297,0.5620796665431098,0.5643664002418518,0.5643664002418518,228192000
27/12/2006,0.5668056970104499,0.5738177338958593,0.5668056970104499,0.571836531162262,0.571836531162262,264954000
28/12/2006,0.5724455972909253,0.5730557306589849,0.5651280858745328,0.5677202939987183,0.5677202939987183,213912000
29/12/2006,0.5677205200854782,0.5796115558375607,0.5636044216820791,0.5642135739326477,0.5642135739326477,386094000
03/01/2007,0.5651281628270782,0.5719883613815903,0.5303697471562009,0.5500357151031494,0.5500357151031494,1154820000
04/01/2007,0.5480546611428718,0.5500359191035378,0.534028728686162,0.5474445819854736,0.5474445819854736,797298000
05/01/2007,0.5344859291666368,0.536620823905996,0.5094845769418707,0.5131433606147766,0.5131433606147766,1243344000
08/01/2007,0.5149727098406134,0.5268636870141916,0.5061303279207224,0.5169548392295837,0.5169548392295837,657270000
09/01/2007,0.5177166812534335,0.5212226988607477,0.5062830195600272,0.5068930983543396,0.5068930983543396,764166000
10/01/2007,0.5015569040061169,0.5366207954203018,0.4939347882622661,0.5318945646286011,0.5318945646286011,1108746000
11/01/2007,0.5318946014611826,0.5360107536047426,0.521222853592624,0.5299124717712402,0.5299124717712402,924504000
12/01/2007,0.5219858108588932,0.5392122295489514,0.519546312483166,0.5370782613754272,0.5370782613754272,698190000
16/01/2007,0.5411943699969426,0.5414989733647045,0.531894671616305,0.5379929542541504,0.5379929542541504,711864000
17/01/2007,0.5305225409210766,0.5337240107023355,0.5247297893627118,0.5267110466957092,0.5267110466957092,707934000
18/01/2007,0.5221375218514337,0.5221375218514337,0.4765555780503509,0.483111172914505,0.483111172914505,1501638000
19/01/2007,0.4779276151510709,0.49606876790474436,0.4745734348987095,0.4860071539878845,0.4860071539878845,942606000
22/01/2007,0.4905806198155493,0.49850826589557545,0.4841777349448107,0.4860071539878845,0.4860071539878845,730644000
23/01/2007,0.48372015554487247,0.4939345846029899,0.4747259928899895,0.48615965247154236,0.48615965247154236,630354000
24/01/2007,0.4924100241351823,0.5078080036689406,0.4901232910365362,0.5012523531913757,0.5012523531913757,685722000
25/01/2007,0.505826054418889,0.5076554744598497,0.48128205792656764,0.4837206304073334,0.4837206304073334,616284000
26/01/2007,0.4878364342534308,0.4925626643417953,0.47106733504836346,0.4797569513320923,0.4797569513320923,829584000
29/01/2007,0.4776230599345591,0.4779276087242235,0.4559749621426345,0.46009111404418945,0.46009111404418945,1258284000
30/01/2007,0.46313987297632647,0.4719822032776294,0.459023774627173,0.4689335525035858,0.4689335525035858,636174000
31/01/2007,0.46664665402001637,0.4716774875739351,0.46085297654210494,0.4672558605670929,0.4672558605670929,467976000
01/02/2007,0.4628351183361265,0.4756408322107228,0.4619204361707998,0.47320133447647095,0.47320133447647095,650898000
02/02/2007,0.4757934936035474,0.4878363609096652,0.4718292356841289,0.4855496287345886,0.4855496287345886,586590000
05/02/2007,0.48783649126642215,0.497593555844613,0.4870745741244419,0.49347740411758423,0.49347740411758423,579906000
06/02/2007,0.5046064511769753,0.5174121653387824,0.49713617410587707,0.5110093355178833,0.5110093355178833,775386000
07/02/2007,0.5151253947817243,0.5321990975300939,0.5120758183194551,0.5309798121452332,0.5309798121452332,761058000
08/02/2007,0.5229004490994045,0.5315900130010336,0.5183269829364382,0.5241197347640991,0.5241197347640991,726276000
09/02/2007,0.526710963763244,0.531132590776549,0.4957640998306139,0.49774622917175293,0.49774622917175293,937956000
12/02/2007,0.5014052717758531,0.5195464315492454,0.4960689598585474,0.5087228417396545,0.5087228417396545,789360000
13/02/2007,0.5169550064117004,0.5224431556912849,0.5117714059919329,0.5183270573616028,0.5183270573616028,849732000
14/02/2007,0.5229004060275014,0.5259490560982549,0.5102465291574129,0.5114667415618896,0.5114667415618896,1081848000
15/02/2007,0.5111611012246158,0.5171066163691194,0.5062830331788746,0.5145152807235718,0.5145152807235718,488682000
16/02/2007,0.512381198839423,0.5129903506739732,0.4972887574675837,0.49881264567375183,0.49881264567375183,915060000
20/02/2007,0.499575781194167,0.505978612415905,0.4960688353877376,0.5032345652580261,0.5032345652580261,625578000
21/02/2007,0.4991183163754433,0.5044537536033389,0.49073330238289603,0.4957641363143921,0.4957641363143921,655332000
22/02/2007,0.5035391172756136,0.511618657262595,0.4977463650480148,0.49896565079689026,0.49896565079689026,655452000
23/02/2007,0.5036917448750727,0.5039963481490561,0.49759351863471557,0.49774622917175293,0.49774622917175293,403050000
26/02/2007,0.49911836573724316,0.5029289876996708,0.48936135472571196,0.49012327194213867,0.49012327194213867,494070000
27/02/2007,0.48478773250539114,0.4962214496750499,0.4745733552263436,0.4753362536430359,0.4753362536430359,714630000
28/02/2007,0.4739643749375294,0.4828057781577734,0.46817069556795177,0.4725923240184784,0.4725923240184784,780048000
01/03/2007,0.46237775471350423,0.475488070457802,0.45627947445474765,0.46679845452308655,0.46679845452308655,837228000
02/03/2007,0.46268245682368236,0.46832336999432483,0.4529262912731061,0.4538410007953644,0.4538410007953644,682728000
05/03/2007,0.44591330927906303,0.4547556367267292,0.4369191163499684,0.43844300508499146,0.43844300508499146,663558000
06/03/2007,0.4480473663469738,0.4693908632195243,0.4462179743836296,0.4643600285053253,0.4643600285053253,805974000
07/03/2007,0.46207321968485376,0.46420718738246397,0.44926750529885495,0.45124873518943787,0.45124873518943787,811656000
08/03/2007,0.46070107771989316,0.4750306780525833,0.46039554764644547,0.46984800696372986,0.46984800696372986,770622000
09/03/2007,0.4764028794944152,0.48173918963305745,0.4597865415787986,0.46512192487716675,0.46512192487716675,555306000
12/03/2007,0.4597863322402896,0.4690850983974642,0.45917619901758433,0.462377667427063,0.462377667427063,428010000
13/03/2007,0.45765169339570055,0.4603957406069339,0.44255921565383033,0.4428647458553314,0.4428647458553314,617070000
14/03/2007,0.4440840373079153,0.4466753467115977,0.42746677064684846,0.44072985649108887,0.44072985649108887,971610000
15/03/2007,0.4396632797948164,0.44362666708246434,0.42960163758284076,0.4363090991973877,0.4363090991973877,655752000
16/03/2007,0.4366136796747372,0.437376523738018,0.4291442739284778,0.43219295144081116,0.43219295144081116,525648000
19/03/2007,0.43447962493451364,0.44133982308242603,0.4329548365971531,0.4343268871307373,0.4343268871307373,461508000
20/03/2007,0.4329548959238287,0.4428646993643808,0.4305163246500705,0.43219295144081116,0.43219295144081116,656490000
21/03/2007,0.4497249160731509,0.46405449420880174,0.4411871630196709,0.45688971877098083,0.45688971877098083,1268376000
22/03/2007,0.45734701076001,0.4696953573702052,0.45521304296128134,0.46695131063461304,0.46695131063461304,810954000
23/03/2007,0.4634453438627224,0.47167759402707254,0.45841450917339227,0.4617677628993988,0.4617677628993988,524640000
26/03/2007,0.46207324915147213,0.4664939498956347,0.45429834089987603,0.46268245577812195,0.46268245577812195,447336000
27/03/2007,0.4616158864773612,0.46253056874887194,0.4535355024921743,0.4539928436279297,0.4539928436279297,469020000
28/03/2007,0.4501821397590235,0.45399276090920593,0.4445412275590689,0.44530317187309265,0.44530317187309265,459504000
29/03/2007,0.4520116724242958,0.4526208518777784,0.43036359854715317,0.4375284016132355,0.4375284016132355,719016000
30/03/2007,0.4434739026564215,0.44667531816594813,0.4364618649462331,0.4387485980987549,0.4387485980987549,581244000
02/04/2007,0.43768111563443246,0.441339872029762,0.43112549278687345,0.4382912218570709,0.4382912218570709,400830000
03/04/2007,0.43829126247717753,0.44316930492962586,0.4324975835557846,0.43661370873451233,0.43661370873451233,473724000
04/04/2007,0.4360045187972865,0.43951056509162734,0.43447973009088403,0.4356990158557892,0.4356990158557892,361692000
05/04/2007,0.4375284065596823,0.4715248566539801,0.4375284065596823,0.47106748819351196,0.47106748819351196,1332900000
09/04/2007,0.4710673451524929,0.47640278187762536,0.4616158116130983,0.4625304937362671,0.4625304937362671,640950000
10/04/2007,0.46192047923509433,0.4672559167035546,0.45688967233677386,0.4578043818473816,0.4578043818473816,794220000
11/04/2007,0.45871901434588414,0.46329247962287146,0.44804726824620716,0.44957205653190613,0.44957205653190613,810150000
12/04/2007,0.44713246033813603,0.4637497175282694,0.4442365219599361,0.462377667427063,0.462377667427063,743640000
13/04/2007,0.46085307418230076,0.4671041213149699,0.45521308740637667,0.4661893844604492,0.4661893844604492,638694000
16/04/2007,0.4649692308477902,0.4684761219699512,0.45780442815342104,0.4637499451637268,0.4637499451637268,671838000
17/04/2007,0.4754880289749418,0.48631248366788027,0.4658837318113195,0.4681704640388489,0.4681704640388489,1059108000
18/04/2007,0.4674086534945386,0.47808040135066915,0.46496920991594093,0.47396430373191833,0.47396430373191833,683802000
19/04/2007,0.47015272018806625,0.48326303833402595,0.4687806695765037,0.4805189371109009,0.4805189371109009,568056000
20/04/2007,0.4875317025253266,0.48783630570622516,0.4797568249138685,0.48615965247154236,0.48615965247154236,590052000
23/04/2007,0.48387308776660004,0.4847877699452119,0.4768601245838488,0.47823217511177063,0.47823217511177063,595272000
24/04/2007,0.48631246356803354,0.5006420627856601,0.4831110494858098,0.4962213635444641,0.4962213635444641,1028088000
25/04/2007,0.4954595291086979,0.5075023995235032,0.49317279634333533,0.5047582983970642,0.5047582983970642,509640000
26/04/2007,0.5047582894011853,0.5148199570054678,0.5001848239519691,0.5110093355178833,0.5110093355178833,500070000
27/04/2007,0.5093320518396193,0.5149729672244111,0.49606896301094977,0.5041493773460388,0.5041493773460388,554058000
30/04/2007,0.5110093600028367,0.5174121901305268,0.501252295219613,0.5014050602912903,0.5014050602912903,563388000
01/05/2007,0.5105520646035044,0.5139053728981493,0.5026244176664945,0.5067405700683594,0.5067405700683594,544554000
02/05/2007,0.5093316777328766,0.5114665716815083,0.49820349259463875,0.5007948279380798,0.5007948279380798,659658000
03/05/2007,0.5055212113809754,0.5136006954047675,0.5046064746326056,0.5102465152740479,0.5102465152740479,500250000
04/05/2007,0.512990490563235,0.5164974352773313,0.5081124222776133,0.5139052271842957,0.5139052271842957,405246000
07/05/2007,0.5213755762126284,0.5271683274064825,0.5030817135623643,0.5036917924880981,0.5036917924880981,557100000
08/05/2007,0.5006422966390295,0.5087227088113729,0.4908861571302772,0.5075024962425232,0.5075024962425232,737100000
09/05/2007,0.5038439468619882,0.5126863349526111,0.4980511920334044,0.5097894668579102,0.5097894668579102,417870000
10/05/2007,0.5119240906510756,0.5186315247163276,0.49591695929785995,0.5003376603126526,0.5003376603126526,802584000
11/05/2007,0.5273211474110925,0.5408887807407005,0.5192416625442836,0.5357061624526978,0.5357061624526978,1530630000
14/05/2007,0.5335709884254416,0.5386017658338489,0.5253387427789706,0.5303695201873779,0.5303695201873779,731568000
15/05/2007,0.5318946012568595,0.5350960165761659,0.5244243232317224,0.5256444811820984,0.5256444811820984,621360000
16/05/2007,0.5261017327763505,0.5323518514633179,0.5160401206412032,0.5323518514633179,0.5323518514633179,523104000
17/05/2007,0.5308273708870198,0.5335714734368696,0.5204611489523019,0.5235098004341125,0.5235098004341125,443664000
18/05/2007,0.5274737099487602,0.5354004266843143,0.5230520837547717,0.5338765382766724,0.5338765382766724,604266000
21/05/2007,0.5323518026194818,0.548816296980909,0.5297604670885084,0.5355532169342041,0.5355532169342041,645768000
22/05/2007,0.536010797308528,0.5433283108492439,0.5273211784214012,0.5384502410888672,0.5384502410888672,401736000
23/05/2007,0.5387548155815879,0.5419562309916608,0.5225949189230071,0.5241197347640991,0.5241197347640991,448248000
24/05/2007,0.526559075171094,0.5280829091953195,0.5030816178778558,0.505215585231781,0.505215585231781,607800000
25/05/2007,0.5088744979763099,0.515734696918003,0.5073506090427631,0.5131433606147766,0.5131433606147766,308976000
29/05/2007,0.5110094603347087,0.5203082317286262,0.50948464435914,0.5186315774917603,0.5186315774917603,316242000
30/05/2007,0.5125333415094784,0.5198509097099304,0.5061304557040776,0.5198509097099304,0.5198509097099304,331650000
31/05/2007,0.523662384783328,0.5312845560566408,0.5212228865277264,0.528083086013794,0.528083086013794,481572000
01/06/2007,0.5340284110542595,0.5419560551432152,0.5308269966829492,0.5317416787147522,0.5317416787147522,429084000
04/06/2007,0.5268637082562603,0.5376872931613806,0.5247297405606486,0.5346386432647705,0.5346386432647705,322002000
05/06/2007,0.5361634569744446,0.5514077438332459,0.5352487746837096,0.550493061542511,0.550493061542511,698586000
06/06/2007,0.546682464724464,0.563451568131377,0.5443957316326004,0.5546092391014099,0.5546092391014099,950736000
07/06/2007,0.5520177960460348,0.5602500444906322,0.548511777961153,0.5486636161804199,0.5486636161804199,791862000
08/06/2007,0.5440902532911548,0.5579634168628006,0.5373827646175225,0.5572014451026917,0.5572014451026917,533268000
11/06/2007,0.5572013272803559,0.5625367640734356,0.5541517507642321,0.5591825842857361,0.5591825842857361,434634000
12/06/2007,0.5562867786433501,0.5640616604351238,0.5530853631432101,0.5533899664878845,0.5533899664878845,526770000
13/06/2007,0.5594882102410991,0.566805778326262,0.552322534932503,0.5666530132293701,0.5666530132293701,587232000
14/06/2007,0.5640615713411316,0.5788485430069384,0.5632987273594783,0.5767145752906799,0.5767145752906799,508548000
15/06/2007,0.5832703489781903,0.6075097348226872,0.5831175838630379,0.6029362678527832,0.6029362678527832,1081998000
18/06/2007,0.609033600210161,0.6111684953367004,0.5983627774191177,0.6032408475875854,0.6032408475875854,685662000
19/06/2007,0.599429345912931,0.6084244419421715,0.5953132472814051,0.6070524454116821,0.6070524454116821,491952000
20/06/2007,0.6097963207610478,0.6128450254031839,0.6035453285983822,0.6076614260673523,0.6076614260673523,822792000
21/06/2007,0.6194005755094628,0.6605618197840756,0.6146743449141747,0.6552254557609558,0.6552254557609558,1297326000
22/06/2007,0.6555308461473067,0.6687939260638959,0.6456210732284966,0.6649823784828186,0.6649823784828186,882618000
25/06/2007,0.6463839863716421,0.6622383489743187,0.6404384709106291,0.6474505066871643,0.6474505066871643,819702000
26/06/2007,0.645773819694319,0.6476032383294876,0.6158935333999022,0.6174183487892151,0.6174183487892151,868482000
27/06/2007,0.6174186710219894,0.6347978572663385,0.6143699654922522,0.6340358853340149,0.6340358853340149,613140000
28/06/2007,0.6358652653918022,0.646993456961722,0.6296142172778222,0.6401332020759583,0.6401332020759583,597534000
29/06/2007,0.6444020168501111,0.6445547274187797,0.6294622781288352,0.6297668814659119,0.6297668814659119,516570000
02/07/2007,0.6387612265717661,0.6562931229038708,0.6367799687578397,0.6559885740280151,0.6559885740280151,563850000
03/07/2007,0.6555308933395936,0.6622383256179964,0.6501945845899247,0.6570547819137573,0.6570547819137573,238770000
05/07/2007,0.6572076658531343,0.6662018321999289,0.6540061962401735,0.6640678644180298,0.6640678644180298,373290000
06/07/2007,0.6631533105749886,0.669860745365463,0.661934024795004,0.6672694087028503,0.6672694087028503,282720000
09/07/2007,0.6697087358741579,0.6898320164609258,0.669555970810573,0.6866305470466614,0.6866305470466614,536784000
10/07/2007,0.6831237758653661,0.697454253540883,0.675806208097483,0.69333815574646,0.69333815574646,552654000
11/07/2007,0.6931853775088412,0.6979116087343914,0.68068513707266,0.6902894377708435,0.6902894377708435,582612000
12/07/2007,0.6951674110281236,0.7043143420384922,0.6902893422306443,0.7035524249076843,0.7035524249076843,438732000
13/07/2007,0.7015704523267376,0.7099554135612642,0.6985217472416021,0.6992837190628052,0.6992837190628052,372630000
16/07/2007,0.6998937799325621,0.7148334648902528,0.6997410148361412,0.7119366526603699,0.7119366526603699,541710000
17/07/2007,0.7148334518118403,0.7291639843223644,0.7082778556705941,0.7088879346847534,0.7088879346847534,643812000
18/07/2007,0.6986734547646606,0.7008083493690871,0.6822089565372034,0.6959294080734253,0.6959294080734253,550656000
19/07/2007,0.7058391085800697,0.7093451265782025,0.6902892942316868,0.6951673626899719,0.6951673626899719,407376000
20/07/2007,0.6997410624785174,0.7021805609455951,0.6841912974367884,0.6875454783439636,0.6875454783439636,505650000
23/07/2007,0.6851059764332863,0.708583443504719,0.6835811604139704,0.6944056749343872,0.6944056749343872,360474000
24/07/2007,0.6916615163583963,0.6974542683878433,0.6718428351750708,0.6761116981506348,0.6761116981506348,457560000
25/07/2007,0.676263406998947,0.6858677062459321,0.657360338633553,0.6729101538658142,0.6729101538658142,437196000
26/07/2007,0.6657445868054838,0.6857160340976911,0.6567504187971754,0.6762635707855225,0.6762635707855225,710268000
27/07/2007,0.6745865941047668,0.7056861602025354,0.6742819909127815,0.6745865941047668,0.6745865941047668,615480000
30/07/2007,0.6770264803845081,0.6945575027407568,0.6768737152807544,0.6934909820556641,0.6934909820556641,538158000
31/07/2007,0.7209318022859531,0.7306879425543548,0.6966924175622358,0.6976071000099182,0.6976071000099182,711492000
01/08/2007,0.6875452750073514,0.7044670859647335,0.6601044282796944,0.6924233436584473,0.6924233436584473,705828000
02/08/2007,0.7003509750603393,0.7009601270945667,0.6800749300696287,0.6893746256828308,0.6893746256828308,468606000
03/08/2007,0.6870879342903431,0.6921187682053717,0.6482134225796891,0.6485180258750916,0.6485180258750916,623412000
06/08/2007,0.6540062427520752,0.6588843121148579,0.6357123786113227,0.6540062427520752,0.6540062427520752,524724000
07/08/2007,0.6540062317114542,0.6751969620075247,0.6453166681992961,0.6643725037574768,0.6643725037574768,565764000
08/08/2007,0.6764165380771894,0.7157484385333349,0.6712329909282035,0.695015013217926,0.695015013217926,660744000
09/08/2007,0.6997409325804667,0.7226083164580065,0.6837338020301983,0.7032469511032104,0.7032469511032104,1251834000
10/08/2007,0.6456211425318099,0.675196827108601,0.630986010774241,0.6706233620643616,0.6706233620643616,1141014000
13/08/2007,0.6759588219674808,0.680532287169263,0.649432658373137,0.6633058190345764,0.6633058190345764,700410000
14/08/2007,0.6678794076163309,0.6997409593786283,0.6658972779213611,0.6890692114830017,0.6890692114830017,1092174000
15/08/2007,0.6854102193859899,0.695167226714163,0.6590368260906768,0.6599515080451965,0.6599515080451965,695142000
16/08/2007,0.6533961926704882,0.6581224239986058,0.6174185417734543,0.6489754915237427,0.6489754915237427,780030000
17/08/2007,0.6669645890957433,0.6878497853686383,0.646231231035883,0.6872397065162659,0.6872397065162659,728712000
20/08/2007,0.6876973367126356,0.695167616078627,0.6761117767862563,0.6844958662986755,0.6844958662986755,519684000
21/08/2007,0.688611984198137,0.7270291365338453,0.6783984757508666,0.7215409874916077,0.7215409874916077,715338000
22/08/2007,0.7398348240754208,0.7422743223912791,0.7248951390266304,0.7380054593086243,0.7380054593086243,566154000
23/08/2007,0.7415122070627462,0.750201824323173,0.728553782065929,0.7317551970481873,0.7317551970481873,667986000
24/08/2007,0.7296213324308956,0.736938845635688,0.7242849676263486,0.7355667948722839,0.7355667948722839,361644000
27/08/2007,0.7355671505475259,0.7599584368641591,0.732212968401682,0.7521834969520569,0.7521834969520569,635946000
28/08/2007,0.7546224931028105,0.7576711974092075,0.7046189229092245,0.7062965035438538,0.7062965035438538,560022000
29/08/2007,0.7210833420936006,0.747304845967559,0.7195594535251343,0.746390163898468,0.746390163898468,538560000
30/08/2007,0.7392255185136293,0.7605680864322094,0.7389200428797946,0.7421214580535889,0.7421214580535889,465660000
31/08/2007,0.7576714506322925,0.7828255185171805,0.7535552977209315,0.7799295783042908,0.7799295783042908,720834000
04/09/2007,0.7834352835483706,0.8073700543147802,0.7712396501843416,0.8040158748626709,0.8040158748626709,683268000
05/09/2007,0.8005101061203864,0.8232246718252512,0.7973086907133815,0.7979178428649902,0.7979178428649902,656274000
06/09/2007,0.8078275666250446,0.815145078796111,0.7980705020902199,0.8014246821403503,0.8014246821403503,425496000
07/09/2007,0.7791667875247812,0.7872472011095131,0.7572141340524576,0.7721547484397888,0.7721547484397888,602304000
10/09/2007,0.7889237918059159,0.8026441923020127,0.7678858225705575,0.7742886543273926,0.7742886543273926,872112000
11/09/2007,0.7836642691849636,0.7966986437000837,0.7754320183017237,0.7907531261444092,0.7907531261444092,405424000
12/09/2007,0.7992138735293781,0.8031013684736856,0.7518785086052971,0.7596533894538879,0.7596533894538879,554452000
13/09/2007,0.7740595553443019,0.7749742372844088,0.7543936482920323,0.7598817944526672,0.7598817944526672,452864000
14/09/2007,0.7523358487668008,0.7532505310421374,0.7351853243941809,0.7374720573425293,0.7374720573425293,487308000
17/09/2007,0.7386155956997023,0.7463904783424276,0.727867954190048,0.7358714938163757,0.7358714938163757,374828000
18/09/2007,0.7436463286359022,0.8117910071733019,0.7425029348351991,0.8003573417663574,0.8003573417663574,844740000
19/09/2007,0.8076749040456462,0.8232246670873291,0.7779473196659288,0.7857222557067871,0.7857222557067871,521360000
20/09/2007,0.786179566240472,0.7946404730969128,0.7724591679024573,0.7811487317085266,0.7811487317085266,324172000
21/09/2007,0.7889234507484815,0.8003571128857054,0.7811485168791678,0.7886947393417358,0.7886947393417358,457532000
24/09/2007,0.7934971154221763,0.8209379114616677,0.7877802556539412,0.8088182210922241,0.8088182210922241,456360000
25/09/2007,0.8040162725936904,0.8225387975832891,0.8017295390942327,0.8191087245941162,0.8191087245941162,360748000
26/09/2007,0.8232245221327616,0.8403750443688623,0.821166500899635,0.8385456800460815,0.8385456800460815,518032000
27/09/2007,0.8465492630510879,0.850665414780742,0.8321428410373188,0.8410611152648926,0.8410611152648926,378280000
28/09/2007,0.8460920630392511,0.8490648215150655,0.8268834614232168,0.8287128806114197,0.8287128806114197,404292000
01/10/2007,0.8358015740743262,0.8678158856927713,0.8348868919183723,0.863699734210968,0.863699734210968,398200000
02/10/2007,0.861641851200117,0.8632426134811,0.8428906719888157,0.855467677116394,0.855467677116394,284960000
03/10/2007,0.8403753515910749,0.8403753515910749,0.805616980591308,0.8191087245941162,0.8191087245941162,467196000
04/10/2007,0.8181937328156699,0.8275693202634037,0.7946403267025705,0.8227671980857849,0.8227671980857849,378976000
05/10/2007,0.8358015670492398,0.8490646490191179,0.8268832934336328,0.844491183757782,0.844491183757782,344840000
08/10/2007,0.8504368150512676,0.8595837468167428,0.8403751464932337,0.8582116961479187,0.8582116961479187,252484000
09/10/2007,0.8582118335924018,0.8620992747633095,0.8305423224064976,0.8431193828582764,0.8431193828582764,403008000
10/10/2007,0.8488360195551562,0.8488360195551562,0.823681958188947,0.8440338969230652,0.8440338969230652,389136000
11/10/2007,0.8362589488847684,0.8467779300596713,0.7973844390157777,0.8065313696861267,0.8065313696861267,529104000
12/10/2007,0.8154496875168022,0.8261973261833191,0.8028726299053399,0.8261973261833191,0.8261973261833191,409952000
15/10/2007,0.8289415930652755,0.8428907040441932,0.8250541519950915,0.8321430087089539,0.8321430087089539,355900000
16/10/2007,0.8312279339550946,0.8545526238864344,0.8282551766834535,0.8396888375282288,0.8396888375282288,276360000
17/10/2007,0.8723893821758171,0.9066903731502213,0.8714746999871681,0.9041749835014343,0.9041749835014343,717944000
18/10/2007,0.9012023202772378,0.9071478369087562,0.8785636474972325,0.9034890532493591,0.9034890532493591,340620000
19/10/2007,0.901431017539496,0.9018883859623842,0.8547816192055798,0.8550103306770325,0.8550103306770325,505768000
22/10/2007,0.8495221463910337,0.8973149395746781,0.8426619470167341,0.895485520362854,0.895485520362854,537656000
23/10/2007,0.9071479092413812,0.9071479092413812,0.8753623020384236,0.8998303413391113,0.8998303413391113,294292000
24/10/2007,0.8803931912203045,0.8803931912203045,0.8266549281801148,0.8694168925285339,0.8694168925285339,565500000
25/10/2007,0.8426618072547759,0.8506653991240105,0.7681142543276513,0.7934970259666443,0.7934970259666443,806192000
26/10/2007,0.8186510878801314,0.8241392900968093,0.775203165624824,0.7866368293762207,0.7866368293762207,616580000
29/10/2007,0.7596534218623241,0.7717731120339489,0.7445609733829411,0.7681143283843994,0.7681143283843994,813896000
30/10/2007,0.7742884054414663,0.8124768902817178,0.7614826915240175,0.7962411046028137,0.7962411046028137,525212000
31/10/2007,0.8010431543812219,0.8095040590830953,0.7761177540584038,0.809046745300293,0.809046745300293,455188000
01/11/2007,0.796469689433182,0.8252825295098337,0.7854933408458846,0.809046745300293,0.809046745300293,587236000
02/11/2007,0.8202518565120152,0.8460919984888452,0.8088181919081145,0.8401464819908142,0.8401464819908142,491844000
05/11/2007,0.8330575717723865,0.8602697644056874,0.8277980806025909,0.8401464819908142,0.8401464819908142,436636000
06/11/2007,0.848149938922445,0.8735326539304412,0.844262444510405,0.8666724562644958,0.8666724562644958,554620000
07/11/2007,0.8662154566194186,0.8696455294363877,0.8186513149865706,0.8255115151405334,0.8255115151405334,546768000
08/11/2007,0.817507574652258,0.8323713616233894,0.7502775479766779,0.7738309502601624,0.7738309502601624,996824000
09/11/2007,0.7900668906440916,0.7957837497031117,0.746618968971572,0.7628547549247742,0.7628547549247742,871056000
12/11/2007,0.7626261508478267,0.7681142988511297,0.68670654296875,0.68670654296875,0.68670654296875,715732000
13/11/2007,0.6979114802768475,0.7479909416282947,0.6867064739446955,0.7473049163818359,0.7473049163818359,726696000
14/11/2007,0.7662849979130221,0.7736025110176761,0.7317552904266267,0.7356427311897278,0.7356427311897278,666720000
15/11/2007,0.7308406473730563,0.7377008469447909,0.7088879433194818,0.7258098125457764,0.7258098125457764,496436000
16/11/2007,0.7317551919713472,0.7441035379715346,0.7258096758912541,0.7420454621315002,0.7420454621315002,423592000
19/11/2007,0.7315264163438294,0.7351851993428489,0.6880784977154841,0.6919659376144409,0.6919659376144409,568412000
20/11/2007,0.7050004059931017,0.7061437996921298,0.6656685786827407,0.68670654296875,0.68670654296875,622628000
21/11/2007,0.6723003800536187,0.6956250862265804,0.6702423033124661,0.679389238357544,0.679389238357544,648452000
23/11/2007,0.6841911651902405,0.6940241221907409,0.6755015473888613,0.6910513639450073,0.6910513639450073,141976000
26/11/2007,0.6905942394286715,0.7047720103365763,0.6736724207618393,0.6750444173812866,0.6750444173812866,385896000
27/11/2007,0.684648451385059,0.7061437835637263,0.6793889604336841,0.7040857076644897,0.7040857076644897,458856000
28/11/2007,0.7262669317352392,0.7612539429954562,0.7228368058665898,0.7511923313140869,0.7511923313140869,574548000
29/11/2007,0.7500490902636751,0.7797766720993753,0.7468476751490649,0.7573666572570801,0.7573666572570801,489084000
30/11/2007,0.7820633873501025,0.7820633873501025,0.7189494961239531,0.7212362289428711,0.7212362289428711,652656000
03/12/2007,0.7317551970481873,0.7452469367820013,0.7205501900902734,0.7317551970481873,0.7317551970481873,490688000
04/12/2007,0.7349568873332476,0.737472277972959,0.716891675280701,0.7310694456100464,0.7310694456100464,371712000
05/12/2007,0.7589674658030402,0.783206848358987,0.7495918761427284,0.7690290808677673,0.7690290808677673,666704000
06/12/2007,0.7671996193618057,0.7870941900203029,0.7603394207030131,0.784578800201416,0.784578800201416,371152000
07/12/2007,0.7877801329852938,0.788694815140178,0.7667421708229228,0.774745762348175,0.774745762348175,320292000
10/12/2007,0.777261007780442,0.7923534513575382,0.7749742755572455,0.7832065224647522,0.7832065224647522,336360000
11/12/2007,0.7998999274748871,0.8145350619725944,0.782292089209848,0.7841214537620544,0.7841214537620544,582436000
12/12/2007,0.817279126939777,0.8252827197033451,0.7953264792260084,0.811104953289032,0.811104953289032,617504000
13/12/2007,0.8012721496622134,0.8065316420256243,0.7655990970982214,0.7889237999916077,0.7889237999916077,500364000
14/12/2007,0.7852648097114686,0.8106475824020403,0.7800053187269362,0.8019579648971558,0.8019579648971558,354016000
17/12/2007,0.7934969946810767,0.8010432178956804,0.7591959503310562,0.7610253691673279,0.7610253691673279,507408000
18/12/2007,0.772687747022741,0.7889235882513739,0.7649128663183312,0.7804626822471619,0.7804626822471619,396896000
19/12/2007,0.7777186113544481,0.795097792413317,0.7745171961772912,0.787780225276947,0.787780225276947,253536000
20/12/2007,0.8003573160372187,0.8060741758169193,0.783664159627714,0.8042447566986084,0.8042447566986084,279940000
21/12/2007,0.81384882949817,0.8209376834837623,0.7966983094762529,0.8040158748626709,0.8040158748626709,433408000
24/12/2007,0.8099616033030084,0.822081293499613,0.8040160866752379,0.8181938529014587,0.8181938529014587,104008000
26/12/2007,0.8197944016257174,0.8291699886322021,0.8117908105196908,0.8291699886322021,0.8291699886322021,215340000
27/12/2007,0.8277980258949347,0.8323715459542528,0.8015006263039169,0.8035586476325989,0.8035586476325989,241368000
28/12/2007,0.8021867819564573,0.8117910836106277,0.7886950391498905,0.7955552935600281,0.7955552935600281,262064000
31/12/2007,0.7891521938990278,0.8035586152187248,0.7777185305119672,0.777947187423706,0.777947187423706,276236000
02/01/2008,0.7802341238436664,0.7832068825525795,0.7445610738567318,0.7548514008522034,0.7548514008522034,483964000
03/01/2008,0.7591962302279174,0.7742886822213383,0.7461618547390614,0.7489059567451477,0.7489059567451477,475308000
04/01/2008,0.7264959024561222,0.7301546867898925,0.6814472055341128,0.6860206723213196,0.6860206723213196,736092000
07/01/2008,0.6905938404685014,0.6963106987403271,0.6025545611063912,0.6151316165924072,0.6151316165924072,1006800000
08/01/2008,0.6185620736477131,0.6697849550700129,0.6041556450626956,0.6281663775444031,0.6281663775444031,1106956000
09/01/2008,0.636626784386562,0.6608662092683428,0.6272511994428481,0.6606374979019165,0.6606374979019165,741036000
10/01/2008,0.6425725935474631,0.6572077288378346,0.6341116866252267,0.6469174027442932,0.6469174027442932,554432000
11/01/2008,0.6315961696607576,0.6448591970170187,0.613988279460885,0.6185617446899414,0.6185617446899414,572612000
14/01/2008,0.6277088996807219,0.6606379047247005,0.6176472834817397,0.6597232222557068,0.6597232222557068,539188000
15/01/2008,0.6345688949390847,0.6421151176316792,0.6004965098555497,0.6112442016601562,0.6112442016601562,725692000
16/01/2008,0.5728269013276558,0.579915753712139,0.529607598453264,0.5421846508979797,0.5421846508979797,1464472000
17/01/2008,0.5506458684770621,0.5652809498012278,0.5314372663115743,0.532809317111969,0.532809317111969,1133900000
18/01/2008,0.5344100259500751,0.5709978111142983,0.5149728213053514,0.5680250525474548,0.5680250525474548,920428000
22/01/2008,0.5138293669227836,0.5529325376056126,0.5106279517726138,0.5396694540977478,0.5396694540977478,709092000
23/01/2008,0.5177167761372061,0.5657382185705707,0.5126859967820985,0.549502432346344,0.549502432346344,929880000
24/01/2008,0.5602501843035306,0.5918071354629956,0.5549906924436198,0.5915784239768982,0.5915784239768982,597092000
25/01/2008,0.6142169948561195,0.6279373906319656,0.5677962625091661,0.5705403089523315,0.5705403089523315,688012000
28/01/2008,0.5684823491709489,0.5741991541018802,0.5515604822697641,0.5636801719665527,0.5636801719665527,577608000
29/01/2008,0.5737420009343187,0.5833463035131059,0.5588782058147703,0.5810595154762268,0.5810595154762268,414484000
30/01/2008,0.5716837173648605,0.5847180882382167,0.5595640286629663,0.5760285258293152,0.5760285258293152,530476000
31/01/2008,0.5634515911904715,0.5728272354148203,0.5449290142243325,0.5623082518577576,0.5623082518577576,588708000
01/02/2008,0.5611647109869444,0.6174183980352212,0.556362588911606,0.6142169833183289,0.6142169833183289,593104000
04/02/2008,0.6274801228156689,0.630910249569114,0.5918070771799155,0.5950084924697876,0.5950084924697876,565128000
05/02/2008,0.5831173172887192,0.583346028696677,0.5575058921576069,0.5577345490455627,0.5577345490455627,494928000
06/02/2008,0.563680344567713,0.5792301656004873,0.5456151329567073,0.5559054613113403,0.5559054613113403,557380000
07/02/2008,0.5398982189322359,0.5771719742717234,0.5282358418463718,0.5613934993743896,0.5613934993743896,664128000
08/02/2008,0.5561340193404976,0.5757999355032593,0.5488165059097154,0.571455180644989,0.571455180644989,393932000
11/02/2008,0.5762572651702729,0.585632908698877,0.5693970661230096,0.5732845067977905,0.5732845067977905,503732000
12/02/2008,0.5819741413497946,0.6027833960228484,0.578772671421618,0.594551146030426,0.594551146030426,609688000
13/02/2008,0.599124466716621,0.619705113960477,0.5927216374549797,0.6178756952285767,0.6178756952285767,742312000
14/02/2008,0.5998105125118046,0.6002678808404777,0.515658719996375,0.5170307159423828,0.5170307159423828,2184296000
15/02/2008,0.5149728056822557,0.5289218612111702,0.5010236956333235,0.5092559456825256,0.5092559456825256,817364000
19/02/2008,0.5186315745300925,0.5195463114541484,0.49736494966619205,0.5017097592353821,0.5017097592353821,558608000
20/02/2008,0.4870747478449284,0.5053686166586246,0.4850166712473787,0.4980510473251343,0.4980510473251343,759016000
21/02/2008,0.5030816299061744,0.5055970192463045,0.48387303370153767,0.48684579133987427,0.48684579133987427,644272000
22/02/2008,0.490733371453954,0.5113140239213543,0.4870746421015447,0.510399341583252,0.510399341583252,723052000
25/02/2008,0.5099418028691488,0.5158873178614527,0.4966787225755478,0.5101704597473145,0.5101704597473145,671784000
26/02/2008,0.5071977152349518,0.5222901599802299,0.49942283597829373,0.5145152807235718,0.5145152807235718,565420000
27/02/2008,0.5120000100424337,0.5266350898898394,0.5087985403245522,0.5225189924240112,0.5225189924240112,537816000
28/02/2008,0.5179452320840956,0.5188599138320095,0.502852737903595,0.502852737903595,0.502852737903595,503608000
29/02/2008,0.49462111680956294,0.5012526080027376,0.48707488829590984,0.48913291096687317,0.48913291096687317,540576000
03/03/2008,0.4884465617826052,0.4918766881628242,0.47701289804855723,0.48341578245162964,0.48341578245162964,449028000
04/03/2008,0.48021411322463786,0.48112884955884566,0.4598621838882789,0.47861340641975403,0.47861340641975403,778888000
05/03/2008,0.4831870356605451,0.49553543520585325,0.47815625669764666,0.4841017723083496,0.4841017723083496,644656000
06/03/2008,0.47815626244913645,0.48135767719494454,0.45300214925205773,0.4536881744861603,0.4536881744861603,1075284000
07/03/2008,0.44545597590851793,0.4646645755670018,0.43447965271796,0.44705671072006226,0.44705671072006226,767500000
10/03/2008,0.44156847247631126,0.4470566469183481,0.4207591954960922,0.42144522070884705,0.42144522070884705,776100000
11/03/2008,0.4344797264648444,0.4397392183926295,0.4171005428582527,0.43539443612098694,0.43539443612098694,857940000
12/03/2008,0.4395105897413231,0.4433980310653681,0.4198446443573012,0.42350342869758606,0.42350342869758606,743320000
13/03/2008,0.4168717317904235,0.45688960601543005,0.41435634233639623,0.4504867494106293,0.4504867494106293,1220528000
14/03/2008,0.4527735548658004,0.45323089599835026,0.4157284324491407,0.4189298748970032,0.4189298748970032,1154972000
17/03/2008,0.40063605669711455,0.4225887348890187,0.3958339057870094,0.4084109663963318,0.4084109663963318,800952000
18/03/2008,0.4180152469798141,0.43447974904598036,0.4061242389120367,0.43379372358322144,0.43379372358322144,1075256000
19/03/2008,0.4237320414072635,0.4296775308814983,0.4038374423980713,0.4038374423980713,0.4038374423980713,880476000
20/03/2008,0.4086396343526864,0.4244181111526511,0.401322092932129,0.42350342869758606,0.42350342869758606,633460000
24/03/2008,0.4328789933266517,0.46054847494165174,0.4312782855970256,0.45803308486938477,0.45803308486938477,887440000
25/03/2008,0.4600911126851507,0.4733541415598439,0.4557463038641251,0.4646645784378052,0.4646645784378052,735388000
26/03/2008,0.45849037665642906,0.46169179158051155,0.44476995299034916,0.4498007595539093,0.4498007595539093,721652000
27/03/2008,0.4429406873871347,0.4555177210047608,0.4360804599720537,0.44339802861213684,0.44339802861213684,601308000
28/03/2008,0.45140154570433344,0.4616918720627056,0.4468280794383943,0.45002952218055725,0.45002952218055725,561788000
31/03/2008,0.4548316009016295,0.4632925344737798,0.44682803571933016,0.4525448679924011,0.4525448679924011,569992000
01/04/2008,0.46603670359233906,0.48135781086175533,0.4594051608345248,0.4802144169807434,0.4802144169807434,676872000
02/04/2008,0.48158637098940665,0.48158637098940665,0.4619204581587295,0.46557924151420593,0.46557924151420593,616536000
03/04/2008,0.46169186922470196,0.46237789461237766,0.44339797701338823,0.45688971877098083,0.45688971877098083,841984000
04/04/2008,0.44774267470576634,0.4500294346539915,0.42830544685588634,0.42944881319999695,0.42944881319999695,1535528000
07/04/2008,0.43996776243948504,0.4463706189523673,0.43630897950069464,0.43973907828330994,0.43973907828330994,729496000
08/04/2008,0.4344796880678884,0.45140152898095365,0.4344796880678884,0.43722376227378845,0.43722376227378845,639476000
09/04/2008,0.4422545906931972,0.45048684045745613,0.43813846581106775,0.4459133744239807,0.4459133744239807,675232000
10/04/2008,0.45071548890865587,0.4690094072177945,0.4411112158713672,0.4546029567718506,0.4546029567718506,1092184000
11/04/2008,0.4459133430184374,0.44865741699325673,0.42098791127547436,0.4237320125102997,0.4237320125102997,1106280000
14/04/2008,0.4221313965440751,0.42304610629986633,0.4070389445436493,0.4095543622970581,0.4095543622970581,780004000
15/04/2008,0.41161233878341424,0.4159571480203765,0.40269409061597977,0.41435644030570984,0.41435644030570984,439916000
16/04/2008,0.43013482473917614,0.43630899734844536,0.4225886016567347,0.4308208227157593,0.4308208227157593,646836000
17/04/2008,0.4109263549436108,0.42647614598364375,0.41069767072213587,0.4248754382133484,0.4248754382133484,596968000
18/04/2008,0.4379098185035474,0.4417972867675647,0.42899156989082426,0.434937059879303,0.434937059879303,573540000
21/04/2008,0.43150695430553737,0.457347071939057,0.43150695430553737,0.4543743133544922,0.4543743133544922,679892000
22/04/2008,0.4461420313696498,0.4509441816088021,0.43630907394567603,0.4459133744239807,0.4459133744239807,587668000
23/04/2008,0.4520875223836133,0.4724394614301182,0.4461420059745206,0.4674086272716522,0.4674086272716522,1020496000
24/04/2008,0.47015269007575955,0.47243942277523276,0.44934341160655167,0.4562036097049713,0.4562036097049713,655764000
25/04/2008,0.46054848182878266,0.46192053262327093,0.44614205752669334,0.4607771933078766,0.4607771933078766,552208000
28/04/2008,0.458719068655323,0.4655792673830082,0.4507154762130171,0.4525448679924011,0.4525448679924011,535700000
29/04/2008,0.4475141053960355,0.4676373897036185,0.4475141053960355,0.46192052960395813,0.46192052960395813,573408000
30/04/2008,0.46740879605681035,0.4749550227595076,0.4642073797635527,0.4699242413043976,0.4699242413043976,1068320000
01/05/2008,0.47564089269596566,0.4927914171868329,0.473354159731851,0.4916480779647827,0.4916480779647827,1014624000
02/05/2008,0.5051395558741903,0.5149725079536438,0.4975933355685636,0.5149725079536438,0.5149725079536438,1131016000
05/05/2008,0.5115425738800065,0.5138293065069709,0.5010235928919686,0.5021669864654541,0.5021669864654541,943392000
06/05/2008,0.5007952575601499,0.5163450276004552,0.4930203180199559,0.5152016878128052,0.5152016878128052,729036000
07/05/2008,0.5165737105139132,0.5234339124193257,0.49896580988865347,0.5033106207847595,0.5033106207847595,715632000
08/05/2008,0.5071978342547411,0.5087985418585009,0.48044306434616224,0.5019383430480957,0.5019383430480957,1360000000
09/05/2008,0.5033106487090131,0.5357822946708782,0.5023959659748848,0.5152016878128052,0.5152016878128052,2030352000
12/05/2008,0.5218327319485563,0.5218327319485563,0.49553528784457584,0.5005660653114319,0.5005660653114319,1006652000
13/05/2008,0.5030817238658328,0.5030817238658328,0.4866172253353861,0.4902760088443756,0.4902760088443756,854108000
14/05/2008,0.4964501725779874,0.5177167933858668,0.4902759993782819,0.5046824216842651,0.5046824216842651,751148000
15/05/2008,0.5035392309482342,0.5460725442261667,0.5012524971926485,0.543785810470581,0.543785810470581,1165464000
16/05/2008,0.5529324646708964,0.5593353486466746,0.5403554081427644,0.5581919550895691,0.5581919550895691,1091556000
19/05/2008,0.5584207496056413,0.5787726910654365,0.5426422744613043,0.5465297698974609,0.5465297698974609,1158532000
20/05/2008,0.5316658262586483,0.5378399985806707,0.5261776791412957,0.5323518514633179,0.5323518514633179,771404000
21/05/2008,0.5337237683801421,0.5543043558126964,0.5268635180493009,0.528006911277771,0.528006911277771,1066660000
22/05/2008,0.5355532998397413,0.5451575987906863,0.5270923944753406,0.5408127903938293,0.5408127903938293,693108000
23/05/2008,0.5398980996138667,0.5442429079413325,0.5206895020187581,0.5284644365310669,0.5284644365310669,802672000
27/05/2008,0.5293792332519137,0.5348673818155049,0.519317563945309,0.5341813564300537,0.5341813564300537,832856000
28/05/2008,0.5488164677150479,0.5501884639053227,0.53303799358674,0.539212167263031,0.539212167263031,751736000
29/05/2008,0.5394409551982626,0.5403556377205595,0.5280072873694793,0.5378402471542358,0.5378402471542358,693460000
30/05/2008,0.5531611919882805,0.5666529323675077,0.5515604844205773,0.564823567867279,0.564823567867279,830244000
02/06/2008,0.5648236265458746,0.5714551689581655,0.5586494525661624,0.5671103596687317,0.5671103596687317,734660000
03/06/2008,0.5689395920473496,0.5698543286997773,0.5412701440515462,0.5479016304016113,0.5479016304016113,840696000
04/06/2008,0.5357818519181825,0.5554477597908606,0.5328090945988244,0.5543044209480286,0.5543044209480286,831724000
05/06/2008,0.5735132477278878,0.5796874768425849,0.5618509239957296,0.568253755569458,0.568253755569458,827860000
06/06/2008,0.5613934902796549,0.5620795156571224,0.546987066392872,0.5501884818077087,0.5501884818077087,784876000
09/06/2008,0.5469870341140635,0.5545332583008707,0.5307512465254852,0.5417275428771973,0.5417275428771973,637916000
10/06/2008,0.5270924738049466,0.5277784991561214,0.5062831653660133,0.5097132921218872,0.5097132921218872,1225208000
11/06/2008,0.5097131903000499,0.5220615351144234,0.48524510304934115,0.4859311282634735,0.4859311282634735,999428000
12/06/2008,0.49690756204490205,0.5065118076432191,0.4847878175384291,0.4889039695262909,0.4889039695262909,825992000
13/06/2008,0.4895900198385564,0.4953068251978197,0.4728968631382819,0.4873032867908478,0.4873032867908478,705748000
16/06/2008,0.4820436049947242,0.48661706928431403,0.4767841156096964,0.48067155480384827,0.48067155480384827,630496000
17/06/2008,0.4875318268984509,0.48776048379241727,0.46786591649725684,0.46900931000709534,0.46900931000709534,687912000
18/06/2008,0.46420719362663526,0.4802143231944474,0.4477426956917386,0.45528894662857056,0.45528894662857056,1065272000
19/06/2008,0.45780439138884743,0.4642072217965165,0.4431692569941517,0.4541455805301666,0.4541455805301666,784928000
20/06/2008,0.4440840844066202,0.45688980314126965,0.44385540014849595,0.4518589675426483,0.4518589675426483,741008000
23/06/2008,0.45528902001102683,0.4557463611918193,0.43859583520201806,0.4424832761287689,0.4424832761287689,776616000
24/06/2008,0.4399678356202621,0.46763734189968875,0.4399678356202621,0.45711833238601685,0.45711833238601685,1078928000
25/06/2008,0.4642072034904897,0.4676373300164836,0.4523161981537319,0.4596337378025055,0.4596337378025055,900976000
26/06/2008,0.4459133200558311,0.4493434191627216,0.43608033657073975,0.43608033657073975,0.43608033657073975,845532000
27/06/2008,0.43790965705116947,0.4433978310863486,0.42784804554334105,0.4408824145793915,0.4408824145793915,584140000
30/06/2008,0.4358516815812647,0.43973912180093866,0.42510401585745405,0.42807677388191223,0.42807677388191223,653940000
01/07/2008,0.4230458735308673,0.4292200451302373,0.41527096755462484,0.4287627041339874,0.4287627041339874,881464000
02/07/2008,0.42670474060936203,0.4294488143908359,0.4116122666612462,0.4122982919216156,0.4122982919216156,763196000
03/07/2008,0.29681818592156134,0.3002482850109625,0.28355513065720916,0.28561317920684814,0.28561317920684814,2987520000
07/07/2008,0.2899580409416823,0.29178743291033776,0.2689200741921591,0.27669498324394226,0.27669498324394226,2202692000
08/07/2008,0.2785243677911919,0.28538456704584964,0.26983474935661506,0.27509424090385437,0.27509424090385437,1805288000
09/07/2008,0.2757802514960471,0.27989637628016767,0.27029210329055786,0.27029210329055786,0.27029210329055786,1413168000
10/07/2008,0.27166413243694326,0.2748655750076181,0.2645752492004561,0.2696060836315155,0.2696060836315155,1056992000
11/07/2008,0.264117844629048,0.273493458624694,0.2588583545158808,0.2668619453907013,0.2668619453907013,807760000
14/07/2008,0.2689200297147957,0.27097807830164133,0.25291287308153193,0.25474226474761963,0.25474226474761963,882316000
15/07/2008,0.2524554222664087,0.2627457425086219,0.24468054513939513,0.2574862539768219,0.2574862539768219,1122484000
16/07/2008,0.25840107136146945,0.2657186114251184,0.2513121882391802,0.25885841250419617,0.25885841250419617,1034392000
17/07/2008,0.2629744902670115,0.2629744902670115,0.24971143594043238,0.2597730755805969,0.2597730755805969,862080000
18/07/2008,0.25794362519826336,0.2659471873473949,0.2506260608539175,0.26434648036956787,0.26434648036956787,899720000
21/07/2008,0.26846269936339723,0.2723501397719964,0.26366054945512385,0.26594728231430054,0.26594728231430054,571636000
22/07/2008,0.26343183677253995,0.2645752030784623,0.25519961572590066,0.2602304220199585,0.2602304220199585,555924000
23/07/2008,0.26205994189435017,0.2707495355267264,0.2609165750285116,0.26800546050071716,0.26800546050071716,594876000
24/07/2008,0.26526126118413523,0.2677766782728661,0.2515408638128898,0.25222688913345337,0.25222688913345337,705628000
25/07/2008,0.25474218398261295,0.265261162282613,0.24948269483261298,0.26434648036956787,0.26434648036956787,1039600000
28/07/2008,0.26091638765513314,0.27235004810259866,0.2597730216103866,0.2636604607105255,0.2636604607105255,734808000
29/07/2008,0.264117925395333,0.27303620107787957,0.2611451668344842,0.2664046585559845,0.2664046585559845,764636000
30/07/2008,0.2716641463311438,0.27212151476463775,0.25657169678608127,0.26251721382141113,0.26251721382141113,588492000
31/07/2008,0.2618311778902204,0.2673193535311192,0.2588584194922346,0.261602520942688,0.261602520942688,487236000
01/08/2008,0.25474226650741244,0.25565697597677767,0.2446806531644304,0.24788206815719604,0.24788206815719604,881060000
04/08/2008,0.2478820350897366,0.2492540854807504,0.24125049454650513,0.24193651974201202,0.24193651974201202,522052000
05/08/2008,0.24650995818454555,0.2558855712413788,0.24376588495766705,0.2558855712413788,0.2558855712413788,685844000
06/08/2008,0.2565716569454275,0.265032590011117,0.24833940806097468,0.26274585723876953,0.26274585723876953,814864000
07/08/2008,0.2604590709740341,0.27212141662182665,0.25565692223435493,0.2586296796798706,0.2586296796798706,819232000
08/08/2008,0.26068783214715674,0.26297456536476255,0.25062618963368494,0.2515408992767334,0.2515408992767334,853764000
11/08/2008,0.25337025420291487,0.2629745268585454,0.2524555446938033,0.2568003535270691,0.2568003535270691,1196436000
12/08/2008,0.2588583840147732,0.25954440928336436,0.2494827689507042,0.2531415522098541,0.2531415522098541,1410868000
13/08/2008,0.27326478179259855,0.28446975913164296,0.2666332417825525,0.2803536355495453,0.2803536355495453,2095260000
14/08/2008,0.2782956829982455,0.3084805814637884,0.2782956829982455,0.297275573015213,0.297275573015213,1635304000
15/08/2008,0.30253508420419983,0.30596521130720444,0.2943028336770095,0.29636090993881226,0.29636090993881226,777652000
18/08/2008,0.29841888669032857,0.30505042780389285,0.29521747184930014,0.3023063540458679,0.3023063540458679,893968000
19/08/2008,0.29613218185095025,0.30870924000578187,0.29613218185095025,0.30687984824180603,0.30687984824180603,1014140000
20/08/2008,0.31145332787724983,0.3228869928357362,0.30916659488555254,0.3219723105430603,0.3219723105430603,1143692000
21/08/2008,0.31625552311064287,0.3187709406638041,0.3050505134993018,0.31145337224006653,0.31145337224006653,1021560000
22/08/2008,0.3137401467057766,0.3173989313975099,0.3045932122364584,0.31122472882270813,0.31122472882270813,459264000
25/08/2008,0.30939533653431156,0.31671287801439285,0.3057365521642646,0.30665123462677,0.30665123462677,471600000
26/08/2008,0.3082519375400525,0.3084805945017231,0.2961322189911854,0.2993336617946625,0.2993336617946625,613112000
27/08/2008,0.2924734902126658,0.30527920813024845,0.2897293883303178,0.3016204237937927,0.3016204237937927,454620000
28/08/2008,0.30207770570110387,0.30527914818183055,0.29750423980864316,0.300476998090744,0.300476998090744,365192000
29/08/2008,0.2963608160638834,0.29727549816161075,0.2881285681443309,0.28904327750205994,0.28904327750205994,516004000
02/09/2008,0.29384536100886777,0.2963607773389353,0.2778382355702514,0.28172567486763,0.28172567486763,693928000
03/09/2008,0.27783812277342906,0.2789814884120034,0.2641177078505502,0.26663312315940857,0.26663312315940857,714856000
04/09/2008,0.26366058566474165,0.2664046600206077,0.2613738524915183,0.2629745602607727,0.2629745602607727,716128000
05/09/2008,0.2606877459369826,0.2675479433211134,0.2604590890468456,0.2668619453907013,0.2668619453907013,791100000
08/09/2008,0.26937730776852903,0.26937730776852903,0.25154079090382103,0.2558855712413788,0.2558855712413788,1314840000
09/09/2008,0.25497103334394083,0.27052082676388933,0.24628144049808606,0.24719612300395966,0.24719612300395966,1098296000
10/09/2008,0.2501687051482168,0.25519953715335125,0.245823925427413,0.2474246323108673,0.2474246323108673,644284000
11/09/2008,0.2332470108344582,0.24056457908181966,0.2277588482789425,0.23553374409675598,0.23553374409675598,1066976000
12/09/2008,0.23347569478133084,0.2350764026109944,0.2197552815941909,0.23301835358142853,0.23301835358142853,1209200000
15/09/2008,0.22478609950446868,0.22821621317927188,0.20992231901367484,0.21266640722751617,0.21266640722751617,863984000
16/09/2008,0.2051201202121821,0.22089859204619625,0.2012326664816273,0.2192978709936142,0.2192978709936142,1240840000
17/09/2008,0.21426701093375744,0.23370424869880502,0.21220894918169364,0.22867344319820404,0.22867344319820404,1392580000
18/09/2008,0.23141765312137266,0.26114521720364386,0.23096031185303323,0.24902552366256714,0.24902552366256714,1611060000
19/09/2008,0.26091644167900085,0.2629744900816737,0.24925409470384838,0.26091644167900085,0.26091644167900085,1107344000
22/09/2008,0.2588584136850934,0.26640463798453473,0.2540562635145378,0.2554283142089844,0.2554283142089844,700072000
23/09/2008,0.25337017113016874,0.262745783779534,0.2471959725630272,0.24811068177223206,0.24811068177223206,821468000
24/09/2008,0.24490926904474009,0.26228844619021174,0.2435372459606242,0.2572576403617859,0.2572576403617859,866036000
25/09/2008,0.2572577037317498,0.2684627116088142,0.25291289474513035,0.26228851079940796,0.26228851079940796,588328000
26/09/2008,0.2558856305598767,0.26914871329438683,0.25108350811462793,0.26731932163238525,0.26731932163238525,646852000
29/09/2008,0.2602304816530039,0.2634318971392048,0.22867353166611862,0.23096026480197906,0.23096026480197906,975240000
30/09/2008,0.2346191327154053,0.24719616946513095,0.2321037144614526,0.24490943551063538,0.24490943551063538,659044000
01/10/2008,0.24125054991249176,0.24559535897448326,0.23370432555009193,0.23804913461208344,0.23804913461208344,557208000
02/10/2008,0.23964989021606084,0.23964989021606084,0.2122090614273508,0.21335244178771973,0.21335244178771973,787728000
03/10/2008,0.2167825133375255,0.22295670104375326,0.20512016332465244,0.20649220049381256,0.20649220049381256,915828000
06/10/2008,0.19665914519972483,0.19711648615325994,0.1671602720567663,0.17950864136219025,0.17950864136219025,1677440000
07/10/2008,0.18591160654770073,0.18636894777197288,0.16418761216464572,0.16555964946746826,0.16555964946746826,1059984000
08/10/2008,0.15961410270094645,0.1788226743216903,0.15801338158421657,0.16898971796035767,0.16898971796035767,1219456000
09/10/2008,0.17516385212790228,0.17767926852045665,0.15641263939885752,0.15824201703071594,0.15824201703071594,909636000
10/10/2008,0.1445216901386979,0.16761770754859545,0.1436069940857307,0.15572668612003326,0.15572668612003326,1200252000
13/10/2008,0.1689897455181495,0.184310865751024,0.1669316829638822,0.18408219516277313,0.18408219516277313,916536000
14/10/2008,0.19094244961095255,0.19208581651167614,0.1749352993708136,0.17996612191200256,0.17996612191200256,1209012000
15/10/2008,0.17882266919325826,0.17973736500087112,0.16052879393100739,0.16052879393100739,0.16052879393100739,854064000
16/10/2008,0.16533097749210818,0.17699332854495395,0.1577847519437969,0.17607863247394562,0.17607863247394562,1019820000
17/10/2008,0.17104779595826133,0.18499687804370699,0.16784636705947045,0.1749352365732193,0.1749352365732193,839416000
20/10/2008,0.18088069158924938,0.182252728184048,0.1740204813552581,0.17836527526378632,0.17836527526378632,595764000
21/10/2008,0.17493524032055494,0.17676463219619581,0.16373024574976347,0.16464494168758392,0.16464494168758392,659116000
22/10/2008,0.16235820571020435,0.1692184188802156,0.1541259689881977,0.1584707647562027,0.1584707647562027,600996000
23/10/2008,0.15801341553074352,0.16190087025223973,0.14314963570502967,0.14955249428749084,0.14955249428749084,832192000
24/10/2008,0.137204096801302,0.15892807084400704,0.13651807154679482,0.15115317702293396,0.15115317702293396,798336000
27/10/2008,0.15023853955592598,0.16876109231884473,0.14543638816997984,0.15938548743724823,0.15938548743724823,698936000
28/10/2008,0.16784641147172935,0.18362487593861523,0.16487365235840037,0.18339620530605316,0.18339620530605316,849920000
29/10/2008,0.18225278151191115,0.2012326834185471,0.18133808563773554,0.18934166431427002,0.18934166431427002,977284000
30/10/2008,0.20008931459284052,0.2012326810143994,0.18522553748257248,0.19734522700309753,0.19734522700309753,657176000
31/10/2008,0.19117104777379187,0.2042054327481405,0.1907136930415326,0.20031797885894775,0.20031797885894775,608672000
03/11/2008,0.20466281607516476,0.20832160016808682,0.18979903636518083,0.19300046563148499,0.19300046563148499,723924000
04/11/2008,0.19963194354024183,0.20534877479076385,0.1943724533377612,0.20534877479076385,0.20534877479076385,619560000
05/11/2008,0.1978026224352714,0.20351945571894747,0.19460119307041168,0.19460119307041168,0.19460119307041168,787620000
06/11/2008,0.18316744653021685,0.19002764398588004,0.1737918324368099,0.17424918711185455,0.17424918711185455,797936000
07/11/2008,0.19848864946337824,0.20740692642541192,0.18522558977677336,0.19940334558486938,0.19940334558486938,1132068000
10/11/2008,0.20694947598189747,0.20809285582826192,0.18225274662643356,0.186597540974617,0.186597540974617,576396000
11/11/2008,0.18385344890297894,0.1852254854977776,0.17653589768072117,0.17836527526378632,0.17836527526378632,576484000
12/11/2008,0.17287714316389435,0.17699326724279674,0.16578827492134132,0.16784633696079254,0.16784633696079254,646092000
13/11/2008,0.160071442146086,0.181795430492556,0.15687001357576436,0.1815667599439621,0.1815667599439621,797228000
14/11/2008,0.17424926632213344,0.17516394882801792,0.16327292632144366,0.16395895183086395,0.16395895183086395,741024000
17/11/2008,0.16235817191623103,0.16670296677989055,0.15892807286018437,0.16052879393100739,0.16052879393100739,388224000
18/11/2008,0.16373019799561897,0.16464489366665594,0.1500097901900643,0.15526928007602692,0.15526928007602692,564488000
19/11/2008,0.15389722643941461,0.15778467955008324,0.14177753972674143,0.1424635648727417,0.1424635648727417,500220000
20/11/2008,0.14132022108478304,0.1484091039658816,0.13331665594935202,0.13491736352443695,0.13491736352443695,847036000
21/11/2008,0.13926220786040858,0.14589373767375946,0.13148729767785283,0.14589373767375946,0.14589373767375946,599064000
24/11/2008,0.15481195779381718,0.15732737482259593,0.14635103810520378,0.1554979830980301,0.1554979830980301,600308000
25/11/2008,0.16235819274424695,0.16281554752172586,0.15526932317835987,0.15984278917312622,0.15984278917312622,528256000
26/11/2008,0.15709870298675258,0.17447789847659959,0.1561840206825536,0.17402054369449615,0.17402054369449615,600792000
28/11/2008,0.1712764285882811,0.17379183158367617,0.16853234144148593,0.17081907391548157,0.17081907391548157,175248000
01/12/2008,0.163958943789293,0.165559651726089,0.15595536321529407,0.15618404746055603,0.15618404746055603,547112000
02/12/2008,0.1591567829962304,0.1669316924800154,0.15709872032464087,0.1648736298084259,0.1648736298084259,479988000
03/12/2008,0.15847076007561267,0.17356320952186022,0.15709870930413236,0.173334538936615,0.173334538936615,584632000
04/12/2008,0.1699043665573164,0.17836528430932272,0.15801335032936148,0.16190080344676971,0.16190080344676971,466292000
05/12/2008,0.1568700065523444,0.16898970864522328,0.15412593283207116,0.1683036834001541,0.1683036834001541,438484000
08/12/2008,0.17150511582806338,0.17493521487342417,0.1589280723650718,0.16281552612781525,0.16281552612781525,707992000
09/12/2008,0.16075756686261955,0.18499697349753888,0.15892817408224544,0.17859411239624023,0.17859411239624023,829760000
10/12/2008,0.18202411551679767,0.20008932200240928,0.1790513572586584,0.19551585614681244,0.19551585614681244,961124000
11/12/2008,0.1943724728004457,0.20123267098798978,0.1849968577068004,0.18728359043598175,0.18728359043598175,582700000
12/12/2008,0.1817954308372372,0.19780257371919485,0.1781366475327884,0.19665920734405518,0.19665920734405518,679268000
15/12/2008,0.19780256550643563,0.19894593183410275,0.18408215594442848,0.19025634229183197,0.19025634229183197,476996000
16/12/2008,0.19208570749455242,0.20351938364268074,0.19025632966965256,0.203062042593956,0.203062042593956,521940000
17/12/2008,0.19940329769613682,0.21609646723680054,0.1966592236206874,0.21312370896339417,0.21312370896339417,674180000
18/12/2008,0.21175160930104933,0.21243763443202446,0.19094232117146476,0.1934577375650406,0.1934577375650406,550808000
19/12/2008,0.19597318799634228,0.20351941175258384,0.19414379628876777,0.1948298215866089,0.1948298215866089,593120000
22/12/2008,0.19780264597756655,0.19825998724269073,0.1763073339165848,0.18339620530605316,0.18339620530605316,522464000
23/12/2008,0.1845394796608924,0.18842693298720628,0.1781366233763757,0.18088071048259735,0.18088071048259735,377452000
24/12/2008,0.1772219009569745,0.18156670829431823,0.17287710724962915,0.17653588950634003,0.17653588950634003,146616000
26/12/2008,0.1765359924034627,0.17882272583177078,0.16693170382656503,0.17173384130001068,0.17173384130001068,226156000
29/12/2008,0.17402055451737342,0.17722198367118835,0.16281555929402353,0.17722198367118835,0.17722198367118835,460168000
30/12/2008,0.17950876366247587,0.18614029378682007,0.17539263775632918,0.18339620530605316,0.18339620530605316,409860000
31/12/2008,0.18110944179053487,0.1891130216476062,0.17790801257370736,0.1845395416021347,0.1845395416021347,441580000
02/01/2009,0.18453949284094323,0.2005466346954859,0.18385348123789233,0.19917459785938263,0.19917459785938263,497124000
05/01/2009,0.19688786850422793,0.2074068495579034,0.19551583164548816,0.2028333842754364,0.2028333842754364,705736000
06/01/2009,0.20877897410615076,0.21563918854121986,0.2042055069027763,0.20969367027282715,0.20969367027282715,657904000
07/01/2009,0.2048915236566903,0.2048915236566903,0.19002772862254907,0.19711661338806152,0.19711661338806152,870096000
08/01/2009,0.1946011298801408,0.1946011298801408,0.1801946956012815,0.19208571314811707,0.19208571314811707,1014496000
09/01/2009,0.19208578681073368,0.19208578681073368,0.1808807901901945,0.1813381314277649,0.1813381314277649,761352000
12/01/2009,0.18133809753811533,0.1822527934723182,0.17150514009794116,0.17402054369449615,0.17402054369449615,645532000
13/01/2009,0.16807503763152618,0.18156677857286044,0.1648736087327353,0.1749352365732193,0.1749352365732193,1824424000
14/01/2009,0.16876111496549934,0.17081917817422548,0.16464500217805605,0.16716040670871735,0.16716040670871735,974908000
15/01/2009,0.16807501583187498,0.175849909683376,0.1646449168059188,0.17310583591461182,0.17310583591461182,998204000
16/01/2009,0.17790804892667705,0.18431090866866506,0.17219121473919055,0.182710200548172,0.182710200548172,831324000
20/01/2009,0.1822528135862881,0.18293883902015307,0.16350157894069595,0.1648736298084259,0.1648736298084259,705788000
21/01/2009,0.16807501199311042,0.1740205141096412,0.16190082570940406,0.17287714779376984,0.17287714779376984,648472000
22/01/2009,0.1673890782435739,0.17424929351847923,0.16350162246679392,0.169675812125206,0.169675812125206,547656000
23/01/2009,0.16487361203091686,0.1815667822049772,0.16464494145428676,0.1763072907924652,0.1763072907924652,633616000
26/01/2009,0.1772219736525691,0.1875122859331066,0.17424922888708405,0.18225279450416565,0.18225279450416565,581748000
27/01/2009,0.18522556987903355,0.19437251648133338,0.18453954445410933,0.19300046563148499,0.19300046563148499,725300000
28/01/2009,0.19986060253153992,0.20420539675722557,0.19345774644842423,0.20100396871566772,0.20100396871566772,723752000
29/01/2009,0.19437248480723446,0.196659217677672,0.18842696844009438,0.18934166431427002,0.18934166431427002,413128000
30/01/2009,0.18796965066088558,0.19300045814859423,0.1795087298115514,0.18179546296596527,0.18179546296596527,506760000
02/02/2009,0.17905137998420273,0.19368648893563278,0.17813668397098772,0.19162842631340027,0.19162842631340027,577992000
03/02/2009,0.19208579601458017,0.19551590998073887,0.18682630338047826,0.19391518831253052,0.19391518831253052,396948000
04/02/2009,0.19437253736167814,0.20923631866839423,0.19437253736167814,0.19940334558486938,0.19940334558486938,779232000
05/02/2009,0.19414379022496928,0.21632511968900014,0.19208572802572918,0.21403838694095612,0.21403838694095612,919192000
06/02/2009,0.21472444169852434,0.2270728029593632,0.21106565789530973,0.2257007658481598,0.2257007658481598,1157880000
09/02/2009,0.22478600134062943,0.22798742937704733,0.21655376755412623,0.2227279394865036,0.2227279394865036,716128000
10/02/2009,0.2224993249195204,0.2254720831929268,0.20900758422021662,0.21312370896339417,0.21312370896339417,1129664000
11/02/2009,0.19620186958715752,0.20329075263020277,0.1797373841829923,0.1863689124584198,0.1863689124584198,1983400000
12/02/2009,0.1822527643681604,0.1913997086194991,0.1797373611732931,0.19025634229183197,0.19025634229183197,1024020000
13/02/2009,0.18591158739015695,0.19231444565021127,0.1845395365987134,0.19002769887447357,0.19002769887447357,764304000
17/02/2009,0.18293879339874883,0.1872835882597064,0.17836531436352873,0.17905133962631226,0.17905133962631226,779576000
18/02/2009,0.17905138602048318,0.18979904068558162,0.17882271541697164,0.18385353684425354,0.18385353684425354,646252000
19/02/2009,0.18751235548394896,0.18911307737909688,0.169675812125206,0.169675812125206,0.169675812125206,743988000
20/02/2009,0.16738901520903013,0.17676463149710483,0.16578830754667803,0.17402054369449615,0.17402054369449615,770056000
23/02/2009,0.17699328926034152,0.1779079851283282,0.16487359967702486,0.16601696610450745,0.16601696610450745,679548000
24/02/2009,0.16693163169347172,0.1811093810006157,0.1667029475454529,0.18088071048259735,0.18088071048259735,659524000
25/02/2009,0.18042338230455462,0.18842696065020775,0.17424920926162513,0.18293879926204681,0.18293879926204681,702360000
26/02/2009,0.18934167264712579,0.19528717564592216,0.18659758490383263,0.18888431787490845,0.18888431787490845,1117556000
27/02/2009,0.1840821732602624,0.19368645949410196,0.1827101362640005,0.18934166431427002,0.18934166431427002,755444000
02/03/2009,0.1847682181289255,0.18865565896810776,0.17264851355087482,0.173334538936615,0.173334538936615,700064000
03/03/2009,0.1765359361316772,0.1870549174529171,0.17081909075317608,0.1801947057247162,0.1801947057247162,1041372000
04/03/2009,0.18499682001301163,0.19894589772284327,0.18339609925073616,0.1934577375650406,0.1934577375650406,1108668000
05/03/2009,0.19071370970377055,0.19848860453142902,0.18796963559048102,0.18888431787490845,0.18888431787490845,955252000
06/03/2009,0.18888428217588582,0.1987172511750913,0.1863688791091129,0.19185703992843628,0.19185703992843628,974756000
09/03/2009,0.19048500617594089,0.20489144048319743,0.18934163988822225,0.1897989809513092,0.1897989809513092,682768000
10/03/2009,0.1966592049772765,0.21060828549010618,0.1948298133470687,0.20694950222969055,0.20694950222969055,1254800000
11/03/2009,0.20694956018951488,0.27097814887908656,0.20351946014471767,0.21266640722751617,0.21266640722751617,864916000
12/03/2009,0.2119803068067981,0.22753010725988618,0.20923623319331275,0.22524337470531464,0.22524337470531464,1604604000
13/03/2009,0.22204196134446705,0.22730145202590143,0.21838317810694638,0.2241000235080719,0.2241000235080719,1195156000
16/03/2009,0.2263867469932503,0.2266154175287785,0.21358103344365245,0.21541041135787964,0.21541041135787964,699344000
17/03/2009,0.21609648506843562,0.22661546836232804,0.21335241076655342,0.22615812718868256,0.22615812718868256,1005384000
18/03/2009,0.2227280137121746,0.23987853942208917,0.22249934312551012,0.23324699699878693,0.23324699699878693,1359560000
19/03/2009,0.2348476851354879,0.2348476851354879,0.22890219585839242,0.2305029034614563,0.2305029034614563,822648000
20/03/2009,0.23393302185937018,0.2341617060755217,0.21198035935916418,0.21792587637901306,0.21792587637901306,1093672000
23/03/2009,0.22478605265219015,0.23416168202114576,0.21975524575373045,0.2337043136358261,0.2337043136358261,816048000
24/03/2009,0.22798750248293376,0.23004557862699698,0.22249934032211163,0.22364270687103271,0.22364270687103271,1114868000
25/03/2009,0.23050290727502273,0.23782044733867086,0.21861187400408624,0.2273014783859253,0.2273014783859253,1243852000
26/03/2009,0.23096019323325467,0.24193651433610228,0.2284447902892689,0.24147917330265045,0.24147917330265045,1333664000
27/03/2009,0.23896380161963998,0.24490931795142168,0.23553370233438267,0.23919248580932617,0.23919248580932617,731892000
30/03/2009,0.23004558133559044,0.23301833984978876,0.22066995099003942,0.2238713800907135,0.2238713800907135,780052000
31/03/2009,0.22730148450867058,0.23096025463904976,0.22387137132581034,0.225472092628479,0.225472092628479,805272000
01/04/2009,0.22272790352275157,0.2332468816053454,0.21426698696196947,0.2311888337135315,0.2311888337135315,887920000
02/04/2009,0.23987847141549273,0.2462813278068881,0.23644837269795965,0.24193651974201202,0.24193651974201202,1002860000
03/04/2009,0.24216525634461727,0.25954443784828984,0.2380491315400625,0.25885841250419617,0.25885841250419617,1003208000
06/04/2009,0.25451362518342496,0.2618311650867908,0.2510835257980966,0.2595444321632385,0.2595444321632385,887288000
07/04/2009,0.2545136446713933,0.25725771893776683,0.24902546887863733,0.25062617659568787,0.25062617659568787,607804000
08/04/2009,0.25337021876919646,0.2616024668998926,0.25131214310652117,0.26091644167900085,0.26091644167900085,731652000
09/04/2009,0.2675480635108016,0.27623765621962987,0.26549001427503255,0.27532297372817993,0.27532297372817993,904412000
13/04/2009,0.2718928344975538,0.27212151871762275,0.26045916869429636,0.2664046585559845,0.2664046585559845,767628000
14/04/2009,0.26274596746585654,0.27440832040141633,0.261602600600018,0.26800546050071716,0.26800546050071716,711960000
15/04/2009,0.2586297333680403,0.26160249143066194,0.24948277499843344,0.26045912504196167,0.26045912504196167,1045368000
16/04/2009,0.26526128627382684,0.2702921209271292,0.25519967148724004,0.26709067821502686,0.26709067821502686,1038772000
17/04/2009,0.2670907312725097,0.271435541403456,0.2606878718363882,0.2689201235771179,0.2689201235771179,695764000
20/04/2009,0.2586298131364613,0.26091654661915215,0.25131224418383985,0.2526842951774597,0.2526842951774597,590660000
21/04/2009,0.24925414177202776,0.26251719859380324,0.24559535807636293,0.2519982159137726,0.2519982159137726,932184000
22/04/2009,0.24971147513996259,0.27006341451558147,0.24559535042556724,0.2595444321632385,0.2595444321632385,916404000
23/04/2009,0.2620598562187996,0.2643465892028723,0.24742474876472997,0.2554283142089844,0.2554283142089844,753952000
24/04/2009,0.25794377743696717,0.26320326969112534,0.25176957546990497,0.2613738775253296,0.2613738775253296,759508000
27/04/2009,0.25794373260422604,0.2652612727355481,0.25039750826942203,0.2519982159137726,0.2519982159137726,787024000
28/04/2009,0.24879685370888793,0.25794378763965137,0.2465100929661837,0.2526842951774597,0.2526842951774597,634392000
29/04/2009,0.2538275673719384,0.2549709336873974,0.24582400316372502,0.2487967610359192,0.2487967610359192,859668000
30/04/2009,0.25359893826841634,0.26983475437719545,0.2515408893577301,0.26251721382141113,0.26251721382141113,1110276000
01/05/2009,0.2618311121676711,0.2730361175844188,0.2616024552775341,0.2668619453907013,0.2668619453907013,840548000
04/05/2009,0.2714353746830847,0.28332637646935444,0.26777659232115664,0.28126832842826843,0.28126832842826843,927704000
05/05/2009,0.27509421816130125,0.2769236099299725,0.26411789480928033,0.2698347270488739,0.2698347270488739,837076000
06/05/2009,0.272807383475222,0.2753227996260904,0.25908699121956785,0.26434648036956787,0.26434648036956787,935088000
07/05/2009,0.27029194713507576,0.27029194713507576,0.24193643116849067,0.24536652863025665,0.24536652863025665,1289196000
08/05/2009,0.2401071711334131,0.2401071711334131,0.20832156765891652,0.21152299642562866,0.21152299642562866,2930564000
11/05/2009,0.20809286187816553,0.22089857477774483,0.20626347042679682,0.21563908457756042,0.21563908457756042,1038596000
12/05/2009,0.22044122019614273,0.22044122019614273,0.20123265083838765,0.20534877479076385,0.20534877479076385,1201384000
13/05/2009,0.20397674432495388,0.20512011061041877,0.19048500580046673,0.19208571314811707,0.19208571314811707,1305608000
14/05/2009,0.19185706346930095,0.19894594611365024,0.19048502650362142,0.1948298215866089,0.1948298215866089,1017864000
15/05/2009,0.19620186380759702,0.20672084596289966,0.1939151309268796,0.19986064732074738,0.19986064732074738,780308000
18/05/2009,0.2048914734659908,0.2133523935351221,0.20443411869927902,0.21198034286499023,0.21198034286499023,938320000
19/05/2009,0.21335240153722818,0.2186118793266522,0.20992228836325044,0.21609647572040558,0.21609647572040558,859768000
20/05/2009,0.21998392235320974,0.23439034538596454,0.21906922644747867,0.2224993258714676,0.2224993258714676,1309436000
21/05/2009,0.21975523471519723,0.2241000297074433,0.21495308499060806,0.22112727165222168,0.22112727165222168,965600000
22/05/2009,0.22112730015013737,0.22775882876873396,0.2170111751785935,0.22455739974975586,0.22455739974975586,718260000
26/05/2009,0.22249935582282374,0.23850650225288245,0.22021262256567328,0.2366771101951599,0.2366771101951599,865540000
27/05/2009,0.23553373397057242,0.24422332544571884,0.23324700080658703,0.2371344417333603,0.2371344417333603,814152000
28/05/2009,0.24079311837888362,0.2423938254282406,0.230045482750347,0.24033577740192413,0.24033577740192413,995288000
29/05/2009,0.2405645120667087,0.2410218531397626,0.2302741879929787,0.23850643634796143,0.23850643634796143,834232000
01/06/2009,0.2412505549035298,0.2515408808906052,0.24033587258734934,0.2501688301563263,0.2501688301563263,1022764000
02/06/2009,0.2501687297879477,0.2556569032631849,0.24353721750619967,0.24811068177223206,0.24811068177223206,907984000
03/06/2009,0.24490924169151396,0.24582395090543038,0.23439026292145837,0.24033577740192413,0.24033577740192413,735688000
04/06/2009,0.24102195605657503,0.24948286493090657,0.2407932717923979,0.24902552366256714,0.24902552366256714,673180000
05/06/2009,0.25359906393055126,0.25359906393055126,0.2446808112184378,0.2476535439491272,0.2476535439491272,559992000
08/06/2009,0.24582413351203178,0.24971157559390902,0.2401072716433659,0.2462814748287201,0.2462814748287201,473948000
09/06/2009,0.24971143594043238,0.2625171492060955,0.2478820444367659,0.2597730755805969,0.2597730755805969,725032000
10/06/2009,0.26114523204566953,0.2696061686608879,0.25542839771647674,0.26800546050071716,0.26800546050071716,833320000
11/06/2009,0.2686914585684712,0.27898178761169995,0.26297462424446433,0.264575332403183,0.264575332403183,835156000
12/06/2009,0.26068775715603915,0.2641178559957236,0.25474224159658515,0.2632031738758087,0.2632031738758087,595000000
15/06/2009,0.25840107136146945,0.2618311708219306,0.2542849465569147,0.25885841250419617,0.25885841250419617,445164000
16/06/2009,0.2588584261912021,0.2620598688795781,0.24811078609881612,0.2517695426940918,0.2517695426940918,594912000
17/06/2009,0.2556569572076265,0.2604591066042284,0.2458240015088721,0.25794368982315063,0.25794368982315063,799016000
18/06/2009,0.2570290943820859,0.261831245907858,0.25016889349384863,0.2529129683971405,0.2529129683971405,566376000
19/06/2009,0.25542824368475026,0.2620597838635844,0.2522268292949682,0.2556569278240204,0.2556569278240204,747564000
22/06/2009,0.256571677390031,0.256571677390031,0.24033586250863087,0.24125054478645325,0.24125054478645325,574864000
23/06/2009,0.24353733561338634,0.2439946768097848,0.23073159129415627,0.2401072084903717,0.2401072084903717,589764000
24/06/2009,0.2430798492715986,0.2538275121047725,0.2430798492715986,0.24811068177223206,0.24811068177223206,515096000
25/06/2009,0.2458240392751885,0.2616025131023775,0.2433086221076634,0.26114514470100403,0.26114514470100403,870444000
26/06/2009,0.2600018649439775,0.2654900422510339,0.2577151312143747,0.264575332403183,0.264575332403183,513956000
29/06/2009,0.2652613579740671,0.2693774841393553,0.26183125737966295,0.264575332403183,0.264575332403183,510056000
30/06/2009,0.26366050758703957,0.2673192904847266,0.25337021135479665,0.25817233324050903,0.25817233324050903,589844000
01/07/2009,0.25977315721051997,0.26274591593062374,0.2549710064118899,0.2593157887458801,0.2593157887458801,696420000
02/07/2009,0.25085497986479727,0.254056396818284,0.24582417011216595,0.2492542713880539,0.2492542713880539,552312000
06/07/2009,0.24902545318797167,0.24925413738743082,0.2371344200162384,0.24125054478645325,0.24125054478645325,752456000
07/07/2009,0.24216522250830252,0.2435372730047814,0.23004553398941757,0.2307315319776535,0.2307315319776535,1072996000
08/07/2009,0.23210351560767198,0.23278954065827517,0.2220418921021462,0.2311888337135315,0.2311888337135315,1205860000
09/07/2009,0.23507633783644338,0.24010714416916762,0.2343903125956166,0.23621970415115356,0.23621970415115356,714564000
10/07/2009,0.23621975937176998,0.23873517675615774,0.231188951863004,0.2371344417333603,0.2371344417333603,520008000
13/07/2009,0.24193652402903323,0.24193652402903323,0.22753010370811783,0.23987847566604614,0.23987847566604614,556012000
14/07/2009,0.2417080188783492,0.24582414544844503,0.2389639163249393,0.24490943551063538,0.24490943551063538,452568000
15/07/2009,0.25382763097000866,0.2600018051684641,0.2515408977661355,0.2549709975719452,0.2549709975719452,1022808000
16/07/2009,0.2577150611144724,0.26914875391247567,0.25634303760591837,0.2682340443134308,0.2682340443134308,952076000
17/07/2009,0.26823402540869984,0.27692361605714805,0.26548995132498115,0.2760089337825775,0.2760089337825775,850356000
20/07/2009,0.2782957249699369,0.28241185058692925,0.27463694058594085,0.2794390916824341,0.2794390916824341,782756000
21/07/2009,0.27875309967989886,0.2798964665297091,0.2673194311817961,0.2737222909927368,0.2737222909927368,941296000
22/07/2009,0.268234080956887,0.2830978754468315,0.2664046887688929,0.280582457780838,0.280582457780838,600908000
23/07/2009,0.2810397572423834,0.2981902826032647,0.2780669987862304,0.297275573015213,0.297275573015213,1046120000
24/07/2009,0.28812865941162186,0.29727559232627326,0.28629926737668954,0.29636090993881226,0.29636090993881226,650592000
27/07/2009,0.2936168241526076,0.30207773131919674,0.2908727225764085,0.297732949256897,0.297732949256897,677484000
28/07/2009,0.2956748782936797,0.30139171124498637,0.2931594608911009,0.29819029569625854,0.29819029569625854,563180000
29/07/2009,0.29476023956184233,0.296589631829086,0.2892720627601112,0.2922448217868805,0.2922448217868805,373972000
30/07/2009,0.29727550842229616,0.30116297562182026,0.2920160180288247,0.2945314347743988,0.2945314347743988,468444000
31/07/2009,0.2945314939560811,0.2997909854063684,0.28767129482788234,0.2956748604774475,0.2956748604774475,541560000
03/08/2009,0.30276371114954537,0.30710851981799286,0.297046879159487,0.30367839336395264,0.30367839336395264,471900000
04/08/2009,0.29841891507920354,0.3109959732482924,0.29796157395269274,0.3057364821434021,0.3057364821434021,695380000
05/08/2009,0.3039071438784455,0.30870929470221586,0.30024835970223845,0.30642256140708923,0.30642256140708923,610768000
06/08/2009,0.3075658756925829,0.3130540237625434,0.2981902598747268,0.30001965165138245,0.30001965165138245,957588000
07/08/2009,0.31625553565727604,0.325402469289818,0.3091666511880511,0.313511461019516,0.313511461019516,1401872000
10/08/2009,0.3157981043415564,0.3203715698531785,0.3013916552679413,0.30322104692459106,0.30322104692459106,693312000
11/08/2009,0.301163041508575,0.3057365076756286,0.294531499210342,0.2961322069168091,0.2961322069168091,481884000
12/08/2009,0.2963608266953058,0.31030990637605677,0.29613214253266945,0.30710849165916443,0.30710849165916443,634940000
13/08/2009,0.30939522272113845,0.3173987867339388,0.303907048184931,0.3162554204463959,0.3162554204463959,564028000
14/08/2009,0.31579812286868597,0.31625546399467835,0.3027637235878619,0.30687984824180603,0.30687984824180603,427148000
17/08/2009,0.2975041871472186,0.29841886925979944,0.290872646421,0.29407408833503723,0.29407408833503723,465032000
18/08/2009,0.2940740920320824,0.3082518557753406,0.2938454078710611,0.3048217296600342,0.3048217296600342,636200000
19/08/2009,0.3002482650775963,0.30322102287638464,0.29727550727880797,0.3013916313648224,0.3013916313648224,552996000
20/08/2009,0.3000196995732706,0.3146548088641627,0.2993336741399457,0.3132827579975128,0.3132827579975128,819840000
21/08/2009,0.31579819719072394,0.31899961308611935,0.3093953381399204,0.3185422718524933,0.3185422718524933,607324000
24/08/2009,0.3167128403313106,0.32014294004760524,0.3077945647129388,0.30962395668029785,0.30962395668029785,461456000
25/08/2009,0.31122470095481486,0.3155695107947041,0.30596523591391545,0.31236809492111206,0.31236809492111206,444088000
26/08/2009,0.3116821130506021,0.3167129218100774,0.310538746184357,0.316026896238327,0.316026896238327,434308000
27/08/2009,0.31739881018372956,0.321743591493389,0.31396871106768115,0.3203715682029724,0.3203715682029724,551072000
28/08/2009,0.329061220271857,0.34369632895556795,0.3286038790886182,0.3368361294269562,0.3368361294269562,883992000
31/08/2009,0.33294861444699864,0.33454934925347896,0.3276891234285775,0.3320339322090149,0.3320339322090149,431796000
01/09/2009,0.3318053607361952,0.3411809795305203,0.3189996414941924,0.32082903385162354,0.32082903385162354,736856000
02/09/2009,0.3212863134416405,0.32860388146645203,0.31945692143543764,0.3254024386405945,0.3254024386405945,404656000
03/09/2009,0.3254022447178835,0.3336344902098039,0.3244875628898895,0.3331771492958069,0.3331771492958069,534020000
04/09/2009,0.3318052572029634,0.34781241489075926,0.3318052572029634,0.34552568197250366,0.34552568197250366,513048000
08/09/2009,0.3480409281630218,0.35512980818748474,0.3452968552458087,0.35512980818748474,0.35512980818748474,549712000
09/09/2009,0.3544440103242121,0.36564902053634807,0.3494132022081571,0.36496299505233765,0.36496299505233765,571684000
10/09/2009,0.3661062291297363,0.37708257837707626,0.36199010497698453,0.3766252100467682,0.3766252100467682,607952000
11/09/2009,0.37571049852923527,0.37708254889287246,0.3704510084819605,0.373195081949234,0.373195081949234,712732000
14/09/2009,0.3677069899067274,0.37067974796505343,0.36381952238276,0.36702096462249756,0.36702096462249756,490516000
15/09/2009,0.3704510565074362,0.37914064633032624,0.3670209574136642,0.3745671808719635,0.3745671808719635,546136000
16/09/2009,0.3736525211421388,0.374338546504176,0.35901744063205,0.3645055890083313,0.3645055890083313,707064000
17/09/2009,0.3635908195301687,0.3635908195301687,0.34232417470561105,0.3484983742237091,0.3484983742237091,923096000
18/09/2009,0.3519285553318576,0.3544439452984086,0.3452970132163876,0.3480410873889923,0.3480410873889923,604740000
21/09/2009,0.34392495766006703,0.3523858915248731,0.3409522265832514,0.3464403748512268,0.3464403748512268,588776000
22/09/2009,0.34895572640417877,0.3510137748025509,0.3443822612877941,0.3471263349056244,0.3471263349056244,361388000
23/09/2009,0.349184370447149,0.3521571281153436,0.34118080678816426,0.34163814783096313,0.34163814783096313,478936000
24/09/2009,0.3473551604080747,0.3473551604080747,0.33592146570461473,0.33706483244895935,0.33706483244895935,552876000
25/09/2009,0.33523531179171306,0.33683604642863346,0.32906113918931573,0.33157655596733093,0.33157655596733093,377556000
28/09/2009,0.3327200325365181,0.34758379944515333,0.3327200325365181,0.3391228914260864,0.3391228914260864,467708000
29/09/2009,0.34118081345432383,0.34529693743993906,0.3322625402754904,0.33294856548309326,0.33294856548309326,470928000
30/09/2009,0.3398087989125878,0.34781239083288773,0.3322625753523085,0.343696266412735,0.343696266412735,875956000
01/10/2009,0.3425528659418371,0.3425528659418371,0.3189994881449944,0.3192281723022461,0.3192281723022461,999960000
02/10/2009,0.31602683086289013,0.32357305607104825,0.314197438803335,0.3167128562927246,0.3167128562927246,612476000
05/10/2009,0.3201428605641998,0.321286226852429,0.3096238798084903,0.31511205434799194,0.31511205434799194,754276000
06/10/2009,0.3189995176525512,0.325859715884648,0.31671278490851895,0.3203715682029724,0.3203715682029724,761272000
07/10/2009,0.31808478732563905,0.3215148859226373,0.3144260045848408,0.317856103181839,0.317856103181839,459608000
08/10/2009,0.31968559715106243,0.32060027949981684,0.30848058844877,0.3199142813682556,0.3199142813682556,1241524000
09/10/2009,0.31808479464002787,0.32448765095365883,0.3176274536019116,0.3240303099155426,0.3240303099155426,618540000
12/10/2009,0.3185421765557457,0.3265457411598586,0.31831349237734063,0.3203715682029724,0.3203715682029724,499008000
13/10/2009,0.3222009300465079,0.32585968574252067,0.3162554145579843,0.3192281723022461,0.3192281723022461,602124000
14/10/2009,0.33157669373034326,0.33157669373034326,0.31717023957250484,0.31877097487449646,0.31877097487449646,1101948000
15/10/2009,0.31831356201161964,0.32128632068118324,0.3073372369870829,0.30939531326293945,0.30939531326293945,1092196000
16/10/2009,0.30550776888689635,0.30642247831290714,0.29681817926981435,0.3023063540458679,0.3023063540458679,1018832000
19/10/2009,0.30482182308652345,0.31579817549970063,0.3023064328443465,0.3132827579975128,0.3132827579975128,695588000
20/10/2009,0.31854226906541155,0.320829002473547,0.31099604336656195,0.313511461019516,0.313511461019516,660180000
21/10/2009,0.3123680126846121,0.317170135230755,0.3043644205876966,0.3059651553630829,0.3059651553630829,503956000
22/10/2009,0.30436434247140814,0.3096238320377961,0.2991048529050202,0.3080231249332428,0.3080231249332428,379328000
23/10/2009,0.3121393665596161,0.3121393665596161,0.29887630918924646,0.3007057011127472,0.3007057011127472,429528000
26/10/2009,0.3029923971681896,0.30756586278793496,0.29521748925861924,0.29681819677352905,0.29681819677352905,481652000
27/10/2009,0.2954462851907541,0.29979106826884466,0.28378393254533,0.2867566645145416,0.2867566645145416,591836000
28/10/2009,0.28035368546171935,0.2867565424782349,0.2734934873568821,0.2748655378818512,0.2748655378818512,773632000
29/10/2009,0.27921034019856267,0.2883572989558499,0.27669495039281405,0.28698524832725525,0.28698524832725525,637100000
30/10/2009,0.28561331232291187,0.28675667921893566,0.2721215938538377,0.27349361777305603,0.27349361777305603,604144000
02/11/2009,0.2730361755002127,0.2819544503473071,0.26823402540869984,0.2760089337825775,0.2760089337825775,593136000
03/11/2009,0.26709066997729236,0.2760089451930776,0.2643465957801308,0.2746368944644928,0.2746368944644928,876472000
04/11/2009,0.2766949161180778,0.2796676739384541,0.27280744890527653,0.27395081520080566,0.27395081520080566,916840000
05/11/2009,0.2771523576508537,0.2833265324328229,0.27623764792685035,0.280582457780838,0.280582457780838,955156000
06/11/2009,0.2981902408677136,0.30710851498794567,0.2945314575476177,0.3009343147277832,0.3009343147277832,1641112000
09/11/2009,0.30505046700982824,0.312139350117479,0.30482178280893346,0.3077945411205292,0.3077945411205292,818124000
10/11/2009,0.3089379158364855,0.3089379158364855,0.29636088417232404,0.30024832487106323,0.30024832487106323,781472000
11/11/2009,0.30527907578866753,0.3160267126352795,0.3048217074998751,0.30870917439460754,0.30870917439460754,871512000
12/11/2009,0.311453324774802,0.31671281605531637,0.3068798588369646,0.3077945411205292,0.3077945411205292,505864000
13/11/2009,0.3075659425349241,0.3116820681119423,0.3061938915892472,0.3100813329219818,0.3100813329219818,388524000
16/11/2009,0.31282544591150246,0.3180849383765059,0.3112247106647524,0.31442615389823914,0.31442615389823914,402820000
17/11/2009,0.31465480307726323,0.31465480307726323,0.3080232603570992,0.3139687776565552,0.3139687776565552,350124000
18/11/2009,0.3109960621344917,0.31213942890755914,0.30390717723746813,0.30916666984558105,0.30916666984558105,455516000
19/11/2009,0.30253502879821076,0.30253502879821076,0.29133004893383674,0.29681819677352905,0.29681819677352905,833840000
20/11/2009,0.28995800418502,0.29636086163364805,0.28927197887623735,0.29498881101608276,0.29498881101608276,426748000
23/11/2009,0.2993336491433229,0.3048217976315987,0.29590354952314835,0.297275573015213,0.297275573015213,390924000
24/11/2009,0.2959035283891241,0.2979615771102354,0.29064403722849813,0.2954461872577667,0.2954461872577667,418504000
25/11/2009,0.2988763451576233,0.3029924706658544,0.29681826877350176,0.2988763451576233,0.2988763451576233,441760000
27/11/2009,0.2881286264091092,0.2959035348520241,0.28652791878439376,0.2924734354019165,0.2924734354019165,279932000
30/11/2009,0.29361695170311974,0.2988764456622724,0.2904155075601471,0.29864776134490967,0.29864776134490967,509836000
01/12/2009,0.3002482778109543,0.3080231852498226,0.2986475703929532,0.3045930862426758,0.3045930862426758,461936000
02/12/2009,0.30527916764604435,0.3144261000141626,0.3034497757204189,0.313740074634552,0.313740074634552,602292000
03/12/2009,0.3173987867339388,0.3231156181716533,0.3157980793833792,0.3162554204463959,0.3162554204463959,660036000
04/12/2009,0.3222009584984474,0.327460449239657,0.317170124674679,0.32608839869499207,0.32608839869499207,824564000
07/12/2009,0.36244759766155965,0.37616799803814255,0.34529706993081866,0.36793574690818787,0.36793574690818787,2732184000
08/12/2009,0.36199012122549096,0.3635908559334148,0.3480410407650396,0.350099116563797,0.350099116563797,1075512000
09/12/2009,0.3537579806498362,0.3615328627507046,0.3503278535347349,0.35878878831863403,0.35878878831863403,671588000
10/12/2009,0.36130427547162197,0.3635910091494158,0.3512426309333199,0.3523859977722168,0.3523859977722168,417012000
11/12/2009,0.3553586686848246,0.355816009854713,0.34689773437184807,0.3478124439716339,0.3478124439716339,416744000
14/12/2009,0.35284323648956545,0.35947477858348753,0.3489557958193395,0.3583314120769501,0.3583314120769501,405488000
15/12/2009,0.3558159896002311,0.3638195550277149,0.35490130731252156,0.3578740656375885,0.3578740656375885,446152000
16/12/2009,0.37067978989054107,0.39080304603061555,0.36862171380507425,0.38668692111968994,0.38668692111968994,1683400000
17/12/2009,0.38783014364145635,0.39972117280475494,0.37914055589135276,0.3848573863506317,0.3848573863506317,1016132000
18/12/2009,0.3880590217373299,0.38943104537737194,0.38005542783369967,0.38462892174720764,0.38462892174720764,812828000
21/12/2009,0.38691553270123585,0.3999499030892188,0.38645819163253525,0.39834919571876526,0.39834919571876526,427792000
22/12/2009,0.3983492994149953,0.41298440824317056,0.397891958227242,0.40886828303337097,0.40886828303337097,793044000
23/12/2009,0.4127556028421522,0.4157283605798189,0.40749611257704993,0.4145849943161011,0.4145849943161011,442196000
24/12/2009,0.41572840965566216,0.416414434946877,0.4120696535358581,0.4136703610420227,0.4136703610420227,136812000
28/12/2009,0.4129843541128167,0.41664313765530187,0.4029227130009857,0.4070388376712799,0.4070388376712799,465760000
29/12/2009,0.40566684997626673,0.41321307465901513,0.40475214038017093,0.412069708108902,0.412069708108902,475848000
30/12/2009,0.41595723031438053,0.42944897460154474,0.41298447125042814,0.42693355679512024,0.42693355679512024,704008000
31/12/2009,0.4278482256631859,0.43333637474882114,0.4267048589986776,0.42716220021247864,0.42716220021247864,700340000
04/01/2010,0.4232746607686887,0.42579007791281603,0.41412772898641775,0.42281731963157654,0.42281731963157654,800204000
05/01/2010,0.42121661788609893,0.43356499232009005,0.42121661788609893,0.42899152636528015,0.42899152636528015,728648000
06/01/2010,0.42876290584196236,0.432650347028899,0.42464678041931886,0.43173566460609436,0.43173566460609436,649168000
07/01/2010,0.42944889714636053,0.4312782891065379,0.4200732803879569,0.4232746958732605,0.4232746958732605,547792000
08/01/2010,0.4198446091075027,0.42716217717369565,0.4173292189372577,0.42418941855430603,0.42418941855430603,478168000
11/01/2010,0.42647595283089124,0.4283053439941226,0.4122981917608463,0.4182437062263489,0.4182437062263489,556612000
12/01/2010,0.4120697695260983,0.4136704774828334,0.3953765826943896,0.40406617522239685,0.40406617522239685,627432000
13/01/2010,0.40681028754971166,0.41092641330073815,0.39103181004744586,0.4095543622970581,0.4095543622970581,508868000
14/01/2010,0.4045234435656482,0.4074961744950114,0.3962911943120108,0.40315139293670654,0.40315139293670654,608524000
15/01/2010,0.4001785692139878,0.4036086679646218,0.38600080590336605,0.3912602961063385,0.3912602961063385,818192000
19/01/2010,0.38828757427812977,0.4010932883676321,0.3871442079222815,0.39857789874076843,0.39857789874076843,545328000
20/01/2010,0.39354714603353896,0.398577980843573,0.38828765426123696,0.3969772458076477,0.3969772458076477,719728000
21/01/2010,0.3967485753117501,0.403837458840434,0.3862295921259628,0.38988837599754333,0.38988837599754333,608632000
22/01/2010,0.38531484373839703,0.3924037265534427,0.3741098635572021,0.3763965964317322,0.3763965964317322,1067916000
25/01/2010,0.3825707326112109,0.39011695581677547,0.3798266588800974,0.3827994167804718,0.3827994167804718,643676000
26/01/2010,0.3809700026628265,0.3834854193358349,0.370451022179339,0.37067970633506775,0.37067970633506775,714636000
27/01/2010,0.3704512053978011,0.3821135579079169,0.3663350793789358,0.38074150681495667,0.38074150681495667,812504000
28/01/2010,0.38371422369726566,0.3850862746389289,0.36267625464516196,0.36793574690818787,0.36793574690818787,687764000
29/01/2010,0.3720518498417998,0.37616797515639927,0.34644041555540755,0.35192859172821045,0.35192859172821045,774700000
01/02/2010,0.3533005985782561,0.379598057047124,0.3503278400330789,0.3789120316505432,0.3789120316505432,949832000
02/02/2010,0.3775399262275023,0.3876015662549229,0.37639655990120474,0.3827994167804718,0.3827994167804718,849812000
03/02/2010,0.3793694157620606,0.3876016663411299,0.3775400237155996,0.38600093126296997,0.38600093126296997,562296000
04/02/2010,0.3825708165655677,0.3825708165655677,0.35947480080198363,0.36359092593193054,0.36359092593193054,783480000
05/02/2010,0.363133616268277,0.3718232084611941,0.3567307301682204,0.3709084987640381,0.3709084987640381,604856000
08/02/2010,0.3697651081137531,0.3791407251566629,0.36290490849991963,0.37022244930267334,0.37022244930267334,445160000
09/02/2010,0.37616794293898365,0.37799733483990383,0.36359091110266867,0.36724966764450073,0.36724966764450073,930144000
10/02/2010,0.3695364145564515,0.37776863692186086,0.367020997376461,0.3743385374546051,0.3743385374546051,535828000
11/02/2010,0.3802839929802402,0.39560512327948094,0.37753991929948166,0.3914889991283417,0.3914889991283417,695980000
12/02/2010,0.3887449483740922,0.40475207759255216,0.3844001398016503,0.39674851298332214,0.39674851298332214,780212000
16/02/2010,0.4020081260294535,0.4056669104391449,0.39720597489923526,0.40406617522239685,0.40406617522239685,457024000
17/02/2010,0.40909695672459884,0.40932561368258347,0.39629124023714407,0.4079535901546478,0.4079535901546478,876560000
18/02/2010,0.38554363603013064,0.38760171255026316,0.37067986817812204,0.38119885325431824,0.38119885325431824,1515508000
19/02/2010,0.3795981057112168,0.38371423135837535,0.37731137226946354,0.3791407644748688,0.3791407644748688,510548000
22/02/2010,0.3807413769703054,0.3864582364013359,0.3773112776676908,0.37982669472694397,0.37982669472694397,458084000
23/02/2010,0.3809700026628265,0.3825707099729219,0.3667922392476907,0.37067970633506775,0.37067970633506775,489764000
24/02/2010,0.3738812189775736,0.38211346910207167,0.37273785241917157,0.37845468521118164,0.37845468521118164,445868000
25/02/2010,0.36976509527596524,0.37593929652206276,0.3603894785585653,0.37502458691596985,0.37502458691596985,576972000
26/02/2010,0.3731951367882095,0.3759392379187145,0.36816433014895844,0.37045106291770935,0.37045106291770935,393396000
01/03/2010,0.37067974352216015,0.38714421384631165,0.367706985499465,0.38531482219696045,0.38531482219696045,555868000
02/03/2010,0.3887451126339852,0.39354723707260436,0.3823422527891436,0.385086327791214,0.385086327791214,538648000
03/03/2010,0.38737289370363714,0.3894309422486958,0.3770825964583355,0.38028401136398315,0.38028401136398315,399300000
04/03/2010,0.3818847131940275,0.3848574711397898,0.3761678814752554,0.3809700310230255,0.3809700310230255,557396000
05/03/2010,0.37822608787944695,0.3953765889590993,0.37822608787944695,0.39263251423835754,0.39263251423835754,632832000
08/03/2010,0.39286098991853374,0.3940043560501593,0.3853147407378063,0.3869154751300812,0.3869154751300812,439312000
09/03/2010,0.39080305391478304,0.4052094777636578,0.3905743697028927,0.40132203698158264,0.40132203698158264,830832000
10/03/2010,0.40017859198982675,0.4065814488074239,0.39994990782276846,0.4022366404533386,0.4022366404533386,418520000
11/03/2010,0.39903516692966357,0.40040721721001743,0.3914889449077157,0.3930896520614624,0.3930896520614624,540660000
12/03/2010,0.397434658919472,0.39857802563934336,0.39240382354402764,0.39446189999580383,0.39446189999580383,520352000
15/03/2010,0.3940044566102107,0.3978918969979125,0.38874496561037614,0.3924037218093872,0.3924037218093872,358904000
16/03/2010,0.3921750060117958,0.4084108176915375,0.39194632185743256,0.406124085187912,0.406124085187912,664988000
17/03/2010,0.408410856828762,0.4193871793500045,0.408410856828762,0.4138990044593811,0.4138990044593811,651168000
18/03/2010,0.41458505284697583,0.41458505284697583,0.39560516473769053,0.3992639482021332,0.3992639482021332,740964000
19/03/2010,0.4052095417105922,0.40635290843046357,0.38943106462035953,0.39446189999580383,0.39446189999580383,584612000
22/03/2010,0.38943105594290917,0.4024654580670156,0.38943105594290917,0.40086475014686584,0.40086475014686584,435336000
23/03/2010,0.40383743516616427,0.4111549752203383,0.40109333379334267,0.40909692645072937,0.40909692645072937,493612000
24/03/2010,0.40566689030626013,0.4068102569700428,0.3946905376219327,0.3953765630722046,0.3953765630722046,436252000
25/03/2010,0.4010932450889041,0.4036086617043537,0.3956050980770156,0.3965197801589966,0.3965197801589966,495184000
26/03/2010,0.3999498788564272,0.4040660027453442,0.39331836561206185,0.3965197801589966,0.3965197801589966,344676000
29/03/2010,0.3990351449011977,0.40246524315272686,0.39354697134275235,0.4015505611896515,0.4015505611896515,394456000
30/03/2010,0.4061241511260759,0.40818219980948217,0.3962911943120108,0.40315139293670654,0.40315139293670654,324104000
31/03/2010,0.4015506022232615,0.40337999359635157,0.39583374395985477,0.3978918194770813,0.3978918194770813,389840000
01/04/2010,0.3997213377674466,0.40429480402231294,0.3896596956507352,0.3937758207321167,0.3937758207321167,339664000
05/04/2010,0.3962911953204186,0.4004073199577112,0.39583382693627017,0.39972129464149475,0.39972129464149475,413636000
06/04/2010,0.39469049916148274,0.3956052087593823,0.38302814942332764,0.38988837599754333,0.38988837599754333,809260000
07/04/2010,0.3873729149982434,0.39903526342135454,0.3841714726566022,0.3924037218093872,0.3924037218093872,817468000
08/04/2010,0.38988839958420357,0.3928611582522014,0.3839428822482079,0.38600093126296997,0.38600093126296997,1037600000
09/04/2010,0.38508617784286503,0.3898883276715956,0.38302810194769243,0.38851627707481384,0.38851627707481384,817572000
12/04/2010,0.3889736055623832,0.39720585435587336,0.38828758028625826,0.3956051468849182,0.3956051468849182,546460000
13/04/2010,0.39720590030833797,0.40520946584904494,0.3956051926521981,0.4038374423980713,0.4038374423980713,648696000
14/04/2010,0.41252706705541725,0.41458511603031206,0.4024654246247949,0.40886828303337097,0.40886828303337097,900720000
15/04/2010,0.4102402380688647,0.41435636231758266,0.40612411382014685,0.41184094548225403,0.41184094548225403,957596000
16/04/2010,0.3951477935054678,0.3967485009266695,0.3814273701894427,0.39011695981025696,0.39011695981025696,1917736000
19/04/2010,0.38714426712675654,0.3894310001881543,0.37525326065948966,0.38828763365745544,0.38828763365745544,1094492000
20/04/2010,0.39103169376890007,0.3951478182959414,0.38462883642239193,0.3896596431732178,0.3896596431732178,678188000
21/04/2010,0.39171767726443896,0.3921750183275259,0.3750244967517439,0.3795979619026184,0.3795979619026184,895908000
22/04/2010,0.3734239429449516,0.38234222001216506,0.3681644504068535,0.38119885325431824,0.38119885325431824,656932000
23/04/2010,0.38005522678581827,0.3809699359886465,0.36930759128756546,0.37593913078308105,0.37593913078308105,752916000
26/04/2010,0.3763965472010073,0.38417142705349294,0.37571052197637556,0.3795979619026184,0.3795979619026184,491092000
27/04/2010,0.3768538845119647,0.3807413243995024,0.3677069543012867,0.36885032057762146,0.36885032057762146,606704000
28/04/2010,0.3686216606019072,0.3747958607071773,0.36199011940809966,0.3695363700389862,0.3695363700389862,672164000
29/04/2010,0.3706798896666329,0.3811988753526203,0.36519171255480737,0.38074150681495667,0.38074150681495667,987128000
30/04/2010,0.37616791490054885,0.3768539402197607,0.35901741822028443,0.35924607515335083,0.35924607515335083,1068048000
03/05/2010,0.36107534144973125,0.363133416692217,0.34987033782285615,0.3553585112094879,0.3553585112094879,1078972000
04/05/2010,0.34987032304986404,0.35055634810172576,0.3322624648453946,0.3372932970523834,0.3372932970523834,1311376000
05/05/2010,0.3304331896609609,0.3400374611824682,0.32746043181239837,0.33157655596733093,0.33157655596733093,1330840000
06/05/2010,0.3292898220418351,0.33615001985270593,0.29819022046854987,0.32471632957458496,0.32471632957458496,1002888000
07/05/2010,0.3276890772205281,0.3276890772205281,0.30779448237970025,0.3192281723022461,0.3192281723022461,1153712000
10/05/2010,0.33843673988391426,0.34255286386952954,0.32928980980921446,0.33294856548309326,0.33294856548309326,979156000
11/05/2010,0.32974722452907607,0.3359213982568571,0.3267744661386606,0.32928988337516785,0.32928988337516785,829124000
12/05/2010,0.33157654984268264,0.3375220381699839,0.3295184741732302,0.3356926739215851,0.3356926739215851,901236000
13/05/2010,0.3343207182518777,0.34964185262562575,0.33180530080722975,0.3350067436695099,0.3350067436695099,1252000000
14/05/2010,0.3123680697994625,0.3132827521869235,0.28812865941162186,0.29636090993881226,0.29636090993881226,2493068000
17/05/2010,0.2968182453754198,0.3007057135967531,0.2876713126381834,0.2970469295978546,0.2970469295978546,856060000
18/05/2010,0.2995623609434385,0.3013917531944843,0.2856132756967297,0.2872140109539032,0.2872140109539032,674112000
19/05/2010,0.28584195739968293,0.2922448165911955,0.28378390817313154,0.2917874753475189,0.2917874753475189,826520000
20/05/2010,0.2833263953181496,0.2917873266854872,0.27463680707547833,0.2849271297454834,0.2849271297454834,1129136000
21/05/2010,0.27669502903373294,0.2991050230233326,0.27669502903373294,0.29110145568847656,0.29110145568847656,1069600000
24/05/2010,0.29018670882164455,0.29361680834724224,0.28172577485049743,0.2826404571533203,0.2826404571533203,664564000
25/05/2010,0.27372211965867266,0.29155863680309796,0.27097801912876196,0.2901866137981415,0.2901866137981415,966652000
26/05/2010,0.30184913043000644,0.30756596434231415,0.29064411960587466,0.29155880212783813,0.29155880212783813,995028000
27/05/2010,0.29887621960557936,0.30870917439460754,0.29819019443239125,0.30870917439460754,0.30870917439460754,713560000
28/05/2010,0.30825190646393147,0.30825190646393147,0.2959035321982833,0.300476998090744,0.300476998090744,545116000
01/06/2010,0.29636088889244067,0.29979098849184294,0.28744261357798984,0.28767129778862,0.28767129778862,527492000
02/06/2010,0.2881287075875851,0.29133015099901,0.286299315246773,0.2908727824687958,0.2908727824687958,649088000
03/06/2010,0.2849271694081753,0.2911013420616416,0.2840124599995116,0.29041531682014465,0.29041531682014465,586360000
04/06/2010,0.2819544749313231,0.28698528240011845,0.2750942482338629,0.27669498324394226,0.27669498324394226,671456000
07/06/2010,0.27783835314673416,0.2796677451373148,0.261831193674161,0.2629745602607727,0.2629745602607727,577248000
08/06/2010,0.2618310997243143,0.2618310997243143,0.24902538764518625,0.2556569278240204,0.2556569278240204,967636000
09/06/2010,0.2570290505403407,0.26388927751843616,0.24856814300670466,0.24948282539844513,0.24948282539844513,697152000
10/06/2010,0.25451362518342496,0.2606877986250146,0.25382759985435793,0.2595444321632385,0.2595444321632385,611768000
11/06/2010,0.25680031690529603,0.26663327235094814,0.2561142916862966,0.2654899060726166,0.2654899060726166,442104000
14/06/2010,0.269377346899843,0.26983468796075905,0.2590870503592217,0.2597730755805969,0.2597730755805969,375080000
15/06/2010,0.262745878325138,0.2739508589048814,0.26228850992595903,0.2725788354873657,0.2725788354873657,528632000
16/06/2010,0.2707494747955963,0.27326489224022077,0.26548998294047904,0.2691487669944763,0.2691487669944763,366480000
17/06/2010,0.2785244092164414,0.28012511716193494,0.268920107023455,0.2794390916824341,0.2794390916824341,859068000
18/06/2010,0.2810396443081488,0.2846984266700769,0.2789815962670628,0.28126832842826843,0.28126832842826843,932832000
21/06/2010,0.28721395344983225,0.2878999515541165,0.27212150447543143,0.2746368944644928,0.2746368944644928,579836000
22/06/2010,0.278066872625222,0.28149697068913554,0.26297443024000394,0.26434648036956787,0.26434648036956787,818164000
23/06/2010,0.2668619805318861,0.2700633954953852,0.2593157297036278,0.26731932163238525,0.26731932163238525,614060000
24/06/2010,0.2657186557062864,0.2670907066231217,0.25314162225533976,0.25405630469322205,0.25405630469322205,725028000
25/06/2010,0.25588567515530664,0.25611435937541344,0.2492541598923243,0.2533702850341797,0.2533702850341797,507220000
28/06/2010,0.2551997122660081,0.25748644574290674,0.24925419432206647,0.25382766127586365,0.25382766127586365,372008000
29/06/2010,0.24833948451545587,0.24856816876709595,0.2380491838718919,0.23964989185333252,0.23964989185333252,660808000
30/06/2010,0.2401071697450028,0.24262258680930476,0.23347565531730652,0.23347565531730652,0.23347565531730652,623072000
01/07/2010,0.23416164077510462,0.23896376263504215,0.22707274554138468,0.2373630553483963,0.2373630553483963,737008000
02/07/2010,0.23827769487806705,0.2387350357888133,0.2263866676387033,0.2343902289867401,0.2343902289867401,737096000
06/07/2010,0.23347568031232757,0.24102190505309756,0.2298168964198303,0.2318749725818634,0.2318749725818634,712020000
07/07/2010,0.2327895326123736,0.24445187628955542,0.2323321916811104,0.24307982623577118,0.24307982623577118,608412000
08/07/2010,0.24468063111957147,0.24490928802130782,0.23278959990919884,0.235762357711792,0.235762357711792,783272000
09/07/2010,0.23690579442487925,0.2382778452831738,0.23370435150886215,0.2366771101951599,0.2366771101951599,571516000
12/07/2010,0.23667709215566332,0.24399465982880936,0.23644843520338288,0.24102190136909485,0.24102190136909485,565396000
13/07/2010,0.24490931889395978,0.25131217636974945,0.24353729553058015,0.24971146881580353,0.24971146881580353,723316000
14/07/2010,0.26068779539372006,0.26251718716188743,0.2485681055971187,0.25222688913345337,0.25222688913345337,1355664000
15/07/2010,0.2524555441801607,0.25268422837197485,0.24216524622863458,0.2451380044221878,0.2451380044221878,953088000
16/07/2010,0.24513800076400447,0.24582402606920326,0.22890218666765821,0.22981686890125275,0.22981686890125275,1288604000
19/07/2010,0.2330183125478642,0.2401071680480591,0.2314175777400727,0.23919248580932617,0.23919248580932617,798440000
20/07/2010,0.2330183147161669,0.24651002779305425,0.230960238769858,0.2451380044221878,0.2451380044221878,1160988000
21/07/2010,0.24742476823130416,0.24765342519169695,0.2348477085693749,0.2371344417333603,0.2371344417333603,624940000
22/07/2010,0.23964985061537783,0.2435373186642399,0.2382778271216694,0.24102190136909485,0.24102190136909485,462612000
23/07/2010,0.24079317888229493,0.2410218630582342,0.23461900599198143,0.23690573871135712,0.23690573871135712,817604000
26/07/2010,0.23621973773841606,0.24216525432428268,0.23256095410711242,0.24125054478645325,0.24125054478645325,683548000
27/07/2010,0.24193655978553083,0.2423939009048973,0.23621972764343532,0.23919248580932617,0.23919248580932617,683472000
28/07/2010,0.23530511370140123,0.239421239490406,0.23096030365633521,0.231646329164505,0.231646329164505,1320808000
29/07/2010,0.2149530590010813,0.21952652399152958,0.20740683631484133,0.20877887308597565,0.20877887308597565,2664476000
30/07/2010,0.20717816955541954,0.21380969663805408,0.2039767412779407,0.21015092730522156,0.21015092730522156,984288000
02/08/2010,0.2138096622472801,0.21472435784086188,0.2090075137884754,0.2099222093820572,0.2099222093820572,917020000
03/08/2010,0.20832159613260845,0.20855026672648508,0.20283343372954396,0.20443414151668549,0.20443414151668549,955444000
04/08/2010,0.2062635101447672,0.21380973429725825,0.2053488142429496,0.21312370896339417,0.21312370896339417,855496000
05/08/2010,0.21380976959172546,0.2163251735144495,0.20992231477478313,0.21586783230304718,0.21586783230304718,800504000
06/08/2010,0.2149530790520922,0.22066991082342363,0.21312368743326532,0.21838317811489105,0.21838317811489105,739904000
09/08/2010,0.2206698778003282,0.2208985619409607,0.21518171739514907,0.22044120728969574,0.22044120728969574,466456000
10/08/2010,0.21678250007807218,0.21723984122981746,0.21037964217361454,0.21129433810710907,0.21129433810710907,772560000
11/08/2010,0.20694948239811897,0.20694948239811897,0.202376017390868,0.203062042593956,0.203062042593956,796148000
12/08/2010,0.19940329764537723,0.2094649389328063,0.19780259004010645,0.20489147305488586,0.20489147305488586,1343584000
13/08/2010,0.21152297811048842,0.21769716454668678,0.21106562339484303,0.21472440659999847,0.21472440659999847,1797392000
16/08/2010,0.21175168276625342,0.21609647829981543,0.20649219128404614,0.209236279129982,0.209236279129982,814008000
17/08/2010,0.2112943311599278,0.21586779704702466,0.2092362687847335,0.21198034286499023,0.21198034286499023,481224000
18/08/2010,0.21129433078976237,0.2149531007670294,0.20992228012203423,0.21312370896339417,0.21312370896339417,352920000
19/08/2010,0.21541049857786113,0.2266155092856829,0.21426713180726792,0.22592948377132416,0.22592948377132416,1615100000
20/08/2010,0.22432874254766763,0.23347568898882815,0.22410007195338977,0.22798751294612885,0.22798751294612885,1305308000
23/08/2010,0.22867352472129973,0.23439035738733055,0.22387137437783047,0.22455739974975586,0.22455739974975586,748620000
24/08/2010,0.21723984660915593,0.22455740062830687,0.21678250544608588,0.222270667552948,0.222270667552948,641332000
25/08/2010,0.2197552188873599,0.22867347878068603,0.2186118389538551,0.22684408724308014,0.22684408724308014,757532000
26/08/2010,0.22981685527919532,0.2323322721624913,0.2241000235080719,0.2241000235080719,0.2241000235080719,657596000
27/08/2010,0.22547212219718413,0.23324701826260227,0.21975528885937753,0.23141762614250183,0.23141762614250183,1060416000
30/08/2010,0.22867345471246447,0.2305028460575242,0.22044120728969574,0.22044120728969574,0.22044120728969574,602804000
31/08/2010,0.21723988321894916,0.22410009723112995,0.21266641629749966,0.21335244178771973,0.21335244178771973,931488000
01/09/2010,0.21655378588724164,0.21929785950505182,0.21380969863943028,0.21495306491851807,0.21495306491851807,851440000
02/09/2010,0.215639125523783,0.2195265660585997,0.21358106315770217,0.218840554356575,0.218840554356575,596292000
03/09/2010,0.22410003775224302,0.22707278228417854,0.22135595014968376,0.22638677060604095,0.22638677060604095,566484000
07/09/2010,0.225700771464792,0.2337043373809878,0.2252434302930112,0.22844485938549042,0.22844485938549042,899820000
08/09/2010,0.2289022047145308,0.23759179565879773,0.2263867874838192,0.23599106073379517,0.23599106073379517,1224156000
09/09/2010,0.23896379381696511,0.23919247799918428,0.22981686268827897,0.23278962075710297,0.23278962075710297,697748000
10/09/2010,0.23439041584453002,0.23507644138755085,0.22821624047737304,0.2302742898464203,0.2302742898464203,609292000
13/09/2010,0.23439035821923654,0.2462813920147914,0.23439035821923654,0.2433086335659027,0.2433086335659027,1015792000
14/09/2010,0.2412505583213753,0.2442233167810898,0.2389638252385193,0.24102190136909485,0.24102190136909485,698536000
15/09/2010,0.23873509984193877,0.24170785744937678,0.23553365808777443,0.24147917330265045,0.24147917330265045,555572000
16/09/2010,0.23827779210560043,0.24376593979394162,0.23827779210560043,0.24170789122581482,0.24170789122581482,365280000
17/09/2010,0.2439946461399345,0.24422330307938656,0.24056454670809,0.24125054478645325,0.24125054478645325,416884000
20/09/2010,0.24125065027943488,0.24582414544844503,0.2389639163249393,0.24490943551063538,0.24490943551063538,443168000
21/09/2010,0.24353725616976418,0.26228845718540655,0.24353725616976418,0.25817233324050903,0.25817233324050903,1779624000
22/09/2010,0.25725768279759803,0.26274585781936216,0.2556569753054187,0.26045912504196167,0.26045912504196167,999996000
23/09/2010,0.26343175795764195,0.27395073572900586,0.26114502602995365,0.2657184898853302,0.2657184898853302,1240872000
24/09/2010,0.27166404737845,0.28126834482334434,0.26960599921740075,0.2803536355495453,0.2803536355495453,1086976000
27/09/2010,0.28241181708517304,0.2826404740445399,0.27074946709717007,0.2744082510471344,0.2744082510471344,999504000
28/09/2010,0.27463697356857864,0.27760973283008855,0.26892013931952724,0.2737222909927368,0.2737222909927368,723192000
29/09/2010,0.2712066824328214,0.2796676129836414,0.2686912662269025,0.271664023399353,0.271664023399353,974904000
30/09/2010,0.2750942441052692,0.27829568681737155,0.26480394510352906,0.26709067821502686,0.26709067821502686,787632000
01/10/2010,0.27097809678099966,0.2714354651737155,0.2574863834360442,0.2595444321632385,0.2595444321632385,999120000
04/10/2010,0.2570289671421051,0.2613737752431379,0.2517694769461189,0.2570289671421051,0.2570289671421051,749500000
05/10/2010,0.26251719616602426,0.2629745373087509,0.2581723871601025,0.25885841250419617,0.25885841250419617,753588000
06/10/2010,0.2588584184369482,0.2600017849499732,0.2439946537676221,0.24651004374027252,0.24651004374027252,1057604000
07/10/2010,0.24765332852298277,0.24788201265412083,0.23736303330175043,0.24468059837818146,0.24468059837818146,761488000
08/10/2010,0.2437660805721495,0.25039762572370705,0.24033597947100532,0.24833954870700836,0.24833954870700836,706932000
11/10/2010,0.24948285652865757,0.251540933056894,0.24605275624161072,0.24719612300395966,0.24719612300395966,442680000
12/10/2010,0.2451380169294067,0.2531415824111669,0.24307994087809243,0.2519982159137726,0.2519982159137726,605208000
13/10/2010,0.25611437305346746,0.2629745729029327,0.25337029856568355,0.2593157887458801,0.2593157887458801,968732000
14/10/2010,0.2595444527876254,0.26000179395667655,0.2540562769789847,0.255199670791626,0.255199670791626,599172000
15/10/2010,0.25931569948853606,0.26228845718540655,0.2551996028036401,0.25817233324050903,0.25817233324050903,639940000
18/10/2010,0.25840102513784646,0.2609164418628882,0.2538275600086814,0.2597730755805969,0.2597730755805969,448156000
19/10/2010,0.2540562092956115,0.26000172468935256,0.2519981609531636,0.25817233324050903,0.25817233324050903,866136000
20/10/2010,0.2584010173941151,0.26526121488227705,0.2538275524020071,0.25817233324050903,0.25817233324050903,763532000
21/10/2010,0.2584011091039182,0.25885845031344484,0.2497115170828673,0.2535989582538605,0.2535989582538605,1014428000
22/10/2010,0.2551996474195169,0.27189280301113145,0.2524555461365069,0.2698347270488739,0.2698347270488739,1322676000
25/10/2010,0.271892791357798,0.2744082083394109,0.26937737437618514,0.27235013246536255,0.27235013246536255,673136000
26/10/2010,0.2691488250836478,0.27555168493003823,0.2668620913713667,0.27143555879592896,0.27143555879592896,675248000
27/10/2010,0.26892011450799,0.27623765621962987,0.2682340890093958,0.27532297372817993,0.27532297372817993,496796000
28/10/2010,0.2789817168701704,0.2798963992260685,0.2730361997768044,0.27555161714553833,0.27555161714553833,704448000
29/10/2010,0.27509419479601,0.27783829584594816,0.2721214640919171,0.2748655378818512,0.2748655378818512,554664000
01/11/2010,0.2766950247253683,0.2810398074497757,0.27303624023954165,0.27532297372817993,0.27532297372817993,473920000
02/11/2010,0.2764661907087894,0.2856131197083859,0.2748654835858598,0.28103965520858765,0.28103965520858765,581036000
03/11/2010,0.282869208739466,0.28492728530107037,0.27555166679379517,0.28309789299964905,0.28309789299964905,671748000
04/11/2010,0.2858419129572229,0.28881467146893886,0.2830978386617962,0.28355517983436584,0.28355517983436584,700016000
05/11/2010,0.2856131864957852,0.29087267735242506,0.2842411631810129,0.28835728764533997,0.28835728764533997,735116000
08/11/2010,0.28812854384820313,0.2920159833257426,0.2858418115367094,0.2895005941390991,0.2895005941390991,605156000
09/11/2010,0.289500586181054,0.291787318429688,0.28629914467696715,0.28789985179901123,0.28789985179901123,633964000
10/11/2010,0.2899580482796187,0.29133009910583496,0.28584192306098,0.29133009910583496,0.29133009910583496,521016000
11/11/2010,0.2844698201034724,0.29315941013705066,0.2805823798216099,0.28835728764533997,0.28835728764533997,1089980000
12/11/2010,0.29933360669171327,0.31282534630700115,0.29796155613422476,0.30322104692459106,0.30322104692459106,2142560000
15/11/2010,0.30459313978144953,0.30893792171685586,0.2988763070980156,0.2995623052120209,0.2995623052120209,733548000
16/11/2010,0.29453139971427555,0.298647523326152,0.29018661922729444,0.29064396023750305,0.29064396023750305,739356000
17/11/2010,0.2904153530328162,0.2988762866329567,0.2876712789846655,0.2954461872577667,0.2954461872577667,551764000
18/11/2010,0.2993335956463833,0.3075658441675371,0.2993335956463833,0.3045930862426758,0.3045930862426758,993120000
19/11/2010,0.30390716896823217,0.31556952064019583,0.3034498277234522,0.31442615389823914,0.31442615389823914,716484000
22/11/2010,0.3123680049569782,0.31648410210612865,0.30962390384420496,0.31465473771095276,0.31465473771095276,462668000
23/11/2010,0.3109960385865992,0.31419745440477853,0.30505052091282364,0.3073372542858124,0.3073372542858124,457832000
24/11/2010,0.3105386587682794,0.3160268072773454,0.310309974555398,0.31488344073295593,0.31488344073295593,397784000
26/11/2010,0.31465474964519186,0.31648411410975197,0.3109959661960602,0.3109959661960602,0.3109959661960602,143104000
29/11/2010,0.30962400267801565,0.31556952064019583,0.3082519789436757,0.31442615389823914,0.31442615389823914,468192000
30/11/2010,0.30962402074258044,0.3128254641628508,0.3055078947793842,0.31122472882270813,0.31122472882270813,720936000
01/12/2010,0.31739878000447647,0.32700305116420736,0.3169414389511563,0.32494500279426575,0.32494500279426575,626536000
02/12/2010,0.32494500762778966,0.3308905231893964,0.32471632346772694,0.3288324475288391,0.3288324475288391,529316000
03/12/2010,0.32723184353550805,0.3382081687450409,0.3265458180986602,0.3382081687450409,0.3382081687450409,606044000
06/12/2010,0.3393514221519771,0.3400374473599127,0.33043317622882,0.33180519938468933,0.33180519938468933,438424000
07/12/2010,0.3395801422717763,0.3505564649812066,0.33889411699118605,0.34255290031433105,0.34255290031433105,1026812000
08/12/2010,0.34209558259512024,0.3491844382857086,0.3395801654810364,0.34552568197250366,0.34552568197250366,613252000
09/12/2010,0.3372933726661233,0.34209552184569564,0.33249122348655097,0.33980876207351685,0.33980876207351685,942408000
10/12/2010,0.3398088640254938,0.34506835583349293,0.33889418165019397,0.34186694025993347,0.34186694025993347,451900000
13/12/2010,0.3432387857037089,0.34392478344470756,0.33226244020781925,0.3331771492958069,0.3331771492958069,609108000
14/12/2010,0.33958022182946507,0.34575439628126886,0.33317736314388624,0.33363470435142517,0.33363470435142517,755160000
15/12/2010,0.33432063621644725,0.33843676045221766,0.32585970357514005,0.32631707191467285,0.32631707191467285,624176000
16/12/2010,0.32974711616285496,0.33157650743729505,0.32585964948217006,0.32677435874938965,0.32677435874938965,631872000
17/12/2010,0.327003158416805,0.33043328559174623,0.32311571729855293,0.3286038935184479,0.3286038935184479,593156000
20/12/2010,0.3297471817032138,0.331347889164005,0.3270030806161382,0.327231764793396,0.327231764793396,344088000
21/12/2010,0.3304332803451797,0.3400375545024872,0.33020459611714437,0.3400375545024872,0.3400375545024872,466952000
22/12/2010,0.33935145781257187,0.3441536075127509,0.3361500428524557,0.343696266412735,0.343696266412735,477988000
23/12/2010,0.34369633806539157,0.34369633806539157,0.339808869754798,0.3411809206008911,0.3411809206008911,273784000
27/12/2010,0.3402662615403381,0.34552575379762845,0.3340920595695991,0.3430103361606598,0.3430103361606598,255500000
28/12/2010,0.3430101982193611,0.3452969306933567,0.3395800995083676,0.34163814783096313,0.34163814783096313,194260000
29/12/2010,0.3414094909395644,0.34415356445635886,0.3384367332713698,0.34163814783096313,0.34163814783096313,177660000
30/12/2010,0.34118101429228653,0.3448397993799299,0.3400376473599002,0.3427817225456238,0.3427817225456238,174488000
31/12/2010,0.3430103314978199,0.3526146334284044,0.34255299027731867,0.35215726494789124,0.35215726494789124,391252000
03/01/2011,0.35490122364464133,0.3651915196254714,0.3544438553486036,0.3617614209651947,0.3617614209651947,817448000
04/01/2011,0.362447506178571,0.3640482136998125,0.3526145496052226,0.36061811447143555,0.36061811447143555,651384000
05/01/2011,0.36724966768458905,0.38874500207774165,0.3635909111423576,0.38828763365745544,0.38828763365745544,1428216000
06/01/2011,0.3983493423282262,0.44225467354256937,0.39720597560566584,0.4420259892940521,0.4420259892940521,3493312000
07/01/2011,0.43699513029089004,0.4557463641658328,0.42716217216964175,0.4543743133544922,0.4543743133544922,2579984000
10/01/2011,0.44614201745143606,0.4726681305220663,0.4427119180333377,0.47175344824790955,0.47175344824790955,1750348000
11/01/2011,0.47815638880830436,0.48272985523091677,0.45437431979470355,0.4644359350204468,0.4644359350204468,2711088000
12/01/2011,0.46466468987565007,0.5344100865902731,0.4630639819303337,0.5339527726173401,0.5339527726173401,3431896000
13/01/2011,0.5282358632135646,0.5451577326163646,0.511771362261659,0.5348674058914185,0.5348674058914185,2695192000
14/01/2011,0.5257204129615868,0.5483590855536153,0.5225189977312023,0.5394408106803894,0.5394408106803894,1595352000
18/01/2011,0.5321231246566666,0.535781907469072,0.5138292651146417,0.5268636345863342,0.5268636345863342,1813348000
19/01/2011,0.5270924451563362,0.5396694486975848,0.5113139719769403,0.5124573111534119,0.5124573111534119,1197896000
20/01/2011,0.5074264508695943,0.5158873557023356,0.4982794663120321,0.5129145979881287,0.5129145979881287,1111408000
21/01/2011,0.518402936742685,0.5257205052857907,0.5071979269485618,0.5081126093864441,0.5081126093864441,739244000
24/01/2011,0.53143739304735,0.572827365809745,0.5254919290278129,0.5655097961425781,0.5655097961425781,2056900000
25/01/2011,0.5629940065567233,0.5689395214598243,0.5444714912232154,0.5481302738189697,0.5481302738189697,1086856000
26/01/2011,0.5538473468096995,0.5716839001976328,0.5499599054477198,0.561164915561676,0.561164915561676,1074660000
27/01/2011,0.5691684748031488,0.5705404711547816,0.5488165322603298,0.5595641732215881,0.5595641732215881,657396000
28/01/2011,0.5609359329801418,0.570311518204028,0.5305223361758408,0.543328046798706,0.543328046798706,1094796000
31/01/2011,0.5442431877076754,0.5545334625118726,0.5353249095626794,0.5469872355461121,0.5469872355461121,750160000
01/02/2011,0.5517892909755743,0.5636802713165302,0.5481305068245025,0.5595641732215881,0.5595641732215881,654104000
02/02/2011,0.5563626814595959,0.5984386116635938,0.5563626814595959,0.584946870803833,0.584946870803833,1606616000
03/02/2011,0.5858615294089808,0.5858615294089808,0.5613934385857429,0.5739704966545105,0.5739704966545105,1030776000
04/02/2011,0.5819740610042808,0.5915783059028273,0.5796873282398637,0.5870048403739929,0.5870048403739929,872900000
07/02/2011,0.5790011502252155,0.5815165392465431,0.5604785815554533,0.5625366568565369,0.5625366568565369,934236000
08/02/2011,0.5632229025727274,0.5668816863678102,0.5433282759094673,0.5458437204360962,0.5458437204360962,1076584000
09/02/2011,0.5479016581699022,0.5533898602825948,0.5227475983934243,0.532580554485321,0.532580554485321,1277520000
10/02/2011,0.5206894898165139,0.5307511567095896,0.5168020499114638,0.5218328833580017,0.5218328833580017,1042352000
11/02/2011,0.5200035753278069,0.5536186002296364,0.511542668495107,0.53669673204422,0.53669673204422,1359276000
14/02/2011,0.5430995143730495,0.5602500362572522,0.5264063608201611,0.5284644365310669,0.5284644365310669,1287828000
15/02/2011,0.5293791934715509,0.5312085580152739,0.5133720083739133,0.5156587958335876,0.5156587958335876,886980000
16/02/2011,0.5225189541715155,0.542184866833024,0.5206895352495091,0.5346386432647705,0.5346386432647705,1318364000
17/02/2011,0.5195461891155855,0.5947797668623929,0.5170307449467807,0.5872335433959961,0.5872335433959961,3470096000
18/02/2011,0.5840320122934429,0.5934076536672704,0.5769431579298199,0.586090087890625,0.586090087890625,1394412000
22/02/2011,0.5668816404151289,0.5684823479732176,0.5289218093232665,0.5307512283325195,0.5307512283325195,1396648000
23/02/2011,0.5307512307864276,0.5357820104151055,0.498050890599959,0.5055971145629883,0.5055971145629883,1491604000
24/02/2011,0.5081125749050145,0.5268638089492157,0.5044538454017733,0.5179455876350403,0.5179455876350403,1246120000
25/02/2011,0.5318943746947898,0.537382520693053,0.524576810350444,0.5286929607391357,0.5286929607391357,775652000
28/02/2011,0.5373827785223275,0.5376114900003159,0.5062831969176711,0.5181742310523987,0.5181742310523987,903696000
01/03/2011,0.5190887134232592,0.5257202533297233,0.4950779974460602,0.4950779974460602,0.4950779974460602,988448000
02/03/2011,0.4943920039494336,0.5037676449743217,0.46306377545163946,0.4744974374771118,0.4744974374771118,1718140000
03/03/2011,0.4854738551847865,0.48821795657963746,0.4628351822373105,0.4772416055202484,0.4772416055202484,1593704000
04/03/2011,0.47769886837770714,0.4825009902376447,0.46946662053209787,0.4747261106967926,0.4747261106967926,959760000
07/03/2011,0.4781561933543016,0.4797569004958992,0.4562035253352525,0.46809452772140503,0.46809452772140503,1019140000
08/03/2011,0.4731254817051381,0.47564087149755374,0.437223726700598,0.44705671072006226,0.44705671072006226,1947184000
09/03/2011,0.44568467398012834,0.45002948290963496,0.4337936409183265,0.43768110871315,0.43768110871315,1318976000
10/03/2011,0.42761946848566273,0.4308208836962043,0.40932557771397415,0.40978294610977173,0.40978294610977173,1722736000
11/03/2011,0.4132131260552073,0.4241894517535503,0.40383750827411996,0.4127557575702667,0.4127557575702667,1486832000
14/03/2011,0.4159570227092324,0.42647600268239605,0.4093254823748464,0.4161857068538666,0.4161857068538666,1003360000
15/03/2011,0.3958338495973565,0.410697641432963,0.3889736505624648,0.4038374423980713,0.4038374423980713,1256280000
16/03/2011,0.40017872467822674,0.4196159857429445,0.39560525790064893,0.40086475014686584,0.40086475014686584,1476520000
17/03/2011,0.4116123821630608,0.4122984076159346,0.3933185154731542,0.4084109663963318,0.4084109663963318,1238516000
18/03/2011,0.41481366075276216,0.41618571111461283,0.4024652892761087,0.4029226303100586,0.4029226303100586,886960000
21/03/2011,0.41161223229261246,0.4157283562511387,0.40200796122938576,0.406124085187912,0.406124085187912,751832000
22/03/2011,0.404980700721504,0.40886814035082375,0.397205794202864,0.39903518557548523,0.39903518557548523,718332000
23/03/2011,0.39834920731925105,0.40841084742368766,0.3896596177208751,0.4072674810886383,0.4072674810886383,782396000
24/03/2011,0.4159570437011761,0.44476991163914725,0.41504236159647945,0.43973907828330994,0.43973907828330994,1780592000
25/03/2011,0.4436267336129977,0.44477010035901005,0.42533283841678704,0.4260188639163971,0.4260188639163971,1196392000
28/03/2011,0.43608039657822767,0.44911479678603294,0.4321929558408157,0.44179725646972656,0.44179725646972656,1204284000
29/03/2011,0.44179713762138495,0.44339784487559264,0.4324215237238814,0.4383670389652252,0.4383670389652252,715764000
30/03/2011,0.4417972246872487,0.4436266164497226,0.41641445146543166,0.4219026267528534,0.4219026267528534,1176320000
31/03/2011,0.42258872804502867,0.42716219464343624,0.4143564772638906,0.42213135957717896,0.42213135957717896,655112000
01/04/2011,0.427619368885566,0.4280767099148339,0.41046884857801635,0.4161857068538666,0.4161857068538666,850072000
04/04/2011,0.41618582925423797,0.41732919579367234,0.3983492785270516,0.40132203698158264,0.40132203698158264,924328000
05/04/2011,0.40726742733032334,0.41046884174188114,0.40109322812803316,0.40200793743133545,0.40200793743133545,821076000
06/04/2011,0.40498078032782114,0.40543812144587504,0.39583382166671455,0.3992639482021332,0.3992639482021332,856984000
07/04/2011,0.40017860812282907,0.4164144213584174,0.39857790066889887,0.4138990044593811,0.4138990044593811,1021208000
08/04/2011,0.4171005115817821,0.4171005115817821,0.4001786704421483,0.40132203698158264,0.40132203698158264,746552000
11/04/2011,0.40292278261363307,0.4049808589343556,0.39171780037640686,0.39606258273124695,0.39606258273124695,546208000
12/04/2011,0.3921750821917962,0.3999499633103927,0.38485751495075604,0.3972058892250061,0.3972058892250061,840756000
13/04/2011,0.4013219360262978,0.408639474585899,0.396291129970322,0.406124085187912,0.406124085187912,749588000
14/04/2011,0.40246541343875947,0.42350338009078614,0.40017868030354,0.4232746958732605,0.4232746958732605,1254704000
15/04/2011,0.42007325178060245,0.43310765157170694,0.41801517574305613,0.4278481602668762,0.4278481602668762,969720000
18/04/2011,0.4177864855293068,0.4205305594341611,0.4070388195736191,0.4136703610420227,0.4136703610420227,743584000
19/04/2011,0.41389907278107596,0.4154998077592414,0.40086469956178805,0.412069708108902,0.412069708108902,659860000
20/04/2011,0.4271620625395906,0.43333623508601826,0.41778644800834674,0.42464664578437805,0.42464664578437805,650516000
21/04/2011,0.42922026219177345,0.4319643640769933,0.422588746242521,0.42350342869758606,0.42350342869758606,421300000
25/04/2011,0.4253326539026862,0.43722365745076025,0.42510396974868414,0.4301348030567169,0.4301348030567169,619612000
26/04/2011,0.43379368512898625,0.4456847194026786,0.4294489030166822,0.441339910030365,0.441339910030365,676000000
27/04/2011,0.44362667045685245,0.44362667045685245,0.43219297736445367,0.441339910030365,0.441339910030365,450004000
28/04/2011,0.44133983826626344,0.45506026229412927,0.43630903157004886,0.4461419880390167,0.4461419880390167,684000000
29/04/2011,0.4491146393881529,0.46740849739761003,0.4484286142607985,0.4573468863964081,0.4573468863964081,836000000
02/05/2011,0.4669513632360868,0.46718002019314103,0.44888615514836405,0.4511728882789612,0.4511728882789612,613824000
03/05/2011,0.4459134200715351,0.44728544366602524,0.4241894269286631,0.4296775758266449,0.4296775758266449,808000000
04/05/2011,0.4310494966639883,0.4358516459462614,0.4184724675780374,0.42647603154182434,0.42647603154182434,639356000
05/05/2011,0.4230460991342746,0.43173569173703125,0.41732926548246274,0.42670488357543945,0.42670488357543945,544000000
06/05/2011,0.4356230554197101,0.44591338141640147,0.4321929558408157,0.44179725646972656,0.44179725646972656,841080000
09/05/2011,0.4431692417404669,0.4539169079691392,0.4420258753127363,0.451630175113678,0.451630175113678,706328000
10/05/2011,0.4552890128960746,0.45574635406972014,0.44774276086088255,0.4523162543773651,0.4523162543773651,690976000
11/05/2011,0.45460299757638556,0.4591764366741648,0.44820013922347895,0.4543743133544922,0.4543743133544922,616000000
12/05/2011,0.4527733352774066,0.46923782614421994,0.45162996937054417,0.4687804579734802,0.4687804579734802,1224000000
13/05/2011,0.43905304798305916,0.44019641423067124,0.4143563315826381,0.4175577461719513,0.4175577461719513,2025192000
16/05/2011,0.4164145155059388,0.41732922515785237,0.4045235081111463,0.4047521650791168,0.4047521650791168,728188000
17/05/2011,0.40338007712819884,0.40360873405968506,0.39148904437072135,0.40315139293670654,0.40315139293670654,1420364000
18/05/2011,0.4047521163115031,0.41595712419230896,0.4033800928889603,0.41252702474594116,0.41252702474594116,658844000
19/05/2011,0.41572836176304956,0.4159570459204448,0.40040725923762516,0.40658143162727356,0.40658143162727356,650884000
20/05/2011,0.40566679625119456,0.4145850432569724,0.4038374045612899,0.4136703610420227,0.4136703610420227,575820000
23/05/2011,0.40772486901026045,0.4161858026696243,0.40246537781282005,0.4132130444049835,0.4132130444049835,588000000
24/05/2011,0.41527106824757043,0.43150688200121357,0.4141277018497084,0.41481372714042664,0.41481372714042664,720372000
25/05/2011,0.4127555381363546,0.4225885191748586,0.408639414780236,0.4198444187641144,0.4198444187641144,545312000
26/05/2011,0.4198446117688635,0.4340223795419765,0.4187012451587744,0.43036359548568726,0.43036359548568726,706436000
27/05/2011,0.43219294906354655,0.44659937252099574,0.43173560791220056,0.4459133744239807,0.4459133744239807,658824000
31/05/2011,0.45460306045740306,0.458490529207249,0.4436267342284543,0.4582618176937103,0.4582618176937103,1200716000
01/06/2011,0.456203656377874,0.45688968170990213,0.43676639918377697,0.43768110871315,0.43768110871315,762208000
02/06/2011,0.43836715117134206,0.44156856649920384,0.4303635583316719,0.43562304973602295,0.43562304973602295,607592000
03/06/2011,0.4305922945922419,0.4344797357488861,0.42007331051190006,0.42213135957717896,0.42213135957717896,549300000
06/06/2011,0.4214452938670647,0.4253327344008226,0.4127556760104181,0.4132130444049835,0.4132130444049835,435988000
07/06/2011,0.4164145007255279,0.41870123388412966,0.4111550090087418,0.4129844009876251,0.4129844009876251,433956000
08/06/2011,0.4109262821549209,0.4134416718455375,0.3985779088427856,0.40177932381629944,0.40177932381629944,569288000
09/06/2011,0.4015506981818746,0.40246538045700114,0.38279946620171784,0.3972058892250061,0.3972058892250061,741632000
10/06/2011,0.39789185589011355,0.4004072726658106,0.3882875571174543,0.3914889991283417,0.3914889991283417,493548000
13/06/2011,0.39148911418871585,0.3965199219586835,0.3860009379541967,0.3887450397014618,0.3887450397014618,574760000
14/06/2011,0.392175089375322,0.40063599598524646,0.39034569753155274,0.391946405172348,0.391946405172348,534576000
15/06/2011,0.38668691130472654,0.38897364427941983,0.37548190337272525,0.38348549604415894,0.38348549604415894,935916000
16/06/2011,0.3837141915658852,0.3896597088018783,0.36473430051561057,0.37022244930267334,0.37022244930267334,1024908000
17/06/2011,0.3745671448565672,0.37479582901149866,0.35009908519897714,0.3615327477455139,0.3615327477455139,1467884000
20/06/2011,0.35833159187271163,0.3658778200542414,0.3544441219919086,0.35718822479248047,0.35718822479248047,745960000
21/06/2011,0.3585601359682618,0.3677070969883794,0.3551300358082225,0.36496299505233765,0.36496299505233765,704276000
22/06/2011,0.3624476619096039,0.3672497865366327,0.35924621823156755,0.3599322438240051,0.3599322438240051,651720000
23/06/2011,0.3553585766612921,0.3731950957480743,0.3521571347810994,0.37067970633506775,0.37067970633506775,744024000
24/06/2011,0.36885052200565954,0.37205193842367873,0.35764551002255796,0.3599322438240051,0.3599322438240051,529052000
27/06/2011,0.3599322243609394,0.3622189580387332,0.3398089352843353,0.3523859977722168,0.3523859977722168,1142152000
28/06/2011,0.35238591839992867,0.3585600924872823,0.3498705010169282,0.3544439673423767,0.3544439673423767,692200000
29/06/2011,0.35673080014596875,0.3635910288103275,0.34438244852216077,0.3599322438240051,0.3599322438240051,960544000
30/06/2011,0.3608468052508051,0.3683930297131979,0.3553586568745238,0.3645055890083313,0.3645055890083313,652300000
01/07/2011,0.3645055765120075,0.37067977729866425,0.3571880365078299,0.3693077266216278,0.3693077266216278,540804000
05/07/2011,0.36885035175278347,0.3722804508716991,0.3599320776876002,0.3631335198879242,0.3631335198879242,535296000
06/07/2011,0.3629048781031,0.36359090345902406,0.3539866029961029,0.3583314120769501,0.3583314120769501,529580000
07/07/2011,0.3601606407845312,0.36199000455827246,0.3533004175930198,0.35970327258110046,0.35970327258110046,986136000
08/07/2011,0.35467267671887,0.35718809428028403,0.34987052583253836,0.3528432846069336,0.3528432846069336,619516000
11/07/2011,0.34621167048257573,0.3475836937316192,0.3395801293688527,0.3404948115348816,0.3404948115348816,714388000
12/07/2011,0.33889416521145055,0.3420956078897276,0.3302045740275681,0.33592140674591064,0.33592140674591064,867604000
13/07/2011,0.3404948181896937,0.34278155090946294,0.33203391257854825,0.3352353274822235,0.3352353274822235,634368000
14/07/2011,0.33660741804592736,0.3386654668344519,0.32037160290087374,0.3219723105430603,0.3219723105430603,1088996000
15/07/2011,0.3238016179165419,0.32585966616817225,0.31579805453353427,0.3224295675754547,0.3224295675754547,827736000
18/07/2011,0.3199142695379353,0.32174363416779483,0.31145333545479786,0.3155694603919983,0.3155694603919983,818200000
19/07/2011,0.3164841760167826,0.3258597934016304,0.3164841760167826,0.3251737952232361,0.3251737952232361,602224000
20/07/2011,0.3263170785332871,0.32814644288850875,0.32014287842439987,0.32105758786201477,0.32105758786201477,662956000
21/07/2011,0.32151488681482016,0.3384367229629686,0.31671273786169685,0.33614999055862427,0.33614999055862427,1143420000
22/07/2011,0.3391228948435364,0.3441537028574615,0.33477808503968254,0.3430103361606598,0.3430103361606598,737192000
25/07/2011,0.33775089296722877,0.3391229441067087,0.33272008422249616,0.3375222086906433,0.3375222086906433,566920000
26/07/2011,0.3279178326534352,0.33615008246381517,0.3244877331091115,0.32928988337516785,0.32928988337516785,698276000
27/07/2011,0.3247164114204087,0.326317146454418,0.3160268198843987,0.3169415295124054,0.3169415295124054,652212000
28/07/2011,0.3157980793833792,0.3228869340101437,0.3107672459101884,0.3162554204463959,0.3162554204463959,648176000
29/07/2011,0.3130539784852742,0.3192281782460079,0.31145327113471466,0.3162554204463959,0.3162554204463959,677656000
01/08/2011,0.32357285380190187,0.33409183112380086,0.3208287810579263,0.3331771492958069,0.3331771492958069,1019620000
02/08/2011,0.3308906262532898,0.351699909940466,0.3297472596168518,0.3297472596168518,0.3297472596168518,1356432000
03/08/2011,0.33043332067290704,0.3398089117464229,0.3272318773897442,0.33866554498672485,0.33866554498672485,765236000
04/08/2011,0.3324913373275393,0.3324913373275393,0.30642256140708923,0.30642256140708923,0.30642256140708923,979732000
05/08/2011,0.313511416515625,0.31739885730561884,0.28812864112446523,0.2961322069168091,0.2961322069168091,1270588000
08/08/2011,0.28172578412313865,0.29178742608539576,0.2709781167811808,0.2728075087070465,0.2728075087070465,1084180000
09/08/2011,0.27806699424039766,0.29613220163399245,0.2744082377280299,0.2956748604774475,0.2956748604774475,1329832000
10/08/2011,0.2869853517922907,0.29521760401176855,0.28058249198380963,0.2821832001209259,0.2821832001209259,1140052000
11/08/2011,0.2821831652646046,0.3107673602280697,0.2821831652646046,0.30665123462677,0.30665123462677,1078792000
12/08/2011,0.3393514315700678,0.33980877263471687,0.28972928544557647,0.2945314347743988,0.2945314347743988,3195784000
15/08/2011,0.2975042328261819,0.3064225074631715,0.29590352525339086,0.3057364821434021,0.3057364821434021,864152000
16/08/2011,0.30230642137376745,0.3064225465575258,0.2915587535995069,0.2970469295978546,0.2970469295978546,716868000
17/08/2011,0.2979616193212383,0.3029924542588867,0.28904337058633534,0.29293081164360046,0.29293081164360046,553328000
18/08/2011,0.27966778503580736,0.2824118597831538,0.2698347982761232,0.27303624153137207,0.27303624153137207,802564000
19/08/2011,0.26846272852819425,0.283326493727587,0.2664046523753499,0.2682340443134308,0.2682340443134308,761332000
22/08/2011,0.2757803162787185,0.27898175953396737,0.27006348253007445,0.27303624153137207,0.27303624153137207,611876000
23/08/2011,0.27966767173297685,0.3027636816245298,0.27921030341036984,0.3025349974632263,0.3025349974632263,938312000
24/08/2011,0.30184907968909874,0.3027637620573039,0.29041538652647564,0.29819029569625854,0.29819029569625854,687500000
25/08/2011,0.29224476481151707,0.2975042563319592,0.28492722442916685,0.28538456559181213,0.28538456559181213,690968000
26/08/2011,0.28424118940826715,0.3004770045812078,0.27921035500988606,0.2975042462348938,0.2975042462348938,732660000
29/08/2011,0.3059650579389119,0.3066510557556386,0.2988761775794308,0.30550768971443176,0.30550768971443176,601528000
30/08/2011,0.3034497943996972,0.3153408017582169,0.3013917181341776,0.31282541155815125,0.31282541155815125,684760000
31/08/2011,0.3151120479187438,0.31831346255646586,0.3018489937938916,0.3043643832206726,0.3043643832206726,705808000
01/09/2011,0.3084805431396037,0.3151120846040745,0.30344973644035345,0.30367839336395264,0.30367839336395264,762312000
02/09/2011,0.2968182106518387,0.300934335354068,0.2931594270809668,0.2954461872577667,0.2954461872577667,471356000
06/09/2011,0.2858418444065471,0.3020776565891585,0.283097770769205,0.3013916313648224,0.3013916313648224,696248000
07/09/2011,0.32585984468460083,0.33477812226738396,0.31694159436183306,0.32585984468460083,0.32585984468460083,1606620000
08/09/2011,0.3226583054464026,0.33043321324053443,0.31899952210092825,0.3242590129375458,0.3242590129375458,880164000
09/09/2011,0.32151494081830995,0.33020453086637186,0.31465474245299874,0.3173988163471222,0.3173988163471222,869828000
12/09/2011,0.31305397184793016,0.3276890763741886,0.31305397184793016,0.32494500279426575,0.32494500279426575,916480000
13/09/2011,0.3276891394945372,0.33386334031365694,0.3226583324189643,0.3322626054286957,0.3322626054286957,853836000
14/09/2011,0.3409522493398832,0.35375796583321156,0.3407235651217844,0.3494131565093994,0.3494131565093994,1547192000
15/09/2011,0.35718806894565347,0.3590174609278348,0.35124255181856656,0.3544439673423767,0.3544439673423767,752908000
16/09/2011,0.3551299223034146,0.3681643205535865,0.351699823239686,0.3535292148590088,0.3535292148590088,1391588000
19/09/2011,0.3475836950836038,0.3500991119399732,0.3372933980057353,0.34621167182922363,0.34621167182922363,968204000
20/09/2011,0.35055634810172576,0.3519283982054492,0.3356925901047032,0.3372932970523834,0.3372932970523834,792436000
21/09/2011,0.3391227847568987,0.34506827329422524,0.33066185213915916,0.3308905363082886,0.3308905363082886,715252000
22/09/2011,0.3178561208172921,0.31831346187026616,0.30299235940562114,0.30893784761428833,0.30893784761428833,1314632000
23/09/2011,0.3071085062224288,0.3242590014333587,0.30527911461459545,0.31534072756767273,0.31534072756767273,1011440000
26/09/2011,0.3192283398198232,0.3201430224088127,0.30184915254889083,0.316026896238327,0.316026896238327,972124000
27/09/2011,0.32403028323909494,0.3267743565018823,0.31396864492887633,0.3164840340614319,0.3164840340614319,781388000
28/09/2011,0.3171701462466631,0.32517373862155824,0.30184904133587714,0.30687984824180603,0.30687984824180603,1236532000
29/09/2011,0.3123680627102317,0.3176275544687935,0.2915587526376551,0.2993336617946625,0.2993336617946625,866416000
30/09/2011,0.2945315840520894,0.29613229221965087,0.2856133061013614,0.28607067465782166,0.28607067465782166,677784000
03/10/2011,0.2824116179352941,0.2913298873018796,0.27006325125694275,0.27006325125694275,0.27006325125694275,949896000
04/10/2011,0.26343186489212894,0.29498881101608276,0.26228849846415986,0.29498881101608276,0.29498881101608276,1361548000
05/10/2011,0.2943026861546068,0.3082517900213255,0.2883571990963293,0.30550768971443176,0.30550768971443176,856708000
06/10/2011,0.3071085081990614,0.31854217174660476,0.3066511398491563,0.317627489566803,0.317627489566803,773192000
07/10/2011,0.31899946888497027,0.32837508260619164,0.31236795584508226,0.32357293367385864,0.32357293367385864,806976000
10/10/2011,0.32906116176322553,0.33797943592071533,0.32837513648034095,0.33797943592071533,0.33797943592071533,534376000
11/10/2011,0.335235496061305,0.3407236737045807,0.3331774464825878,0.3343208134174347,0.3343208134174347,816080000
12/10/2011,0.3407235938139894,0.34095227805134565,0.33386339381344216,0.33409205079078674,0.33409205079078674,612064000
13/10/2011,0.3324912521268036,0.3542152401237553,0.3315765699471443,0.3535292148590088,0.3535292148590088,854832000
14/10/2011,0.35970337547783876,0.36336215859194354,0.3507851291197128,0.35947471857070923,0.35947471857070923,702452000
17/10/2011,0.3553585699349383,0.3553585699349383,0.3398087563997664,0.34163814783096313,0.34163814783096313,611780000
18/10/2011,0.3398087106532986,0.35490118111386026,0.3377506626077661,0.3539864718914032,0.3539864718914032,590916000
19/10/2011,0.3544439457192164,0.3606181466899171,0.34598303898530347,0.3468977212905884,0.3468977212905884,557568000
20/10/2011,0.33752203101497036,0.33889408143218636,0.31648407000433515,0.32951846718788147,0.32951846718788147,990308000
21/10/2011,0.3336347165584516,0.33912289302975396,0.3256311497236464,0.3311192989349365,0.3311192989349365,628428000
24/10/2011,0.33249135669214014,0.34872717493713246,0.3318053312116452,0.34346768260002136,0.34346768260002136,535256000
25/10/2011,0.33866534983436986,0.3414094502843972,0.32974710515177535,0.3304331302642822,0.3304331302642822,577996000
26/10/2011,0.336836231578105,0.3386655968658456,0.32471650935670665,0.3343208134174347,0.3343208134174347,503116000
27/10/2011,0.3466689693878942,0.35215711623635665,0.3388940628825719,0.3487270176410675,0.3487270176410675,577732000
28/10/2011,0.34575423050918547,0.3599319919654345,0.3448395485326524,0.35673055052757263,0.35673055052757263,490156000
31/10/2011,0.34529695037068125,0.34735502607056107,0.3384367525577545,0.3384367525577545,0.3384367525577545,519984000
01/11/2011,0.3260884904643066,0.32700317291149433,0.31831358062316206,0.3215150237083435,0.3215150237083435,790824000
02/11/2011,0.32471648987379315,0.32631722529454943,0.3093953793181119,0.316026896238327,0.316026896238327,961608000
03/11/2011,0.319456925069881,0.3356927690871421,0.3109960176124446,0.3350067436695099,0.3350067436695099,749372000
04/11/2011,0.3320340762696974,0.3400376447346093,0.32677458296932316,0.3388942778110504,0.3388942778110504,654840000
07/11/2011,0.3363788069503499,0.34209566793208657,0.3292899494914211,0.33706483244895935,0.33706483244895935,613536000
08/11/2011,0.34140941535029196,0.3468975611687857,0.33592124227180287,0.34483951330184937,0.34483951330184937,549728000
09/11/2011,0.3368361141180479,0.3411808960513649,0.3260884468703538,0.32746049761772156,0.32746049761772156,532244000
10/11/2011,0.335464001610849,0.3388941005877693,0.32265828785967837,0.3308905363082886,0.3308905363082886,990484000
11/11/2011,0.3402661675523666,0.3452969741766874,0.321743594016448,0.34255290031433105,0.34255290031433105,1751560000
14/11/2011,0.34255294905519323,0.34598304868619884,0.3350067244149793,0.33592140674591064,0.33592140674591064,500292000
15/11/2011,0.33272006110404173,0.3427816778943935,0.3318053513212733,0.34026628732681274,0.34026628732681274,505660000
16/11/2011,0.3338632503983767,0.3427814956641417,0.33226251594452155,0.33340588212013245,0.33340588212013245,512420000
17/11/2011,0.33272003361646035,0.3336347160636481,0.3155695060215866,0.3215150237083435,0.3215150237083435,657504000
18/11/2011,0.3233444229555991,0.3233444229555991,0.31511217171027844,0.3185422718524933,0.3185422718524933,501352000
21/11/2011,0.3135113742830383,0.3377507526071804,0.308709224550518,0.33454933762550354,0.33454933762550354,1330788000
22/11/2011,0.3382079742395078,0.3466689043280124,0.3363785832133448,0.34483951330184937,0.34483951330184937,1287480000
23/11/2011,0.34118083901315394,0.34369625587613417,0.32997583247624657,0.3302045166492462,0.3302045166492462,825340000
25/11/2011,0.3258597101844776,0.3334059335597811,0.32014287842439987,0.32105758786201477,0.32105758786201477,406620000
28/11/2011,0.33157666585123846,0.34415369938931445,0.33157666585123846,0.3391228914260864,0.3391228914260864,690616000
29/11/2011,0.33866545739094817,0.3452969992379578,0.33546404219584475,0.34095221757888794,0.34095221757888794,623440000
30/11/2011,0.35124251593924105,0.3583313989235627,0.348269757679364,0.35741668939590454,0.35741668939590454,730324000
01/12/2011,0.3544438553486036,0.3626761030372681,0.3528431480924747,0.3617614209651947,0.3617614209651947,529760000
02/12/2011,0.3656488912232582,0.3670209417060483,0.35604461962373724,0.35947471857070923,0.35947471857070923,546464000
05/12/2011,0.3654201599821319,0.3658775009633616,0.3510137146234136,0.3539864718914032,0.3539864718914032,644696000
06/12/2011,0.35604466319632666,0.35673066126167063,0.34529699670585035,0.34895578026771545,0.34895578026771545,573832000
07/12/2011,0.3466690643442711,0.34941313852013367,0.3395801810682855,0.3468977212905884,0.3468977212905884,510016000
08/12/2011,0.3434676313861246,0.3491844641044672,0.33477804020224217,0.33592140674591064,0.33592140674591064,491488000
09/12/2011,0.33340597694606566,0.3434676185091314,0.3288325109428561,0.34072354435920715,0.34072354435920715,555840000
12/12/2011,0.3334059719122353,0.33477802259648576,0.32608843186958314,0.3322626054286957,0.3322626054286957,573208000
13/12/2011,0.3366074176318873,0.34072354246388087,0.32105762785547115,0.32311567664146423,0.32311567664146423,516596000
14/12/2011,0.32037151476320136,0.3222009061052753,0.3071084616081652,0.31053856015205383,0.31053856015205383,636020000
15/12/2011,0.3157981337717518,0.3178561825397757,0.3071085430378594,0.3077945411205292,0.3077945411205292,435148000
16/12/2011,0.3103098980332126,0.31625541350188174,0.30756582445536607,0.30893784761428833,0.30893784761428833,619116000
19/12/2011,0.31030992994802603,0.313968713268122,0.2997909483477538,0.3009343147277832,0.3009343147277832,463276000
20/12/2011,0.30779446427464396,0.3189994693808384,0.30779446427464396,0.317856103181839,0.317856103181839,445208000
21/12/2011,0.3160268077265816,0.31945690736462595,0.3075659007380739,0.313740074634552,0.313740074634552,548424000
22/12/2011,0.3146547347643156,0.32814644698241824,0.3146547347643156,0.327231764793396,0.327231764793396,576560000
23/12/2011,0.32883243170576504,0.32928980000388236,0.3212862091668428,0.3240303099155426,0.3240303099155426,248948000
27/12/2011,0.32265839039733424,0.32654583168790047,0.3206003140011436,0.3215150237083435,0.3215150237083435,195712000
28/12/2011,0.32151502794799014,0.32220105342243327,0.31328277677469746,0.313511461019516,0.313511461019516,233960000
29/12/2011,0.31671286043368846,0.3201429603676982,0.3121393938550088,0.31945693492889404,0.31945693492889404,211112000
30/12/2011,0.3183135530644008,0.321743652834404,0.31648416106839716,0.3169415295124054,0.3169415295124054,186956000
03/01/2012,0.3270030765364932,0.3292898365005284,0.3203715625988046,0.32105758786201477,0.32105758786201477,468044000
04/01/2012,0.3212862306691495,0.3260883800407603,0.31831347283243827,0.32471632957458496,0.32471632957458496,347372000
05/01/2012,0.3231157528732684,0.3379795480677992,0.3217437018522305,0.336378812789917,0.336378812789917,563548000
06/01/2012,0.3361499717880545,0.33637862865972046,0.32860374982309815,0.3324911892414093,0.3324911892414093,533252000
09/01/2012,0.33271987337307424,0.33889404506803894,0.3302044569647558,0.3324911892414093,0.3324911892414093,508244000
10/01/2012,0.3375221578547832,0.3377508420969253,0.3288325655535636,0.3311192989349365,0.3311192989349365,546328000
11/01/2012,0.3281465023958111,0.33111926090214344,0.3231156949866383,0.32448774576187134,0.32448774576187134,484272000
12/01/2012,0.3251736682576291,0.3254023251411433,0.3153406862465049,0.3224295675754547,0.3224295675754547,652364000
13/01/2012,0.320142951922907,0.32082897734361504,0.3123680698482433,0.3139687776565552,0.3139687776565552,504300000
17/01/2012,0.31877097254735864,0.31877097254735864,0.3087093285883569,0.30916666984558105,0.30916666984558105,627176000
18/01/2012,0.3151121123514861,0.32220099554737697,0.3135114047053194,0.31968557834625244,0.31968557834625244,632676000
19/01/2012,0.32242950852201285,0.3286037066660913,0.31899941055752284,0.3281463384628296,0.3281463384628296,608312000
20/01/2012,0.3276891854840411,0.3315766538816679,0.32403042857923076,0.3251737952232361,0.3251737952232361,546272000
23/01/2012,0.3254024586714245,0.33432073502814297,0.3212863332190938,0.33409205079078674,0.33409205079078674,562792000
24/01/2012,0.33180519274078163,0.3430101982193611,0.3315765358493829,0.34163814783096313,0.34163814783096313,730920000
25/01/2012,0.3324913825839831,0.34049495020631687,0.32288707962917057,0.3395802676677704,0.3395802676677704,1274152000
26/01/2012,0.3446110643961165,0.3484985332023859,0.3345494477752184,0.336378812789917,0.336378812789917,799672000
27/01/2012,0.3343206757318783,0.34278158211322884,0.33157660167036007,0.34095221757888794,0.34095221757888794,449996000
30/01/2012,0.3350066536512912,0.3400374599287702,0.3299758201138092,0.3384367525577545,0.3384367525577545,399076000
31/01/2012,0.33935153012684094,0.3395802143555829,0.33180530495849536,0.3377508223056793,0.3377508223056793,357900000
01/02/2012,0.3416383402477215,0.34529712517080746,0.33683621570368993,0.34140968322753906,0.34140968322753906,428020000
02/02/2012,0.3432389122358269,0.35558725776582684,0.33980878596637837,0.35421523451805115,0.35421523451805115,696236000
03/02/2012,0.35947468852501024,0.3647341785894347,0.3587886633409547,0.3617614209651947,0.3617614209651947,495232000
06/02/2012,0.3599319646314507,0.3603893055849858,0.35581584152964274,0.3590172827243805,0.3590172827243805,278868000
07/02/2012,0.3594749025157191,0.36199029334130073,0.35352938372794956,0.3599322438240051,0.3599322438240051,410296000
08/02/2012,0.3599320989081666,0.3800553537108818,0.358102707151555,0.3729664981365204,0.3729664981365204,847612000
09/02/2012,0.3775399750118067,0.37959802376107427,0.37205179958041473,0.3727378249168396,0.3727378249168396,561944000
10/02/2012,0.3690790745985201,0.37045112539517216,0.3615328497369524,0.36359092593193054,0.36359092593193054,440268000
13/02/2012,0.37273782605421174,0.3741098767312481,0.36176150241794175,0.3693077266216278,0.3693077266216278,610668000
14/02/2012,0.36930767751223553,0.37456716806147483,0.3661062354448708,0.3713657259941101,0.3713657259941101,453756000
15/02/2012,0.374795907442232,0.3864582565841927,0.3688503907698584,0.3697650730609894,0.3697650730609894,1110856000
16/02/2012,0.3443824008251994,0.37914077160117626,0.3430103498303532,0.37616801261901855,0.37616801261901855,1888588000
17/02/2012,0.37639655015001666,0.3789119396467038,0.35901737153652924,0.36244747042655945,0.36244747042655945,1020360000
21/02/2012,0.36221881016052726,0.37319513278478483,0.3615327848852603,0.3642768859863281,0.3642768859863281,518176000
22/02/2012,0.36244744614925023,0.37136569176196926,0.361304079929158,0.3617614209651947,0.3617614209651947,492432000
23/02/2012,0.36244757555364865,0.3658776754385714,0.3567307151520999,0.36381959915161133,0.36381959915161133,323968000
24/02/2012,0.36496296155468,0.36542033000871654,0.359474812706345,0.3610755205154419,0.3610755205154419,366668000
27/02/2012,0.35650193175919587,0.35810263901917916,0.3487270250878468,0.3537578582763672,0.3537578582763672,745268000
28/02/2012,0.3537579052078472,0.35787402960815856,0.3468976797006586,0.35055646300315857,0.35055646300315857,699884000
29/02/2012,0.3516998661763743,0.35764538285002057,0.3462117179083989,0.3464403748512268,0.3464403748512268,689196000
01/03/2012,0.3478123355863239,0.3528431414074146,0.3464402852442081,0.3487270176410675,0.3487270176410675,449944000
02/03/2012,0.34758370470448285,0.35673063569354674,0.34758370470448285,0.3516998291015625,0.3516998291015625,684076000
05/03/2012,0.3491843762774431,0.34987040148309656,0.3372933726661233,0.33980876207351685,0.33980876207351685,514848000
06/03/2012,0.33592134155523906,0.3386654152755123,0.3306618510230467,0.3366073668003082,0.3366073668003082,471400000
07/03/2012,0.3384368879907935,0.34003759600236805,0.3338634209520013,0.33866554498672485,0.33866554498672485,441984000
08/03/2012,0.33958010517830023,0.3432388881017841,0.3377507137165583,0.33980876207351685,0.33980876207351685,430852000
09/03/2012,0.34072367034074813,0.3432390884765847,0.33706488528135276,0.3388942778110504,0.3388942778110504,367836000
12/03/2012,0.3402662472707791,0.342552980568485,0.33272002193634725,0.33363470435142517,0.33363470435142517,299948000
13/03/2012,0.33500675305309885,0.3400375608232982,0.33340601794711683,0.3382081687450409,0.3382081687450409,553288000
14/03/2012,0.3382081678282504,0.33889419326323866,0.32746052688013777,0.3286038935184479,0.3286038935184479,735708000
15/03/2012,0.3295184425750554,0.3352352734531098,0.3283750763994445,0.33340588212013245,0.33340588212013245,382380000
16/03/2012,0.3336346039991485,0.3352353113740717,0.331805212459235,0.3338632881641388,0.3338632881641388,428340000
19/03/2012,0.3356926605884107,0.3372933678721834,0.33317724395676684,0.33477795124053955,0.33477795124053955,405400000
20/03/2012,0.33294863986644163,0.33294863986644163,0.3263171249847524,0.32928988337516785,0.32928988337516785,449616000
21/03/2012,0.32928981012974606,0.3336345910154569,0.3256310271923039,0.3306618332862854,0.3306618332862854,467840000
22/03/2012,0.3281464408722613,0.3329485904252222,0.32723175870027066,0.3302045166492462,0.3302045166492462,425372000
23/03/2012,0.32928985264385113,0.33363463409051003,0.3270030925677083,0.33271995186805725,0.33271995186805725,315456000
26/03/2012,0.33592134155523906,0.33820807419880067,0.3327199267582542,0.3366073668003082,0.3366073668003082,288600000
27/03/2012,0.33797959517621046,0.3430104041878658,0.3372935695700716,0.3388942778110504,0.3388942778110504,419968000
28/03/2012,0.3432389782045382,0.35124254409815236,0.34072356087682726,0.34666907787323,0.34666907787323,892448000
29/03/2012,0.34621162298051394,0.3510137445832952,0.3418668151379976,0.34826967120170593,0.34826967120170593,372700000
30/03/2012,0.3512425825068889,0.35421534133016447,0.34621177456135205,0.35215726494789124,0.35215726494789124,527240000
02/04/2012,0.3512424882798779,0.3542152463056586,0.3455256564072246,0.35055646300315857,0.35055646300315857,407776000
03/04/2012,0.3530717592895853,0.3535291002311272,0.34301012227568634,0.34483951330184937,0.34483951330184937,430476000
04/04/2012,0.3395802101070442,0.34392499231869766,0.33294866741661333,0.3350067436695099,0.3350067436695099,495896000
05/04/2012,0.3354640198316955,0.33958014427956934,0.33340594397775614,0.33454933762550354,0.33454933762550354,369424000
09/04/2012,0.32928983447725557,0.3313478829942365,0.3238016596652997,0.3302045166492462,0.3302045166492462,365504000
10/04/2012,0.32883241253959744,0.33340587717419556,0.32220089972343,0.32380160689353943,0.32380160689353943,470360000
11/04/2012,0.3281465606581921,0.335006788492381,0.32700319389582955,0.3279179036617279,0.3279179036617279,372960000
12/04/2012,0.3283751078879797,0.3375220381699839,0.32700305744167807,0.3356926739215851,0.3356926739215851,384868000
13/04/2012,0.3327198792870054,0.33454927059284456,0.32357292275780974,0.32380160689353943,0.32380160689353943,311324000
16/04/2012,0.326088455372371,0.32700313772112544,0.3146547897128947,0.3199142813682556,0.3199142813682556,463468000
17/04/2012,0.3208290747305879,0.32471651694794446,0.3194570234726886,0.32060039043426514,0.32060039043426514,460696000
18/04/2012,0.31854216382068673,0.32014287122551344,0.3132826732676818,0.317170113325119,0.317170113325119,400764000
19/04/2012,0.3130540931368728,0.32494512869024333,0.3107673597243035,0.31236809492111206,0.31236809492111206,667188000
20/04/2012,0.3141973326829536,0.3151120420337927,0.3055077437799899,0.3061937689781189,0.3061937689781189,509592000
23/04/2012,0.3009342901141093,0.3039070479110423,0.295217458681547,0.3025349974632263,0.3025349974632263,706244000
24/04/2012,0.3034498431255292,0.3059652609895133,0.29155880659762046,0.29315951466560364,0.29315951466560364,730440000
25/04/2012,0.2975042807443691,0.30139172183585994,0.2920161045622549,0.2991049885749817,0.2991049885749817,727112000
26/04/2012,0.2988763206113114,0.30184907919310805,0.2968182443962169,0.2993336617946625,0.2993336617946625,539208000
27/04/2012,0.29887627265841765,0.3007056643583169,0.2936167817437094,0.29681819677352905,0.29681819677352905,475356000
30/04/2012,0.2952175241471117,0.29887630797930137,0.29315944801900184,0.297275573015213,0.297275573015213,262268000
01/05/2012,0.29567479974415145,0.3057364394214628,0.29567479974415145,0.3025349974632263,0.3025349974632263,408680000
02/05/2012,0.30139179107343433,0.3025351579665347,0.29224485592863125,0.2938455641269684,0.2938455641269684,684008000
03/05/2012,0.2945314965440892,0.2963608884463518,0.2869852719847613,0.2888146638870239,0.2888146638870239,419536000
04/05/2012,0.2869851755595913,0.28858588271374064,0.2803536355495453,0.2803536355495453,0.2803536355495453,545092000
07/05/2012,0.2853845467660504,0.2901866968070672,0.2828691296474213,0.28515586256980896,0.28515586256980896,604440000
08/05/2012,0.2826403701721494,0.2867564937881515,0.27760956453481317,0.2849271297454834,0.2849271297454834,462312000
09/05/2012,0.27989647174577287,0.2883574084000571,0.27715239670709363,0.28607067465782166,0.28607067465782166,520608000
10/05/2012,0.288814676824783,0.28927201800583363,0.2794390599432019,0.2840125262737274,0.2840125262737274,597092000
11/05/2012,0.30756579511366705,0.31282528487112005,0.300934255068183,0.30207762122154236,0.30207762122154236,1435140000
14/05/2012,0.2995622995101074,0.30482179093075834,0.2933881257815206,0.30024832487106323,0.30024832487106323,437472000
15/05/2012,0.30024833147136604,0.3068798737597086,0.29590354952314835,0.297275573015213,0.297275573015213,599940000
16/05/2012,0.29773295752816065,0.3011630573336912,0.2904153894683541,0.29133009910583496,0.29133009910583496,470484000
17/05/2012,0.2924734530287688,0.2952175273022339,0.2892720103263855,0.2892720103263855,0.2892720103263855,335364000
18/05/2012,0.2899581265972428,0.29133017779404974,0.27486567247243593,0.27623769640922546,0.27623769640922546,567288000
21/05/2012,0.2766948748377788,0.2824117054625266,0.2748654835858598,0.28103965520858765,0.28103965520858765,416260000
22/05/2012,0.280811088858176,0.2812684300035786,0.27349352149170486,0.277609646320343,0.277609646320343,410140000
23/05/2012,0.27463682815216445,0.2849271516118885,0.27052070422027513,0.2844697833061218,0.2844697833061218,496000000
24/05/2012,0.28607064763072615,0.2865279888839617,0.27486563699637845,0.27692368626594543,0.27692368626594543,520420000
25/05/2012,0.27669498046579466,0.2858419129572229,0.27669498046579466,0.28355517983436584,0.28355517983436584,391752000
29/05/2012,0.2881287075875851,0.29270217480960786,0.2869853407820794,0.2908727824687958,0.2908727824687958,310000000
30/05/2012,0.287671278962281,0.28972932768323223,0.28241178780206433,0.2874425947666168,0.2874425947666168,379792000
31/05/2012,0.28744249434492275,0.288585860403781,0.2805822979917736,0.28424108028411865,0.28424108028411865,358192000
01/06/2012,0.278295623479818,0.2810396971370874,0.27349347413459457,0.27395081520080566,0.27395081520080566,440984000
04/06/2012,0.2753229278509909,0.2769236355743083,0.2659473112058319,0.2682340443134308,0.2682340443134308,432856000
05/06/2012,0.266862001996844,0.27669495911850894,0.266862001996844,0.2760089337825775,0.2760089337825775,365224000
06/06/2012,0.278067014775978,0.28401253203017035,0.27600896578953227,0.28332650661468506,0.28332650661468506,368968000
07/06/2012,0.2874427002252761,0.28904343566219937,0.27166422095572534,0.2718929052352905,0.2718929052352905,526780000
08/06/2012,0.27280740292726074,0.27806689245227917,0.27235006193812833,0.2771522104740143,0.2771522104740143,370308000
11/06/2012,0.2860704935457915,0.291101299141689,0.279667637669195,0.2803536355495453,0.2803536355495453,839080000
12/06/2012,0.2835552566373561,0.28881474969650084,0.28309791534091233,0.28607067465782166,0.28607067465782166,496128000
13/06/2012,0.2858418176969021,0.2865278428571346,0.2771522292739563,0.2785242795944214,0.2785242795944214,494276000
14/06/2012,0.27806699936620777,0.2803537324510937,0.27235016665399303,0.27509424090385437,0.27509424090385437,589884000
15/06/2012,0.2771522158357589,0.28126833933757706,0.2746367994568704,0.28103965520858765,0.28103965520858765,385288000
18/06/2012,0.2789817135886517,0.2858419129572229,0.27669498046579466,0.28355517983436584,0.28355517983436584,304424000
19/06/2012,0.2952174770721538,0.30710850900063874,0.29384542653886575,0.3027637004852295,0.3027637004852295,960476000
20/06/2012,0.3057364169204194,0.31328263930802885,0.3039070255446352,0.3075658082962036,0.3075658082962036,972720000
21/06/2012,0.30733716808780887,0.30733716808780887,0.2929307464265066,0.29361677169799805,0.29361677169799805,516376000
22/06/2012,0.297275573015213,0.30070569989539614,0.29315944801900184,0.297275573015213,0.297275573015213,865360000
25/06/2012,0.2975041490512731,0.29841883104672723,0.2867564856746942,0.28789985179901123,0.28789985179901123,494616000
26/06/2012,0.28950074767350814,0.2931595049562911,0.2853846218778651,0.29110145568847656,0.29110145568847656,437152000
27/06/2012,0.29133006630582253,0.30253504683834853,0.29133006630582253,0.300476998090744,0.300476998090744,506064000
28/06/2012,0.2977328939631804,0.3045930921096121,0.2952174770721538,0.3027637004852295,0.3027637004852295,545896000
29/06/2012,0.30985272061260666,0.3167129218100774,0.30962403633535107,0.316026896238327,0.316026896238327,616508000
02/07/2012,0.31762744723301634,0.31785610411748905,0.30505039174700027,0.3075658082962036,0.3075658082962036,581684000
03/07/2012,0.30756589472633394,0.31625548575819973,0.30733721051759744,0.3155694603919983,0.3155694603919983,219284000
05/07/2012,0.31351146162739674,0.3148834853189308,0.30756594385071145,0.31236809492111206,0.31236809492111206,280076000
06/07/2012,0.3100813183232851,0.31099602799734244,0.3029924614643993,0.30642256140708923,0.30642256140708923,382760000
09/07/2012,0.3045930867208893,0.30596513722990365,0.2997909371993429,0.3023063540458679,0.3023063540458679,306336000
10/07/2012,0.299105032929558,0.3080233103254896,0.2908727810656235,0.29315951466560364,0.29315951466560364,512028000
11/07/2012,0.29407411960690394,0.29773290296630694,0.28698523707056256,0.28835728764533997,0.28835728764533997,485216000
12/07/2012,0.28515588756836396,0.28561322874093353,0.28103976249521945,0.28355517983436584,0.28355517983436584,472160000
13/07/2012,0.2837839107056974,0.28858603469717736,0.28195451845465164,0.2872140109539032,0.2872140109539032,324260000
16/07/2012,0.2853845699501939,0.2904153773361394,0.2826404684123973,0.28812864422798157,0.28812864422798157,334460000
17/07/2012,0.2890434224457486,0.2906441305494632,0.27806706820880916,0.28286921977996826,0.28286921977996826,447476000
18/07/2012,0.28218325377538456,0.30276388823729095,0.2808112296512716,0.29864776134490967,0.29864776134490967,616008000
19/07/2012,0.300705741339685,0.3055078651137692,0.298647664927924,0.3016204237937927,0.3016204237937927,403036000
20/07/2012,0.2997910113658368,0.301849087638514,0.28972936875055055,0.29293081164360046,0.29293081164360046,451000000
23/07/2012,0.2851558485391762,0.29887627265841765,0.2819544335093566,0.29681819677352905,0.29681819677352905,451584000
24/07/2012,0.2972755277126116,0.29910491934992056,0.2901866726005453,0.29361677169799805,0.29361677169799805,351164000
25/07/2012,0.29270211922603767,0.30230642037645916,0.29133009567598445,0.2993336617946625,0.2993336617946625,415044000
26/07/2012,0.30482179886561306,0.3082519257596824,0.2984189407633647,0.3007057011127472,0.3007057011127472,338440000
27/07/2012,0.30184897188454357,0.30916650999677486,0.2995622122607212,0.30825182795524597,0.30825182795524597,376516000
30/07/2012,0.3082518557753406,0.31213929569268456,0.3023063401888128,0.3048217296600342,0.3048217296600342,363552000
31/07/2012,0.3048218061734816,0.3139687660102767,0.30436446499664416,0.30962395668029785,0.30962395668029785,387788000
01/08/2012,0.31145325915043914,0.31442601683566374,0.3048217185818609,0.3061937689781189,0.3061937689781189,335912000
02/08/2012,0.3045931796902283,0.31191072103178985,0.2995623444616435,0.3073372542858124,0.3073372542858124,367912000
03/08/2012,0.31213936692213307,0.3169415173193987,0.30482179921963143,0.313740074634552,0.313740074634552,326548000
06/08/2012,0.31671278490851895,0.3219722756717941,0.31625544381171344,0.3203715682029724,0.3203715682029724,360324000
07/08/2012,0.324258958844192,0.32700303226552496,0.3217435423063032,0.32357293367385864,0.32357293367385864,407340000
08/08/2012,0.32334438967112245,0.32883253842972116,0.32242968003801603,0.3254024386405945,0.3254024386405945,517064000
09/08/2012,0.3258598276553303,0.33706483830043593,0.3254024864016556,0.336378812789917,0.336378812789917,822300000
10/08/2012,0.34529714144396817,0.348041216635597,0.3299760027090058,0.3343208134174347,0.3343208134174347,1278744000
13/08/2012,0.33477810345575415,0.33889422924267,0.33340605244011096,0.33866554498672485,0.33866554498672485,447244000
14/08/2012,0.33980887880322896,0.3402662472707791,0.33226265346879713,0.33363470435142517,0.33363470435142517,388828000
15/08/2012,0.3347780832491381,0.3375221578547832,0.3295185910199779,0.3311192989349365,0.3311192989349365,594404000
16/08/2012,0.334091968404371,0.33912280230552133,0.332948602019565,0.33797943592071533,0.33797943592071533,371008000
17/08/2012,0.33797950230590923,0.33797950230590923,0.33203398503311055,0.3350067436695099,0.3350067436695099,309864000
20/08/2012,0.3338633770601263,0.3354640848612613,0.329975908780214,0.3350067436695099,0.3350067436695099,314392000
21/08/2012,0.3361501271469579,0.33820817624311744,0.3306619507905131,0.33409205079078674,0.33409205079078674,340248000
22/08/2012,0.332033877716929,0.33615000163234554,0.33089051147709114,0.33477795124053955,0.33477795124053955,313556000
23/08/2012,0.3340919629910762,0.33432064716833393,0.32585971424985816,0.327231764793396,0.327231764793396,379040000
24/08/2012,0.32723174723945275,0.335463995539062,0.32654572200448484,0.3338632881641388,0.3338632881641388,347724000
27/08/2012,0.3336345115620109,0.3345492207085388,0.32791768162119417,0.3281463384628296,0.3281463384628296,340944000
28/08/2012,0.32563099261036443,0.3299757730346606,0.32494496747494955,0.32677435874938965,0.32677435874938965,310764000
29/08/2012,0.3265457880328069,0.32951854647876466,0.32585976265912303,0.32746049761772156,0.32746049761772156,250412000
30/08/2012,0.32677443620589763,0.327917802615939,0.3196855535596387,0.32128626108169556,0.32128626108169556,307488000
31/08/2012,0.3235731087577627,0.3258598423895478,0.31762761767113046,0.32082903385162354,0.32082903385162354,485064000
04/09/2012,0.31556942571127816,0.3167127921092898,0.30070566253712644,0.30367839336395264,0.30367839336395264,694452000
05/09/2012,0.30482174315381666,0.3091665515855382,0.3013916441466699,0.3045930862426758,0.3045930862426758,480256000
06/09/2012,0.3068798937425892,0.32220102818503116,0.3066512095156831,0.3139687776565552,0.3139687776565552,657296000
07/09/2012,0.3059652202000661,0.30848061046869873,0.2961322343190083,0.30642256140708923,0.30642256140708923,781064000
10/09/2012,0.30573646923637676,0.310081250644819,0.3029923953331498,0.30367839336395264,0.30367839336395264,371108000
11/09/2012,0.30344981300373397,0.31213940527309353,0.30230644631723963,0.3073372542858124,0.3073372542858124,382808000
12/09/2012,0.3098526998556314,0.31236811769686984,0.30687994075053543,0.31076738238334656,0.31076738238334656,322608000
13/09/2012,0.3135114369799911,0.3146548035963874,0.3068798942488862,0.31282541155815125,0.31282541155815125,433836000
14/09/2012,0.31259659466748324,0.32197220784700537,0.31259659466748324,0.3164840340614319,0.3164840340614319,339468000
17/09/2012,0.3171701571970986,0.3171701571970986,0.30436444166715115,0.3077945411205292,0.3077945411205292,493348000
18/09/2012,0.3043644249182563,0.31351138355058955,0.3041357679899516,0.30985260009765625,0.30985260009765625,359952000
19/09/2012,0.31053870213693735,0.31785624359096837,0.30687991777991563,0.313511461019516,0.313511461019516,451936000
20/09/2012,0.3128254641628508,0.3144261722429785,0.3087093381996546,0.31122472882270813,0.31122472882270813,320596000
21/09/2012,0.31168196677179305,0.3144260405109274,0.3105386004421535,0.3125966489315033,0.3125966489315033,340136000
24/09/2012,0.30756594385071145,0.31282543615162345,0.3071086026202001,0.31236809492111206,0.31236809492111206,357832000
25/09/2012,0.3164841937687602,0.317856244722531,0.3061938933955173,0.30665123462677,0.30665123462677,481544000
26/09/2012,0.3055077554508368,0.30573643961228303,0.2977328756017004,0.3013916313648224,0.3013916313648224,436812000
27/09/2012,0.30207768585873734,0.30413576173116147,0.2995622688791096,0.30367839336395264,0.30367839336395264,558888000
28/09/2012,0.30230641794860386,0.30939530164364815,0.29841894977131594,0.30505049228668213,0.30505049228668213,485508000
01/10/2012,0.30642250923967396,0.3082519010163296,0.2988762851984735,0.30001965165138245,0.30001965165138245,504236000
02/10/2012,0.30207772989987125,0.30207772989987125,0.29773294785798565,0.30116304755210876,0.30116304755210876,295492000
03/10/2012,0.30184907968909874,0.3027637620573039,0.29658958792189466,0.29819029569625854,0.29819029569625854,430872000
04/10/2012,0.2988763389942832,0.31328276434600094,0.29727560386408347,0.31145337224006653,0.31145337224006653,502608000
05/10/2012,0.3123680800064706,0.3155694957272046,0.3029924625585891,0.30413582921028137,0.30413582921028137,483068000
08/10/2012,0.30299243950764293,0.30436446302928666,0.29887631442269336,0.30116304755210876,0.30116304755210876,240596000
09/10/2012,0.3007057146041729,0.301620396976957,0.29384548776825276,0.29476019740104675,0.29476019740104675,366360000
10/10/2012,0.29338820106094554,0.2947602521349069,0.2885860495620957,0.28972941637039185,0.28972941637039185,326568000
11/10/2012,0.29247346570767846,0.29338814808514924,0.2890433659021479,0.29133009910583496,0.29133009910583496,320516000
12/10/2012,0.28927200504758743,0.29155873811041355,0.2869852719847613,0.2888146638870239,0.2888146638870239,260696000
15/10/2012,0.2892719928924784,0.292702092342586,0.2858418934423708,0.2924734354019165,0.2924734354019165,249580000
16/10/2012,0.2949887986476285,0.30184902418780957,0.2922447247875589,0.3009343147277832,0.3009343147277832,367696000
17/10/2012,0.2972757099607755,0.3000198127290438,0.29430295013516566,0.29864776134490967,0.29864776134490967,391752000
18/10/2012,0.297961528203509,0.297961528203509,0.29293072206431015,0.29407408833503723,0.29407408833503723,254772000
19/10/2012,0.2897294049166245,0.29178748144620537,0.27532297824961405,0.27692368626594543,0.27692368626594543,709412000
22/10/2012,0.27806707411800946,0.27966780951575665,0.27143555729311625,0.2737222909927368,0.2737222909927368,480840000
23/10/2012,0.27120677132797305,0.28378382922003237,0.27052074602331444,0.28195443749427795,0.28195443749427795,573948000
24/10/2012,0.2837839021721345,0.2849272688871547,0.27555165091998435,0.27829572558403015,0.27829572558403015,332916000
25/10/2012,0.2805823278151191,0.28355508533612683,0.27738091341403376,0.2785242795944214,0.2785242795944214,307356000
26/10/2012,0.2789817168701704,0.2805824246229968,0.27555161714553833,0.27555161714553833,0.27555161714553833,389376000
31/10/2012,0.2766949161180778,0.27898164870913605,0.2732648172314904,0.27395081520080566,0.27395081520080566,347112000
01/11/2012,0.2753228997642194,0.28721393251868976,0.27509421557278496,0.28698524832725525,0.28698524832725525,473220000
02/11/2012,0.28995798774275894,0.29041532883601157,0.2837838148338377,0.28561317920684814,0.28561317920684814,256700000
05/11/2012,0.28492723276799875,0.2988763158269768,0.28492723276799875,0.297732949256897,0.297732949256897,444840000
06/11/2012,0.29841892852914076,0.29841892852914076,0.29247343909652024,0.2975042462348938,0.2975042462348938,350804000
07/11/2012,0.29521748599921677,0.29704687767891824,0.28698523707056256,0.28835728764533997,0.28835728764533997,324620000
08/11/2012,0.29155864777447743,0.29910486999569924,0.28927191542016784,0.2899579405784607,0.2899579405784607,839024000
09/11/2012,0.2915585721748134,0.29498866981687083,0.2778381816065835,0.278752863407135,0.278752863407135,846280000
12/11/2012,0.279210350155376,0.28035371663330927,0.2698347341323202,0.2725788354873657,0.2725788354873657,643624000
13/11/2012,0.2712067421364116,0.27738094195376833,0.27029206000198985,0.27052071690559387,0.27052071690559387,492120000
14/11/2012,0.27212150294468024,0.2748655771264057,0.2636605689326821,0.26388925313949585,0.26388925313949585,619300000
15/11/2012,0.26548984097580464,0.2723500369637076,0.26320310897983695,0.26503250002861023,0.26503250002861023,466688000
16/11/2012,0.26503257140883363,0.26594725354957033,0.254970931560715,0.2602304220199585,0.2602304220199585,624552000
19/11/2012,0.26503260501607667,0.2684627043687947,0.26183116259753597,0.26754799485206604,0.26754799485206604,404092000
20/11/2012,0.2665122797572964,0.2676630225351344,0.2616791491160282,0.26444095373153687,0.26444095373153687,336976000
21/11/2012,0.2644409590034662,0.2727262907075539,0.26421079946896137,0.2720358669757843,0.2720358669757843,422312000
23/11/2012,0.27318660330161876,0.27709912324436126,0.2718057009990641,0.2738770544528961,0.2738770544528961,276932000
26/11/2012,0.2743375211377005,0.2794007870849619,0.2738772292217475,0.27871033549308777,0.27871033549308777,364600000
27/11/2012,0.2775594576540342,0.28400362366624293,0.27525797175223654,0.2798609435558319,0.2798609435558319,451404000
28/11/2012,0.27871019906855543,0.28354333041003854,0.2752579702348892,0.2821624279022217,0.2821624279022217,398332000
29/11/2012,0.2826227752902208,0.28400365050024534,0.2761786086691369,0.2770991921424866,0.2770991921424866,488688000
30/11/2012,0.2768690133129017,0.27894036713779063,0.27387710351452343,0.27548813819885254,0.27548813819885254,460504000
03/12/2012,0.2789404241785455,0.2789404241785455,0.2697344784588459,0.27042490243911743,0.27042490243911743,391380000
04/12/2012,0.27088526036651694,0.27894046402184325,0.26927419768674266,0.2784801721572876,0.2784801721572876,528068000
05/12/2012,0.2761786754016935,0.27801984279327085,0.2713455424090897,0.27525806427001953,0.27525806427001953,633024000
06/12/2012,0.2745674693909674,0.2775594059936088,0.27364688617594124,0.27571821212768555,0.27571821212768555,412896000
07/12/2012,0.27594851575980367,0.277329418739372,0.27203599389887384,0.27525806427001953,0.27525806427001953,338288000
10/12/2012,0.2752579975799411,0.2865352960184344,0.27456754625744095,0.28446394205093384,0.28446394205093384,513644000
11/12/2012,0.2853845756079569,0.2948206804139343,0.28469412423066176,0.29113829135894775,0.29113829135894775,816724000
12/12/2012,0.29205883495954704,0.2936698695109655,0.2869955443181256,0.2881462872028351,0.2881462872028351,399404000
13/12/2012,0.2876859993115735,0.2939000054833796,0.28561467306626315,0.28837645053863525,0.28837645053863525,377556000
14/12/2012,0.2895271494583448,0.29274921811402393,0.28745579609180477,0.28975728154182434,0.28975728154182434,338660000
17/12/2012,0.28906708228213174,0.2906781178607511,0.28423394811038166,0.28860676288604736,0.28860676288604736,445232000
18/12/2012,0.2886066511305206,0.2922890402579329,0.2876860675666082,0.28906697034835815,0.28906697034835815,416436000
19/12/2012,0.29113829135894775,0.2945905208095423,0.28998754820874956,0.29113829135894775,0.29113829135894775,458544000
20/12/2012,0.29228897325012554,0.2925191328062798,0.2876860016140409,0.2909080982208252,0.2909080982208252,334332000
21/12/2012,0.2869955863581379,0.2869955863581379,0.28101171150676185,0.28423380851745605,0.28423380851745605,462172000
24/12/2012,0.2840036206842628,0.2849242314968414,0.2810116835561654,0.2819322943687439,0.2819322943687439,127376000
26/12/2012,0.2812420178725169,0.28584499248791406,0.2805515661930288,0.28170230984687805,0.28170230984687805,196740000
27/12/2012,0.28216242945762954,0.28262274858668995,0.2766388742676656,0.2798609435558319,0.2798609435558319,299804000
28/12/2012,0.27732942877795524,0.28285298602439596,0.2768691094775133,0.2784801721572876,0.2784801721572876,220600000
31/12/2012,0.277559456124,0.2833131708467771,0.2768690048700916,0.2821624279022217,0.2821624279022217,326460000
02/01/2013,0.2890670717265827,0.29297959439918664,0.2879163281501762,0.29274943470954895,0.29274943470954895,478836000
03/01/2013,0.29274928945829604,0.2962015184746486,0.2895272200173846,0.2929794490337372,0.2929794490337372,298888000
04/01/2013,0.29343982827252957,0.3035663862024544,0.292519244567939,0.30264580249786377,0.30264580249786377,524968000
07/01/2013,0.30241553259419224,0.3033361159631416,0.2918286866718969,0.2939000129699707,0.2939000129699707,610732000
08/01/2013,0.2945905352602843,0.29551114628713065,0.2853845896071136,0.2874559164047241,0.2874559164047241,466424000
09/01/2013,0.2897575066328995,0.2911384099499807,0.2791706818002143,0.2810118496417999,0.2810118496417999,695020000
10/01/2013,0.283543323776859,0.2849242262523712,0.2798609354660766,0.28147199749946594,0.28147199749946594,506368000
11/01/2013,0.2826229126570253,0.28285304491927754,0.2782500704435295,0.2810118496417999,0.2810118496417999,513172000
14/01/2013,0.28285277343910625,0.28285277343910625,0.27755935238540724,0.28078144788742065,0.28078144788742065,305684000
15/01/2013,0.2794005998595321,0.2794005998595321,0.27410717778345434,0.27571821212768555,0.27571821212768555,375888000
16/01/2013,0.2752579526602079,0.28055137535436336,0.2752579526602079,0.2782498896121979,0.2782498896121979,337376000
17/01/2013,0.27917051680276,0.2830830373075602,0.2784800655522951,0.2819322943687439,0.2819322943687439,580736000
18/01/2013,0.28193233112326566,0.28193233112326566,0.27663890742745073,0.28009113669395447,0.28009113669395447,397088000
22/01/2013,0.2798610790009149,0.2823927256924903,0.2773294597452288,0.27871033549308777,0.27871033549308777,308224000
23/01/2013,0.27963083468686994,0.27986096683466644,0.276178605547017,0.27917054295539856,0.27917054295539856,421808000
24/01/2013,0.27824985867003144,0.2817020868993822,0.2768689564039427,0.28055134415626526,0.28055134415626526,396980000
25/01/2013,0.28101169967019957,0.28584483126472415,0.2796308245259621,0.2856146991252899,0.2856146991252899,393920000
28/01/2013,0.2869956004514719,0.29205889208322044,0.2863051490984262,0.29021769762039185,0.29021769762039185,422492000
29/01/2013,0.2890668758306021,0.2897572995598441,0.28285284278044454,0.2840035855770111,0.2840035855770111,388872000
30/01/2013,0.28423391910945395,0.28814644152572516,0.2826228836952116,0.2835434675216675,0.2835434675216675,287592000
31/01/2013,0.28354333041003854,0.2867654271163193,0.2803212611396338,0.2821624279022217,0.2821624279022217,470544000
01/02/2013,0.28446397557580516,0.28561474620617944,0.2821624891868204,0.2846941351890564,0.2846941351890564,288816000
04/02/2013,0.2830830402798743,0.28883675503436845,0.2796308114271778,0.2798609435558319,0.2798609435558319,511744000
05/02/2013,0.28124186567827625,0.28791619172032146,0.2803212822277284,0.28630512952804565,0.28630512952804565,367296000
06/02/2013,0.2794006143907447,0.2863050711701443,0.27778957996272596,0.2840035855770111,0.2840035855770111,530688000
07/02/2013,0.2830830476778449,0.2853845336397886,0.28009111044014273,0.2828528881072998,0.2828528881072998,440000000
08/02/2013,0.2846941351890564,0.28699562157804115,0.2828529405906922,0.2846941351890564,0.2846941351890564,307232000
11/02/2013,0.2869955429045992,0.2909080906420409,0.2842337654820737,0.2879161536693573,0.2879161536693573,408308000
12/02/2013,0.28538463388325036,0.28929715590568156,0.284924342016356,0.28607508540153503,0.28607508540153503,277804000
13/02/2013,0.28630517017416934,0.29159859435601065,0.28377355160781526,0.2846941351890564,0.2846941351890564,856396000
14/02/2013,0.28078156768878265,0.29320960860917833,0.2773293386724301,0.2929794490337372,0.2929794490337372,882096000
15/02/2013,0.2922889977432912,0.29436035161462915,0.2865352827160369,0.2929794490337372,0.2929794490337372,733860000
19/02/2013,0.2932096512577267,0.2934397834307641,0.287225775784652,0.28906697034835815,0.28906697034835815,433552000
20/02/2013,0.2899875631595984,0.29459053599770596,0.2840036874957057,0.28492429852485657,0.28492429852485657,713012000
21/02/2013,0.28446392279348504,0.28768601960173235,0.28216243683154135,0.2828528881072998,0.2828528881072998,580408000
22/02/2013,0.2846940585487065,0.28837644675412677,0.2830830239972881,0.2881462872028351,0.2881462872028351,370148000
25/02/2013,0.28883670560836866,0.29113819111633404,0.2826227002240364,0.2830829918384552,0.2830829918384552,644444000
26/02/2013,0.28366197892801265,0.2880616187882394,0.28273572007035586,0.2864407002925873,0.2864407002925873,487504000
27/02/2013,0.28644071473542304,0.2938506755535089,0.2857460274582026,0.29176661372184753,0.29176661372184753,476980000
28/02/2013,0.29084033292638556,0.29755557772024926,0.2896825301961198,0.2931559383869171,0.2931559383869171,591392000
01/03/2013,0.2910718942117164,0.2952399898092706,0.2885247446162416,0.2943137586116791,0.2943137586116791,389396000
04/03/2013,0.2922296796401878,0.29593465941871605,0.28991407417965626,0.2931559383869171,0.2931559383869171,353680000
05/03/2013,0.2947767385504003,0.29686077158798035,0.29338736478922467,0.2963976562023163,0.2963976562023163,366168000
06/03/2013,0.29825021508922217,0.30102893565714023,0.29477680747827706,0.29616618156433105,0.29616618156433105,342928000
07/03/2013,0.29778712449941536,0.30079741686815864,0.29385060106530136,0.29547151923179626,0.29547151923179626,314824000
08/03/2013,0.29616633311417967,0.2982503677054821,0.2947769583171754,0.2968609929084778,0.2968609929084778,246464000
11/03/2013,0.2938505910057619,0.2952399375562558,0.29153495821322284,0.2940821349620819,0.2940821349620819,299748000
12/03/2013,0.29361913564664316,0.29593474175140483,0.29084041384176956,0.29500851035118103,0.29500851035118103,310856000
13/03/2013,0.29500851035118103,0.3001028382608163,0.2922297609421053,0.29500851035118103,0.29500851035118103,485840000
14/03/2013,0.29686087339464406,0.2977871320878105,0.2933874654047039,0.29523995518684387,0.29523995518684387,383304000
15/03/2013,0.29523995963213734,0.29523995963213734,0.2915349800120731,0.29269281029701233,0.29269281029701233,355776000
18/03/2013,0.29084021598009013,0.2933873643999546,0.2885246114506588,0.29060864448547363,0.29060864448547363,298312000
19/03/2013,0.29084046275405134,0.2922298100880414,0.28667236554366743,0.288756400346756,0.288756400346756,355480000
20/03/2013,0.29153502477348353,0.29315597085875766,0.28898787504727685,0.29222971200942993,0.29222971200942993,340588000
21/03/2013,0.2906088437933143,0.29107195949598186,0.2871354346170041,0.28759855031967163,0.28759855031967163,339032000
22/03/2013,0.2885246998531506,0.29014561799955696,0.28736689723369013,0.28898781538009644,0.28898781538009644,232476000
25/03/2013,0.2906087632949641,0.2908403348842539,0.28528286517904994,0.28736692667007446,0.28736692667007446,362076000
26/03/2013,0.2880615988839395,0.2896825448717863,0.28690379609501804,0.2894509732723236,0.2894509732723236,232540000
27/03/2013,0.2882932219639281,0.2945453526197078,0.2875985346456857,0.2929244339466095,0.2929244339466095,254944000
28/03/2013,0.2922296556348028,0.29732400931284897,0.29014562193319643,0.2970924377441406,0.2970924377441406,349276000
01/04/2013,0.29639777698526326,0.29639777698526326,0.28528286517904994,0.28736692667007446,0.28736692667007446,442828000
02/04/2013,0.2875985206814511,0.2882932079659632,0.28250419326869475,0.2843566834926605,0.2843566834926605,371524000
03/04/2013,0.2838935179435655,0.28551446401489133,0.2787991909307912,0.280883252620697,0.280883252620697,353156000
04/04/2013,0.27995701097322334,0.28458822265184885,0.27903077967917783,0.28366199135780334,0.28366199135780334,294676000
05/04/2013,0.2794937818196035,0.28852465748786926,0.27879909482909265,0.28852465748786926,0.28852465748786926,551352000
08/04/2013,0.2887562261525726,0.2887562261525726,0.28250409791073966,0.2878299951553345,0.2878299951553345,326660000
09/04/2013,0.288061696805342,0.29454540014815994,0.2859776621185316,0.2924613654613495,0.2924613654613495,380584000
10/04/2013,0.29269279877221954,0.2975555532773651,0.29199811167028666,0.2970924377441406,0.2970924377441406,384688000
11/04/2013,0.2929243327654758,0.297555543148457,0.2848197145952586,0.29570305347442627,0.29570305347442627,969220000
12/04/2013,0.29709234130873885,0.3063547593834409,0.29454516529652247,0.3031129240989685,0.3031129240989685,770548000
15/04/2013,0.30218689282472216,0.303113151890793,0.2950085299847441,0.2968609929084778,0.2968609929084778,430420000
16/04/2013,0.299639684489574,0.30218683431865895,0.29801873833883064,0.3001028001308441,0.3001028001308441,468844000
17/04/2013,0.29778709959526745,0.30056582016318556,0.2943136919843224,0.29616618156433105,0.29616618156433105,532948000
18/04/2013,0.29686093114893075,0.2987134212914727,0.2903772294521332,0.2903772294521332,0.2903772294521332,402548000
19/04/2013,0.2901455417648506,0.2919980309900908,0.2864405633143701,0.2910717725753784,0.2910717725753784,303028000
22/04/2013,0.2908402710605656,0.2940821069740478,0.2885246660925958,0.2915349304676056,0.2915349304676056,245568000
23/04/2013,0.29408213091871444,0.30218674896650044,0.2936190154082506,0.29917648434638977,0.29917648434638977,376948000
24/04/2013,0.3001027032580617,0.31191230012141885,0.29987113171007834,0.3093651235103607,0.3093651235103607,556556000
25/04/2013,0.31098597808318784,0.3126068956319081,0.30820723073774553,0.3119122087955475,0.3119122087955475,353224000
26/04/2013,0.3114492322668633,0.31191234782947536,0.30890205526620573,0.31052297353744507,0.31052297353744507,324332000
29/04/2013,0.31098610226013085,0.3153857413068903,0.3095967280326317,0.3142279386520386,0.3142279386520386,269712000
30/04/2013,0.31492266574338795,0.31885918974876404,0.3128386041375797,0.31885918974876404,0.31885918974876404,276712000
01/05/2013,0.31885914199674503,0.32094320329044634,0.31492261858089865,0.3160804212093353,0.3160804212093353,341316000
02/05/2013,0.3158488649158483,0.3207116472321146,0.31399637509992806,0.3197854161262512,0.3197854161262512,323480000
03/05/2013,0.32186954734237766,0.3234904660703669,0.32001705696573207,0.32117486000061035,0.32117486000061035,293864000
06/05/2013,0.3211747454697617,0.32302723518580984,0.3183960246977855,0.3202485144138336,0.3202485144138336,217116000
07/05/2013,0.3202485161925459,0.32094320329044634,0.3130701288545615,0.3160804212093353,0.3160804212093353,448068000
08/05/2013,0.31654353533811547,0.3237219226443117,0.31538573271480586,0.321869432926178,0.321869432926178,334032000
09/05/2013,0.31608055865517626,0.32349049317850087,0.3156174429232568,0.3221011459827423,0.3221011459827423,566800000
10/05/2013,0.32881636520477603,0.3380788170782329,0.32881636520477603,0.33668944239616394,0.33668944239616394,861136000
13/05/2013,0.3343737619544264,0.33576313632745824,0.3283531764768828,0.32974255084991455,0.32974255084991455,289812000
14/05/2013,0.3336790179589015,0.3373839972534147,0.3304371817793455,0.33460527658462524,0.33460527658462524,454140000
15/05/2013,0.33298441719877875,0.3415521805875441,0.33298441719877875,0.34039437770843506,0.34039437770843506,313172000
16/05/2013,0.33993111255431274,0.3434045196638145,0.3376154802104589,0.33877331018447876,0.33877331018447876,308368000
17/05/2013,0.3403943825439293,0.3466465126590935,0.3378472051320261,0.34433090686798096,0.34433090686798096,312116000
20/05/2013,0.34294149774273425,0.34502555930693574,0.34178369496402083,0.3436361849308014,0.3436361849308014,236380000
21/05/2013,0.34561448477730405,0.3486400687598411,0.3416579646821781,0.34724363684654236,0.34724363684654236,357784000
22/05/2013,0.3486399781408673,0.3486399781408673,0.3337448100001092,0.33514124155044556,0.33514124155044556,480404000
23/05/2013,0.3311846594475986,0.34165783947026224,0.33025372367618216,0.34049415588378906,0.34049415588378906,393884000
24/05/2013,0.3386324264004701,0.3414252628595652,0.33467587802696475,0.3383996784687042,0.3383996784687042,283304000
28/05/2013,0.3409597564181431,0.34189069255173543,0.33490858831654463,0.33816689252853394,0.33816689252853394,279300000
29/05/2013,0.33607223629951477,0.3381668562475798,0.3346758045045294,0.33607223629951477,0.33607223629951477,335052000
30/05/2013,0.33560667372283975,0.34398520664320853,0.3346757102070181,0.34049415588378906,0.34049415588378906,284504000
31/05/2013,0.33863228494688546,0.3435197397726079,0.3367703855037689,0.3367703855037689,0.3367703855037689,577508000
03/06/2013,0.3372358687242964,0.3397959840427505,0.3293228026682438,0.3363049328327179,0.3363049328327179,444468000
04/06/2013,0.33839953711234305,0.3444507033663699,0.33467573822611,0.3367703855037689,0.3367703855037689,363676000
05/06/2013,0.3363050754705508,0.33886516413041234,0.3286247262577045,0.3295556902885437,0.3295556902885437,464520000
06/06/2013,0.32955560731896677,0.33421034306801556,0.32932285943374895,0.3316502273082733,0.3316502273082733,341044000
07/06/2013,0.333977537614954,0.338399552460974,0.3325811337775862,0.3363049328327179,0.3363049328327179,274584000
10/06/2013,0.3353740204020221,0.3381668562475798,0.3335121205901792,0.33607223629951477,0.33607223629951477,224148000
11/06/2013,0.33165016919260915,0.3363049318704089,0.32978829741477966,0.32978829741477966,0.32978829741477966,296336000
12/06/2013,0.3314175680061499,0.33421040441938044,0.32513365139585787,0.3269955515861511,0.3269955515861511,312588000
13/06/2013,0.3258318089790543,0.3360722443162612,0.3255990888372807,0.3344430923461914,0.3344430923461914,236256000
14/06/2013,0.33560672975677264,0.3360721977201968,0.3316501827066425,0.3339775502681732,0.3339775502681732,236012000
17/06/2013,0.3365376819284204,0.3402614813043827,0.3346757822404392,0.3372358977794647,0.3372358977794647,255336000
18/06/2013,0.338865012777329,0.34258881174862055,0.33234837844977283,0.33514124155044556,0.33514124155044556,486772000
19/06/2013,0.3381668847798929,0.36027690876245816,0.3370032007673586,0.3453817367553711,0.3453817367553711,1159588000
20/06/2013,0.3425888717687582,0.34305433978561567,0.33374486847081447,0.33607223629951477,0.33607223629951477,628696000
21/06/2013,0.33793415156358425,0.3390978355311445,0.330021083937526,0.33560678362846375,0.33560678362846375,714228000
24/06/2013,0.33071934360474975,0.33490861199088245,0.3237372388760013,0.3286246955394745,0.3286246955394745,580772000
25/06/2013,0.332115732271168,0.3328139204573192,0.32746096864886887,0.3309520483016968,0.3309520483016968,457360000
26/06/2013,0.3346758201629774,0.335141315946027,0.3276937163502054,0.3290901482105255,0.3290901482105255,579752000
27/06/2013,0.33002107669102787,0.3304865447189485,0.3225735050110566,0.3260645568370819,0.3260645568370819,808036000
28/06/2013,0.32606454974707516,0.33002106951498983,0.3218752820980542,0.32676276564598083,0.32676276564598083,431536000
01/07/2013,0.3290901769691412,0.3297883929603172,0.32606459283699,0.3281592130661011,0.3281592130661011,199524000
02/07/2013,0.32629733652126397,0.3328139733345437,0.3249009321826875,0.32792651653289795,0.32792651653289795,256392000
03/07/2013,0.3251335629032863,0.332813881757609,0.3251335629032863,0.3288573622703552,0.3288573622703552,140388000
05/07/2013,0.3297883490399149,0.33211571687093705,0.3276937013453471,0.3314175009727478,0.3314175009727478,184684000
08/07/2013,0.33234838498149954,0.3339775366593047,0.32792639789254147,0.32978829741477966,0.32978829741477966,262084000
09/07/2013,0.3304865371936911,0.33351212092290256,0.3295556011590475,0.3314175009727478,0.3314175009727478,157364000
10/07/2013,0.33141749249362396,0.33677044391690536,0.3304865287383854,0.33583948016166687,0.33583948016166687,208468000
11/07/2013,0.3377012930807293,0.3409596237694973,0.33700307737996443,0.34049415588378906,0.34049415588378906,239832000
12/07/2013,0.3397959464307812,0.3439852129679928,0.33863226282291164,0.3407268822193146,0.3407268822193146,216360000
15/07/2013,0.34142522456483654,0.34142522456483654,0.3346758404892564,0.3400287926197052,0.3400287926197052,201332000
16/07/2013,0.34142525440561156,0.3437526226879665,0.33979610215684675,0.34189072251319885,0.34189072251319885,162560000
17/07/2013,0.34189069263174166,0.3430543766712124,0.33909785648589497,0.3400287926197052,0.3400287926197052,166100000
18/07/2013,0.3395633110988326,0.3407269950921966,0.33421035918047515,0.33863237500190735,0.33863237500190735,344488000
19/07/2013,0.33653770465211397,0.3381668565849469,0.32792644922621456,0.3314175009727478,0.3314175009727478,480532000
22/07/2013,0.3339776707745378,0.3370032552451061,0.3297884298477416,0.33118483424186707,0.33118483424186707,292384000
23/07/2013,0.3353739674821168,0.3353739674821168,0.3290900808850664,0.3307192325592041,0.3307192325592041,246792000
24/07/2013,0.3337448158079791,0.3346757516947982,0.3302537646157946,0.3307192325592041,0.3307192325592041,284252000
25/07/2013,0.3304864328812132,0.33630487836668727,0.32815906578478526,0.33188286423683167,0.33188286423683167,243320000
26/07/2013,0.32792641849610876,0.3325811537219562,0.32792641849610876,0.3304865062236786,0.3304865062236786,227360000
29/07/2013,0.32978829741477966,0.3339775366593047,0.3288573337814562,0.32978829741477966,0.32978829741477966,179540000
30/07/2013,0.33095209843912876,0.3397961034958111,0.33071935051220874,0.3353740870952606,0.3353740870952606,266076000
31/07/2013,0.33374486847081447,0.33933054016193,0.3335121205901792,0.33607223629951477,0.33607223629951477,270160000
01/08/2013,0.33723583139570584,0.3414250979329174,0.3332793126778305,0.3407268822193146,0.3407268822193146,277648000
02/08/2013,0.34002884362674646,0.34421811234614824,0.33770147519868104,0.3435198962688446,0.3435198962688446,209628000
05/08/2013,0.3425888945403414,0.3463126944115448,0.3407269946047397,0.3451490104198456,0.3451490104198456,185188000
06/08/2013,0.345381744750154,0.3460799607227197,0.33933057664713956,0.3400287926197052,0.3400287926197052,206608000
07/08/2013,0.33816694578185635,0.34328717855617835,0.3379342255840183,0.33979612588882446,0.33979612588882446,244380000
08/08/2013,0.34165798077051146,0.3437526009946778,0.33770143274466025,0.34212344884872437,0.34212344884872437,345696000
09/08/2013,0.3286246151906032,0.34235610111310455,0.3283918950698625,0.3372358977794647,0.3372358977794647,906224000
12/08/2013,0.3235044410948364,0.33933054825640074,0.30511821816286694,0.3344430923461914,0.3344430923461914,257568000
13/08/2013,0.33490856769904476,0.33700318774288746,0.33281391991078774,0.33560678362846375,0.33560678362846375,197468000
14/08/2013,0.33490854550017274,0.3518983358492944,0.3346757976243223,0.34980371594429016,0.34980371594429016,828508000
15/08/2013,0.3460799309267986,0.3549239344142309,0.3446834991018937,0.35213109850883484,0.35213109850883484,723616000
16/08/2013,0.3514328092219647,0.35841491139989323,0.35073459345529023,0.3535274565219879,0.3535274565219879,660456000
19/08/2013,0.3514328675212143,0.3525965514105794,0.3477090679774809,0.3479418158531189,0.3479418158531189,393432000
20/08/2013,0.3478248124948857,0.35203520186615217,0.3473569976501443,0.3496960997581482,0.3496960997581482,234192000
21/08/2013,0.34759094716403355,0.35203525861626767,0.3466553173237217,0.3480587899684906,0.3480587899684906,261540000
22/08/2013,0.3478249873146261,0.3532049304438987,0.3478249873146261,0.34993019700050354,0.34993019700050354,129016000
23/08/2013,0.35039801208037274,0.3532049304438987,0.3492284604385444,0.34993019700050354,0.34993019700050354,245120000
26/08/2013,0.35016398833091344,0.35156746104493963,0.349228358444431,0.35063180327415466,0.35063180327415466,300152000
27/08/2013,0.34735708329044246,0.3496961859751482,0.34501798060573674,0.3461875319480896,0.3461875319480896,277464000
28/08/2013,0.34688926833036204,0.3494622645529562,0.34478405918354477,0.3461875319480896,0.3461875319480896,318824000
29/08/2013,0.34501793196637454,0.34876050688801064,0.3440822742938157,0.34548574686050415,0.34548574686050415,276216000
30/08/2013,0.3457195865164607,0.3466552160835231,0.3433804847145115,0.34501785039901733,0.34501785039901733,378120000
03/09/2013,0.34595362444723854,0.3501640150259977,0.34314670668950065,0.3452518880367279,0.3452518880367279,284680000
04/09/2013,0.34525195497641975,0.3506318979876934,0.34478413990681117,0.3485267162322998,0.3485267162322998,222080000
05/09/2013,0.34712310880491315,0.3508656836820511,0.34688921530277905,0.34946221113204956,0.34946221113204956,174904000
06/09/2013,0.3496961561311869,0.3515674436961117,0.3454857660811813,0.3480587899684906,0.3480587899684906,226756000
09/09/2013,0.35086573283693523,0.3539065718650818,0.34993010292872234,0.3539065718650818,0.3539065718650818,246408000
10/09/2013,0.356479565131274,0.36162558495031927,0.35484217110695443,0.36139166355133057,0.36139166355133057,292132000
11/09/2013,0.360923900296857,0.36840905152424047,0.35835087607690586,0.36747339367866516,0.36747339367866516,396164000
12/09/2013,0.36560211077194016,0.3719177106902302,0.36560211077194016,0.36723950505256653,0.36723950505256653,303808000
13/09/2013,0.3684089594214912,0.3712158764878745,0.3658359358447995,0.3695785105228424,0.3695785105228424,159696000
16/09/2013,0.3726193740912341,0.37519236995714095,0.3684089842655778,0.3698124289512634,0.3698124289512634,231412000
17/09/2013,0.37121591268784687,0.37402283002795317,0.36957854656314326,0.37098199129104614,0.37098199129104614,168608000
18/09/2013,0.37121598019670793,0.37519244947537245,0.3693446923348936,0.37425681948661804,0.37425681948661804,268168000
19/09/2013,0.3758940927184316,0.3765958289781776,0.3709819667845083,0.3726193606853485,0.3726193606853485,227572000
20/09/2013,0.3735551022379542,0.37589420521427747,0.36864297483395253,0.36934471130371094,0.36934471130371094,356036000
23/09/2013,0.36911069686789416,0.3721515355479434,0.36373075580077624,0.365835964679718,0.365835964679718,271244000
24/09/2013,0.36606995364315065,0.36864295001328257,0.3639647443756189,0.36723950505256653,0.36723950505256653,229732000
25/09/2013,0.36653779043043183,0.37051425988209136,0.36490039605241903,0.36770734190940857,0.36770734190940857,233156000
26/09/2013,0.3686429909891728,0.36934472748968367,0.3644325998704155,0.36653780937194824,0.36653780937194824,148816000
27/09/2013,0.36373083686909785,0.36677167622688933,0.3623273918546368,0.36443257331848145,0.36443257331848145,151920000
30/09/2013,0.3606899742060228,0.36653773064712125,0.35858476515664595,0.363964706659317,0.363964706659317,226640000
01/10/2013,0.3644324947266239,0.36606988871684143,0.3616255774187228,0.3637307584285736,0.3637307584285736,226976000
02/10/2013,0.3599883046933498,0.3649004042852947,0.3599883046933498,0.36349695920944214,0.36349695920944214,162036000
03/10/2013,0.36373076271376076,0.3670055228484762,0.3581169280318207,0.3597542941570282,0.3597542941570282,436768000
04/10/2013,0.3592865788878477,0.36770736113037783,0.3583509209251731,0.36466652154922485,0.36466652154922485,246228000
07/10/2013,0.3632630485473671,0.3672395460911947,0.3613917605063261,0.36466652154922485,0.36466652154922485,169952000
08/10/2013,0.36373088291941325,0.36887693227687346,0.3588187829204418,0.36162570118904114,0.36162570118904114,290712000
09/10/2013,0.363964713963993,0.36419863538005254,0.35414048852263835,0.3560117483139038,0.3560117483139038,275860000
10/10/2013,0.3585847993566533,0.36092390215618453,0.35601177512344706,0.359988272190094,0.359988272190094,223484000
11/10/2013,0.3543743091108018,0.35881861991100744,0.35320475803984724,0.3569473326206207,0.3569473326206207,213704000
14/10/2013,0.3560117087735521,0.36232730746269226,0.3560117087735521,0.36232730746269226,0.36232730746269226,166628000
15/10/2013,0.3623273969769786,0.36443257847058486,0.36022218759906577,0.36045610904693604,0.36045610904693604,208820000
16/10/2013,0.36256127751555667,0.36630385324119,0.3620934625209289,0.3649003803730011,0.3649003803730011,210072000
17/10/2013,0.3620933926422487,0.36653770394429,0.3620933926422487,0.365602046251297,0.365602046251297,213324000
18/10/2013,0.3649003028406145,0.37098198013148465,0.3634968581549288,0.3698124289512634,0.3698124289512634,255068000
21/10/2013,0.374256846610488,0.374490740182475,0.36957864055905687,0.3707481920719147,0.3707481920719147,195008000
22/10/2013,0.3707480424799736,0.37098193595758766,0.36560199559231527,0.36887675523757935,0.36887675523757935,179452000
23/10/2013,0.36817520973533,0.36817520973533,0.3613917934536652,0.36256134510040283,0.36256134510040283,252216000
24/10/2013,0.3634969263893908,0.365836029188922,0.35928653577337366,0.359988272190094,0.359988272190094,236436000
25/10/2013,0.36185952669121285,0.3620934202190491,0.35531003387865745,0.35647958517074585,0.35647958517074585,330492000
28/10/2013,0.356011753222787,0.3576491473891757,0.35086573295724544,0.3557778596878052,0.3557778596878052,394024000
29/10/2013,0.355310007130488,0.3569473732392884,0.3520352470285871,0.35624563694000244,0.35624563694000244,387952000
30/10/2013,0.35741522104165563,0.3590525873011643,0.3529709093266433,0.3560117483139038,0.3560117483139038,204032000
31/10/2013,0.3564795740866865,0.35905257011869707,0.3546082865006688,0.35531002283096313,0.35531002283096313,293368000
01/11/2013,0.3571812261042334,0.3585846985430977,0.3543743091108018,0.3569473326206207,0.3569473326206207,206136000
04/11/2013,0.35811692783917454,0.35811692783917454,0.34595357289434675,0.34665530920028687,0.34665530920028687,410264000
05/11/2013,0.3445501656456563,0.34782489825052293,0.3408075901964057,0.3461875319480896,0.3461875319480896,422368000
06/11/2013,0.34618761299994694,0.34876063770925914,0.3426789581514176,0.3485267162322998,0.3485267162322998,198044000
07/11/2013,0.347356996752736,0.3482926264398017,0.3396379542394061,0.34033969044685364,0.34033969044685364,553076000
08/11/2013,0.35086572107753555,0.36513425794753673,0.349462248377951,0.363964706659317,0.363964706659317,734532000
11/11/2013,0.36256130394279246,0.3679412464839219,0.36185959534185574,0.3670056164264679,0.3670056164264679,297624000
12/11/2013,0.36864297193886725,0.3707481813316094,0.363496951008231,0.36770734190940857,0.36770734190940857,316032000
13/11/2013,0.36677167088675,0.3777654767036438,0.3660699623318893,0.3777654767036438,0.3777654767036438,332792000
14/11/2013,0.37659586904001935,0.38174188901842,0.37636194763378683,0.3794027864933014,0.3794027864933014,307980000
15/11/2013,0.3808063080196342,0.38127412300781843,0.37449070808407964,0.37823328375816345,0.37823328375816345,450332000
18/11/2013,0.3700465105598027,0.37332124412856127,0.36817522228437843,0.3691108524799347,0.3691108524799347,316948000
19/11/2013,0.36734692380098927,0.37063939140202584,0.3626433826364702,0.36311373114585876,0.36311373114585876,206716000
20/11/2013,0.36334887740091537,0.36428960241880937,0.3569991026802229,0.35770463943481445,0.35770463943481445,204776000
21/11/2013,0.3581749701757818,0.3612322772706216,0.3565287365201955,0.3605267405509949,0.3605267405509949,213568000
22/11/2013,0.3609971034451761,0.3609971034451761,0.3562935625067866,0.35699909925460815,0.35699909925460815,158668000
25/11/2013,0.35699910358046427,0.36523030032238546,0.35699910358046427,0.3647599518299103,0.3647599518299103,248208000
26/11/2013,0.3687579797219858,0.3718152871721517,0.36640620907344557,0.3678172826766968,0.3678172826766968,753176000
27/11/2013,0.3675820714553052,0.37040421848566496,0.36523030095354925,0.369228333234787,0.369228333234787,181272000
29/11/2013,0.36922840114246097,0.37016909830204797,0.3645248312385631,0.36687660217285156,0.36687660217285156,116964000
02/12/2013,0.3654655138683098,0.3729911743744675,0.36475997706313174,0.3704042434692383,0.3704042434692383,373872000
03/12/2013,0.37040417217120436,0.3753428727861789,0.36781721372861365,0.3701689839363098,0.3701689839363098,290560000
04/12/2013,0.36922846585340513,0.3760485915440078,0.3682877404936257,0.37534305453300476,0.37534305453300476,493176000
05/12/2013,0.37604845647575286,0.37604845647575286,0.36875795670618317,0.369228333234787,0.369228333234787,271812000
06/12/2013,0.37369667164532355,0.37369667164532355,0.3628785165379211,0.3638192415237427,0.3638192415237427,281000000
09/12/2013,0.36381925392752024,0.3649951391734009,0.3569991026802229,0.35770463943481445,0.35770463943481445,385220000
10/12/2013,0.3577046938923877,0.36758212585447925,0.35723434532949183,0.36593589186668396,0.36593589186668396,524268000
11/12/2013,0.36664138358108633,0.36711173208606424,0.3617026541905274,0.36240819096565247,0.36240819096565247,414156000
12/12/2013,0.3612322746638388,0.3631136965574951,0.35464731205369887,0.35535284876823425,0.35535284876823425,258724000
13/12/2013,0.35605843508354124,0.35864536601679153,0.3527659393021526,0.35323628783226013,0.35323628783226013,184588000
16/12/2013,0.3534713487122579,0.3567638152716151,0.3532361605143147,0.3537065088748932,0.3537065088748932,237620000
17/12/2013,0.35347142687457794,0.35629354569740534,0.35041411980180076,0.35535284876823425,0.35535284876823425,274104000
18/12/2013,0.35605837651277117,0.36099707731947234,0.35158999612349284,0.3602915406227112,0.3602915406227112,426232000
19/12/2013,0.3598213473371439,0.3621731186503023,0.35746957602398544,0.3617027699947357,0.3617027699947357,258544000
20/12/2013,0.3624082875845854,0.3692284408486418,0.36146756228851346,0.36899325251579285,0.36899325251579285,382080000
23/12/2013,0.37110981345176697,0.37416712142161396,0.36805253351724226,0.37110981345176697,0.37110981345176697,168568000
24/12/2013,0.37322631954533825,0.37322631954533825,0.3682875905148548,0.3720504343509674,0.3720504343509674,79600000
26/12/2013,0.3734615222765265,0.3746374075164836,0.3675820680414257,0.3685227930545807,0.3685227930545807,168920000
27/12/2013,0.3704042533440828,0.37134495041918697,0.36828764287212057,0.3706394135951996,0.3706394135951996,210976000
30/12/2013,0.3708745644778839,0.37581329371239236,0.3704042159877678,0.3755781054496765,0.3755781054496765,248180000
31/12/2013,0.3762836373976952,0.3786354078535615,0.373931866941829,0.3767539858818054,0.3767539858818054,235776000
02/01/2014,0.3744021882399982,0.37581326162518375,0.3696986476697973,0.3729911148548126,0.3729911148548126,260092000
03/01/2014,0.3736966825033286,0.37440221925436595,0.36734690781462365,0.3685227930545807,0.3685227930545807,259332000
06/01/2014,0.3722856014599277,0.3762836336230467,0.36875794581151566,0.37346151471138,0.37346151471138,409492000
07/01/2014,0.3772243758878994,0.3809872202455967,0.3746374449228861,0.3795761466026306,0.3795761466026306,333288000
08/01/2014,0.38098716477324773,0.38663143048797943,0.3795760913357362,0.38475000858306885,0.38475000858306885,308192000
09/01/2014,0.3788706010254216,0.3795761378305996,0.3692283581390475,0.3704042434692383,0.3704042434692383,292172000
10/01/2014,0.3715800455296259,0.3741669758551329,0.36664131703544933,0.3699337840080261,0.3699337840080261,218492000
13/01/2014,0.3699338255957868,0.3722855959935296,0.36052674400481544,0.36123228073120117,0.36123228073120117,243332000
14/01/2014,0.3631136932554674,0.3732263113110095,0.36146743159141737,0.37252077460289,0.37252077460289,241828000
15/01/2014,0.37416704518671284,0.37792988931144955,0.3725208113953843,0.3765188157558441,0.3765188157558441,175044000
16/01/2014,0.37651875149943825,0.3784001732407246,0.37487251798905463,0.37769463658332825,0.37769463658332825,220652000
17/01/2014,0.37769470933138743,0.3821630903320147,0.37369670488316525,0.3760484755039215,0.3760484755039215,340400000
21/01/2014,0.37651877132186434,0.379811266551282,0.37346149237104453,0.37745949625968933,0.37745949625968933,246076000
22/01/2014,0.3781650710744182,0.37863541957308666,0.3725208049844488,0.3769891858100891,0.3769891858100891,337940000
23/01/2014,0.37581329371239236,0.37981129793135293,0.3727559864736641,0.3755781054496765,0.3755781054496765,185028000
24/01/2014,0.372520855853185,0.3739319295771924,0.36593589186668396,0.36593589186668396,0.36593589186668396,246696000
27/01/2014,0.3659359919020927,0.3711098835789659,0.36146760924476723,0.3635842204093933,0.3635842204093933,233812000
28/01/2014,0.36287849084367396,0.36734687113047687,0.3614674174825125,0.3671116828918457,0.3671116828918457,167996000
29/01/2014,0.3657008035386917,0.3678174147033178,0.3633490320459923,0.3635842204093933,0.3635842204093933,162944000
30/01/2014,0.36570081817478334,0.3704043893837563,0.3645249323813723,0.3696988523006439,0.3696988523006439,202896000
31/01/2014,0.3645247641959593,0.37134491547224097,0.3642896039669732,0.369228333234787,0.369228333234787,335348000
03/02/2014,0.3718153021517676,0.37228565069336145,0.3628785677202099,0.36428964138031006,0.36428964138031006,431728000
04/02/2014,0.3640544613221514,0.36711176896460695,0.3621730390779235,0.36640623211860657,0.36640623211860657,280692000
05/02/2014,0.3638192679276,0.3649951532187297,0.36029158401889394,0.36311373114585876,0.36311373114585876,214676000
06/02/2014,0.3635840899022608,0.3687579797219858,0.3631137413796163,0.3678172826766968,0.3678172826766968,168380000
07/02/2014,0.36875793428031334,0.3736966632477803,0.3654654669922115,0.3732263147830963,0.3732263147830963,157248000
10/02/2014,0.37275602093461296,0.37934098451095943,0.3725208326501541,0.37440225481987,0.37440225481987,324372000
11/02/2014,0.3765187527456642,0.3831037148443058,0.3746373590334625,0.38216301798820496,0.38216301798820496,235384000
12/02/2014,0.38333897234138065,0.398625509279978,0.38333897234138065,0.3958033621311188,0.3958033621311188,744528000
13/02/2014,0.40568089453414846,0.4106196249035425,0.3986255814551982,0.4082678258419037,0.4082678258419037,902836000
14/02/2014,0.4045049284214182,0.4221432076042811,0.4042697401515201,0.42120251059532166,0.42120251059532166,817536000
18/02/2014,0.42143759768693956,0.4228486428616165,0.41743956627041384,0.4209672212600708,0.4209672212600708,428988000
19/02/2014,0.4209673653718228,0.4303744765999321,0.4190859431262009,0.42661163210868835,0.42661163210868835,450340000
20/02/2014,0.427552314854451,0.4426036642786054,0.4268468060669418,0.4416629672050476,0.4416629672050476,398088000
21/02/2014,0.44095739522900623,0.4466016613263465,0.4355483173989654,0.4383704364299774,0.4383704364299774,451052000
24/02/2014,0.43742982653986057,0.4480127960401033,0.4334318214468332,0.4447203278541565,0.4447203278541565,403112000
25/02/2014,0.44412963268153366,0.4460195498469057,0.43798740893455024,0.4427121877670288,0.4427121877670288,242184000
26/02/2014,0.44176735748247214,0.4483820551905263,0.44058616246895926,0.44200360774993896,0.44200360774993896,360884000
27/02/2014,0.44200353404326403,0.4464920630813603,0.4358613097324847,0.4370425045490265,0.4370425045490265,388848000
28/02/2014,0.4346800606694921,0.4389323671107515,0.42782911469137913,0.43420758843421936,0.43420758843421936,321692000
03/03/2014,0.4245217907250953,0.4320814311504364,0.42074195643147333,0.4320814311504364,0.4320814311504364,375948000
04/03/2014,0.4342075993300228,0.4394048503722451,0.4334988768783782,0.4365699887275696,0.4365699887275696,260344000
05/03/2014,0.4360974809971037,0.44058603767422816,0.4342075920403172,0.4403497874736786,0.4403497874736786,241472000
06/03/2014,0.4410585062504301,0.44342089558869613,0.4334988660003591,0.43420758843421936,0.43420758843421936,290144000
07/03/2014,0.43609737197308557,0.43680609423565175,0.43042765019634704,0.4337349832057953,0.4337349832057953,268452000
10/03/2014,0.43231774974566173,0.4342076671914511,0.42546680252491376,0.4273567199707031,0.4273567199707031,300888000
11/03/2014,0.4294828075037851,0.4353888093676246,0.42806539071246297,0.43160897493362427,0.43160897493362427,297220000
12/03/2014,0.42948282765604573,0.4353888297970076,0.427829160574291,0.43279018998146057,0.43279018998146057,239428000
13/03/2014,0.43373511315592533,0.4353888083180038,0.4169621366181027,0.41908830404281616,0.41908830404281616,385172000
14/03/2014,0.414835904740957,0.4247579326887623,0.414835904740957,0.4209780991077423,0.4209780991077423,460048000
17/03/2014,0.42215929358157384,0.42523040484591534,0.42050562695058924,0.4209780991077423,0.4209780991077423,299656000
18/03/2014,0.4226319120783963,0.43373513760475474,0.4207419947594212,0.4309002757072449,0.4309002757072449,293904000
19/03/2014,0.4342075948572043,0.446728264167606,0.43302637200869576,0.4384598731994629,0.4384598731994629,366168000
20/03/2014,0.43609750630212835,0.4424759804680597,0.43420761723567897,0.43869614601135254,0.43869614601135254,191800000
21/03/2014,0.44247600396086617,0.446019588391458,0.43562505716457856,0.43798744678497314,0.43798744678497314,566116000
24/03/2014,0.4382237689161763,0.4417673539282048,0.4294829033569778,0.43586137890815735,0.43586137890815735,306096000
25/03/2014,0.4405861589241953,0.44105863129341705,0.43255401599978455,0.43586137890815735,0.43586137890815735,304424000
26/03/2014,0.4398773780111309,0.44814574194374207,0.42215942713648613,0.42593926191329956,0.42593926191329956,557756000
27/03/2014,0.42499429826914414,0.4285378826530129,0.4155447117502555,0.42026951909065247,0.42026951909065247,540728000
28/03/2014,0.41956079841659966,0.4254667724155462,0.41837960361681037,0.42286813259124756,0.42286813259124756,398820000
31/03/2014,0.4235768478802925,0.4273566824399233,0.4207419860415218,0.4231043756008148,0.4231043756008148,273404000
01/04/2014,0.4365699447421018,0.4457832511995103,0.43137266606161473,0.44058600068092346,0.44058600068092346,656272000
02/04/2014,0.44058606555186125,0.4415310100900449,0.4358612865371342,0.4377512037754059,0.4377512037754059,239948000
03/04/2014,0.4386961106058109,0.4531066966268395,0.43845986041061946,0.44247594475746155,0.44247594475746155,599548000
04/04/2014,0.44483831088345127,0.44743695024754665,0.42688414184146595,0.42877405881881714,0.42877405881881714,368032000
07/04/2014,0.42901044105378594,0.4384600013075804,0.4266480509903373,0.43019163608551025,0.43019163608551025,428576000
08/04/2014,0.4301914572828501,0.4467282090156472,0.42948273492600314,0.4455470144748688,0.4455470144748688,470692000
09/04/2014,0.4476732277465113,0.45145306216963027,0.441531003849419,0.44507458806037903,0.44507458806037903,421968000
10/04/2014,0.4431846735520109,0.4493268689343613,0.4327901435664988,0.43420758843421936,0.43420758843421936,372748000
11/04/2014,0.43090031112995825,0.4375150082091879,0.4223956965763904,0.4280654489994049,0.4280654489994049,353112000
14/04/2014,0.4309002726757814,0.4344438570632153,0.42806541079821536,0.43279018998146057,0.43279018998146057,290184000
15/04/2014,0.4332627386345723,0.4382237689161763,0.4290104309877561,0.43586137890815735,0.43586137890815735,304636000
16/04/2014,0.43798751614134634,0.4384599885078612,0.43137281852440723,0.436806321144104,0.436806321144104,235136000
17/04/2014,0.4351525393417278,0.4424759576634447,0.4342075948572043,0.4384598731994629,0.4384598731994629,153532000
21/04/2014,0.43869624481495656,0.4431848027634518,0.4358613824149078,0.44200360774993896,0.44200360774993896,117004000
22/04/2014,0.4427121754983749,0.44861817703720636,0.44034978614760323,0.4457832872867584,0.4457832872867584,255120000
23/04/2014,0.4464920171542933,0.45216176858763507,0.4457832947048877,0.4509805738925934,0.4509805738925934,261580000
24/04/2014,0.45405164144683885,0.45972136416528975,0.45405164144683885,0.45499658584594727,0.45499658584594727,391492000
25/04/2014,0.4540516692457031,0.4583039756258347,0.44153097213859793,0.44247594475746155,0.44247594475746155,313600000
28/04/2014,0.4460195013802234,0.4483818905397538,0.4351524999816235,0.44058600068092346,0.44058600068092346,226788000
29/04/2014,0.4422398443945943,0.44318481733361786,0.43657011940809853,0.44153112173080444,0.44153112173080444,171300000
30/04/2014,0.440822272435599,0.441294744658248,0.435388771470382,0.43633371591567993,0.43633371591567993,305740000
01/05/2014,0.44294845273467204,0.4438933972678967,0.43515256176890366,0.43869614601135254,0.43869614601135254,198104000
02/05/2014,0.4408223651952573,0.4408223651952573,0.43279022307246223,0.43538886308670044,0.43538886308670044,156376000
05/05/2014,0.43491638339643823,0.44342099824791453,0.4344439110517804,0.4401136636734009,0.4401136636734009,239260000
06/05/2014,0.44436594228311355,0.448145748957174,0.4299553536531331,0.4311365485191345,0.4311365485191345,416188000
07/05/2014,0.4311365026698502,0.43515255915478557,0.4268841959720759,0.43160897493362427,0.43160897493362427,293900000
08/05/2014,0.4299553356497761,0.44389342322020614,0.4278291680828575,0.4370425045490265,0.4370425045490265,432728000
09/05/2014,0.42381310646077425,0.4278291631584089,0.4183796047348425,0.4264117181301117,0.4264117181301117,539532000
12/05/2014,0.42735669280481164,0.43987736340511563,0.4271204425783905,0.4389324188232422,0.4389324188232422,299856000
13/05/2014,0.43302641274090525,0.44011360968909297,0.4304278010830783,0.43184521794319153,0.43184521794319153,221104000
14/05/2014,0.43208146042363604,0.43373512747841675,0.4273566813174597,0.4275929033756256,0.4275929033756256,214320000
15/05/2014,0.426647918141425,0.42901030746927676,0.4209781668574394,0.425230473279953,0.425230473279953,325896000
16/05/2014,0.421923260249277,0.42735676289090246,0.421923260249277,0.4242856502532959,0.4242856502532959,283960000
19/05/2014,0.42877413853019664,0.4403498364053677,0.4268842212014999,0.43798744678497314,0.43798744678497314,360076000
20/05/2014,0.43810615091819805,0.43929278619316803,0.4307490291883541,0.43288496136665344,0.43288496136665344,256200000
21/05/2014,0.4345462450932881,0.4383434892898387,0.43027435244507284,0.43288496136665344,0.43288496136665344,216712000
22/05/2014,0.4319354813110611,0.43715666864868186,0.4319354813110611,0.434783399105072,0.434783399105072,130364000
23/05/2014,0.437156783852238,0.44095402743934,0.4345461753496539,0.4388180673122406,0.4388180673122406,182656000
27/05/2014,0.4414286608779417,0.44664984941482544,0.44000468750805927,0.44664984941482544,0.44664984941482544,209680000
28/05/2014,0.4483111508054149,0.4532950009022232,0.4440392590855718,0.45044708251953125,0.45044708251953125,224676000
29/05/2014,0.4502096937283472,0.45400693667398373,0.4487857488424389,0.44973504543304443,0.44973504543304443,171884000
30/05/2014,0.44973501988458253,0.4521082895178833,0.4473617502512817,0.4509216547012329,0.4509216547012329,239128000
02/06/2014,0.4523457375393988,0.45519365613195917,0.44570057529568285,0.4494978189468384,0.4494978189468384,181500000
03/06/2014,0.45044703104476486,0.4509216793390381,0.4416659102884778,0.4475991129875183,0.4475991129875183,243212000
04/06/2014,0.4464125507347908,0.45139640107291423,0.446175212403237,0.4480738341808319,0.4480738341808319,161236000
05/06/2014,0.4487858453961489,0.4513964257277691,0.4461752367729154,0.4499724805355072,0.4499724805355072,188696000
06/06/2014,0.45210842961010245,0.4556683351631409,0.45044714601034075,0.4516337811946869,0.4516337811946869,161052000
09/06/2014,0.45115902696588,0.4563802148941195,0.44807377055186326,0.45210832357406616,0.45210832357406616,247456000
10/06/2014,0.4504471372322246,0.4566176513872221,0.44854851531594736,0.45448169112205505,0.45448169112205505,217608000
11/06/2014,0.4528203696430142,0.46160149173415943,0.4528203696430142,0.460414856672287,0.460414856672287,266228000
12/06/2014,0.4604148481621237,0.46539869835490105,0.45638026639304213,0.46326276659965515,0.46326276659965515,337148000
13/06/2014,0.4680094103428823,0.46824674872004407,0.4592282864705382,0.46373751759529114,0.46373751759529114,227852000
16/06/2014,0.46160151478525246,0.4653987301978997,0.4582789194711216,0.4623134732246399,0.4623134732246399,198620000
17/06/2014,0.46278829673931593,0.46729750031363837,0.4604150257440679,0.4653988778591156,0.4653988778591156,157608000
18/06/2014,0.46421216982016367,0.4670601172027169,0.4599402770379514,0.464924156665802,0.464924156665802,215536000
19/06/2014,0.4563802772325359,0.45875354736878154,0.4509217502608485,0.45424434542655945,0.45424434542655945,474592000
20/06/2014,0.45543092658720324,0.4570922098276136,0.4457005088637008,0.449260413646698,0.449260413646698,353148000
23/06/2014,0.4433274769997503,0.4442767741348505,0.43810625788182855,0.4440394639968872,0.4440394639968872,414200000
24/06/2014,0.4433273103894157,0.44688721574560064,0.4352581746070954,0.4371567964553833,0.4371567964553833,275780000
25/06/2014,0.4383434399625541,0.4419033453868639,0.43430888613999236,0.44166600704193115,0.44166600704193115,215420000
26/06/2014,0.44166595692093064,0.4419032952389298,0.43430883685389027,0.43573278188705444,0.43573278188705444,256908000
27/06/2014,0.4352580590531584,0.4388179634642466,0.43264745116838493,0.4362073838710785,0.4362073838710785,302820000
30/06/2014,0.43454623815141097,0.4411914012434097,0.43454623815141097,0.44000476598739624,0.44000476598739624,180512000
01/07/2014,0.4395300221049107,0.4475991570686612,0.43810604879024595,0.44498854875564575,0.44498854875564575,321180000
02/07/2014,0.4433273673057556,0.44522598939779706,0.44071675839274654,0.4433273673057556,0.4433273673057556,179284000
03/07/2014,0.43929283810988284,0.4485486113234889,0.43929283810988284,0.4473619759082794,0.4473619759082794,136892000
07/07/2014,0.44807371103075266,0.4483110492970756,0.4430898337708029,0.4438018202781677,0.4438018202781677,127496000
08/07/2014,0.4426153223084576,0.44451394415094864,0.43597016000554556,0.44024205207824707,0.44024205207824707,221940000
09/07/2014,0.4440391413142165,0.45543084011520385,0.44071654717264364,0.45353221893310547,0.45353221893310547,387668000
10/07/2014,0.4449886349056585,0.45305777143159764,0.4414287292214071,0.45115914940834045,0.45115914940834045,266308000
11/07/2014,0.45163367526997306,0.4535322967779532,0.4499723920598434,0.45210832357406616,0.45210832357406616,191188000
14/07/2014,0.45400698944873336,0.4589908678577672,0.45234570607625896,0.45780423283576965,0.45780423283576965,272636000
15/07/2014,0.4585162738301828,0.46088954415535194,0.45543101674914005,0.45970290899276733,0.45970290899276733,395440000
16/07/2014,0.46160139631726227,0.46516130076701734,0.4566175187709629,0.4592280983924866,0.4592280983924866,319728000
17/07/2014,0.4540072020395325,0.4627883279474021,0.4540072020395325,0.4580417573451996,0.4580417573451996,324832000
18/07/2014,0.4485485738737982,0.4521084798222072,0.43691953080069157,0.4376315176486969,0.4376315176486969,567816000
21/07/2014,0.43597016000554556,0.44332730903584333,0.43597016000554556,0.44024205207824707,0.44024205207824707,243364000
22/07/2014,0.4435646244370466,0.4459378946958989,0.4373941387389985,0.43834343552589417,0.43834343552589417,298816000
23/07/2014,0.4385806866903837,0.4388179966941302,0.42861293095123515,0.4290875792503357,0.4290875792503357,297352000
24/07/2014,0.43146080997209496,0.43264744475820965,0.42671427082763613,0.42979952692985535,0.42979952692985535,254576000
25/07/2014,0.4283757561634472,0.42932508141560555,0.42149328247048623,0.42220526933670044,0.42220526933670044,266132000
28/07/2014,0.4241037545955788,0.4241037545955788,0.413424039213536,0.4205438494682312,0.4205438494682312,330352000
29/07/2014,0.42078122887824837,0.4276637297714246,0.4205438905299405,0.42196786403656006,0.42196786403656006,217972000
30/07/2014,0.42457837797146947,0.4302742141438908,0.42339174307791444,0.4290875792503357,0.4290875792503357,246184000
31/07/2014,0.4238664450315842,0.4271890118374781,0.4146106747152609,0.4153226613998413,0.4153226613998413,401880000
01/08/2014,0.4153227305018354,0.4222052318757518,0.41389875689575173,0.4198319613933563,0.4198319613933563,219884000
04/08/2014,0.4193572866564302,0.42291719239694064,0.4167467060883588,0.4188826382160187,0.4188826382160187,241724000
05/08/2014,0.41769595087162553,0.42529043813744366,0.4141360455751279,0.4191199243068695,0.4191199243068695,298136000
06/08/2014,0.4162719346704231,0.4238664211560169,0.4131867063637113,0.4186452329158783,0.4186452329158783,223456000
07/08/2014,0.4222051954007754,0.42600241086959123,0.4115254508610199,0.41437339782714844,0.41437339782714844,407696000
08/08/2014,0.43241014590316573,0.45329492433453367,0.43241014590316573,0.4509216547012329,0.4509216547012329,894348000
11/08/2014,0.45139626441629094,0.4532948856190935,0.4473617120425877,0.4485483467578888,0.4485483467578888,344624000
12/08/2014,0.44831103678979056,0.45092161618849114,0.44356446963698265,0.4485483467578888,0.4485483467578888,296152000
13/08/2014,0.44926052738508326,0.45495639345485483,0.4464126084960053,0.45115914940834045,0.45115914940834045,256596000
14/08/2014,0.4528204402744516,0.4528204402744516,0.44427665517965637,0.4461752772331238,0.4461752772331238,255992000
15/08/2014,0.447599145937071,0.4544816174396968,0.44332725439092663,0.45187103748321533,0.45187103748321533,369796000
18/08/2014,0.453769863607354,0.4585164342095565,0.4492606597289538,0.4580417573451996,0.4580417573451996,284076000
19/08/2014,0.45816084679435803,0.4641202692424515,0.4564921857754776,0.4617365002632141,0.4617365002632141,248260000
20/08/2014,0.4600678087594736,0.46221321774868956,0.45768403993818874,0.4588759243488312,0.4588759243488312,221468000
21/08/2014,0.45768410014639116,0.46006786928126014,0.4538700865806625,0.4545851945877075,0.4545851945877075,272796000
22/08/2014,0.454108298162576,0.4586374750899614,0.4512477818181411,0.45482343435287476,0.45482343435287476,251224000
25/08/2014,0.4567305148206141,0.4598294197751735,0.45458510596741264,0.45553863048553467,0.45553863048553467,153380000
26/08/2014,0.4567305152655814,0.46459695756812247,0.4550618828781973,0.46364346146583557,0.46364346146583557,269636000
27/08/2014,0.46078294542059445,0.4643585986550933,0.4576840402673423,0.4583991765975952,0.4583991765975952,182972000
28/08/2014,0.4574455625850825,0.4631665949196858,0.45601529029305243,0.46221309900283813,0.46221309900283813,179704000
29/08/2014,0.46388182128302524,0.46459695756812247,0.4588758957041089,0.46364346146583557,0.46364346146583557,207932000
02/09/2014,0.46483534574508667,0.46483534574508667,0.4605445564517936,0.46483534574508667,0.46483534574508667,192636000
03/09/2014,0.46721902544593297,0.470794677773314,0.464120121078851,0.46912604570388794,0.46912604570388794,259456000
04/09/2014,0.4684110276710421,0.480329900184571,0.4681726394224005,0.4774693548679352,0.4774693548679352,491832000
05/09/2014,0.4769923988000482,0.4791378069798555,0.4729399990160857,0.4760389029979706,0.4760389029979706,253792000
08/09/2014,0.47556239400869005,0.47651589028978253,0.46984133107182685,0.47174835205078125,0.47174835205078125,319288000
09/09/2014,0.4696027923457936,0.47270169670417556,0.4653120038816308,0.46578875184059143,0.46578875184059143,198588000
10/09/2014,0.4684109679319154,0.46912610416986894,0.46316665446476424,0.46745744347572327,0.46745744347572327,172376000
11/09/2014,0.4641202984121498,0.46578893111913505,0.4576840990302832,0.4626900255680084,0.4626900255680084,250720000
12/09/2014,0.4655505436804497,0.4655505436804497,0.4553003307236402,0.4557770788669586,0.4557770788669586,262536000
15/09/2014,0.45720717223122725,0.45792230837385395,0.4476720994408936,0.449579119682312,0.449579119682312,294152000
16/09/2014,0.44838738329145106,0.45863759560104,0.4469571105350367,0.4562538266181946,0.4562538266181946,219936000
17/09/2014,0.4550618521288979,0.46078288518956745,0.4529164434185752,0.4564920961856842,0.4564920961856842,173584000
18/09/2014,0.45935261255052595,0.46388176107367574,0.45792234016597316,0.4634050130844116,0.4634050130844116,219604000
19/09/2014,0.46483528418353715,0.4653120321714829,0.454108298162576,0.45482343435287476,0.45482343435287476,601316000
22/09/2014,0.46412014816887026,0.46412014816887026,0.44981750960776307,0.45029428601264954,0.45029428601264954,221464000
23/09/2014,0.44791057811286206,0.4533932521060853,0.44624194561495045,0.44838735461235046,0.44838735461235046,196144000
24/09/2014,0.4481489948526801,0.4524397847034916,0.44767224673964945,0.45100951194763184,0.45100951194763184,159592000
25/09/2014,0.45053279547154557,0.45172468004620164,0.4402825824461493,0.44123607873916626,0.44123607873916626,298440000
26/09/2014,0.4426662328532951,0.4455267493818019,0.4407592123620365,0.442189484834671,0.442189484834671,241188000
29/09/2014,0.43861383178003915,0.44457325305080825,0.43432304278173295,0.4414743483066559,0.4414743483066559,208540000
30/09/2014,0.4395673876308393,0.4429046810466499,0.4345614617155064,0.4398057758808136,0.4398057758808136,277204000
01/10/2014,0.4405208822879872,0.44361975882654087,0.4343230723773516,0.4355149567127228,0.4355149567127228,350976000
02/10/2014,0.4347997305875873,0.43694511058126023,0.4235959974166604,0.4336078464984894,0.4336078464984894,288996000
03/10/2014,0.43623015204135857,0.4421895745248263,0.43456149101257324,0.43456149101257324,0.43456149101257324,239140000
06/10/2014,0.43623009316733086,0.439805746174838,0.4290787587355525,0.4319393038749695,0.4319393038749695,199032000
07/10/2014,0.4300323426045037,0.4343231324890515,0.42693343722028754,0.42741018533706665,0.42741018533706665,301896000
08/10/2014,0.42693343606092266,0.4374220366854203,0.4235961424189956,0.4352766275405884,0.4352766275405884,260172000
09/10/2014,0.43336948720336793,0.43384626360419665,0.4233576658708862,0.42693331837654114,0.42693331837654114,306956000
10/10/2014,0.42359605256338967,0.4250263250232134,0.4014269999366929,0.4016653597354889,0.4016653597354889,691376000
13/10/2014,0.4042875473409971,0.4123923778715486,0.39975839823330955,0.4002351462841034,0.4002351462841034,397628000
14/10/2014,0.4057178203001106,0.42073556862351763,0.40333405162708613,0.4095318615436554,0.4095318615436554,376620000
15/10/2014,0.4035723814174459,0.4178750208082015,0.4009502531222709,0.4157296121120453,0.4157296121120453,404428000
16/10/2014,0.4083400936547937,0.4207356886060596,0.4073865688636057,0.4159681499004364,0.4159681499004364,351116000
17/10/2014,0.4209739258041087,0.42574146279847713,0.41358423209613276,0.4152528643608093,0.4152528643608093,290716000
20/10/2014,0.41525292354778476,0.42264261830903127,0.4123924066267999,0.4188285768032074,0.4188285768032074,200336000
21/10/2014,0.42192745250185976,0.43718358904270826,0.42073556816664176,0.4367068409919739,0.4367068409919739,351092000
22/10/2014,0.4359917353849272,0.43742200805453185,0.42645666003227234,0.42645666003227234,0.42645666003227234,239512000
23/10/2014,0.4338462647171216,0.4390905493888497,0.43074736018758586,0.43599164485931396,0.43599164485931396,214476000
24/10/2014,0.4386138026385653,0.44314295113672864,0.43599164608693797,0.4405208230018616,0.4405208230018616,210156000
27/10/2014,0.4402823744503877,0.4424277543045523,0.4355148384040164,0.4407591223716736,0.4407591223716736,145092000
28/10/2014,0.43956732855700603,0.4517245593365559,0.43909058053789396,0.45124781131744385,0.45124781131744385,192580000
29/10/2014,0.4493408507777954,0.45196300785791793,0.44433492486729464,0.44838735461235046,0.44838735461235046,168340000
30/10/2014,0.44719537967020895,0.44910237161506134,0.4398056864252452,0.44552671909332275,0.44552671909332275,170260000
31/10/2014,0.4557769026186254,0.466027140028451,0.4533931344070637,0.46578875184059143,0.46578875184059143,256316000
03/11/2014,0.47651583015244614,0.47818449105892347,0.47127154443473884,0.4736553132534027,0.4736553132534027,308732000
04/11/2014,0.4767541590598941,0.48152169610381107,0.46888771725407863,0.4798530638217926,0.4798530638217926,360196000
05/11/2014,0.4827136087815526,0.4829519685836911,0.47627741103885485,0.4798530638217926,0.4798530638217926,335652000
06/11/2014,0.4808065012687083,0.4827135499539807,0.4734168083845028,0.48199841380119324,0.48199841380119324,394088000
07/11/2014,0.4874812680229627,0.4932023025430565,0.46698081381177997,0.47174835205078125,0.47174835205078125,450800000
10/11/2014,0.4712714865572957,0.4803298410558694,0.47007960229434065,0.4772309362888336,0.4772309362888336,293388000
11/11/2014,0.47437036042613206,0.4769924885837831,0.46745741510121097,0.4715098440647125,0.4715098440647125,212992000
12/11/2014,0.46984121284225355,0.47103309710208136,0.46197477104403767,0.4684109687805176,0.4684109687805176,204584000
13/11/2014,0.47007957096026726,0.47079470715372396,0.46221312966576406,0.466027170419693,0.466027170419693,225328000
14/11/2014,0.4665040656712337,0.47174835205078125,0.46197488729412084,0.47174835205078125,0.47174835205078125,160248000
17/11/2014,0.4696027934551239,0.4746087180779323,0.46650388908942153,0.4696027934551239,0.4696027934551239,158732000
18/11/2014,0.4698411254009185,0.48199838237206266,0.4686492413629102,0.48080646991729736,0.48080646991729736,207772000
19/11/2014,0.4811656662267921,0.48260199170021173,0.47398409593374113,0.4790111780166626,0.4790111780166626,240300000
20/11/2014,0.47565970102593613,0.4873896141002917,0.47422337582107027,0.4869108200073242,0.4869108200073242,220968000
21/11/2014,0.49121999662512467,0.49193815952142395,0.4854747505287902,0.4895443022251129,0.4895443022251129,198976000
24/11/2014,0.4907410815142151,0.4948106322086014,0.48882601897828476,0.4926562011241913,0.4926562011241913,136004000
25/11/2014,0.49169863631459476,0.4960076128377319,0.4907411050008027,0.4924167990684509,0.4924167990684509,190240000
26/11/2014,0.4895442421747554,0.5012741586100373,0.48930481652265173,0.5007953643798828,0.5007953643798828,219264000
28/11/2014,0.5024710795017131,0.5048649366040812,0.49792273388499725,0.5019922852516174,0.5019922852516174,124832000
01/12/2014,0.4998377712449988,0.5027103650488943,0.4919380384047059,0.4926562011241913,0.4926562011241913,190060000
02/12/2014,0.4921772124553538,0.495528599105859,0.4876288693873691,0.49337416887283325,0.49337416887283325,245952000
03/12/2014,0.4957681447946968,0.5063011012809155,0.49433181957520395,0.5060617327690125,0.5060617327690125,284424000
04/12/2014,0.5053436634075342,0.5072587260042091,0.49816209305893183,0.5015134811401367,0.5015134811401367,185332000
05/12/2014,0.5017526667284102,0.5070191725598676,0.5015132982596252,0.5043859481811523,0.5043859481811523,165680000
08/12/2014,0.5036680511988254,0.5086951341373924,0.4938531968425977,0.49792274832725525,0.49792274832725525,226944000
09/12/2014,0.4948105788506659,0.4974438608961673,0.48738964098161597,0.49624690413475037,0.49624690413475037,239448000
10/12/2014,0.49481064123583407,0.4967257608807494,0.4847564771277048,0.48523521423339844,0.48523521423339844,204364000
11/12/2014,0.4881078914329834,0.4914592796493932,0.4840383404453358,0.48499587178230286,0.48499587178230286,135652000
12/12/2014,0.4785323319233194,0.48284127908216135,0.46943567204065734,0.4699144661426544,0.4699144661426544,323964000
15/12/2014,0.47542034552801016,0.48403826897333574,0.46704184768711077,0.46847817301750183,0.46847817301750183,254696000
16/12/2014,0.46799942721051035,0.475420365632626,0.46297231687857554,0.46321168541908264,0.46321168541908264,185308000
17/12/2014,0.4725477690952894,0.4828413588596658,0.45722706872548957,0.4821231961250305,0.4821231961250305,345596000
18/12/2014,0.4881079040592262,0.49385314930369517,0.4794900076554971,0.4840383529663086,0.4840383529663086,226156000
19/12/2014,0.4873895623891607,0.4907409494622473,0.4828412187476686,0.48882588744163513,0.48882588744163513,325528000
22/12/2014,0.4883471076556218,0.4974437952041626,0.4866714140701605,0.4974437952041626,0.4974437952041626,148976000
23/12/2014,0.5012740676733178,0.5036679242417119,0.49385307235946596,0.49433186650276184,0.49433186650276184,109280000
24/12/2014,0.4955288186438116,0.4962469813976678,0.49193806194857925,0.4924167990684509,0.4924167990684509,45644000
26/12/2014,0.492416660109514,0.4955286788066696,0.4912197605735486,0.4928954541683197,0.4928954541683197,52636000
29/12/2014,0.4914593235842385,0.4955288749356906,0.48906546649079286,0.49217748641967773,0.49217748641967773,82944000
30/12/2014,0.48882586347497564,0.49121971942038767,0.48691074447422933,0.48762890696525574,0.48762890696525574,112120000
31/12/2014,0.48834716575679266,0.49098044776784017,0.4785323430303458,0.47996869683265686,0.47996869683265686,166300000
02/01/2015,0.4818837642669678,0.4854745774684231,0.47422340081988945,0.4818837642669678,0.4818837642669678,113680000
05/01/2015,0.48188375976583925,0.4833200850330051,0.47159017144986937,0.47374463081359863,0.47374463081359863,197952000
06/01/2015,0.47446285362029,0.4749416192577242,0.45890278491302655,0.4593815505504608,0.4593815505504608,197764000
07/01/2015,0.46273300631057107,0.46680258616725545,0.4567483636237144,0.45818468928337097,0.45818468928337097,321808000
08/01/2015,0.463451101960441,0.47829303650204175,0.4632117048728578,0.47542038559913635,0.47542038559913635,283780000
09/01/2015,0.47709608449474966,0.48092626648412934,0.47063264882054373,0.47733545303344727,0.47733545303344727,209540000
12/01/2015,0.47853247958112216,0.47877187670599,0.46704195979099145,0.47135090827941895,0.47135090827941895,190732000
13/01/2015,0.4749415900535503,0.4845170163615345,0.4672812547145672,0.4706326425075531,0.4706326425075531,236720000
14/01/2015,0.4656055376291308,0.47398403523133564,0.4644086094002444,0.472547709941864,0.472547709941864,155260000
15/01/2015,0.47589924424244356,0.4787718669974684,0.4689570416693543,0.4691964387893677,0.4691964387893677,188932000
16/01/2015,0.46847816983257595,0.4782929929371408,0.4670418445119497,0.4778142273426056,0.4778142273426056,181512000
20/01/2015,0.4811655827172475,0.48379880757880467,0.47326585105853863,0.4792505204677582,0.4792505204677582,140308000
21/01/2015,0.4766174188833642,0.48715040729566056,0.473266001805213,0.4859534502029419,0.4859534502029419,144780000
22/01/2015,0.4869108711889101,0.4957681918586069,0.48188378951749505,0.49433186650276184,0.49433186650276184,159712000
23/01/2015,0.4948107796168864,0.496725899797393,0.4907412277101464,0.49576836824417114,0.49576836824417114,120416000
26/01/2015,0.49361374974250793,0.49600760653358705,0.49050173020670035,0.49361374974250793,0.49361374974250793,133240000
27/01/2015,0.4859532980600482,0.4864320921620453,0.4689569064756791,0.4699144661426544,0.4699144661426544,357948000
28/01/2015,0.4756598061570269,0.47757489734111847,0.4620147993060151,0.46225419640541077,0.46225419640541077,272728000
29/01/2015,0.46249350769745506,0.4761384834798625,0.46033901981369435,0.47350525856018066,0.47350525856018066,235340000
30/01/2015,0.47015400105329147,0.47565987834172563,0.45890287787772627,0.45962101221084595,0.45962101221084595,298200000
02/02/2015,0.46249361246422815,0.47159027455880226,0.45339695036965405,0.4696751832962036,0.4696751832962036,259604000
03/02/2015,0.4730264627790631,0.48188375426375524,0.47063260638579907,0.48140496015548706,0.48140496015548706,183468000
04/02/2015,0.4799688045110751,0.48810790674163906,0.4785324503865257,0.4826020300388336,0.4826020300388336,181516000
05/02/2015,0.483080882365521,0.4907412492760609,0.4826021451049031,0.49050188064575195,0.49050188064575195,140448000
06/02/2015,0.49002286654590077,0.4957681676891891,0.48619268480838845,0.4883471727371216,0.4883471727371216,210524000
09/02/2015,0.4854745718152044,0.4893046964201032,0.48236255276819495,0.48786842823028564,0.48786842823028564,273944000
10/02/2015,0.4883472402973419,0.5017528496962091,0.48619275207054685,0.5015134811401367,0.5015134811401367,226204000
11/02/2015,0.5027104689164086,0.5027104689164086,0.49481073444391216,0.498162180185318,0.498162180185318,320832000
12/02/2015,0.5266489538520108,0.5386182365835024,0.5235369346344187,0.5338305234909058,0.5338305234909058,676904000
13/02/2015,0.5326336298360733,0.534788118105416,0.5244945280283994,0.5340699553489685,0.5340699553489685,310084000
17/02/2015,0.5331124547893197,0.5383789629491001,0.5297610664485739,0.5357456803321838,0.5357456803321838,203340000
18/02/2015,0.5350275208843127,0.535985109336852,0.5285641127369612,0.529521644115448,0.529521644115448,170948000
19/02/2015,0.5362241441319151,0.537181674914372,0.528563783724226,0.5309576392173767,0.5309576392173767,169432000
20/02/2015,0.5304791530151884,0.5350274406494343,0.5266489710015784,0.5347880721092224,0.5347880721092224,157752000
23/02/2015,0.5345488637160853,0.5345488637160853,0.5278460289156345,0.5304793119430542,0.5304793119430542,125008000
24/02/2015,0.5325216147807983,0.5361261963844299,0.527715467780095,0.5361261963844299,0.5361261963844299,149356000
25/02/2015,0.5339635090739545,0.5363666403002767,0.5296379989129386,0.532041072845459,0.532041072845459,123820000
26/02/2015,0.532521750620643,0.5366069708839518,0.5291574010269127,0.5334829688072205,0.5334829688072205,152864000
27/02/2015,0.5320410206728525,0.5332425861681866,0.5281960912990983,0.5301185846328735,0.5301185846328735,157492000
02/03/2015,0.5286767292619916,0.5459788828070026,0.527955801423133,0.5430951714515686,0.5430951714515686,301512000
03/03/2015,0.5390099704464457,0.5416533344173796,0.5313201114298036,0.5330022573471069,0.5330022573471069,160344000
04/03/2015,0.5310799562939972,0.540211616066376,0.5289171721529813,0.5390101075172424,0.5390101075172424,226840000
05/03/2015,0.5390101216629298,0.5503045658727339,0.5375682655310794,0.5493433475494385,0.5493433475494385,323056000
06/03/2015,0.5462194711458715,0.5488628364687186,0.5414133211258799,0.5418939590454102,0.5418939590454102,257392000
09/03/2015,0.5421341675165355,0.5474209546579526,0.5409326015460147,0.5433356761932373,0.5433356761932373,222388000
10/03/2015,0.5457387386102264,0.5563123126561024,0.5447775202316424,0.5527076721191406,0.5527076721191406,527212000
11/03/2015,0.5527076544484654,0.5599168779980843,0.5483821432362203,0.5498239994049072,0.5498239994049072,262120000
12/03/2015,0.5445372222825505,0.5486224433042943,0.5344442862151842,0.544777512550354,0.544777512550354,406972000
13/03/2015,0.5421339601544461,0.5469401076105765,0.534684391491786,0.545498251914978,0.545498251914978,359288000
16/03/2015,0.5498240268733209,0.5553511042668685,0.5462193862715209,0.5519867539405823,0.5519867539405823,236956000
17/03/2015,0.5507851922091537,0.5589556337277071,0.5469402617022422,0.5587153434753418,0.5587153434753418,299900000
18/03/2015,0.5587152701856685,0.5615989247172277,0.5445371158673004,0.5495835542678833,0.5495835542678833,413844000
19/03/2015,0.5515060711060503,0.5599168021273471,0.5474208507108765,0.5579943656921387,0.5579943656921387,310756000
20/03/2015,0.5625602977839773,0.5673664467975097,0.5572735109515655,0.5640020966529846,0.5640020966529846,462084000
23/03/2015,0.5471804933948669,0.5543897158386084,0.5454983472207079,0.5457386374473572,0.5457386374473572,426012000
24/03/2015,0.5440566770131747,0.547901608421251,0.5358862335796543,0.5382893085479736,0.5382893085479736,330480000
25/03/2015,0.5380489635907372,0.5380489635907372,0.503925222295125,0.5056074261665344,0.5056074261665344,542552000
26/03/2015,0.49527394708855704,0.506087749197831,0.4916693081896047,0.5039249658584595,0.5039249658584595,311920000
27/03/2015,0.5068089183966376,0.5157002888577459,0.4986384760587347,0.5137778520584106,0.5137778520584106,318288000
30/03/2015,0.5161808968566532,0.5185839713637753,0.5094522538604218,0.5159406065940857,0.5159406065940857,253252000
31/03/2015,0.5144986302781674,0.5149792106910707,0.5024832605485531,0.5029638409614563,0.5029638409614563,357276000
01/04/2015,0.5048863291740417,0.5065684751890813,0.49623525160112303,0.5048863291740417,0.5048863291740417,330768000
02/04/2015,0.5077700454282568,0.5092119014152203,0.5017623885409868,0.5060878992080688,0.5060878992080688,192204000
06/04/2015,0.5039250729339287,0.5224287943906228,0.498638344483848,0.520746648311615,0.520746648311615,515864000
07/04/2015,0.5207466847846429,0.5310799094892887,0.5178629728507668,0.5253125429153442,0.5253125429153442,413964000
08/04/2015,0.5257930486113075,0.5310798339737368,0.5207466107383975,0.5291573405265808,0.5291573405265808,366432000
09/04/2015,0.5250721319436621,0.5430952147649225,0.5248318417428108,0.5414130687713623,0.5414130687713623,379432000
10/04/2015,0.5418939460831877,0.5471806766024221,0.539971451744881,0.5469403862953186,0.5469403862953186,258728000
13/04/2015,0.5457388332263413,0.5488628364687186,0.5394908267415868,0.5418939590454102,0.5418939590454102,236724000
14/04/2015,0.5397309596819717,0.5418937435189157,0.5320410997909293,0.5373278856277466,0.5373278856277466,220276000
15/04/2015,0.5387695930900254,0.5479012490628218,0.536126172252967,0.5438160300254822,0.5438160300254822,243560000
16/04/2015,0.5406923533789392,0.5452582127524,0.536607131889883,0.5404520630836487,0.5404520630836487,155284000
17/04/2015,0.5291574010269127,0.5387697547741056,0.5289171108037198,0.5334829688072205,0.5334829688072205,293636000
20/04/2015,0.5358860606374475,0.5392503530485981,0.5298783465085571,0.5308396220207214,0.5308396220207214,231624000
21/04/2015,0.5373278057234894,0.5373278057234894,0.527475163460657,0.5301185846328735,0.5301185846328735,230456000
22/04/2015,0.5332425425602829,0.5368471241639146,0.5250720468240542,0.5361261963844299,0.5361261963844299,207420000
23/04/2015,0.5262738755941321,0.5390101772492386,0.5202661601898048,0.533963680267334,0.533963680267334,259380000
24/04/2015,0.5337233565450493,0.5339636468121447,0.5233901302403321,0.5293978452682495,0.5293978452682495,240960000
27/04/2015,0.5310798946938737,0.5428549750374144,0.5265140366903732,0.5334829688072205,0.5334829688072205,248456000
28/04/2015,0.5325216147807983,0.5380486895609862,0.5274751203244058,0.5361261963844299,0.5361261963844299,234484000
29/04/2015,0.5322813630505704,0.5375681486196359,0.5298782891180501,0.532041072845459,0.532041072845459,195156000
30/04/2015,0.5293977485439118,0.5361263331437599,0.5281961828403352,0.5334829688072205,0.5334829688072205,218844000
01/05/2015,0.5378084561524297,0.5483820276312311,0.5354053821424845,0.5466998815536499,0.5466998815536499,256968000
04/05/2015,0.5462193886874319,0.5498240293051752,0.5416535296695635,0.5433356761932373,0.5433356761932373,200720000
05/05/2015,0.5414132180302677,0.5421341461253704,0.5269947707158459,0.5293978452682495,0.5293978452682495,292928000
06/05/2015,0.5322814564787086,0.5373279527284435,0.5241110151327918,0.5310799479484558,0.5310799479484558,316484000
07/05/2015,0.5289172695023514,0.5421342097383293,0.5272351228476707,0.5404520630836487,0.5404520630836487,534564000
08/05/2015,0.5048864481600988,0.5248319721309959,0.4923904379105389,0.5005608797073364,0.5005608797073364,1146552000
11/05/2015,0.493591964278589,0.5008012452927588,0.4897470907961213,0.49575474858283997,0.49575474858283997,544144000
12/05/2015,0.49215014764999043,0.5046461006057352,0.4919098000956269,0.5005608797073364,0.5005608797073364,388800000
13/05/2015,0.5041654207503431,0.5080103506306377,0.49863834479000774,0.503444492816925,0.503444492816925,308524000
14/05/2015,0.5048862757558982,0.5142582802427971,0.503684710275826,0.5116148591041565,0.5116148591041565,293052000
15/05/2015,0.5137777406235523,0.5161808147484205,0.5087313021494712,0.5118553042411804,0.5118553042411804,215824000
18/05/2015,0.5106538674081144,0.5142585081520411,0.5082507926767702,0.5111345052719116,0.5111345052719116,324972000
19/05/2015,0.5118104135185463,0.5135004038458723,0.5069820177350897,0.5079477429389954,0.5079477429389954,253808000
20/05/2015,0.5081891454604628,0.5142246689692925,0.5074648803370425,0.5079477429389954,0.5079477429389954,196824000
21/05/2015,0.508189071109809,0.5103618661621789,0.5038434810050694,0.504326343536377,0.504326343536377,239692000
22/05/2015,0.5055335997648429,0.5074649352636609,0.5023951364099956,0.5036022067070007,0.5036022067070007,212592000
26/05/2015,0.5011878699285486,0.5045677348961427,0.49660087743880904,0.500463604927063,0.500463604927063,259732000
27/05/2015,0.5038434319215602,0.5296753948703182,0.5021534995651281,0.5272611975669861,0.5272611975669861,432332000
28/05/2015,0.5272611664707924,0.5361936902104091,0.5262954991182123,0.5345037579536438,0.5345037579536438,327656000
29/05/2015,0.5345039404870717,0.5378838061548286,0.5335382728047156,0.5342625379562378,0.5342625379562378,335168000
01/06/2015,0.5376423846543672,0.5456092434809966,0.5342625191058621,0.5402979850769043,0.5402979850769043,372660000
02/06/2015,0.5369180164086271,0.5398150763560935,0.529192561588055,0.5296754240989685,0.5296754240989685,224304000
03/06/2015,0.531123787007203,0.5352279156024846,0.5229154722576508,0.523881196975708,0.523881196975708,250788000
04/06/2015,0.5207429720549194,0.5349867561872513,0.5207429720549194,0.5332968235015869,0.5332968235015869,323712000
05/06/2015,0.5316067811811737,0.5398150988547694,0.5260541210897748,0.5374009013175964,0.5374009013175964,313320000
08/06/2015,0.5357108225526052,0.5393320890902824,0.5190528468259059,0.5250883102416992,0.5250883102416992,342812000
09/06/2015,0.5255712599752549,0.5316067243939632,0.524605592575342,0.5277440547943115,0.5277440547943115,256888000
10/06/2015,0.5214673087938457,0.5248471746295766,0.5154317847508777,0.518328845500946,0.518328845500946,529460000
11/06/2015,0.5183285388623295,0.527502463211961,0.5183285388623295,0.523881196975708,0.523881196975708,283052000
12/06/2015,0.5205014542193039,0.5236399167326541,0.508430466690653,0.5096375942230225,0.5096375942230225,323728000
15/06/2015,0.5069818898672842,0.5110860770512061,0.5031192202619518,0.5086718797683716,0.5086718797683716,306548000
16/06/2015,0.507706251679265,0.5156731099886097,0.5026364536856873,0.514948844909668,0.514948844909668,256892000
17/06/2015,0.5147072495283583,0.5238812320512058,0.5135001798884532,0.5209841728210449,0.5209841728210449,233544000
18/06/2015,0.5253298917367761,0.5330552889983411,0.5238813617630429,0.5296754240989685,0.5296754240989685,299404000
19/06/2015,0.5296753261381488,0.5340208576966567,0.5231570000208887,0.5279853940010071,0.5279853940010071,355656000
22/06/2015,0.5289512078066415,0.5318482680208073,0.5178458870643557,0.5258127450942993,0.5258127450942993,514236000
23/06/2015,0.5267783440276588,0.5308824737571131,0.508189030232246,0.5122931599617004,0.5122931599617004,414064000
24/06/2015,0.5115688999290744,0.5142245573247117,0.5048091703234642,0.50722336769104,0.50722336769104,253368000
25/06/2015,0.5072233789149565,0.5142245687035516,0.5072233789149565,0.511086106300354,0.511086106300354,350460000
26/06/2015,0.5069819286659386,0.5074647911830598,0.4985322663088779,0.5007050037384033,0.5007050037384033,421296000
29/06/2015,0.49491092294797695,0.49998077773293687,0.48501273096616004,0.48573699593544006,0.48573699593544006,391724000
30/06/2015,0.4886341198570064,0.49080691530557696,0.48211579107031477,0.4854956567287445,0.4854956567287445,315916000
01/07/2015,0.49756655360719076,0.504567685335526,0.48815116707170203,0.49249669909477234,0.49249669909477234,302892000
02/07/2015,0.49225549970922583,0.49611822841157005,0.489841301465139,0.4929797649383545,0.4929797649383545,145764000
06/07/2015,0.48887544197008925,0.49563517137913937,0.48332278243022503,0.4869440495967865,0.4869440495967865,214776000
07/07/2015,0.4840470433149753,0.4859783781130735,0.4625606415013652,0.4777700901031494,0.4777700901031494,594252000
08/07/2015,0.4751144437868709,0.47801147447950154,0.4705274521423317,0.4743901789188385,0.4743901789188385,332492000
09/07/2015,0.48187430559105415,0.48404710066560314,0.4656991588942635,0.4685961902141571,0.4685961902141571,357588000
10/07/2015,0.474631610712331,0.4811499661483001,0.47342451211744796,0.4768044054508209,0.4768044054508209,216708000
13/07/2015,0.48163288018499495,0.48259854771021116,0.47680448499990313,0.4799429476261139,0.4799429476261139,212472000
14/07/2015,0.4806672388081579,0.48115007259703224,0.47390747942539624,0.4801843762397766,0.4801843762397766,249216000
15/07/2015,0.47897717140981017,0.48211563351240627,0.4724588447533417,0.4768044054508209,0.4768044054508209,265732000
16/07/2015,0.47970142320223774,0.48742687702178955,0.47801149097152323,0.48742687702178955,0.48742687702178955,282848000
17/07/2015,0.48573706992644067,0.48621987494016783,0.478253016623524,0.48452994227409363,0.48452994227409363,220372000
20/07/2015,0.48452984611757655,0.4864612384662378,0.474390223353865,0.4755973219871521,0.4755973219871521,188412000
21/07/2015,0.4746316278869874,0.4845298482349982,0.4746316278869874,0.4777700901031494,0.4777700901031494,149720000
22/07/2015,0.4743902816334494,0.4743902816334494,0.4628021275743699,0.4685961902141571,0.4685961902141571,356472000
23/07/2015,0.46956178483795447,0.48139133882432084,0.4685960887540784,0.4743901789188385,0.4743901789188385,169916000
24/07/2015,0.47777014400504486,0.4782529777590426,0.466906255032324,0.4688376188278198,0.4688376188278198,188844000
27/07/2015,0.46473346343220784,0.47149322237704894,0.46087076459194515,0.46618199348449707,0.46618199348449707,192420000
28/07/2015,0.4673889667958759,0.4794599513927668,0.46256057295711955,0.4763215184211731,0.4763215184211731,198308000
29/07/2015,0.4753559273174576,0.4859784133752649,0.4734245635997196,0.4821156859397888,0.4821156859397888,232680000
30/07/2015,0.4809085137381916,0.4881511337680238,0.4809085137381916,0.48332273960113525,0.48332273960113525,190180000
31/07/2015,0.48525424481987023,0.48549564734537237,0.478735916159161,0.48163294792175293,0.48163294792175293,218340000
03/08/2015,0.48549557301062257,0.4903239681354982,0.4792186766159873,0.48984116315841675,0.48984116315841675,397132000
04/08/2015,0.4881513829779742,0.4932211821737302,0.48621998978980907,0.4917726516723633,0.4917726516723633,260100000
05/08/2015,0.5038433965256072,0.5043262589759532,0.49587654022839733,0.49684226512908936,0.49684226512908936,234628000
06/08/2015,0.4956352667560058,0.49925659217843565,0.48549561313221695,0.4937039315700531,0.4937039315700531,655676000
07/08/2015,0.542229314811506,0.5641984958783719,0.5282269340848352,0.5547831654548645,0.5547831654548645,1405248000
10/08/2015,0.5509203737250593,0.5782008094072336,0.5475404514038039,0.5740966796875,0.5740966796875,662304000
11/08/2015,0.5656471136017865,0.5767524358824665,0.5656471136017865,0.5711997747421265,0.5711997747421265,435008000
12/08/2015,0.562025769000206,0.5767523574895703,0.562025769000206,0.5726482272148132,0.5726482272148132,384048000
13/08/2015,0.5733724941594037,0.5745796217754339,0.5663713036398621,0.5678198337554932,0.5678198337554932,276884000
14/08/2015,0.5673369063720906,0.5716824962224468,0.5639570415278176,0.5683026313781738,0.5683026313781738,214652000
17/08/2015,0.5673369512641903,0.5673369512641903,0.5576801609112866,0.564681351184845,0.564681351184845,273880000
18/08/2015,0.5629358477576235,0.5668148278238145,0.5551778876252413,0.5595417618751526,0.5595417618751526,287084000
19/08/2015,0.5588143198470465,0.5651176537669923,0.551298779649645,0.5573596954345703,0.5573596954345703,249248000
20/08/2015,0.5510564019203347,0.5537231750046286,0.5345707537054369,0.5372375845909119,0.5372375845909119,426932000
21/08/2015,0.5333587506669148,0.5423288605808303,0.5200247660049129,0.520509660243988,0.520509660243988,382664000
24/08/2015,0.4914173422415551,0.5292373593856693,0.48487158782851913,0.5020845532417297,0.5020845532417297,682284000
25/08/2015,0.524146078728019,0.5260855975648757,0.4916597306728363,0.4916597306728363,0.4916597306728363,622684000
26/08/2015,0.5076605015285147,0.529237280743822,0.5037815215413195,0.5287523865699768,0.5287523865699768,614976000
27/08/2015,0.534328256786384,0.5488743842311045,0.5311765900599106,0.5486319661140442,0.5486319661140442,463764000
28/08/2015,0.548632089525464,0.5544505302519404,0.5447531097740848,0.551056444644928,0.551056444644928,320944000
31/08/2015,0.5483896298878501,0.5522686093459236,0.5428136077545909,0.5449954867362976,0.5449954867362976,219352000
01/09/2015,0.5292374807958065,0.5382075928937327,0.5188127434276845,0.5226916670799255,0.5226916670799255,353408000
02/09/2015,0.5369951396485687,0.5386921824185043,0.5280250316641163,0.538449764251709,0.538449764251709,344044000
03/09/2015,0.5464502291720317,0.5491170606380742,0.5389347445886242,0.5399044752120972,0.5399044752120972,262556000
04/09/2015,0.5306917008795274,0.5391769708671594,0.5270551978856658,0.5272976160049438,0.5272976160049438,287972000
08/09/2015,0.5401467854802035,0.5520261421971793,0.5379649064636923,0.5498442053794861,0.5498442053794861,238448000
09/09/2015,0.5515413172871655,0.5561475513737406,0.5377224416238907,0.5389346480369568,0.5389346480369568,289392000
10/09/2015,0.5357830820668035,0.5542081953017303,0.533358726583292,0.5474199652671814,0.5474199652671814,357076000
11/09/2015,0.5413588922864521,0.5527533527920054,0.5391769558701212,0.549116849899292,0.549116849899292,301584000
14/09/2015,0.5517836599750081,0.5534807024802286,0.5471773687173095,0.5500866174697876,0.5500866174697876,192460000
15/09/2015,0.5503290756465804,0.5590567647379593,0.5486320330178649,0.5561475157737732,0.5561475157737732,327976000
16/09/2015,0.5551779346175464,0.5631783136183751,0.5510565360112398,0.5600266456604004,0.5600266456604004,173508000
17/09/2015,0.5697239508742079,0.5748151368856466,0.5639055103766039,0.5651177167892456,0.5651177167892456,268712000
18/09/2015,0.5573597677985064,0.5694815431409921,0.5539656822628471,0.5646328330039978,0.5646328330039978,326412000
21/09/2015,0.565360308652518,0.5716636452120514,0.5624510586092868,0.5704514384269714,0.5704514384269714,281840000
22/09/2015,0.5580871229333263,0.561966102900877,0.5520262058963055,0.5549354553222656,0.5549354553222656,228356000
23/09/2015,0.5554202896726261,0.5609963125179795,0.5532384104122792,0.5576022267341614,0.5576022267341614,161632000
24/09/2015,0.5542082528550059,0.5740879930047446,0.5454805606477743,0.5682695508003235,0.5682695508003235,382440000
25/09/2015,0.5752998663525911,0.5835427181444374,0.5668146542448894,0.5723906755447388,0.5723906755447388,369692000
28/09/2015,0.5723909069819699,0.5760274114124417,0.5612388598731171,0.5648753643035889,0.5648753643035889,395584000
29/09/2015,0.5709360559559848,0.5757847651436269,0.5629356800162583,0.574815034866333,0.574815034866333,380736000
30/09/2015,0.5801487156667191,0.5983314082637997,0.576754630003612,0.5976040959358215,0.5976040959358215,556380000
01/10/2015,0.5976040033508646,0.5993010459195005,0.5689965822197395,0.5859671235084534,0.5859671235084534,489296000
02/10/2015,0.5828158137301348,0.6012409329414368,0.5767548941548377,0.6012409329414368,0.6012409329414368,386144000
05/10/2015,0.6051198050627762,0.6237873391836053,0.6019681367019762,0.6162718534469604,0.6162718534469604,482024000
06/10/2015,0.6097259177962107,0.6269388217571462,0.6073015626833528,0.6242720484733582,0.6242720484733582,453216000
07/10/2015,0.6257266428077793,0.6371211055064488,0.6155443287062621,0.6308177709579468,0.6308177709579468,310152000
08/10/2015,0.6281509756144948,0.6361513525971144,0.6174837677702151,0.6344543099403381,0.6344543099403381,460068000
09/10/2015,0.6310601624206293,0.6371210785535351,0.6201505943030511,0.6320299506187439,0.6320299506187439,423248000
12/10/2015,0.6327572874805988,0.6424547661165559,0.6281510530449144,0.6388182044029236,0.6388182044029236,227588000
13/10/2015,0.6337271082428861,0.6439093659598693,0.6315451711030223,0.6400304436683655,0.6400304436683655,298444000
14/10/2015,0.6407575858821384,0.6737288819875085,0.6400303314309076,0.6633041501045227,0.6633041501045227,612148000
15/10/2015,0.6645163194334068,0.6785776130180651,0.6577281486002492,0.6650012135505676,0.6650012135505676,526048000
16/10/2015,0.6671832101946444,0.6817293413994652,0.6654861095330135,0.6754260063171387,0.6754260063171387,448396000
19/10/2015,0.6776079703135359,0.6807596379801658,0.6664559243856438,0.6742138266563416,0.6742138266563416,294712000
20/10/2015,0.6713044792092163,0.6763956068118662,0.6662132938053903,0.6732439398765564,0.6732439398765564,264824000
21/10/2015,0.6773654779146052,0.681486933841276,0.6633042406512641,0.6645163893699646,0.6645163893699646,386280000
22/10/2015,0.672274220474745,0.6906993283187913,0.6713044901253062,0.6885173916816711,0.6885173916816711,306884000
23/10/2015,0.6945785616100182,0.6977302297495276,0.6841538264873022,0.6931239366531372,0.6931239366531372,381776000
26/10/2015,0.6936087240788169,0.6953057670000732,0.6836688269385014,0.6899721622467041,0.6899721622467041,247436000
27/10/2015,0.6865780291958029,0.6938510945587509,0.6860931350511322,0.6894872784614563,0.6894872784614563,208268000
28/10/2015,0.6938510270324385,0.6950632333755493,0.6836687133947906,0.6950632333755493,0.6950632333755493,217036000
29/10/2015,0.6839113791009646,0.6909419697574555,0.6698500821855911,0.6710622310638428,0.6710622310638428,327168000
30/10/2015,0.6783350936377731,0.692638803245997,0.6732439084714379,0.687790036201477,0.687790036201477,301160000
02/11/2015,0.6899722660594034,0.6965180205408864,0.6858508672303659,0.695790708065033,0.695790708065033,190088000
03/11/2015,0.6916691228878126,0.6955481024468976,0.6831839092909225,0.6909418106079102,0.6909418106079102,376768000
04/11/2015,0.6890023716180598,0.6940934999379351,0.6763957021008242,0.6795473694801331,0.6795473694801331,442264000
05/11/2015,0.6829413920076101,0.6848809105703899,0.6698498873638569,0.6717893481254578,0.6717893481254578,478800000
06/11/2015,0.7382170359305631,0.7743399533362496,0.7229435891832244,0.7648849487304688,0.7648849487304688,1172272000
09/11/2015,0.7573694231320375,0.7636727592009819,0.7508236110442285,0.7614908218383789,0.7614908218383789,492568000
10/11/2015,0.7515507209954215,0.755672176392446,0.7309437330162034,0.7469444870948792,0.7469444870948792,552260000
11/11/2015,0.7474294907670195,0.7527630959212941,0.7370047564662966,0.7396715879440308,0.7396715879440308,619896000
12/11/2015,0.7379746069219633,0.7447628380206541,0.7338532077340311,0.7370048761367798,0.7370048761367798,291080000
13/11/2015,0.7377320457596441,0.7408837135518395,0.7188220390064717,0.7224586009979248,0.7224586009979248,292940000
16/11/2015,0.731913746163664,0.7374897704299731,0.7260952458501567,0.7370048761367798,0.7370048761367798,344280000
17/11/2015,0.7389443955083499,0.7433082129422772,0.7338532077340311,0.7370048761367798,0.7370048761367798,257048000
18/11/2015,0.7400464246522804,0.7561079935284679,0.7320156692245162,0.7551345229148865,0.7551345229148865,350216000
19/11/2015,0.7578117290771069,0.7648690162102112,0.7517277968360966,0.7573249936103821,0.7573249936103821,254072000
20/11/2015,0.7629219797738543,0.7682758363471407,0.7582981971887734,0.7638953924179077,0.7638953924179077,239744000
23/11/2015,0.7702226159920865,0.7702226159920865,0.7497807195956988,0.7524576187133789,0.7524576187133789,242552000
24/11/2015,0.7524577717855704,0.7651123120446539,0.7490507980298695,0.7585417032241821,0.7585417032241821,195428000
25/11/2015,0.7570816223452275,0.7660857929375212,0.7548913998701261,0.7575682997703552,0.7575682997703552,138300000
27/11/2015,0.759028271176979,0.7663289530383721,0.7551345625801036,0.7638953924179077,0.7638953924179077,86996000
30/11/2015,0.7646256006927957,0.7753333157199013,0.7638955265763716,0.7719262838363647,0.7719262838363647,327244000
01/12/2015,0.7787403258041413,0.7977221376727208,0.7780102516537595,0.7969920635223389,0.7969920635223389,409496000
02/12/2015,0.7982088415506086,0.8064829381682969,0.7892046707583387,0.79090815782547,0.79090815782547,294240000
03/12/2015,0.7972351137824625,0.8055092071322189,0.7853106510015466,0.7892043590545654,0.7892043590545654,246656000
04/12/2015,0.7892047126120074,0.8227878943410579,0.7892047126120074,0.8213277459144592,0.8213277459144592,458756000
07/12/2015,0.8210842533821885,0.8210842533821885,0.8033192529011418,0.8057528138160706,0.8057528138160706,333588000
08/12/2015,0.7957751031582151,0.8201107101578966,0.7906646430944811,0.816703736782074,0.816703736782074,314488000
09/12/2015,0.8164605608340939,0.8213276832040193,0.7877445040391292,0.7960186004638672,0.7960186004638672,372676000
10/12/2015,0.7984519537203555,0.8069694446599842,0.7957750545202025,0.8025890588760376,0.8025890588760376,236596000
11/12/2015,0.7945586213148818,0.8001558186253177,0.7889614240044459,0.7906649112701416,0.7906649112701416,227320000
14/12/2015,0.7913947284021973,0.7969919238940798,0.7831205754876768,0.7926114797592163,0.7926114797592163,275892000
15/12/2015,0.801615619115864,0.8079428883969048,0.7972352331631924,0.8023456931114197,0.8023456931114197,307296000
16/12/2015,0.8040494323739636,0.8098900261733841,0.7969921449007984,0.8072130680084229,0.8072130680084229,236356000
17/12/2015,0.8084298126961917,0.8167039092189231,0.794558519579689,0.7950451970100403,0.7950451970100403,254160000
18/12/2015,0.7894479716982218,0.7974787292136396,0.7811738754764804,0.7821472883224487,0.7821472883224487,395896000
21/12/2015,0.7906649056105411,0.8013725646414185,0.783607559831259,0.8006424903869629,0.8006424903869629,284216000
22/12/2015,0.8030759555205996,0.8094032262861128,0.7965053460396979,0.8013724684715271,0.8013724684715271,130012000
23/12/2015,0.80258933789738,0.8076997994254204,0.8011291894548882,0.8045361638069153,0.8045361638069153,122524000
24/12/2015,0.8021026064546106,0.8091599519484566,0.8008857967395044,0.8072130680084229,0.8072130680084229,52448000
28/12/2015,0.7986956092392288,0.8064829707145691,0.7875012154714556,0.8064829707145691,0.8064829707145691,142024000
29/12/2015,0.806969526987175,0.8220576271523448,0.8047793048614246,0.8196240663528442,0.8196240663528442,203660000
30/12/2015,0.8188942674292928,0.8259516135250531,0.8123236568652245,0.8125669956207275,0.8125669956207275,180344000
31/12/2015,0.8113501937567331,0.815000506946773,0.8021026253700256,0.8021026253700256,0.8021026253700256,148528000
04/01/2016,0.7857975773957274,0.7928548633114254,0.7797136462042163,0.787744402885437,0.787744402885437,358076000
05/01/2016,0.802589108240783,0.8137834990690966,0.790907982064022,0.8003988862037659,0.8003988862037659,490272000
06/01/2016,0.787257616568716,0.7909079866515847,0.7582982266537256,0.7673024535179138,0.7673024535179138,449344000
07/01/2016,0.7480771975397927,0.7531877153080662,0.7271485652105285,0.7368828654289246,0.7368828654289246,645304000
08/01/2016,0.7463738897622783,0.7471039639040746,0.7196047173055491,0.7210648655891418,0.7210648655891418,398472000
11/01/2016,0.7217948978171211,0.7273920938987546,0.7093836961479613,0.7222815752029419,0.7222815752029419,409372000
12/01/2016,0.7351794607024813,0.7451571014679891,0.7293389258767397,0.7344493865966797,0.7344493865966797,469356000
13/01/2016,0.740046427889621,0.7449136069168432,0.7113304371591628,0.7120605111122131,0.7120605111122131,481672000
14/01/2016,0.6974591899512034,0.7057333432637843,0.6770172904003972,0.6977025866508484,0.6977025866508484,600236000
15/01/2016,0.669716718851788,0.6777474767958361,0.6483013449941004,0.659739077091217,0.659739077091217,841452000
19/01/2016,0.6733671625794295,0.6923489788707027,0.6624161057928198,0.6650930643081665,0.6650930643081665,457140000
20/01/2016,0.6524382817264529,0.6772606254913561,0.6436774511023302,0.6687431335449219,0.6687431335449219,481180000
21/01/2016,0.67604386264233,0.6869948572216719,0.6621725138768088,0.6765305399894714,0.6765305399894714,481456000
22/01/2016,0.6894284818121055,0.6969725615975118,0.6879683335942416,0.6923487782478333,0.6923487782478333,257996000
25/01/2016,0.6921054759971003,0.7001362335975692,0.690158592263871,0.6916187405586243,0.6916187405586243,270728000
26/01/2016,0.6930789434080675,0.7013530403687205,0.6860215981083674,0.6984327435493469,0.6984327435493469,227944000
27/01/2016,0.6974592289343097,0.6996494512295287,0.6770173282409437,0.6901585459709167,0.6901585459709167,231700000
28/01/2016,0.6957557226547221,0.6981892835746982,0.6692298912207821,0.6826145052909851,0.6826145052909851,276776000
29/01/2016,0.6884551733044562,0.71425093565907,0.6857782731799503,0.7127907872200012,0.7127907872200012,310504000
01/02/2016,0.7120606805511643,0.7166844059931801,0.7059767488349243,0.7130340933799744,0.7130340933799744,289884000
02/02/2016,0.7057333910270452,0.7093837035414285,0.6779907490226444,0.682857871055603,0.682857871055603,341908000
03/02/2016,0.6882116964813277,0.6923487442148007,0.6704466960854721,0.6862648129463196,0.6862648129463196,326772000
04/02/2016,0.6872383140664662,0.7020830780995063,0.6796942917025776,0.686508297920227,0.686508297920227,348140000
05/02/2016,0.6818844990474202,0.6894285212436316,0.641243975422261,0.6431908011436462,0.6431908011436462,600428000
08/02/2016,0.6334565639565044,0.6366201993065244,0.6047405070934551,0.6137447357177734,0.6137447357177734,608852000
09/02/2016,0.6064440210650356,0.6461110722430887,0.603523724577553,0.6203153133392334,0.6203153133392334,425372000
10/02/2016,0.6242090961446841,0.6422174385493742,0.6154482636713896,0.6188552379608154,0.6188552379608154,335800000
11/02/2016,0.6030370016125048,0.6220188131318884,0.6030370016125048,0.6156915426254272,0.6156915426254272,340144000
12/02/2016,0.6254256600735136,0.6273725433835509,0.6023068051537059,0.6261557340621948,0.6261557340621948,340816000
16/02/2016,0.6351600360268908,0.6577922183903503,0.633213210328432,0.6568187475204468,0.6568187475204468,485352000
17/02/2016,0.6650929001805184,0.6794509282390847,0.6624159423257754,0.6731236577033997,0.6731236577033997,771468000
18/02/2016,0.7283653667224175,0.7539177812291074,0.7276352927633126,0.7310422658920288,0.7310422658920288,1068660000
19/02/2016,0.727148880286108,0.7473475054212552,0.7215516827950631,0.7407768368721008,0.7407768368721008,525628000
22/02/2016,0.751484426942229,0.775576700142567,0.7500242786232978,0.7670592069625854,0.7670592069625854,449668000
23/02/2016,0.7609751979572307,0.7763066365440465,0.7573248278076721,0.7690059542655945,0.7690059542655945,369380000
24/02/2016,0.7658425647119006,0.7755768108669063,0.7446705271061476,0.7743600010871887,0.7743600010871887,336852000
25/02/2016,0.7772800728433094,0.7799569723538177,0.7621919724681409,0.7760632634162903,0.7760632634162903,349616000
26/02/2016,0.7797136515833616,0.7816604770865021,0.7631654027239947,0.7709528207778931,0.7709528207778931,361964000
29/02/2016,0.7720520688508912,0.7820660040865709,0.7654575204535348,0.7659459710121155,0.7659459710121155,323344000
01/03/2016,0.7678998663237397,0.799895703792572,0.7666786235929628,0.799895703792572,0.799895703792572,348700000
02/03/2016,0.7954994258678766,0.8074673386580483,0.7940339576515997,0.8045364022254944,0.8045364022254944,233812000
03/03/2016,0.8035591430971838,0.8069785288383515,0.7867063813602264,0.7974531054496765,0.7974531054496765,302004000
04/03/2016,0.8035592708419047,0.8042920047932183,0.7889047082797432,0.7950108051300049,0.7950108051300049,175304000
07/03/2016,0.7906144402250688,0.7959878033877387,0.7796234886479899,0.789881706237793,0.789881706237793,239968000
08/03/2016,0.7818216517752784,0.7864622807201638,0.7730289025967791,0.7754713296890259,0.7754713296890259,274940000
09/03/2016,0.7823103313157886,0.7835315160125484,0.7649690544116693,0.7749830484390259,0.7749830484390259,222788000
10/03/2016,0.7796234433841079,0.7840198470525135,0.7581301084454187,0.7737616300582886,0.7737616300582886,286084000
11/03/2016,0.7852411332961696,0.7871951101461887,0.7759599325127816,0.7869508266448975,0.7869508266448975,277400000
14/03/2016,0.7832870790565841,0.7920798277791006,0.7796234094921805,0.7889046669006348,0.7889046669006348,190312000
15/03/2016,0.7847527015094505,0.7898817816781937,0.7710750961607387,0.7849969267845154,0.7849969267845154,226216000
16/03/2016,0.7791347868146411,0.8111306137537316,0.7754711180600723,0.8084439039230347,0.8084439039230347,363644000
17/03/2016,0.8055132986680817,0.8094211356807952,0.7906144516868907,0.8016054034233093,0.8016054034233093,353680000
18/03/2016,0.811130835915324,0.8365320660533637,0.8060016982541018,0.8257853984832764,0.8257853984832764,545512000
21/03/2016,0.8184579919197406,0.8284719240054143,0.8096652440784445,0.828227698802948,0.828227698802948,337780000
22/03/2016,0.8255413723039615,0.8326243718239374,0.8165043374657989,0.8267625570297241,0.8267625570297241,242012000
23/03/2016,0.8304260522857124,0.8470345337336279,0.8267623824180504,0.8409284949302673,0.8409284949302673,429008000
24/03/2016,0.8333568665068147,0.8436150831232838,0.8306702142964275,0.8421496152877808,0.8421496152877808,244956000
28/03/2016,0.8406844168675897,0.8543620239954793,0.8397074574081842,0.8506984114646912,0.8506984114646912,265388000
29/03/2016,0.8470344387778826,0.8663296287097059,0.8450805205555425,0.8643757104873657,0.8643757104873657,261812000
30/03/2016,0.8675508559097194,0.8853805777430255,0.8670623472467599,0.8734126687049866,0.8734126687049866,376700000
31/03/2016,0.8773205847878239,0.8792745030233917,0.8633987572212632,0.8702375292778015,0.8702375292778015,379884000
01/04/2016,0.8648642581674617,0.8834267745270116,0.8582697106355464,0.8829382658004761,0.8829382658004761,348292000
04/04/2016,0.8902656345183502,0.8949062640628428,0.8709704405268872,0.8743898272514343,0.8743898272514343,393940000
05/04/2016,0.8665738624584717,0.8812284229816495,0.8631544184174258,0.873168408870697,0.873168408870697,339568000
06/04/2016,0.8621776902122925,0.8748783360258251,0.8458134324030487,0.8743898272514343,0.8743898272514343,453376000
07/04/2016,0.8687722558269897,0.8765880469817331,0.8616892569645714,0.8653528690338135,0.8653528690338135,378104000
08/04/2016,0.8724358960599751,0.8780534848403259,0.8624219030695782,0.8709704279899597,0.8709704279899597,255936000
11/04/2016,0.8760995628061147,0.8907541861909051,0.8734129099977348,0.876343846321106,0.876343846321106,387524000
12/04/2016,0.8792744045990685,0.8804956470336329,0.8582695238737322,0.8753665685653687,0.8753665685653687,292764000
13/04/2016,0.879274517126818,0.8975927483653042,0.879274517126818,0.8973485231399536,0.8973485231399536,350716000
14/04/2016,0.8949061480909366,0.903698897266069,0.8912424783379419,0.8997910022735596,0.8997910022735596,416564000
15/04/2016,0.8995467793380962,0.9149340758759762,0.8966158435281932,0.9068740606307983,0.9068740606307983,436972000
18/04/2016,0.9051642240004267,0.9051642240004267,0.8941732746876148,0.9029660224914551,0.9029660224914551,307320000
19/04/2016,0.9063856635215993,0.9080953568772052,0.8812286554958711,0.8868462443351746,0.8868462443351746,309152000
20/04/2016,0.8853806108983913,0.8956388273482914,0.8844036517679369,0.8902654647827148,0.8902654647827148,200172000
21/04/2016,0.8905096096904707,0.8946617875264989,0.8853805310441484,0.8892884254455566,0.8892884254455566,178280000
22/04/2016,0.8922192271467729,0.8983252639207282,0.8829379720547899,0.8858689069747925,0.8858689069747925,223540000
25/04/2016,0.886113344804245,0.8951503186670384,0.8836709178620832,0.8902654647827148,0.8902654647827148,191972000
26/04/2016,0.8956387533526186,0.9058969689550077,0.8870902306452864,0.890998125076294,0.890998125076294,214536000
27/04/2016,0.8888000862080165,0.9117589483550865,0.8870903930000524,0.9112704396247864,0.9112704396247864,352396000
28/04/2016,0.9056528396756854,0.9110262027119624,0.88196130208457,0.8841594457626343,0.8841594457626343,381224000
29/04/2016,0.8804957530842163,0.8824496713364044,0.8582696272473084,0.8677951097488403,0.8677951097488403,321904000
02/05/2016,0.8760995049128765,0.8846480298031066,0.8719473842171859,0.8792746663093567,0.8792746663093567,256076000
03/05/2016,0.8692606578101738,0.872924269429289,0.861200642369652,0.8687721490859985,0.8687721490859985,224024000
04/05/2016,0.8582696126993808,0.8590023465895441,0.840195665360821,0.84898841381073,0.84898841381073,525764000
05/05/2016,0.85607166842258,0.8641316848574562,0.8477673684794509,0.8541176915168762,0.8541176915168762,246884000
06/05/2016,0.8526520541108066,0.8651084724363816,0.8509423610527967,0.862910270690918,0.862910270690918,183240000
09/05/2016,0.8651084170211029,0.8687720281301474,0.8546059758860338,0.861689031124115,0.861689031124115,333336000
10/05/2016,0.8670624504749691,0.879763094903499,0.8587582098403409,0.8782976269721985,0.8782976269721985,269676000
11/05/2016,0.8809844492179896,0.8905098755142777,0.8760995360840115,0.8807401657104492,0.8807401657104492,328176000
12/05/2016,0.8870903818777455,0.8909982769749768,0.8531406269291302,0.8687721490859985,0.8687721490859985,670540000
13/05/2016,0.9571876797904069,1.0013956329743903,0.9525471109616154,1.0009071826934814,1.0009071826934814,2110256000
16/05/2016,0.9933362679308567,1.0453601000423294,0.9901611061089942,1.0304611921310425,1.0304611921310425,973032000
17/05/2016,1.0258202841575292,1.0399863958686164,1.012631189843937,1.0326591730117798,1.0326591730117798,628392000
18/05/2016,1.0258205977581534,1.0710056571998385,1.0258205977581534,1.059037685394287,1.059037685394287,541072000
19/05/2016,1.054885100494956,1.0712494709501446,1.0534197492098718,1.0636779069900513,1.0636779069900513,398880000
20/05/2016,1.0702725630620997,1.08712538566881,1.0685628699239245,1.0827289819717407,1.0827289819717407,391084000
23/05/2016,1.0873694978865927,1.0915215594488337,1.077844015765078,1.0844385623931885,1.0844385623931885,413636000
24/05/2016,1.0877447634499227,1.1141915756247136,1.0848062157897707,1.1107631921768188,1.1107631921768188,415788000
25/05/2016,1.114191279933922,1.1188438429334318,1.0972946937554542,1.1061103343963623,1.1061103343963623,458076000
26/05/2016,1.1080691740629889,1.1259451955609836,1.1048857681756803,1.1178642511367798,1.1178642511367798,309964000
27/05/2016,1.1190887054874137,1.1257003769133198,1.1154154638768286,1.1239862442016602,1.1239862442016602,277416000
31/05/2016,1.128883995921835,1.1465151619732044,1.1281493007544772,1.144066333770752,1.144066333770752,412524000
01/06/2016,1.138679047989624,1.1572896514640267,1.135250782001354,1.1462702751159668,1.1462702751159668,387132000
02/06/2016,1.152392363205687,1.1641465540329383,1.1411280081739563,1.1543514728546143,1.1543514728546143,329208000
03/06/2016,1.1430870922513647,1.1445562493053272,1.1181095540687958,1.138189435005188,1.138189435005188,461076000
06/06/2016,1.1411275824676281,1.1499432222993253,1.1264349661813344,1.1323120594024658,1.1323120594024658,322512000
07/06/2016,1.1391688001529752,1.145535613393134,1.1340264010205137,1.1345161199569702,1.1345161199569702,193400000
08/06/2016,1.1347610285216108,1.1389239899612733,1.121537682532717,1.1308430433273315,1.1308430433273315,234616000
09/06/2016,1.1269249130384222,1.1619422660992171,1.12447608503237,1.1602281332015991,1.1602281332015991,472168000
10/06/2016,1.1465149687266782,1.1567997652037303,1.1298632433497147,1.131332516670227,1.131332516670227,400024000
13/06/2016,1.132556627725814,1.1680638038162872,1.132556627725814,1.1457799673080444,1.1457799673080444,475588000
14/06/2016,1.1430872021677498,1.1533720031339,1.1303535723430378,1.1479847431182861,1.1479847431182861,298344000
15/06/2016,1.1575346886171154,1.1697784796815816,1.1448010618381483,1.159738540649414,1.159738540649414,301036000
16/06/2016,1.1511681685429682,1.1663505106966352,1.139903812504251,1.1643915176391602,1.1643915176391602,246456000
17/06/2016,1.1658604610596683,1.1661053205266023,1.1394136535993367,1.144066333770752,1.144066333770752,471000000
20/06/2016,1.1624322829655618,1.1795736146138105,1.1616975877426001,1.1646361351013184,1.1646361351013184,293768000
21/06/2016,1.1695334095238765,1.1727168156451486,1.1558202305528051,1.1575344800949097,1.1575344800949097,212508000
22/06/2016,1.1599832029486448,1.1675744291841808,1.1545959451373342,1.156554937362671,1.156554937362671,202620000
23/06/2016,1.167574386447173,1.1886338148234115,1.166839691410477,1.1874094009399414,1.1874094009399414,297880000
24/06/2016,1.1386787928694277,1.1597382197694177,1.109293562325236,1.1198232173919678,1.1198232173919678,1017684000
27/06/2016,1.1105182543825065,1.1190890372481992,1.0914178127045422,1.107824683189392,1.107824683189392,449088000
28/06/2016,1.1288837829159069,1.1301080800195684,1.10855893303019,1.1239862442016602,1.1239862442016602,381920000
29/06/2016,1.1337814397359094,1.151167744850899,1.130842892847947,1.1423521041870117,1.1423521041870117,318932000
30/06/2016,1.144311101998349,1.1582691413996788,1.1350058591640084,1.1511677503585815,1.1511677503585815,430940000
01/07/2016,1.1448010480493498,1.1597385266806979,1.1386790942075746,1.1425970792770386,1.1425970792770386,218488000
05/07/2016,1.1362300495358602,1.161452438511682,1.1271696670010816,1.1594934463500977,1.1594934463500977,371084000
06/07/2016,1.1514127591504582,1.1736966064868208,1.1455356645841237,1.1668399572372437,1.1668399572372437,273104000
07/07/2016,1.174676119997014,1.201367789975807,1.1692888608088974,1.197204828262329,1.197204828262329,395400000
08/07/2016,1.2099380706834504,1.251077488656393,1.205285391462312,1.2452003955841064,1.2452003955841064,481932000
11/07/2016,1.2630768782216757,1.2831567589329071,1.2616076044176132,1.2738515138626099,1.2738515138626099,448776000
12/07/2016,1.2880545198802695,1.30470613531221,1.2718925067336895,1.292952060699463,1.292952060699463,436760000
13/07/2016,1.295400299663256,1.3027466665925451,1.2905027606325772,1.2924617528915405,1.2924617528915405,324604000
14/07/2016,1.2993183479446817,1.3174392299423352,1.2885437158101007,1.305685043334961,1.305685043334961,316892000
15/07/2016,1.2890336322944551,1.2963800000503896,1.2694434739673686,1.290502905845642,1.290502905845642,428616000
18/07/2016,1.306419971138539,1.3083789636666117,1.2922170709685368,1.297114610671997,1.297114610671997,252992000
19/07/2016,1.2963802124795845,1.3157255145125513,1.2939313839041484,1.3105831146240234,1.3105831146240234,382652000
20/07/2016,1.3149904741483565,1.3348256067511415,1.3096032161693447,1.3277240991592407,1.3277240991592407,296460000
21/07/2016,1.3247856345472664,1.328948595584723,1.2988286640349662,1.303236484527588,1.303236484527588,361308000
22/07/2016,1.3078894094012872,1.3387439250946045,1.2983391882620972,1.3387439250946045,1.3387439250946045,315768000
25/07/2016,1.346824429717986,1.366659443979038,1.340947336559215,1.363476037979126,1.363476037979126,312528000
26/07/2016,1.3754752594763495,1.3938410027944956,1.3735162670952823,1.3867396116256714,1.3867396116256714,514508000
27/07/2016,1.3987388485936416,1.4011876771814245,1.3644560657307,1.3727818727493286,1.3727818727493286,446676000
28/07/2016,1.3759650027743322,1.3860049410760287,1.371557182263874,1.3757201433181763,1.3757201433181763,221916000
29/07/2016,1.3808626043028365,1.4019220364445735,1.3561300466204569,1.3982489109039307,1.3982489109039307,409588000
01/08/2016,1.4041252810552152,1.4092676775134205,1.380127314150428,1.3891876935958862,1.3891876935958862,301120000
02/08/2016,1.3957997021115083,1.3965343970792437,1.3590682231874083,1.3722915649414062,1.3722915649414062,282748000
03/08/2016,1.3705778596203846,1.3786588061853926,1.3629866320088437,1.3759651184082031,1.3759651184082031,299828000
04/08/2016,1.3825763433468363,1.4077987295424865,1.3798827732090109,1.401431918144226,1.401431918144226,272712000
05/08/2016,1.4175940960567406,1.4259199011039934,1.4107375644609497,1.4251853227615356,1.4251853227615356,371588000
08/08/2016,1.4447750664565724,1.4482033312737548,1.4232258065106942,1.4384082555770874,1.4384082555770874,305064000
09/08/2016,1.4455101943742628,1.4560399689746568,1.4384088026615152,1.4420819282531738,1.4420819282531738,372344000
10/08/2016,1.4548156784853568,1.4570195306743237,1.4281240088935403,1.432776689529419,1.432776689529419,375740000
11/08/2016,1.4403677724872712,1.4680388772569146,1.4374292253536434,1.4619169235229492,1.4619169235229492,681064000
12/08/2016,1.5157899760147813,1.5520317459461326,1.4846906051831623,1.543705940246582,1.543705940246582,1425744000
15/08/2016,1.5454199729367009,1.5549701921160666,1.5214219952629013,1.542236566543579,1.542236566543579,573304000
16/08/2016,1.5400327189780159,1.5424814302590464,1.528278647942663,1.5329313278198242,1.5329313278198242,287652000
17/08/2016,1.5329315562627037,1.5363598226269677,1.4854253126057522,1.4974242448806763,1.4974242448806763,595212000
18/08/2016,1.4952200918048215,1.5231360528431988,1.4893429982108297,1.5206873416900635,1.5206873416900635,331684000
19/08/2016,1.5199531889525786,1.5361150853363523,1.5133415146834515,1.5246058702468872,1.5246058702468872,291560000
22/08/2016,1.5292578712505107,1.5331759722237632,1.5111369899529963,1.5309720039367676,1.5309720039367676,244748000
23/08/2016,1.5465508178716842,1.5534199858275477,1.5389456007881248,1.5433615446090698,1.5433615446090698,339764000
24/08/2016,1.548758218458491,1.5494941503051711,1.512449556776602,1.5195640325546265,1.5195640325546265,298448000
25/08/2016,1.5200552852883737,1.5207912173841582,1.4906158957857556,1.509506106376648,1.509506106376648,406032000
26/08/2016,1.513431118481998,1.5303587230348767,1.5014099608594305,1.5217722654342651,1.5217722654342651,300024000
29/08/2016,1.5279056481744862,1.5340387659247405,1.5183378300682153,1.5207910537719727,1.5207910537719727,274652000
30/08/2016,1.5188281219771025,1.5269239573124342,1.5077883252504327,1.5119589567184448,1.5119589567184448,285544000
31/08/2016,1.5149031017883197,1.5190736167802998,1.5004287206773352,1.5048445463180542,1.5048445463180542,388544000
01/09/2016,1.5060714519858278,1.5548917881681916,1.5048447815686592,1.549249291419983,1.549249291419983,428492000
02/09/2016,1.5524382452316894,1.5541555366700663,1.516620318680735,1.5340385437011719,1.5340385437011719,323148000
06/09/2016,1.5394357385950637,1.5485128164291382,1.5315852138590413,1.5485128164291382,1.5485128164291382,306812000
07/09/2016,1.5436064338385684,1.5512116488455037,1.5168657014626943,1.5256974697113037,1.5256974697113037,397988000
08/09/2016,1.5242256616790637,1.5391907827415685,1.5068074338550408,1.5367374420166016,1.5367374420166016,315808000
09/09/2016,1.5198101374335915,1.5283965977131055,1.4474382094155518,1.4601953029632568,1.4601953029632568,697760000
12/09/2016,1.4408141247351571,1.4933143549972325,1.4062227443829536,1.4903703927993774,1.4903703927993774,598260000
13/09/2016,1.4866903167447767,1.5038633494777949,1.4604402048237024,1.4687813520431519,1.4687813520431519,471768000
14/09/2016,1.4722161671022806,1.4866905509337025,1.4599498134879254,1.4817839860916138,1.4817839860916138,319048000
15/09/2016,1.484237207368533,1.5396813973133034,1.4808025069723603,1.537964105606079,1.537964105606079,515212000
16/09/2016,1.543361030163187,1.551702176612359,1.5239800863324007,1.541643738746643,1.541643738746643,902444000
19/09/2016,1.5578358406738348,1.6010136826107153,1.550721362408992,1.5620064735412598,1.5620064735412598,417128000
20/09/2016,1.579914847701826,1.579914847701826,1.5391903620483758,1.5477768182754517,1.5477768182754517,331112000
21/09/2016,1.55243822563152,1.5941440748627593,1.5521929149979499,1.5912001132965088,1.5912001132965088,336212000
22/09/2016,1.6005227390521541,1.6054293030358977,1.5860483577528532,1.595125436782837,1.595125436782837,308732000
23/09/2016,1.5970883573643118,1.6017494943022101,1.5862938684461394,1.5934083461761475,1.5934083461761475,276132000
26/09/2016,1.5752535401955448,1.5848213555067372,1.5585712495419375,1.5784428119659424,1.5784428119659424,230040000
27/09/2016,1.5723099733285213,1.634868754440531,1.5715740413423447,1.6324154138565063,1.6324154138565063,402752000
28/09/2016,1.6348690536437422,1.6395303080210872,1.6174507066508719,1.6383036375045776,1.6383036375045776,319788000
29/09/2016,1.635604704639042,1.658665661855126,1.6203943905865654,1.6535136699676514,1.6535136699676514,336684000
30/09/2016,1.6625912267447558,1.697427922292051,1.6527780961362843,1.6809909343719482,1.6809909343719482,429932000
03/10/2016,1.6809900597679508,1.7052775629346104,1.6763288076068728,1.6792726516723633,1.6792726516723633,242596000
04/10/2016,1.6817266111038784,1.709939328072829,1.663081595590555,1.675593376159668,1.675593376159668,281624000
05/10/2016,1.6898221701516163,1.70699520177056,1.6687239343246494,1.6738758087158203,1.6738758087158203,305440000
06/10/2016,1.6537590844911927,1.6640628342209414,1.6255462525932283,1.6520417928695679,1.6520417928695679,360212000
07/10/2016,1.6630815694784231,1.6674975126067269,1.6353594743061228,1.640020728111267,1.640020728111267,286260000
10/10/2016,1.6486070311587373,1.6574389165820322,1.6306980666401663,1.6461538076400757,1.6461538076400757,287876000
11/10/2016,1.6407569558074753,1.6432101798247696,1.6098454675247087,1.6223572492599487,1.6223572492599487,388540000
12/10/2016,1.6157331126512429,1.6383033312157536,1.6022400904374419,1.6297168731689453,1.6297168731689453,419920000
13/10/2016,1.6105810820844753,1.6142609756084552,1.5627419983459125,1.6032211780548096,1.6032211780548096,390116000
14/10/2016,1.6228479157481053,1.633887716586948,1.6093548908238202,1.6189227104187012,1.6189227104187012,330636000
17/10/2016,1.618677144673341,1.6338874591554564,1.6073920349021837,1.6095999479293823,1.6095999479293823,195328000
18/10/2016,1.6319247108427597,1.643455130254371,1.6253008553718704,1.6341326236724854,1.6341326236724854,269372000
19/10/2016,1.6230929865550066,1.6383033000891842,1.614751722346051,1.6306980848312378,1.6306980848312378,199060000
20/10/2016,1.6498336811349834,1.6670067134814397,1.6265275315763827,1.661609411239624,1.661609411239624,312084000
21/10/2016,1.6557220151068701,1.6598925311656683,1.6412476302933383,1.6569486856460571,1.6569486856460571,279508000
24/10/2016,1.668233386388538,1.736679971269888,1.6679879587557522,1.7347173690795898,1.7347173690795898,339836000
25/10/2016,1.7317732656778952,1.7737244251051494,1.7234321193149873,1.7631752490997314,1.7631752490997314,397460000
26/10/2016,1.7484558488069257,1.789671083186635,1.7467385571229148,1.7702901363372803,1.7702901363372803,333792000
27/10/2016,1.7837833062515411,1.7872178899028235,1.7268671313499306,1.7339816093444824,1.7339816093444824,388664000
28/10/2016,1.742323206418575,1.7688186379043662,1.727848820000512,1.7310380935668945,1.7310380935668945,290856000
31/10/2016,1.736679907320572,1.7572875220141553,1.7356985477707032,1.7457571029663086,1.7457571029663086,252388000
01/11/2016,1.7521358113120602,1.7617036291359283,1.6753479580561519,1.6939929723739624,1.6939929723739624,473224000
02/11/2016,1.706995438823777,1.7300562799572519,1.6839344807085783,1.6868784427642822,1.6868784427642822,295848000
03/11/2016,1.6947290883172414,1.696201069448509,1.634868951245377,1.6672523021697998,1.6672523021697998,309664000
04/11/2016,1.656212702490444,1.6861428331372077,1.6333971676689194,1.6576846837997437,1.6576846837997437,328780000
07/11/2016,1.7062592878705576,1.7594955614215628,1.7050326175903534,1.7484557628631592,1.7484557628631592,487580000
08/11/2016,1.7550794922723771,1.7607221049661343,1.7295654307745736,1.7457571029663086,1.7457571029663086,429884000
09/11/2016,1.6984084535317232,1.7393783677883794,1.685896793286434,1.7163174152374268,1.7163174152374268,456532000
10/11/2016,1.7538532220515357,1.7540985327331575,1.637812846960078,1.6625909805297852,1.6625909805297852,869280000
11/11/2016,1.950606029209563,2.1777800243129635,1.9258277866770952,2.158153772354126,2.158153772354126,2175344000
14/11/2016,2.1610981673731238,2.163551507851318,2.0514364683882085,2.051927089691162,2.051927089691162,1348796000
15/11/2016,2.067872977076245,2.1453967446515003,2.059041093260949,2.114485502243042,2.114485502243042,626092000
16/11/2016,2.14269780462945,2.2707590428304885,2.118410304215804,2.247943639755249,2.247943639755249,987984000
17/11/2016,2.2646271604578883,2.325468658380084,2.223902543391246,2.266589879989624,2.266589879989624,832988000
18/11/2016,2.2665900214801447,2.3141835749701913,2.252115636675008,2.290386915206909,2.290386915206909,576060000
21/11/2016,2.308295265442337,2.314673810155233,2.266834607826805,2.2810637950897217,2.2810637950897217,436436000
22/11/2016,2.288913677981293,2.299708045799581,2.266343466024243,2.2975001335144043,2.2975001335144043,330368000
23/11/2016,2.3026598337099102,2.340251242504447,2.279318912973031,2.308802366256714,2.308802366256714,443236000
25/11/2016,2.319859412539915,2.3365666845024604,2.295043948229335,2.3134713172912598,2.3134713172912598,195564000
28/11/2016,2.306346482782881,2.327721991024473,2.2997125912460827,2.3122432231903076,2.3122432231903076,278736000
29/11/2016,2.3095400347940123,2.32035080187136,2.27342291577493,2.2911128997802734,2.2911128997802734,444568000
30/11/2016,2.2997115874308665,2.313470720480311,2.262857327441851,2.2653143405914307,2.2653143405914307,440500000
01/12/2016,2.2628579694083286,2.2645778322382206,2.082763025235029,2.153277635574341,2.153277635574341,1035524000
02/12/2016,2.119125317195087,2.1817777459950167,2.0913617249633223,2.1731784343719482,2.1731784343719482,478292000
05/12/2016,2.2110159592378062,2.275388266483678,2.1866920855636254,2.2574524879455566,2.2574524879455566,602284000
06/12/2016,2.2655604584052305,2.30290631765821,2.2498358984204883,2.2945525646209717,2.2945525646209717,498796000
07/12/2016,2.281040147382192,2.341481157530861,2.2628585681456537,2.3358302116394043,2.3358302116394043,480804000
08/12/2016,2.338777262341323,2.3739116594250005,2.2861984470772163,2.2967631816864014,2.2967631816864014,381544000
09/12/2016,2.314453178141749,2.316173040295068,2.2287053968619395,2.2559776306152344,2.2559776306152344,382312000
12/12/2016,2.2075766606720535,2.2100336748873532,2.1508209444557527,2.201188564300537,2.201188564300537,601332000
13/12/2016,2.2134727872614284,2.2675259134400885,2.212490075573326,2.2400078773498535,2.2400078773498535,387796000
14/12/2016,2.273668491907299,2.3859516341851212,2.2498359731941067,2.3697357177734375,2.3697357177734375,983980000
15/12/2016,2.380791352846011,2.455483059448146,2.373420547073213,2.425262451171875,2.425262451171875,746548000
16/12/2016,2.452780984570389,2.474156491723799,2.4011848601027164,2.467031478881836,2.467031478881836,1089528000
19/12/2016,2.449586465093681,2.517152696328942,2.4323876048612636,2.4970057010650635,2.4970057010650635,744656000
20/12/2016,2.569487598844969,2.6075703952420417,2.558185470091252,2.5839836597442627,2.5839836597442627,848056000
21/12/2016,2.595529798345775,2.60314639993633,2.5481105604546603,2.6001980304718018,2.6001980304718018,576136000
22/12/2016,2.6245223399037934,2.674889955647601,2.617397092985077,2.6316475868225098,2.6316475868225098,718612000
23/12/2016,2.6137106928579916,2.698721568408187,2.611008118938464,2.697247266769409,2.697247266769409,647692000
27/12/2016,2.753266133375943,2.883484790592419,2.7326275499495796,2.8825020790100098,2.8825020790100098,1194272000
28/12/2016,2.9385218753129183,2.9466298351086446,2.6704678460532594,2.6842267513275146,2.6842267513275146,2295764000
29/12/2016,2.577348200379878,2.739261786997318,2.525752086728094,2.7377874851226807,2.7377874851226807,2175368000
30/12/2016,2.7358230464073015,2.749827747688481,2.611746627626255,2.6225571632385254,2.6225571632385254,1212932000
03/01/2017,2.5650637840114445,2.613465975330692,2.441724540764207,2.506342649459839,2.506342649459839,1501996000
04/01/2017,2.5404942685326217,2.5920903889805014,2.494549092616518,2.5648181438446045,2.5648181438446045,1199220000
05/01/2017,2.568257595108628,2.599952274436208,2.4827553479805204,2.499708414077759,2.499708414077759,984296000
06/01/2017,2.526980720512505,2.5613782094469117,2.486440931628326,2.533123254776001,2.533123254776001,822856000
09/01/2017,2.5429506808512445,2.6535137029939757,2.5429506808512445,2.6358234882354736,2.6358234882354736,916248000
10/01/2017,2.6488456349308342,2.6827515305072924,2.595283865860237,2.615922451019287,2.615922451019287,880920000
11/01/2017,2.604375968013907,2.609289762914666,2.5589221350343823,2.583737373352051,2.583737373352051,525664000
12/01/2017,2.5608877673658013,2.572435454725247,2.4967609989295103,2.541477680206299,2.541477680206299,625616000
13/01/2017,2.5454075586138436,2.5798050435474065,2.5321400141870813,2.5412309169769287,2.5412309169769287,457820000
17/01/2017,2.5306663328205405,2.5355801260957644,2.4709622566343707,2.484229803085327,2.484229803085327,580612000
18/01/2017,2.4628542542193763,2.5363172314299356,2.435090654920114,2.529437780380249,2.529437780380249,654424000
19/01/2017,2.532387033354377,2.61567786030532,2.5301758139333446,2.583737373352051,2.583737373352051,644872000
20/01/2017,2.6063396689234493,2.6240298812224663,2.533613865419458,2.555480718612671,2.555480718612671,492024000
23/01/2017,2.5503222600549873,2.601918383946501,2.547865245985449,2.582016944885254,2.582016944885254,369904000
24/01/2017,2.5920903076557584,2.643195070581905,2.577348458998703,2.637052536010742,2.637052536010742,428052000
25/01/2017,2.6793118183337445,2.6854543520534233,2.6124827385222997,2.6483542919158936,2.6483542919158936,522760000
26/01/2017,2.6510580244267437,2.7014256513654997,2.6215745526318965,2.6940548419952393,2.6940548419952393,458800000
27/01/2017,2.7009336460535134,2.7490900420365225,2.6743985512481556,2.7461416721343994,2.7461416721343994,471996000
30/01/2017,2.7252567241213255,2.727467942322089,2.651302406038966,2.703144073486328,2.703144073486328,496004000
31/01/2017,2.6768546648240745,2.7038811064701336,2.6584273005556525,2.6825056076049805,2.6825056076049805,362756000
01/02/2017,2.716903215846679,2.8038795244912844,2.699213234344341,2.7997028827667236,2.7997028827667236,590004000
02/02/2017,2.78373292272414,2.8436827945949004,2.7532667480447266,2.835083246231079,2.835083246231079,483240000
03/02/2017,2.8365569754817312,2.8476133011175273,2.7984742062438137,2.810267448425293,2.810267448425293,372744000
06/02/2017,2.800932069877884,2.8827488175398073,2.800932069877884,2.8822574615478516,2.8822574615478516,506768000
07/02/2017,2.9164086093953348,2.9709530974774574,2.896752967567473,2.926973581314087,2.926973581314087,746224000
08/02/2017,2.909037856413489,2.9313960732567126,2.8594071607080433,2.9141974449157715,2.9141974449157715,449580000
09/02/2017,2.920340015082699,2.925254043242033,2.84024337118388,2.859407424926758,2.859407424926758,842568000
10/02/2017,2.9466293833349284,2.965547875186469,2.7665344322816066,2.791595458984375,2.791595458984375,1651092000
13/02/2017,2.7859438050202883,2.800439856758184,2.658427708742335,2.6628503799438477,2.6628503799438477,1180724000
14/02/2017,2.653268863237418,2.706339292307082,2.611500558940596,2.6726789474487305,2.6726789474487305,850632000
15/02/2017,2.6756264023265057,2.6977388197011334,2.6476170122794755,2.6780831813812256,2.6780831813812256,373020000
16/02/2017,2.6876668146044715,2.688895321917091,2.5960222310446093,2.6350879669189453,2.6350879669189453,647176000
17/02/2017,2.621573643241268,2.6390180656735533,2.574645759241575,2.6345953941345215,2.6345953941345215,563740000
21/02/2017,2.6591642490384513,2.7328729975629806,2.6589184540172566,2.7289419174194336,2.7289419174194336,551952000
22/02/2017,2.740997152688993,2.750345401003291,2.705818168851619,2.7247607707977295,2.7247607707977295,433772000
23/02/2017,2.595362182662717,2.617256644904097,2.4521868093194996,2.4721131324768066,2.4721131324768066,1592888000
24/02/2017,2.3879782029756456,2.5092590676893565,2.354275388339651,2.4959747791290283,2.4959747791290283,1029904000
27/02/2017,2.51418002177834,2.583553574792675,2.498435614412585,2.568547248840332,2.568547248840332,715400000
28/02/2017,2.578140502477365,2.587980959057692,2.4792463068609387,2.496466636657715,2.496466636657715,625360000
01/03/2017,2.553294355853931,2.567562832422277,2.4873648818777494,2.528693914413452,2.528693914413452,504804000
02/03/2017,2.5159017676396047,2.529924139843571,2.432751721057641,2.435457706451416,2.435457706451416,754332000
03/03/2017,2.424880138833434,2.4298001346258773,2.3670686046581113,2.421436071395874,2.421436071395874,864692000
06/03/2017,2.3852718991998185,2.4133166349723862,2.3412368920821476,2.402738332748413,2.402738332748413,883568000
07/03/2017,2.4027396453551186,2.4484967103008395,2.3899473274468948,2.4290621280670166,2.4290621280670166,603400000
08/03/2017,2.4772789334462084,2.4920393882643728,2.4224197318084273,2.424633741378784,2.424633741378784,638712000
09/03/2017,2.408643581490326,2.44652832059199,2.3960971356290504,2.4241418838500977,2.4241418838500977,478060000
10/03/2017,2.4504645130745133,2.4622726424854178,2.4202057562294006,2.4384100437164307,2.4384100437164307,499740000
13/03/2017,2.4487418919439135,2.5154094423751507,2.44800381071738,2.5055692195892334,2.5055692195892334,774136000
14/03/2017,2.5183617078253775,2.527709720704154,2.4716204703843276,2.503847360610962,2.503847360610962,522016000
15/03/2017,2.515409845519268,2.5336141315556318,2.467930522493065,2.52278995513916,2.52278995513916,615036000
16/03/2017,2.5333677480242502,2.5542782498889673,2.5193453783583473,2.553786039352417,2.553786039352417,523100000
17/03/2017,2.571252750433401,2.6106138787416953,2.5537863127978806,2.6093838214874268,2.6093838214874268,1119688000
20/03/2017,2.6268505933323514,2.696470247437388,2.61086008160185,2.6925339698791504,2.6925339698791504,748568000
21/03/2017,2.6753135257334493,2.70508030386978,2.5975756835900263,2.605447769165039,2.605447769165039,913484000
22/03/2017,2.594377626153292,2.663259434357664,2.590441583155476,2.6585853099823,2.6585853099823,616764000
23/03/2017,2.6507132845580488,2.6706398417046002,2.624882779562048,2.634476900100708,2.634476900100708,533940000
24/03/2017,2.680726317642567,2.6885984049397056,2.6179947861971335,2.6438252925872803,2.6438252925872803,439500000
27/03/2017,2.5973296105520522,2.6669492626697946,2.548128488573153,2.663013219833374,2.663013219833374,506644000
28/03/2017,2.664243002135655,2.6787573492165864,2.6389044797197596,2.6492366790771484,2.6492366790771484,432444000
29/03/2017,2.6566171847505906,2.6689175244648866,2.638412897814142,2.640626907348633,2.640626907348633,349992000
30/03/2017,2.6477606859816043,2.706064183330034,2.6421026099632385,2.6913037300109863,2.6913037300109863,525532000
31/03/2017,2.6817092825847304,2.7033578665958182,2.6667029604053623,2.679741144180298,2.679741144180298,440808000
03/04/2017,2.680233738945386,2.6974540726673606,2.642594640852505,2.6662113666534424,2.6662113666534424,445232000
04/04/2017,2.543699915815808,2.5687925646744123,2.4684222038493973,2.4792463779449463,2.4792463779449463,1271280000
05/04/2017,2.4605504892940138,2.5183620145054917,2.4477581737638494,2.460796594619751,2.460796594619751,747048000
06/04/2017,2.465962681791643,2.490809231351389,2.4209434723510097,2.478754997253418,2.478754997253418,635120000
07/04/2017,2.4851505863065446,2.50261702205979,2.4531698049702797,2.4681761264801025,2.4681761264801025,429068000
10/04/2017,2.468913782068345,2.475555807849302,2.4010161890765915,2.405198335647583,2.405198335647583,756332000
11/04/2017,2.3751869542647666,2.432998492264625,2.3702669581468396,2.4138100147247314,2.4138100147247314,618148000
12/04/2017,2.4138093046741247,2.428077547289405,2.388716651486409,2.3938827514648438,2.3938827514648438,414092000
13/04/2017,2.3697750057227713,2.3914233642336202,2.3491103649139404,2.3491103649139404,2.3491103649139404,506892000
17/04/2017,2.3619011655060476,2.4413610115300317,2.356735067276256,2.441115140914917,2.441115140914917,497292000
18/04/2017,2.426847026520297,2.44874171418233,2.4010165315609093,2.442591428756714,2.442591428756714,370116000
19/04/2017,2.4600579533162663,2.4841664161537507,2.44554360763795,2.452185869216919,2.452185869216919,380828000
20/04/2017,2.4667004414056484,2.4957291354279074,2.4455438322056087,2.4910550117492676,2.4910550117492676,404016000
21/04/2017,2.4807234326222245,2.5040940590683087,2.468915301320133,2.5013880729675293,2.5013880729675293,341896000
24/04/2017,2.532875837423823,2.5456681514819954,2.511965567692377,2.53262996673584,2.53262996673584,371820000
25/04/2017,2.5471444903874434,2.5911795113567897,2.525742008579459,2.576665163040161,2.576665163040161,388440000
26/04/2017,2.59019599651629,2.5926558770287973,2.5569851461977886,2.558953285217285,2.558953285217285,327004000
27/04/2017,2.566332667903805,2.607169488139887,2.5483742549051143,2.5988054275512695,2.5988054275512695,319700000
28/04/2017,2.5919166018127093,2.5988047326707635,2.560181697290351,2.565840005874634,2.565840005874634,348248000
01/05/2017,2.5766649312045447,2.6285722676432535,2.5695306930406367,2.623405933380127,2.623405933380127,307732000
02/05/2017,2.5965922397342713,2.597822297335379,2.523036296688849,2.545668840408325,2.545668840408325,629972000
03/05/2017,2.538779750574116,2.5742045984887425,2.5240195341318445,2.564610481262207,2.564610481262207,336904000
04/05/2017,2.5707609844770896,2.5818312660604823,2.5468983879355296,2.5547707080841064,2.5547707080841064,209788000
05/05/2017,2.5432081522963643,2.5621505171979413,2.527709619131105,2.555016279220581,2.555016279220581,228428000
08/05/2017,2.566824871406738,2.5683007994263565,2.516885670296576,2.5282020568847656,2.5282020568847656,365240000
09/05/2017,2.533859842803704,2.5813389238364275,2.5254955478217216,2.532383680343628,2.532383680343628,847672000
10/05/2017,2.8116004404431463,2.9968428832950087,2.8049584129302483,2.98380446434021,2.98380446434021,2129096000
11/05/2017,2.953300118710733,3.2086542052950953,2.949856051987478,3.111973762512207,3.111973762512207,1939792000
12/05/2017,3.1151721068165155,3.1882358274213143,3.0942616001687777,3.1461687088012695,3.1461687088012695,962620000
15/05/2017,3.187251466661219,3.3065642042293364,3.1828232136530166,3.3041040897369385,3.3041040897369385,1087540000
16/05/2017,3.355027763284398,3.3811046055977965,3.280734217818438,3.3656060695648193,3.3656060695648193,1120700000
17/05/2017,3.2989384674204794,3.31763496489297,3.1378046986034867,3.141986846923828,3.141986846923828,1271368000
18/05/2017,3.185776152909239,3.282456613656079,3.1255047394439517,3.2736003398895264,3.2736003398895264,1156032000
19/05/2017,3.3745680800301447,3.4038734765702734,3.3299941914250475,3.349202871322632,3.349202871322632,1018372000
22/05/2017,3.3927920481578564,3.4349032347279596,3.381956237164519,3.4206199645996094,3.4206199645996094,836608000
23/05/2017,3.440321492733043,3.4425378341180584,3.3420617341926824,3.3745687007904053,3.3745687007904053,681248000
24/05/2017,3.4713511189586894,3.4740601897071843,3.400426777793716,3.412493944168091,3.412493944168091,815996000
25/05/2017,3.4477083881124697,3.448447246648032,3.360038102252431,3.404858350753784,3.404858350753784,608228000
26/05/2017,3.3967321909276316,3.5777368276352832,3.3765385214102763,3.4930217266082764,3.4930217266082764,779140000
30/05/2017,3.5388269272658746,3.602609499324451,3.5228198105537465,3.5676400661468506,3.5676400661468506,989652000
31/05/2017,3.6124601753040957,3.6200944219490516,3.498193309851865,3.5548343658447266,3.5548343658447266,887316000
01/06/2017,3.570595036404311,3.5715802595612605,3.5097676640077573,3.5550804138183594,3.5550804138183594,503340000
02/06/2017,3.5521254659077153,3.578229536571795,3.5314393009931218,3.5373497009277344,3.5373497009277344,487456000
05/06/2017,3.521096222752997,3.657773105835991,3.5095217873907476,3.6449673175811768,3.6449673175811768,817376000
06/06/2017,3.640288124366664,3.686339734302007,3.615169277907878,3.628467559814453,3.628467559814453,758728000
07/06/2017,3.652846962358703,3.6910179524996662,3.6373323427602804,3.672301769256592,3.672301769256592,612612000
08/06/2017,3.77918207592166,3.940239432231675,3.7380558719402037,3.9387619495391846,3.9387619495391846,1161744000
09/06/2017,4.056968330407867,4.14956380069362,3.515431473646159,3.6841230392456055,3.6841230392456055,3692928000
12/06/2017,3.5925122421139295,3.7358383517528133,3.4996704154833407,3.693234443664551,3.693234443664551,1697532000
13/06/2017,3.802329816191044,3.8114417787452792,3.586848036425052,3.7284505367279053,3.7284505367279053,1672504000
14/06/2017,3.7314062864358495,3.7939575066201057,3.6570342670629152,3.7363314628601074,3.7363314628601074,1184640000
15/06/2017,3.6191099276725516,3.7826297544473553,3.6077816209849307,3.7523393630981445,3.7523393630981445,963824000
16/06/2017,3.7619426381815324,3.8097180891606337,3.6998839187474015,3.733868360519409,3.733868360519409,924960000
19/06/2017,3.7779501508963578,3.8794114624953737,3.7742563272961287,3.874239921569824,3.874239921569824,778176000
20/06/2017,3.9163515107273805,3.9830892903287847,3.8643897316173206,3.8685760498046875,3.8685760498046875,1095444000
21/06/2017,3.8961567720194057,3.93088007009331,3.8343441862733734,3.9271860122680664,3.9271860122680664,682652000
22/06/2017,3.935314128287521,3.9486126471680145,3.876210591546436,3.9000983238220215,3.9000983238220215,469132000
23/06/2017,3.9077312716096606,3.9234922564680947,3.773270523660723,3.78829288482666,3.78829288482666,1088588000
26/06/2017,3.82104672036734,3.8565088845271616,3.652847863839055,3.7469210624694824,3.7469210624694824,1063960000
27/06/2017,3.7294357453078026,3.7380549794308036,3.604086951512202,3.609750986099243,3.609750986099243,999492000
28/06/2017,3.677228406336262,3.741749846245714,3.5893117295677457,3.7370707988739014,3.7370707988739014,994948000
29/06/2017,3.708750235728438,3.7117052009276175,3.548185383745151,3.6122143268585205,3.6122143268585205,1064424000
30/06/2017,3.6294525119362326,3.642997158218918,3.5339018338572425,3.5600059032440186,3.5600059032440186,731060000
03/07/2017,3.572072251372009,3.586848013226471,3.41273879078834,3.431208610534668,3.431208610534668,709072000
05/07/2017,3.4944991131568592,3.551632661051754,3.475536796977167,3.522819757461548,3.522819757461548,820188000
06/07/2017,3.4937601661978737,3.5801991038293846,3.441798163885764,3.5334086418151855,3.5334086418151855,746284000
07/07/2017,3.59005028245495,3.6324078348739786,3.567147541766869,3.6141841411590576,3.6141841411590576,654972000
10/07/2017,3.6875714535776085,3.7924802367571315,3.6614673813364482,3.785092353820801,3.785092353820801,958492000
11/07/2017,3.7887855124868475,3.8464115493538045,3.7469204610340032,3.8387773036956787,3.8387773036956787,757956000
12/07/2017,3.8983743960142183,4.014118761027232,3.8555243445048655,4.002051830291748,4.002051830291748,1145208000
13/07/2017,4.014118717783688,4.095386136962693,3.9094562961653065,3.955754041671753,3.955754041671753,1369132000
14/07/2017,3.9720067508002272,4.063617235487492,3.965111363227694,4.062139987945557,4.062139987945557,941948000
17/07/2017,4.096124522593807,4.124937662792359,3.983335137229177,4.044901371002197,4.044901371002197,930792000
18/07/2017,3.984072812482776,4.1015414447296745,3.972252016440113,4.087011814117432,4.087011814117432,776640000
19/07/2017,4.096124432602658,4.122474866505804,4.053767116463618,4.065834045410156,4.065834045410156,687044000
20/07/2017,4.086274986920339,4.125184617713554,4.03652954274942,4.124938488006592,4.124938488006592,699596000
21/07/2017,4.104497489253721,4.169265285238735,4.090213984466443,4.139713287353516,4.139713287353516,648332000
24/07/2017,4.1468555472670205,4.1564597710688105,4.081102758647979,4.091691970825195,4.091691970825195,652524000
25/07/2017,4.068788925693942,4.086273994619044,4.028401587040156,4.071990489959717,4.071990489959717,496556000
26/07/2017,4.129369263554187,4.184778953378567,4.084302653201963,4.119026184082031,4.119026184082031,640404000
27/07/2017,4.143900189272726,4.155474859753115,3.8801504060522483,3.9830892086029053,3.9830892086029053,782856000
28/07/2017,3.9473798569263776,4.072728880769241,3.922507378594652,4.048348426818848,4.048348426818848,513348000
31/07/2017,4.061894224591559,4.097848887109207,3.955507954597738,4.002051830291748,4.002051830291748,559672000
01/08/2017,3.9926918179241198,4.0525341834867605,3.9648641456317457,4.05081033706665,4.05081033706665,431384000
02/08/2017,4.081840843512401,4.085780796267162,3.971514181257852,4.048348426818848,4.048348426818848,478444000
03/08/2017,4.047856697622573,4.103512530131977,4.030864357431836,4.099818706512451,4.099818706512451,442420000
04/08/2017,4.122473801289962,4.188226569375116,4.099817666591106,4.117794990539551,4.117794990539551,589096000
07/08/2017,4.146855293656474,4.244868441857209,4.137250600728978,4.244376182556152,4.244376182556152,717412000
08/08/2017,4.282300929431514,4.298800541001937,4.154735779834138,4.193892002105713,4.193892002105713,755336000
09/08/2017,4.147839818293603,4.240928014512272,4.129123633258059,4.238465309143066,4.238465309143066,530784000
10/08/2017,4.239696441922096,4.252009968811545,4.046871260992244,4.0569682121276855,4.0569682121276855,1328088000
11/08/2017,3.8698066224747025,3.9156118624772414,3.76563672072678,3.840747356414795,3.840747356414795,1497196000
14/08/2017,3.932111633505728,4.150794748612333,3.9205372001939103,4.147100925445557,4.147100925445557,1279020000
15/08/2017,4.152272322117374,4.17837615242877,4.077900314121639,4.112131118774414,4.112131118774414,764532000
16/08/2017,4.127153257098159,4.150548251270074,4.034803928406367,4.06706428527832,4.06706428527832,596632000
17/08/2017,4.058692094862847,4.075683963608621,3.9742231315339946,3.9764392375946045,3.9764392375946045,525444000
18/08/2017,4.030617817555207,4.047610156016509,3.9313728566700683,3.9771780967712402,3.9771780967712402,601204000
21/08/2017,4.001558664559352,4.012886733949462,3.8754710097611156,3.9193060398101807,3.9193060398101807,623672000
22/08/2017,3.9557838309178948,4.0124744959068295,3.9365582458633277,4.006558895111084,4.006558895111084,450456000
23/08/2017,3.9732852272089723,4.097758279365605,3.964657935157053,4.086666584014893,4.086666584014893,579520000
24/08/2017,4.118709920085873,4.123146975320429,4.0452587441289625,4.071631908416748,4.071631908416748,469700000
25/08/2017,4.095786907874357,4.105892748717175,4.0312084411115725,4.037617206573486,4.037617206573486,357200000
28/08/2017,4.0565971129000955,4.069414176529954,4.001138619297182,4.06620979309082,4.06620979309082,389496000
29/08/2017,4.007547284535115,4.0812452810059865,3.999413152953871,4.059554576873779,4.059554576873779,324096000
30/08/2017,4.079273138115142,4.0948018921779195,4.048956079496078,4.083710193634033,4.083710193634033,384400000
31/08/2017,4.103920107344961,4.180329300780093,4.096525957412655,4.176385879516602,4.176385879516602,612684000
01/09/2017,4.188955924079053,4.2370197714748015,4.1803286336572905,4.201526165008545,4.201526165008545,445432000
05/09/2017,4.150259281382599,4.155189028900126,4.031455469045745,4.089378356933594,4.089378356933594,695364000
06/09/2017,4.1221613391327265,4.135964258037105,4.0521604188662375,4.0869140625,4.0869140625,397672000
07/09/2017,4.103674130978046,4.138181420776897,4.0657161121993095,4.105892658233643,4.105892658233643,352868000
08/09/2017,4.094308108371186,4.109096880811328,4.01050428099938,4.034659385681152,4.034659385681152,498856000
11/09/2017,4.080259264569538,4.176140654139937,4.074836353686888,4.165541648864746,4.165541648864746,567444000
12/09/2017,4.1901909136616915,4.1901909136616915,4.1155070467845976,4.180578231811523,4.180578231811523,411488000
13/09/2017,4.155435727449726,4.228147864053184,4.123146959764327,4.199309825897217,4.199309825897217,580960000
14/09/2017,4.160364669856896,4.253288472927514,4.135963221516704,4.175400257110596,4.175400257110596,513712000
15/09/2017,4.260682739411377,4.439382076263428,4.255506645978332,4.439382076263428,4.439382076263428,1364792000
18/09/2017,4.563363624370527,4.712731803788158,4.556462164672332,4.62276554107666,4.62276554107666,1684460000
19/09/2017,4.572483350202517,4.679456439529213,4.550546300202024,4.617835998535156,4.617835998535156,874280000
20/09/2017,4.621532532436422,4.668856886411097,4.540439925009208,4.580616474151611,4.580616474151611,724920000
21/09/2017,4.477093556140102,4.503220838627375,4.37776145965479,4.4554033279418945,4.4554033279418945,1075600000
22/09/2017,4.444065476757586,4.4936083539713785,4.4021635665339405,4.412022590637207,4.412022590637207,491232000
25/09/2017,4.381213021505902,4.382445693529425,4.194133651174554,4.214838027954102,4.214838027954102,874580000
26/09/2017,4.349168794371654,4.404134096599956,4.198814838561957,4.238498210906982,4.238498210906982,1125620000
27/09/2017,4.328714445360241,4.344735897719364,4.257973990595443,4.331425666809082,4.331425666809082,713720000
28/09/2017,4.3385706639466735,4.3425145553974716,4.28286584166587,4.330190658569336,4.330190658569336,435244000
29/09/2017,4.413995873071756,4.43001685000342,4.368889568954484,4.406354904174805,4.406354904174805,619092000
02/10/2017,4.456389374418309,4.485474224219115,4.362726529867753,4.412022590637207,4.412022590637207,503480000
03/10/2017,4.418184541803863,4.4509669370214695,4.377022140638346,4.421142578125,4.421142578125,390332000
04/10/2017,4.427304884080673,4.480298494552268,4.390825410645643,4.458115100860596,4.458115100860596,427848000
05/10/2017,4.4825180845016925,4.485968814554949,4.4258269148924265,4.45565128326416,4.45565128326416,437364000
06/10/2017,4.428043572555369,4.482023028500472,4.412022131163673,4.46871280670166,4.46871280670166,318800000
09/10/2017,4.5054394576548615,4.602553509236207,4.486706793186109,4.569524765014648,4.569524765014648,563492000
10/10/2017,4.718397306684266,4.755862616180236,4.615614521906811,4.6567769050598145,4.6567769050598145,974876000
11/10/2017,4.673293922482881,4.707801688410568,4.6274485823653055,4.70632266998291,4.70632266998291,529508000
12/10/2017,4.709770733498185,4.759313591640127,4.681425403688993,4.70853853225708,4.70853853225708,528292000
13/10/2017,4.7706543646213495,4.806394332746527,4.72382316858834,4.79628849029541,4.79628849029541,628728000
16/10/2017,4.826112073513968,4.881570554708424,4.763012625127096,4.878612518310547,4.878612518310547,576640000
17/10/2017,4.857907760030777,4.902520887784126,4.839668260816409,4.874175548553467,4.874175548553467,478596000
18/10/2017,4.883050891697038,4.883789930869529,4.764986093004536,4.8699870109558105,4.8699870109558105,567316000
19/10/2017,4.792590212722617,4.880337449288368,4.74354050132985,4.875408172607422,4.875408172607422,570772000
20/10/2017,4.892415442013617,4.919528109046562,4.844351116105499,4.853224754333496,4.853224754333496,451620000
23/10/2017,4.874915176374962,4.901288805556554,4.826111809617768,4.846323490142822,4.846323490142822,428696000
24/10/2017,4.8554434515344616,4.898824382684523,4.829562982720472,4.897099018096924,4.897099018096924,407244000
25/10/2017,4.857662009874665,4.910409273425949,4.711991404334285,4.773365020751953,4.773365020751953,828160000
26/10/2017,4.800971234910292,4.834985363451072,4.77706247731095,4.823400974273682,4.823400974273682,322744000
27/10/2017,4.87540893720953,4.975726902829086,4.849527997474675,4.975480556488037,4.975480556488037,572192000
30/10/2017,4.975479569221269,5.079740936115808,4.959704474118861,5.024282932281494,5.024282932281494,504056000
31/10/2017,5.056080600717276,5.124109338905308,5.050411343315498,5.097489356994629,5.097489356994629,411908000
01/11/2017,5.160095533477373,5.175377470353398,5.043016603009311,5.107101917266846,5.107101917266846,502576000
02/11/2017,5.077523100712141,5.12213622811897,5.019599750923524,5.076044082641602,5.076044082641602,342308000
03/11/2017,5.107101616765413,5.143827438354492,5.061256278961522,5.143827438354492,5.143827438354492,353640000
06/11/2017,5.107100466940725,5.175622346932733,5.09477657044455,5.166995525360107,5.166995525360107,389944000
07/11/2017,5.189672940245491,5.247596297681058,5.17759538803687,5.226151943206787,5.226151943206787,427700000
08/11/2017,5.221714597758351,5.225412142884129,5.1080868969674915,5.155411243438721,5.155411243438721,522988000
09/11/2017,5.059531157134242,5.085657975283052,4.938755152001494,5.060763359069824,5.060763359069824,978564000
10/11/2017,5.2520335911787255,5.389816901663967,5.216293622400182,5.327456951141357,5.327456951141357,1253256000
13/11/2017,5.327455607206394,5.352842910449385,5.225658637548273,5.240940570831299,5.240940570831299,582376000
14/11/2017,5.250061339039426,5.294428131390029,5.206434055911553,5.279146194458008,5.279146194458008,529292000
15/11/2017,5.224180444166654,5.225413116147014,5.1218907657475885,5.175623416900635,5.175623416900635,501948000
16/11/2017,5.249567581938719,5.27963828684844,5.206926163044648,5.215799331665039,5.215799331665039,441768000
17/11/2017,5.2727375737671665,5.307984377038409,5.194602999228636,5.2096381187438965,5.2096381187438965,515664000
20/11/2017,5.225164942142142,5.288757542236447,5.188439130770803,5.276679992675781,5.276679992675781,396100000
21/11/2017,5.31636458158839,5.336822610645491,5.28456850935705,5.32523775100708,5.32523775100708,399176000
22/11/2017,5.3523693121000955,5.3523693121000955,5.268753787221783,5.30131196975708,5.30131196975708,356640000
24/11/2017,5.317592910836993,5.3523711740105515,5.293174030214423,5.351384162902832,5.351384162902832,180752000
27/11/2017,5.3600167852092,5.36124984326041,5.278620840230842,5.281827449798584,5.281827449798584,422896000
28/11/2017,5.287006378794431,5.296379218174558,5.136301396260174,5.1972246170043945,5.1972246170043945,512752000
29/11/2017,5.179958749819488,5.1826718533812475,4.716744420488004,4.844757556915283,4.844757556915283,1396788000
30/11/2017,4.913327641477254,4.999162777696398,4.850431335234813,4.9505720138549805,4.9505720138549805,823768000
01/12/2017,4.916040837349313,4.936266563816445,4.7473301831448635,4.875836372375488,4.875836372375488,811548000
04/12/2017,4.934292438453037,4.940459139041359,4.550747466791511,4.604024410247803,4.604024410247803,1240844000
05/12/2017,4.498949207198729,4.753001884322961,4.454058571438754,4.630661964416504,4.630661964416504,981488000
06/12/2017,4.580346496342485,4.689860497206553,4.559134227522635,4.668155193328857,4.668155193328857,467032000
07/12/2017,4.734749822443466,4.775201267594271,4.689365675831851,4.735489845275879,4.735489845275879,542600000
08/12/2017,4.785313678599973,4.804306343503524,4.714771107654795,4.7231574058532715,4.7231574058532715,466876000
11/12/2017,4.737216948042068,4.8043068705364815,4.721431360662924,4.801346778869629,4.801346778869629,372748000
12/12/2017,4.757934568907558,4.781119907157824,4.683691900753984,4.707123756408691,4.707123756408691,455016000
13/12/2017,4.7480696905522,4.749302748407478,4.584785261955489,4.592185020446777,4.592185020446777,554280000
14/12/2017,4.585771589774533,4.670127139033691,4.553213406647107,4.599337577819824,4.599337577819824,438164000
15/12/2017,4.6432429967173015,4.7451107138953725,4.578373136114201,4.724884986877441,4.724884986877441,670036000
18/12/2017,4.765336506689484,4.884223354769753,4.735738406280227,4.881263732910156,4.881263732910156,477704000
19/12/2017,4.871889726726696,4.877069416582788,4.808746437616341,4.837111473083496,4.837111473083496,373100000
20/12/2017,4.876330029894539,4.885455882477419,4.798634201462994,4.85413122177124,4.85413122177124,288820000
21/12/2017,4.857583993827212,4.882495904153464,4.823299243634855,4.831685543060303,4.831685543060303,300904000
22/12/2017,4.794933165984722,4.825764782717347,4.717237360091629,4.816391944885254,4.816391944885254,466276000
26/12/2017,4.7611420095520245,4.877562237927142,4.731296929589327,4.869915962219238,4.869915962219238,355080000
27/12/2017,4.856598617794886,4.932320907369323,4.842046084286312,4.863257884979248,4.863257884979248,329488000
28/12/2017,4.886935040973131,4.917766661050343,4.862763156214111,4.868929386138916,4.868929386138916,240248000
29/12/2017,4.895076532091634,4.895076532091634,4.772736549377441,4.772736549377441,4.772736549377441,279964000
02/01/2018,4.828970860094172,4.920726156807734,4.797399691428624,4.917026042938232,4.917026042938232,355616000
03/01/2018,5.034187351222553,5.270974459812394,5.025554534443815,5.240635871887207,5.240635871887207,914704000
04/01/2018,5.32178248259708,5.378266013542218,5.246059775243076,5.268258571624756,5.268258571624756,583268000
05/01/2018,5.283060704235155,5.3501501614380835,5.206351418828045,5.312905788421631,5.312905788421631,580124000
08/01/2018,5.436232596375194,5.549692755787042,5.391341473561443,5.475697040557861,5.475697040557861,881216000
09/01/2018,5.4811231921568115,5.520587635932108,5.392821463925591,5.474216938018799,5.474216938018799,497000000
10/01/2018,5.381969196102895,5.520588270746112,5.327705697285407,5.517135143280029,5.517135143280029,582664000
11/01/2018,5.549691790161697,5.581016916627212,5.505540698045821,5.5269999504089355,5.5269999504089355,406032000
12/01/2018,5.515161424063355,5.549446177211849,5.45941788550729,5.499868869781494,5.499868869781494,359916000
16/01/2018,5.526259614577801,5.611601231975617,5.344723025023054,5.429078102111816,5.429078102111816,702348000
17/01/2018,5.443632917139485,5.552653429568392,5.349904962058472,5.542787551879883,5.542787551879883,538408000
18/01/2018,5.5235462047693105,5.59014261736738,5.492468067071487,5.535879135131836,5.535879135131836,408632000
19/01/2018,5.6259092575958345,5.69990498226248,5.599024260345444,5.6757330894470215,5.6757330894470215,609380000
22/01/2018,5.683623923825004,5.765759403905469,5.6261538336060335,5.76403284072876,5.76403284072876,550944000
23/01/2018,5.81731075179538,5.915478822223645,5.798812059154426,5.892786979675293,5.892786979675293,475228000
24/01/2018,5.895993134251916,5.931757932087007,5.760580690221696,5.816077709197998,5.816077709197998,579972000
25/01/2018,5.870341226817161,5.913505784199402,5.814844678037979,5.829643726348877,5.829643726348877,409884000
26/01/2018,5.873300561807577,6.002053253470751,5.860474596136924,6.001806735992432,6.001806735992432,516356000
29/01/2018,5.987255503575934,6.119708338361881,5.934718571671923,6.088629722595215,6.088629722595215,455116000
30/01/2018,5.947049662011899,6.0780224204722435,5.880453248465312,5.98676061630249,5.98676061630249,570832000
31/01/2018,6.061989335857761,6.148317960547332,6.0294311547019825,6.062729358673096,6.062729358673096,478576000
01/02/2018,5.883166223302606,6.0898617123392205,5.8718203038183265,5.932003498077393,5.932003498077393,519224000
02/02/2018,5.845677062550417,5.869602436828789,5.701878299338071,5.759841442108154,5.759841442108154,718464000
05/02/2018,5.599024109027706,5.752688751083568,5.05638724129298,5.270975589752197,5.270975589752197,1165204000
06/02/2018,5.041587188137092,5.566957843669648,5.0317208428353695,5.563998222351074,5.563998222351074,1114800000
07/02/2018,5.662658447930693,5.795604278287759,5.591622372278017,5.64341926574707,5.64341926574707,802932000
08/02/2018,5.7687204549270295,5.801771678249629,5.364949240065885,5.365196228027344,5.365196228027344,1144000000
09/02/2018,5.876507348422898,5.8922929356700235,5.365195739853088,5.724322319030762,5.724322319030762,1674604000
12/02/2018,5.805223889193836,5.808183980638208,5.550431618808309,5.624427318572998,5.624427318572998,1093172000
13/02/2018,5.588168963481354,5.784011549380262,5.5558573008350685,5.737887382507324,5.737887382507324,625524000
14/02/2018,5.6976838233451055,5.9835547195632675,5.68658442063882,5.954696178436279,5.954696178436279,744988000
15/02/2018,6.037817143806099,6.126118844517371,5.95716171785793,6.0799946784973145,6.0799946784973145,698900000
16/02/2018,6.052865513692763,6.166325680394429,6.005261283731539,6.014387607574463,6.014387607574463,637656000
20/02/2018,6.0368315366604435,6.212448425008004,6.033131422201149,6.143632411956787,6.143632411956787,686240000
21/02/2018,6.208008474526043,6.21491472726364,5.953215734733468,5.956915378570557,5.956915378570557,892292000
22/02/2018,5.990728629474634,6.062302201323417,5.911010217415333,5.976413726806641,5.976413726806641,534364000
23/02/2018,6.03614134197423,6.069706916809082,5.9855460736450565,6.069706916809082,6.069706916809082,415300000
26/02/2018,6.115858970600279,6.120301396429439,6.023553298640436,6.085748672485352,6.085748672485352,469312000
27/02/2018,6.059093040358581,6.143254341538218,6.049961518232413,6.0729146003723145,6.0729146003723145,455436000
28/02/2018,6.0837750668917785,6.123264036362615,5.9611124025141065,5.972712516784668,5.972712516784668,523116000
01/03/2018,5.9704900571951,6.0242939219818235,5.630144306167082,5.731088161468506,5.731088161468506,1040120000
02/03/2018,5.623729457549169,5.844374588483367,5.475398878940523,5.837957382202148,5.837957382202148,913428000
05/03/2018,5.787852553284611,5.85547749706635,5.664696117433588,5.815988540649414,5.815988540649414,620776000
06/03/2018,5.9011371260398,5.995910913706683,5.858192893255827,5.976659774780273,5.976659774780273,636808000
07/03/2018,5.873988605003276,6.020838626112976,5.872754780872229,5.968762397766113,5.968762397766113,581208000
08/03/2018,5.996156920615679,5.996156920615679,5.9082936872266165,5.95247220993042,5.95247220993042,411912000
09/03/2018,5.999859627770322,6.0677312503585314,5.983817560932842,6.054897785186768,6.054897785186768,505524000
12/03/2018,6.09611443700057,6.2441978073361675,6.087969597429513,6.1642327308654785,6.1642327308654785,605060000
13/03/2018,6.206928819267183,6.281217628199101,6.072419428934576,6.113636016845703,6.113636016845703,619772000
14/03/2018,6.156582100395406,6.183730939722252,6.07686368945414,6.139059066772461,6.139059066772461,505496000
15/03/2018,6.152633420557715,6.234819478970898,6.111910162003483,6.153867244720459,6.153867244720459,401952000
16/03/2018,6.170157190258023,6.201007976209314,6.132642529094232,6.182003974914551,6.182003974914551,399456000
19/03/2018,6.1252394177871,6.154115429457024,5.849309945747642,5.948032379150391,5.948032379150391,713772000
20/03/2018,5.950992259876718,6.198538995992041,5.950992259876718,6.159790515899658,6.159790515899658,554696000
21/03/2018,6.153374188546132,6.219518657987136,6.104259884011307,6.134617328643799,6.134617328643799,438688000
22/03/2018,6.071433740536841,6.117833246957646,5.9317414091867295,5.969008922576904,5.969008922576904,551196000
23/03/2018,5.9825845191133915,5.9850526385466,5.738740156358445,5.749846458435059,5.749846458435059,735620000
26/03/2018,5.8739887035492195,6.035153158563368,5.822159615755501,6.033919334411621,6.033919334411621,611424000
27/03/2018,6.114623867886442,6.170155360278043,5.4260347744670705,5.56597375869751,5.56597375869751,1409000000
28/03/2018,5.531669156590106,5.661489029596808,5.355696441631368,5.463057041168213,5.463057041168213,945904000
29/03/2018,5.53117509749563,5.812287421611704,5.447014258044291,5.715786457061768,5.715786457061768,916628000
02/04/2018,5.645445511628275,5.791307887143642,5.368035189698574,5.45565128326416,5.45565128326416,922092000
03/04/2018,5.622247244965913,5.685182639429229,5.4630570809028605,5.561779499053955,5.561779499053955,667432000
04/04/2018,5.306580393249155,5.594109865106249,5.2816530064895035,5.583744049072266,5.583744049072266,789168000
05/04/2018,5.641991734284166,5.655072342900288,5.392470663279069,5.463797569274902,5.463797569274902,701240000
06/04/2018,5.361372021845486,5.469226420048848,5.258700532256258,5.287823677062988,5.287823677062988,662988000
09/04/2018,5.35076046997515,5.478359371517432,5.296462784619328,5.3164544105529785,5.3164544105529785,499524000
10/04/2018,5.546230121596091,5.651863073109065,5.489217655227911,5.6249613761901855,5.6249613761901855,761676000
11/04/2018,5.610152401192631,5.651368994683617,5.551165635609601,5.583744049072266,5.583744049072266,460244000
12/04/2018,5.676543700399584,5.807844522571264,5.632365171141594,5.790074348449707,5.790074348449707,593920000
13/04/2018,5.853502906961864,5.861894416386621,5.665436781316374,5.713563919067383,5.713563919067383,503036000
16/04/2018,5.720227938489726,5.746636291414428,5.619284093660845,5.713317394256592,5.713317394256592,350792000
17/04/2018,5.765394640750435,5.883861537842281,5.709863135630631,5.862636089324951,5.862636089324951,447224000
18/04/2018,5.812288139933234,5.904840501847748,5.744910314204756,5.8337602615356445,5.8337602615356445,391364000
19/04/2018,5.719734139343891,5.7530530365769,5.597565320235047,5.6528496742248535,5.6528496742248535,471996000
20/04/2018,5.64421243710298,5.728373276907721,5.613608794921182,5.6447062492370605,5.6447062492370605,386200000
23/04/2018,5.662476910211806,5.713565522288762,5.4995847963876985,5.52549934387207,5.52549934387207,427508000
24/04/2018,5.551166260663302,5.646926734437676,5.394197566372865,5.459354400634766,5.459354400634766,414596000
25/04/2018,5.429736089366668,5.4687317002254945,5.1903342585311325,5.3473029136657715,5.3473029136657715,588492000
26/04/2018,5.508715131149812,5.566714747447893,5.4428178169536,5.55856990814209,5.55856990814209,375824000
27/04/2018,5.664202577898577,5.683947055415949,5.543760935520775,5.585964679718018,5.585964679718018,400848000
30/04/2018,5.602255428496605,5.651863541956234,5.5314223371501665,5.550673007965088,5.550673007965088,327844000
01/05/2018,5.542528778860917,5.608672774903444,5.4840353406024684,5.605957984924316,5.605957984924316,253788000
02/05/2018,5.602500362758492,5.646925078847882,5.559308999671127,5.585470676422119,5.585470676422119,268248000
03/05/2018,5.61731103135347,5.77650119612448,5.5721453424345535,5.750339508056641,5.750339508056641,443144000
04/05/2018,5.721710409008019,5.903359855054719,5.704434043880585,5.900151252746582,5.900151252746582,400660000
07/05/2018,6.00455094666938,6.194591921954311,5.994678468124128,6.137579441070557,6.137579441070557,687616000
08/05/2018,6.137825164941623,6.182744182199865,6.088957533470975,6.180029392242432,6.180029392242432,506616000
09/05/2018,6.2000211846200886,6.3150328234467255,6.172872340759179,6.312811374664307,6.312811374664307,596760000
10/05/2018,6.365628330888021,6.429304216047019,6.347858152211436,6.420172691345215,6.420172691345215,994080000
11/05/2018,6.2387690999360315,6.4117803545020395,6.183484734377589,6.2819600105285645,6.2819600105285645,1214456000
14/05/2018,6.319967484089346,6.379694737368533,6.278750887137057,6.302443981170654,6.302443981170654,523140000
15/05/2018,6.239015354185989,6.241730614738236,5.960371154923462,6.060574531555176,6.060574531555176,963528000
16/05/2018,6.022072436580242,6.133628779298271,5.985298263716982,6.071680545806885,6.071680545806885,553828000
17/05/2018,6.0734065821262435,6.20717548987874,6.057364048211682,6.113636016845703,6.113636016845703,519784000
18/05/2018,6.165468693995751,6.228650767080164,6.0650181560818455,6.0699543952941895,6.0699543952941895,483716000
21/05/2018,6.167194573909057,6.170896516890969,5.935443245883082,6.027995586395264,6.027995586395264,640624000
22/05/2018,6.041325038578141,6.066499105298722,5.929521527380091,5.989989280700684,5.989989280700684,518264000
23/05/2018,5.933929030106493,6.114456226925811,5.9331880892692,6.113221168518066,6.113221168518066,442956000
24/05/2018,6.109516297200285,6.159155088782999,6.0564200960958585,6.11692476272583,6.11692476272583,437372000
25/05/2018,6.129520311527187,6.172491110798442,6.09395844942009,6.156191825866699,6.156191825866699,292112000
29/05/2018,6.138162855583409,6.207064688405136,6.092475594627293,6.139150619506836,6.139150619506836,352684000
30/05/2018,6.172737978406287,6.2564567487014715,6.14804199393629,6.2478132247924805,6.2478132247924805,390996000
31/05/2018,6.215956449360895,6.302392171326767,6.205337395971548,6.228057384490967,6.228057384490967,493868000
01/06/2018,6.272756429644096,6.368329787255433,6.26411290518787,6.362155437469482,6.362155437469482,421968000
04/06/2018,6.39623496639572,6.5626852005448795,6.364130518907523,6.540706157684326,6.540706157684326,642024000
05/06/2018,6.543915464738218,6.583676137630654,6.499215972790479,6.546138286590576,6.546138286590576,391712000
06/06/2018,6.456245664020402,6.551324885675663,6.439946382337691,6.54811429977417,6.54811429977417,371356000
07/06/2018,6.544410079361371,6.55626418806795,6.40240854016811,6.492548942565918,6.492548942565918,369448000
08/06/2018,6.4199436268639305,6.51971485651706,6.40117469773452,6.477238178253174,6.477238178253174,360456000
11/06/2018,6.46464423271628,6.506133154072825,6.42340213464301,6.436244010925293,6.436244010925293,265372000
12/06/2018,6.462667752286715,6.496747730793107,6.412534841996411,6.484646797180176,6.484646797180176,319160000
13/06/2018,6.486129253737014,6.560957684380621,6.471064555678711,6.4802021980285645,6.4802021980285645,338208000
14/06/2018,6.525148193149158,6.648133524098915,6.510330320187141,6.591579914093018,6.591579914093018,430016000
15/06/2018,6.53453251050194,6.605656702720537,6.503662646855872,6.5508317947387695,6.5508317947387695,432260000
18/06/2018,6.506873987392737,6.564168547630911,6.479708824540797,6.546634674072266,6.546634674072266,356268000
19/06/2018,6.443651525723882,6.510824660757541,6.2979462048993335,6.4251298904418945,6.4251298904418945,594932000
20/06/2018,6.466124597029383,6.530827609822944,6.427845800449018,6.477978706359863,6.477978706359863,369780000
21/06/2018,6.5098361362595965,6.528110946159926,6.341904024848245,6.349559783935547,6.349559783935547,359516000
22/06/2018,6.370304401232539,6.383640391929357,6.182121947314975,6.197432994842529,6.197432994842529,434160000
25/06/2018,6.091240680979333,6.094944913252802,5.816869364654443,5.905280590057373,5.905280590057373,665816000
26/06/2018,6.01838990789649,6.066546828493868,5.924792065020964,5.976159572601318,5.976159572601318,478884000
27/06/2018,6.019622173821503,6.085807061205496,5.815880927215965,5.821314334869385,5.821314334869385,453892000
28/06/2018,5.811436758848651,5.960106311235396,5.803780999000029,5.948252201080322,5.948252201080322,338012000
29/06/2018,6.0132027344304015,6.025797314777544,5.849221656298531,5.850456714630127,5.850456714630127,392300000
02/07/2018,5.781061529063429,5.986037416403463,5.760563893225749,5.982333183288574,5.982333183288574,357572000
03/07/2018,6.016905854307813,6.022832908507527,5.8405770516988,5.848973751068115,5.848973751068115,222732000
05/07/2018,5.904046169080395,5.999372222900518,5.865273724519082,5.994433403015137,5.994433403015137,306216000
06/07/2018,5.969984577675324,6.116431311579673,5.948746002347929,6.108034610748291,6.108034610748291,296352000
09/07/2018,6.182122327117943,6.191753614859191,6.076917689609045,6.155450344085693,6.155450344085693,303880000
10/07/2018,6.167799075238854,6.2762138368229605,6.12754474520081,6.254234790802002,6.254234790802002,360016000
11/07/2018,6.161625678746171,6.19619977926275,6.102355119236618,6.112974643707275,6.112974643707275,367508000
12/07/2018,6.1581671773918085,6.252258172985964,6.148288595545225,6.204348087310791,6.204348087310791,345508000
13/07/2018,6.222869164633579,6.222869164633579,6.115194901271591,6.157177925109863,6.157177925109863,246988000
16/07/2018,6.129520893096924,6.182370280268082,6.117173134355193,6.129520893096924,6.129520893096924,197036000
17/07/2018,6.080374025258672,6.280163742219436,6.054937104989344,6.265099048614502,6.265099048614502,362136000
18/07/2018,6.257692424250856,6.271522063869391,6.165082826630943,6.215956211090088,6.215956211090088,277640000
19/07/2018,6.197186071303986,6.257691203872095,6.182121847244534,6.224104404449463,6.224104404449463,235752000
20/07/2018,6.221635207706742,6.260407649798234,6.185085116662928,6.195951461791992,6.195951461791992,222352000
23/07/2018,6.169525866046455,6.171254570400656,6.00801447844696,6.159400463104248,6.159400463104248,301584000
24/07/2018,6.207311771322909,6.293747477234228,6.124580298038588,6.142114639282227,6.142114639282227,354620000
25/07/2018,6.151500208499941,6.232749814913697,6.09371153133264,6.220154762268066,6.220154762268066,319112000
26/07/2018,6.200150835964377,6.330297820610557,6.183357433539448,6.293500900268555,6.293500900268555,325124000
27/07/2018,6.330050277990525,6.336965096782798,6.170020739729758,6.223857879638672,6.223857879638672,295420000
30/07/2018,6.237936302605951,6.243863358849944,5.99418746880259,6.029008865356445,6.029008865356445,340340000
31/07/2018,6.018635476894755,6.121617293888882,5.979863030994698,6.0470356941223145,6.0470356941223145,283988000
01/08/2018,6.078397196508361,6.133468903734268,6.0230781951029275,6.086793422698975,6.086793422698975,283556000
02/08/2018,6.015671029991152,6.19323442656727,5.956895074195045,6.18928337097168,6.18928337097168,269668000
03/08/2018,6.213732007171925,6.24954115667295,6.196939078955605,6.225832939147949,6.225832939147949,214288000
06/08/2018,6.213239731521138,6.2769549913807205,6.16681152115549,6.273497581481934,6.273497581481934,207508000
07/08/2018,6.322148736014776,6.364131773180749,6.2954772204199765,6.345609664916992,6.345609664916992,258132000
08/08/2018,6.346842589687101,6.426857109572401,6.312021207430651,6.38191032409668,6.38191032409668,262100000
09/08/2018,6.399691468666371,6.402407936856346,6.32585082597576,6.3335065841674805,6.3335065841674805,204280000
10/08/2018,6.2517642675789,6.324617157051541,6.240651098980135,6.29226541519165,6.29226541519165,256396000
13/08/2018,6.300909996861529,6.445628036180224,6.299181291923259,6.3251118659973145,6.3251118659973145,375208000
14/08/2018,6.430315804827358,6.4703233082922385,6.347337505917876,6.456246376037598,6.456246376037598,466220000
15/08/2018,6.476990475627023,6.510824098989789,6.319677881261507,6.3982110023498535,6.3982110023498535,591136000
16/08/2018,6.467853330537111,6.470322975911704,6.2976983912102,6.3577094078063965,6.3577094078063965,801260000
17/08/2018,6.24657837589318,6.247319316631019,6.01912888188141,6.046047687530518,6.046047687530518,1143188000
20/08/2018,6.005546096413886,6.252998616949036,5.8954021785512305,6.120628833770752,6.120628833770752,854388000
21/08/2018,6.136929511279405,6.2604089764116395,6.1171728156997185,6.2559638023376465,6.2559638023376465,673988000
22/08/2018,6.223364179004357,6.495512697038599,6.219906769638315,6.490573406219482,6.490573406219482,749856000
23/08/2018,6.452047705061095,6.655048033237471,6.438218067769765,6.589850902557373,6.589850902557373,720684000
24/08/2018,6.598249564649661,6.737287390660312,6.593804390060902,6.722716808319092,6.722716808319092,531512000
27/08/2018,6.752350641222818,6.887684213973202,6.720987129308817,6.813596725463867,6.813596725463867,505776000
28/08/2018,6.807669000126902,6.8303894562175875,6.656282980379223,6.776058197021484,6.776058197021484,475384000
29/08/2018,6.768399284760206,6.906277884162088,6.74764347805968,6.881321430206299,6.881321430206299,420108000
30/08/2018,6.850185622991453,6.961131133265249,6.8277001710694005,6.8645172119140625,6.8645172119140625,346608000
31/08/2018,6.844502803952818,6.948282284843679,6.834618819442107,6.935433387756348,6.935433387756348,306592000
04/09/2018,6.922338244505937,7.047614894699558,6.893922491121525,7.010056972503662,7.010056972503662,391720000
05/09/2018,6.992511674357577,7.027846022671807,6.798789918528447,6.879589557647705,6.879589557647705,393156000
06/09/2018,6.86328339021093,6.865754387009713,6.705884711613528,6.738748073577881,6.738748073577881,322796000
07/09/2018,6.646829585953973,6.842775450115566,6.602105625011319,6.717498779296875,6.717498779296875,295420000
10/09/2018,6.7399837840028995,6.818065491651865,6.696248130536074,6.788414001464844,6.788414001464844,220140000
11/09/2018,6.7422053536865345,6.8296766347049624,6.72144955235219,6.740723133087158,6.740723133087158,243112000
12/09/2018,6.7009424242905835,6.720462968239198,6.471886262452159,6.627061367034912,6.627061367034912,419092000
13/09/2018,6.692789328272853,6.795086152279578,6.675492820746895,6.704649925231934,6.704649925231934,305536000
14/09/2018,6.794839174598273,6.89639465209371,6.758022120986065,6.83042049407959,6.83042049407959,386936000
17/09/2018,6.804968414447565,6.853893011025709,6.749372174860046,6.768645286560059,6.768645286560059,205528000
18/09/2018,6.772600198365273,6.87514397319947,6.690070884880213,6.696742057800293,6.696742057800293,299520000
19/09/2018,6.678210314545184,6.738254170118639,6.628297404478133,6.720463275909424,6.720463275909424,224860000
20/09/2018,6.598644128958862,6.640897078892161,6.52575139250349,6.579617977142334,6.579617977142334,430584000
21/09/2018,6.5914801516658095,6.636945454613344,6.476581395932969,6.5096917152404785,6.5096917152404785,435128000
24/09/2018,6.4788027124189975,6.5687449826368205,6.391825825762414,6.565285682678223,6.565285682678223,293912000
25/09/2018,6.6312605742763155,6.657205326950609,6.545765898270365,6.632248878479004,6.632248878479004,280388000
26/09/2018,6.637191797965088,6.6774681454405584,6.579618946290532,6.595432758331299,6.595432758331299,268548000
27/09/2018,6.630518972690883,6.65176916175962,6.5759115150664655,6.607292175292969,6.607292175292969,214428000
28/09/2018,6.738994228619711,6.966073277335361,6.711072394239323,6.9438347816467285,6.9438347816467285,709396000
01/10/2018,7.021422424633364,7.216626418157375,6.982875730926572,7.149911403656006,7.149911403656006,622060000
02/10/2018,7.1224853094943965,7.2339242939185135,7.056511157190936,7.078749656677246,7.078749656677246,383964000
03/10/2018,7.148922712280652,7.156335701221132,6.981146162855355,7.084925651550293,7.084925651550293,320552000
04/10/2018,7.048849363688571,7.073064465721814,6.824240860442195,6.901087284088135,6.901087284088135,391220000
05/10/2018,6.876378757707457,6.9383992134025885,6.610752530205606,6.668078422546387,6.668078422546387,426636000
08/10/2018,6.585055407024952,6.70020112001253,6.426421000343381,6.567017555236816,6.567017555236816,408612000
09/10/2018,6.546508154164182,6.640898052408182,6.493630337263265,6.561334133148193,6.561334133148193,273500000
10/10/2018,6.455576410594485,6.501289130737477,6.06862728814772,6.0708513259887695,6.0708513259887695,684940000
11/10/2018,5.983875083899575,6.117059110065572,5.788424113329541,5.8099212646484375,5.8099212646484375,725436000
12/10/2018,6.066405156008104,6.165984011373858,5.921607957536885,6.091855525970459,6.091855525970459,608236000
15/10/2018,6.0785125900340375,6.0785125900340375,5.815110385654136,5.816098690032959,5.816098690032959,449760000
16/10/2018,5.928527169064114,6.085431937308999,5.87935560331079,6.074312686920166,6.074312686920166,408712000
17/10/2018,6.136331638373234,6.174384415634932,5.956941455350333,6.005866050720215,6.005866050720215,329668000
18/10/2018,6.075052865651475,6.113352131957192,5.858351239511551,5.918642044067383,5.918642044067383,524020000
19/10/2018,5.973744497573199,5.993264568527614,5.626330310891647,5.662652969360352,5.662652969360352,613608000
22/10/2018,5.714788641979605,5.814614426683505,5.6107622113299325,5.713305950164795,5.713305950164795,368844000
23/10/2018,5.446692920678344,5.539600601257539,5.3547740157676325,5.4622602462768555,5.4622602462768555,626436000
24/10/2018,5.423959349241996,5.470412943975676,4.913463252311688,4.927300453186035,4.927300453186035,884288000
25/10/2018,4.8299468279243145,5.182796949473837,4.785716789033116,5.135601997375488,5.135601997375488,951720000
26/10/2018,4.900121602146084,5.06147397514723,4.771880021776073,4.899627685546875,4.899627685546875,664784000
29/10/2018,5.040469414744137,5.043928714885317,4.349100475165617,4.586557865142822,4.586557865142822,758016000
30/10/2018,4.609537322845577,5.025890452909865,4.586557486109234,5.0160064697265625,5.0160064697265625,807192000
31/10/2018,5.180324622945915,5.252970397757551,5.040963369508959,5.209481716156006,5.209481716156006,745772000
01/11/2018,5.245805645899684,5.3987571790551225,5.119540687731207,5.389367580413818,5.389367580413818,566528000
02/11/2018,5.379976973905602,5.485486106246861,5.1941621159627385,5.310543537139893,5.310543537139893,452960000
05/11/2018,5.2974483006448105,5.3206755750506245,5.072345829957539,5.232709884643555,5.232709884643555,379332000
06/11/2018,5.224802170685713,5.3088141591849825,5.1781011421070176,5.215165615081787,5.215165615081787,299012000
07/11/2018,5.28163403301866,5.372070241015222,5.218130885168222,5.282622337341309,5.282622337341309,483812000
08/11/2018,5.223566020587555,5.224307366543288,5.036515905528873,5.089888572692871,5.089888572692871,511352000
09/11/2018,5.001182011826007,5.172170903514571,4.967577310306825,5.081981658935547,5.081981658935547,413240000
12/11/2018,4.99080298204079,5.012794514344701,4.661673699808988,4.683418273925781,4.683418273925781,617116000
13/11/2018,4.781020630779805,5.045904974053743,4.774842905560006,4.924829006195068,4.924829006195068,644712000
14/11/2018,5.097547999153058,5.111879587806843,4.7647128884577805,4.872445583343506,4.872445583343506,526580000
15/11/2018,4.866515799648799,5.072839515433807,4.830687059887577,5.000935077667236,5.000935077667236,840708000
16/11/2018,4.035538427357766,4.2169051953928856,3.993285009012846,4.0629658699035645,4.0629658699035645,1963520000
19/11/2018,3.9977336989811865,3.9984745737201535,3.573720293229498,3.5754499435424805,3.5754499435424805,1697820000
20/11/2018,3.3125420597976776,3.8116717964470435,3.294010057699916,3.6836771965026855,3.6836771965026855,1692032000
21/11/2018,3.8205671248087554,3.837369476002701,3.548516691992622,3.5756969451904297,3.5756969451904297,1025496000
23/11/2018,3.5411042864079247,3.696279150859607,3.5282553867654127,3.5828630924224854,3.5828630924224854,411968000
26/11/2018,3.7036921041454702,3.7921517085392544,3.6214097555911566,3.781773805618286,3.781773805618286,814832000
27/11/2018,3.755828535667613,3.8796227224228974,3.7200000302761524,3.7985758781433105,3.7985758781433105,738060000
28/11/2018,3.915944586443382,3.96042157026556,3.7837493685798425,3.955232620239258,3.955232620239258,804524000
29/11/2018,3.9574599197400886,3.994561012134455,3.8619862784330445,3.8921618461608887,3.8921618461608887,549172000
30/11/2018,3.9018082849210147,4.052933809984979,3.8515979921217385,4.042298316955566,4.042298316955566,729564000
03/12/2018,4.269109523663654,4.320556542831907,4.13900780009926,4.205790042877197,4.205790042877197,890804000
04/12/2018,4.161268502328295,4.166215439909608,3.8708899653815085,3.8859779834747314,3.8859779834747314,812112000
06/12/2018,3.745734938992269,3.9201104564843448,3.7301525121877592,3.91516375541687,3.91516375541687,692308000
07/12/2018,3.919368571213714,3.929509650956116,3.60178260931714,3.651003360748291,3.651003360748291,681676000
10/12/2018,3.606235699956828,3.780858717828445,3.60252549598665,3.756124496459961,3.756124496459961,629472000
11/12/2018,3.8476405869129007,3.8558028466201324,3.586448276281485,3.6653501987457275,3.6653501987457275,671912000
12/12/2018,3.671038695027917,3.7788794438540028,3.581995933326017,3.6829111576080322,3.6829111576080322,654136000
13/12/2018,3.729658404997222,3.7937197381178542,3.6467990861594393,3.6826634407043457,3.6826634407043457,471384000
14/12/2018,3.6411102968297695,3.724711708916402,3.5988150621058814,3.622312545776367,3.622312545776367,471820000
17/12/2018,3.5923835734899243,3.6643597162474855,3.4934469535251655,3.5513248443603516,3.5513248443603516,662868000
18/12/2018,3.595105431406243,3.718281423478933,3.5678979757939473,3.634432792663574,3.634432792663574,564372000
19/12/2018,3.600792540631075,3.654218369385749,3.374475386806518,3.425922393798828,3.425922393798828,745364000
20/12/2018,3.417514195372414,3.507299049622669,3.28197110544253,3.341580390930176,3.341580390930176,749588000
21/12/2018,3.3680447950717873,3.400941264863486,3.1773447657012945,3.2047996520996094,3.2047996520996094,863740000
24/12/2018,3.1286194197487287,3.214941507771103,3.079398423770106,3.1432125568389893,3.1432125568389893,463840000
26/12/2018,3.1892178314133335,3.293101166837844,3.078408971744919,3.292111873626709,3.292111873626709,695100000
27/12/2018,3.239922696804846,3.274303111942917,3.0962173641050477,3.2443747520446777,3.2443747520446777,637044000
28/12/2018,3.2649042664283434,3.3982213190004913,3.2231036787085117,3.305715560913086,3.305715560913086,628728000
31/12/2018,3.349000259522261,3.381401853232403,3.2713350808799397,3.3020055294036865,3.3020055294036865,465140000
02/01/2019,3.231265703822605,3.425181080966381,3.2166725681874238,3.3692820072174072,3.3692820072174072,508752000
03/01/2019,3.3091783624431126,3.3430641329189377,3.158300291681756,3.1657204627990723,3.1657204627990723,705552000
04/01/2019,3.2386864594238256,3.406631152244404,3.2080162428672367,3.3685407638549805,3.3685407638549805,585620000
07/01/2019,3.4256764133698905,3.58372745732404,3.3744765933643506,3.5468735694885254,3.5468735694885254,709160000
08/01/2019,3.6282479400314784,3.6304742032864246,3.386100885364728,3.4585719108581543,3.4585719108581543,786016000
09/01/2019,3.509771901302659,3.573833471465944,3.4593144099664945,3.5265913009643555,3.5265913009643555,617260000
10/01/2019,3.5072984808573757,3.600793287782794,3.446947117236109,3.5921363830566406,3.5921363830566406,523156000
11/01/2019,3.5698757841367086,3.7039349179272896,3.5421736878643633,3.6811795234680176,3.6811795234680176,874764000
14/01/2019,3.6289902806288747,3.7462300105912045,3.6054927992140615,3.721001148223877,3.721001148223877,730168000
15/01/2019,3.753650026175904,3.792977375770266,3.6885994045834214,3.7069027423858643,3.7069027423858643,617012000
16/01/2019,3.73411100191694,3.767007245811411,3.675985891209524,3.681427240371704,3.681427240371704,470104000
17/01/2019,3.6485304526702196,3.792482988633846,3.6213227673825545,3.7526609897613525,3.7526609897613525,493436000
18/01/2019,3.8023764058608873,3.9074964658686007,3.7509293895857754,3.8815255165100098,3.8815255165100098,651336000
22/01/2019,3.851349988777855,3.862975008613983,3.6495195660652597,3.6796951293945312,3.6796951293945312,661552000
23/01/2019,3.7348515999340024,3.823399685903333,3.661391292602505,3.692556142807007,3.692556142807007,591020000
24/01/2019,3.7769002971674324,3.921594675016262,3.772200801083401,3.904033660888672,3.904033660888672,708972000
25/01/2019,3.844671836656973,3.979225378987472,3.74227268118326,3.961169481277466,3.961169481277466,1154572000
28/01/2019,3.3774452469380822,3.503341920072369,3.2401709914683994,3.4135570526123047,3.4135570526123047,2511528000
29/01/2019,3.367550847567004,3.415782548644251,3.240417468264105,3.2550106048583984,3.2550106048583984,1153932000
30/01/2019,3.3309441284015135,3.412566710091489,3.2515475742334536,3.398221015930176,3.398221015930176,974228000
31/01/2019,3.3950053487845215,3.5911469796792517,3.3732392490819145,3.555529832839966,3.555529832839966,842852000
01/02/2019,3.574080821416264,3.6307219872380387,3.5265914436354735,3.5797696113586426,3.5797696113586426,625048000
04/02/2019,3.5955991333519037,3.7269373511870465,3.573585827707394,3.689836263656616,3.689836263656616,528592000
05/02/2019,3.7017091272073746,3.7454885407002947,3.6680707957567584,3.7088820934295654,3.7088820934295654,542424000
06/02/2019,3.742025362473618,3.848629607118048,3.7365840139771294,3.784320831298828,3.784320831298828,702464000
07/02/2019,3.738067549401441,3.7402935768076477,3.603514017221112,3.64630389213562,3.64630389213562,637120000
08/02/2019,3.5792747739989474,3.675490494805008,3.5649290792820043,3.6648550033569336,3.6648550033569336,461604000
11/02/2019,3.6208283700271857,3.6749960672125797,3.57408084393874,3.622312545776367,3.622312545776367,495180000
12/02/2019,3.6606505051856875,3.7546402074135017,3.6463045732075137,3.7390575408935547,3.7390575408935547,591060000
13/02/2019,3.768490290275961,3.854317711220307,3.7548864496887444,3.7813520431518555,3.7813520431518555,605372000
14/02/2019,3.780363471800342,3.85036103826904,3.7373259145717483,3.8221640586853027,3.8221640586853027,827264000
15/02/2019,4.030425037561962,4.053180194895898,3.8689112575551996,3.8916666507720947,3.8916666507720947,1516748000
19/02/2019,3.8810310120576945,3.954738777372475,3.861985821478209,3.8743526935577393,3.8743526935577393,551892000
20/02/2019,3.9035391980829384,3.9886245474128765,3.8924090597221137,3.9215950965881348,3.9215950965881348,540988000
21/02/2019,3.934209605693475,3.9586961457160683,3.8382410884779223,3.8528342247009277,3.8528342247009277,448548000
22/02/2019,3.9045288949113806,3.9562231237306023,3.8909250511661164,3.937425136566162,3.937425136566162,401740000
25/02/2019,4.020778471494383,4.088055115967229,3.916400271491458,3.9250574111938477,3.9250574111938477,656020000
26/02/2019,3.920358360077931,3.9762574332662384,3.852339384284789,3.885730504989624,3.885730504989624,488464000
27/02/2019,3.8713848966539257,3.8978502582221117,3.787041402539747,3.8439300060272217,3.8439300060272217,500256000
28/02/2019,3.8377401565705016,3.8600238468726964,3.797134499315095,3.819417953491211,3.819417953491211,324944000
01/03/2019,3.869185325885127,3.915733337999445,3.8110003107422297,3.8736422061920166,3.8736422061920166,357188000
04/03/2019,3.912019238718915,3.9347980865330774,3.825360491292353,3.881812572479248,3.881812572479248,409992000
05/03/2019,3.8662133367413505,3.913504191633946,3.81198982074945,3.8753745555877686,3.8753745555877686,362924000
06/03/2019,3.866461294665398,3.8748794253731376,3.761975742505738,3.7646992206573486,3.7646992206573486,403524000
07/03/2019,3.741177272800439,3.7508336480042734,3.649566737112525,3.695619583129883,3.695619583129883,450104000
08/03/2019,3.6064851586223226,3.7404347531295925,3.5851917822764676,3.729788064956665,3.729788064956665,422416000
11/03/2019,3.7533096983593306,4.012542584049862,3.7062663031150236,3.9897639751434326,3.9897639751434326,859728000
12/03/2019,4.017496144096804,4.070233975450993,3.9414840664024604,4.0239338874816895,4.0239338874816895,579576000
13/03/2019,4.061318860643894,4.20418172942845,4.053890807518709,4.1749653816223145,4.1749653816223145,768900000
14/03/2019,4.1841277449219305,4.196012444273688,4.091526640746061,4.0992021560668945,4.0992021560668945,519384000
15/03/2019,4.142282198896993,4.247015421169146,4.138815868977897,4.2044291496276855,4.2044291496276855,661484000
18/03/2019,4.2358752387379175,4.289603845788803,4.1561491471070315,4.1831374168396,4.1831374168396,486992000
19/03/2019,4.277470670939343,4.394831471395088,4.260634409266724,4.35051155090332,4.35051155090332,854972000
20/03/2019,4.3794797665419605,4.432712966037835,4.2834123584561485,4.318076133728027,4.318076133728027,719148000
21/03/2019,4.341102869772194,4.58052807605089,4.336150834187309,4.5542826652526855,4.5542826652526855,824312000
22/03/2019,4.527047608402401,4.575576236911883,4.380965858141229,4.39483118057251,4.39483118057251,747644000
25/03/2019,4.354226317013071,4.418353444907615,4.236618042843589,4.3027262687683105,4.3027262687683105,525212000
26/03/2019,4.444101403414721,4.500058069777386,4.323026854283064,4.3792314529418945,4.3792314529418945,703508000
27/03/2019,4.404735669585235,4.451035744697865,4.300745269243785,4.370071887969971,4.370071887969971,474372000
28/03/2019,4.396069416485582,4.454254662605151,4.335656084598918,4.388641834259033,4.388641834259033,480264000
29/03/2019,4.455242835437331,4.4700989372589675,4.404981060471448,4.445834159851074,4.445834159851074,456896000
01/04/2019,4.537445518031841,4.543387865121141,4.465890365157042,4.513181209564209,4.513181209564209,483824000
02/04/2019,4.53719852359258,4.575328155097509,4.494364317043656,4.531008243560791,4.531008243560791,440920000
03/04/2019,4.580528702250554,4.729086484341547,4.575576665988681,4.670158386230469,4.670158386230469,783504000
04/04/2019,4.654806175601139,4.703582728669663,4.59860204227738,4.661243915557861,4.661243915557861,457376000
05/04/2019,4.704326590039095,4.745180179212573,4.667930116677095,4.727848052978516,4.727848052978516,481744000
08/04/2019,4.6973950955229125,4.773654864242328,4.67337823410891,4.748647689819336,4.748647689819336,424192000
09/04/2019,4.71522147021944,4.726363316414161,4.643913749023665,4.686005115509033,4.686005115509033,439972000
10/04/2019,4.6852630598394,4.782072888648219,4.6808064150538,4.756322860717773,4.756322860717773,444772000
11/04/2019,4.758796821130248,4.790241725729068,4.693184006452142,4.74245548248291,4.74245548248291,374600000
12/04/2019,4.7810808343748965,4.785042557326087,4.695907805067246,4.704573631286621,4.704573631286621,471708000
15/04/2019,4.696898637705237,4.701850673879405,4.5334852219749955,4.573100566864014,4.573100566864014,440092000
16/04/2019,4.612220746124993,4.6788238817913825,4.579538064717605,4.660006523132324,4.660006523132324,394964000
17/04/2019,4.6949183449089205,4.7157163316119775,4.6149447968110735,4.637228488922119,4.637228488922119,351004000
18/04/2019,4.6439136499988285,4.677834108167068,4.58498554927499,4.612716197967529,4.612716197967529,380988000
22/04/2019,4.589194709830857,4.682043268252985,4.557750270062491,4.666444778442383,4.666444778442383,279936000
23/04/2019,4.679566336092608,4.752112286478688,4.669910197465085,4.720914840698242,4.720914840698242,346856000
24/04/2019,4.731314342912897,4.773901097116765,4.670653554500126,4.733295440673828,4.733295440673828,318204000
25/04/2019,4.693184905223643,4.7154685960331095,4.548341387214284,4.627819538116455,4.627819538116455,499296000
26/04/2019,4.474309051800788,4.478766167098218,4.290840528627895,4.4094390869140625,4.4094390869140625,868988000
29/04/2019,4.417362120778531,4.467871844571422,4.345311561761806,4.440141201019287,4.440141201019287,391920000
30/04/2019,4.407952925992541,4.5069912644055155,4.3888881107827,4.481489181518555,4.481489181518555,362920000
01/05/2019,4.533733423610305,4.575824789086137,4.468120121036333,4.468368053436279,4.468368053436279,354280000
02/05/2019,4.478024292877047,4.577310123321939,4.434942613606475,4.535714149475098,4.535714149475098,394684000
03/05/2019,4.5441316851131495,4.55403528420273,4.4698525668067814,4.531256675720215,4.531256675720215,336824000
06/05/2019,4.345312561647405,4.465149394147996,4.308173230879485,4.453017234802246,4.453017234802246,422176000
07/05/2019,4.404735681096283,4.404735681096283,4.23810339107594,4.286137104034424,4.286137104034424,555220000
08/05/2019,4.258653132717726,4.386164973810182,4.246768436734894,4.306191444396973,4.306191444396973,419168000
09/05/2019,4.23736147233168,4.2470176146288425,4.0952413999958726,4.213839530944824,4.213839530944824,660248000
10/05/2019,4.183137637306675,4.248503014696945,4.060577318573798,4.1799187660217285,4.1799187660217285,569500000
13/05/2019,4.048195882761074,4.071222419526711,3.907313656958149,3.9231598377227783,3.9231598377227783,656912000
14/05/2019,3.96277581335092,4.047206466862857,3.9241510195799183,4.01204776763916,4.01204776763916,524880000
15/05/2019,3.9565871229976137,3.987536647687368,3.8974117885785575,3.9511401653289795,3.9511401653289795,502320000
16/05/2019,3.9456924990787705,4.0088295502210025,3.9033536714913817,3.966242790222168,3.966242790222168,781088000
17/05/2019,3.924398594361472,4.053396150144705,3.836254388911451,3.875622034072876,3.875622034072876,1022068000
20/05/2019,3.77707872150093,3.8320450886560913,3.7325113457262473,3.7572710514068604,3.7572710514068604,572064000
21/05/2019,3.8179323897499655,3.8550717152495353,3.7793073589998123,3.8392255306243896,3.8392255306243896,361848000
22/05/2019,3.800601312628378,3.826598797197206,3.757519395716149,3.768413782119751,3.768413782119751,325868000
23/05/2019,3.7062662664840973,3.7062662664840973,3.5879153992055115,3.6475861072540283,3.6475861072540283,591844000
24/05/2019,3.6664039766743515,3.7015626818101888,3.587173278101506,3.593858480453491,3.593858480453491,357584000
28/05/2019,3.6114373482718416,3.644120030658878,3.5468146000057823,3.548795461654663,3.548795461654663,428356000
29/05/2019,3.5012569849778905,3.536167989916481,3.440100802270634,3.474764347076416,3.474764347076416,559800000
30/05/2019,3.4779871353749825,3.5136816923086753,3.4100683092375648,3.448241710662842,3.448241710662842,394300000
31/05/2019,3.399409121089743,3.4665842397642948,3.356030292484083,3.3577654361724854,3.3577654361724854,389720000
03/06/2019,3.3689203095444507,3.4075894322198153,3.286872590658536,3.31612229347229,3.31612229347229,478644000
04/06/2019,3.380074213399917,3.549871243975112,3.358013069291645,3.544665813446045,3.544665813446045,641836000
05/06/2019,3.618285942697726,3.62373935243207,3.465840576664286,3.502030849456787,3.502030849456787,511616000
06/06/2019,3.506245378096939,3.588541076371301,3.5037665336174677,3.5640010833740234,3.5640010833740234,408140000
07/06/2019,3.569949577094456,3.64084271992165,3.550862761690876,3.606635570526123,3.606635570526123,348856000
10/06/2019,3.6626563346899035,3.747678846182901,3.6626563346899035,3.6792643070220947,3.6792643070220947,402780000
11/06/2019,3.739002925618497,3.7766806010339296,3.6973594777116645,3.736772060394287,3.736772060394287,383872000
12/06/2019,3.6933934227785716,3.6995905336047556,3.6088668641116373,3.6239874362945557,3.6239874362945557,358892000
13/06/2019,3.646048302277105,3.6933931379177904,3.6284488871211047,3.6750502586364746,3.6750502586364746,308080000
14/06/2019,3.5820960184268884,3.6063880310336267,3.5407003108403656,3.5853183269500732,3.5853183269500732,394428000
17/06/2019,3.5835829437204834,3.6319194595030355,3.5607780974032335,3.5949854850769043,3.5949854850769043,276040000
18/06/2019,3.6562115384735345,3.8448471865550116,3.6453049548652916,3.7895703315734863,3.7895703315734863,581920000
19/06/2019,3.824769771742642,3.8361720787302276,3.769492671567909,3.795520067214966,3.795520067214966,331644000
20/06/2019,3.8859947743227137,3.8998759223738366,3.805434236160283,3.8198111057281494,3.8198111057281494,350168000
21/06/2019,3.804938523304347,3.8540184995073092,3.7553625891879383,3.761807441711426,3.761807441711426,434428000
24/06/2019,3.7831255402682706,3.8136146627483147,3.7360284449265437,3.7841169834136963,3.7841169834136963,282948000
25/06/2019,3.7890749450453685,3.8639343450196217,3.752140966666686,3.7548675537109375,3.7548675537109375,311868000
26/06/2019,3.8820292327860177,4.008695433176677,3.8691395262178023,3.9477169513702393,3.9477169513702393,584072000
27/06/2019,4.033236179088148,4.065212474381996,3.997293637417236,4.046125888824463,4.046125888824463,445440000
28/06/2019,4.089997981506512,4.099169654771824,4.0243102864299924,4.070911407470703,4.070911407470703,397668000
01/07/2019,4.277643144213777,4.311850529253957,4.081570982217112,4.1190009117126465,4.1190009117126465,709756000
02/07/2019,4.102391844578389,4.123461777611852,4.008198156968745,4.021335601806641,4.021335601806641,400228000
03/07/2019,4.044637757349251,4.050339146838911,3.974488303601062,4.034226894378662,4.034226894378662,246636000
05/07/2019,3.975976169088222,3.9804379004835693,3.9085528217218655,3.971762180328369,3.971762180328369,396552000
08/07/2019,3.9122706362165114,3.93110947574305,3.866908917626089,3.896902084350586,3.896902084350586,329788000
09/07/2019,3.854762196636293,3.927390722295944,3.842120469781752,3.8993804454803467,3.8993804454803467,342860000
10/07/2019,3.942759210102369,4.0248069166687825,3.9288780613992538,3.9675471782684326,3.9675471782684326,452076000
11/07/2019,4.040422992097374,4.162379467430619,4.003241278239525,4.121727466583252,4.121727466583252,682560000
12/07/2019,4.149489603741981,4.22558864483207,4.149489603741981,4.1546950340271,4.1546950340271,506392000
15/07/2019,4.175766768378244,4.191878551269397,4.118011052485283,4.146268844604492,4.146268844604492,289840000
16/07/2019,4.131396002200543,4.168577728434164,4.086034040888224,4.14155912399292,4.14155912399292,341444000
17/07/2019,4.143292365625822,4.213690012341834,4.114042672468542,4.206749439239502,4.206749439239502,348204000
18/07/2019,4.217161769338876,4.281114350306893,4.160645249121269,4.218400955200195,4.218400955200195,442192000
19/07/2019,4.25657360049254,4.263018216492399,4.169319996004684,4.17526912689209,4.17526912689209,344896000
22/07/2019,4.196588319411822,4.2595494651444925,4.189151784923847,4.246659755706787,4.246659755706787,315940000
23/07/2019,4.285823730358957,4.356220919527254,4.27020696470607,4.354238033294678,4.354238033294678,428176000
24/07/2019,4.397369627608764,4.434303608502288,4.321518779252925,4.42860221862793,4.42860221862793,366236000
25/07/2019,4.387206598808334,4.399848564730551,4.274421767187455,4.297722339630127,4.297722339630127,392700000
26/07/2019,4.324741319657999,4.386215058342815,4.324741319657999,4.339613914489746,4.339613914489746,274160000
29/07/2019,4.3324254955214725,4.3495291919370125,4.245420084948997,4.333416938781738,4.333416938781738,248160000
30/07/2019,4.287062718608438,4.36117840703827,4.2726856121064625,4.349032402038574,4.349032402038574,197772000
31/07/2019,4.317550656604295,4.3185425722487985,4.1400696204793555,4.182209014892578,4.182209014892578,359416000
01/08/2019,4.192621089638232,4.282849034536858,4.0359617263873595,4.088016510009766,4.088016510009766,421212000
02/08/2019,3.995558500289917,4.064716996215121,3.94821388668555,3.995558500289917,3.995558500289917,428348000
05/08/2019,3.812375298408641,3.8136147205570112,3.6909147646156164,3.7377638816833496,3.7377638816833496,589156000
06/08/2019,3.812374322853462,3.8577360271772236,3.72883922987321,3.7764317989349365,3.7764317989349365,361272000
07/08/2019,3.7157022914951865,3.8265042141545442,3.6983508551753905,3.814605951309204,3.814605951309204,372560000
08/08/2019,3.8721141603502467,3.9241687091173865,3.814854180345954,3.922929286956787,3.922929286956787,309300000
09/08/2019,3.88202880975371,3.8854990968057885,3.771474872818401,3.821794271469116,3.821794271469116,341816000
12/08/2019,3.769739980519211,3.821794526165038,3.7323102845376672,3.7541236877441406,3.7541236877441406,279200000
13/08/2019,3.752636217495231,3.914005282382582,3.7137193575650134,3.868147611618042,3.868147611618042,351956000
14/08/2019,3.7801513712523787,3.7913059351939533,3.676290244404949,3.719916820526123,3.719916820526123,419880000
15/08/2019,3.7387559948747,3.7585862800112437,3.65348572150843,3.687692880630493,3.687692880630493,477200000
16/08/2019,3.949948272255342,4.004233452012975,3.8887220444608346,3.955153703689575,3.955153703689575,1007960000
19/08/2019,4.068185707308945,4.249137059084516,4.052073458158997,4.233272552490234,4.233272552490234,815112000
20/08/2019,4.227821051162303,4.228317009260872,4.140071927065026,4.161141872406006,4.161141872406006,463188000
21/08/2019,4.22707624393112,4.29945679431367,4.205510818927859,4.244427680969238,4.244427680969238,427244000
22/08/2019,4.254096375461071,4.296483535472101,4.211461000008216,4.250626087188721,4.250626087188721,303488000
23/08/2019,4.1742775901702895,4.2285629946070005,4.006711431650754,4.026541709899902,4.026541709899902,568056000
26/08/2019,4.105120573103637,4.129164844397191,4.0629811626875,4.101154327392578,4.101154327392578,318208000
27/08/2019,4.13932763285051,4.142054220023411,3.981429064319112,4.010678768157959,4.010678768157959,290968000
28/08/2019,3.9843768009846867,4.052858819281227,3.945172959795155,4.000256538391113,4.000256538391113,255612000
29/08/2019,4.091565690769617,4.17592790899242,4.088091969075469,4.143671989440918,4.143671989440918,357976000
30/08/2019,4.189821659223413,4.239446647043293,4.138211823333605,4.156324863433838,4.156324863433838,290616000
03/09/2019,4.083627083659792,4.1166274499411415,4.050626717378443,4.073453903198242,4.073453903198242,296140000
04/09/2019,4.133996389171437,4.194787015628675,4.133996389171437,4.187343120574951,4.187343120574951,227728000
05/09/2019,4.2893226591834,4.465987040468473,4.2875857975778615,4.459784030914307,4.459784030914307,695676000
06/09/2019,4.436460492536351,4.493280957113898,4.394775808623119,4.432738780975342,4.432738780975342,376976000
09/09/2019,4.463751339377606,4.564986180541929,4.462262466438974,4.478638648986816,4.478638648986816,417524000
10/09/2019,4.445888787269379,4.571687736460456,4.436212054237598,4.545138835906982,4.545138835906982,352812000
11/09/2019,4.559776452935597,4.621807473399679,4.5307457914876315,4.573671340942383,4.573671340942383,361512000
12/09/2019,4.620069838310614,4.674656956799701,4.564241834595043,4.572181701660156,4.572181701660156,327840000
13/09/2019,4.505685658905281,4.542656191686492,4.47069997506587,4.514369964599609,4.514369964599609,324592000
16/09/2019,4.4394371416410685,4.505934323774935,4.429015973241978,4.471445083618164,4.471445083618164,231832000
17/09/2019,4.478142793671026,4.497000273869562,4.431743529663977,4.492782115936279,4.492782115936279,223048000
18/09/2019,4.485835712927259,4.501467463048874,4.37939026220508,4.465737342834473,4.465737342834473,258152000
19/09/2019,4.4716923888184725,4.4900538978931825,4.379638275420076,4.390307903289795,4.390307903289795,245476000
20/09/2019,4.389315980085497,4.412887601997053,4.274682658844729,4.284855365753174,4.284855365753174,350244000
23/09/2019,4.285103736213856,4.383608854453236,4.281381552536594,4.338201999664307,4.338201999664307,249712000
24/09/2019,4.369466584959769,4.398993231110503,4.245404505643562,4.280886173248291,4.280886173248291,317268000
25/09/2019,4.2803884946278545,4.441917517803333,4.235726083182854,4.42231559753418,4.42231559753418,308432000
26/09/2019,4.412638803204647,4.4213231082739,4.349366896832507,4.400232315063477,4.400232315063477,234564000
27/09/2019,4.358549010219323,4.409166456453451,4.201238098987705,4.261780738830566,4.261780738830566,362056000
30/09/2019,4.287586493871411,4.329271179173822,4.256322506635233,4.319097995758057,4.319097995758057,186184000
01/10/2019,4.3421709941375335,4.4910455228740656,4.312644360103868,4.317358493804932,4.317358493804932,366008000
02/10/2019,4.295523895897131,4.307433934350846,4.2213348532172725,4.293539047241211,4.293539047241211,293372000
03/10/2019,4.298006794716774,4.504942251858928,4.267735711769522,4.498739242553711,4.498739242553711,450588000
04/10/2019,4.500970957524564,4.544392958352677,4.435962660070018,4.5151143074035645,4.5151143074035645,265524000
07/10/2019,4.579874348336966,4.673168866816315,4.571190043332724,4.573671340942383,4.573671340942383,480984000
08/10/2019,4.482114082791431,4.482114082791431,4.379390802700661,4.397503852844238,4.397503852844238,444436000
09/10/2019,4.474174700465516,4.533228465686125,4.445392491319718,4.483851432800293,4.483851432800293,292412000
10/10/2019,4.481616088679843,4.592279188870893,4.4764055070096544,4.5414137840271,4.5414137840271,309124000
11/10/2019,4.625282179727991,4.697982369452037,4.606424692488743,4.614861011505127,4.614861011505127,446404000
14/10/2019,4.606175486565861,4.649101038214642,4.575159974748541,4.62825870513916,4.62825870513916,200040000
15/10/2019,4.718327556763277,4.944864861870506,4.704432195996048,4.872412204742432,4.872412204742432,664124000
16/10/2019,4.838420492650064,4.943129094185844,4.807404976671537,4.81881856918335,4.81881856918335,428944000
17/10/2019,4.863231786501102,4.908142181853771,4.7664630789797515,4.820802688598633,4.820802688598633,263436000
18/10/2019,4.8212991654191635,4.853803550159522,4.652326719542549,4.726515769958496,4.726515769958496,307440000
21/10/2019,4.787801700923436,4.876878525396235,4.768944219529625,4.8634796142578125,4.8634796142578125,261868000
22/10/2019,4.920299871431954,5.025256427424655,4.845862846055364,4.853554725646973,4.853554725646973,328720000
23/10/2019,4.771674477667987,4.854795818554513,4.739914530586785,4.840652942657471,4.840652942657471,279916000
24/10/2019,4.881841793248821,4.918067891470254,4.847849005161255,4.884571552276611,4.884571552276611,232020000
25/10/2019,4.964963301585127,5.095972796196652,4.957271420404589,5.075130462646484,5.075130462646484,423092000
28/10/2019,5.1188000557823345,5.183312379594485,5.089521403946788,5.130958557128906,5.130958557128906,330792000
29/10/2019,5.117063932573511,5.123515402514696,5.015581534253515,5.034934997558594,5.034934997558594,211236000
30/10/2019,5.061731622001463,5.067438654333333,4.968933070897511,5.036919116973877,5.036919116973877,205960000
31/10/2019,5.016077771145991,5.036920109101198,4.9081438972641935,4.987791538238525,4.987791538238525,209732000
01/11/2019,4.952556278001397,5.059001717512267,4.9274957882342845,5.026745796203613,5.026745796203613,283640000
04/11/2019,5.107634695669968,5.235418937100487,5.0845595239398795,5.223012447357178,5.223012447357178,376716000
05/11/2019,5.222763922024642,5.248816837915492,5.153041018598312,5.200929164886475,5.200929164886475,300868000
06/11/2019,5.1768611240691085,5.2024175912470945,5.0644606569634405,5.151800632476807,5.151800632476807,269012000
07/11/2019,5.2381468962804165,5.252786219188606,5.124754022365748,5.169416427612305,5.169416427612305,280340000
08/11/2019,5.152545549764464,5.187034786552671,5.1150785661477896,5.15552282333374,5.15552282333374,189100000
11/11/2019,5.154778084114315,5.188522882215064,5.068678991104581,5.16544771194458,5.16544771194458,243436000
12/11/2019,5.2036584503713526,5.256757179837685,5.168672768132822,5.200929164886475,5.200929164886475,283504000
13/11/2019,5.1696656005734,5.197207391905786,5.108875458696897,5.175124645233154,5.175124645233154,300188000
14/11/2019,5.184057390287869,5.207629485656896,5.124259667709916,5.2053961753845215,5.2053961753845215,518080000
15/11/2019,5.203161382490007,5.254771232548324,4.978360949421832,5.066445350646973,5.066445350646973,1053628000
18/11/2019,5.059003158109409,5.2937283863706925,5.056025884186897,5.267179489135742,5.267179489135742,574588000
19/11/2019,5.236163163136437,5.259734782811542,5.102672367728209,5.160733222961426,5.160733222961426,414564000
20/11/2019,5.137906487994394,5.3235031346345885,5.125252009839649,5.239885330200195,5.239885330200195,472588000
21/11/2019,5.235418991269967,5.290998551465639,5.19348586004434,5.2150726318359375,5.2150726318359375,288388000
22/11/2019,5.237651025737851,5.28405029690506,5.209116813293341,5.232688903808594,5.232688903808594,224100000
25/11/2019,5.360474506227291,5.493717346201479,5.347572038234067,5.488754749298096,5.488754749298096,506476000
26/11/2019,5.47113661900779,5.475851227136171,5.3778420868291095,5.384293556213379,5.384293556213379,385244000
27/11/2019,5.4297324840247505,5.46399851767228,5.392734677739953,5.419054985046387,5.419054985046387,215784000
29/11/2019,5.388265940558016,5.4165725647475265,5.357972055708968,5.381809711456299,5.381809711456299,141556000
02/12/2019,5.374857125280522,5.388265925001773,5.18068101535842,5.195827484130859,5.195827484130859,372036000
03/12/2019,5.012577294828823,5.1603199018521915,4.975331311183511,5.156347274780273,5.156347274780273,465232000
04/12/2019,5.239778996129221,5.2621266847466694,5.1714946025129995,5.200049877166748,5.200049877166748,273424000
05/12/2019,5.221901034014239,5.237544320755254,5.152623012378893,5.183165073394775,5.183165073394775,184884000
06/12/2019,5.2521933332697985,5.301109970488234,5.242260819199555,5.2683329582214355,5.2683329582214355,232236000
09/12/2019,5.245488933633219,5.3229608383910945,5.236798220625925,5.2683329582214355,5.2683329582214355,211880000
10/12/2019,5.298378472688952,5.364925183754723,5.245737376765178,5.313277244567871,5.313277244567871,256388000
11/12/2019,5.3237060196867665,5.402171084009661,5.321222891078075,5.396708011627197,5.396708011627197,233796000
12/12/2019,5.3679037545257575,5.581944387739859,5.358964871782885,5.563817977905273,5.563817977905273,404348000
13/12/2019,5.566798685120836,5.685737844111824,5.507949532561871,5.561832427978516,5.561832427978516,454704000
16/12/2019,5.609259482123776,5.662893736864883,5.58120055357763,5.590636253356934,5.590636253356934,320976000
17/12/2019,5.609259825760161,5.6912011848591,5.599824125402804,5.668605327606201,5.668605327606201,321196000
18/12/2019,5.703368234873497,5.759237451477673,5.694925691278481,5.698898792266846,5.698898792266846,343548000
19/12/2019,5.733413138739753,5.860049864322609,5.728446881201196,5.8466410636901855,5.8466410636901855,445360000
20/12/2019,5.912940120759926,5.969057514210457,5.893820547013858,5.943730354309082,5.943730354309082,603044000
23/12/2019,5.9722845488565195,6.004316104397407,5.919395280275833,5.93007230758667,5.93007230758667,355060000
24/12/2019,5.9146767160689135,5.94223882710578,5.880410205351006,5.925105571746826,5.925105571746826,138864000
26/12/2019,5.928581076787429,5.967317024325704,5.9097096812989145,5.939258575439453,5.939258575439453,182852000
27/12/2019,5.954405695747302,5.967814494817426,5.855331095356012,5.881651878356934,5.881651878356934,254644000
30/12/2019,5.859801829264254,5.8650162577180085,5.737386372392708,5.768672943115234,5.768672943115234,258056000
31/12/2019,5.733412297868139,5.8521032781469255,5.714292730118031,5.842667579650879,5.842667579650879,231004000
02/01/2020,5.928333194899299,5.957136631011963,5.877927063300062,5.957136631011963,5.957136631011963,237536000
03/01/2020,5.837701493917199,5.905489527898822,5.812870682746855,5.86178731918335,5.86178731918335,205384000
06/01/2020,5.7686728146404915,5.891584610374977,5.742600672952375,5.8863701820373535,5.8863701820373535,262636000
07/01/2020,5.9146772215510675,6.003322975997539,5.869733680543367,5.957634449005127,5.957634449005127,314856000
08/01/2020,5.953414011589043,6.0100282182750675,5.913436722472884,5.968809127807617,5.968809127807617,277108000
09/01/2020,6.05497138322673,6.106619328463074,5.980727580351589,6.034361839294434,6.034361839294434,255112000
10/01/2020,6.141381945898443,6.171675359974287,6.052488017299634,6.066641330718994,6.066641330718994,316296000
13/01/2020,6.149576012224581,6.281923504914229,6.126979682987287,6.256844520568848,6.256844520568848,319840000
14/01/2020,6.214135687983089,6.239463317637183,6.126979903415702,6.140140533447266,6.140140533447266,359088000
15/01/2020,6.152803842842512,6.175151528370707,6.0718556439041,6.097679615020752,6.097679615020752,263104000
16/01/2020,6.15106704017893,6.187071705108498,6.127726192769971,6.181112289428711,6.181112289428711,284192000
17/01/2020,6.200231982710741,6.207681370854828,6.142376441589658,6.189803123474121,6.189803123474121,253792000
21/01/2020,6.153301311440246,6.190050958426522,6.122511079468189,6.156529426574707,6.156529426574707,217916000
22/01/2020,6.201720357984873,6.2968218681187,6.182848958433113,6.210411071777344,6.210411071777344,239240000
23/01/2020,6.250388957043602,6.287138126517481,6.161743200933652,6.278695583343506,6.278695583343506,244516000
24/01/2020,6.393909849337127,6.443571474503476,6.165467226066961,6.219598293304443,6.219598293304443,373512000
27/01/2020,5.915671254980269,6.015242695944172,5.766438652557308,5.964339733123779,5.964339733123779,470536000
28/01/2020,6.030139760177138,6.1895530171885635,5.977001849970545,6.157273292541504,6.157273292541504,310976000
29/01/2020,6.142871972143197,6.1788766302299125,6.057205684032846,6.096935272216797,6.096935272216797,258848000
30/01/2020,5.999350551604108,6.117048404680771,5.944474963033555,6.103639602661133,6.103639602661133,290504000
31/01/2020,6.057950619667328,6.0698694486625415,5.8290116343504925,5.870727062225342,5.870727062225342,370420000
03/02/2020,5.85260089433316,5.986935186573986,5.846393308772589,5.967567443847656,5.967567443847656,255564000
04/02/2020,6.109101537748103,6.155535047308561,6.059191742920374,6.136415004730225,6.136415004730225,271544000
05/02/2020,6.257093597361398,6.267274284490505,6.143368843165741,6.2265520095825195,6.2265520095825195,208220000
06/02/2020,6.260818503807543,6.313210964202881,6.17987029595165,6.313210964202881,6.313210964202881,218284000
07/02/2020,6.273232096107117,6.295331607709039,6.2218323319492725,6.247159957885742,6.247159957885742,189752000
10/02/2020,6.269757670918291,6.530480077691309,6.264791412562423,6.529735565185547,6.529735565185547,529608000
11/02/2020,6.637748408041317,6.766371455351388,6.575919776508791,6.651901721954346,6.651901721954346,638556000
12/02/2020,6.704544604237645,6.773822640947383,6.665808635189518,6.767366409301758,6.767366409301758,374644000
13/02/2020,6.709509062531158,6.790705436408653,6.6821951180236105,6.723662376403809,6.723662376403809,528016000
14/02/2020,7.132873132572073,7.324317975721568,7.101586559371794,7.195694923400879,7.195694923400879,1041924000
18/02/2020,7.092648077851575,7.382423066476067,7.073280332123801,7.364048004150391,7.364048004150391,620164000
19/02/2020,7.486213974968702,7.831857654033963,7.486213974968702,7.81422758102417,7.81422758102417,694332000
20/02/2020,7.76630358951414,7.854452522643423,7.358583160433912,7.665242671966553,7.665242671966553,810052000
21/02/2020,7.553257158608696,7.578336145082304,7.217297345134649,7.3019700050354,7.3019700050354,768180000
24/02/2020,6.709011544937188,6.999034626035026,6.654632306032912,6.785738468170166,6.785738468170166,856916000
25/02/2020,6.860727875099218,6.9225565056275835,6.4053325514422745,6.506890296936035,6.506890296936035,1055496000
26/02/2020,6.5071389462093325,6.839622492892086,6.505649447654704,6.645942687988281,6.645942687988281,747732000
27/02/2020,6.333136621915026,6.633768307386428,6.183814767032639,6.275991916656494,6.275991916656494,906416000
28/02/2020,6.024056858575295,6.769423944264948,6.007410467266816,6.710042953491211,6.710042953491211,1133252000
02/03/2020,6.879738226215909,6.896881729577299,6.484693639055509,6.86806058883667,6.86806058883667,890744000
03/03/2020,6.923715627771662,6.983344943140282,6.520968837432035,6.606189250946045,6.606189250946045,652792000
04/03/2020,6.7132732703781945,7.078254667313152,6.6387362744594425,7.068813323974609,7.068813323974609,597408000
05/03/2020,6.869800285651486,7.03626563028122,6.745572430670839,6.790046215057373,6.790046215057373,540328000
06/03/2020,6.6109104379638275,6.668303938946586,6.41015805499431,6.609916687011719,6.609916687011719,515412000
09/03/2020,5.96045217762715,6.444940981492417,5.917718051294053,6.09809684753418,6.09809684753418,614160000
10/03/2020,6.373882454356786,6.4866814613342285,6.111762085086141,6.4866814613342285,6.4866814613342285,580648000
11/03/2020,6.347049964055862,6.375373996903059,6.026790637877311,6.123688220977783,6.123688220977783,499964000
12/03/2020,5.60168251557704,5.866536307886631,5.361674389912644,5.374345779418945,5.374345779418945,816540000
13/03/2020,5.726903790319086,5.988279202422606,5.456335828036192,5.98380708694458,5.98380708694458,634836000
16/03/2020,5.277447705392959,5.617583927857783,4.820040827756893,4.879670143127441,4.879670143127441,726972000
17/03/2020,4.991724142434878,5.487393549135659,4.745504698988345,5.398197650909424,5.398197650909424,833632000
18/03/2020,4.971598580707773,5.2160788021116335,4.489097754797849,5.039178371429443,5.039178371429443,874268000
19/03/2020,5.017811622661303,5.38478102513556,4.8048854524860145,5.2913618087768555,5.2913618087768555,765512000
20/03/2020,5.44118067542152,5.722432568837711,5.096572776070153,5.1119771003723145,5.1119771003723145,804636000
23/03/2020,5.1109831257917016,5.378570364517698,4.932343471997346,5.28440523147583,5.28440523147583,643876000
24/03/2020,5.689634657668982,6.277481044077,5.666031539995604,6.191018104553223,6.191018104553223,1101644000
25/03/2020,6.305805100753528,6.50506657225424,6.053871050370559,6.102568626403809,6.102568626403809,793432000
26/03/2020,6.309283148194227,6.515004699825906,6.211391836527386,6.3912739753723145,6.3912739753723145,696108000
27/03/2020,6.211393417266331,6.537367412044874,6.178597267605432,6.279222011566162,6.279222011566162,638828000
30/03/2020,6.344564958091358,6.607928356954407,6.300588285202859,6.598735332489014,6.598735332489014,602252000
31/03/2020,6.638737263039747,6.842471369775912,6.403946662410681,6.549293518066406,6.549293518066406,949960000
01/04/2020,6.351771317564638,6.497863134076744,5.994740340164623,6.03921365737915,6.03921365737915,656912000
02/04/2020,6.0682825701850485,6.36046665043996,6.020330892045501,6.347298622131348,6.347298622131348,675764000
03/04/2020,6.309781168533182,6.351273226478855,5.922935826420933,6.060083389282227,6.060083389282227,663212000
06/04/2020,6.341583727049638,6.705323069101554,6.284190233065796,6.668551445007324,6.668551445007324,727884000
07/04/2020,6.889677100662203,6.913280697691347,6.39276565353662,6.43574857711792,6.43574857711792,784520000
08/04/2020,6.544573036444364,6.657372068334816,6.474756934181761,6.632526397705078,6.632526397705078,542444000
09/04/2020,6.757996622644301,6.780854316705914,6.470284627685343,6.533143997192383,6.533143997192383,525564000
13/04/2020,6.47351356124016,6.7132733578706585,6.385311898450525,6.704577445983887,6.704577445983887,398408000
14/04/2020,6.832531728016859,7.088937907231297,6.804953130241058,7.0548996925354,7.0548996925354,530948000
15/04/2020,6.8871945327235045,7.060368348603574,6.841975774739666,6.977632522583008,6.977632522583008,366148000
16/04/2020,7.132666038579894,7.4288250826384346,7.119498012035005,7.321989059448242,7.321989059448242,745620000
17/04/2020,7.403980004345366,7.425347305451841,7.129188237967692,7.262857437133789,7.262857437133789,539120000
20/04/2020,7.136643154464146,7.292176316616049,7.087697246879658,7.131922245025635,7.131922245025635,449388000
21/04/2020,7.0141527743230325,7.075272471908903,6.636500013605862,6.696129322052002,6.696129322052002,735160000
22/04/2020,6.887938858374896,7.1522960535006215,6.84247178837645,7.109561443328857,7.109561443328857,483356000
23/04/2020,7.151548667594547,7.283229879784153,7.031295825709126,7.056389808654785,7.056389808654785,424160000
24/04/2020,7.04620405491623,7.197016283498686,6.971667057923223,7.195028781890869,7.195028781890869,352328000
27/04/2020,7.329194487555945,7.5406302366519835,7.3045971431487144,7.381121635437012,7.381121635437012,479388000
28/04/2020,7.5282079052844395,7.558022799320895,7.233539699191487,7.2390055656433105,7.2390055656433105,442904000
29/04/2020,7.373419918837021,7.46808167070093,7.298386285060615,7.415409088134766,7.415409088134766,379160000
30/04/2020,7.361493734355101,7.4154088591523335,7.247949773360715,7.2618632316589355,7.2618632316589355,375916000
01/05/2020,7.064839149933948,7.1778864977303005,6.977631222999146,7.025831699371338,7.025831699371338,342096000
04/05/2020,6.978624046997186,7.250931680845557,6.978624046997186,7.237266540527344,7.237266540527344,317556000
05/05/2020,7.341122501683508,7.460381151792278,7.23726770291976,7.298139572143555,7.298139572143555,368896000
06/05/2020,7.37739587501728,7.503362917200423,7.339630499507867,7.3987627029418945,7.3987627029418945,323464000
07/05/2020,7.537649417392085,7.6377770415196595,7.486467694868089,7.574669361114502,7.574669361114502,373732000
08/05/2020,7.646224657266343,7.770452516763413,7.612434759096941,7.7642412185668945,7.7642412185668945,339216000
11/05/2020,7.759271740488808,8.062388011187469,7.730699390591938,8.015678405761719,8.015678405761719,469060000
12/05/2020,8.073320725621777,8.122017838593292,7.7446137913889,7.754303455352783,7.754303455352783,493060000
13/05/2020,7.868593117853469,8.028598386935984,7.5478366741451675,7.731942653656006,7.731942653656006,625852000
14/05/2020,7.793310708554394,7.986360909028499,7.640013385344732,7.980895042419434,7.980895042419434,602312000
15/05/2020,7.841010629609026,8.447987410395402,7.8253579943598535,8.438298225402832,8.438298225402832,987660000
18/05/2020,8.706384284090324,8.861420771854155,8.626878538742194,8.696197509765625,8.696197509765625,774460000
19/05/2020,8.735952164581962,9.031365836913162,8.70862188133378,8.751108169555664,8.751108169555664,717320000
20/05/2020,8.935459111696986,8.987137932047638,8.833840652951878,8.914588928222656,8.914588928222656,587536000
21/05/2020,8.995588977205747,8.996582254257541,8.683528434138534,8.72104549407959,8.72104549407959,761068000
22/05/2020,8.770735645480487,9.036832475277743,8.659427960573646,8.970494270324707,8.970494270324707,1038764000
26/05/2020,9.100185812231855,9.12503194861191,8.618430459053387,8.663897514343262,8.663897514343262,770780000
27/05/2020,8.571721934524938,8.579423621709141,7.947352618383713,8.472588539123535,8.472588539123535,1175892000
28/05/2020,8.360284982055731,8.706384140840894,8.327488838944653,8.434574127197266,8.434574127197266,734896000
29/05/2020,8.50166040358668,8.820677757263184,8.432589719803806,8.820677757263184,8.820677757263184,745256000
01/06/2020,8.778685676901018,8.786139044935808,8.635823453606509,8.751852035522461,8.751852035522461,389876000
02/06/2020,8.741915542097436,8.78266169957155,8.604519169266093,8.770735740661621,8.770735740661621,391320000
03/06/2020,8.767752949429001,8.811480823540192,8.646257567101596,8.715328216552734,8.715328216552734,365440000
04/06/2020,8.678044382274448,8.892062399305495,8.627833505931573,8.716324806213379,8.716324806213379,424280000
05/06/2020,8.744165593384547,8.945505990790243,8.658160503689484,8.86894702911377,8.86894702911377,481748000
08/06/2020,8.826440228140672,8.838868493971896,8.63603657853043,8.75460433959961,8.75460433959961,387736000
09/06/2020,8.749631339266706,9.057608018513038,8.701160447107585,8.994222640991211,8.994222640991211,468488000
10/06/2020,9.115277601014839,9.44562557035412,9.10110841167236,9.313138008117676,9.313138008117676,632180000
11/06/2020,9.09762951041862,9.208242694149288,8.73571349742717,8.745904922485352,8.745904922485352,583652000
12/06/2020,9.110058437847792,9.134666537472798,8.653436526345065,8.88137435913086,8.88137435913086,570908000
15/06/2020,8.764793091830725,9.129692061605025,8.693701574447958,9.121240615844727,9.121240615844727,400004000
16/06/2020,9.172198981222923,9.213709970031696,8.788159278394854,9.016593933105469,9.016593933105469,535716000
17/06/2020,9.061588926015345,9.245778000808796,9.018336998285697,9.183138847351074,9.183138847351074,408304000
18/06/2020,9.174188600931451,9.229370971612544,9.062332316008169,9.165240287780762,9.165240287780762,254408000
19/06/2020,9.189599539573098,9.39093989515145,9.174436620303387,9.20824146270752,9.20824146270752,524160000
22/06/2020,9.24677073049293,9.476696958868198,9.220173275389165,9.472222328186035,9.472222328186035,398468000
23/06/2020,9.496331996252083,9.587308552735838,9.353653978073853,9.395910263061523,9.395910263061523,375108000
24/06/2020,9.422012461612931,9.501803887247242,9.092161313313138,9.18264102935791,9.18264102935791,449372000
25/06/2020,9.302200068122893,9.450595828120123,9.129693078827199,9.435681343078613,9.435681343078613,376072000
26/06/2020,9.445626707798452,9.445626707798452,9.072773021964302,9.102601051330566,9.102601051330566,592084000
29/06/2020,9.117267173394785,9.151818266693523,8.849060495094076,9.147343635559082,9.147343635559082,342248000
30/06/2020,9.260690499073652,9.47172542178639,9.213462711530727,9.443388938903809,9.443388938903809,367892000
01/07/2020,9.466257584270018,9.520943092607503,9.359124357158036,9.475454330444336,9.475454330444336,326648000
02/07/2020,9.583832230349895,9.681768727246737,9.5234299184089,9.557235717773438,9.557235717773438,364056000
06/07/2020,9.685991442309067,9.85203541147055,9.656908714808086,9.782933235168457,9.782933235168457,315892000
07/07/2020,9.889321207970426,10.012362642023092,9.79436782317376,9.815247535705566,9.815247535705566,357800000
08/07/2020,9.936549995462096,10.16647718547054,9.90846194337441,10.157527923583984,10.157527923583984,365480000
09/07/2020,10.320841463437493,10.509505200684657,10.174930899254202,10.448854446411133,10.448854446411133,494548000
10/07/2020,10.528144672391011,10.594263768223163,10.319346579441985,10.419271469116211,10.419271469116211,497676000
13/07/2020,10.534358603416077,10.730479036979467,9.96762041708971,9.994714736938477,9.994714736938477,457076000
14/07/2020,10.017334456489614,10.343208748675954,9.729491205941963,10.317605972290039,10.317605972290039,542676000
15/07/2020,10.354643532436837,10.373285456655864,9.9981949595581,10.168713569641113,10.168713569641113,403984000
16/07/2020,9.957680388870466,10.148332500176572,9.838864177081126,10.07674503326416,10.07674503326416,344964000
17/07/2020,10.16697211899285,10.189840238076629,10.030010888799213,10.143109321594238,10.143109321594238,266284000
20/07/2020,10.215443985468063,10.470972981230924,10.098616209013986,10.450590133666992,10.450590133666992,284852000
21/07/2020,10.452829106890468,10.499560985576702,10.22787433658931,10.26938533782959,10.26938533782959,277036000
22/07/2020,10.30816420736769,10.541818895421544,10.23259896417881,10.379006385803223,10.379006385803223,367292000
23/07/2020,10.390186231450889,10.48663114543935,9.973833257090856,10.071769714355469,10.071769714355469,411660000
24/07/2020,9.81848093979742,10.305427789555091,9.721042262613368,10.136152267456055,10.136152267456055,473292000
27/07/2020,10.173683955005732,10.381984204127468,10.159266334109978,10.36185073852539,10.36185073852539,292132000
28/07/2020,10.314871041356408,10.32257624250495,10.15081549413575,10.157029151916504,10.157029151916504,271636000
29/07/2020,10.33127653908729,10.456057943379921,10.287777140002785,10.405598640441895,10.405598640441895,284508000
30/07/2020,10.31561979259606,10.562200535140692,10.236326172540638,10.553252220153809,10.553252220153809,308880000
31/07/2020,10.502788631136903,10.704876167416607,10.373284166869748,10.553994178771973,10.553994178771973,386080000
03/08/2020,10.671071020858617,11.03522477261038,10.653919693105369,10.94723129272461,10.94723129272461,412720000
04/08/2020,10.986754217813543,11.16348648071289,10.843578365613316,11.16348648071289,11.16348648071289,310336000
05/08/2020,11.179645121303212,11.30666338727199,11.102339920529543,11.222149848937988,11.222149848937988,249924000
06/08/2020,11.284790497851256,11.292993515023817,11.114769668219672,11.270622253417969,11.270622253417969,244316000
07/08/2020,11.24775201691962,11.43890190925991,10.974326380325055,11.135398864746094,11.135398864746094,342516000
10/08/2020,11.269375017859808,11.342950862038203,10.794358808514744,11.101093292236328,11.101093292236328,427796000
11/08/2020,11.010370441200232,11.073010544389208,10.73396165780308,10.787901878356934,10.787901878356934,354512000
12/08/2020,10.927843787475073,11.401367625316079,10.895529538580869,11.374771118164062,11.374771118164062,464412000
13/08/2020,11.479915466163844,11.654660281162782,11.290754924571592,11.3775053024292,11.3775053024292,374460000
14/08/2020,11.464005528623535,11.637755639070226,11.37501832276075,11.497811317443848,11.497811317443848,366436000
17/08/2020,11.78341797703203,12.338721639164778,11.749613132917666,12.266387939453125,12.266387939453125,621300000
18/08/2020,12.378741454160556,12.424478648175024,12.017073893181932,12.190574645996094,12.190574645996094,503448000
19/08/2020,12.226119746907969,12.244513237961666,12.028755255290813,12.069024085998535,12.069024085998535,622624000
20/08/2020,11.906459125153898,12.304169267650222,11.810759499849118,12.071508407592773,12.071508407592773,921388000
21/08/2020,12.131913399248386,12.735439599242884,12.125450359088568,12.610906600952148,12.610906600952148,999868000
24/08/2020,12.810006820500528,12.838592680399442,12.435910109440096,12.647442817687988,12.647442817687988,490564000
25/08/2020,12.558458022586445,12.688210950834806,12.501784100908587,12.67702579498291,12.67702579498291,289076000
26/08/2020,12.725989774147282,12.794843509741666,12.605185196211957,12.69989013671875,12.69989013671875,321244000
27/08/2020,12.708343746936956,12.776452196578415,12.494574167929203,12.555971145629883,12.555971145629883,317604000
28/08/2020,12.60245349059197,13.072745800414442,12.570139242268583,13.072497367858887,13.072497367858887,537160000
31/08/2020,13.107296770619834,13.497301743517985,12.963127187794592,13.29794979095459,13.29794979095459,500840000
01/09/2020,13.406855757117219,13.917818175661797,13.363591845452834,13.74600601196289,13.74600601196289,511316000
02/09/2020,14.623961702665783,14.646837609477354,13.824573107863383,14.268651008605957,14.268651008605957,874012000
03/09/2020,13.753713485703926,13.809160874427366,12.80886846988595,12.944876670837402,12.944876670837402,945128000
04/09/2020,12.714379780411823,13.103507306576846,11.641235349225086,12.55400562286377,12.55400562286377,1463684000
08/09/2020,11.670825611564226,12.481900763409474,11.64074015776347,11.848357200622559,11.848357200622559,795728000
09/09/2020,12.332716222048454,12.739745856584113,12.165379076629385,12.646007537841797,12.646007537841797,736200000
10/09/2020,12.918772128859263,12.99435997478572,12.100983190759791,12.244948387145996,12.244948387145996,698684000
11/09/2020,12.417752852588826,12.583846512984273,11.831202602456209,12.098494529724121,12.098494529724121,636928000
14/09/2020,13.010022440993444,13.242752006584764,12.562712850650161,12.802404403686523,12.802404403686523,1201744000
15/09/2020,13.207939772230896,13.226588220643817,12.758144242528516,12.92050838470459,12.92050838470459,727556000
16/09/2020,12.886944754317081,13.021709497809459,12.445851578489565,12.4465970993042,12.4465970993042,556384000
17/09/2020,12.066422099272266,12.521440229492137,11.969451271127003,12.395874977111816,12.395874977111816,792512000
18/09/2020,12.525414964806158,12.563954399639542,11.923698214828766,12.123109817504883,12.123109817504883,698460000
21/09/2020,11.860292243862816,12.454549912007502,11.83990329972909,12.449328422546387,12.449328422546387,721044000
22/09/2020,12.506765396916883,12.579369239088551,12.089542285546635,12.569174766540527,12.569174766540527,646452000
23/09/2020,12.507260881383038,12.657939492376991,12.013704488182995,12.057962417602539,12.057962417602539,647012000
24/09/2020,12.006745263131892,12.50129674587653,11.948810907879453,12.280998229980469,12.280998229980469,731240000
25/09/2020,12.37995930307491,12.81359341042278,12.179304208660158,12.803895950317383,12.803895950317383,588016000
28/09/2020,12.969491127871112,12.980929083477617,12.680816250113036,12.964269638061523,12.964269638061523,573808000
29/09/2020,12.867301008299274,13.369809494477751,12.863074493765462,13.153986930847168,13.153986930847168,621460000
30/09/2020,13.086105607065111,13.548582595898237,13.07889511363806,13.45708179473877,13.45708179473877,689184000
01/10/2020,13.683348208064956,13.688071736035704,13.387710370072455,13.540626525878906,13.540626525878906,525004000
02/10/2020,13.153238276064698,13.44613964716638,12.980181706832932,12.991371154785156,12.991371154785156,552496000
05/10/2020,13.164178752952756,13.57021335878919,13.15100030117963,13.568472862243652,13.568472862243652,479820000
06/10/2020,13.754958174616215,14.065265531960174,13.590853504578481,13.661965370178223,13.661965370178223,784420000
07/10/2020,13.923784817097221,14.042636546603271,13.788273642421032,13.888228416442871,13.888228416442871,418084000
08/10/2020,13.998625545872363,14.008074497442983,13.683346224032253,13.763657569885254,13.763657569885254,378900000
09/10/2020,13.692298713449562,13.749238090470126,13.586625429092514,13.688071250915527,13.688071250915527,346892000
12/10/2020,13.913593834330083,14.269154136057788,13.83701196571171,14.148810386657715,14.148810386657715,434744000
13/10/2020,14.218927839781706,14.27064573492429,13.942684887481585,14.170939445495605,14.170939445495605,344604000
14/10/2020,14.212959397087152,14.264925797389301,13.884253040032485,14.018769264221191,14.018769264221191,276100000
15/10/2020,13.73581225732956,13.929753875044918,13.693045357210385,13.894198417663574,13.894198417663574,267224000
16/10/2020,13.96058405122219,14.044874357852594,13.717659097272511,13.736556053161621,13.736556053161621,242392000
19/10/2020,13.827559686516892,13.907622529912283,13.334002276993704,13.424509048461914,13.424509048461914,298068000
20/10/2020,13.509794959370556,13.724871990223454,13.43371011402251,13.57145881652832,13.57145881652832,229212000
21/10/2020,13.551066960951445,13.71666357670452,13.404367299030525,13.451360702514648,13.451360702514648,219596000
22/10/2020,13.449126364383108,13.537891703010716,13.15995348572998,13.28850269317627,13.28850269317627,290480000
23/10/2020,13.37701985042523,13.519493036025253,13.219131648332377,13.516509056091309,13.516509056091309,233484000
26/10/2020,13.35414524503633,13.618453219253427,12.967753030635334,13.069945335388184,13.069945335388184,336896000
27/10/2020,13.233796470637538,13.369059114046205,13.119917744537618,13.324054718017578,13.324054718017578,250520000
28/10/2020,13.126386851090986,13.188050708710339,12.540583049206013,12.55848503112793,12.55848503112793,376520000
29/10/2020,12.768836445909805,13.121164188121782,12.680816637076695,12.953330039978027,12.953330039978027,320080000
30/10/2020,12.780277369508292,12.866307246282572,12.233261433150004,12.465991973876953,12.465991973876953,416820000
02/11/2020,12.589069276227741,12.767097924979993,12.327745281962157,12.512487411499023,12.512487411499023,299652000
03/11/2020,12.639541166978166,13.033889318221213,12.534364903155558,12.948853492736816,12.948853492736816,272900000
04/11/2020,13.316597320732134,13.75246983604854,13.264630929698608,13.719399452209473,13.719399452209473,410228000
05/11/2020,14.08565213447711,14.261193784268926,13.915082519116078,14.083165168762207,14.083165168762207,319028000
06/11/2020,14.033190817471162,14.509591872378675,13.819606703123585,14.482987403869629,14.482987403869629,383348000
09/11/2020,14.47353602436871,14.611781731679114,13.536896506652354,13.556787490844727,13.556787490844727,582976000
10/11/2020,13.532665576261032,13.532665576261032,12.559724384356599,12.700705528259277,12.700705528259277,644068000
11/11/2020,12.982919181366613,13.362100862954051,12.877991414086402,13.345192909240723,13.345192909240723,404744000
12/11/2020,13.405860329921897,13.691302714348726,13.243744694427015,13.3837308883667,13.3837308883667,365812000
13/11/2020,13.553303624919582,13.594578522857725,12.988385945494162,13.224845886230469,13.224845886230469,346312000
16/11/2020,13.101022892269615,13.57543482478266,13.084612902797199,13.441913604736328,13.441913604736328,413776000
17/11/2020,13.478961861207623,13.522474277402354,13.231561881843696,13.349418640136719,13.349418640136719,312028000
18/11/2020,13.392186477279536,13.531924181183586,13.11345753865842,13.355884552001953,13.355884552001953,510924000
19/11/2020,13.141057386140876,13.414316335999356,13.028919120198557,13.36732292175293,13.36732292175293,565936000
20/11/2020,13.380995847364288,13.421275773566174,12.994105766643468,13.016733169555664,13.016733169555664,341088000
23/11/2020,13.099783135245094,13.30988624770573,12.944877961621113,13.068702697753906,13.068702697753906,361356000
24/11/2020,13.071185886209618,13.090579854954449,12.815083440234448,12.887438774108887,12.887438774108887,346500000
25/11/2020,12.961785995769935,13.19749954950545,12.949354010397753,13.162938117980957,13.162938117980957,259916000
27/11/2020,13.30242518425179,13.334749099812084,13.099034635548598,13.189291954040527,13.189291954040527,167276000
30/11/2020,13.193022390006243,13.339722070023917,12.901860540365371,13.328781127929688,13.328781127929688,286952000
01/12/2020,13.419038982985601,13.455340904435158,13.156470608275669,13.317343711853027,13.317343711853027,296948000
02/12/2020,13.278058816081627,13.599306136815693,13.162439563503987,13.471006393432617,13.471006393432617,283360000
03/12/2020,13.517764495771466,13.589892631736793,13.260592045398973,13.327247619628906,13.327247619628906,199520000
04/12/2020,13.37947715956388,13.490405637857798,13.320034212669325,13.488664627075195,13.488664627075195,202244000
07/12/2020,13.53144416609202,13.660777082523387,13.430714113847694,13.53691577911377,13.53691577911377,223244000
08/12/2020,13.515277208917487,13.528956715154852,13.213334699311595,13.28148365020752,13.28148365020752,271920000
09/12/2020,13.232236984460078,13.345154105047774,12.80220542358008,12.864384651184082,12.864384651184082,401300000
10/12/2020,12.802953380691694,13.001678158655883,12.783552731095787,12.905673027038574,12.905673027038574,207764000
11/12/2020,12.900699188489625,12.953179048728904,12.757189593634664,12.946463584899902,12.946463584899902,209264000
14/12/2020,13.020828245041423,13.32003447401288,13.010382180140862,13.240445137023926,13.240445137023926,270156000
15/12/2020,13.370773808172196,13.394899381914428,13.119072953503997,13.29193115234375,13.29193115234375,193016000
16/12/2020,13.353613224501983,13.368288003309102,13.14469094040639,13.174537658691406,13.174537658691406,223116000
17/12/2020,13.29814698347281,13.310832168465264,13.110863557414445,13.272778511047363,13.272778511047363,231384000
18/12/2020,13.310334366601626,13.336200948982984,13.003418348495277,13.20388412475586,13.20388412475586,342064000
21/12/2020,13.007646335173467,13.301380961244586,12.900946562414616,13.263824462890625,13.263824462890625,302332000
22/12/2020,13.250892022262283,13.268799292120496,12.98700315387117,13.210102081298828,13.210102081298828,185580000
23/12/2020,13.187966443845962,13.206868984202535,12.938255185424696,12.942482948303223,12.942482948303223,179144000
24/12/2020,12.970337770352513,13.0650990425598,12.872344005635338,12.927061080932617,12.927061080932617,97884000
28/12/2020,12.9954590638984,12.9954590638984,12.69774525994913,12.833792686462402,12.833792686462402,212564000
29/12/2020,12.858666619881392,13.005409659646398,12.776340989904284,12.876822471618652,12.876822471618652,170372000
30/12/2020,12.923578131372935,13.1459312845116,12.830558825412934,13.078280448913574,13.078280448913574,225396000
31/12/2020,13.069081697926531,13.083506947592985,12.84871807733126,12.98799991607666,12.98799991607666,192424000
04/01/2021,13.036994722740106,13.582431124501683,12.895971895425573,13.046196937561035,13.046196937561035,560640000
05/01/2021,13.03251966866756,13.374505491666145,13.01983542997663,13.335954666137695,13.335954666137695,322760000
06/01/2021,13.154640287388144,13.177024852462187,12.521407478818293,12.549760818481445,12.549760818481445,580424000
07/01/2021,12.900947707097602,13.309092875319838,12.820364039094777,13.27551555633545,13.27551555633545,461480000
08/01/2021,13.293919104792138,13.352118201712143,12.975063652438749,13.208608627319336,13.208608627319336,292528000
11/01/2021,13.349877522595643,13.889345032102549,13.293916607551724,13.551587104797363,13.551587104797363,518344000
12/01/2021,13.681917255790076,13.683907795701348,13.276509362154492,13.415541648864746,13.415541648864746,291476000
13/01/2021,13.42076462097778,13.555071983938621,13.316303971194731,13.462300300598145,13.462300300598145,210028000
14/01/2021,13.505327416462048,13.529950146558164,13.112852370232488,13.132500648498535,13.132500648498535,283120000
15/01/2021,13.16011234154695,13.256863230167472,12.782560533122076,12.793503761291504,12.793503761291504,277780000
19/01/2021,12.949446142963154,13.02679731028673,12.77808038942773,12.95840072631836,12.95840072631836,226188000
20/01/2021,13.04445641294081,13.36157087660753,12.989739333786316,13.29715347290039,13.29715347290039,258572000
21/01/2021,13.349631654463508,13.927401511527409,13.184981367786673,13.796327590942383,13.796327590942383,337780000
22/01/2021,13.669482236438519,13.77071039880611,13.557310847947868,13.642123222351074,13.642123222351074,246820000
25/01/2021,13.711016129258498,13.757526257382864,13.168564636769304,13.583175659179688,13.583175659179688,251112000
26/01/2021,13.510797782058482,13.574718011567779,13.318788513278982,13.366293907165527,13.366293907165527,163980000
27/01/2021,13.162099460401164,13.164835741319445,12.728088683861888,12.851452827453613,12.851452827453613,371272000
28/01/2021,12.9295498263929,13.271287026648704,12.89398291811221,12.984018325805664,12.984018325805664,228316000
29/01/2021,13.007893762775277,13.266310987846254,12.845233076128466,12.923081398010254,12.923081398010254,271552000
01/02/2021,12.986258366188409,13.202641846107586,12.83653046690739,13.169065475463867,13.169065475463867,217204000
02/02/2021,13.329985875476133,13.50234597862409,13.217316363082297,13.487174987792969,13.487174987792969,220440000
03/02/2021,13.56601739761025,13.860250172849762,13.447131481428253,13.4610595703125,13.4610595703125,245408000
04/02/2021,13.46155368214579,13.603322239769158,13.269295813752072,13.594120025634766,13.594120025634766,201340000
05/02/2021,13.654558996907936,13.666746072596897,13.476228255580894,13.521245956420898,13.521245956420898,169152000
08/02/2021,13.656796531061007,14.39946521890189,13.656796531061007,14.364645004272461,14.364645004272461,434624000
09/02/2021,14.267150822390528,14.508406578958365,14.1495078057165,14.190049171447754,14.190049171447754,287560000
10/02/2021,14.389019846164402,14.82850221001609,14.267894829975646,14.688474655151367,14.688474655151367,485352000
11/02/2021,14.903364910284036,15.193866051503107,14.84839831139126,15.172475814819336,15.172475814819336,450828000
12/02/2021,14.972758655967848,15.212770519830906,14.699169476852274,14.884464263916016,14.884464263916016,374756000
16/02/2021,14.986936092155004,15.293604492895591,14.873272272609666,15.251570701599121,15.251570701599121,321960000
17/02/2021,15.093136657546811,15.14536793027898,14.704143611075722,14.829497337341309,14.829497337341309,274756000
18/02/2021,14.6534091410782,14.79691874972093,14.500199206243865,14.752896308898926,14.752896308898926,233868000
19/02/2021,14.947387303146728,15.099104755356477,14.770549961596203,14.84989070892334,14.84989070892334,271724000
22/02/2021,14.698920325656603,15.055580850463219,14.251478660606724,14.282071113586426,14.282071113586426,325884000
23/02/2021,14.003010016724044,14.165671652932998,13.320779544823493,14.069417953491211,14.069417953491211,391780000
24/02/2021,14.050268938182565,14.43229798344174,13.68540047372523,14.42458724975586,14.42458724975586,448320000
25/02/2021,13.973412803941994,14.300973298154094,13.148419454042376,13.239200592041016,13.239200592041016,824436000
26/02/2021,13.68191671453805,13.78339344846942,13.292426514142514,13.644112586975098,13.644112586975098,500932000
01/03/2021,13.803788241965915,13.853531812773983,13.483689896095202,13.770709037780762,13.770709037780762,353184000
02/03/2021,13.828660812201646,13.849055782455864,13.32724777396713,13.337445259094238,13.337445259094238,264116000
03/03/2021,13.357343042088633,13.382462935621067,12.733063022967233,12.739032745361328,12.739032745361328,377592000
04/03/2021,12.735053297663734,12.90840960500294,12.021733103971219,12.3067626953125,12.3067626953125,573344000
05/03/2021,12.485589720652124,12.485589720652124,11.61930825304677,12.397543907165527,12.397543907165527,542840000
08/03/2021,12.386100946731473,12.407241654699087,11.50713535777031,11.533748626708984,11.533748626708984,543112000
09/03/2021,12.072159199010558,12.55632917757728,12.001499113514425,12.460291862487793,12.460291862487793,521824000
10/03/2021,12.779008634694895,12.917840255866876,12.397843341761316,12.408541679382324,12.408541679382324,384376000
11/03/2021,12.88798468790623,12.983774296200266,12.673516798492331,12.931276321411133,12.931276321411133,299916000
12/03/2021,12.587679111203993,12.827027841808514,12.52970858536921,12.794434547424316,12.794434547424316,243964000
15/03/2021,12.803143022661203,13.143505256096866,12.706110083817578,13.128079414367676,13.128079414367676,221988000
16/03/2021,13.292537069306986,13.447790141533767,13.0539352931175,13.22760009765625,13.22760009765625,272128000
17/03/2021,12.977303509185077,13.388823115161827,12.92729410030536,13.277359962463379,13.277359962463379,243864000
18/03/2021,13.073593294704544,13.120865488674434,12.656101814810397,12.661575317382812,12.661575317382812,293896000
19/03/2021,12.688941772839797,12.85962068483066,12.552100433738472,12.784233093261719,12.784233093261719,299208000
22/03/2021,12.850913393081935,13.330355915344027,12.84494160969425,13.123103141784668,13.123103141784668,297804000
23/03/2021,13.190776400457926,13.280594218123273,12.958892409753085,13.008155822753906,13.008155822753906,222048000
24/03/2021,13.088270010291474,13.096232071229919,12.576234227742477,12.582453727722168,12.582453727722168,245840000
25/03/2021,12.439642442353005,12.653861664457352,12.21323193641956,12.475220680236816,12.475220680236816,295144000
26/03/2021,12.494377029182635,12.794682152334557,12.314244068153682,12.777763366699219,12.777763366699219,363968000
29/03/2021,12.758854634186175,12.999944962976231,12.639180750258788,12.886241912841797,12.886241912841797,273520000
30/03/2021,12.780498881120975,12.913110974068267,12.644154899011061,12.81010627746582,12.81010627746582,200204000
31/03/2021,12.953170680778484,13.405991674241122,12.92032872070121,13.284327507019043,13.284327507019043,314776000
01/04/2021,13.507254271126333,13.803577899001159,13.446545573751832,13.745607376098633,13.745607376098633,308276000
05/04/2021,13.801087954683728,13.94688599230823,13.667231582702074,13.920513153076172,13.920513153076172,255672000
06/04/2021,13.932705651391382,13.98694428007725,13.707539461225052,13.795117378234863,13.795117378234863,191744000
07/04/2021,13.814276132527263,14.175289010956332,13.645837117597932,14.07576847076416,14.07576847076416,251284000
08/04/2021,14.184496524494385,14.402198969872602,14.180763685323448,14.248438835144043,14.248438835144043,244416000
09/04/2021,14.145930293598289,14.339001489543403,14.107117501169766,14.331039428710938,14.331039428710938,195172000
12/04/2021,14.221317360385132,15.278977778996202,14.071537799554179,15.136164665222168,15.136164665222168,869324000
13/04/2021,15.15855755137292,15.624814088647074,15.05331389396944,15.604412078857422,15.604412078857422,676212000
14/04/2021,15.550174265451684,15.645216922969265,15.1545777941743,15.203841209411621,15.203841209411621,385500000
15/04/2021,15.587490177903373,16.13659794169235,15.556638505158789,16.059967041015625,16.059967041015625,598480000
16/04/2021,15.976123314232588,16.08833436820493,15.789272566562536,15.836297035217285,15.836297035217285,335208000
19/04/2021,15.46209667219749,15.731798779412195,15.160049939654558,15.288183212280273,15.288183212280273,404420000
20/04/2021,15.24986717123968,15.422785011070824,14.891342877489341,15.09859561920166,15.09859561920166,334132000
21/04/2021,15.046346636639578,15.28892989880131,15.029926132714714,15.28693962097168,15.28693962097168,216776000
22/04/2021,15.301371562848711,15.364567873838729,14.712703881625139,14.779134750366211,14.779134750366211,277788000
23/04/2021,14.86273203688158,15.261563065807191,14.828895411965819,15.192147254943848,15.192147254943848,227500000
26/04/2021,15.11228113181427,15.404872871832849,15.05256804757207,15.403877258300781,15.403877258300781,197796000
27/04/2021,15.503899636916618,15.595459087681606,15.280972319797844,15.30809211730957,15.30809211730957,164572000
28/04/2021,15.290922515939359,15.457869551472516,15.142635880213009,15.203592300415039,15.203592300415039,209416000
29/04/2021,15.32625115862929,15.362576342418699,14.999324504524623,15.251361846923828,15.251361846923828,173196000
30/04/2021,15.101830901269981,15.291417919862836,14.925180214363863,14.937620162963867,14.937620162963867,201912000
03/05/2021,15.052564115543284,15.17373091511989,14.716680833103723,14.765694618225098,14.765694618225098,203912000
04/05/2021,14.567151838206913,14.567400504280046,13.94315469910986,14.28252124786377,14.28252124786377,405324000
05/05/2021,14.638559441083883,14.742559766034404,14.318599252847807,14.389259338378906,14.389259338378906,292024000
06/05/2021,14.42583403228446,14.501470291554716,14.1499124041879,14.453451156616211,14.453451156616211,193380000
07/05/2021,14.737336239196171,14.899057484920897,14.601489557572949,14.741316795349121,14.741316795349121,229328000
10/05/2021,14.716435724758746,14.735096123743787,14.18175896431801,14.197433471679688,14.197433471679688,268904000
11/05/2021,13.758791607695967,14.286004495234742,13.684150974022726,14.237736701965332,14.237736701965332,285584000
12/05/2021,13.942410098916847,14.191959832815755,13.64359884835176,13.692612648010254,13.692612648010254,303408000
13/05/2021,13.966543750646617,14.013319554436475,13.39454620795062,13.599808692932129,13.599808692932129,285404000
14/05/2021,13.823482138772494,14.259384315186782,13.682659301255852,14.17479133605957,14.17479133605957,258616000
17/05/2021,14.089202579320993,14.101393861667164,13.787156796805611,14.097661972045898,14.097661972045898,216980000
18/05/2021,14.198679336756909,14.335272029935817,13.936938287720958,13.94863224029541,13.94863224029541,186256000
19/05/2021,13.501529742338581,14.012073471257523,13.478391458639676,13.99838924407959,13.99838924407959,344000000
20/05/2021,14.234005637482559,14.613430225210289,14.202159294293685,14.542521476745605,14.542521476745605,321592000
21/05/2021,15.091131488505768,15.14910295826252,14.798291095690491,14.919955253601074,14.919955253601074,672992000
24/05/2021,15.139648534960056,15.669598713415175,15.10332335245462,15.537236213684082,15.537236213684082,554816000
25/05/2021,15.690495669194577,15.742744016405416,15.408353645148921,15.5728120803833,15.5728120803833,435408000
26/05/2021,15.658901227493464,15.718116033223644,15.511610211521978,15.624814987182617,15.624814987182617,370440000
27/05/2021,15.624564822611564,15.67457423164348,15.385963061533063,15.41382884979248,15.41382884979248,581476000
28/05/2021,15.426767817068965,16.199548993346383,15.426767817068965,16.166706085205078,16.166706085205078,644536000
01/06/2021,16.192081810450947,16.309765393162294,15.827087498879644,16.186607360839844,16.186607360839844,472804000
02/06/2021,16.174420647544324,16.837728952367616,16.157750527142543,16.697900772094727,16.697900772094727,594168000
03/06/2021,16.620775911295805,17.176353059547317,16.50358961055061,16.888486862182617,16.888486862182617,580008000
04/06/2021,17.030550709204036,17.576424107008513,17.01363381979466,17.49407196044922,17.49407196044922,617120000
07/06/2021,17.487109903038217,17.72720375147633,17.110422388683794,17.534629821777344,17.534629821777344,575756000
08/06/2021,17.443314784213733,17.53711316104232,17.16838687091044,17.373401641845703,17.373401641845703,323848000
09/06/2021,17.435862301693522,17.494841943488854,17.177047922626723,17.27907943725586,17.27907943725586,381656000
10/06/2021,17.270872745755277,17.412225327997316,17.09766651507908,17.345529556274414,17.345529556274414,287772000
11/06/2021,17.39977791669959,17.857432176144524,17.364191530157925,17.74395179748535,17.74395179748535,416308000
14/06/2021,17.82433244551483,17.957222713161077,17.582191993695638,17.936567306518555,17.936567306518555,321376000
15/06/2021,17.833292979468382,17.9340808879031,17.64714558818746,17.707368850708008,17.707368850708008,243032000
16/06/2021,17.709609271497378,17.872860848959444,17.50429881095447,17.729019165039062,17.729019165039062,307124000
17/06/2021,17.693437053578737,18.74909970508031,17.6752707710507,18.572160720825195,18.572160720825195,809656000
18/06/2021,18.698329309981435,19.286633450241315,18.499240721357857,18.553741455078125,18.553741455078125,968856000
21/06/2021,18.351171250009127,18.451961071599868,17.74146545273779,18.34320831298828,18.34320831298828,672384000
22/06/2021,18.387254606653663,18.877259967462265,18.30214384565627,18.800609588623047,18.800609588623047,580144000
23/06/2021,18.921055539369025,19.065394652543972,18.82151125791564,18.97032928466797,18.97032928466797,332356000
24/06/2021,19.14005430634004,19.331426768379632,19.001188991925353,19.117904663085938,19.117904663085938,320924000
25/06/2021,19.192566694456715,19.257270776737716,18.80832746643894,18.944204330444336,18.944204330444336,278364000
28/06/2021,19.27295191735017,19.987180404089194,19.230894919687486,19.893857955932617,19.893857955932617,495436000
29/06/2021,19.79181849083902,20.007081674259897,19.567346857383377,19.93541145324707,19.93541145324707,367632000
30/06/2021,19.90803865725093,20.070544083019442,19.77315668561849,19.911273956298828,19.911273956298828,326568000
01/07/2021,20.03321082827077,20.362700530192438,19.927693393087345,20.119813919067383,20.119813919067383,480136000
02/07/2021,20.347030221460038,20.41173431290762,20.195225563823374,20.393566131591797,20.393566131591797,342764000
06/07/2021,20.642917142581126,20.746940344072726,20.257434361701367,20.604095458984375,20.604095458984375,446708000
07/07/2021,20.758386591417537,20.779788164387533,20.239265541456227,20.278833389282227,20.278833389282227,418428000
08/07/2021,19.76593893142942,20.041176667969573,19.61089900392695,19.81197738647461,19.81197738647461,503300000
09/07/2021,19.87145390678074,19.988667035276382,19.664153655569276,19.958803176879883,19.958803176879883,296624000
12/07/2021,20.147690934282892,20.43910519307565,20.09567932268978,20.418949127197266,20.418949127197266,321984000
13/07/2021,20.3074610648703,20.367934966049543,20.022268645532385,20.15764808654785,20.15764808654785,290708000
14/07/2021,20.26489732613754,20.324623131817976,19.66265721401625,19.751001358032227,19.751001358032227,380100000
15/07/2021,19.72139214020743,19.756481081917247,18.77248888227508,18.87974739074707,18.87974739074707,550564000
16/07/2021,18.943702280089244,19.069624493243037,17.99056898289551,18.078166961669922,18.078166961669922,688224000
19/07/2021,17.83354040544613,18.95515041008201,17.784016036287866,18.6940975189209,18.6940975189209,749060000
20/07/2021,18.64457864969428,18.752085902495235,18.08115999036989,18.527116775512695,18.527116775512695,434687000
21/07/2021,18.795882316770854,19.43794103502016,18.656521440989437,19.321474075317383,19.321474075317383,371017000
22/07/2021,19.552414359226333,19.7962958674944,19.18808253655946,19.5046329498291,19.5046329498291,323826000
23/07/2021,19.566352203135214,19.610152148792288,19.162203768763973,19.468799591064453,19.468799591064453,195672000
26/07/2021,19.222929669807954,19.353330839467855,18.827738996164285,19.20600700378418,19.20600700378418,203943000
27/07/2021,19.177138728974995,19.532510931072274,18.65552833545474,19.120399475097656,19.120399475097656,248863000
28/07/2021,19.230894005871093,19.556402355411265,18.908372232746423,19.41405487060547,19.41405487060547,202191000
29/07/2021,19.429975408460677,19.762453610725807,19.239846550542488,19.572324752807617,19.572324752807617,190781000
30/07/2021,19.329438564431676,19.540471578419623,19.175146696320255,19.410070419311523,19.410070419311523,183497000
02/08/2021,19.61015425708338,19.86996358597214,19.272699647938943,19.65992546081543,19.65992546081543,217444000
03/08/2021,19.649973548645775,20.12977568929753,19.132344604430187,19.724632263183594,19.724632263183594,301811000
04/08/2021,19.898826814854456,20.225331848038415,19.737565032108463,20.18153190612793,20.18153190612793,231309000
05/08/2021,20.40650479203226,20.638441941721155,20.249224447514635,20.542879104614258,20.542879104614258,211435000
06/08/2021,20.43038781402474,20.476177531805252,20.117818926142675,20.273107528686523,20.273107528686523,178497000
09/08/2021,20.35274874502735,20.414466247960842,20.0511311729326,20.202438354492188,20.202438354492188,146443000
10/08/2021,20.229312853870223,20.336820073696575,19.744532624439724,19.845073699951172,19.845073699951172,179238000
11/08/2021,19.951584652682246,19.957557803565333,19.341381532525443,19.609153747558594,19.609153747558594,185925000
12/08/2021,19.77938401200721,19.93765739126969,19.53052413308671,19.814224243164062,19.814224243164062,151652000
13/08/2021,19.814221709491452,20.121812495694318,19.76046713192301,20.095930099487305,20.095930099487305,183063000
16/08/2021,20.043166397287347,20.194473564961584,19.36427582596979,19.859010696411133,19.859010696411133,210876000
17/08/2021,19.595224826743483,19.679838166363634,19.179131870288053,19.369260787963867,19.369260787963867,204585000
18/08/2021,19.41106426442262,19.54445389093999,18.913344667898965,18.953163146972656,18.953163146972656,285913000
19/08/2021,19.40508831506733,20.401524155483223,18.676426581461318,19.70770263671875,19.70770263671875,766555000
20/08/2021,19.899821801702963,20.769836101289304,19.842087671920797,20.721059799194336,20.721059799194336,675741000
23/08/2021,20.875356807002596,21.896676532709122,20.854452674261367,21.85785484313965,21.85785484313965,575807000
24/08/2021,21.65378693903574,21.85884677029652,21.436780805743606,21.693603515625,21.693603515625,297299000
25/08/2021,21.637863490780983,22.367520297278727,21.62293250890913,22.111692428588867,22.111692428588867,347701000
26/08/2021,22.09875368815787,22.238114585545677,21.690623718393724,21.967355728149414,21.967355728149414,237940000
27/08/2021,22.082820582434145,22.61836691419927,22.065897920601948,22.532758712768555,22.532758712768555,304722000
30/08/2021,22.725874798350432,22.937902675579686,22.448147955070617,22.584522247314453,22.584522247314453,262580000
31/08/2021,22.59547666794216,22.59547666794216,22.022999320495497,22.286836624145508,22.286836624145508,259850000
01/09/2021,22.386394181216367,22.59746436340298,22.25895525818187,22.342586517333984,22.342586517333984,201767000
02/09/2021,22.419249529951113,22.493921385599155,22.197227896388572,22.29778480529785,22.29778480529785,187834000
03/09/2021,22.227096544764898,22.885197091806518,22.102644720659796,22.74282455444336,22.74282455444336,280532000
07/09/2021,22.732867877774773,22.798578424834954,22.42323092316532,22.562618255615234,22.562618255615234,198107000
08/09/2021,22.414276035210346,22.510850790435214,21.880625312807148,22.241039276123047,22.241039276123047,254434000
09/09/2021,22.214158290540535,22.43916707430214,22.033952249947387,22.079750061035156,22.079750061035156,196856000
10/09/2021,22.249995986999718,22.52677674082894,22.1723389246809,22.379426956176758,22.379426956176758,248376000
13/09/2021,22.584525817265025,22.863298640935614,21.76214779147206,22.054859161376953,22.054859161376953,297500000
14/09/2021,22.177322643775025,22.311730889977884,21.989152238481918,22.144468307495117,22.144468307495117,199755000
15/09/2021,22.21116747444568,22.268913686849235,21.86967123574188,22.243026733398438,22.243026733398438,166538000
16/09/2021,22.0857270102206,22.179314678845696,21.83084906635512,22.144468307495117,22.144468307495117,156033000
17/09/2021,22.20221017104686,22.22311799153432,21.73427187990997,21.803964614868164,21.803964614868164,294503000
20/09/2021,21.053268680937446,21.33901075751113,20.57139190308022,21.020414352416992,21.020414352416992,349440000
21/09/2021,21.323087456801872,21.331051799952732,20.858136167878914,21.1528377532959,21.1528377532959,204688000
22/09/2021,21.272304527219312,21.863699567380518,21.103049939355934,21.844783782958984,21.844783782958984,268726000
23/09/2021,22.04291020210144,22.43617848847477,21.794006511837477,22.383411407470703,22.383411407470703,248555000
24/09/2021,21.973215656561944,22.051869687132683,21.765132553304515,21.984167098999023,21.984167098999023,217655000
27/09/2021,21.6147995953172,21.703410024457195,21.23148951169654,21.565019607543945,21.565019607543945,245215000
28/09/2021,21.120971560225616,21.32507250371504,20.560438842257536,20.60822868347168,20.60822868347168,343069000
29/09/2021,20.848174042522803,20.92483604642628,20.377246777573124,20.42702865600586,20.42702865600586,218394000
30/09/2021,20.67692841927155,20.97362197253502,20.59727930891089,20.62515640258789,20.62515640258789,221009000
01/10/2021,20.658999647073383,20.767520876721406,20.114397666814803,20.65103530883789,20.65103530883789,240978000
04/10/2021,20.414085560020563,20.451919028744175,19.46924770779128,19.645471572875977,19.645471572875977,345635000
05/10/2021,19.86251425727249,20.557453280437706,19.766934576510337,20.361316680908203,20.361316680908203,279282000
06/10/2021,20.03177159768733,20.629138987907215,19.99194609221421,20.609228134155273,20.609228134155273,297202000
07/10/2021,20.999505841929384,21.228498682857182,20.880033132647856,20.982582092285156,20.982582092285156,256919000
08/10/2021,21.00846717095083,21.113006266424186,20.683896542065902,20.73965072631836,20.73965072631836,151258000
11/10/2021,20.48477154135317,20.970630442278978,20.42105112712711,20.604244232177734,20.604244232177734,163388000
12/10/2021,20.736663894521275,20.964659771807728,20.437980218130104,20.580352783203125,20.580352783203125,162134000
13/10/2021,20.82627159125142,20.897956364840443,20.62217061425667,20.847179412841797,20.847179412841797,180652000
14/10/2021,21.194643109467265,21.659594172572046,21.029370725954077,21.650634765625,21.650634765625,243589000
15/10/2021,21.71435652898172,21.834826198844418,21.56700673526924,21.766128540039062,21.766128540039062,226994000
18/10/2021,21.653626407282953,22.193249435993522,21.54908541210571,22.12455177307129,22.12455177307129,189494000
19/10/2021,22.178310762287502,22.280859708119866,21.940360443621927,22.192251205444336,22.192251205444336,161473000
20/10/2021,22.207184914348492,22.334623846905142,21.88560143025834,22.006071090698242,22.006071090698242,146276000
21/10/2021,22.00009915262171,22.611406925381793,21.986160606952357,22.59248924255371,22.59248924255371,187590000
22/10/2021,22.72291370384328,23.028566619385316,22.462063524678783,22.626338958740234,22.626338958740234,249384000
25/10/2021,22.87225483930817,23.252579603731718,22.670145947280098,23.064409255981445,23.064409255981445,230235000
26/10/2021,23.883803837264775,25.14823509331115,23.819088343329533,24.608610153198242,24.608610153198242,485898000
27/10/2021,24.36667273808714,24.979970559191603,24.17551339728853,24.343772888183594,24.343772888183594,245990000
28/10/2021,24.768903437739628,24.840588199418896,24.41546066539416,24.831626892089844,24.831626892089844,234204000
29/10/2021,24.891363736621464,25.596259159623884,24.89036866878223,25.45488166809082,25.45488166809082,292503000
01/11/2021,25.536522381847643,25.78044692731383,25.11637208457716,25.713741302490234,25.713741302490234,265740000
02/11/2021,25.708761653173653,26.56100677962379,25.6868568702382,26.285221099853516,26.285221099853516,294112000
03/11/2021,26.553042329347175,26.666542716501237,26.119950495850016,26.48135757446289,26.48135757446289,239910000
04/11/2021,27.109591491333024,31.227453379184272,26.999078204026905,29.670312881469727,29.670312881469727,1153631000
05/11/2021,30.054622412775466,31.26230243845938,29.28102933486203,29.621530532836914,29.621530532836914,851260000
08/11/2021,30.016786509890455,30.963616262925747,29.775847185212836,30.668914794921875,30.668914794921875,503101000
09/11/2021,32.14043393327905,32.16831102221569,29.832598362114123,30.522558212280273,30.522558212280273,646746000
10/11/2021,29.22726785132228,30.714715789314535,28.65180150099656,29.329814910888672,29.329814910888672,636206000
11/11/2021,30.334390000111334,30.455854738894605,29.646420236957336,30.256731033325195,30.256731033325195,332172000
12/11/2021,29.878398271524592,30.5454602165024,29.500063610739595,30.256731033325195,30.256731033325195,413054000
15/11/2021,30.4180228502872,30.50961846828987,29.11874525657836,29.893333435058594,29.893333435058594,384909000
16/11/2021,29.628495874144114,30.256727308905166,29.575726902303593,30.070547103881836,30.070547103881836,264484000
17/11/2021,30.28460865268217,30.37521109867771,28.6737039612457,29.13268280029297,29.13268280029297,428508000
18/11/2021,32.225063319518526,32.616337669436994,31.183648858814088,31.536096572875977,31.536096572875977,781711000
19/11/2021,32.101608157533384,32.94290388231008,31.76509100701343,32.840354919433594,32.840354919433594,533867000
22/11/2021,33.37001812058742,34.49506385982345,31.76011037964673,31.81586456298828,31.81586456298828,754335000
23/11/2021,31.39670778185482,32.21809062628642,30.744579503591616,31.606782913208008,31.606782913208008,532163000
24/11/2021,31.323039583883876,32.71092580385909,30.7923759210508,32.53071975708008,32.53071975708008,435162000
26/11/2021,32.45703857581968,32.56655680344716,31.212522066253175,31.364850997924805,31.364850997924805,283069000
29/11/2021,32.22406422648845,33.26547475913897,31.895509575688923,33.22963333129883,33.22963333129883,454964000
30/11/2021,33.02355307532344,33.2067481518104,31.72427707908633,32.53271484375,32.53271484375,622066000
01/12/2021,33.077378025602634,33.14707928825368,31.24621570117578,31.300981521606445,31.300981521606445,484368000
02/12/2021,31.080920379263713,32.33953127754449,30.892725098561222,31.989030838012695,31.989030838012695,472890000
03/12/2021,31.86357023241154,31.992021860446783,30.001542011299605,30.562143325805664,30.562143325805664,544325000
06/12/2021,29.752605337087843,30.112066268959172,27.918459673671148,29.908937454223633,29.908937454223633,658938000
07/12/2021,30.82501943857468,32.310659060877626,30.520322375117104,32.28874969482422,32.28874969482422,593053000
08/12/2021,31.862574188094904,32.152333886772645,31.287037448230688,31.690311431884766,31.690311431884766,475551000
09/12/2021,31.598704034532002,32.06769853366914,30.298272298007166,30.360008239746094,30.360008239746094,488507000
10/12/2021,31.017190899282223,31.171530737037585,29.733687020196054,30.069250106811523,30.069250106811523,488825000
13/12/2021,30.12004076791297,30.164848996545945,27.996133009770343,28.04094123840332,28.04094123840332,598344000
14/12/2021,27.580909846868153,28.555736152702433,27.13382466783278,28.216190338134766,28.216190338134766,667035000
15/12/2021,28.27891810418674,30.36996527334218,27.71931388041696,30.329139709472656,30.329139709472656,698297000
16/12/2021,31.01918703981043,31.027152355261656,27.97322876019045,28.265974044799805,28.265974044799805,707366000
17/12/2021,27.86568776813946,28.798693182569515,27.64164666608465,27.682472229003906,27.682472229003906,713758000
20/12/2021,27.188591698105373,28.024013613704202,27.029273973350673,27.600826263427734,27.600826263427734,461847000
21/12/2021,28.25303061151138,28.995850397906604,27.284177433595826,28.95104217529297,28.95104217529297,524385000
22/12/2021,28.767829354035246,29.42899807324993,28.327712401555452,29.274658203125,29.274658203125,395184000
23/12/2021,29.628141300237914,29.9308460734299,29.305523238717626,29.51363182067871,29.51363182067871,343022000
27/12/2021,29.533547027159024,30.954463182806666,29.51363183960114,30.813068389892578,30.813068389892578,403686000
28/12/2021,31.178505155996454,31.196428065606888,29.88404641723083,30.192726135253906,30.192726135253906,420591000
29/12/2021,30.143934262767104,30.41776144298987,29.240799693853926,29.873092651367188,29.873092651367188,343139000
30/12/2021,29.69983733274605,30.32715249863817,29.41406215423733,29.45986557006836,29.45986557006836,308864000
31/12/2021,29.547489426670328,29.901972573947273,29.205951342168785,29.28561019897461,29.28561019897461,266530000
03/01/2022,29.687885277671324,30.580065120512547,29.65801249794872,29.99258041381836,29.99258041381836,391547000
04/01/2022,30.147918368019972,30.33810404913154,28.22813864702251,29.16512680053711,29.16512680053711,527154000
05/01/2022,28.825579893631648,29.290589869699456,27.415618321755158,27.48631477355957,27.48631477355957,498064000
06/01/2022,27.522158750832368,28.316756884231587,26.94961135088401,28.057865142822266,28.057865142822266,454186000
07/01/2022,28.02102606266158,28.300828200556737,26.94164598984423,27.130836486816406,27.130836486816406,409939000
10/01/2022,26.467671784773447,27.351886299717222,25.53466639311799,27.283180236816406,27.283180236816406,594681000
11/01/2022,27.20651282406831,27.94535000609593,26.724577023199927,27.698406219482422,27.698406219482422,404089000
12/01/2022,27.947340025615873,28.47308885587238,27.490297267388375,27.87963104248047,27.87963104248047,383413000
13/01/2022,28.258012259555365,28.358581501754113,26.385030961290575,26.46170425415039,26.46170425415039,540171000
14/01/2022,26.187873849164077,27.081050909641085,26.09825739628388,26.827136993408203,26.827136993408203,395832000
18/01/2022,26.148046566250244,26.524435305727852,25.660135800028776,25.79256820678711,25.79256820678711,424270000
19/01/2022,25.967821209372843,26.429841897276514,24.945199061554565,24.960134506225586,24.960134506225586,488315000
20/01/2022,25.196118325519468,25.469945494898944,23.97534359217132,24.04703712463379,24.04703712463379,435181000
21/01/2022,23.406777774518208,24.717166987692867,23.16381858614929,23.27434539794922,23.27434539794922,718958000
24/01/2022,22.234798657209716,23.280321348926336,20.798947012783948,23.272356033325195,23.272356033325195,913982000
25/01/2022,22.44987442301741,22.845183070459672,21.906202770713605,22.22882080078125,22.22882080078125,664616000
26/01/2022,23.14091465619821,23.954430766160627,22.20492187006913,22.674909591674805,22.674909591674805,755959000
27/01/2022,23.467517526484492,23.892697037716033,21.582586870222382,21.850440979003906,21.850440979003906,573353000
28/01/2022,21.918149676875192,22.76054337462477,21.205202780038288,22.74262046813965,22.74262046813965,543774000
31/01/2022,23.083165646073763,24.404509712140047,22.953720720505,24.381607055664062,24.381607055664062,564680000
01/02/2022,24.996971847725337,25.03779741322022,23.78814690915183,24.532958984375,24.532958984375,518925000
02/02/2022,25.684030811068062,25.70693156804896,24.448320550364187,25.134384155273438,25.134384155273438,543419000
03/02/2022,24.353725465820713,24.97008589250318,23.678616565700732,23.84589958190918,23.84589958190918,410178000
04/02/2022,23.869797957184883,24.529971431012495,23.531247360390374,24.21531867980957,24.21531867980957,354829000
07/02/2022,24.268092626990843,25.074638756833302,24.098817325743227,24.622575759887695,24.622575759887695,376868000
08/02/2022,24.255148284706152,25.122435194530542,23.877764383475125,25.00095558166504,25.00095558166504,410359000
09/02/2022,25.512761692954534,26.611059748632012,25.244909456729868,26.591144561767578,26.591144561767578,524282000
10/02/2022,25.884173907605756,26.810207355807123,25.490857492439208,25.71390151977539,25.71390151977539,513200000
11/02/2022,25.80551006541594,26.040503963564735,23.671646883125344,23.846895217895508,23.846895217895508,605472000
14/02/2022,23.831959421608797,24.768947532154037,23.653721722186578,24.16353988647461,24.16353988647461,440424000
15/02/2022,24.842631726431065,26.431828001236315,24.67833617578049,26.382041931152344,26.382041931152344,699869000
16/02/2022,26.147047583163317,26.468670452357063,25.443061093040882,26.397972106933594,26.397972106933594,732676000
17/02/2022,25.52073073259493,25.675070604494053,24.061978217389743,24.40251922607422,24.40251922607422,810595000
18/02/2022,24.562831248228793,24.879476296810182,23.001517271399226,23.54120635986328,23.54120635986328,761255000
22/02/2022,22.936795215643546,23.961407632998917,22.901944582346907,23.290281295776367,23.290281295776367,633422000
23/02/2022,23.700523668904758,24.052019342712313,22.205923511795177,22.291555404663086,22.291555404663086,566511000
24/02/2022,20.92540185101815,23.698527839821597,20.800934789045943,23.64674949645996,23.64674949645996,735801000
25/02/2022,23.6198702807105,24.113754059814244,23.28131966006848,24.05401039123535,24.05401039123535,528866000
28/02/2022,23.88971413278726,24.559845228253224,23.605929341272788,24.281038284301758,24.281038284301758,477319000
01/03/2022,24.187438016478104,24.27307180434672,23.033378906753704,23.376907348632812,23.376907348632812,412056000
02/03/2022,23.658752163102065,24.309078898961875,23.31914848717471,24.120851516723633,24.120851516723633,389642000
03/03/2022,24.16267940977901,24.226418496205614,23.37292639017765,23.616924285888672,23.616924285888672,365095000
04/03/2022,23.288271806116654,23.583059575930694,22.389963970849855,22.842105865478516,22.842105865478516,431415000
07/03/2022,22.723592102393823,22.93870935454276,21.242680010670902,21.264589309692383,21.264589309692383,450821000
08/03/2022,21.22176739996016,22.281410884459255,20.565464751978574,21.425928115844727,21.425928115844727,557467000
09/03/2022,22.295354282391074,23.124944442804253,22.15592800317561,22.919788360595703,22.919788360595703,492742000
10/03/2022,22.43876187931811,22.694709732633942,21.792418612832495,22.565242767333984,22.565242767333984,428066000
11/03/2022,22.927755670439296,23.05025324732895,21.95575122647575,22.009531021118164,22.009531021118164,367209000
14/03/2022,21.779474563363422,22.170865393438028,21.072381995476352,21.2426815032959,21.2426815032959,385354000
15/03/2022,21.42990862446335,22.943686459312385,21.23471186606526,22.878952026367188,22.878952026367188,491996000
16/03/2022,23.403796625061247,24.49630589121448,23.077140259936503,24.395719528198242,24.395719528198242,671422000
17/03/2022,24.02125655135491,24.740298995053305,23.808131941746627,24.66461181640625,24.66461181640625,471941000
18/03/2022,24.69748098703601,26.460235655741535,24.523198138240513,26.344709396362305,26.344709396362305,730719000
21/03/2022,26.398489377058596,27.040849423539733,25.860699040597943,26.62455940246582,26.62455940246582,591727000
22/03/2022,26.61758672052766,27.12649641555455,25.96526931574627,26.41541862487793,26.41541862487793,547007000
23/03/2022,26.019044893201844,26.503055368285953,25.470301882639813,25.52906036376953,25.52906036376953,502120000
24/03/2022,26.058882339128612,28.204063653708854,25.800941854899072,28.034759521484375,28.034759521484375,877379000
25/03/2022,27.77184031036565,28.241908164028267,27.15935821789396,27.57863426208496,27.57863426208496,579016000
28/03/2022,27.642375427784486,28.134352617050098,27.094625830029123,28.103479385375977,28.103479385375977,425494000
29/03/2022,28.5775285613948,28.827500474518697,27.86545546506131,28.53868865966797,28.53868865966797,488984000
30/03/2022,28.188135560089133,28.37934902637745,27.390413942065525,27.576648712158203,27.576648712158203,463487000
31/03/2022,27.668265181187795,28.13235706761943,27.158362081398682,27.17429542541504,27.17429542541504,523440000
01/04/2022,27.26293568960486,27.383440643848896,26.15947167732759,26.602649688720703,26.602649688720703,517235000
04/04/2022,26.618582662321668,27.44518476682431,26.50405367248858,27.247995376586914,27.247995376586914,397120000
05/04/2022,27.14242826487716,27.2071627020829,25.714298707379786,25.824844360351562,25.824844360351562,436615000
06/04/2022,24.831926142575206,25.19642705051053,23.904737678545857,24.307083129882812,24.307083129882812,703833000
07/04/2022,24.340947967952697,24.620797799219233,23.381890771561523,24.108901977539062,24.108901977539062,557992000
08/04/2022,23.819090390264524,23.825066344638063,22.967590974113833,23.024356842041016,23.024356842041016,524781000
11/04/2022,22.12306125571871,22.228626311058377,21.57132836419141,21.8272762298584,21.8272762298584,575207000
12/04/2022,22.44474204972869,22.631972169880864,21.194878517496804,21.415969848632812,21.415969848632812,662258000
13/04/2022,21.639050491837658,22.407889437860018,21.36716738576446,22.112104415893555,22.112104415893555,516943000
14/04/2022,22.41286958131203,22.683757345759695,21.07636432042871,21.170974731445312,21.170974731445312,569097000
18/04/2022,21.11321129596641,21.9975745504491,20.992706362195054,21.693824768066406,21.693824768066406,525701000
19/04/2022,21.631084290617952,22.281410987109858,21.226746193463015,22.107128143310547,22.107128143310547,512781000
20/04/2022,22.424823034682213,22.577196581632325,21.11321496007185,21.394060134887695,21.394060134887695,468974000
21/04/2022,21.620128118741523,22.30033264038632,19.918124725646763,20.10037612915039,20.10037612915039,656209000
22/04/2022,20.219882348509838,20.402133738806455,19.42017020020564,19.435108184814453,19.435108184814453,624713000
25/04/2022,19.12339100546342,19.863349361314793,19.017825948530263,19.820526123046875,19.820526123046875,641566000
26/04/2022,19.637279366940014,19.706992498806468,18.593569308178367,18.71108627319336,18.71108627319336,653143000
27/04/2022,18.52186437824128,19.088535288837406,18.21512658445252,18.339614868164062,18.339614868164062,499460000
28/04/2022,18.88935141084662,19.95497260986267,18.41430488131408,19.70101547241211,19.70101547241211,570327000
29/04/2022,19.32257448999954,20.045602297833724,18.441197185099483,18.4710750579834,18.4710750579834,500435000
02/05/2022,18.46510132890273,19.493871705119716,18.31571574556032,19.453041076660156,19.453041076660156,572049000
03/05/2022,19.320580585935083,19.743841875684236,19.0546734235437,19.521753311157227,19.521753311157227,475751000
04/05/2022,19.84144044981811,20.316487014368857,18.67423744950525,20.250757217407227,20.250757217407227,648855000
05/05/2022,19.785669950252917,19.843431175196322,18.424265535645223,18.766857147216797,18.766857147216797,626331000
06/05/2022,18.659298078838052,19.43212034048371,17.916351786613728,18.598546981811523,18.598546981811523,633297000
09/05/2022,17.960177470867976,18.180271567332927,16.758117645822335,16.880615234375,16.880615234375,644455000
10/05/2022,17.61658141745641,18.12349837536046,16.955300236459934,17.522966384887695,17.522966384887695,761474000
11/05/2022,17.275985907406866,17.680323983243905,16.50017560428246,16.561920166015625,16.561920166015625,670167000
12/05/2022,16.152604222388675,16.719275153017346,15.503273835867764,16.108783721923828,16.108783721923828,708728000
13/05/2022,16.71927867526598,17.854611494178222,16.525077208824772,17.633520126342773,17.633520126342773,670437000
16/05/2022,17.437324838562272,17.71518203809066,17.035974706114335,17.193326950073242,17.193326950073242,521446000
17/05/2022,18.000007771051944,18.29579278898957,17.561810417904773,18.10258674621582,18.10258674621582,585830000
18/05/2022,17.632518279068112,18.04382762467623,16.794961603480765,16.8686580657959,16.8686580657959,545161000
19/05/2022,16.867665016255632,17.614594729725628,16.665495022322716,17.05389976501465,17.05389976501465,621310000
20/05/2022,17.26104666528793,17.338726466049714,15.690502001783667,16.62565803527832,16.62565803527832,739105000
23/05/2022,16.207378932516523,16.845755601223512,16.112768519957527,16.828824996948242,16.828824996948242,639889000
24/05/2022,16.44241123290059,16.529054964044875,15.715399228807048,16.087867736816406,16.087867736816406,588550000
25/05/2022,15.954419501105296,17.040952887419728,15.934500919066734,16.90550994873047,16.90550994873047,781132000
26/05/2022,15.97034965113775,18.017932366337,15.956407026409044,17.77791976928711,17.77791976928711,996575000
27/05/2022,18.111552116018746,18.80370666474349,18.02590373672392,18.733993530273438,18.733993530273438,738379000
31/05/2022,18.902301701134324,19.121402309598214,18.27488154857996,18.595563888549805,18.595563888549805,664100000
01/06/2022,18.64735401344506,18.975005819632933,18.047817122189745,18.245006561279297,18.245006561279297,544514000
02/06/2022,18.21711762991746,19.53868493920684,18.123502575652576,19.511795043945312,19.511795043945312,648656000
03/06/2022,19.00388342136499,19.25285997901017,18.446174564570704,18.64336395263672,18.64336395263672,598779000
06/06/2022,19.060646676019886,19.257836037081606,18.4879999120415,18.709091186523438,18.709091186523438,422406000
07/06/2022,18.396384003134806,18.92222248536811,18.113546177196397,18.848526000976562,18.848526000976562,388914000
08/06/2022,18.72599902469666,19.105520032436974,18.46302425711577,18.575586318969727,18.575586318969727,363252000
09/06/2022,18.40923976956871,18.859484333750544,17.970947743399975,17.977920532226562,17.977920532226562,395574000
10/06/2022,17.531655320031188,17.628278767149297,16.803493073192044,16.9080867767334,16.9080867767334,465248000
13/06/2022,15.9378697072585,16.248658440141707,15.54539961251888,15.586240768432617,15.586240768432617,604153000
14/06/2022,15.669911913017133,16.003611048891642,15.352150439310131,15.774504661560059,15.774504661560059,469680000
15/06/2022,16.03249841468416,16.80249737716836,15.86415501064633,16.46282196044922,16.46282196044922,563936000
16/06/2022,15.79841271116568,15.88009502147224,15.341195447240926,15.54041862487793,15.54041862487793,545749000
17/06/2022,15.58723513693202,15.932887781168011,15.26847807134145,15.818334579467773,15.818334579467773,630334000
21/06/2022,16.411024604098987,16.94195389912008,16.343287871553795,16.501670837402344,16.501670837402344,483089000
22/06/2022,16.162994005831898,16.597301831379568,16.11717309578013,16.29647445678711,16.29647445678711,437135000
23/06/2022,16.454851986991518,16.5205956784527,15.79143880496092,16.16199493408203,16.16199493408203,463680000
24/06/2022,16.43592551294382,17.07343959152511,16.24666280838682,17.059494018554688,17.059494018554688,472153000
27/06/2022,17.244770110232803,17.26269985867149,16.561433331282462,16.803489685058594,16.803489685058594,427968000
28/06/2022,16.834372525159395,17.135199826222774,15.88308111450523,15.919938087463379,15.919938087463379,461149000
29/06/2022,15.752591579090298,15.758567846845672,15.111092291433094,15.481647491455078,15.481647491455078,482352000
30/06/2022,15.30135010720161,15.506550493203868,14.80428823063541,15.10013484954834,15.10013484954834,686070000
01/07/2022,14.841145535452219,15.004508262689948,14.336114308605408,14.466605186462402,14.466605186462402,577610000
05/07/2022,14.119955710684517,14.91286420559904,14.000421809691066,14.905891418457031,14.905891418457031,651397000
06/07/2022,14.951713200390376,15.259513302763182,14.731570721690755,15.071247100830078,15.071247100830078,529066000
07/07/2022,15.395980736594536,15.883081194089858,15.329240527095354,15.796419143676758,15.796419143676758,492903000
08/07/2022,15.370082202682903,15.974725437074959,15.329241049958439,15.776497840881348,15.776497840881348,467972000
11/07/2022,15.465707871427929,15.466704390913305,14.97960300654342,15.093160629272461,15.093160629272461,437321000
12/07/2022,15.208711284952944,15.371078433295626,14.819229812840817,15.023433685302734,15.023433685302734,458483000
13/07/2022,14.533344477991491,15.315296025509971,14.408829876158077,15.105114936828613,15.105114936828613,521918000
14/07/2022,15.049333517821207,15.412915948428,14.670808992131683,15.312308311462402,15.312308311462402,456235000
15/07/2022,15.598193546303452,15.720715108541247,15.385023849466009,15.700793266296387,15.700793266296387,385935000
18/07/2022,16.23869663998441,16.83138547101321,15.939862350377403,16.038476943969727,16.038476943969727,670517000
19/07/2022,16.42198027766924,17.043557657032984,16.109200448917402,16.926015853881836,16.926015853881836,702366000
20/07/2022,16.881189260341582,17.863360331709984,16.735756321576044,17.73784828186035,17.73784828186035,760538000
21/07/2022,17.815551590727683,18.07354475184099,17.476871681207573,17.979909896850586,17.979909896850586,557049000
22/07/2022,17.823519553288822,17.897231611980214,17.07045465118201,17.25174903869629,17.25174903869629,536671000
25/07/2022,16.95291172337914,17.057505436276674,16.584349553933702,16.95789337158203,16.95789337158203,480748000
26/07/2022,16.823418108378,16.853302299081996,16.414014765426856,16.468801498413086,16.468801498413086,397865000
27/07/2022,16.965862630194085,17.86635353894504,16.84732523587989,17.72092056274414,17.72092056274414,569776000
28/07/2022,17.90520538232445,18.069563717046115,17.372282881955478,17.914169311523438,17.914169311523438,474646000
29/07/2022,17.743828897049305,18.173155009470385,17.623298471299282,18.092470169067383,18.092470169067383,435460000
01/08/2022,18.111393572390696,18.772816539459214,17.9201397228468,18.369388580322266,18.369388580322266,476469000
02/08/2022,18.051627201581738,18.864458441615547,18.021743015572017,18.454057693481445,18.454057693481445,489527000
03/08/2022,18.11338707008379,18.8943430004141,18.06656870107235,18.81963348388672,18.81963348388672,418146000
04/08/2022,18.77580669644715,19.199155581116848,18.68715160109545,19.140384674072266,19.140384674072266,409652000
05/08/2022,18.736952685292266,19.154326163233282,18.593512791884613,18.915258407592773,18.915258407592773,386068000
08/08/2022,17.434035232399516,18.168172751532033,17.175044663246958,17.72390365600586,17.72390365600586,981859000
09/08/2022,17.18500523413819,17.379247676702683,16.659055765062003,17.019649505615234,17.019649505615234,668263000
10/08/2022,17.62927873105072,18.047647949674293,17.249757634884343,18.026729583740234,18.026729583740234,597422000
11/08/2022,18.06059303930121,18.634356491462075,17.80658220790549,17.872325897216797,17.872325897216797,509327000
12/08/2022,18.089478966160975,18.645312642416616,17.883282081436935,18.6363468170166,18.6363468170166,478094000
15/08/2022,18.628385243473794,19.089586785990303,18.540727596284007,18.958099365234375,18.958099365234375,457666000
16/08/2022,18.846528100303107,19.067666130006987,18.42915457848667,18.805686950683594,18.805686950683594,451240000
17/08/2022,18.451075096193428,18.61543340601533,18.074542628314358,18.263803482055664,18.263803482055664,446799000
18/08/2022,18.229934589865376,18.791743657859055,18.11239277422747,18.700101852416992,18.700101852416992,415447000
19/08/2022,18.33452802598433,18.448085673185464,17.700997988903634,17.779691696166992,17.779691696166992,441588000
22/08/2022,17.422084130919913,17.4898208696324,16.90011871477872,16.96785545349121,16.96785545349121,409593000
23/08/2022,16.92302685754724,17.397178237368543,16.904099637165128,17.114280700683594,17.114280700683594,369986000
24/08/2022,16.945935367801415,17.33840632607673,16.8293910435938,17.155120849609375,17.155120849609375,522661000
25/08/2022,16.778597248029307,17.877315110077955,16.767640278497698,17.843446731567383,17.843446731567383,770691000
26/08/2022,17.78766010205869,17.85439937298572,16.17394986366487,16.196861267089844,16.196861267089844,769127000
29/08/2022,15.957790614919103,16.27455462835807,15.705772821557588,15.739640235900879,15.739640235900879,496132000
30/08/2022,15.898024237946384,15.976716986717125,15.123045485635457,15.40793514251709,15.40793514251709,530181000
31/08/2022,15.32426379295804,15.479658182157003,14.900913876865587,15.03538990020752,15.03538990020752,573710000
01/09/2022,14.153823343963365,14.32415979672276,13.218470483091595,13.882880210876465,13.882880210876465,1178865000
02/09/2022,14.045248511057261,14.11597195898287,13.538224239518152,13.59400749206543,13.59400749206543,743157000
06/09/2022,13.67767991813969,13.725493859595561,13.299155414870102,13.412713050842285,13.412713050842285,535751000
07/09/2022,13.514347994091015,13.788362113873305,13.298126385508025,13.664806365966797,13.664806365966797,512657000
08/09/2022,13.410720161896329,13.957751553071784,13.321043803751946,13.939815521240234,13.939815521240234,624873000
09/09/2022,14.10621842165144,14.42208173015694,14.075330432087778,14.335393905639648,14.335393905639648,486612000
12/09/2022,14.317457712947263,14.49481871137175,14.147070624316918,14.452969551086426,14.452969551086426,484159000
13/09/2022,13.752489132610048,13.87205855128794,13.052010885075777,13.083895683288574,13.083895683288574,714956000
14/09/2022,13.20645432739914,13.242325437341442,12.866677974239867,13.080906867980957,13.080906867980957,588507000
15/09/2022,12.968313711994472,13.185531175680374,12.74412043844494,12.882621765136719,12.882621765136719,523625000
16/09/2022,12.6962911946005,13.164605464480621,12.571739597842733,13.150655746459961,13.150655746459961,670751000
19/09/2022,12.96532227645463,13.41470462187878,12.963329595471533,13.33399486541748,13.33399486541748,569685000
20/09/2022,13.167594240345288,13.43463249948038,13.010161038264972,13.12873363494873,13.12873363494873,524818000
21/09/2022,13.165605104361276,13.980670768744096,13.062973928046912,13.213432312011719,13.213432312011719,807679000
22/09/2022,13.0231145909362,13.101831671038127,12.383418345633107,12.51594066619873,12.51594066619873,759162000
23/09/2022,12.375448310956983,12.565763159913388,12.213032901606326,12.47110366821289,12.47110366821289,663309000
26/09/2022,12.446193464778984,12.61359104915648,12.170186671175692,12.184136390686035,12.184136390686035,547343000
27/09/2022,12.462134764959494,12.690313385658438,12.214028382542947,12.3684720993042,12.3684720993042,553854000
28/09/2022,12.365482557221197,12.77700114543241,12.309683684312093,12.690313339233398,12.690313339233398,542414000
29/09/2022,12.403347404233896,12.455160919270222,11.903148286154517,12.176165580749512,12.176165580749512,532763000
30/09/2022,12.043641657389104,12.587683536419725,12.031684619918396,12.095455169677734,12.095455169677734,565638000
03/10/2022,12.30271017308679,12.632523169207891,12.061577674019702,12.467118263244629,12.467118263244629,547478000
04/10/2022,12.832800195456576,13.172577516081788,12.832800195456576,13.119767189025879,13.119767189025879,584182000
05/10/2022,12.864684062084223,13.273213099308617,12.575724429638687,13.161614418029785,13.161614418029785,507131000
06/10/2022,13.172577350446693,13.607013197671234,13.055996476257599,13.082900047302246,13.082900047302246,644157000
07/10/2022,12.460141479897947,12.624549544676155,11.978874322115674,12.03268051147461,12.03268051147461,672478000
10/10/2022,11.993818750562575,12.080506544532378,11.36707548368734,11.628135681152344,11.628135681152344,698699000
11/10/2022,11.519526522035383,11.803503975358765,11.242523926856697,11.544437408447266,11.544437408447266,667482000
12/10/2022,11.537465911080686,11.692905516404727,11.304305077714478,11.458748817443848,11.458748817443848,492590000
13/10/2022,10.931642766403442,12.03467190597719,10.774209577256476,11.917095184326172,11.917095184326172,850103000
14/10/2022,12.013750129635845,12.067556325773387,11.163810263463406,11.186727523803711,11.186727523803711,713432000
17/10/2022,11.476681483829186,11.90513926216049,11.475685618444233,11.845354080200195,11.845354080200195,580774000
18/10/2022,12.29972073933894,12.447189613338601,11.576325138914761,11.924073219299316,11.924073219299316,659362000
19/10/2022,11.836388541745388,12.30569968628764,11.791549885257231,12.007771492004395,12.007771492004395,523131000
20/10/2022,12.069547352328092,12.723194242073287,12.061575677964084,12.150257110595703,12.150257110595703,652398000
21/10/2022,12.05460371757537,12.453169476793041,11.844361089679124,12.421283721923828,12.421283721923828,609494000
24/10/2022,12.463132178101741,12.664407237339118,12.020724633774568,12.553805351257324,12.553805351257324,517457000
25/10/2022,12.64846671047571,13.25229292787202,12.618573636659024,13.213432312011719,13.213432312011719,505482000
26/10/2022,12.822836454280946,13.339973788252896,12.662413746395243,12.849739074707031,12.849739074707031,532953000
27/10/2022,13.581105480931186,13.78835950903757,13.074927446921608,13.12873363494873,13.12873363494873,583113000
28/10/2022,13.056994256397354,13.800318541551777,13.014148282801942,13.784375190734863,13.784375190734863,521040000
31/10/2022,13.728573795724296,13.788358974689332,13.249299349428489,13.44858169555664,13.44858169555664,486341000
01/11/2022,13.7614593301717,13.875050727465137,13.470506926844779,13.494421005249023,13.494421005249023,432817000
02/11/2022,13.800318290781895,14.159026573083835,13.163610543300285,13.171581268310547,13.171581268310547,672628000
03/11/2022,12.99621185480263,13.731564388380816,12.909524051073214,13.372855186462402,13.372855186462402,500065000
04/11/2022,13.935831472136972,14.177959847529419,13.647867622469965,14.10522174835205,14.10522174835205,612576000
07/11/2022,14.176963398877604,14.36030340021767,13.903947028618695,14.249701499938965,14.249701499938965,410061000
08/11/2022,14.747905225291545,14.837582527688992,14.165003709961418,14.549619674682617,14.549619674682617,595292000
09/11/2022,14.11119558148255,14.160020538482165,13.709641407194992,13.726580619812012,13.726580619812012,454414000
10/11/2022,14.746909510215898,15.716418731024099,14.49481681539553,15.693501472473145,15.693501472473145,700819000
11/11/2022,15.750296571579392,16.330208574296904,15.426462616385566,16.268430709838867,16.268430709838867,655487000
14/11/2022,16.159822116780518,16.480667518589406,15.864883468839679,16.23654556274414,16.23654556274414,527852000
15/11/2022,16.662013391587355,16.937022370999905,16.32323291950231,16.60621452331543,16.60621452331543,545876000
16/11/2022,16.1040250035794,16.303306431643236,15.816061182952085,15.852928161621094,15.852928161621094,649547000
17/11/2022,15.65862661617727,16.20765063781741,15.479272015975031,15.620762825012207,15.620762825012207,710894000
18/11/2022,15.90872657967121,15.944598642065296,15.065761621009438,15.35372543334961,15.35372543334961,492072000
21/11/2022,15.092665143329405,15.421481294578124,15.025905097362354,15.262055397033691,15.262055397033691,404739000
22/11/2022,15.273015617031902,16.000397462317586,15.067754251325974,15.98046875,15.98046875,472866000
23/11/2022,16.040252289045704,16.467714217291594,15.990432410924427,16.459741592407227,16.459741592407227,427241000
25/11/2022,16.259465648152826,16.427858142364496,16.11398946353445,16.211637496948242,16.211637496948242,167934000
28/11/2022,15.968511085101463,16.29832500895063,15.668592130839407,15.770225524902344,15.770225524902344,303741000
29/11/2022,15.770227314260568,15.874851167406616,15.464329331372582,15.582901954650879,15.582901954650879,298384000
30/11/2022,15.644690524714274,16.873582401297774,15.545024337202593,16.866605758666992,16.866605758666992,565298000
01/12/2022,16.942353455622023,17.207465887298017,16.579566121809616,17.077899932861328,17.077899932861328,470977000
02/12/2022,16.60348724039677,16.876574351409886,16.390199657775565,16.81976318359375,16.81976318359375,371389000
05/12/2022,16.62342540619123,16.938372459706628,16.41711441283726,16.554655075073242,16.554655075073242,352255000
06/12/2022,16.474917069486207,16.517773048794822,15.766285923687203,15.93372631072998,15.93372631072998,352694000
07/12/2022,15.719445161170468,16.132066147916248,15.614794545863099,16.066286087036133,16.066286087036133,372388000
08/12/2022,16.218775465562125,17.12175660926792,15.905820703517822,17.11178970336914,17.11178970336914,515456000
09/12/2022,17.102817944678048,17.524408725344184,16.91843494852363,16.944347381591797,16.944347381591797,465338000
12/12/2022,16.980232212594135,17.47956229907445,16.74103213701686,17.476572036743164,17.476572036743164,457328000
13/12/2022,18.469249909930564,18.72738762856205,17.651982672461422,18.01177978515625,18.01177978515625,656589000
14/12/2022,17.927063332040404,18.19118159319031,17.361953248979066,17.6151065826416,17.6151065826416,496888000
15/12/2022,17.08886734621949,17.26228734409324,16.64435432424313,16.8955135345459,16.8955135345459,478542000
16/12/2022,16.80780430040909,16.98421452775994,16.355316696171542,16.515779495239258,16.515779495239258,478232000
19/12/2022,16.516779799419464,16.553655262120007,16.091202589901293,16.199838638305664,16.199838638305664,354039000
20/12/2022,16.01047455766742,16.255655184218554,15.799181990346474,16.031404495239258,16.031404495239258,403260000
21/12/2022,16.060304842306547,16.571595897427166,16.048343794868938,16.446014404296875,16.446014404296875,325025000
22/12/2022,16.040370897342594,16.084224902594713,14.832409670787916,15.287886619567871,15.287886619567871,565045000
23/12/2022,15.145361845900647,15.287884971363319,14.833405142358366,15.155328750610352,15.155328750610352,349326000
27/12/2022,15.023768425094323,15.049681806653775,14.009160162650081,14.073944091796875,14.073944091796875,464902000
28/12/2022,13.880592209011148,14.214475953122395,13.837735273982746,13.989229202270508,13.989229202270508,351066000
29/12/2022,14.354009920900088,14.634072755943127,14.179592867751314,14.554339408874512,14.554339408874512,354923000
30/12/2022,14.28623425846336,14.580251302126825,14.185570989377842,14.565301895141602,14.565301895141602,310490000
03/01/2023,14.801512873667992,14.946030156445817,14.049028593833635,14.267298698425293,14.267298698425293,401277000
04/01/2023,14.518457369356272,14.803503604418882,14.193543517673458,14.699850082397461,14.699850082397461,431324000
05/01/2023,14.442712138646769,14.515468836750369,14.100854699285643,14.2174654006958,14.2174654006958,389168000
06/01/2023,14.42576814608272,14.959982279736408,13.987234779976571,14.80948543548584,14.80948543548584,405044000
09/01/2023,15.23306755109054,16.00249427719532,15.090543487719035,15.575921058654785,15.575921058654785,504231000
10/01/2023,15.455326689560788,15.908810437445068,15.42044347056914,15.855987548828125,15.855987548828125,384101000
11/01/2023,15.787217661590548,15.974590928995806,15.511140262906103,15.947680473327637,15.947680473327637,353285000
12/01/2023,16.046350570153667,16.58155988533878,15.44037584745414,16.45598030090332,16.45598030090332,551409000
13/01/2023,16.22375851425544,16.865613588598475,16.11113608569389,16.842689514160156,16.842689514160156,447287000
17/01/2023,16.842691082523842,17.66892924665794,16.842691082523842,17.643014907836914,17.643014907836914,511102000
18/01/2023,17.608130198283973,17.813443145734695,17.224412859359354,17.3190975189209,17.3190975189209,439624000
19/01/2023,16.97923193804357,17.139696655240964,16.67524985593479,16.709135055541992,16.709135055541992,452932000
20/01/2023,16.954316196674295,17.796501732635843,16.76893705940326,17.779558181762695,17.779558181762695,564967000
23/01/2023,18.00380415598392,19.180870344101777,17.75862551866824,19.129043579101562,19.129043579101562,655163000
24/01/2023,18.764261688305943,19.430036855773828,18.75728504510627,19.200801849365234,19.200801849365234,496204000
25/01/2023,18.84997803686339,19.30545594731295,18.518087479978714,19.25861167907715,19.25861167907715,449537000
26/01/2023,19.635350144248754,20.0988007667648,19.213759381728458,19.736013412475586,19.736013412475586,489535000
27/01/2023,19.397145547454056,20.559260383334514,19.340336282657464,20.297136306762695,20.297136306762695,542142000
30/01/2023,19.883524636147044,20.072890161486782,19.086189204794305,19.0981502532959,19.0981502532959,488611000
31/01/2023,19.10612138016746,19.621398819093155,18.886855153366426,19.471899032592773,19.471899032592773,498017000
01/02/2023,19.62538402504865,21.1213817226709,19.545650683627567,20.873212814331055,20.873212814331055,660477000
02/02/2023,20.9300225588854,21.875859651889073,20.631022997012753,21.636659622192383,21.636659622192383,564276000
03/02/2023,20.93001883755329,21.67253700894129,20.7197215405838,21.029685974121094,21.029685974121094,429366000
06/02/2023,20.736668439852636,21.49812252080445,20.716734629117404,21.018726348876953,21.018726348876953,452197000
07/02/2023,21.310748940899305,22.184827328430092,21.079521682438997,22.09911346435547,22.09911346435547,664150000
08/02/2023,22.312398971746344,22.80176393868283,21.934662201742093,22.131006240844727,22.131006240844727,559651000
09/02/2023,22.530670219439532,22.943290193315832,22.046289671543487,22.26256561279297,22.26256561279297,523876000
10/02/2023,21.6177244226343,22.00443010232316,20.74165374341449,21.19413948059082,21.19413948059082,550737000
13/02/2023,21.466228060003054,21.974528792175906,20.892147277807663,21.715394973754883,21.715394973754883,474919000
14/02/2023,21.50609168201181,22.972190328812037,21.294798266195475,22.894451141357422,22.894451141357422,675474000
15/02/2023,22.473860964718224,22.778841054015846,22.032338260019806,22.68814468383789,22.68814468383789,420575000
16/02/2023,22.059248242228534,22.47485853992091,21.85393529520588,21.928686141967773,21.928686141967773,412026000
17/02/2023,21.558916936890704,21.667552957905706,20.90510286763505,21.316726684570312,21.316726684570312,465888000
21/02/2023,20.93002371650124,21.422377090666945,20.54929664883601,20.58617401123047,20.58617401123047,410015000
22/02/2023,20.6380006960692,21.03367717070481,20.3529525061691,20.684843063354492,20.684843063354492,513184000
23/02/2023,23.361891451181727,23.80839853574855,22.94827344265805,23.58514404296875,23.58514404296875,1117995000
24/02/2023,23.147606985640458,23.39577778263142,22.870533495406775,23.208402633666992,23.208402633666992,589716000
27/02/2023,23.59112499865335,23.800424307289973,23.37584516662916,23.422687530517578,23.422687530517578,452994000
28/02/2023,23.294114004597965,23.745605429194818,23.1286668242865,23.138633728027344,23.138633728027344,455963000
01/03/2023,23.114717384744207,23.1785051990992,22.43299664359423,22.622364044189453,22.622364044189453,460026000
02/03/2023,22.413063250752206,23.302089102000206,22.35724820401247,23.236309051513672,23.236309051513672,389415000
03/03/2023,23.24229205590769,23.82035928556431,23.052924647625705,23.810392379760742,23.810392379760742,412393000
06/03/2023,23.811388454961868,24.16719726800564,23.408733477576387,23.47551155090332,23.47551155090332,437429000
07/03/2023,23.525355561288883,24.04869465009514,23.167489892153753,23.21434211730957,23.21434211730957,515154000
08/03/2023,23.412709959422333,24.12345598243845,23.34990950267541,24.104515075683594,24.104515075683594,513573000
09/03/2023,24.098534615353046,24.37665338080257,23.309039864365545,23.361873626708984,23.361873626708984,501257000
10/03/2023,23.334954591781766,23.552265439254963,22.65411444951107,22.892358779907227,22.892358779907227,474866000
13/03/2023,22.680032534287367,23.224304976068062,22.226471849250892,22.893354415893555,22.893354415893555,421890000
14/03/2023,23.42168099679016,24.14239367745541,23.3857936653715,23.986886978149414,23.986886978149414,474910000
15/03/2023,23.685843355775486,24.209182394285897,23.286112651373358,24.1513671875,24.1513671875,524486000
16/03/2023,23.950999843481604,25.507061113842557,23.81841921677658,25.4602108001709,25.4602108001709,583253000
17/03/2023,25.899816121394398,26.31549691711218,25.586808261666317,25.64362907409668,25.64362907409668,848547000
20/03/2023,25.533980590026932,25.941687335476704,25.050514016475315,25.818078994750977,25.818078994750977,432747000
21/03/2023,26.09719563603672,26.3085249951989,25.300723004441352,26.116134643554688,26.116134643554688,547408000
22/03/2023,26.341415997809847,27.501735683439474,26.1540109224766,26.384281158447266,26.384281158447266,797295000
23/03/2023,27.029233998126443,27.412020167294642,26.60557904977676,27.10499382019043,27.10499382019043,564889000
24/03/2023,26.945505375390617,27.081074909561163,26.271642862856908,26.69430160522461,26.69430160522461,454920000
27/03/2023,26.752112468073136,26.91459699343309,26.281605317466703,26.447080612182617,26.447080612182617,361026000
28/03/2023,26.363351140587802,26.42914237361527,25.768239273478084,26.326467514038086,26.326467514038086,356104000
29/03/2023,26.74015174035028,26.99234984404029,26.51287227864152,26.89864730834961,26.89864730834961,393694000
30/03/2023,27.142874491555478,27.412020935167096,27.01627538766958,27.29638671875,27.29638671875,364516000
31/03/2023,27.054157877093186,27.74596305741618,27.01926873122524,27.689144134521484,27.689144134521484,433933000
03/04/2023,27.4219935638243,27.91143982211084,27.249540404577512,27.876550674438477,27.876550674438477,398716000
04/04/2023,27.877543026671038,27.911435879998983,27.220627051021687,27.366165161132812,27.366165161132812,368592000
05/04/2023,26.74413916410164,26.912603331981877,26.311511909986283,26.795974731445312,26.795974731445312,515015000
06/04/2023,26.49991459021249,26.994346033960124,26.34341159102696,26.95148277282715,26.95148277282715,397654000
10/04/2023,26.738162310061163,27.533638674959434,26.584650061202737,27.491771697998047,27.491771697998047,395279000
11/04/2023,27.636313763900137,27.70210499985033,27.040203679477276,27.08306884765625,27.08306884765625,314378000
12/04/2023,27.283424143204872,27.381113724034734,26.364339728341687,26.411191940307617,26.411191940307617,446259000
13/04/2023,26.649438069211914,26.801953999694348,26.24572032443633,26.379295349121094,26.379295349121094,353615000
14/04/2023,26.420170212204003,26.797971184144085,26.137068080300253,26.67336654663086,26.67336654663086,395660000
17/04/2023,26.480973631209377,26.920578703015185,26.34939118660513,26.91659164428711,26.91659164428711,321471000
18/04/2023,27.445915621619545,28.02109026862938,27.270471706452536,27.579490661621094,27.579490661621094,604812000
19/04/2023,27.274458372050166,27.91143718116391,27.145866682608375,27.842655181884766,27.842655181884766,358660000
20/04/2023,27.583476516154896,27.94134215983428,26.914599351934957,27.01827049255371,27.01827049255371,427713000
21/04/2023,26.86674870571586,27.09701893484949,26.63747666725273,27.033220291137695,27.033220291137695,345103000
24/04/2023,26.92755907031357,27.27944127802104,26.586639849155418,26.956466674804688,26.956466674804688,339282000
25/04/2023,26.992351504330397,27.160817581589445,26.142050802636824,26.15799903869629,26.15799903869629,378527000
26/04/2023,26.916589185581422,27.243550787203798,26.620527761607924,26.8707332611084,26.8707332611084,406337000
27/04/2023,27.276454573793355,27.408037041245223,26.540787923231075,27.1398868560791,27.1398868560791,377161000
28/04/2023,27.138889210344786,27.670202402547503,26.98537507177856,27.661231994628906,27.661231994628906,292216000
01/05/2023,27.751940608520385,28.96608841417271,27.69213092438785,28.81855583190918,28.81855583190918,570329000
02/05/2023,28.589287963225,28.74479468571271,27.994176100521553,28.120773315429688,28.120773315429688,402730000
03/05/2023,27.75194164873796,28.277275162589756,27.385105610028088,27.714061737060547,27.714061737060547,383387000
04/05/2023,27.563536466695737,27.770878726472898,27.153837196427407,27.47481918334961,27.47481918334961,321850000
05/05/2023,27.737986024481625,28.66404652957751,27.64328719583459,28.589284896850586,28.589284896850586,361494000
08/05/2023,28.4317819808544,29.127574105075855,28.26032704979517,29.058792114257812,29.058792114257812,344979000
09/05/2023,28.80759252115136,28.881357865661336,28.360013303057926,28.480628967285156,28.480628967285156,314869000
10/05/2023,28.9132576098521,29.020917714127965,28.37097953587767,28.793638229370117,28.793638229370117,369350000
11/05/2023,28.80460292458763,28.858432976365187,28.15665923092003,28.487607955932617,28.487607955932617,322149000
12/05/2023,28.438758018763792,28.688965423560507,27.95728601465977,28.250356674194336,28.250356674194336,274222000
15/05/2023,28.417829411901007,28.877371722844355,28.062956433881705,28.861421585083008,28.861421585083008,293926000
16/05/2023,28.749776627024,29.775523171518977,28.740806219257955,29.1205997467041,29.1205997467041,449405000
17/05/2023,29.49042519794485,30.103479719693794,29.336912970483333,30.08254623413086,30.08254623413086,432535000
18/05/2023,30.313810002939846,31.727323998249158,30.224094529757522,31.57779884338379,31.57779884338379,748725000
19/05/2023,31.43625056372688,31.48011201484415,30.818212695710137,31.165111541748047,31.165111541748047,473908000
22/05/2023,30.803260867315778,31.420304387689416,30.582961110509476,31.077392578125,31.077392578125,372000000
23/05/2023,30.9019443296342,31.18903346729931,30.53411202557799,30.590930938720703,30.590930938720703,356253000
24/05/2023,30.114442718121378,30.510188241482325,29.711721267992726,30.44140625,30.44140625,721419000
25/05/2023,38.401152701662475,39.35512649385782,36.519123854187846,37.85987091064453,37.85987091064453,1543911000
26/05/2023,37.77015525878446,39.04610546738504,37.431230509295986,38.82281494140625,38.82281494140625,714397000
30/05/2023,40.4666011461992,41.8053518099001,39.82264450499864,39.984130859375,39.984130859375,923401000
31/05/2023,39.36309641035941,40.1675430373075,37.70236568816468,37.71432876586914,37.71432876586914,1002580000
01/06/2023,38.367256795979486,39.92332013723305,38.21872982052202,39.64420700073242,39.64420700073242,635873000
02/06/2023,39.970174994520356,40.37190020075976,38.934459847678006,39.20261001586914,39.20261001586914,482731000
05/06/2023,38.785923972981884,39.439847158234734,38.584563271281,39.047096252441406,39.047096252441406,396094000
06/06/2023,38.707187926911864,39.03614220536465,38.02734198652988,38.531742095947266,38.531742095947266,388729000
07/06/2023,38.79592088897545,39.37813348202799,37.24168951720886,37.36032485961914,37.36032485961914,511998000
08/06/2023,37.60856808894223,38.745079216522015,37.39024024122493,38.39216232299805,38.39216232299805,417772000
09/06/2023,38.917552324899084,39.58948978920315,38.44899302917782,38.651371002197266,38.651371002197266,427717000
12/06/2023,39.080059763680346,39.40904807873509,38.49983979013749,39.3611946105957,39.3611946105957,388701000
13/06/2023,40.06304000704874,40.97524120979665,39.61840552630367,40.896480560302734,40.896480560302734,613208000
14/06/2023,40.699085309650826,42.868425731448234,40.427914429279454,42.86543655395508,42.86543655395508,740465000
15/06/2023,42.47164881165265,43.15654702262012,42.018039182120376,42.522491455078125,42.522491455078125,568622000
16/06/2023,43.31703926910216,43.58720988981584,42.53045223030129,42.56135940551758,42.56135940551758,655709000
20/06/2023,42.86642741086615,43.85539247343839,42.54341754115194,43.673946380615234,43.673946380615234,451153000
21/06/2023,43.36789797033513,43.481551381643484,41.9512482252179,42.913291931152344,42.913291931152344,551603000
22/06/2023,42.12370778383283,43.293118838626924,42.10476872123709,42.893348693847656,42.893348693847656,417737000
23/06/2023,42.33406622553571,42.678007983073286,41.88643880055925,42.0798454284668,42.0798454284668,358140000
26/06/2023,42.33107741154621,42.63315169907878,39.97730148068593,40.50767517089844,40.50767517089844,594322000
27/06/2023,40.6741595987626,41.81166711553178,40.32423568672819,41.74786376953125,41.74786376953125,462175000
28/06/2023,40.53557436120757,41.71694945873425,40.39401060552068,40.99117660522461,40.99117660522461,582639000
29/06/2023,41.430842057083,41.4727133655292,40.475773103828736,40.69709396362305,40.69709396362305,380514000
30/06/2023,41.55246701356272,42.419803905460185,41.3740138694354,42.17256164550781,42.17256164550781,501148000
03/07/2023,42.38689642071777,42.76673107922371,42.072861688736154,42.2832145690918,42.2832145690918,198209000
05/07/2023,42.00608054471898,43.04489222098966,41.95623428714676,42.18752670288086,42.18752670288086,323618000
06/07/2023,41.71596810959315,42.04994216880029,41.21949078738844,41.97417449951172,41.97417449951172,303582000
07/07/2023,42.19249416309544,43.0817667609672,42.050930383889,42.37294006347656,42.37294006347656,355881000
10/07/2023,42.52647931127871,42.680007431696076,41.521560371587725,42.05093765258789,42.05093765258789,353908000
11/07/2023,42.35102097362386,42.6271738697918,41.93829002143258,42.27525329589844,42.27525329589844,298244000
12/07/2023,42.90132167106193,43.800562012799624,42.64610450369037,43.767662048339844,43.767662048339844,481277000
13/07/2023,44.38178733353437,46.01377574434192,44.3558659136162,45.83632278442383,45.83632278442383,478204000
14/07/2023,46.44046184420574,47.94085779132301,44.92212322629915,45.329872131347656,45.329872131347656,772075000
17/07/2023,46.14735782088338,46.35372133117237,45.123499999402384,46.31882858276367,46.31882858276367,510488000
18/07/2023,46.55810196861849,47.74944513877749,45.59406179064249,47.34867477416992,47.34867477416992,569164000
19/07/2023,47.31876976791527,47.67168668562745,46.598978830711765,46.932952880859375,46.932952880859375,427502000
20/07/2023,46.36469382160293,46.942920912803515,44.9241156620399,45.380714416503906,45.380714416503906,537865000
21/07/2023,45.64789454996022,45.72565880367255,43.965059822678604,44.17341995239258,44.17341995239258,963769000
24/07/2023,44.59412592293156,44.97097143505105,43.90524224115585,44.47549057006836,44.47549057006836,382516000
25/07/2023,44.803485791149136,46.04168213917605,44.7855393181674,45.53922653198242,45.53922653198242,348081000
26/07/2023,45.88017875854229,45.91208233149028,44.49343628066657,45.31291961669922,45.31291961669922,364237000
27/07/2023,46.376665137451575,47.24998426093751,45.61001707056192,45.759559631347656,45.759559631347656,455976000
28/07/2023,46.52519903560094,46.88310168130462,46.23907847934213,46.60694885253906,46.60694885253906,331194000
31/07/2023,46.61094263427025,46.98579159307672,46.363700375175576,46.58601760864258,46.58601760864258,251055000
01/08/2023,46.31783562150429,46.75649169459333,45.88616190163857,46.36469268798828,46.36469268798828,237858000
02/08/2023,45.69076572472491,45.69973706046443,43.25424373168055,44.133544921875,44.133544921875,530142000
03/08/2023,43.665975669938696,44.97994351428875,43.665975669938696,44.378787994384766,44.378787994384766,324176000
04/08/2023,44.84735241415571,45.50233976816819,44.25716479958756,44.54328536987305,44.54328536987305,362666000
07/08/2023,44.97297453243762,45.400662778704984,44.42665090610347,45.278038024902344,45.278038024902344,322154000
08/08/2023,44.71576081749796,45.10357050648728,43.92119857113271,44.527339935302734,44.527339935302734,353843000
09/08/2023,44.138520399562815,44.17640612805211,42.00506938031469,42.42378616333008,42.42378616333008,586449000
10/08/2023,42.03100157577808,43.44067657606507,41.70699522784932,42.258304595947266,42.258304595947266,492705000
11/08/2023,41.623242454978985,41.88942754104393,40.51464563346433,40.729984283447266,40.729984283447266,533085000
14/08/2023,40.362116194769875,43.66597480294201,40.18765244113688,43.619117736816406,43.619117736816406,690286000
15/08/2023,44.42365526404346,45.12948908567366,43.576253839259216,43.80554962158203,43.80554962158203,676512000
16/08/2023,44.3837722152519,44.538296708585655,43.27317876024688,43.352935791015625,43.352935791015625,527451000
17/08/2023,43.83546018459533,43.927177736442225,42.86942340203336,43.21137619018555,43.21137619018555,452395000
18/08/2023,42.504538056513674,43.44465333013322,41.5325230130091,43.166507720947266,43.166507720947266,583768000
21/08/2023,44.35785896625514,46.92099149712555,44.086691857163586,46.82329177856445,46.82329177856445,692573000
22/08/2023,47.98770953500303,48.03955236680591,45.194285260085415,45.52825927734375,45.52825927734375,755293000
23/08/2023,45.725664540283454,47.055582524189234,45.06967688525946,46.971839904785156,46.971839904785156,779046000
24/08/2023,50.06233986630621,50.112186106917896,47.01469500295449,47.018680572509766,47.018680572509766,1156044000
25/08/2023,46.8681514444708,47.65872425455991,44.88623165435981,45.877193450927734,45.877193450927734,925341000
28/08/2023,46.339768044393274,46.836245308048305,44.75064756794707,46.691688537597656,46.691688537597656,685192000
29/08/2023,46.52321191086775,48.93082341552477,46.249051833640735,48.63473129272461,48.63473129272461,701397000
30/08/2023,48.89393031688107,49.7742278710723,48.276824895402335,49.113258361816406,49.113258361816406,735206000
31/08/2023,49.22891214982183,49.59179683011506,48.80820246885937,49.20398712158203,49.20398712158203,528570000
01/09/2023,49.60974109160753,49.64762302557311,47.9946951700236,48.360572814941406,48.360572814941406,463830000
05/09/2023,48.07544589025944,48.70152648362675,47.71355763922135,48.399452209472656,48.399452209472656,382653000
06/09/2023,48.29675585100986,48.404432152677344,46.441297415473116,46.92086410522461,46.92086410522461,468670000
07/09/2023,45.389445810595745,46.20600739114076,45.01755536389115,46.10331344604492,46.10331344604492,433330000
08/09/2023,45.80520704716036,46.46722761559108,45.1362035486202,45.43630599975586,45.43630599975586,473069000
11/09/2023,46.01058127939669,46.02553600450633,44.180049901886676,45.04347229003906,45.04347229003906,473966000
12/09/2023,44.60478985503896,45.53700722588891,44.398405475235194,44.73639678955078,44.73639678955078,349256000
13/09/2023,44.46718918081737,45.79323054977972,44.37047790444444,45.34955596923828,45.34955596923828,398355000
14/09/2023,45.8131750613874,45.85006363868303,44.996613561123056,45.445274353027344,45.445274353027344,370097000
15/09/2023,45.2059787843747,45.46320990888578,43.67754295698432,43.76927185058594,43.76927185058594,506831000
18/09/2023,42.62070760166484,44.110258303658966,41.874933874444345,43.835079193115234,43.835079193115234,500271000
19/09/2023,43.7024829281991,43.835086328947064,42.87395603803026,43.39041519165039,43.39041519165039,373064000
20/09/2023,43.470171462670386,43.7722706240914,42.09727282869751,42.113224029541016,42.113224029541016,367108000
21/09/2023,41.45918352017172,41.974642407997244,40.85797836127287,40.894866943359375,40.894866943359375,450736000
22/09/2023,41.44820657571994,41.98959271748376,41.10822239223327,41.4860954284668,41.4860954284668,479236000
25/09/2023,41.46714998847042,42.409335664653405,41.05438133655343,42.09627151489258,42.09627151489258,419091000
26/09/2023,41.87593746027921,42.69249905291122,41.53096703896299,41.78620529174805,41.78620529174805,402282000
27/09/2023,42.20395553022343,42.744341431006085,41.50504268914909,42.3415412902832,42.3415412902832,444935000
28/09/2023,42.33356473794384,43.31662875856255,41.98959464052307,42.960693359375,42.960693359375,424663000
29/09/2023,43.696491084144924,44.01254845640997,43.17803909015806,43.369468688964844,43.369468688964844,397830000
02/10/2023,43.89888769595612,45.04047860898654,43.73039221652358,44.648651123046875,44.648651123046875,433298000
03/10/2023,44.67457296774722,44.995616545503985,43.11722389309479,43.38741683959961,43.38741683959961,470850000
04/10/2023,43.611753042966086,44.0115599865903,43.16309221624776,43.90986251831055,43.90986251831055,361821000
05/10/2023,43.918830935362585,44.7663021604217,43.75731457253386,44.554931640625,44.554931640625,393483000
06/10/2023,44.06139692841526,45.65264481422072,43.894894426049504,45.62572479248047,45.62572479248047,434436000
09/10/2023,44.708471059532506,45.46919952767431,44.235883483851424,45.138187408447266,45.138187408447266,409675000
10/10/2023,45.17507908955567,46.12125070086953,44.95374003044169,45.661624908447266,45.661624908447266,368582000
11/10/2023,46.05843799423147,46.71946573957931,45.91287284021887,46.666622161865234,46.666622161865234,378137000
12/10/2023,46.63771490362162,47.46723822927066,46.19204731268838,46.805213928222656,46.805213928222656,481325000
13/10/2023,46.82016325151491,46.97570075879303,45.14516559213605,45.325626373291016,45.325626373291016,474115000
16/10/2023,44.928816083518186,46.08735476029038,44.77826474104746,45.95774459838867,45.95774459838867,375099000
17/10/2023,43.86898271179327,44.620739164515385,42.35350830716708,43.807167053222656,43.807167053222656,812333000
18/10/2023,42.46417104768787,43.090303133703976,41.700453218071786,42.07034683227539,42.07034683227539,627294000
19/10/2023,42.683520414055806,43.16807328895168,41.75728589082115,41.97563552856445,41.97563552856445,501233000
20/10/2023,41.76526014616155,42.34353485879464,40.955677830477995,41.26375961303711,41.26375961303711,477266000
23/10/2023,41.10623136446677,43.11922033673946,40.82307664352765,42.84703063964844,42.84703063964844,478530000
24/10/2023,42.94873204239224,43.56688484318148,42.56388363101051,43.53298568725586,43.53298568725586,401463000
25/10/2023,43.26876906154992,43.52002136864502,41.431258603349754,41.65459060668945,41.65459060668945,398379000
26/10/2023,41.7283746394427,42.13017450154096,39.7612500826686,40.2059211730957,40.2059211730957,541001000
27/10/2023,41.00753113322634,41.08330504631517,39.895849517473295,40.3794059753418,40.3794059753418,416784000
30/10/2023,40.96465592174652,41.64163109365404,40.3604576251133,41.03843307495117,41.03843307495117,388028000
31/10/2023,40.329550161466386,40.757273552176585,39.11318181784756,40.658565521240234,40.658565521240234,517969000
01/11/2023,40.76226710316919,42.25481144112285,40.74731237407907,42.198978424072266,42.198978424072266,437593000
02/11/2023,43.19897822868172,43.75332234424489,42.76627246802236,43.37644958496094,43.37644958496094,409172000
03/11/2023,43.8889268867807,45.174086428721,43.59281034902624,44.870994567871094,44.870994567871094,424610000
06/11/2023,45.15015318659169,45.798219181155844,44.765301009531704,45.61476516723633,45.61476516723633,400733000
07/11/2023,45.582863690228386,46.080374555632474,45.02353336587058,45.81816101074219,45.81816101074219,343165000
08/11/2023,45.96273036829276,46.72744863605115,45.831123444068034,46.43532180786133,46.43532180786133,346719000
09/11/2023,47.32565858468725,48.08638711878528,46.610794508396026,46.81019973754883,46.81019973754883,540496000
10/11/2023,47.358561621942854,48.32766746778713,47.14220871523475,48.19107437133789,48.19107437133789,421245000
13/11/2023,48.17611002726251,48.96974108943456,47.95576746252599,48.475215911865234,48.475215911865234,384136000
14/11/2023,49.5320711696309,49.68561194374708,48.89397746750015,49.508140563964844,49.508140563964844,416954000
15/11/2023,49.78631497714017,49.811238255169,48.056480502384446,48.742431640625,48.742431640625,475497000
16/11/2023,48.53405091082967,49.37753247238456,48.18609109090698,49.332664489746094,49.332664489746094,339756000
17/11/2023,49.37653577909823,49.568961894077866,48.86107690035848,49.15121078491211,49.15121078491211,325205000
20/11/2023,49.16516605663654,50.397485733557765,49.03455561243681,50.2588996887207,50.2588996887207,414120000
21/11/2023,49.976737718443786,50.3665722694878,49.075430256470796,49.79528045654297,49.79528045654297,565747000
22/11/2023,49.70355312493224,50.18511275994757,47.54798851961098,48.5709342956543,48.5709342956543,899420000
24/11/2023,48.32567320692598,48.77533048753054,47.60282974083701,47.63373947143555,47.63373947143555,294645000
27/11/2023,47.65766532815117,48.38549115302334,47.51010721393193,48.098350524902344,48.098350524902344,395662000
28/11/2023,48.09236545909725,48.17910819028839,47.33163699319086,47.6786003112793,47.6786003112793,401491000
29/11/2023,48.234948902912635,48.61680790876067,47.71749326678707,47.99665832519531,47.99665832519531,382005000
30/11/2023,47.88100118212253,47.96674744990859,46.283773941411816,46.6307373046875,46.6307373046875,526247000
01/12/2023,46.38646445632827,47.05945375436282,46.04946966832762,46.62574768066406,46.62574768066406,369317000
04/12/2023,45.939790296925786,45.939790296925786,44.87596630034032,45.37447738647461,45.37447738647461,437543000
05/12/2023,45.33459997495961,46.46532151700449,45.140163841646064,46.43142318725586,46.43142318725586,371718000
06/12/2023,47.07854839373765,47.25005219470193,45.280757679582,45.37149429321289,45.37149429321289,380590000
07/12/2023,45.56792009539412,46.4942359815939,45.47219688205007,46.46133041381836,46.46133041381836,350823000
08/12/2023,46.4603430274887,47.60303102965734,46.41547109826504,47.368709564208984,47.368709564208984,359224000
11/12/2023,47.3537577126564,47.39363922656186,45.697558507484516,46.492252349853516,46.492252349853516,509728000
12/12/2023,45.91293129624922,47.528248529944456,45.91293129624922,47.5192756652832,47.5192756652832,372387000
13/12/2023,47.49134732333681,48.45355849420569,47.47040810748177,47.94902038574219,47.94902038574219,447792000
14/12/2023,48.25014760759364,48.52933716331639,47.28494671232897,48.210262298583984,48.210262298583984,391232000
15/12/2023,48.05471535600333,49.2612174369844,47.98092791403106,48.74870300292969,48.74870300292969,479948000
18/12/2023,49.25722853202736,50.2872401555101,49.007951067399034,49.93227005004883,49.93227005004883,412587000
19/12/2023,49.281156065075976,49.556359352120325,48.75368563402241,49.460636138916016,49.460636138916016,464444000
20/12/2023,49.51149468672903,49.854502283693236,47.95899524383034,47.97195816040039,47.97195816040039,397894000
21/12/2023,48.66993565248791,48.953115280045736,48.27906644393615,48.848419189453125,48.848419189453125,300425000
22/12/2023,49.05282008065704,49.24027646361489,48.32692345139222,48.68887710571289,48.68887710571289,252507000
26/12/2023,48.82647560877794,49.456649028909844,48.81849930781512,49.13657760620117,49.13657760620117,244200000
27/12/2023,49.36790764259921,49.536417930160574,48.943136348907544,49.27417755126953,49.27417755126953,233648000
28/12/2023,49.49952822100173,49.73982902864742,49.26919303504833,49.378875732421875,49.378875732421875,246587000
29/12/2023,49.66903507790819,49.85250521620105,48.610104092310245,49.378875732421875,49.378875732421875,389293000
02/01/2024,49.101683898702085,49.152535199799544,47.457451257375006,48.02879333496094,48.02879333496094,411254000
03/01/2024,47.34776169269325,48.044738980527136,47.183237655059315,47.4315185546875,47.4315185546875,320896000
04/01/2024,47.62895205059956,48.35983539054749,47.37070168440111,47.85928726196289,47.85928726196289,306535000
05/01/2024,48.3219454810566,49.4038088927802,48.16639428593929,48.955108642578125,48.955108642578125,415039000
08/01/2024,49.36891016503661,52.1239255155236,49.336004592518634,52.101985931396484,52.101985931396484,642510000
09/01/2024,52.24956080282397,54.16800018278708,51.54061326714163,52.98642349243164,52.98642349243164,773100000
10/01/2024,53.4610522035269,54.442205820352854,53.334416522190715,54.192928314208984,54.192928314208984,533796000
11/01/2024,54.840057018359396,55.186054332667865,53.405216456268754,54.66356658935547,54.66356658935547,596759000
12/01/2024,54.4621436511034,54.81113441098262,54.172984660391826,54.551883697509766,54.551883697509766,352994000
16/01/2024,54.85900246020817,56.67074896213712,54.74134344349828,56.219058990478516,56.219058990478516,449580000
17/01/2024,56.18415552246115,56.3077977062965,54.581801354818275,55.89100646972656,55.89100646972656,474394000
18/01/2024,57.094517089822695,57.43353464294008,55.94484937824919,56.941959381103516,56.941959381103516,491650000
19/01/2024,57.82139962518428,59.32803414176751,57.05960778546638,59.319061279296875,59.319061279296875,543501000
22/01/2024,59.87545295780241,60.15663944433183,58.8992822616046,59.48159408569336,59.48159408569336,452955000
23/01/2024,59.39784450488147,59.73686206906665,58.415690511418234,59.69997024536133,59.69997024536133,294654000
24/01/2024,60.12971710051197,62.667360005652704,59.76477374613349,61.18465805053711,61.18465805053711,560271000
25/01/2024,62.169802358134476,62.53773920716308,60.67413746929077,61.43892288208008,61.43892288208008,482777000
26/01/2024,60.78382411519858,61.60444749366959,60.39794531790314,60.854618072509766,60.854618072509766,390309000
29/01/2024,61.055035142050976,62.30840232360706,60.73097744998884,62.28447341918945,62.28447341918945,348733000
30/01/2024,62.718214176475605,63.30949885561756,62.08006064595033,62.59257507324219,62.59257507324219,410735000
31/01/2024,61.26243177102061,62.089038263544516,60.524572564425924,61.34918212890625,61.34918212890625,453795000
01/02/2024,61.920533287862504,63.00838377287754,61.47183680319707,62.84485626220703,62.84485626220703,369146000
02/02/2024,63.78910149469645,66.40751128682628,63.50592191536747,65.96878814697266,65.96878814697266,476578000
05/02/2024,68.02782694293316,69.29615400361993,67.01077810938553,69.13162994384766,69.13162994384766,680078000
06/02/2024,69.42876454653677,69.55240673067756,66.10839412447636,68.02583312988281,68.02583312988281,683111000
07/02/2024,68.12155362100862,70.01706057362387,67.40462981569888,69.89640808105469,69.89640808105469,495575000
08/02/2024,69.87147502102263,70.58939534958982,69.2542683281726,69.43972778320312,69.43972778320312,414422000
09/02/2024,70.32917051969086,71.97639698775139,70.0090989991364,71.92455291748047,71.92455291748047,436637000
12/02/2024,72.39017991002451,74.39536957580593,71.0440830164451,72.03919982910156,72.03919982910156,613710000
13/02/2024,70.19655257557241,73.2377338167756,69.41880791459157,71.9195556640625,71.9195556640625,602580000
14/02/2024,72.99045103936953,74.02145939035373,71.7301040369102,73.68643188476562,73.68643188476562,504917000
15/02/2024,73.65551962549853,73.76120847442633,72.19076331535655,72.44801330566406,72.44801330566406,420122000
16/02/2024,73.88583908151942,74.18696820662582,72.29146138961607,72.40313720703125,72.40313720703125,495327000
20/02/2024,71.7390740272432,71.74805069531128,67.53825202114858,69.25128936767578,69.25128936767578,704833000
21/02/2024,67.8094614044966,68.68891622407938,66.05654635382845,67.27700805664062,67.27700805664062,673755000
22/02/2024,74.80817959484354,78.34791554573746,74.00550573707999,78.31102752685547,78.31102752685547,865100000
23/02/2024,80.55651569183838,82.15587637734276,77.3458203592003,78.58921813964844,78.58921813964844,829388000
26/02/2024,79.46967086730548,80.41294376465017,78.27812461798902,78.86343383789062,78.86343383789062,503973000
27/02/2024,79.1515839793688,79.25030450092336,76.93900277777333,78.47354888916016,78.47354888916016,391705000
28/02/2024,77.39568548362723,78.70488691297152,76.9021132659983,77.43856048583984,77.43856048583984,393110000
29/02/2024,78.86541608909434,79.75882270864132,78.12356300049603,78.88336181640625,78.88336181640625,507289000
01/03/2024,79.76879352380037,82.06214938054762,79.20542398518815,82.04120635986328,82.04120635986328,479135000
04/03/2024,83.88685863778845,87.44155809825308,83.47705094561937,84.99066162109375,84.99066162109375,615616000
05/03/2024,85.02754699331318,85.85219903908474,83.17981882492465,85.71957397460938,85.71957397460938,520639000
06/03/2024,87.7717411927185,89.46889796984821,86.78255724053227,88.44780731201172,88.44780731201172,582520000
07/03/2024,89.90165539673119,92.5032385135836,89.34723648723485,92.405517578125,92.405517578125,608119000
08/03/2024,94.86750020038097,97.12306982330983,86.26003928547323,87.27913665771484,87.27913665771484,1142269000
11/03/2024,86.18325727083518,88.54452056286361,83.92669117198699,85.53012084960938,85.53012084960938,678364000
12/03/2024,87.79866017993605,91.69853581019218,85.90505740123257,91.65167236328125,91.65167236328125,668075000
13/03/2024,90.79609497778392,91.2438157981286,88.18354193376186,90.62957000732422,90.62957000732422,635713000
14/03/2024,89.32232245586333,90.38828336998239,86.35378152826699,87.69396209716797,87.69396209716797,602318000
15/03/2024,86.68283095505842,89.29139016582063,86.01174797498194,87.58724975585938,87.58724975585938,642086000
18/03/2024,90.13100922298294,92.1422727821745,86.83739891650431,88.20350646972656,88.20350646972656,668976000
19/03/2024,86.45349454494367,90.28656718338365,84.76830466715785,89.14382934570312,89.14382934570312,672171000
20/03/2024,89.54168915568671,90.15295286698971,87.97216679685033,90.11505889892578,90.11505889892578,479063000
21/03/2024,92.03755661197002,92.38456668043467,90.14794060720405,91.17501068115234,91.17501068115234,480372000
22/03/2024,90.88185279949899,94.50851255895188,90.5757265000991,94.02090454101562,94.02090454101562,586719000
25/03/2024,93.67389990625729,96.49086455465545,93.24412560987103,94.73188018798828,94.73188018798828,552136000
26/03/2024,95.57845969689596,96.1009718491892,92.23898306006764,92.29781341552734,92.29781341552734,513648000
27/03/2024,92.84725495724012,92.97488937266765,88.8695984293379,89.99339294433594,89.99339294433594,586067000
28/03/2024,89.74410000319172,91.04040671298513,88.93939536436407,90.09909057617188,90.09909057617188,435212000
01/04/2024,90.04225806770008,91.96277679415357,88.9503702442798,90.10607147216797,90.10607147216797,452441000
02/04/2024,88.19651917898095,89.83784291883602,87.3708780678764,89.19766998291016,89.19766998291016,433064000
03/04/2024,88.23242853900666,90.11705439114243,88.14866772814298,88.7110595703125,88.7110595703125,370067000
04/04/2024,90.1489453998678,90.3763015666953,85.63581327474101,85.6607437133789,85.6607437133789,434965000
05/04/2024,86.61901544259366,88.22942906906539,85.68169327218381,87.75777435302734,87.75777435302734,399678000
08/04/2024,88.44778434677862,88.57741956926614,86.48538552016859,86.88524627685547,86.88524627685547,283220000
09/04/2024,87.19337337953033,87.38582540473588,82.7859427996773,85.1113052368164,85.1113052368164,501700000
10/04/2024,83.68737154662665,87.15149277673736,83.47098569296867,86.79151916503906,86.79151916503906,431929000
11/04/2024,87.17144056555283,90.48100403591603,86.67884945614712,90.35835266113281,90.35835266113281,431637000
12/04/2024,89.44396327846418,89.91861544290224,87.2811315064311,87.93526458740234,87.93526458740234,426805000
15/04/2024,88.84467194132365,90.35536381330797,85.6846834695675,85.75647735595703,85.75647735595703,443077000
16/04/2024,86.18724795044986,87.86745463811035,85.81930143123056,87.16645812988281,87.16645812988281,370453000
17/04/2024,88.08881854088399,88.5225868752461,83.71130127056159,83.79606628417969,83.79606628417969,495400000
18/04/2024,84.72840551757585,85.94493790164843,82.16770633584548,84.43025207519531,84.43025207519531,447260000
19/04/2024,82.91358102333888,84.08423897081519,75.39103216599602,75.98333740234375,75.98333740234375,875198000
22/04/2024,77.8819196640173,79.84532288255929,76.18276995811692,79.29190063476562,79.29190063476562,596341000
23/04/2024,80.53935534918725,82.53366896329221,80.03579390039872,82.18865203857422,82.18865203857422,438559000
24/04/2024,83.71130825195023,83.84293671972377,78.95786360773235,79.4504623413086,79.4504623413086,512208000
25/04/2024,78.64375119701494,83.08608614140688,78.00058847000186,82.39705657958984,82.39705657958984,424641000
26/04/2024,83.5796943254643,88.0798637130723,83.14991996305922,87.48555755615234,87.48555755615234,551011000
29/04/2024,87.34594249418755,87.74180926182623,85.0235621625501,87.50748443603516,87.50748443603516,388971000
30/04/2024,86.99195638809022,88.56646933597486,86.05463417701857,86.15634155273438,86.15634155273438,363709000
01/05/2024,84.83509209424766,85.7554641296908,81.0239535153908,82.80487823486328,82.80487823486328,559863000
02/05/2024,84.20889135183461,85.99180970266082,82.96344197206183,85.57300567626953,85.57300567626953,377898000
03/05/2024,87.53939567590184,89.02715032615576,86.79252471992756,88.53655242919922,88.53655242919922,398341000
06/05/2024,89.13584021044993,91.95779560513117,88.80179361610953,91.87802124023438,91.87802124023438,376203000
07/05/2024,90.83898366205493,91.52004037192769,88.75791956813879,90.2965316772461,90.2965316772461,437342000
08/05/2024,89.22857828050421,90.93471200217493,89.16575387590268,90.15493774414062,90.15493774414062,325721000
09/05/2024,90.27159019237384,90.81304550195526,87.9801277687823,88.49465942382812,88.49465942382812,378013000
10/05/2024,90.04823199188911,91.14111635473476,88.97329419694542,89.62244415283203,89.62244415283203,335325000
13/05/2024,90.22075318829799,90.73927900416781,88.27729700712642,90.14198303222656,90.14198303222656,289680000
14/05/2024,89.34425178727211,91.39041950305226,88.68114159761363,91.09626007080078,91.09626007080078,296507000
15/05/2024,92.20907765380471,94.59228164011105,91.3385587292716,94.3609390258789,94.3609390258789,417735000
16/05/2024,94.64014935721045,95.54656142094716,93.83543705567772,94.09071350097656,94.09071350097656,323952000
17/05/2024,94.10068232469492,94.47062203748345,91.5449662156453,92.21604919433594,92.21604919433594,359691000
20/05/2024,93.48345064124587,94.92932496808272,93.17433446559033,94.5105209350586,94.5105209350586,318764000
21/05/2024,93.33287026664621,95.1287520032466,92.915062881723,95.11479187011719,95.11479187011719,328946000
22/05/2024,95.18757094825777,95.74697281531282,92.9838557882849,94.68001556396484,94.68001556396484,548648000
23/05/2024,101.73791493789797,106.0177117858919,101.23135605250833,103.5038833618164,103.5038833618164,835065000
24/05/2024,104.15202177987621,106.17226230771774,102.70714415978955,106.1662826538086,106.1662826538086,429494000
28/05/2024,109.93054124400538,114.61219142145016,109.57056763172464,113.57714080810547,113.57714080810547,652728000
29/05/2024,112.7285727659483,115.16362326202471,110.58568085733936,114.49851989746094,114.49851989746094,557442000
30/05/2024,114.32400776010651,115.4896825683004,109.35118819369168,110.18580627441406,110.18580627441406,484553000
31/05/2024,112.20007402311614,112.39652011050696,106.63594514688756,109.3212890625,109.3212890625,613263000
03/06/2024,113.29793498606988,114.67301177978516,111.68453173387806,114.67301177978516,114.67301177978516,438392000
04/06/2024,115.38699108204422,116.26847269779265,113.72073695926161,116.1059341430664,116.1059341430664,403324000
05/06/2024,118.03444216742467,122.10084264977675,117.13400975669744,122.09187316894531,122.09187316894531,528402000
06/06/2024,123.69528439320365,125.2299099350453,117.98357427866928,120.65396118164062,120.65396118164062,664696000
07/06/2024,119.42945596831338,121.34599585382935,117.68643254910567,120.54428100585938,120.54428100585938,412386000
10/06/2024,120.02775723865274,122.74999082651334,116.6773100476689,121.44371795654297,121.44371795654297,313434100
11/06/2024,121.43374431859081,122.53071289546243,118.41211249470811,120.57612609863281,120.57612609863281,222551200
12/06/2024,122.72018841720352,126.52963983604721,122.23154359875069,124.85427856445312,124.85427856445312,299595000
13/06/2024,129.03269675342705,129.44156821528892,126.8088590238474,129.25209045410156,129.25209045410156,260704500
14/06/2024,129.60114223243076,132.4731792100278,127.9656714477386,131.51583862304688,131.51583862304688,309320400
17/06/2024,132.62277611443673,133.36072299109455,129.2221885999668,130.61831665039062,130.61831665039062,288504400
18/06/2024,130.77788509132313,135.95355648117285,130.32913071079423,135.20562744140625,135.20562744140625,294335100
20/06/2024,139.41394956266274,140.37129003031137,129.16233868973217,130.41885375976562,130.41885375976562,517768400
21/06/2024,126.76898143871918,130.269291272292,123.9567687165166,126.22049713134766,126.22049713134766,649445800
24/06/2024,122.89968290118539,124.1163152101961,117.71404522588668,117.78385162353516,117.78385162353516,476060900
25/06/2024,120.86531009404065,126.1506774907381,118.99050434542877,125.74180603027344,125.74180603027344,414192600
26/06/2024,125.78169805160451,127.7662006748868,122.26144711805412,126.05095672607422,126.05095672607422,362975900
27/06/2024,123.75731801767638,126.0609445300648,122.58057607711103,123.64762115478516,123.64762115478516,252571700
28/06/2024,124.23598924744037,127.35734339260638,122.41104074475835,123.19886016845703,123.19886016845703,315516700
01/07/2024,123.12904675738962,124.49525872121755,118.50186042748064,123.95675659179688,123.95675659179688,284885500
02/07/2024,120.79551228090267,123.06922274393042,120.69578993975959,122.33126068115234,122.33126068115234,218374000
03/07/2024,121.32405134915433,127.92576599121094,121.02487672675784,127.92576599121094,127.92576599121094,215749000
05/07/2024,127.02826704555636,128.49421680843818,125.33296424312091,125.48255157470703,125.48255157470703,214176700
08/07/2024,127.13793174566909,130.40888035262702,126.6891774727848,127.8459701538086,127.8459701538086,237677300
09/07/2024,129.99007251430768,133.45049207075732,128.29475452643044,131.01722717285156,131.01722717285156,285366600
10/07/2024,133.65991582693005,134.72696865235594,132.0543607420923,134.53749084472656,134.53749084472656,248978600
11/07/2024,135.3751516521801,135.77404103999976,126.69917812553707,127.04821014404297,127.04821014404297,374782700
12/07/2024,127.90582806874107,131.5557253023775,126.86870653322082,128.8831329345703,128.8831329345703,252680500
15/07/2024,130.19946809344353,131.02717795052595,126.828804392605,128.0853271484375,128.0853271484375,208326200
16/07/2024,128.0853361228611,128.68367018979245,124.23599428065054,126.01107788085938,126.01107788085938,214769500
17/07/2024,121.01489915039261,121.51351843622722,116.39768730256174,117.66417694091797,117.66417694091797,390086200
18/07/2024,121.51353403525827,122.0620183634174,116.23814040091202,120.75563049316406,120.75563049316406,320979500
19/07/2024,120.01766279092804,121.26421102849133,117.04589605324009,117.6043472290039,117.6043472290039,217223800
22/07/2024,120.01766653236042,123.72739542032818,119.52902173833405,123.19886016845703,123.19886016845703,258068900
23/07/2024,122.44095787706307,124.34568731396223,121.76283530375956,122.25148010253906,122.25148010253906,173911000
24/07/2024,118.8409292880146,119.61877422549412,113.12675602679064,113.93451690673828,113.93451690673828,327776900
25/07/2024,112.72785895570485,116.30794209044977,106.00647252262672,111.96995544433594,111.96995544433594,460067000
26/07/2024,115.8691646723326,115.87913158113766,111.27189374853045,112.747802734375,112.747802734375,293399100
29/07/2024,113.3760521146797,115.9588962828189,110.9926526113286,111.28184509277344,111.28184509277344,248152100
30/07/2024,111.21203931839821,111.68074265241845,102.25684143468115,103.44355773925781,103.44355773925781,486833300
31/07/2024,112.58824297616627,118.01321595584747,110.57381668062193,116.69686126708984,116.69686126708984,473174200
01/08/2024,117.20545726694776,119.82819978465332,106.51505772619602,108.90843200683594,108.90843200683594,523462300
02/08/2024,103.47347587762454,108.4197782586363,101.09007631034588,106.9737777709961,106.9737777709961,482027500
05/08/2024,91.80577675325813,103.12444016973573,90.43956483475881,100.172607421875,100.172607421875,552842400
06/08/2024,103.55326379264082,107.41258033181929,100.27235513846155,103.9621353149414,103.9621353149414,409012100
07/08/2024,107.51229690555586,108.4995686514933,98.41748524596572,98.63687896728516,98.63687896728516,411440400
08/08/2024,101.71833034514779,105.20866520993226,97.25069837056012,104.68013000488281,104.68013000488281,391910000
09/08/2024,105.348288539487,106.30563671378638,103.14439207443418,104.46074676513672,104.46074676513672,290844200
12/08/2024,106.02640719898284,110.76329052893722,105.96657531790058,108.71894836425781,108.71894836425781,325559900
13/08/2024,112.1295177782614,115.90905322658823,111.27189191883488,115.81929779052734,115.81929779052734,312646700
14/08/2024,118.2026834397928,118.27248983356148,113.75500044516707,117.7539291381836,117.7539291381836,339246400
15/08/2024,118.4320525248231,122.89967697557265,117.14561388018961,122.5207290649414,122.5207290649414,318086700
16/08/2024,121.60328301302395,124.6548308372553,120.84537951120186,124.23599243164062,124.23599243164062,302589900
19/08/2024,123.93681555512863,129.64102172851562,123.07918972579691,129.64102172851562,129.64102172851562,318333600
20/08/2024,128.04543898793298,129.52136317375601,125.54237540722741,126.89862060546875,126.89862060546875,300087400
21/08/2024,126.9684150377678,128.9928157355832,126.31024153473705,128.14515686035156,128.14515686035156,257883600
22/08/2024,129.66096486520394,130.3889447703718,122.7600680862335,123.39830017089844,123.39830017089844,376189100
23/08/2024,125.51245424374224,129.2421321879317,124.87422213092064,129.01275634765625,129.01275634765625,323230300
26/08/2024,129.21222218734667,130.8975427630235,124.0265765218376,126.11080169677734,126.11080169677734,331964700
27/08/2024,124.70470624383526,128.84324088713785,123.53793114727517,127.94573211669922,127.94573211669922,303134600
28/08/2024,127.76621672239743,127.97564354365645,122.30135293496008,125.26315307617188,125.26315307617188,448101100
29/08/2024,121.02487540717718,124.08639756190335,116.38771446055243,117.2652816772461,117.2652816772461,453023300
30/08/2024,119.19992897597831,121.41379989153823,116.89631023816276,119.04037475585938,119.04037475585938,333751600
03/09/2024,115.68965834345619,115.88910303086084,106.99373606605621,107.70177459716797,107.70177459716797,477155100
04/09/2024,105.11893116355375,112.95722005840781,103.83249237473713,105.91671752929688,105.91671752929688,372470300
05/09/2024,104.70008464878364,109.34722045042044,104.47072401794104,106.91395568847656,106.91395568847656,306850700
06/09/2024,107.74167143504636,107.85136830211154,100.67124500554577,102.54605865478516,102.54605865478516,413638100
09/09/2024,104.59038154400555,106.25577578698045,103.4036727846321,106.17599487304688,106.17599487304688,273912000
10/09/2024,107.5122906776436,109.09790400275718,104.66018768236026,107.8014907836914,107.8014907836914,268283700
11/09/2024,109.08794174088705,116.86640671242463,107.12338026732812,116.5871810913086,116.5871810913086,441422400
12/09/2024,116.52732649632485,120.46676065848584,115.07123444451854,118.82117462158203,118.82117462158203,366052700
13/09/2024,118.76134501471007,119.63898740485247,117.2853021309932,118.78128814697266,118.78128814697266,238358300
16/09/2024,116.47746652004345,117.8637462195167,114.05396898625607,116.46749114990234,116.46749114990234,248772300
17/09/2024,117.85376774830212,118.48208669803358,114.52270945275087,115.28067016601562,115.28067016601562,231925900
18/09/2024,115.57988069857915,117.3850347497377,112.91702737683093,113.0666275024414,113.0666275024414,310318900
19/09/2024,117.03596036023049,119.3397837869768,116.93622949013678,117.55457305908203,117.55457305908203,293506400
20/09/2024,116.74674381909426,118.30257441739377,115.0812145821692,115.68958282470703,115.68958282470703,382462400
23/09/2024,116.23810026304875,116.67691759238959,114.55262048539709,115.9488754272461,115.9488754272461,206228500
24/09/2024,116.20817437054484,121.47405081318132,115.07122576368558,120.54653930664062,120.54653930664062,354966800
25/09/2024,121.69346336275538,124.60565503965537,121.28456450552947,123.17948150634766,123.17948150634766,284692900
26/09/2024,126.46067739619816,127.32834434574869,121.47405774507013,123.70806121826172,123.70806121826172,302582900
27/09/2024,123.63825663510784,123.69809363981746,118.94086154094774,121.07513427734375,121.07513427734375,271009200
30/09/2024,117.99339197466074,121.17485775300766,117.83382410218941,121.11502075195312,121.11502075195312,226553700
01/10/2024,121.4441210323085,122.11233379004094,115.4801287113044,116.6868896484375,116.6868896484375,302094500
02/10/2024,116.1284125762355,119.06054005255614,114.83188829265981,118.5319595336914,118.5319595336914,221845900
03/10/2024,120.59640479294298,124.02720146176961,120.01795510176126,122.521240234375,122.521240234375,277118000
04/10/2024,124.60565935860969,124.70539023390367,121.50398120040512,124.58570861816406,124.58570861816406,243678100
07/10/2024,124.65551433206126,130.29039598837593,124.61562046227938,127.37821197509766,127.37821197509766,346250200
08/10/2024,129.9114112143918,133.1227955252644,129.07366275536995,132.5343780517578,132.5343780517578,285722500
09/10/2024,133.75112849037495,134.16003500176663,131.02843810434518,132.29502868652344,132.29502868652344,246191600
10/10/2024,131.55700075403345,134.63872798675436,130.64943234270237,134.44923400878906,134.44923400878906,242311300
11/10/2024,133.65136041631004,135.4166278489941,133.30230620805418,134.4392547607422,134.4392547607422,170209500
14/10/2024,136.104806530019,139.22643549757692,135.93526327737888,137.70053100585938,137.70053100585938,232347700
15/10/2024,137.50104323972985,138.1991821543322,128.3954862474048,131.24783325195312,131.24783325195312,377831000
16/10/2024,133.62146232310147,136.25439701653355,131.22789086287455,135.3568115234375,135.3568115234375,264879700
17/10/2024,138.96712260930138,140.512977854023,136.50373111006368,136.56356811523438,136.56356811523438,306435900
18/10/2024,138.29892734851708,138.5283076242321,136.91264749604844,137.63072204589844,137.63072204589844,176090200
21/10/2024,137.76036967912168,143.325439453125,137.63071268872676,143.325439453125,143.325439453125,264554500
22/10/2024,142.52756130979012,144.03351491090646,141.40058044009385,143.2057342529297,143.2057342529297,226311600
23/10/2024,141.64993025905358,142.04885378245024,137.09216737152124,139.18653869628906,139.18653869628906,285930000
24/10/2024,140.44316244306268,140.9717429059513,138.08947737101022,140.0342559814453,140.0342559814453,172354900
25/10/2024,140.55287134358582,143.74432048434818,140.42322956503693,141.16123962402344,141.16123962402344,205122100
28/10/2024,142.617310298629,142.75693502866474,139.67520798990546,140.14395141601562,140.14395141601562,173586700
29/10/2024,139.91457158033694,141.8793009979601,138.52829188537018,140.87200927734375,140.87200927734375,157593600
30/10/2024,139.16657905851807,139.9544735111022,136.4438889013892,138.9671173095703,138.9671173095703,179418100
31/10/2024,137.2317994926413,137.24176725497634,131.75648481507793,132.4047393798828,132.4047393798828,270039600
01/11/2024,134.339550139827,136.94256658973848,134.20990835801712,135.0376739501953,135.0376739501953,207127800
04/11/2024,136.84282779526694,138.58814473225323,135.207217103038,135.68592834472656,135.68592834472656,187528200
05/11/2024,137.08217511986183,139.99435925396384,136.9625011145287,139.5355987548828,139.5355987548828,160537400
06/11/2024,142.57744958861787,146.09800218631347,141.58012556166827,145.22035217285156,145.22035217285156,242043900
07/11/2024,145.9982557303204,148.53145192465237,145.77884323892675,148.48159790039062,148.48159790039062,207323300
08/11/2024,148.37188826922187,149.369212218998,145.8685954157921,147.2349395751953,147.2349395751953,175665800
11/11/2024,148.2821074463959,148.4516658981078,143.18579701946294,144.8712615966797,144.8712615966797,182325600
12/11/2024,146.3871892091523,149.2495037052901,145.61924560605905,147.8931427001953,147.8931427001953,198634700
13/11/2024,148.67108050956173,148.93037924410717,145.5095503668412,145.87857055664062,145.87857055664062,191903300
14/11/2024,147.24489842760545,148.60125952595652,145.16049515099348,146.36724853515625,146.36724853515625,194463300
15/11/2024,144.48228638291062,144.85130651757171,139.70511232986095,141.6000213623047,141.6000213623047,250132900
18/11/2024,139.1266784396513,141.1711953957962,136.7829612819808,139.77493286132812,139.77493286132812,221205300
19/11/2024,140.9418317601378,146.73628163269873,140.61271302151263,146.61659240722656,146.61659240722656,227834900
20/11/2024,147.0155246522584,147.16511715506326,142.34804073132528,145.4995880126953,145.4995880126953,309871700
21/11/2024,148.95034787282623,152.48086819347145,140.3234860038813,146.2775115966797,146.2775115966797,400946600
22/11/2024,145.53950576424535,146.76622542449033,140.7224435162038,141.57015991210938,141.57015991210938,236406200
25/11/2024,141.61003096699034,141.66986796819967,135.45654411602544,135.656005859375,135.656005859375,344941900
26/11/2024,137.33151565059862,138.9272401830298,135.30694909062626,136.55360412597656,136.55360412597656,190287700
27/11/2024,134.64869500572706,136.85278753282546,131.44729379106425,134.97781372070312,134.97781372070312,226370900
29/11/2024,136.41396798376013,138.97709782710584,135.68592576491588,137.88003540039062,137.88003540039062,141863200
02/12/2024,138.45849496272686,140.07415499884576,137.45120318506554,138.259033203125,138.259033203125,171682800
03/12/2024,137.89001081273594,140.16390831614373,137.58084280749418,139.88465881347656,139.88465881347656,164414000
04/12/2024,141.6200054773523,145.39985667412174,139.9145747718299,144.75160217285156,144.75160217285156,231224300
05/12/2024,144.73165063129176,146.1579148411047,143.57467148409813,144.68177795410156,144.68177795410156,172621200
06/12/2024,144.2230061514487,145.32012910905055,140.9415752898697,142.06863403320312,142.06863403320312,188505600
09/12/2024,138.60766082087318,139.58510137793925,136.77246195727844,138.4480743408203,138.4480743408203,189308600
10/12/2024,138.6475487860502,141.4502349567079,133.44115786086326,134.71783447265625,134.71783447265625,210020900
11/12/2024,137.00184953896905,139.8045203384501,134.85746151474785,138.94676208496094,138.94676208496094,184905200
12/12/2024,136.72258646567687,138.07904108019704,135.44592508954074,136.98190307617188,136.98190307617188,159211400
13/12/2024,138.57773734651352,139.2360201486468,132.19441524956173,133.89996337890625,133.89996337890625,231514900
16/12/2024,133.8301313094174,134.04955889819416,130.07994062496547,131.65582275390625,131.65582275390625,237951100
17/12/2024,128.75340490862754,131.24688636654815,126.52922370948323,130.05001831054688,130.05001831054688,259410300
18/12/2024,133.51098920213212,136.3435808551527,127.94553603601128,128.5738983154297,128.5738983154297,277444500
19/12/2024,131.416419032185,133.68050407401532,129.2121903191743,130.3392333984375,130.3392333984375,209719200
20/12/2024,129.4715360054975,134.92727495716574,127.88568536239204,134.34878540039062,134.34878540039062,306528600
23/12/2024,135.92468626680915,139.42552943098136,134.76770699433413,139.30584716796875,139.30584716796875,176053500
24/12/2024,139.63500350075054,141.53004388922912,138.2885170222474,139.85443115234375,139.85443115234375,105157000
26/12/2024,139.33577420033015,140.4827850771225,137.37090912331828,139.56517028808594,139.56517028808594,116205600
27/12/2024,138.1887488761999,138.65752461945982,134.35876491420703,136.6527557373047,136.6527557373047,170582600
30/12/2024,134.47843254273522,139.90425017541338,133.67054705312722,137.13150024414062,137.13150024414062,167734700
31/12/2024,137.67011945974758,137.71002369221526,133.48107297196478,133.9398651123047,133.9398651123047,155659200
02/01/2025,135.6453668044823,138.5178617951279,134.27894408248784,137.9493408203125,137.9493408203125,198247200
03/01/2025,139.64492988439244,144.52217900012494,139.36566117903786,144.0933074951172,144.0933074951172,229322500
06/01/2025,148.2025685915748,151.7632676182901,147.43458721714921,149.04037475585938,149.04037475585938,265377400
07/01/2025,152.63098706400407,152.73073241075815,139.6449312609891,139.77459716796875,139.77459716796875,351782200
08/01/2025,142.20825109505992,143.57467420574872,137.20133554653654,139.74468994140625,139.74468994140625,227349900
10/01/2025,137.09161147098868,139.55517244006612,133.870037595658,135.55563354492188,135.55563354492188,207602500
13/01/2025,129.6510717959939,133.1419459563911,129.17231238202828,132.8826141357422,132.8826141357422,204808900
14/01/2025,135.69526562735138,136.02440701006375,129.71091005586072,131.41644287109375,131.41644287109375,195590500
15/01/2025,133.30153730793728,136.09424010113995,130.94768976753863,135.88479614257812,135.88479614257812,185217300
16/01/2025,138.2785134363621,138.38822723428095,133.14194748607855,133.22174072265625,133.22174072265625,209235600
17/01/2025,136.33360735729912,138.13888566634566,135.10681862678206,137.3509521484375,137.3509521484375,201188800
21/01/2025,138.79715528751996,141.46019165371834,136.7325453387914,140.46279907226562,140.46279907226562,197749000
22/01/2025,144.28284886721386,147.40467804215123,143.29542449743752,146.6865692138672,146.6865692138672,237651400
23/01/2025,144.67181084027297,146.8461195709751,143.34527675360425,146.83615112304688,146.83615112304688,155915500
24/01/2025,147.98314630855361,148.58158800111045,141.51007758845265,142.24813842773438,142.24813842773438,234657600
27/01/2025,124.47461463210544,128.06521929651885,116.39572750391632,118.11124420166016,118.11124420166016,818830900
28/01/2025,121.49238479939024,128.6636397113665,115.94688462361518,128.65367126464844,128.65367126464844,579666400
29/01/2025,126.17018228394103,126.55916484585856,119.73700212037913,123.37747955322266,123.37747955322266,467120600
30/01/2025,122.77904281152207,124.67409050916186,117.7920791911556,124.32500457763672,124.32500457763672,392925500
31/01/2025,123.45726093608867,127.51664871512425,118.8792323275003,119.7569351196289,119.7569351196289,388161100
03/02/2025,114.45081126895413,118.26085104341853,112.71535011762803,116.3558349609375,116.3558349609375,371235700
04/02/2025,116.65504122535879,120.88398385074507,116.39571701060105,118.34063720703125,118.34063720703125,256550000
05/02/2025,121.44251426783315,124.67406387275467,120.44512175685111,124.50450897216797,124.50450897216797,262230800
06/02/2025,127.08778823658054,128.4342745987464,124.8835510706209,128.34449768066406,128.34449768066406,251483600
07/02/2025,128.88305586640928,130.03005111642076,124.6740584360869,129.50143432617188,129.50143432617188,228186300
10/02/2025,129.7508034170435,134.64800487659767,129.621152724233,133.22174072265625,133.22174072265625,216989100
11/02/2025,132.23432300379022,134.12936300336048,130.67839286199495,132.45375061035156,132.45375061035156,178902400
12/02/2025,129.68099034166102,131.89520313508,128.74343886096966,130.79806518554688,130.79806518554688,160278600
13/02/2025,131.2169852346524,136.14410776005724,130.8280026783839,134.937255859375,134.937255859375,197430000
14/02/2025,136.12416013401827,138.88694235090182,135.14671948687393,138.4879913330078,138.4879913330078,195479600
18/02/2025,140.90167961185236,143.06602007700403,137.57037622357197,139.0365447998047,139.0365447998047,219176600
19/02/2025,139.1462426003846,140.99142508356047,136.86222013681927,138.86697387695312,138.86697387695312,167536000
20/02/2025,139.6648967001902,140.29325896288867,136.43333891646114,139.74468994140625,139.74468994140625,143903600
21/02/2025,139.67487215272783,141.09118323158302,133.68054728393315,134.07949829101562,134.07949829101562,228217600
24/02/2025,136.20394796569565,138.22865397806314,129.74084737496105,129.94032287597656,129.94032287597656,251381100
25/02/2025,129.64109140603463,129.86051900489684,124.11554286315072,126.2998275756836,126.2998275756836,271428700
26/02/2025,129.6510686159171,133.38130717279842,128.15497972672858,130.9376983642578,130.9376983642578,322553800
27/02/2025,134.64801060127058,134.6579790491402,119.69709659183455,119.83673095703125,119.83673095703125,443175800
28/02/2025,117.71228788508736,124.76385425600982,116.09651651556653,124.59429931640625,124.59429931640625,389091100
03/03/2025,123.18796891235903,123.37746834229016,111.98724605192426,113.76260375976562,113.76260375976562,411381400
04/03/2025,110.36150296756519,118.9989197292815,109.82291000037466,115.68757629394531,115.68757629394531,398163300
05/03/2025,117.27343224392774,117.97160407078815,114.21143704412195,116.9941635131836,116.9941635131836,284337900
06/03/2025,113.2339891683523,115.04924353236196,109.93262184934352,110.28170776367188,110.28170776367188,321181900
07/03/2025,110.9599388924034,113.18412798197828,107.27955736061682,112.39618682861328,112.39618682861328,341755500
10/03/2025,109.6134575041536,111.5583701943417,105.18503155172247,106.7010726928711,106.7010726928711,366487400
11/03/2025,106.71103594468934,111.94734728122161,104.49682307629253,108.47642517089844,108.47642517089844,354865700
12/03/2025,113.83293253862912,116.46629097878981,112.59604629385464,115.4488525390625,115.4488525390625,323857500
13/03/2025,116.73559490158165,117.46376184203,113.50374766538481,115.28924560546875,115.28924560546875,299033100
14/03/2025,118.31162236591584,121.57339292473429,117.85278046649132,121.36392211914062,121.36392211914062,277593500
17/03/2025,122.43123309193861,122.58085727393843,117.73308248243704,119.22930908203125,119.22930908203125,255501500
18/03/2025,117.70316017412442,118.7205909220559,114.25186503478537,115.1396255493164,115.1396255493164,299686900
19/03/2025,116.97499413034406,120.1469948780257,115.38899756160431,117.224365234375,117.224365234375,273426200
20/03/2025,116.25680439544837,119.89761619602571,116.17700382075364,118.23181915283203,118.23181915283203,248829700
21/03/2025,116.64582513098318,117.6931791575635,115.1296446207881,117.4039077758789,117.4039077758789,266498500
24/03/2025,119.57842622721644,121.91254366285413,119.03978374206928,121.10458374023438,121.10458374023438,228452500
25/03/2025,120.24674348347415,120.98487978418257,118.62083909476823,120.38639068603516,120.38639068603516,167447200
26/03/2025,118.4313220614094,118.5410383402261,112.42646191953317,113.47382354736328,113.47382354736328,293463300
27/03/2025,111.06988814101668,114.1620883069464,110.3816290692769,111.14968872070312,111.14968872070312,236902100
28/03/2025,111.20954068147716,112.58607411134861,108.79563010676111,109.39411926269531,109.39411926269531,229872500
31/03/2025,104.86552901006266,110.68086470981991,103.38925640513808,108.10735321044922,108.10735321044922,299212700
01/04/2025,108.2470050831867,109.92277920039626,106.20216660392524,109.87290954589844,109.87290954589844,222614000
02/04/2025,107.0200962834212,111.69830029652357,106.5213541109438,110.14221954345703,110.14221954345703,220601200
03/04/2025,103.24961996040646,105.36428217323731,101.34442096353821,101.5439224243164,101.5439224243164,338769400
04/04/2025,98.66118836013088,99.87811296890389,91.87829121020437,94.07275390625,94.07275390625,532273800
07/04/2025,87.23998007579976,101.49403230771996,86.40209687721266,97.39437103271484,97.39437103271484,611041300
08/04/2025,103.54884894952201,105.5837179566193,94.2223717079774,96.05774688720703,96.05774688720703,476243400
09/04/2025,98.64122793388745,114.81044852614636,97.28464859296416,114.04238891601562,114.04238891601562,612918300
10/04/2025,109.09487535601897,110.58112503277279,98.90058321638736,107.29940032958984,107.29940032958984,437812400
11/04/2025,108.22706011361765,111.26939065397997,107.20962934859612,110.65094757080078,110.65094757080078,313417300
14/04/2025,113.82295197096049,114.00249947758738,108.7956293956101,110.43150329589844,110.43150329589844,264705000
15/04/2025,110.69083839206891,113.33417341426474,110.22201953478644,111.91773986816406,111.91773986816406,228966900
16/04/2025,104.28700420641553,106.52136728458446,100.19731179816195,104.2271499633789,104.2271499633789,397016900
17/04/2025,104.1872406628714,104.20719461222582,99.79831546993584,101.23468780517578,101.23468780517578,292517500
21/04/2025,98.52153569265882,99.18985605733366,94.80092295909544,96.66622161865234,96.66622161865234,288501100
22/04/2025,98.5314962128766,99.55890380627321,97.03526978904827,98.64122009277344,98.64122009277344,241004800
23/04/2025,104.25705857766793,104.53636058197965,101.76334775853866,102.45161437988281,102.45161437988281,247526000
24/04/2025,103.21968611105362,106.2719858525715,102.85061415392688,106.16226196289062,106.16226196289062,220815000
25/04/2025,106.58121206849437,111.63845793071249,105.46403435389149,110.73075103759766,110.73075103759766,251064700
28/04/2025,109.41407373912219,110.0923634818257,105.75329995750923,108.45648956298828,108.45648956298828,207708500
29/04/2025,107.39914795371472,109.9227823722281,107.16973079396023,108.7457504272461,108.7457504272461,170444300
30/04/2025,104.20719367744803,108.64599609375,103.81817538074749,108.64599609375,108.64599609375,235044600
01/05/2025,112.79553450528941,114.6508560442669,111.02001354244473,111.32923126220703,111.32923126220703,236121500
02/05/2025,113.89278036249011,115.10971266849934,113.08482035383273,114.21197509765625,114.21197509765625,190194800
05/05/2025,112.62596928442517,114.38153638068397,112.3765981799359,113.53367614746094,113.53367614746094,133163200
06/05/2025,111.19957134225872,114.4513652140045,110.541227943435,113.25438690185547,113.25438690185547,158525600
07/05/2025,112.7656187028628,117.38396890879066,111.99755142427854,116.7655258178711,116.7655258178711,206758800
08/05/2025,117.95252869863282,118.38144728921775,115.55856464909375,117.07474517822266,117.07474517822266,198428100
09/05/2025,117.05480348234514,117.93259470484641,114.92018728068513,116.3565673828125,116.3565673828125,132972200
12/05/2025,121.66316698651148,122.6905746459961,119.97741600529791,122.6905746459961,122.6905746459961,225023300
13/05/2025,124.66559728217729,130.88989748886456,124.1568781333485,129.60313415527344,129.60313415527344,330430100
14/05/2025,132.86491109788813,135.09928149974084,131.34873063875938,134.99952697753906,134.99952697753906,281180800
15/05/2025,133.9521641466833,135.9571173935552,132.32627503661865,134.49081420898438,134.49081420898438,226632600
16/05/2025,135.87734710554645,136.00702496804118,133.12429521702722,135.0594024658203,135.0594024658203,226542500
19/05/2025,132.05695004104146,135.52819125301625,132.05695004104146,135.2289581298828,135.2289581298828,193154600
20/05/2025,133.9521612557517,134.24144022899694,132.28636428496227,134.0419464111328,134.0419464111328,161514200
21/05/2025,132.72526966841644,137.0543482410567,130.26148202288624,131.46844482421875,131.46844482421875,270608700
22/05/2025,131.89735290411087,133.9122755767364,131.21907084385478,132.495849609375,132.495849609375,187344000
23/05/2025,129.67296865108418,132.3462194682512,128.8350854296202,130.959716796875,130.959716796875,198821300
27/05/2025,133.81250879901197,135.31871978851976,132.974625664691,135.15911865234375,135.15911865234375,192953600
28/05/2025,135.68780317037033,136.904735369061,134.45091702175245,134.4708709716797,134.4708709716797,304021100
29/05/2025,141.89214330786072,143.12902933343943,137.56306504893934,138.83984375,138.83984375,369241900
30/05/2025,138.37103486307464,139.26876471984463,132.58562239610197,134.79006958007812,134.79006958007812,333170900
02/06/2025,135.14917875467413,137.77255260816483,135.05939358324852,137.034423828125,137.034423828125,197663100
03/06/2025,138.4308667634816,141.64276735349586,137.60295298700936,140.86473083496094,140.86473083496094,225578800
04/06/2025,141.83231333868676,142.03180718032695,139.18897047063936,141.56298828125,141.56298828125,167120800
05/06/2025,141.8123411098902,143.63773920540723,138.4807472006614,139.63783264160156,139.63783264160156,231397900
06/06/2025,142.1514855332369,142.90958336053123,141.1540012092415,141.3634796142578,141.3634796142578,153986200
09/06/2025,142.8297985646697,144.63524295526028,141.58294302195193,142.27120971679688,142.27120971679688,185114500
10/06/2025,142.33106034435926,143.92702635161132,141.17397471532814,143.59786987304688,143.59786987304688,155881900
11/06/2025,144.25621966515521,144.63529488552354,141.52291745481477,142.48057556152344,142.48057556152344,167694000
12/06/2025,141.62270753548705,144.64529418945312,141.5030059559913,144.64529418945312,144.64529418945312,162365000
13/06/2025,142.13142750185233,143.22874251056697,140.50542554352353,141.6226806640625,141.6226806640625,180820600
16/06/2025,142.99931091676874,145.82237413621124,142.84966874779792,144.33602905273438,144.33602905273438,183133700
17/06/2025,144.13653073401778,144.8647406282524,143.42826095310537,143.76742553710938,143.76742553710938,139108000
18/06/2025,143.6576795538125,145.29366674757205,142.7698575136892,145.12408447265625,145.12408447265625,161494100
20/06/2025,145.09416929186932,145.84233449814036,142.30101614416546,143.4980926513672,143.4980926513672,242956200
23/06/2025,142.1513937655616,144.42581484809375,141.68254233682853,143.8173065185547,143.8173065185547,154308900
24/06/2025,145.2038906048871,147.5980282297711,145.14403982802034,147.5381622314453,147.5381622314453,187566100
25/06/2025,148.90484638085596,154.07216728635598,148.8948611020321,153.93251037597656,153.93251037597656,269146500
26/06/2025,155.59840525486092,156.33660039378947,153.6232534017049,154.64076232910156,154.64076232910156,198145700
27/06/2025,155.65826650868465,158.32174817747665,154.880175871103,157.3640899658203,157.3640899658203,263234500
30/06/2025,158.01250107649778,158.2718747820143,155.57848281781088,157.603515625,157.603515625,194580300
01/07/2025,155.9076636637482,156.81544119896878,151.1194180014287,152.92498779296875,152.92498779296875,213143600
02/07/2025,152.60573749853646,157.21444524051134,152.59576744278257,156.86529541015625,156.86529541015625,171224100
03/07/2025,157.98256705200242,160.58618269349765,157.3840439934681,158.9501953125,158.9501953125,143716100
07/07/2025,157.8129946008361,158.92027983286837,156.9550977974466,157.8529052734375,157.8529052734375,140139000
08/07/2025,158.94022243433284,159.82804456030718,158.0025195823342,159.60858154296875,159.60858154296875,138133000
09/07/2025,160.82559421950873,164.01776272716893,160.76574343834326,162.48153686523438,162.48153686523438,183656400
10/07/2025,163.91802564623063,164.0975779997467,161.214648514871,163.6985626220703,163.6985626220703,167704100
11/07/2025,163.319494380175,167.4792915182188,163.07010595303956,164.5165557861328,164.5165557861328,193633300
14/07/2025,164.96544774793,165.08516454052796,161.62365204151925,163.66864013671875,163.66864013671875,136975800
15/07/2025,170.77121644956358,171.97824787505814,168.78607915204378,170.28240966796875,170.28240966796875,230627400
16/07/2025,170.64152069930245,171.32983513615645,168.48680121561864,170.9507598876953,170.9507598876953,158831500
17/07/2025,171.59918390717252,173.7339481189201,170.4120926228971,172.5767822265625,172.5767822265625,160841100
18/07/2025,173.21520688358655,173.82371518980958,170.8410244393951,171.98822021484375,171.98822021484375,146456400
21/07/2025,172.32741344479308,172.9558771895842,170.58169435056217,170.9607696533203,170.9607696533203,123126100
22/07/2025,170.9208530826869,170.97073381366536,164.17739532245605,166.62139892578125,166.62139892578125,193114300
23/07/2025,169.11525591048226,170.84101932871772,167.5590747729789,170.36219787597656,170.36219787597656,154082200
24/07/2025,172.01816431437092,173.40476336343244,170.88095369299285,173.3149871826172,173.3149871826172,128984600
25/07/2025,173.18529303585547,174.29257821699642,172.53688923976992,173.0755615234375,173.0755615234375,122316800
28/07/2025,173.594294429185,176.56700011257405,173.54441370124516,176.31761169433594,176.31761169433594,140023500
29/07/2025,177.52464594674228,178.94117023690123,174.59183591750704,175.08062744140625,175.08062744140625,154077500
30/07/2025,176.07820855766118,179.44994513464422,175.60935707311754,178.8314666748047,178.8314666748047,174312200
31/07/2025,182.4525537970388,182.8515843840116,175.4996037416905,177.4348602294922,177.4348602294922,221685400
01/08/2025,173.66410339060943,176.10810667785404,170.47193489983317,173.29501342773438,173.29501342773438,204529000
04/08/2025,174.7315057215643,179.75916955634796,174.09307197712414,179.55966186523438,179.55966186523438,148174600
05/08/2025,179.18058718831315,179.81902093485988,175.46968627980374,177.82391357421875,177.82391357421875,156407600
06/08/2025,175.898641889325,179.4599006050506,175.81883576850015,178.9810791015625,178.9810791015625,137192300
07/08/2025,181.12583532286254,183.43018196887525,178.3626072705472,180.32778930664062,180.32778930664062,151878400
08/08/2025,181.10587113034643,182.85159004607542,179.95867528141937,182.2530517578125,182.2530517578125,123396700
11/08/2025,181.6046387082212,183.39025298215157,179.80903915640334,181.61460876464844,181.61460876464844,138323200
12/08/2025,182.51242163652668,184.02869221788941,179.0209838780724,182.71192932128906,182.71192932128906,145485700
13/08/2025,182.17326161923742,183.51996527523906,178.9112718042809,181.14578247070312,181.14578247070312,179871700
14/08/2025,179.31025614092474,182.57226061200618,179.02097229994772,181.57470703125,181.57470703125,129554000
15/08/2025,181.43506987144983,181.45500998578265,177.6044521364236,180.00856018066406,180.00856018066406,156602200
18/08/2025,180.15818875593718,182.49246055927404,180.14820347806383,181.56472778320312,181.56472778320312,132008000
19/08/2025,181.98370991508045,182.0535459787435,175.06070018553257,175.2103271484375,175.2103271484375,185229200
20/08/2025,174.74146841521826,175.56943975883806,168.38705663117767,174.9709014892578,174.9709014892578,215142700
21/08/2025,174.42225404103465,176.46722675550242,173.38478976711397,174.5519256591797,174.5519256591797,140040900
22/08/2025,172.1877371490149,178.15310374912357,170.78118284108405,177.55458068847656,177.55458068847656,172789400
25/08/2025,177.91369740024777,181.46498591558236,176.13805314258047,179.3701171875,179.3701171875,163012800
26/08/2025,179.61950918930867,181.94381103857447,178.37256711704984,181.32533264160156,181.32533264160156,168688200
27/08/2025,181.53482178191953,182.0435839210746,178.66187741767394,181.15576171875,181.15576171875,235518900
28/08/2025,180.37766708382995,184.01873199506826,175.97845161993425,179.729248046875,179.729248046875,281787800
29/08/2025,177.674269227683,177.71416467354967,172.72639675993378,173.75387573242188,173.75387573242188,243257900
02/09/2025,169.58410730722488,171.95828968039308,166.81090959368234,170.36219787597656,170.36219787597656,231164900
03/09/2025,170.6415475595936,171.98825125424256,168.4668876205481,170.20262145996094,170.20262145996094,164424900
04/09/2025,170.15273668191406,171.43957421789176,168.99557077235426,171.2400665283203,171.2400665283203,141670100
05/09/2025,167.61895876455202,168.61651253460658,163.66865435915497,166.61143493652344,166.61143493652344,224441400
08/09/2025,167.14011909123317,170.54178073137314,166.9406114031506,167.89825439453125,167.89825439453125,163769100
09/09/2025,168.6763418810487,170.5617176578999,166.3320999523285,170.34225463867188,170.34225463867188,157548400
10/09/2025,176.2078799889887,178.85139113084074,175.04074401948455,176.8961944580078,176.8961944580078,226852000
11/09/2025,179.2505624618324,179.8491345673521,176.05821341780958,176.74656677246094,176.74656677246094,151159300
12/09/2025,177.34510547722002,178.1731234709029,176.02825318201792,177.39498901367188,177.39498901367188,124911000
15/09/2025,175.25014939714936,178.4225571584428,174.0929181271268,177.32518005371094,177.32518005371094,147061600
16/09/2025,176.5769489507663,177.0757538913052,173.96321593348455,174.46202087402344,174.46202087402344,140737800
17/09/2025,172.22738513096226,172.78604428027472,168.0074992073941,169.88299560546875,169.88299560546875,211843800
18/09/2025,173.56417834624654,176.67673180432445,172.54662713675344,175.81878662109375,175.81878662109375,191763300
19/09/2025,175.34988368438943,177.65435995090164,174.76128231706025,176.2477264404297,176.2477264404297,237182100
22/09/2025,174.88102184557565,184.10891359634738,174.2924356467209,183.17115783691406,183.17115783691406,269637000
23/09/2025,181.5350723037516,181.98399370831066,175.78884483629412,178.00352478027344,178.00352478027344,192559600
24/09/2025,179.34032288959435,179.35029350783142,174.9807575937583,176.54701232910156,176.54701232910156,143564100
25/09/2025,174.06298508983102,179.82916955782613,172.71622074990066,177.26531982421875,177.26531982421875,191586700
26/09/2025,177.74415791919978,179.3403398828169,174.51189629291883,177.7641143798828,177.7641143798828,148573700
29/09/2025,179.99875523700084,183.56023005067578,179.88903275637574,181.41537475585938,181.41537475585938,193063500
30/09/2025,181.6448190078555,186.90222763381766,181.04624695721463,186.13406372070312,186.13406372070312,236981000
01/10/2025,184.79726069745416,187.6903232769056,183.46045188172369,186.79248046875,186.79248046875,173844900
02/10/2025,189.146847340247,190.59337868298996,187.6105195355423,188.43853759765625,188.43853759765625,136805800
03/10/2025,188.73782471792558,189.90502650703218,184.93693332773543,187.17156982421875,187.17156982421875,137596900
06/10/2025,185.0566446584491,186.78250559975277,182.8918329061041,185.09654235839844,185.09654235839844,157678100
07/10/2025,185.78489078203316,188.6081286768816,183.56022492696124,184.5977325439453,184.5977325439453,140088000
08/10/2025,186.12408236678675,189.14683908131633,186.09414006589398,188.6580047607422,188.6580047607422,130168900
09/10/2025,191.77054228398893,194.83321191134357,190.60334055524348,192.1097412109375,192.1097412109375,182997200
10/10/2025,193.04748211324375,195.15243956582322,181.6148814298513,182.72222900390625,182.72222900390625,268774400
13/10/2025,187.52073401073042,189.65561858658472,185.51554359294212,187.86990356445312,187.86990356445312,153482800
14/10/2025,184.3283771191491,184.35830419700528,179.27048784899807,179.59970092773438,179.59970092773438,205641400
15/10/2025,184.35831474003746,184.42813951825556,176.86625456034105,179.4001922607422,179.4001922607422,214450500
16/10/2025,181.79445210488134,182.84194556906473,179.34034021746592,181.37545776367188,181.37545776367188,179723300
17/10/2025,179.74936158304564,183.66000615888444,179.32039659193174,182.7821044921875,182.7821044921875,173135200
20/10/2025,182.69231029505525,184.75735492260156,181.2956472677441,182.20347595214844,182.20347595214844,128544700
21/10/2025,182.35309871753384,182.35309871753384,179.37025499304198,180.7270050048828,180.7270050048828,124240200
22/10/2025,180.7070662621498,183.0015721983185,176.33752979723928,179.84912109375,179.84912109375,162249600
23/10/2025,179.988777912505,182.59254038327154,179.3602787988416,181.72462463378906,181.72462463378906,111363700
24/10/2025,183.40059008116805,187.0219186862977,183.06140638753934,185.81480407714844,185.81480407714844,131296700
27/10/2025,189.5359184602369,191.54110896467577,187.9796341631504,191.03233337402344,191.03233337402344,153452700
28/10/2025,192.58860677151606,202.6644582837766,191.45133202040452,200.54953002929688,200.54953002929688,297986200
29/10/2025,207.482921843539,211.6828666070652,204.29057291407037,206.545166015625,206.545166015625,308829600
30/10/2025,204.65966800141675,205.66726375798942,200.9286166610889,202.4050750732422,202.4050750732422,178864400
31/10/2025,205.95655376605836,207.4729250244422,201.58703290468912,202.0060272216797,202.0060272216797,179802200
03/11/2025,207.58267267525224,210.83487551397138,205.06869143040765,206.3855438232422,206.3855438232422,180267300
04/11/2025,202.51481474882632,203.4824975937368,197.4569251230167,198.21511840820312,198.21511840820312,188919300
05/11/2025,198.29492759193732,202.43500266122365,194.18476438007542,194.74343872070312,194.74343872070312,171350300
06/11/2025,195.95054108781363,197.1476699621838,185.9345440647224,187.63047790527344,187.63047790527344,223029800
07/11/2025,184.45808484875374,187.86992448023628,178.48241062826605,187.7003173828125,187.7003173828125,264942300
10/11/2025,194.6436788693004,199.46213677715232,193.32682642239038,198.5742645263672,198.5742645263672,198897100
11/11/2025,194.69355355890158,194.9529266552934,190.84277869998112,192.69833374023438,192.69833374023438,176483300
12/11/2025,195.25223189760408,195.42182377221093,190.67320561625652,193.33682250976562,193.33682250976562,154935300
13/11/2025,190.59336353184335,190.98243076168436,183.4105757073767,186.4133758544922,186.4133758544922,207423100
14/11/2025,182.42294356130517,190.55345800755302,180.14839424900484,189.71546936035156,189.71546936035156,186591900
17/11/2025,185.52550787171305,188.54826454585316,183.8794576828592,186.1540069580078,186.1540069580078,173628900
18/11/2025,182.94170515591497,184.35830936263392,179.22060933347112,180.92652893066406,180.92652893066406,213598900
19/11/2025,184.3483273978252,187.41099710874653,182.39302051116815,186.07420349121094,186.07420349121094,247246400
20/11/2025,195.4816571057099,195.53154064523628,179.42014682895694,180.208251953125,180.208251953125,343504800
21/11/2025,180.80681345200097,184.11887021564362,172.51666286870193,178.45245361328125,178.45245361328125,346926200
24/11/2025,179.06102433247585,183.06143495137792,176.05820849098825,182.11370849609375,182.11370849609375,256618300
25/11/2025,174.49194072660026,177.73417270583553,169.14475137656873,177.39498901367188,177.39498901367188,320600300
26/11/2025,181.1958831941039,182.4728225932506,177.81398638784032,179.8291473388672,179.8291473388672,183852000
28/11/2025,178.5821404669205,178.86147001761242,176.07814512953246,176.5769500732422,176.5769500732422,121332800
01/12/2025,174.3423041351479,179.8690716163194,173.2648835948944,179.48997497558594,179.48997497558594,188131000
02/12/2025,181.32557695606172,185.2162648499111,179.56978894419797,181.02630615234375,181.02630615234375,182632200
03/12/2025,180.64719551618873,182.013916155068,178.68190287158453,179.16075134277344,179.16075134277344,165138000
04/12/2025,181.1960032737075,184.08924235816875,179.53989011299373,182.951904296875,182.951904296875,167364900
05/12/2025,183.46070200471706,184.22890867632069,180.48766317737477,181.98416137695312,181.98416137695312,143971100
08/12/2025,182.21361127014939,187.5610985176648,181.97416608957425,185.1168212890625,185.1168212890625,204378100
09/12/2025,185.12681175320978,185.28644189022677,182.89205072764324,184.53819274902344,184.53819274902344,144719700
10/12/2025,184.53817644999398,185.04698034073257,181.61500881382975,183.3509521484375,183.3509521484375,162785400
11/12/2025,179.85912243695617,180.89670300875093,176.20766331092784,180.50759887695312,180.50759887695312,182136600
12/12/2025,180.68718311570447,182.39319766595756,174.21232912082112,174.6114044189453,174.6114044189453,204274900
15/12/2025,177.52459033283526,178.0034654802094,174.6213802569945,175.87843322753906,175.87843322753906,164775600
16/12/2025,175.8485164107673,178.07332144734244,174.4916907151964,177.30511474609375,177.30511474609375,148588100
17/12/2025,175.68889685369163,175.71882560019336,169.91240520818417,170.5409393310547,170.5409393310547,222775500
18/12/2025,174.1225483861358,175.7387615308714,171.41888356310693,173.73345947265625,173.73345947265625,176096000
19/12/2025,176.2575523358494,181.0263919449467,175.92832091222974,180.56747436523438,180.56747436523438,324925900
22/12/2025,183.49061294732294,183.73005811636295,181.92428623312026,183.2611541748047,183.2611541748047,129064400
23/12/2025,182.54285710968043,188.88801027625055,182.47301321780614,188.76829528808594,188.76829528808594,174873600
24/12/2025,187.50124372172942,188.4689804086018,186.154389299292,188.169677734375,188.169677734375,65528500
26/12/2025,189.4766133088049,192.24015076382284,187.56109754364968,190.08518981933594,190.08518981933594,139740300
29/12/2025,187.2717899684254,188.31932652162573,185.47598909796272,187.7805938720703,187.7805938720703,120006100
30/12/2025,187.8005508490403,188.5487999407664,186.49359631469858,187.1021728515625,187.1021728515625,97687300
31/12/2025,189.12746144975497,190.11514057964584,186.0546497967401,186.0646209716797,186.0646209716797,120100500
02/01/2026,189.3967976648124,192.47958012626398,187.82048449119816,188.40911865234375,188.40911865234375,148240500
05/01/2026,191.31233377676458,193.1779786425506,185.7154296257417,187.6808319091797,187.6808319091797,183529700
06/01/2026,190.07522846701318,191.72137039337454,186.3838692947835,186.80288696289062,186.80288696289062,176862600
07/01/2026,188.1297701943655,190.92322111221242,186.12445301449551,188.6685028076172,188.6685028076172,153543200
08/01/2026,188.66852284990722,189.10749810453436,183.28113525242415,184.60801696777344,184.60801696777344,172457000
09/01/2026,184.64792389684447,185.9049768874807,183.2412119543349,184.42843627929688,184.42843627929688,131327500
12/01/2026,182.79226917353867,186.6831584288149,182.59273912358015,184.5082550048828,184.5082550048828,137968500
13/01/2026,184.5681140987238,187.6708543554723,182.97184323887342,185.376220703125,185.376220703125,160128900
14/01/2026,183.88970125566945,184.02937380837906,180.37791464347094,182.7124481201172,182.7124481201172,159586100
15/01/2026,186.06460797964908,189.25713440169068,185.895006678512,186.6133270263672,186.6133270263672,206188600
16/01/2026,188.63857958929228,189.99540517049002,185.6455833269296,185.79522705078125,185.79522705078125,187967200
20/01/2026,181.47532662721457,181.95421697054311,177.19534884297914,177.65428161621094,177.65428161621094,223345300
21/01/2026,178.6320081827799,184.94723253133864,177.9835164834521,182.8920440673828,182.8920440673828,200381000
22/01/2026,184.31869154642928,185.7353746560278,183.5005985718231,184.40847778320312,184.40847778320312,139636600
23/01/2026,187.06227125943187,189.15737478680413,186.38386606278428,187.23187255859375,187.23187255859375,142748100
26/01/2026,186.7230748442759,188.6784906596197,185.55580805974404,186.03468322753906,186.03468322753906,124799600
27/01/2026,186.80288446054914,189.55643562401056,185.2664711415707,188.07989501953125,188.07989501953125,143711600
28/01/2026,190.82347487286611,191.9009553855833,189.3968053634026,191.07289123535156,191.07289123535156,148552700
29/01/2026,190.8932954336949,193.02829879699948,185.625623299501,192.06056213378906,192.06056213378906,171764400
30/01/2026,190.7636071727618,194.03594845559672,189.0276639024229,190.6837921142578,190.6837921142578,179489500
02/02/2026,186.7629812920276,189.8557504766133,184.4484052141589,185.17669677734375,185.17669677734375,165794100
03/02/2026,185.8052108647954,185.8351396091497,175.81857039871747,179.91897583007812,179.91897583007812,204019600
04/02/2026,179.04104143486663,179.16075641282603,171.50866453387607,173.78334045410156,173.78334045410156,207014100
05/02/2026,174.5215964583249,176.40719862825284,170.6307075914073,171.47872924804688,171.47872924804688,206312900
06/02/2026,176.277498975506,186.56342663955238,174.1923819783884,184.97714233398438,184.97714233398438,231346200
09/02/2026,183.8298238555102,193.20788788877485,183.5205500126207,189.59632873535156,189.59632873535156,196387400
10/02/2026,190.93321971968697,192.0306425866914,187.6808205923615,188.09983825683594,188.09983825683594,136764800
11/02/2026,192.0007297023972,192.80883635229745,188.32932783046314,189.60633850097656,189.60633850097656,144192700
12/02/2026,192.5793648877844,193.1580126884611,186.07458174632154,186.5035858154297,186.5035858154297,189932500
13/02/2026,187.04232046551596,187.0622780376601,181.16607138035295,182.3832244873047,182.3832244873047,161888000
17/02/2026,181.32570855160378,186.71309627900055,178.7617008539599,184.53819274902344,184.53819274902344,162276900
18/02/2026,188.3093443160685,189.92555739322245,186.3239846890322,187.5411376953125,187.5411376953125,164749100
19/02/2026,186.62329889395997,187.9900957055448,185.22657333636724,187.46133422851562,187.46133422851562,126554500
20/02/2026,186.13444888465776,189.88566546751952,185.5059147845697,189.37686157226562,189.37686157226562,178422300
23/02/2026,190.9531700210539,193.49722008283115,189.13742673270812,191.1028289794922,191.1028289794922,171584800
24/02/2026,191.04296985904048,193.31764595479845,186.96250644177093,192.39979553222656,192.39979553222656,175123600
25/02/2026,193.9960453222018,197.16862939564908,193.33758246616242,195.10345458984375,195.10345458984375,250637100
26/02/2026,193.81648130196652,193.83642365132246,183.8897126034445,184.4583740234375,184.4583740234375,360807900
27/02/2026,180.82687141264745,182.16373952566906,175.96824531148394,176.77635192871094,176.77635192871094,311636500
02/03/2026,174.6014235260267,183.03170868955394,174.23229218389588,182.05398559570312,182.05398559570312,209095300
03/03/2026,178.07331350693755,180.4776756968921,176.50697142699124,179.62966918945312,179.62966918945312,178099400
04/03/2026,180.01876499488523,184.26881453838726,179.63964723402094,182.61268615722656,182.61268615722656,177731200
05/03/2026,180.74705501791135,183.6303076754259,177.4647422536165,182.9119873046875,182.9119873046875,198779700
06/03/2026,179.42013451476103,182.33331553635475,176.40719609116329,177.4048614501953,177.4048614501953,189021900
09/03/2026,176.4171820751478,182.48298979408452,175.1501427003192,182.2235870361328,182.2235870361328,177213600
10/03/2026,181.97417604353973,186.00475307627937,181.5850871183009,184.33865356445312,184.33865356445312,179118500
11/03/2026,185.4860219488843,187.1921136401388,184.02934488988058,185.60574340820312,185.60574340820312,145280400
12/03/2026,183.63026415055788,184.5182338343672,181.3355064165816,182.7223358154297,182.7223358154297,155762700
13/03/2026,184.49829181300376,185.66562182453413,179.52965286608148,179.8389434814453,179.8389434814453,160988400
16/03/2026,182.55272468439094,188.44925014875608,180.99628481489137,182.80215454101562,182.80215454101562,217307400
17/03/2026,184.63797319169822,184.9771941770484,181.2656763194747,181.51510620117188,181.51510620117188,182497800
18/03/2026,182.06384475172882,182.96180140975886,179.91875397930713,179.98858642578125,179.98858642578125,156683100
19/03/2026,177.6040222894031,179.56953069628346,175.3890840362079,178.15277099609375,178.15277099609375,170968500
20/03/2026,177.59406866914642,177.85347025510498,171.32839150930033,172.30615234375,172.30615234375,241323500
23/03/2026,176.85574153065542,177.96321071223454,174.36144294367455,175.23944091796875,175.23944091796875,182836300
24/03/2026,174.4312942297872,175.81812366395545,173.58322660302642,174.80044555664062,174.80044555664062,147667800
25/03/2026,176.69612335614488,180.8067226806179,176.44669348987364,178.2725067138672,178.2725067138672,162602100
26/03/2026,175.66847416549638,176.10745794358192,170.74970926821888,170.8494873046875,170.8494873046875,186152200
27/03/2026,169.61230999497113,170.58009909933227,166.629123297364,167.13796997070312,167.13796997070312,196212700
30/03/2026,168.3950875250076,169.0635577295173,163.89537828689438,164.79331970214844,164.79331970214844,185627000
31/03/2026,166.58921042239905,174.22175778800025,166.57923870897636,174.00225830078125,174.00225830078125,226181300
01/04/2026,175.5986119754623,176.9654826629128,174.35146274268203,175.34918212890625,175.34918212890625,168132000
02/04/2026,171.78733317216196,177.0852364118599,170.97918282725632,176.98545837402344,176.98545837402344,143143200
06/04/2026,176.75597747742694,177.3845303646084,175.35916114415525,177.23487854003906,177.23487854003906,107564300
07/04/2026,175.32922705160684,177.8235255680002,173.26395579650787,177.69383239746094,177.69383239746094,132534900
08/04/2026,184.079243714486,184.83750503722598,179.8888249511496,181.66476440429688,181.66476440429688,147732700
09/04/2026,181.42531387192042,183.66021107746678,180.2080948395415,183.4906005859375,183.4906005859375,116428500
10/04/2026,183.88967366981893,189.56669990817062,183.87970195572368,188.1998291015625,188.1998291015625,160459500
13/04/2026,185.605746824658,189.2274732756209,185.3164148846483,188.87826538085938,188.87826538085938,133648200
14/04/2026,190.40477641072036,196.0618438720703,190.33494396561244,196.0618438720703,196.0618438720703,161307000
15/04/2026,196.09178511161633,199.94298301571828,195.2936216855987,198.41647338867188,198.41647338867188,185338400
16/04/2026,196.97974400923295,199.39423847906178,195.36344336942167,197.8976593017578,197.8976593017578,134012900
17/04/2026,199.44410763257105,201.2400056483541,198.8155547450397,201.2200469970703,201.2200469970703,160324400
20/04/2026,199.52392392325544,201.70893187328167,197.38880498867078,201.59918212890625,201.59918212890625,119381400
21/04/2026,201.66904795828867,202.28762917830338,198.54618104306965,199.42417907714844,199.42417907714844,107945300
22/04/2026,200.53164182940822,202.03819274902344,198.54617460274403,202.03819274902344,202.03819274902344,107501000
23/04/2026,201.99828375930824,203.3651545152774,196.77022843278436,199.18470764160156,199.18470764160156,113561800
24/04/2026,199.50398270942756,210.46890943516505,199.35431566144254,207.79502868652344,207.79502868652344,214134400
27/04/2026,209.17187844164343,216.33551207209098,206.90706623150768,216.1160125732422,216.1160125732422,187172400
28/04/2026,209.01225288404052,214.2402930542568,207.72518626919629,212.68385314941406,212.68385314941406,180275400
29/04/2026,212.2149257168926,212.23488436877426,207.10660696252424,208.77279663085938,208.77279663085938,123711800
30/04/2026,209.45122654333912,209.82039307402036,198.24684193288383,199.1148681640625,199.1148681640625,225239200
01/05/2026,200.82098460367052,202.5370634031337,196.6704677294345,197.9974365234375,197.9974365234375,128647000
04/05/2026,199.04502180842945,201.2699318245734,194.29588290907526,198.02734375,198.02734375,125368100
05/05/2026,198.84548202478717,199.7833407086998,195.58293528206713,196.05186462402344,196.05186462402344,113406600
06/05/2026,199.43413852494058,207.7950323152332,198.15705885791613,207.3560333251953,207.3560333251953,188362800
07/05/2026,207.86487247229027,213.7115092245668,206.02907228582575,211.01766967773438,211.01766967773438,168307900
08/05/2026,212.5441790763045,217.30330524675068,212.40449895841255,214.709228515625,214.709228515625,136421400
11/05/2026,213.55186573785767,221.79303819063418,213.40221390900197,218.93955993652344,218.93955993652344,160685800
12/05/2026,218.05159434962442,223.23973257586303,214.42986778297353,220.27650451660156,220.27650451660156,159176600
13/05/2026,224.41703053540263,227.32039781394542,221.0647077692387,225.3149871826172,225.3149871826172,150405400
14/05/2026,229.32582552778115,236.00055597235212,228.77707677625682,235.202392578125,235.202392578125,180782900
15/05/2026,229.23601388526635,230.97205119780003,223.72861351776262,224.80615234375,224.80615234375,180977600
18/05/2026,229.34577348371204,229.4754818886306,217.8719993892805,221.81300354003906,221.81300354003906,146280900
19/05/2026,219.11914008419038,223.96805720569674,217.41304835521052,220.1068878173828,220.1068878173828,140948200
20/05/2026,222.6710257508039,225.61431038954527,219.9971448577806,222.9603729248047,222.9603729248047,184201600
21/05/2026,221.78305837384474,226.8814055684356,217.43300079554024,219.0093994140625,219.0093994140625,203381800
22/05/2026,220.39621757095847,220.50596731800164,214.3101381389001,214.83892822265625,214.83892822265625,169275700
26/05/2026,216.04617181279934,217.68243116855118,211.5165320236786,214.37001037597656,214.37001037597656,187202600
27/05/2026,213.63168066177133,213.66161102691768,208.30386252985457,212.1151580810547,212.1151580810547,167601200
28/05/2026,210.79817024571656,215.0285063161196,210.73830951283205,213.7613983154297,213.7613983154297,143996000
29/05/2026,214.09065053210412,217.36316924965476,210.64852132770383,210.6584930419922,210.6584930419922,289410600
01/06/2026,215.23801892090273,224.35717434911126,215.20808855445495,223.8483428955078,223.8483428955078,212850700
02/06/2026,226.66188583823322,231.75026086454594,220.84519513709748,222.3118438720703,222.3118438720703,193362900
03/06/2026,221.2143597561905,222.31185725112735,214.02079575535723,214.26025390625,214.26025390625,160907000
04/06/2026,213.67091279390368,221.35231998810906,210.73419644348996,218.4156036376953,218.4156036376953,169022200
05/06/2026,214.2902104723603,214.62982678346356,204.10161444712602,204.87075805664062,204.87075805664062,219655500
08/06/2026,209.94507132882276,210.23475572682116,205.76975069388217,208.40679931640625,208.40679931640625,138372800
09/06/2026,210.3845825512031,211.16370951624515,199.11719156565087,207.95730590820312,207.95730590820312,180962500
10/06/2026,204.20149632565034,206.98838641050182,199.696542748819,200.19598388671875,200.19598388671875,161746600
11/06/2026,201.26479475008583,205.43013200106668,199.31696212361035,204.64100646972656,204.64100646972656,158643200
12/06/2026,204.6310298517525,206.83856645475237,203.21261880599855,204.96066284179688,204.96066284179688,112001800
15/06/2026,208.68648640498938,212.47225882321928,208.10713284720606,212.21253967285156,212.21253967285156,149936700
16/06/2026,210.94395209283806,211.25361840198772,207.05830064217733,207.1781768798828,207.1781768798828,125694100
17/06/2026,208.29691745433288,208.9761653200819,202.8530121596522,204.42124938964844,204.42124938964844,128363500
18/06/2026,207.09826842291386,211.1537281092123,206.26919428756833,210.4545135498047,210.4545135498047,241272000
22/06/2026,211.2036686200953,213.7508214450341,207.48782537372824,208.41677856445312,208.41677856445312,122041400
23/06/2026,201.94403040148535,203.54224815949766,199.77645766483005,199.81640625,199.81640625,153496200
24/06/2026,199.89631590195674,201.44458647582786,196.36027935647695,198.77757263183594,198.77757263183594,151810700
25/06/2026,199.85637045714446,200.5755669254449,191.9152592982058,195.52122497558594,195.52122497558594,149550000
26/06/2026,192.90414096411192,195.33143282930595,191.0062707295152,192.31480407714844,192.31480407714844,179304100
29/06/2026,193.63333194293918,195.96071419295149,189.58785574691487,194.7520751953125,194.7520751953125,148835700
30/06/2026,197.0195429632178,200.4057532237791,194.89191886651452,199.86634826660156,199.86634826660156,166476700
01/07/2026,195.98069896251877,199.62662840490702,193.23377271109229,197.35916137695312,197.35916137695312,146147600
02/07/2026,196.9196593659626,199.8363939026278,192.1350197738411,194.61224365234375,194.61224365234375,142068700
06/07/2026,194.20269428466304,197.32920075051607,193.77318221313826,195.33143615722656,195.33143615722656,108999000
07/07/2026,192.15498377986222,198.18824142626735,190.92636281467173,196.7098846435547,196.7098846435547,124154600
08/07/2026,194.9618356993413,204.93069180759116,194.84197470333905,203.891845703125,203.891845703125,147419100
09/07/2026,204.23147485952867,204.36131918975943,198.73762239526957,202.5533447265625,202.5533447265625,132037400
10/07/2026,201.7742207048944,210.7641612313501,201.69430829342895,210.72421264648438,210.72421264648438,148421000
13/07/2026,208.3069001369788,210.33464515051216,202.77309911383117,203.30250549316406,203.30250549316406,121411000
14/07/2026,207.96729575339148,212.31243993744155,203.57221964678251,211.5632781982422,211.5632781982422,124379600
15/07/2026,211.7230919717581,213.57101502024952,205.80969553973085,212.26248168945312,212.26248168945312,124797200
16/07/2026,209.93509060438328,210.84407715298516,205.61992700554663,207.16818237304688,207.16818237304688,122986100
17/07/2026,202.41350482950477,206.41901728963356,197.74872640584337,202.58331298828125,202.58331298828125,144281900
20/07/2026,205.63989694335598,207.50781723343968,202.05391309694542,203.05279541015625,203.05279541015625,88701500
21/07/2026,207.30802440628602,208.4167843613107,203.78197113093626,207.0583038330078,207.0583038330078,108685600
22/07/2026,205.57996827489498,214.15038042761168,204.72092886821054,211.82298278808594,211.82298278808594,137645600
23/07/2026,209.22588688656515,210.63429930291466,205.72979894313582,208.5266571044922,208.5266571044922,110505300
24/07/2026,207.21812923496972,211.6731509810223,204.5810805834776,206.6088104248047,206.6088104248047,114836800
27/07/2026,207.96729627325774,208.51668459839084,195.22156333884286,196.2903594970703,196.2903594970703,154353700
28/07/2026,194.78204700134697,198.47790843456414,192.52457850774027,196.789794921875,196.789794921875,134111500
29/07/2026,195.63110696844683,196.84974460884015,189.79762268066406,189.79762268066406,189.79762268066406,147680800
30/07/2026,193.23377181769484,197.02952748682713,191.3059363552755,194.82199096679688,194.82199096679688,129010200
31/07/2026,198.2182038580375,201.77422236802423,194.73209918257555,200.52561950683594,200.52561950683594,139961200
03/08/2026,197.46904862701152,208.50670133078404,196.62999113475112,206.40904235839844,206.40904235839844,128406900
04/08/2026,211.06382570110384,212.82185300096492,208.8163406042335,211.70310974121094,211.70310974121094,134922000
05/08/2026,216.6176127852948,221.9716224388697,216.15812022814887,218.9749755859375,218.9749755859375,158187400
06/08/2026,221.28239358061882,223.38005249670454,216.75745800384053,218.7452392578125,218.7452392578125,113940600
07/08/2026,221.29237770419127,224.50877992471257,220.41337164588714,223.70968627929688,223.70968627929688,105669400
10/08/2026,223.15029107269072,223.88946943306019,216.5277120448001,217.3068389892578,217.3068389892578,115846600
11/08/2026,221.92167541427946,221.9516406634887,215.95834695389817,217.25689697265625,217.25689697265625,101273100
12/08/2026,220.7929293559802,224.84840415873398,219.95387191061064,223.8395233154297,223.8395233154297,108783600
13/08/2026,224.80845001468583,226.97602279610956,223.45996804263754,225.04818725585938,225.04818725585938,98867200
14/08/2026,226.51654155338588,227.23573802273873,224.24907448357243,224.90834045410156,224.90834045410156,75680900
17/08/2026,225.72741618855906,227.66525027466162,224.60867289832842,224.7584991455078,224.7584991455078,93678700
18/08/2026,220.20359791537197,221.39227027986857,218.44557057093272,219.49440002441406,219.49440002441406,103128200
19/08/2026,221.4222404106533,222.62089613745684,216.51772459764655,217.31683349609375,217.31683349609375,96797300
20/08/2026,218.1159423024499,219.6142657707553,215.41896310784705,216.60763549804688,216.60763549804688,92457000
21/08/2026,218.17587248780362,218.49552214328025,214.26025565862156,214.48001098632812,214.48001098632812,98869300
24/08/2026,215.28910206110334,215.34903256074918,207.01835779182306,208.24697875976562,208.24697875976562,135187300
25/08/2026,210.79412790131315,214.48998931653267,209.87515802586688,212.81187438964844,212.81187438964844,122309000
26/08/2026,212.40232405945306,213.3612577394914,208.99613188036045,209.4256591796875,209.4256591796875,179900000
27/08/2026,222.61090164325523,230.21239627098788,220.6530857022795,227.7251739501953,227.7251739501953,298909800
28/08/2026,227.10587153371227,229.00374173344596,216.56766062888835,217.3068389892578,217.3068389892578,195116400
31/08/2026,218.62536478578363,221.05265670783686,215.96834944345454,220.53323364257812,220.53323364257812,124702700
01/09/2026,216.50774446342592,220.1636574397174,214.8595947199138,217.1969757080078,217.1969757080078,109756200
02/09/2026,218.5454508199983,227.6952163087265,218.23579974693772,224.1591796875,224.1591796875,157104700
03/09/2026,225.76737972053164,230.14247379152744,224.49879494304554,228.1946563720703,228.1946563720703,134681600
04/09/2026,230.83170360414334,234.49759976142684,229.37334400327853,230.10252380371094,230.10252380371094,135352400
08/09/2026,232.84944771666764,233.44878317831424,224.59868561283858,225.47769165039062,225.47769165039062,122965600
09/09/2026,225.0281992525124,225.92718720955042,223.21024142511232,223.4199981689453,223.4199981689453,82955500
10/09/2026,220.52999877929688,220.99000549316406,217.1999969482422,218.36000061035156,218.36000061035156,105768000
11/09/2026,221.24000549316406,222.0,218.14999389648438,218.2899932861328,218.2899932861328,89060100
14/09/2026,211.24000549316406,212.77000427246094,208.92999267578125,210.9600067138672,210.9600067138672,132267200
15/09/2026,213.3800048828125,213.94000244140625,211.16000366210938,212.1699981689453,212.1699981689453,88059700
16/09/2026,214.13999938964844,216.75999450683594,212.5,213.89999389648438,213.89999389648438,96563600
17/09/2026,218.3800048828125,219.91000366210938,217.14999389648438,219.33999633789062,219.33999633789062,94191300
18/09/2026,219.35000610351562,222.72999572753906,218.02999877929688,222.27000427246094,222.27000427246094,190287400
21/09/2026,222.94000244140625,228.5,221.55999755859375,227.3800048828125,227.3800048828125,109806100
22/09/2026,226.85000610351562,229.97999572753906,226.5,228.8699951171875,228.8699951171875,95746700
23/09/2026,228.02999877929688,228.9499969482422,224.02000427246094,225.50999450683594,225.50999450683594,89547300
24/09/2026,222.0800018310547,224.94000244140625,221.08999633789062,224.5800018310547,224.5800018310547,77469900
25/09/2026,225.1300048828125,226.94000244140625,223.1300048828125,225.07000732421875,225.07000732421875,89947700
28/09/2026,229.75,233.2100067138672,228.0399932861328,228.86000061035156,228.86000061035156,142344300
29/09/2026,230.97000122070312,232.82000732421875,227.02999877929688,227.2100067138672,227.2100067138672,101494900
30/09/2026,229.27000427246094,232.3699951171875,228.1699981689453,228.3800048828125,228.3800048828125,121732200
01/10/2026,229.97999572753906,232.2899932861328,228.16000366210938,230.86000061035156,230.86000061035156,98591400
02/10/2026,236.05999755859375,237.8800048828125,233.60000610351562,233.9499969482422,233.9499969482422,135167800
05/10/2026,236.08999633789062,240.10000610351562,235.14999389648438,238.89999389648438,238.89999389648438,127171500
06/10/2026,242.10000610351562,243.3699951171875,238.92999267578125,239.24000549316406,239.24000549316406,101701900
07/10/2026,237.69000244140625,239.0800018310547,236.3800048828125,237.47000122070312,237.47000122070312,81485100
