Date,Open,High,Low,Close,Adj Close,Volume
21/06/2006,0.9922361980316561,0.9926443249436375,0.9810863658340939,0.9824457168579102,0.9824457168579102,1523200
22/06/2006,0.9790464424537252,0.9808139203623983,0.9488595755197525,0.9593297839164734,0.9593297839164734,13612800
23/06/2006,0.9552499389841156,0.9730633188515028,0.9447798346408992,0.9564744234085083,0.9564744234085083,3411200
26/06/2006,0.9586499855692426,0.9654485037200863,0.9518506374705077,0.9600093364715576,0.9600093364715576,3622400
27/06/2006,0.9613696530778802,0.9613696530778802,0.924111008644104,0.924111008644104,0.924111008644104,6393600
28/06/2006,0.9280544074502485,0.9374375932822467,0.9167687730656644,0.9353976845741272,0.9353976845741272,6374400
29/06/2006,0.9470912641226144,0.9919645786285399,0.9427399507666041,0.99196457862854,0.99196457862854,11289600
30/06/2006,0.9994436736501109,0.9994436736501109,0.9814944927460754,0.9824457168579102,0.9824457168579102,15168000
03/07/2006,0.9899246726318862,0.9946841124044562,0.9880213946915769,0.9938677549362183,0.9938677549362183,2380800
05/07/2006,0.97564703378585,0.9760551606290968,0.9519863624557895,0.9547058939933777,0.9547058939933777,9900800
06/07/2006,0.9593297988649563,0.9668087712133528,0.9457319313967697,0.949131190776825,0.949131190776825,5369600
07/07/2006,0.9321342321483091,0.9504915432815473,0.9226152459826328,0.9283268451690674,0.9283268451690674,4588800
10/07/2006,0.9368933984629887,0.940564154156692,0.9048024265631146,0.9129611253738403,0.9129611253738403,7987200
11/07/2006,0.906161983657903,0.9305023891524182,0.8996350646213209,0.927918553352356,0.927918553352356,10604800
12/07/2006,0.9222077761861246,0.9246549814893563,0.8865809113423966,0.8912046551704407,0.8912046551704407,14598400
13/07/2006,0.8954192942534709,0.8954192942534709,0.8607454188641133,0.8627844452857971,0.8627844452857971,26745600
14/07/2006,0.8593852172953808,0.8614251256107843,0.836269247658206,0.8451076745986938,0.8451076745986938,13856000
17/07/2006,0.851906250755371,0.8566657434959701,0.8381726334321322,0.8491867184638977,0.8491867184638977,9868800
18/07/2006,0.8566656736861754,0.859385257627783,0.8253910030110557,0.8539460897445679,0.8539460897445679,26054400
19/07/2006,0.8519058468455634,0.8848131160361468,0.8513619717681855,0.872438907623291,0.872438907623291,16940800
20/07/2006,0.8825020424603072,0.8825020424603072,0.8478272829874026,0.8486427068710327,0.8486427068710327,12019200
21/07/2006,0.8339569211015535,0.8430677261508879,0.8283820053775642,0.8294698596000671,0.8294698596000671,18630400
24/07/2006,0.8361327634768102,0.8629212574663913,0.8361327634768102,0.8600650429725647,0.8600650429725647,15334400
25/07/2006,0.8641447465695075,0.8784222907369398,0.8535380106873487,0.8684960603713989,0.8684960603713989,21683200
26/07/2006,0.8648243491735812,0.8837255841188281,0.8539460655866442,0.8702635169029236,0.8702635169029236,23500800
27/07/2006,0.8886208450148593,0.8906607534149233,0.8539460851079479,0.8614251613616943,0.8614251613616943,12038400
28/07/2006,0.8709431881313333,0.8958274126052856,0.8655039688809401,0.8958274126052856,0.8958274126052856,6752000
31/07/2006,0.8893005159209462,0.9035780064314598,0.8831816210574378,0.894059956073761,0.894059956073761,9958400
01/08/2006,0.8777426061688793,0.8777426061688793,0.8539460784124161,0.8634650111198425,0.8634650111198425,15609600
02/08/2006,0.8736627120806031,0.8933803031436234,0.8716236338249712,0.8793742060661316,0.8793742060661316,13939200
03/08/2006,0.8641446385223637,0.9028983828196043,0.8634649630387626,0.894059956073761,0.894059956073761,19961600
04/08/2006,0.9106489713649263,0.9178564468102335,0.8690398942218265,0.8859012722969055,0.8859012722969055,18816000
07/08/2006,0.8797825907021252,0.8831817466798062,0.8668643455778516,0.8751588463783264,0.8751588463783264,17017600
08/08/2006,0.878422347178315,0.883861515716039,0.8553064255464208,0.8641448020935059,0.8641448020935059,28838400
09/08/2006,0.8758383441394695,0.9001787457862094,0.8607454298105192,0.8637365102767944,0.8637365102767944,28825600
10/08/2006,0.8644163238496315,0.8814142826227432,0.855306398945853,0.8747507333755493,0.8747507333755493,23283200
11/08/2006,0.866184413433075,0.87094307477705,0.8573451581002131,0.866184413433075,0.866184413433075,13305600
14/08/2006,0.8769262747586054,0.8974592920668301,0.8718953374586471,0.874070942401886,0.874070942401886,19321600
15/08/2006,0.9027626439335015,0.9314543608257776,0.8905241271704198,0.9196239709854126,0.9196239709854126,22054400
16/08/2006,0.9314542470913109,0.9643606433316909,0.9260150798776948,0.9634085893630981,0.9634085893630981,31040000
17/08/2006,0.9647688924192743,0.9831263045456105,0.9572899198417117,0.9695284366607666,0.9695284366607666,44345600
18/08/2006,0.966128096892737,0.972791643842516,0.948451246699328,0.9681679010391235,0.9681679010391235,16934400
21/08/2006,0.9523944677647251,0.9598735424261593,0.9457317505148044,0.950491189956665,0.950491189956665,16275200
22/08/2006,0.9604175288594504,0.9719755914678119,0.944915553603037,0.9529385566711426,0.9529385566711426,16268800
23/08/2006,0.955386691941141,0.9649047434905482,0.9300942330694476,0.9368935823440552,0.9368935823440552,18598400
24/08/2006,0.9477718911287045,0.9484515148058655,0.9287348548926005,0.9441002011299133,0.9441002011299133,18432000
25/08/2006,0.9341741559208089,0.9625934472320028,0.9341741559208089,0.9477720260620117,0.9477720260620117,15257600
28/08/2006,0.9450522489009427,0.9668088171347333,0.9450522489009427,0.9613697528839111,0.9613697528839111,16588800
29/08/2006,0.9600093918403357,0.9688478186740448,0.9405642303452214,0.9674884676933289,0.9674884676933289,26617600
30/08/2006,0.9684406106420547,0.977006607851264,0.9600094799853283,0.976055383682251,0.976055383682251,22585600
31/08/2006,0.975647222572308,0.9809505902041908,0.9688478736952814,0.9749675989151001,0.9749675989151001,9395200
01/09/2006,0.9885653191457977,0.9892449427015497,0.9748308232028189,0.983805775642395,0.983805775642395,18496000
05/09/2006,0.9850292913875459,1.0031141639925176,0.9708875005214713,1.0014824867248535,1.0014824867248535,21452800
06/09/2006,0.9831262951297852,0.9882930325548867,0.9586500916740858,0.9624574780464172,0.9624574780464172,23398400
07/09/2006,0.9572900604596103,0.9726554085918676,0.9464117230563989,0.9538908004760742,0.9538908004760742,27027200
08/09/2006,0.9586499794159056,0.9693916836724243,0.9518506313608139,0.9634085893630981,0.9634085893630981,13990400
11/09/2006,0.9495392759912467,0.9854376362313547,0.9436919815999708,0.9763268828392029,0.9763268828392029,26662400
12/09/2006,0.9797265148445989,1.0195689065470483,0.9776874357503431,1.014265537261963,1.014265537261963,19027200
13/09/2006,1.0171204537477083,1.0286784120148789,1.0082820272779294,1.025958776473999,1.025958776473999,22579200
14/09/2006,1.0163051286058284,1.0312623489835462,1.0163051286058284,1.0248712301254272,1.0248712301254272,15187200
15/09/2006,1.049075378090882,1.1099937473613806,1.0289504948314987,1.0347977876663208,1.0347977876663208,15891200
18/09/2006,1.0368372516990212,1.048531841725297,1.023919940756101,1.0339819192886353,1.0339819192886353,13184000
19/09/2006,1.0334377030302975,1.0375175188556462,1.0046101929139073,1.021471619606018,1.021471619606018,20812800
20/09/2006,1.0440446713318314,1.0572344119984747,1.0384689771087923,1.051795244216919,1.051795244216919,21785600
21/09/2006,1.0579140398749871,1.0626734798193322,1.0334378390320953,1.0381972789764404,1.0381972789764404,50976000
22/09/2006,1.0347982169286722,1.0347982169286722,1.013041647449708,1.020248293876648,1.020248293876648,18214400
25/09/2006,1.0318060370083433,1.0606335503395865,1.0120893802492141,1.0579140186309814,1.0579140186309814,37670400
26/09/2006,1.05519462874463,1.0694722254092428,1.048803406137235,1.0666168928146362,1.0666168928146362,24934400
27/09/2006,1.0649848780839486,1.0746395581368444,1.0517951387400086,1.0611774921417236,1.0611774921417236,27929600
28/09/2006,1.0698803243868908,1.072191729704034,1.0475798277907318,1.0674331188201904,1.0674331188201904,14444800
29/09/2006,1.0728720626183645,1.0732793595383088,1.057914015800154,1.0592741966247559,1.0592741966247559,12473600
02/10/2006,1.0545146683894258,1.0614498159999417,1.0288149196023464,1.033437728881836,1.033437728881836,22822400
03/10/2006,1.0239194629034494,1.049075279314593,1.0176639401286376,1.040780782699585,1.040780782699585,20364800
04/10/2006,1.038876941416896,1.0912284951782623,1.0322142238796825,1.0885089635849,1.0885089635849,27206400
05/10/2006,1.0912285871282659,1.1048264537278327,1.0859260499148482,1.1027873754501343,1.1027873754501343,21580800
06/10/2006,1.0895969362058622,1.1048265859679167,1.0882375851058548,1.0966678857803345,1.0966678857803345,21766400
09/10/2006,1.096123834286085,1.1136657172198239,1.0919091512726065,1.1021069288253784,1.1021069288253784,12217600
10/10/2006,1.105507243728061,1.1143455683964987,1.0915012472941916,1.1082267761230469,1.1082267761230469,16710400
11/10/2006,1.0959881381510173,1.1177447061645946,1.0795349378357642,1.1041468381881714,1.1041468381881714,23334400
12/10/2006,1.1163851917474161,1.1408613920211792,1.1121696790024322,1.1408613920211792,1.1408613920211792,26284800
13/10/2006,1.1408616383933585,1.155139131029778,1.1347419126706977,1.149564266204834,1.149564266204834,21683200
16/10/2006,1.1524196979292596,1.1605783992367846,1.149291934673527,1.1517400741577148,1.1517400741577148,17868800
17/10/2006,1.1414054564429799,1.1414054564429799,1.1136657940429264,1.129302740097046,1.129302740097046,35289600
18/10/2006,1.1418129013941127,1.1430373860464755,1.1074105159353302,1.1136659383773804,1.1136659383773804,36768000
19/10/2006,1.1084983598232199,1.1320225139973603,1.1041470454038915,1.123184084892273,1.123184084892273,36089600
20/10/2006,1.1241359054954294,1.1260391837002102,1.1076827055124796,1.1259034872055054,1.1259034872055054,21696000
23/10/2006,1.1177448066357303,1.1563628091066627,1.1163854554385977,1.1460283994674683,1.1460283994674683,34579200
24/10/2006,1.1429005281180438,1.1487478224253906,1.1205999313255919,1.1351499557495117,1.1351499557495117,31315200
25/10/2006,1.134470038345884,1.1520110883813295,1.1272633943009451,1.1490199565887451,1.1490199565887451,24864000
26/10/2006,1.1544594458372315,1.173632178564521,1.1361021370299704,1.1673767566680908,1.1673767566680908,30323200
27/10/2006,1.1627539554293163,1.166969468893434,1.1272637183367131,1.1343345642089844,1.1343345642089844,31724800
30/10/2006,1.132702916412129,1.1571790177661854,1.125903567104732,1.1476601362228394,1.1476601362228394,28748800
31/10/2006,1.1592182069579027,1.1626182969100318,1.1389576172465128,1.1544595956802368,1.1544595956802368,27744000
01/11/2006,1.162618345147242,1.164113496743727,1.1128496742425482,1.123184084892273,1.123184084892273,37939200
02/11/2006,1.1204637699132438,1.1295745193941886,1.1091773128700766,1.1242711544036865,1.1242711544036865,29440000
03/11/2006,1.1327027158639422,1.1327027158639422,1.1008832398968205,1.1177445650100708,1.1177445650100708,42656000
06/11/2006,1.1293026009711937,1.1577227134660266,1.1273993230119235,1.1429004669189453,1.1429004669189453,28524800
07/11/2006,1.1530989186108633,1.1790709926144862,1.1463004015262919,1.1660170555114746,1.1660170555114746,34387200
08/11/2006,1.1514671011310766,1.1864133991689676,1.1452125112583236,1.1817905902862549,1.1817905902862549,41382400
09/11/2006,1.1904936293244803,1.1932131615114654,1.1564985432956407,1.1653378009796143,1.1653378009796143,32851200
10/11/2006,1.1671051304052036,1.1782549619674683,1.1571788495612023,1.1782549619674683,1.1782549619674683,24953600
13/11/2006,1.1770311649213308,1.2032748411170422,1.1743116334101282,1.1972918510437012,1.1972918510437012,28505600
14/11/2006,1.1993319661305537,1.2278879880905151,1.1875016793859152,1.2278879880905151,1.2278879880905151,32083200
15/11/2006,1.2269359904847295,1.2510039658234762,1.2251684085807162,1.2356386184692383,1.2356386184692383,40307200
16/11/2006,1.2414857022315622,1.251411879467556,1.2306073672335287,1.2482842206954956,1.2482842206954956,26201600
17/11/2006,1.231966948959436,1.2455648183822632,1.2259839569589794,1.2455648183822632,1.2455648183822632,24064000
20/11/2006,1.235366081015419,1.2553551710848587,1.230063543249669,1.2503241300582886,1.2503241300582886,20883200
21/11/2006,1.2516838162966857,1.2554912034461219,1.2425738904011459,1.2537236213684082,1.2537236213684082,25177600
22/11/2006,1.258618345854856,1.2707202298670095,1.2427090762578346,1.2694966793060303,1.2694966793060303,20697600
24/11/2006,1.2489637630961044,1.2748001442028474,1.2489637630961044,1.2614737749099731,1.2614737749099731,15078400
27/11/2006,1.248963941493835,1.2598422773383617,1.2034117271249356,1.2046353816986084,1.2046353816986084,55340800
28/11/2006,1.1966122175953535,1.2155134506744083,1.1877737913627524,1.2081701755523682,1.2081701755523682,44339200
29/11/2006,1.2292473392245191,1.2350946343451679,1.2058589886899564,1.2278879880905151,1.2278879880905151,36140800
30/11/2006,1.229247060736302,1.238765940053444,1.2137459173549918,1.2240803241729736,1.2240803241729736,44883200
01/12/2006,1.2269355491775842,1.2299265772058023,1.1831499945496597,1.2077627182006836,1.2077627182006836,59769600
04/12/2006,1.2126583180745214,1.2476046280828033,1.2069468232943177,1.2380857467651367,1.2380857467651367,33427200
05/12/2006,1.2452929877072372,1.252771129177464,1.23332690317135,1.2440685033798218,1.2440685033798218,24160000
06/12/2006,1.241485909939749,1.2437973153099264,1.2268001863584397,1.2349588871002197,1.2349588871002197,23872000
07/12/2006,1.2414855157205171,1.2476043059110076,1.2040911799429266,1.204770803451538,1.204770803451538,42233600
08/12/2006,1.1972920557259932,1.2353660221091256,1.1923968151741842,1.2170095443725586,1.2170095443725586,46950400
11/12/2006,1.2122499631258234,1.2406692453363264,1.2077628500047208,1.226527452468872,1.226527452468872,27724800
12/12/2006,1.2238083955488988,1.2274800863189645,1.1966126534255899,1.2104829549789429,1.2104829549789429,53401600
13/12/2006,1.2254397261080543,1.225847852977678,1.20069202901398,1.2136093378067017,1.2136093378067017,31980800
14/12/2006,1.2202730881309025,1.2516836120132617,1.219048707318805,1.2394459247589111,1.2394459247589111,39392000
15/12/2006,1.2609296847864715,1.265417731086247,1.2435244351665842,1.247604250907898,1.247604250907898,40691200
18/12/2006,1.2565785355226264,1.2646015378955446,1.21238578225673,1.2190485000610352,1.2190485000610352,45081600
19/12/2006,1.2023237150331685,1.2261193583342531,1.188182025531734,1.214289903640747,1.214289903640747,58912000
20/12/2006,1.2449947373914003,1.2449947373914003,1.20475001813611,1.205908179283142,1.205908179283142,31494400
21/12/2006,1.2066316222375135,1.209527024855467,1.1778228355942222,1.189259648323059,1.189259648323059,36409600
22/12/2006,1.1860738337422099,1.1863637604545263,1.1639247583004937,1.1668200492858887,1.1668200492858887,48979200
26/12/2006,1.1639253678283947,1.17362494009861,1.1595827604209665,1.1726113557815552,1.1726113557815552,16716800
27/12/2006,1.1730451568334956,1.1869427513233095,1.169570785823108,1.1840474605560303,1.1840474605560303,22560000
28/12/2006,1.18057362376247,1.1841925731867715,1.1656623283670402,1.174059271812439,1.174059271812439,18995200
29/12/2006,1.1740591240998057,1.198669103661577,1.1704392915444246,1.1731901168823242,1.1731901168823242,24550400
03/01/2007,1.1980898831147426,1.2198053415618728,1.1407622524020153,1.1769543886184692,1.1769543886184692,75315200
04/01/2007,1.1776778007933877,1.2277666451057296,1.168991817213812,1.2192261219024658,1.2192261219024658,43257600
05/01/2007,1.2064867621853979,1.2116983747489458,1.188390142770749,1.2015641927719116,1.2015641927719116,34419200
08/01/2007,1.2116987379206905,1.2225554758027322,1.1943266540193231,1.209092378616333,1.209092378616333,32780800
09/01/2007,1.2163310092263189,1.2326893949776359,1.1960636376030382,1.2238588333129883,1.2238588333129883,50169600
10/01/2007,1.215317243167421,1.2558519840240479,1.2080784626819105,1.2558519840240479,1.2558519840240479,39436800
11/01/2007,1.2558522683094775,1.2855292869489148,1.255128721441988,1.2768431901931763,1.2768431901931763,47155200
12/01/2007,1.2743821462338445,1.2927678097337167,1.2709077744975201,1.289872407913208,1.289872407913208,38764800
16/01/2007,1.289872407913208,1.2945049403777358,1.2793038323114216,1.289872407913208,1.289872407913208,40505600
17/01/2007,1.2887146701617667,1.2887146701617667,1.2617875923733322,1.2664201259613037,1.2664201259613037,31340800
18/01/2007,1.2603400006704841,1.2613525904918583,1.2111192773997277,1.2145936489105225,1.2145936489105225,90720000
19/01/2007,1.210685026099098,1.2276226060941382,1.2080787772800792,1.2182129621505737,1.2182129621505737,59116800
22/01/2007,1.224727083527662,1.224727083527662,1.1856405342145282,1.1943265199661255,1.1943265199661255,64390400
23/01/2007,1.1973665162724747,1.210974190225438,1.184916119742965,1.1886805295944214,1.1886805295944214,46195200
24/01/2007,1.2031570344473916,1.2283459834613728,1.1986690783556702,1.2247270345687866,1.2247270345687866,38483200
25/01/2007,1.2316758727976023,1.2370319524309257,1.1882458359044425,1.1914311647415161,1.1914311647415161,61868800
26/01/2007,1.2006962043036054,1.2006962043036054,1.1740590581559134,1.1831786632537842,1.1831786632537842,55136000
29/01/2007,1.1820208242201293,1.2060524994342068,1.1782572979661494,1.1901277303695679,1.1901277303695679,51174400
30/01/2007,1.192298942037438,1.1983795607219443,1.1849155860879959,1.1933125257492065,1.1933125257492065,24473600
31/01/2007,1.1875223236883687,1.2190810503092915,1.1744928471464795,1.2080787420272827,1.2080787420272827,71808000
01/02/2007,1.222845295238815,1.2318203236032406,1.2015643388617439,1.209526777267456,1.209526777267456,55014400
02/02/2007,1.216185789322169,1.2227009143281546,1.2048944375283814,1.2199501991271973,1.2199501991271973,38931200
05/02/2007,1.2158962335023304,1.2267539616336522,1.2074992929400872,1.2157517671585083,1.2157517671585083,31225600
06/02/2007,1.2185018596114863,1.2211081081187145,1.187377749900934,1.2102503776550293,1.2102503776550293,49286400
07/02/2007,1.2267540474256318,1.2441261264851329,1.2154618149903804,1.2390590906143188,1.2390590906143188,54099200
08/02/2007,1.230662163678651,1.2409408123412027,1.2202389382122216,1.2394936084747314,1.2394936084747314,28684800
09/02/2007,1.2394935036487231,1.24745494663769,1.193601693247786,1.2008404731750488,1.2008404731750488,61971200
12/02/2007,1.19968303183376,1.2008410825822293,1.185640851952131,1.1912860870361328,1.1912860870361328,40531200
13/02/2007,1.1995383133256514,1.207066249767612,1.191720450049568,1.204315423965454,1.204315423965454,40096000
14/02/2007,1.2095270941338168,1.2457183587755296,1.2090924799833598,1.2403621673583984,1.2403621673583984,51052800
15/02/2007,1.2419545978928275,1.2535359859466553,1.2373220647609569,1.2535359859466553,1.2535359859466553,27660800
16/02/2007,1.2438361422984014,1.2512194998710913,1.2377564058633572,1.2493377923965454,1.2493377923965454,19801600
20/02/2007,1.2435473130337353,1.2680127174114875,1.2290706326012457,1.2638146877288818,1.2638146877288818,35174400
21/02/2007,1.2544038723809219,1.2732239281421716,1.251219427539121,1.2720658779144287,1.2720658779144287,71372800
22/02/2007,1.2810409513826808,1.2903060162280369,1.2639589091581427,1.2855290174484253,1.2855290174484253,37625600
23/02/2007,1.2826334607783667,1.2826334607783667,1.263089749535001,1.2739474773406982,1.2739474773406982,23622400
26/02/2007,1.2866872401607572,1.2866872401607572,1.2457181000300266,1.2623664140701294,1.2623664140701294,39673600
27/02/2007,1.216185845382472,1.2289252855771684,1.1390253259465535,1.1407625675201416,1.1407625675201416,143776000
28/02/2007,1.1559628223096323,1.1878115891879044,1.136419986260789,1.1652278900146484,1.1652278900146484,87148800
01/03/2007,1.1299049183637266,1.1779675009498818,1.105729547230904,1.1530675888061523,1.1530675888061523,109964800
02/03/2007,1.1440920759259094,1.1536462947144601,1.1126779317855835,1.1126779317855835,1.1126779317855835,124332800
05/03/2007,1.1000833122935323,1.1338137887165785,1.096318902059192,1.0973325967788696,1.0973325967788696,134688000
06/03/2007,1.114704411882515,1.1430786927493637,1.114704411882515,1.13743257522583,1.13743257522583,109542400
07/03/2007,1.135695738824978,1.142934523536795,1.125851588037985,1.1270097494125366,1.1270097494125366,84012800
08/03/2007,1.1507510253673199,1.1565417193764138,1.135406221917484,1.1480011940002441,1.1480011940002441,76480000
09/03/2007,1.1603061077446077,1.161029654555796,1.1262857120295946,1.143947720527649,1.143947720527649,65689600
12/03/2007,1.1368534949469034,1.157699950464333,1.1368534949469034,1.1545155048370361,1.1545155048370361,41395200
13/03/2007,1.1410521152321509,1.1545152083247854,1.1038463971774484,1.1107951402664185,1.1107951402664185,104352000
14/03/2007,1.112243386874461,1.1416312456130981,1.0948713074938883,1.1416312456130981,1.1416312456130981,152550400
15/03/2007,1.1351160678913665,1.1442366668096224,1.127733704166207,1.1384459733963013,1.1384459733963013,68441600
16/03/2007,1.1385907440924399,1.1440922848185224,1.1220877786388288,1.13424813747406,1.13424813747406,71257600
19/03/2007,1.1465529015664475,1.162477778186943,1.1396041576856988,1.157120704650879,1.157120704650879,64025600
20/03/2007,1.155239379875234,1.172755932644476,1.1535021381052704,1.1726113557815552,1.1726113557815552,51993600
21/03/2007,1.174059252002724,1.2195155798374777,1.1603062282979517,1.2160412073135376,1.2160412073135376,119865600
22/03/2007,1.217488922335731,1.217488922335731,1.2004059977286612,1.2088029384613037,1.2088029384613037,85292800
23/03/2007,1.2054735704214403,1.2145940610467052,1.1970766267170627,1.1982346773147583,1.1982346773147583,46451200
26/03/2007,1.2017092768230528,1.2121323959015575,1.1742039985757389,1.2074998617172241,1.2074998617172241,62470400
27/03/2007,1.2046334319556486,1.2052125959210398,1.191747558430796,1.1946433782577515,1.1946433782577515,41369600
28/03/2007,1.1832045210021223,1.1946429778688992,1.1675674305700832,1.1698840856552124,1.1698840856552124,92390400
29/03/2007,1.1845076710339006,1.1845076710339006,1.1455600838795617,1.1684370040893555,1.1684370040893555,134150400
30/03/2007,1.172056396868324,1.1855214340300448,1.1510624492686736,1.1724910736083984,1.1724910736083984,75686400
02/04/2007,1.1763995199754629,1.1792952289981544,1.1559846277620043,1.1681468486785889,1.1681468486785889,63814400
03/04/2007,1.1827707446363565,1.2081088175403927,1.1808886544352957,1.2018827199935913,1.2018827199935913,67308800
04/04/2007,1.1989864137079969,1.2117277990964026,1.198841926503738,1.208977460861206,1.208977460861206,52313600
05/04/2007,1.2052124491163052,1.224035330930851,1.2031858725733313,1.2220078706741333,1.2220078706741333,40307200
09/04/2007,1.2306954502236813,1.2306954502236813,1.210859716481444,1.2160720825195312,1.2160720825195312,51251200
10/04/2007,1.2149137225981057,1.2267857558701603,1.2147691249135204,1.2254829406738281,1.2254829406738281,37568000
11/04/2007,1.2227314438744799,1.2227314438744799,1.1939193951280633,1.200434684753418,1.200434684753418,65952000
12/04/2007,1.2001444891295356,1.2231660017017953,1.187548698236886,1.2212839126586914,1.2212839126586914,60236800
13/04/2007,1.2183887177318562,1.2280896878834051,1.2046335992595147,1.2256276607513428,1.2256276607513428,52838400
16/04/2007,1.2343147315142589,1.250965557471746,1.2343147315142589,1.247056007385254,1.247056007385254,45024000
17/04/2007,1.2496625792608784,1.254151293124971,1.2408308538481048,1.2521238327026367,1.2521238327026367,48000000
18/04/2007,1.2421335598201855,1.2548748340355793,1.2334463223794978,1.2473459243774414,1.2473459243774414,36531200
19/04/2007,1.2322880199426154,1.2558885899887735,1.2270756552781517,1.2483596801757812,1.2483596801757812,62374400
20/04/2007,1.2631273601752746,1.2768824733972226,1.2534263937266317,1.267181396484375,1.267181396484375,53209600
23/04/2007,1.2671815897185166,1.2741314462111988,1.260955494804791,1.2677607536315918,1.2677607536315918,29760000
24/04/2007,1.2751451823539546,1.2878864571087238,1.2596526856867822,1.2778964042663574,1.2778964042663574,48864000
25/04/2007,1.2877420383591345,1.315251165947256,1.2803576151920784,1.3146721124649048,1.3146721124649048,53702400
26/04/2007,1.3298744890716265,1.3334948435610905,1.3156858013083474,1.3284270763397217,1.3284270763397217,61510400
27/04/2007,1.317712640426605,1.3308884843409707,1.313803973533022,1.3298747539520264,1.3298747539520264,105958400
30/04/2007,1.3220566860183844,1.32611083444435,1.2913617640429655,1.2951257228851318,1.2951257228851318,50624000
01/05/2007,1.2958501995812792,1.3030891418457031,1.276738229919445,1.3030891418457031,1.3030891418457031,75372800
02/05/2007,1.300627616114229,1.3282822188105126,1.300627616114229,1.319739580154419,1.319739580154419,49568000
03/05/2007,1.3248078694352456,1.335377198992247,1.3191609371607722,1.3298747539520264,1.3298747539520264,55737600
04/05/2007,1.338127912097958,1.344498604215291,1.3191605438655603,1.3330601453781128,1.3330601453781128,54489600
07/05/2007,1.3314674829163073,1.337838176141283,1.3265451967097441,1.3300200700759888,1.3300200700759888,31603200
08/05/2007,1.3181468970783123,1.3371142665093407,1.3109079557859047,1.32929527759552,1.32929527759552,57024000
09/05/2007,1.3219118974049515,1.3479736114161458,1.3204634904939114,1.3391408920288086,1.3391408920288086,56448000
10/05/2007,1.331322847953093,1.3374035723970952,1.2972975455030777,1.305550217628479,1.305550217628479,97267200
11/05/2007,1.3052614182797957,1.3366801031783124,1.3036685237412315,1.3362455368041992,1.3362455368041992,70611200
14/05/2007,1.3368243163200464,1.3420366810963733,1.303523551046425,1.3169885873794556,1.3169885873794556,78387200
15/05/2007,1.3156857517002554,1.3316119306481333,1.2907822560406375,1.2980211973190308,1.2980211973190308,89324800
16/05/2007,1.303379006866921,1.3233592221363708,1.286872670297091,1.322200894355774,1.322200894355774,71763200
17/05/2007,1.3174232559494956,1.323070297877737,1.3071431232649253,1.3080123662948608,1.3080123662948608,48966400
18/05/2007,1.3175679238261457,1.3297300362540152,1.311631907154607,1.329440951347351,1.329440951347351,54425600
21/05/2007,1.3317573195199832,1.3594110409491391,1.328571531630597,1.3479734659194946,1.3479734659194946,94963200
22/05/2007,1.3472488419245927,1.3625967385971598,1.3394307378005037,1.3495653867721558,1.3495653867721558,48595200
23/05/2007,1.3579638691013305,1.3676648379654894,1.3353770266327318,1.3376935720443726,1.3376935720443726,54054400
24/05/2007,1.334218481860821,1.3491318135577828,1.288321042733961,1.2999039888381958,1.2999039888381958,123494400
25/05/2007,1.3043919081167639,1.3198845165295918,1.2993250243000938,1.313803791999817,1.313803791999817,52275200
29/05/2007,1.317423236511468,1.3361006387958752,1.3107625749022813,1.3305991888046265,1.3305991888046265,60640000
30/05/2007,1.3119208411049652,1.3555026226706464,1.3065638785770457,1.3541988134384155,1.3541988134384155,72908800
31/05/2007,1.3605695478111863,1.372877140599112,1.35550266417952,1.3712842464447021,1.3712842464447021,60012800
01/06/2007,1.3764967023117132,1.3861976713736297,1.3644790773266984,1.3701260089874268,1.3701260089874268,51859200
04/06/2007,1.3595567103707158,1.3788132764194883,1.3565155197148753,1.3740354776382446,1.3740354776382446,35552000
05/06/2007,1.3667957487173026,1.3759175539016724,1.349565758174565,1.3759175539016724,1.3759175539016724,86380800
06/06/2007,1.3620174651356962,1.3631757926983425,1.339865196133411,1.3444983959197998,1.3444983959197998,93094400
07/06/2007,1.3385619020480797,1.3560819721801316,1.2996143102645874,1.2996143102645874,1.2996143102645874,156672000
08/06/2007,1.3042475877866346,1.33682459835092,1.2936782583376456,1.334507942199707,1.334507942199707,104294400
11/06/2007,1.3347978466236292,1.3505794294190319,1.3268342592978404,1.329150915145874,1.329150915145874,55513600
12/06/2007,1.3143830695843226,1.3408785804912282,1.3090252225197603,1.311197280883789,1.311197280883789,96966400
13/06/2007,1.3219121516392225,1.3443535154741564,1.3149622936210843,1.3371145725250244,1.3371145725250244,89619200
14/06/2007,1.347538961468424,1.3667955257362068,1.347538961468424,1.3607149124145508,1.3607149124145508,51564800
15/06/2007,1.3725875164748689,1.3906857590522819,1.3725875164748689,1.3863425254821777,1.3863425254821777,42892800
18/06/2007,1.3893826172366686,1.3912645964531563,1.379392562978202,1.3848940134048462,1.3848940134048462,30707200
19/06/2007,1.3766412385483224,1.3903962443974742,1.3704151431847202,1.383156418800354,1.383156418800354,49184000
20/06/2007,1.384460385319284,1.3930021432945157,1.3552127679706287,1.3583985567092896,1.3583985567092896,69433600
21/06/2007,1.3588323465383947,1.3859079076333523,1.3453673066999983,1.3838813304901123,1.3838813304901123,97856000
22/06/2007,1.3737452327730344,1.3806950888269016,1.3478280083080516,1.3568053245544434,1.3568053245544434,127193600
25/06/2007,1.3585428967875275,1.371573256300425,1.3295853640293975,1.3501447439193726,1.3501447439193726,94553600
26/06/2007,1.3562262469120032,1.3562262469120032,1.3248075711756655,1.3349422216415405,1.3349422216415405,103520000
27/06/2007,1.3245173123888103,1.369981062070942,1.322635223395239,1.3653478622436523,1.3653478622436523,100000000
28/06/2007,1.3660717105479796,1.386051925120757,1.3646234142479732,1.3688229322433472,1.3688229322433472,84198400
29/06/2007,1.381998075008022,1.388079683089632,1.3502903124913863,1.3773648738861084,1.3773648738861084,98572800
02/07/2007,1.377655072298041,1.3963324760784213,1.37606217798991,1.3948850631713867,1.3948850631713867,60780800
03/07/2007,1.3999522382588825,1.4111015065549295,1.3961881685757545,1.4109560251235962,1.4109560251235962,37523200
05/07/2007,1.411101163786802,1.43745207538158,1.4097974648987777,1.4270273447036743,1.4270273447036743,69324800
06/07/2007,1.4348462594577773,1.4452709895899698,1.4219595026101788,1.4442572593688965,1.4442572593688965,49600000
09/07/2007,1.4435333933134018,1.450193170168572,1.4347005644869781,1.4455598592758179,1.4455598592758179,41664000
10/07/2007,1.4319506871238066,1.4452711278047057,1.4186302464429075,1.421959638595581,1.421959638595581,69132800
11/07/2007,1.414430459520752,1.4459946155548096,1.4113901528565862,1.4459946155548096,1.4459946155548096,72134400
12/07/2007,1.4480215581804772,1.4891412108353546,1.4459949811299233,1.4833496809005737,1.4833496809005737,63712000
13/07/2007,1.486679977514606,1.5072402444553563,1.484074236581768,1.5052127838134766,1.5052127838134766,59699200
16/07/2007,1.5021722581552688,1.5146235644320458,1.494643348115113,1.50361967086792,1.50361967086792,57894400
17/07/2007,1.5062264043075637,1.5263521034647738,1.50376526124298,1.5186777114868164,1.5186777114868164,52633600
18/07/2007,1.5050681749136336,1.5202707052230835,1.4863908815293274,1.5202707052230835,1.5202707052230835,82022400
19/07/2007,1.5337354221545985,1.5472013413546615,1.5247589895802047,1.5269310474395752,1.5269310474395752,63494400
20/07/2007,1.5251940191757265,1.5292480568039508,1.492471528590003,1.5140446424484253,1.5140446424484253,92166400
23/07/2007,1.5188231537541466,1.5246146827671232,1.5021723283374677,1.5115833282470703,1.5115833282470703,62291200
24/07/2007,1.4882729082517325,1.5123071656315594,1.449904369016748,1.470463752746582,1.470463752746582,145600000
25/07/2007,1.4804537380990646,1.4856661031733658,1.4509170394994342,1.4724911451339722,1.4724911451339722,100384000
26/07/2007,1.464527445130963,1.4727801165234753,1.3903961223702543,1.439913034439087,1.439913034439087,212934400
27/07/2007,1.4389003477597644,1.453233633083017,1.3825771808624268,1.3825771808624268,1.3825771808624268,217145600
30/07/2007,1.4003864068907705,1.428909375542673,1.385183877795269,1.4215258359909058,1.4215258359909058,214092800
31/07/2007,1.4413612845732753,1.442954178448727,1.354054020103154,1.3610038757324219,1.3610038757324219,228902400
01/08/2007,1.3513035815857009,1.3802611252694639,1.327848373291769,1.3775107860565186,1.3775107860565186,324076800
02/08/2007,1.3827231214617075,1.40806030882597,1.3720084196141626,1.4047309160232544,1.4047309160232544,120908800
03/08/2007,1.398648780218101,1.4024137321830192,1.3320464783913757,1.3489863872528076,1.3489863872528076,161267200
06/08/2007,1.3521721959858521,1.3824326540465048,1.3277033769985698,1.3754827976226807,1.3754827976226807,187257600
07/08/2007,1.3721522641589046,1.3972012385354962,1.3520275632674348,1.3924225568771362,1.3924225568771362,139993600
08/08/2007,1.4118253628075743,1.4420857234770847,1.4044409369506428,1.4332538843154907,1.4332538843154907,137734400
09/08/2007,1.4167472050503276,1.436872904651309,1.352896116573022,1.3617279529571533,1.3617279529571533,223526400
10/08/2007,1.3353771654668773,1.37012612350383,1.3025100762838517,1.3361008167266846,1.3361008167266846,273875200
13/08/2007,1.3634653865125363,1.3721526255471335,1.3501449459618717,1.3534753322601318,1.3534753322601318,117228800
14/08/2007,1.3575297042065524,1.3643349657022823,1.3088810210711046,1.3103293180465698,1.3103293180465698,161376000
15/08/2007,1.3033790470676434,1.326545051073014,1.2573360134577705,1.2618247270584106,1.2618247270584106,190828800
16/08/2007,1.2511102077010594,1.2608112882526428,1.1782827872497927,1.2328674793243408,1.2328674793243408,437721600
17/08/2007,1.2611007181207206,1.2968626187840957,1.2424224372017498,1.2767378091812134,1.2767378091812134,189926400
20/08/2007,1.290782436124463,1.3016417332708519,1.2670372649650885,1.284990906715393,1.284990906715393,153952000
21/08/2007,1.290492348632916,1.3239385992103188,1.2833980040752269,1.3211873769760132,1.3211873769760132,120620800
22/08/2007,1.334507823472767,1.3556472537397537,1.3323367593899356,1.3520278930664062,1.3520278930664062,110560000
23/08/2007,1.3610043192422518,1.3659276001208713,1.3300202035195745,1.3465255498886108,1.3465255498886108,138361600
24/08/2007,1.3401549903379923,1.387066287279607,1.3356663858085753,1.3863425254821777,1.3863425254821777,93126400
27/08/2007,1.3767857186853159,1.384170141920818,1.3583983954693288,1.3591221570968628,1.3591221570968628,72812800
28/08/2007,1.3523170435342105,1.3607151979029768,1.3004834659808258,1.300917148590088,1.300917148590088,178016000
29/08/2007,1.3182920598520482,1.3756279857167724,1.3172792129808644,1.3724430799484253,1.3724430799484253,131680000
30/08/2007,1.367809405324691,1.4113903055329808,1.3544889657263972,1.3935811519622803,1.3935811519622803,196979200
31/08/2007,1.4189192993717066,1.4305023582461496,1.4048750973157933,1.417905569076538,1.417905569076538,143507200
04/09/2007,1.4258691058731923,1.4847979075078288,1.4258691058731923,1.4674233198165894,1.4674233198165894,119251200
05/09/2007,1.4674232250167332,1.4674232250167332,1.4184845907760688,1.4371628761291504,1.4371628761291504,164499200
06/09/2007,1.441650440832084,1.446283641326414,1.4154441318204765,1.4333977699279785,1.4333977699279785,128972800
07/09/2007,1.4002418142810698,1.402847554995853,1.364189935021173,1.386052131652832,1.386052131652832,201273600
10/09/2007,1.402703223701684,1.4093639970900562,1.356226605328764,1.3838813304901123,1.3838813304901123,178432000
11/09/2007,1.3950293210811502,1.4222494722123105,1.391409850462507,1.4189190864562988,1.4189190864562988,141196800
12/09/2007,1.413851405939902,1.4436780726206826,1.4100873374275857,1.4251452684402466,1.4251452684402466,114886400
13/09/2007,1.4399130877869417,1.441650579563596,1.418919141119213,1.4313713312149048,1.4313713312149048,111219200
14/09/2007,1.4116800098611102,1.439623809415345,1.4061776771473729,1.4312256574630737,1.4312256574630737,86931200
17/09/2007,1.4199330297789554,1.42717197210305,1.3986490016839497,1.4071917533874512,1.4071917533874512,100806400
18/09/2007,1.4261592005460701,1.4833496316137231,1.412259595442982,1.4805994033813477,1.4805994033813477,165324800
19/09/2007,1.497973664042587,1.5134652775454314,1.4778479657994896,1.4894310235977173,1.4894310235977173,145990400
20/09/2007,1.4823366287379087,1.4936296070913262,1.4735037990748128,1.4798744916915894,1.4798744916915894,96998400
21/09/2007,1.495802025534235,1.509846230224593,1.4907342568216584,1.4978286027908325,1.4978286027908325,74963200
24/09/2007,1.506226535823423,1.5354732690802066,1.4989867094977054,1.5140446424484253,1.5140446424484253,102547200
25/09/2007,1.5007239815316769,1.5428573564501693,1.499711135058547,1.5403962135314941,1.5403962135314941,82636800
26/09/2007,1.556757046094235,1.5687746706602252,1.5447395319924755,1.5541514158248901,1.5541514158248901,99923200
27/09/2007,1.5760135386142036,1.5761590199989584,1.5597972798720547,1.574566125869751,1.574566125869751,71392000
28/09/2007,1.5719596436823693,1.5784758184593484,1.548214472587591,1.565155267715454,1.565155267715454,90483200
01/10/2007,1.5676163009966497,1.6069984523142735,1.5674717033329477,1.5919405221939087,1.5919405221939087,89824000
02/10/2007,1.5962838354573459,1.6001932748584005,1.5805022534316586,1.595560073852539,1.595560073852539,72844800
03/10/2007,1.589045172776652,1.6009173174852989,1.5666028149484357,1.5709469318389893,1.5709469318389893,78572800
04/10/2007,1.5816609092577951,1.584991296112469,1.5567574055241677,1.57818603515625,1.57818603515625,70720000
05/10/2007,1.6052608963550818,1.651158332824707,1.600337617079193,1.651158332824707,1.651158332824707,120684800
08/10/2007,1.6442086508275817,1.6662164372647523,1.6391408838327612,1.6636106967926025,1.6636106967926025,80102400
09/10/2007,1.6738902484429241,1.6850396250614463,1.6597014482752932,1.6824328899383545,1.6824328899383545,99353600
10/10/2007,1.6799714865840507,1.6918436288833618,1.6694022697876043,1.6918436288833618,1.6918436288833618,102982400
11/10/2007,1.7063225136929825,1.714430588176928,1.6101835059447762,1.6426159143447876,1.6426159143447876,207078400
12/10/2007,1.649855525237686,1.6901060342788696,1.642326615691723,1.6901060342788696,1.6901060342788696,105504000
15/10/2007,1.6909752303878798,1.6967667585898198,1.6352322271090838,1.6618731021881104,1.6618731021881104,119532800
16/10/2007,1.6426158273453546,1.6709941970003626,1.6347978323435308,1.6541988849639893,1.6541988849639893,129670400
17/10/2007,1.6911200481216717,1.6941603550404776,1.6337840329714868,1.689527153968811,1.689527153968811,154982400
18/10/2007,1.673745489517205,1.707915389421815,1.6607151290841795,1.7009656429290771,1.7009656429290771,142662400
19/10/2007,1.7009655557671977,1.7011100429711061,1.6142374430138569,1.6195952892303467,1.6195952892303467,293971200
22/10/2007,1.595270855513818,1.6569499866395343,1.59078225255452,1.653765082359314,1.653765082359314,272115200
23/10/2007,1.6870655730321078,1.7244212534139147,1.671428591490849,1.7111008167266846,1.7111008167266846,173945600
24/10/2007,1.6941604231697875,1.7076263443712367,1.6239386426557911,1.700531005859375,1.700531005859375,341177600
25/10/2007,1.7012553933950603,1.7093635772159295,1.6324810361278526,1.6812742948532104,1.6812742948532104,259436800
26/10/2007,1.7151553120645013,1.723697179970901,1.6756275634314142,1.7024140357971191,1.7024140357971191,192032000
29/10/2007,1.7203675681339476,1.7300676529287826,1.7012555997152992,1.7190637588500977,1.7190637588500977,182022400
30/10/2007,1.7079154534010474,1.7441128151176086,1.7038614160510461,1.7193539142608643,1.7193539142608643,148761600
31/10/2007,1.7345561984795335,1.777268734614325,1.7074806455591935,1.7732146978378296,1.7732146978378296,211872000
01/11/2007,1.7519308783696652,1.7620665238180069,1.7071917604683755,1.720077633857727,1.720077633857727,318470400
02/11/2007,1.732095098623649,1.7409269345106997,1.683156463473404,1.738321304321289,1.738321304321289,273952000
05/11/2007,1.7161679524231057,1.7319505281144245,1.6812744035730658,1.71718168258667,1.71718168258667,210304000
06/11/2007,1.7383211058936574,1.7494694858151574,1.6937264815655118,1.745415449142456,1.745415449142456,196921600
07/11/2007,1.7058889152378074,1.7425199603630555,1.6588322555686044,1.6637555360794067,1.6637555360794067,251430400
08/11/2007,1.6694028073281595,1.6694028073281595,1.5069505347454808,1.5448853969573975,1.5448853969573975,478278400
09/11/2007,1.5014488536752022,1.5304063916798252,1.455116726589261,1.4569987058639526,1.4569987058639526,403564800
12/11/2007,1.4514961609957446,1.471042695149032,1.3783785648834703,1.3805506229400635,1.3805506229400635,346969600
13/11/2007,1.4255799463141265,1.5000003642067254,1.4187746866538422,1.4923268556594849,1.4923268556594849,286867200
14/11/2007,1.5383690980150262,1.5383690980150262,1.4467186779482222,1.4720567464828491,1.4720567464828491,293459200
15/11/2007,1.4513516034887604,1.4845077729391054,1.4163134549846477,1.4442572593688965,1.4442572593688965,276947200
16/11/2007,1.4623554943578418,1.4798745685714312,1.4145760704994197,1.4726356267929077,1.4726356267929077,282041600
19/11/2007,1.4555506303953765,1.4779929908736373,1.4181958160382575,1.435135841369629,1.435135841369629,321907200
20/11/2007,1.4551166559798523,1.496090933994092,1.389527190470937,1.4458502531051636,1.4458502531051636,462284800
21/11/2007,1.421525790686862,1.460328890675023,1.384749267385161,1.4015446901321411,1.4015446901321411,405222400
23/11/2007,1.4333980657223535,1.447008585168045,1.4138515296268783,1.4357147216796875,1.4357147216796875,116320000
26/11/2007,1.4549707556238944,1.4711870112172607,1.3863418864317238,1.3972011804580688,1.3972011804580688,315123200
27/11/2007,1.4173265074108468,1.4506281630878644,1.3974907744856633,1.4403480291366577,1.4403480291366577,361331200
28/11/2007,1.483494911239351,1.5453185355989476,1.4771243288070965,1.5267857313156128,1.5267857313156128,313740800
29/11/2007,1.5202704649472174,1.5563223412575427,1.5127415550584027,1.5383687019348145,1.5383687019348145,288147200
30/11/2007,1.604970922332785,1.604970922332785,1.5017375843907643,1.5269310474395752,1.5269310474395752,439148800
03/12/2007,1.5095570538841956,1.5354734030131807,1.493774474138812,1.498986840248108,1.498986840248108,186739200
04/12/2007,1.4740833781842178,1.500145209444178,1.4678582756587915,1.4846535921096802,1.4846535921096802,284204800
05/12/2007,1.5246146705099919,1.5482143584673063,1.5128861311899746,1.537210464477539,1.537210464477539,294969600
06/12/2007,1.5480692584611584,1.583687553241269,1.5390929382738634,1.5715253353118896,1.5715253353118896,244672000
07/12/2007,1.59990442968464,1.59990442968464,1.5658791234155653,1.5820953845977783,1.5820953845977783,246080000
10/12/2007,1.5845566198182497,1.602510263639196,1.5809371482566383,1.5913618803024292,1.5913618803024292,188812800
11/12/2007,1.5962839488551508,1.6130792622704297,1.514479108604354,1.5227317810058594,1.5227317810058594,340819200
12/12/2007,1.564141270786914,1.5842669673165186,1.4942085846153907,1.543147325515747,1.543147325515747,303686400
13/12/2007,1.5201259915286445,1.537066012547002,1.499132043744246,1.520415186882019,1.520415186882019,317657600
14/12/2007,1.5063710475293237,1.535473181434051,1.4958017191324628,1.4971046447753906,1.4971046447753906,254803200
17/12/2007,1.4904449709629721,1.4952227703572523,1.423987142307997,1.4284758567810059,1.4284758567810059,345606400
18/12/2007,1.4556960711332931,1.4556960711332931,1.3934368706596152,1.4310816526412964,1.4310816526412964,362284800
19/12/2007,1.4320951478574906,1.4500487883828066,1.4176163805548296,1.4442572593688965,1.4442572593688965,329580800
20/12/2007,1.476113850660885,1.5052549869865086,1.4509400294915875,1.504034399986267,1.504034399986267,328115200
21/12/2007,1.5353110177144187,1.5562129020690918,1.5289026445653315,1.5562129020690918,1.5562129020690918,217875200
24/12/2007,1.5507205537087423,1.5842858873000678,1.5507205537087423,1.5745214223861694,1.5745214223861694,62067200
26/12/2007,1.570401547205493,1.596491215528981,1.5572809938154073,1.5905407667160034,1.5905407667160034,111123200
27/12/2007,1.5795556528264172,1.5880995285150532,1.5406511032380557,1.5462958812713623,1.5462958812713623,156108800
28/12/2007,1.5604848458579563,1.5668933354309214,1.524173718860995,1.5420241355895996,1.5420241355895996,190265600
31/12/2007,1.5258512891249176,1.5438550066367767,1.5098316367133027,1.5137989521026611,1.5137989521026611,148998400
02/01/2008,1.5165450900023856,1.5256992622958372,1.4466685014593126,1.465433955192566,1.465433955192566,474828800
03/01/2008,1.462382004379403,1.4823689700780032,1.447430687332792,1.4738249778747559,1.4738249778747559,330675200
04/01/2008,1.4257654309402543,1.4275963116381565,1.3357497489959596,1.3462767601013184,1.3462767601013184,620403200
07/01/2008,1.347039279692358,1.3558888264590585,1.290893558028926,1.3288841247558594,1.3288841247558594,848998400
08/01/2008,1.3359016786655247,1.3641268471417034,1.2635840620465941,1.2677026987075806,1.2677026987075806,790464000
09/01/2008,1.2698394638771222,1.3188141512321756,1.2385628230295815,1.3082870244979858,1.3082870244979858,1060332800
10/01/2008,1.2899787217539542,1.342004761816983,1.282045022151052,1.3090497255325317,1.3090497255325317,1146156800
11/01/2008,1.3090500463480341,1.3090500463480341,1.2487846213359906,1.2728911638259888,1.2728911638259888,668806400
14/01/2008,1.2971495683341119,1.3182037029287477,1.2815869107693099,1.3061504364013672,1.3061504364013672,574457600
15/01/2008,1.2823497612662864,1.2913515618615488,1.2284927241956867,1.246496558189392,1.246496558189392,679347200
16/01/2008,1.220406646321188,1.257938356488299,1.1808908712481943,1.2098796367645264,1.2098796367645264,968864000
17/01/2008,1.2230005619928606,1.239936065607635,1.1674650027791604,1.176619291305542,1.176619291305542,962131200
18/01/2008,1.1924866416476736,1.2156772200417314,1.155107171355739,1.170211911201477,1.170211911201477,866348800
22/01/2008,1.0460193892844882,1.143816536217457,1.0275586747650052,1.106589436531067,1.106589436531067,1192723200
23/01/2008,1.0325931365727787,1.1192528485173614,0.984533359721855,1.1163537502288818,1.1163537502288818,1652576000
24/01/2008,1.117422042941865,1.1512930488504163,1.107047283897989,1.148851990699768,1.148851990699768,814208000
25/01/2008,1.198284551854537,1.198284551854537,1.0971305106985105,1.0985033512115479,1.0985033512115479,944288000
28/01/2008,1.1014020823856638,1.1244403964946876,1.0818731590541368,1.115286111831665,1.115286111831665,713836800
29/01/2008,1.1317637496703188,1.1361880570018283,1.104301243305622,1.1204731464385986,1.1204731464385986,500620800
30/01/2008,1.1137601766846787,1.1686853128025099,1.110861078775874,1.1191003322601318,1.1191003322601318,832857600
31/01/2008,1.0934683581784914,1.1808907037090672,1.0914852247665947,1.1450365781784058,1.1450365781784058,986067200
01/02/2008,1.1749404451689855,1.1959955123017745,1.1459526103073359,1.1824170351028442,1.1824170351028442,750764800
04/02/2008,1.181196434773646,1.1833319381501453,1.1381712681681027,1.1410703659057617,1.1410703659057617,466259200
05/02/2008,1.1078100141437752,1.1311538927114952,1.0809576744553662,1.0867558717727661,1.0867558717727661,784569600
06/02/2008,1.0949940939858045,1.1084203222050786,1.0325932818391401,1.0405268669128418,1.0405268669128418,638035200
07/02/2008,1.0162677175759531,1.087670423991414,1.0089443123326542,1.0618863105773926,1.0618863105773926,1040883200
08/02/2008,1.0588350182833361,1.0870601907409982,1.0464771277305085,1.0756181478500366,1.0756181478500366,685952000
11/02/2008,1.0896544946027538,1.1093357898176799,1.0757704635800445,1.0997236967086792,1.0997236967086792,561113600
12/02/2008,1.1139124526843682,1.1279488531915383,1.0734816454948108,1.0916377305984497,1.0916377305984497,661849600
13/02/2008,1.1142179094747033,1.1404599442006766,1.1052161107419873,1.1305431127548218,1.1305431127548218,470393600
14/02/2008,1.138781439346761,1.138781439346761,1.091331970204048,1.0948413610458374,1.0948413610458374,708710400
15/02/2008,1.0838562455055938,1.094993546743703,1.069819847020031,1.0908749103546143,1.0908749103546143,494227200
19/02/2008,1.1160488187795807,1.1198628326021975,1.0602077266994858,1.0805002450942993,1.0805002450942993,607513600
20/02/2008,1.059597732860156,1.099876179304275,1.0591407401695234,1.0904173851013184,1.0904173851013184,685689600
21/02/2008,1.1122351362217295,1.1172697384004557,1.063259510519045,1.0737875699996948,1.0737875699996948,594752000
22/02/2008,1.0788216856099482,1.0832459926605225,1.0353395321288472,1.0832459926605225,1.0832459926605225,707392000
25/02/2008,1.0768390505082506,1.0980455628796675,1.0624969743527868,1.0876708030700684,1.0876708030700684,601376000
26/02/2008,1.0769913671905011,1.1187950274045786,1.0641754332795819,1.0977407693862915,1.0977407693862915,669926400
27/02/2008,1.083094065883819,1.1168117715442578,1.0783642027934213,1.1047585010528564,1.1047585010528564,607328000
28/02/2008,1.100029226034108,1.1197105208050195,1.080957293510437,1.080957293510437,1.080957293510437,550195200
29/02/2008,1.0754646866438142,1.0818731748882962,1.0368647631717847,1.0487656593322754,1.0487656593322754,793939200
03/03/2008,1.040068489568927,1.0431199566529608,1.007877054153135,1.0260320901870728,1.0260320901870728,770668800
04/03/2008,1.0141321221757975,1.0446460945166556,0.9967387016473664,1.0344237089157104,1.0344237089157104,1067334400
05/03/2008,1.0432734126266017,1.0679891938670294,1.031830322058987,1.0542583465576172,1.0542583465576172,991846400
06/03/2008,1.0473923497677384,1.0560895294470276,0.9981129100487335,1.000554084777832,1.000554084777832,798937600
07/03/2008,0.99017914516451,1.0243547703542244,0.965767984314714,0.9952137470245361,0.9952137470245361,1026643200
10/03/2008,0.9952136919566503,1.0007062173941377,0.9553931735388431,0.9555454850196838,0.9555454850196838,865478400
11/03/2008,0.9874324417858469,1.0435781713682808,0.971260476542688,1.0422052145004272,1.0422052145004272,963321600
12/03/2008,1.0414425750928202,1.0603612090012333,1.019929466160352,1.0219136476516724,1.0219136476516724,734310400
13/03/2008,1.0020787128722295,1.0539524817057517,0.9827020452217377,1.038390874862671,1.038390874862671,1361625600
14/03/2008,1.0570040367108173,1.057309707240827,0.9785835987478506,0.9965863823890686,0.9965863823890686,1296870400
17/03/2008,0.9561556513889388,0.9915517988545011,0.9460855183526456,0.9709546566009521,0.9709546566009521,1173900800
18/03/2008,1.001010826847109,1.0573098520303408,0.9936874208954256,1.055021047592163,1.055021047592163,964576000
19/03/2008,1.0606657710301186,1.066006042837553,0.9993331951397939,1.0023846626281738,1.0023846626281738,1051552000
20/03/2008,1.007571156154989,1.0412888413072965,0.9952132701621771,1.03076171875,1.03076171875,781843200
24/03/2008,1.0501386004396231,1.1210833753655287,1.0495283070353174,1.115286111831665,1.115286111831665,675667200
25/03/2008,1.1171173223891,1.135882657004591,1.0974350923764533,1.123677134513855,1.123677134513855,666425600
26/03/2008,1.1172695415681304,1.1253554939711152,1.0936209302474842,1.1015545129776,1.1015545129776,616620800
27/03/2008,1.1044539887521982,1.1087259283303572,1.0679895506047201,1.0789746046066284,1.0789746046066284,647513600
28/03/2008,1.087823641632604,1.1009441936321511,1.0501386338268108,1.062648892402649,1.062648892402649,655161600
31/03/2008,1.0637168977050728,1.0832458177673352,1.0568515345618055,1.0672261714935303,1.0672261714935303,513881600
01/04/2008,1.1053685562801006,1.1625824969323375,1.1023172050887853,1.1569377183914185,1.1569377183914185,625817600
02/04/2008,1.1638028794384632,1.1819589629234295,1.139087102094672,1.164871096611023,1.164871096611023,643724800
03/04/2008,1.1400024020617678,1.1757042876355113,1.137103303679568,1.166854739189148,1.166854739189148,605100800
04/04/2008,1.1728048526440873,1.1976739320822294,1.1502244609129448,1.1726524829864502,1.1726524829864502,755507200
07/04/2008,1.185925590642652,1.200572404166831,1.1624303929743582,1.166092038154602,1.166092038154602,670982400
08/04/2008,1.1508350214211647,1.1657863411970573,1.1383238283635977,1.1557172536849976,1.1557172536849976,531545600
09/04/2008,1.151444992820997,1.1535804959573979,1.1107086350521476,1.1305431127548218,1.1305431127548218,801152000
10/04/2008,1.1262713313359984,1.1709740786729146,1.1262713313359984,1.157395601272583,1.157395601272583,785804800
11/04/2008,1.1293229746006455,1.1334416124348687,1.0846191726913157,1.0952996015548706,1.0952996015548706,1047289600
14/04/2008,1.0891964725444796,1.1014021081125696,1.0766852828616227,1.0794320106506348,1.0794320106506348,834406400
15/04/2008,1.0916377200616463,1.094689070959291,1.0623442159970093,1.080957293510437,1.080957293510437,934470400
16/04/2008,1.1117767642560836,1.1615139856096073,1.1099458841637118,1.1609036922454834,1.1609036922454834,908249600
17/04/2008,1.1474776994744267,1.168685134044837,1.1256609026928537,1.1633449792861938,1.1633449792861938,775168000
18/04/2008,1.202708835899384,1.2228480589384987,1.1876040985156446,1.2097265720367432,1.2097265720367432,1033152000
21/04/2008,1.20606473895618,1.230475896957558,1.2008777680113294,1.2258992195129395,1.2258992195129395,628748800
22/04/2008,1.21140488872801,1.2152189029822997,1.170974079441836,1.2022507190704346,1.2022507190704346,728972800
23/04/2008,1.2092690481341908,1.2286446681576928,1.1969101135512985,1.2150661945343018,1.2150661945343018,718752000
24/04/2008,1.2214748142025018,1.266787730939654,1.1943168163996418,1.2315438985824585,1.2315438985824585,963091200
25/04/2008,1.2428343778841073,1.2437492940764816,1.2030129416148945,1.2327643632888794,1.2327643632888794,660928000
28/04/2008,1.2391733786171342,1.2574817225177517,1.2326126345758939,1.237036943435669,1.237036943435669,462329600
29/04/2008,1.231849979943186,1.2651097618997316,1.2287986280720025,1.2522939443588257,1.2522939443588257,662572800
30/04/2008,1.2623637010067563,1.2806721576206295,1.2263573141094744,1.2335273027420044,1.2335273027420044,844825600
01/05/2008,1.2349008354739544,1.314541848045634,1.2349008354739544,1.310727834701538,1.310727834701538,1120076800
02/05/2008,1.3392586504055062,1.3392586504055062,1.29425035639245,1.3250689506530762,1.3250689506530762,1012832000
05/05/2008,1.314847785195273,1.3311720603958428,1.2969964375525764,1.3079813718795776,1.3079813718795776,642604800
06/05/2008,1.300811587700068,1.3366647958755493,1.28341816117317,1.3366647958755493,1.3366647958755493,889068800
07/05/2008,1.326289679429295,1.3410896741617135,1.268160827798378,1.2846382856369019,1.2846382856369019,1013568000
08/05/2008,1.2879953824615926,1.3121009861653787,1.278687911931124,1.2863168716430664,1.2863168716430664,1090342400
09/05/2008,1.274873862913943,1.2986748430274455,1.2689234141828036,1.28555428981781,1.28555428981781,889708800
12/05/2008,1.2892160768186745,1.3374282194539342,1.2849441383880245,1.3336131572723389,1.3336131572723389,755699200
13/05/2008,1.3343768077659228,1.3449039353958743,1.3140842845568215,1.3413945436477661,1.3413945436477661,888793600
14/05/2008,1.3494804346032894,1.376943062115207,1.328578666401683,1.3302571773529053,1.3302571773529053,893184000
15/05/2008,1.3330026226959815,1.3822828531265259,1.3258325193474192,1.3822828531265259,1.3822828531265259,880646400
16/05/2008,1.3853343200456232,1.3867071600549246,1.3507006652205023,1.3822828531265259,1.3822828531265259,776800000
19/05/2008,1.3835037210840067,1.4065420391020962,1.3445981210663522,1.3688570261001587,1.3688570261001587,1040748800
20/05/2008,1.3508544752153588,1.3516171385298505,1.3204928626336354,1.343988060951233,1.343988060951233,926176000
21/05/2008,1.3435310444989232,1.3589402873317067,1.2731954985519027,1.2887581586837769,1.2887581586837769,1023104000
22/05/2008,1.287385109073001,1.3075243273493866,1.2779252695787169,1.2861645221710205,1.2861645221710205,946060800
23/05/2008,1.280824085355802,1.2901306227755789,1.2617532031859497,1.2818924188613892,1.2818924188613892,738931200
27/05/2008,1.2870793239150058,1.3301044845709828,1.2864690305183675,1.3252222537994385,1.3252222537994385,792563200
28/05/2008,1.3401738023816796,1.3435309404548343,1.3116430758271673,1.3406318426132202,1.3406318426132202,839865600
29/05/2008,1.338648868769877,1.3761805883285965,1.3375806512164927,1.36504328250885,1.36504328250885,882828800
30/05/2008,1.3716037580547662,1.3906747609185612,1.3645850916911737,1.3807579278945923,1.3807579278945923,730227200
02/06/2008,1.3726708181745062,1.3731287419340317,1.3206446727716077,1.3497858047485352,1.3497858047485352,987193600
03/06/2008,1.3546682656659172,1.3716037651409736,1.3052356551542013,1.333308458328247,1.333308458328247,1074073600
04/06/2008,1.32140764504871,1.382283233730454,1.3200346882598117,1.3560411930084229,1.3560411930084229,982099200
05/06/2008,1.3691628693274813,1.412034862390539,1.3609236142278986,1.4073048830032349,1.4073048830032349,902118400
06/06/2008,1.3833513810603801,1.3893019465923162,1.3140841722488403,1.3140841722488403,1.3140841722488403,1139174400
09/06/2008,1.326137710860514,1.3302573966704871,1.263889155838401,1.3114910125732422,1.3114910125732422,1036710400
10/06/2008,1.2826552407253988,1.3168308620900788,1.2764001688241662,1.294402837753296,1.294402837753296,933209600
11/06/2008,1.2910470144127613,1.2947086594574735,1.2320021878057958,1.235053539276123,1.235053539276123,1009939200
12/06/2008,1.25107320660139,1.2719750924472062,1.2133881890726514,1.237342357635498,1.237342357635498,923110400
13/06/2008,1.2506152540400768,1.289216118461167,1.2373423292671644,1.2837235927581787,1.2837235927581787,803302400
16/06/2008,1.2722801901623397,1.3188138077134406,1.2690764701150647,1.3021838665008545,1.3021838665008545,713766400
17/06/2008,1.3154581191870731,1.3211030144046052,1.289368448301795,1.2957758903503418,1.2957758903503418,659014400
18/06/2008,1.27807787916725,1.2884526379234371,1.2550406044872418,1.2670929431915283,1.2670929431915283,866617600
19/06/2008,1.260379447103739,1.3177457496566714,1.2437495038841977,1.30294668674469,1.30294668674469,1059968000
20/06/2008,1.2837233269601342,1.2840280662750396,1.2228477493551209,1.2388672828674316,1.2388672828674316,1279577600
23/06/2008,1.2443597303327385,1.2515307651191565,1.2098794916812572,1.2112523317337036,1.2112523317337036,924038400
24/06/2008,1.2038198353651195,1.2314462091034426,1.1822987041358075,1.203667402267456,1.203667402267456,938208000
25/06/2008,1.2129776286831344,1.2631937878976194,1.2091620273779646,1.2296143770217896,1.2296143770217896,971648000
26/06/2008,1.1938987096405884,1.1958826686369641,1.1394079022771382,1.1426138877868652,1.1426138877868652,1457721600
27/06/2008,1.139561511081214,1.1526874108347906,1.1065926400623471,1.1458191871643066,1.1458191871643066,1126060800
30/06/2008,1.1340666779798334,1.1499405656042239,1.1157506000516706,1.1195662021636963,1.1195662021636963,830841600
01/07/2008,1.0994185932613716,1.1500928773477503,1.0920922552814367,1.148871898651123,1.148871898651123,1242892800
02/07/2008,1.1542139281465664,1.1642872031345088,1.0891916210786927,1.0925500392913818,1.0925500392913818,1203097600
03/07/2008,1.1059816141723235,1.109797214705767,1.0710278672481044,1.0867493152618408,1.0867493152618408,739436800
07/07/2008,1.109797765397008,1.1285719593434052,1.0693502369921863,1.1032342910766602,1.1032342910766602,1230918400
08/07/2008,1.1050656518618236,1.155281813018671,1.095297125234649,1.1423081159591675,1.1423081159591675,1523456000
09/07/2008,1.1522291495090988,1.157266777825788,1.0916339103712704,1.09880793094635,1.09880793094635,1279372800
10/07/2008,1.0962134213618122,1.1247552072961293,1.0739284955462667,1.1177345514297485,1.1177345514297485,1150080000
11/07/2008,1.0952973645856854,1.1174289291882131,1.048286247137989,1.0832390785217285,1.0832390785217285,1525894400
14/07/2008,1.1111712914448542,1.1130028178698943,1.0592759078177496,1.0675185918807983,1.0675185918807983,1135936000
15/07/2008,1.054849610390402,1.1000290802797459,1.021728425298123,1.062938928604126,1.062938928604126,1623366400
16/07/2008,1.0713340006973244,1.1209396179786701,1.0519492626682012,1.1137655973434448,1.1137655973434448,1204550400
17/07/2008,1.1310137849469575,1.143224501890659,1.1017082040221062,1.1090346574783325,1.1090346574783325,1253017600
18/07/2008,1.110102494734763,1.110102494734763,1.086597517830421,1.0949925184249878,1.0949925184249878,938035200
21/07/2008,1.1029291553019396,1.1122395666571152,1.0782020433151305,1.0959075689315796,1.0959075689315796,710099200
22/07/2008,1.0553078550464716,1.0949925184249878,1.0476757187330912,1.0949925184249878,1.0949925184249878,1166649600
23/07/2008,1.0939240284528493,1.1449031902568738,1.0882768988125886,1.1200246810913086,1.1200246810913086,1333984000
24/07/2008,1.130707901175422,1.1308602177836224,1.0760655989335717,1.0817128419876099,1.0817128419876099,1001952000
25/07/2008,1.0997234977138746,1.1241448192462709,1.0893444215063504,1.110713005065918,1.110713005065918,740652800
28/07/2008,1.114375958533171,1.125365462610183,1.062023410214233,1.0769809484481812,1.0769809484481812,948441600
29/07/2008,1.081865268055816,1.1253655216490268,1.0798813090982717,1.1091868877410889,1.1091868877410889,920275200
30/07/2008,1.1218555127576109,1.1392552383699466,1.09316048681185,1.128265619277954,1.128265619277954,979865600
31/07/2008,1.1053716205601138,1.1542143828447458,1.1001816745868753,1.1244505643844604,1.1244505643844604,1066112000
01/08/2008,1.124908639531734,1.12628205126953,1.0696548436687465,1.0972812175750732,1.0972812175750732,961113600
04/08/2008,1.09407619682566,1.0948390610422782,1.0649229291366986,1.075302004814148,1.075302004814148,695328000
05/08/2008,1.0934658333430474,1.145513653595619,1.090718892870565,1.1413931846618652,1.1413931846618652,883315200
06/08/2008,1.1424605374834365,1.1867247046183256,1.1253655578337827,1.175582766532898,1.175582766532898,861612800
07/08/2008,1.1629141637379479,1.1882507821971413,1.1497872160075973,1.163372278213501,1.163372278213501,841401600
08/08/2008,1.158487897715093,1.2172514955857066,1.1536036339836346,1.209008812904358,1.209008812904358,954188800
11/08/2008,1.21099365248649,1.2605992635482706,1.2024461048024426,1.231751799583435,1.231751799583435,997164800
12/08/2008,1.2337357385231889,1.2541880875444882,1.2210669084994734,1.2366360425949097,1.2366360425949097,819052800
13/08/2008,1.2320566163256617,1.2523566501611898,1.2076352997208464,1.2306830883026123,1.2306830883026123,958009600
14/08/2008,1.2218297760740817,1.2700618539481285,1.2199981339586101,1.2601408958435059,1.2601408958435059,985248000
15/08/2008,1.2638044974565303,1.2752522344406236,1.2438092115703414,1.2609041929244995,1.2609041929244995,829344000
18/08/2008,1.2609043845762642,1.2622788445294768,1.207483156531156,1.233583688735962,1.233583688735962,825510400
19/08/2008,1.2132824312377974,1.224425417540561,1.1809242302959801,1.2027510404586792,1.2027510404586792,831500800
20/08/2008,1.2122147978989146,1.221677644018642,1.1807718916280117,1.195882797241211,1.195882797241211,1024723200
21/08/2008,1.1798565442583073,1.1980191386610606,1.1627615637114128,1.1816880702972412,1.1816880702972412,808377600
22/08/2008,1.1983248988224668,1.2279352287393446,1.1969513707864052,1.2149616479873657,1.2149616479873657,689868800
25/08/2008,1.2004611470652489,1.2042776797026127,1.1616927260882985,1.169782042503357,1.169782042503357,795360000
26/08/2008,1.1685611228189678,1.1815347039600266,1.1487193190415006,1.1650503873825073,1.1650503873825073,838393600
27/08/2008,1.164593287409062,1.196493377378509,1.1558923736171196,1.1766505241394043,1.1766505241394043,805478400
28/08/2008,1.1873350764807096,1.2059558980120129,1.1815344688529,1.1830613613128662,1.1830613613128662,680716800
29/08/2008,1.171766511618351,1.1784824195366999,1.1372719074472204,1.1459717750549316,1.1459717750549316,879635200
02/09/2008,1.1839768731530718,1.1937454000089807,1.1081182987111244,1.1171239614486694,1.1171239614486694,1141542400
03/09/2008,1.113154940309616,1.1227710336075107,1.0814071713690505,1.0966705083847046,1.0966705083847046,1236364800
04/09/2008,1.0835448004974637,1.0875128360460886,1.0231019828500394,1.026002287864685,1.026002287864685,1763404800
05/09/2008,1.009059403449027,1.032107306732428,0.9858591835469008,1.0224910974502563,1.0224910974502563,1602617600
08/09/2008,1.0469126875059769,1.0516445181056708,0.9799062910512999,1.0108911991119385,1.0108911991119385,1637305600
09/09/2008,1.0104328184402254,1.0314967629031564,0.9634217728220281,0.9728855490684509,0.9728855490684509,1255411200
10/09/2008,0.9876910770677501,1.0023438713740085,0.9690693154460062,0.9817381501197815,0.9817381501197815,890912000
11/09/2008,0.9564007333399048,1.0252376281897821,0.9554844467674823,1.021422028541565,1.021422028541565,1328108800
12/09/2008,1.0035646497980242,1.0263067566292845,0.9890642931958147,1.0253914594650269,1.0253914594650269,977753600
15/09/2008,0.9670851542604881,1.006769811792067,0.9470899266008472,0.9583852887153625,0.9583852887153625,1582764800
16/09/2008,0.9241953071739323,0.9837218227077595,0.9220579834391599,0.9646429419517517,0.9646429419517517,2132230400
17/09/2008,0.9409846665515524,0.949379783240302,0.8646679646548243,0.8684845566749573,0.8684845566749573,2326515200
18/09/2008,0.9034371391225164,0.938695641352459,0.834599227409309,0.9312158823013306,0.9312158823013306,2372896000
19/09/2008,1.0192862299363794,1.0226437173625675,0.9480062315502393,0.9667803645133972,0.9667803645133972,1062764800
22/09/2008,0.974563734668876,0.977616471698973,0.8929056101265208,0.893668532371521,0.893668532371521,1072889600
23/09/2008,0.9077108961271401,0.9284690436077512,0.8724523340600339,0.8761155605316162,0.8761155605316162,1784864000
24/09/2008,0.8860365589644148,0.9074052562408685,0.8752003012597679,0.8942792415618896,0.8942792415618896,1331500800
25/09/2008,0.905116346797628,0.9408320317210807,0.897636529534067,0.9034371376037598,0.9034371376037598,1528147200
26/09/2008,0.8636000813439356,0.9078632568907282,0.8610045851365119,0.8974841833114624,0.8974841833114624,1254144000
29/09/2008,0.8640574400722123,0.8703161057439174,0.714324288992947,0.7242452502250671,0.7242452502250671,2718585600
30/09/2008,0.7474454644974367,0.8059043157615694,0.7425612005044893,0.799494206905365,0.799494206905365,1554534400
01/10/2008,0.7875879962420652,0.7947620146186289,0.7573671265045551,0.7785823941230774,0.7785823941230774,1620377600
02/10/2008,0.7656089971009914,0.7665252841006368,0.7004343069036174,0.7158510088920593,0.7158510088920593,1964652800
03/10/2008,0.7239402855778083,0.7613352386354173,0.6786084488020545,0.6830345392227173,0.6830345392227173,2824569600
06/10/2008,0.6500656860938151,0.6541870265146048,0.5597067690049625,0.6190809011459351,0.6190809011459351,3916358400
07/10/2008,0.6428917499698548,0.6457920542172829,0.5561959895561599,0.5571122765541077,0.5571122765541077,3110828800
08/10/2008,0.5325376402639397,0.6044281838240158,0.5262799066819749,0.5429167151451111,0.5429167151451111,4987097600
09/10/2008,0.5693231207084483,0.5887068134665691,0.49437982904660127,0.5009433031082153,0.5009433031082153,4425280000
10/10/2008,0.4812527714293617,0.5462750864486987,0.4449265365365446,0.5084220170974731,0.5084220170974731,4740928000
13/10/2008,0.555280769076647,0.6334290504455566,0.5409327269867794,0.6334290504455566,0.6334290504455566,2673683200
14/10/2008,0.6622766037762843,0.6641082466575811,0.5606222870651584,0.5746645331382751,0.5746645331382751,3801804800
15/10/2008,0.5609279726099876,0.5658122367059225,0.4696527123451233,0.4696527123451233,0.4696527123451233,3394016000
16/10/2008,0.4792687822625363,0.5230748057365417,0.4314947825355792,0.5230748057365417,0.5230748057365417,5613836800
17/10/2008,0.5036900799050787,0.5677961017198171,0.49712660797253694,0.522006094455719,0.522006094455719,4111097600
20/10/2008,0.5415431997404677,0.5571122765541077,0.5046064172687054,0.5571122765541077,0.5571122765541077,2546252800
21/10/2008,0.533301284568062,0.5546699128873873,0.49697407493283313,0.5010954141616821,0.5010954141616821,2752345600
22/10/2008,0.491479472048554,0.49956878927470166,0.44034702432679856,0.4672105014324188,0.4672105014324188,2978137600
23/10/2008,0.464311279085204,0.4827796728238699,0.41668964750564413,0.4629368484020233,0.4629368484020233,3661382400
24/10/2008,0.39043670824134286,0.4568314822772106,0.38982616070284565,0.4362267255783081,0.4362267255783081,3145766400
27/10/2008,0.4237103217512049,0.4548475202022424,0.4023416515808833,0.41073670983314514,0.41073670983314514,2875110400
28/10/2008,0.4385155159261153,0.5021643723569483,0.4148580785126517,0.49666956067085266,0.49666956067085266,3720396800
29/10/2008,0.5026214293185308,0.5391010261661369,0.4812527354975602,0.5020108819007874,0.5020108819007874,3313126400
30/10/2008,0.5267380462363652,0.5386429651357513,0.5047588028219185,0.528111457824707,0.528111457824707,3164121600
31/10/2008,0.51574844734677,0.5508536479450705,0.507353390037852,0.5308594107627869,0.5308594107627869,2557939200
03/11/2008,0.5302488530264727,0.5407803023752311,0.5209375088393079,0.5333015322685242,0.5333015322685242,1531443200
04/11/2008,0.5526853615968091,0.5691697987452814,0.5363543473982453,0.5636749863624573,0.5636749863624573,2004947200
05/11/2008,0.552228230403551,0.555585718757346,0.49987472538791405,0.5021644830703735,0.5021644830703735,2146412800
06/11/2008,0.4867476914546554,0.4975848822498652,0.45210062898058867,0.4546951651573181,0.4546951651573181,3151692800
07/11/2008,0.46827907486005854,0.48445869507651,0.4582057720254728,0.47453680634498596,0.47453680634498596,2520390400
10/11/2008,0.4989582608210109,0.49972217299423904,0.45149002768190166,0.4666000008583069,0.4666000008583069,2019488000
11/11/2008,0.45286348049578407,0.46232626811923283,0.4311890731896646,0.44813162088394165,0.44813162088394165,2901536000
12/11/2008,0.429510767027696,0.4342416652940149,0.4002051603071268,0.40279969573020935,0.40279969573020935,2894784000
13/11/2008,0.3997470234318173,0.45179476559556,0.36158818732220094,0.44996315240859985,0.44996315240859985,4739315200
14/11/2008,0.4307318935731948,0.4490479112766416,0.4029521274632606,0.40570002794265747,0.40570002794265747,4017075200
17/11/2008,0.3922682257746067,0.41317877670397785,0.3855523786708237,0.3899784982204437,0.3899784982204437,3202387200
18/11/2008,0.3942522032392134,0.3994412740426973,0.3625044653124371,0.38646766543388367,0.38646766543388367,4219782400
19/11/2008,0.3892156513877175,0.39989950574878397,0.34434093028289725,0.34647828340530396,0.34647828340530396,3621836800
20/11/2008,0.3385413279687666,0.36250450136065915,0.31091393810400536,0.31488290429115295,0.31488290429115295,5974124800
21/11/2008,0.32373514191458946,0.3437303679261891,0.3009930054040796,0.3396090269088745,0.3396090269088745,5362598400
24/11/2008,0.3538047001348456,0.3904367081757631,0.3480041200574798,0.3800576329231262,0.3800576329231262,3662035200
25/11/2008,0.3901309214756183,0.39074146898581463,0.3606729357088892,0.37746211886405945,0.37746211886405945,3014950400
26/11/2008,0.37120436099998383,0.4102784966019543,0.36860985448940614,0.40859928727149963,0.40859928727149963,2864876800
28/11/2008,0.40157879537788826,0.4058525126495154,0.3959315787386991,0.4035627841949463,0.4035627841949463,649408000
01/12/2008,0.38662012447648847,0.38662012447648847,0.34220454023386876,0.3435779809951782,0.3435779809951782,2601382400
02/12/2008,0.3518197289938597,0.3669306935347907,0.340525356232179,0.3655572235584259,0.3655572235584259,2950828800
03/12/2008,0.346783044569713,0.3878412008988382,0.34510383509767995,0.38387322425842285,0.38387322425842285,3620761600
04/12/2008,0.37242546062042287,0.3898261524361171,0.3507520132886897,0.3632674515247345,0.3632674515247345,3048198400
05/12/2008,0.3562467893760002,0.39593144301613536,0.34159397044790735,0.3924206495285034,0.3924206495285034,3368147200
08/12/2008,0.4098203837594115,0.43469987479181454,0.40692109820945,0.4235578775405884,0.4235578775405884,2821516800
09/12/2008,0.41241584619247507,0.445231285400829,0.40951554214925534,0.4201993942260742,0.4201993942260742,2766342400
10/12/2008,0.42523709823271505,0.43469988627789424,0.41134722921814015,0.41974231600761414,0.41974231600761414,2192640000
11/12/2008,0.4166895517395887,0.4293573915109373,0.3924206125226343,0.396541953086853,0.396541953086853,1909267200
12/12/2008,0.3855524065944981,0.4171467829896384,0.3794470482579628,0.4119577407836914,0.4119577407836914,2646476800
15/12/2008,0.4137893357482451,0.4148580267637154,0.3858571954489166,0.3976097106933594,0.3976097106933594,1780428800
16/12/2008,0.4350055158138275,0.43836294391551556,0.40447884768040027,0.4350055158138275,0.4350055158138275,2131968000
17/12/2008,0.42691536049994006,0.4368372531202223,0.4148580653008234,0.4247789680957794,0.4247789680957794,1832435200
18/12/2008,0.42554188520507436,0.4308843217742017,0.4018834881278164,0.4110414683818817,0.4110414683818817,1739680000
19/12/2008,0.4194365855213455,0.43088435278799625,0.4139418027959098,0.4156210124492645,0.4156210124492645,1661164800
22/12/2008,0.41684192958400257,0.4188259174096097,0.3850941941866634,0.3994412422180176,0.3994412422180176,1603526400
23/12/2008,0.4006623829820807,0.4095155835114592,0.38936798234224446,0.39440464973449707,0.39440464973449707,1478828800
24/12/2008,0.3980678070274507,0.3983735756510836,0.392114853211486,0.39547327160835266,0.39547327160835266,361849600
26/12/2008,0.39883082901540134,0.39883082901540134,0.3919625763739524,0.3957781493663788,0.3957781493663788,294259200
29/12/2008,0.3980679096507408,0.39898419682024105,0.37776790133096255,0.3857048451900482,0.3857048451900482,872089600
30/12/2008,0.3905890455419277,0.407225853002963,0.389826123204774,0.4032578766345978,0.4032578766345978,1143532800
31/12/2008,0.40371503146908555,0.42111572202953773,0.4032578777831188,0.410430908203125,0.410430908203125,1261484800
02/01/2009,0.4133312226909679,0.44996323079952677,0.41073668677308967,0.4466058015823364,0.4466058015823364,1475475200
05/01/2009,0.4418739125884956,0.45683148304402293,0.43561617877101244,0.4466058015823364,0.4466058015823364,1725651200
06/01/2009,0.45515326859711996,0.46476843174268,0.45026900467465236,0.4557637870311737,0.4557637870311737,2101619200
07/01/2009,0.4411110206638583,0.4437055567610567,0.4235579232519714,0.43027380108833313,0.43027380108833313,1636352000
08/01/2009,0.4272210440922125,0.4403469986790701,0.42065754277371536,0.43958407640457153,0.43958407640457153,1744870400
09/01/2009,0.44065281986388927,0.4408051947269357,0.41607909804058857,0.4200470745563507,0.4200470745563507,1596710400
12/01/2009,0.4209634027048106,0.4217263251447812,0.3962362846668346,0.4044789969921112,0.4044789969921112,1513324800
13/01/2009,0.4046314240229188,0.416689710815073,0.39486289467114666,0.40402090549468994,0.40402090549468994,1681273600
14/01/2009,0.393794103220243,0.39760970476656,0.37547811534517733,0.3797518312931061,0.3797518312931061,1874438400
15/01/2009,0.3777677748166482,0.3983735449380213,0.36525134984004143,0.39089375734329224,0.39089375734329224,2477337600
16/01/2009,0.4035626376514662,0.40554662574808953,0.3817357991131093,0.400662362575531,0.400662362575531,2330841600
20/01/2009,0.3969991320533464,0.40050995454646265,0.36082527300353856,0.3625044822692871,0.3625044822692871,2157945600
21/01/2009,0.3724254710298653,0.3919625557059026,0.3641837487922761,0.39028334617614746,0.39028334617614746,2047974400
22/01/2009,0.3744094100113263,0.39303116582877656,0.3675411586383701,0.3820415735244751,0.3820415735244751,2054265600
23/01/2009,0.3690680260741088,0.396083880308719,0.36433613725786684,0.3835674524307251,0.3835674524307251,2100006400
26/01/2009,0.38616297302436114,0.40279978252580567,0.3805147967811651,0.3893680274486542,0.3893680274486542,1928780800
27/01/2009,0.3904367314621233,0.40203687337089417,0.3899785878809309,0.3957781493663788,0.3957781493663788,1643763200
28/01/2009,0.4093632018857509,0.4311890513497674,0.4087526544119253,0.42218440771102905,0.42218440771102905,2317088000
29/01/2009,0.4125682059241515,0.4147045977987197,0.39913648336412255,0.40188339352607727,0.40188339352607727,1822316800
30/01/2009,0.40798883386191565,0.41104148436110605,0.3843313965777802,0.3866201639175415,0.3866201639175415,1857670400
02/02/2009,0.3794471230632378,0.4021892642014634,0.378988979463877,0.39669448137283325,0.39669448137283325,1807820800
03/02/2009,0.3982202237864054,0.41211009074936306,0.38692582392610453,0.40936318039894104,0.40936318039894104,1952128000
04/02/2009,0.41058428560306226,0.42935745674059006,0.40707346280062295,0.4096679985523224,0.4096679985523224,2168153600
05/02/2009,0.3976096459559785,0.43378449177908357,0.3976096459559785,0.4282896816730499,0.4282896816730499,2627801600
06/02/2009,0.43256342932996544,0.4546950156430455,0.4289002322694353,0.45011553168296814,0.45011553168296814,2390707200
09/02/2009,0.45133666456122995,0.45942697194886123,0.4456894787360785,0.455153226852417,0.455153226852417,1966048000
10/02/2009,0.44874215373380166,0.45957937229226964,0.4145522784039653,0.4209633767604828,0.4209633767604828,3138188800
11/02/2009,0.4208100097633935,0.4260000130426624,0.40447896984984183,0.41791069507598877,0.41791069507598877,2021523200
12/02/2009,0.40722583874666696,0.42813636138400774,0.4017310280711481,0.4273734390735626,0.4273734390735626,2845056000
13/02/2009,0.42432081270016037,0.4330206783750651,0.4197423175562467,0.42279496788978577,0.42279496788978577,2116345600
17/02/2009,0.3965419879056959,0.40218917345987293,0.3855523956153865,0.3907414376735687,0.3907414376735687,2483891200
18/02/2009,0.3951675670301366,0.4015786648794831,0.38036237298431375,0.38967275619506836,0.38967275619506836,2430355200
19/02/2009,0.3948628306337008,0.3998994985028328,0.3762410723860315,0.3785308003425598,0.3785308003425598,2036998400
20/02/2009,0.3695250695797305,0.3878410820402804,0.36784685044728616,0.37959936261177063,0.37959936261177063,2976972800
23/02/2009,0.38463619425881357,0.3850943378568095,0.3502939108541035,0.3534989655017853,0.3534989655017853,2659417600
24/02/2009,0.35731447712089154,0.38188918635045915,0.3562467760218956,0.3754780888557434,0.3754780888557434,2595270400
25/02/2009,0.3728835556828729,0.38677345185816986,0.3600623504384054,0.37120434641838074,0.37120434641838074,3262988800
26/02/2009,0.37578387129294644,0.38082053891747836,0.3507520055479967,0.3510567843914032,0.3510567843914032,2592627200
27/02/2009,0.34357798609340173,0.35563627038474366,0.34067771072628966,0.3437303900718689,0.3437303900718689,2482489600
02/03/2009,0.33380949586884767,0.3434256493975176,0.3176298684963774,0.32205697894096375,0.32205697894096375,2789760000
03/03/2009,0.32739826266132727,0.33457228114546633,0.3165620373498813,0.3214462995529175,0.3214462995529175,2486412800
04/03/2009,0.33075675065075233,0.3475459324533644,0.32877276252752324,0.33777740597724915,0.33777740597724915,2718470400
05/03/2009,0.3307567101243876,0.3362515201501969,0.3159515182590286,0.31824028491973877,0.31824028491973877,2543084800
06/03/2009,0.32159875237581786,0.325720093053343,0.29916139653997653,0.31335604190826416,0.31335604190826416,2782803200
09/03/2009,0.3072507824857223,0.32495625421069846,0.2970250715338328,0.29916146397590637,0.29916146397590637,2662112000
10/03/2009,0.31167785354280836,0.337320265671053,0.3092357218270238,0.3356410562992096,0.3356410562992096,2659622400
11/03/2009,0.34479900444094996,0.352583571509538,0.3351828533077045,0.3457143306732178,0.3457143306732178,2692896000
12/03/2009,0.346324870654315,0.37151012838765,0.33899847571238845,0.3690679967403412,0.3690679967403412,2623270400
13/03/2009,0.3701357862783246,0.37410472423126007,0.3605205929599916,0.3718149960041046,0.3718149960041046,2145433600
16/03/2009,0.3753256907097899,0.37761544744160214,0.3567039352046503,0.3582307696342468,0.3582307696342468,2177203200
17/03/2009,0.3629625853807896,0.3855523434805714,0.359909935824739,0.3852465748786926,0.3852465748786926,1769350400
18/03/2009,0.38311026094623846,0.40890504671694106,0.3794470344327847,0.395015150308609,0.395015150308609,3108902400
19/03/2009,0.40737826920669146,0.4075316339048536,0.38952042319867397,0.3948628306388855,0.3948628306388855,2050752000
20/03/2009,0.39593141022754325,0.4056999650748023,0.3777677993160165,0.38341501355171204,0.38341501355171204,1976985600
23/03/2009,0.4011205886734093,0.4287469932279514,0.39471045046125136,0.42859458923339844,0.42859458923339844,2146688000
24/03/2009,0.4214205337820697,0.42767925731911854,0.4121101497618031,0.4134836196899414,0.4134836196899414,1861984000
25/03/2009,0.4191317586046136,0.4314948218104926,0.39440467148009184,0.4162314832210541,0.4162314832210541,2333324800
26/03/2009,0.4279839309638182,0.4426367187127214,0.42386256147973866,0.4423319399356842,0.4423319399356842,2657696000
27/03/2009,0.43210523703536147,0.4350055115309771,0.4218785401343561,0.4246264398097992,0.4246264398097992,1868876800
30/03/2009,0.41043096968882525,0.4108891132686387,0.3924207187740064,0.4031045734882355,0.4031045734882355,1966278400
31/03/2009,0.4113472615922519,0.4281364466672578,0.40997379154982316,0.41226255893707275,0.41226255893707275,1843731200
01/04/2009,0.40066238056134146,0.42584760968335433,0.3968467790474731,0.42371025681495667,0.42371025681495667,1945958400
02/04/2009,0.43882114250717863,0.46415781211544743,0.43576849277741325,0.45087942481040955,0.45087942481040955,2867379200
03/04/2009,0.4586629803203054,0.4681267267972702,0.4522528732549081,0.46736380457878113,0.46736380457878113,1767468800
06/04/2009,0.45576376112044803,0.46644761476517843,0.44691056018601355,0.4646160304546356,0.4646160304546356,1833568000
07/04/2009,0.4542369174135538,0.4542369174135538,0.43424169187121525,0.4391259551048279,0.4391259551048279,1613017600
08/04/2009,0.4487421700080946,0.46018993650615336,0.4423320612443879,0.4557637870311737,0.4557637870311737,1609676800
09/04/2009,0.4717900968853276,0.48506944915246586,0.46904222507039695,0.483084499835968,0.483084499835968,1943648000
13/04/2009,0.47850586195626776,0.4869009478191432,0.471179467056437,0.4818633198738098,0.4818633198738098,1383603200
14/04/2009,0.4757579463259045,0.4812527274309783,0.46385302880453616,0.46950021386146545,0.46950021386146545,1497120000
15/04/2009,0.4629368175559969,0.4688897430896759,0.451794820460434,0.4688897430896759,0.4688897430896759,1583974400
16/04/2009,0.47957457961064476,0.4968218768570974,0.4708737246186333,0.49209004640579224,0.49209004640579224,1849260800
17/04/2009,0.4890373695971406,0.49880589672304865,0.4823214926418252,0.4923957884311676,0.4923957884311676,1452729600
20/04/2009,0.47499508067861934,0.47881065308017906,0.45637428501833655,0.4606480300426483,0.4606480300426483,1469632000
21/04/2009,0.4571372126513591,0.47575800852733596,0.4563742903047508,0.4739263951778412,0.4739263951778412,1668038400
22/04/2009,0.4688897251722931,0.4988058822990607,0.4658370750899741,0.47820013761520386,0.47820013761520386,2092883200
23/04/2009,0.48384827125461877,0.48812201619148254,0.46873733787736693,0.48812201619148254,0.48812201619148254,1472755200
24/04/2009,0.4939215220373918,0.5105583263510068,0.4856798022073755,0.504300594329834,0.504300594329834,1593561600
27/04/2009,0.49514262386592583,0.5146797345248527,0.4937692123526481,0.5047587752342224,0.5047587752342224,1499513600
28/04/2009,0.4981953134489427,0.510405971479552,0.49361678976567275,0.49773719906806946,0.49773719906806946,1285670400
29/04/2009,0.5050636812044731,0.5247541021347046,0.5036902111995548,0.5110166072845459,0.5110166072845459,1645292800
30/04/2009,0.5242959453005074,0.5398640335320845,0.5139168704626954,0.5207850933074951,0.5207850933074951,1807251200
01/05/2009,0.5213956046899466,0.5287219996751085,0.5128481147614188,0.5235329866409302,0.5235329866409302,1289958400
04/05/2009,0.5336061487921806,0.5461226021828648,0.5285695116913495,0.5456644296646118,0.5456644296646118,1297952000
05/05/2009,0.5429165859248468,0.5445957949832256,0.5314697834268913,0.5439852476119995,0.5439852476119995,1117676800
06/05/2009,0.5525329435725501,0.553295866060499,0.5264323538911574,0.5438330769538879,0.5438330769538879,1682528000
07/05/2009,0.5505489783210964,0.5514643340087565,0.5085745546054201,0.5178849697113037,0.5178849697113037,1719552000
08/05/2009,0.5232271754613413,0.5342167967697509,0.5087267607182628,0.5197163820266724,0.5197163820266724,1620915200
11/05/2009,0.5049113621393367,0.5334540271928383,0.5021644218258524,0.5229225754737854,0.5229225754737854,1182342400
12/05/2009,0.5253647217647007,0.526585758833851,0.4972801704739063,0.5099480152130127,0.5099480152130127,1319705600
13/05/2009,0.5010956179165891,0.5015537322976961,0.4811003924515298,0.48171091079711914,0.48171091079711914,1499219200
14/05/2009,0.4847636219856945,0.5020109483446542,0.48415307448714173,0.49209004640579224,0.49209004640579224,1184128000
15/05/2009,0.49147950776970967,0.5055217511395511,0.4882744535820913,0.4910213351249695,0.4910213351249695,1045017600
18/05/2009,0.4989582685487079,0.5188011204556812,0.49315870779375187,0.5171219110488892,0.5171219110488892,923884800
19/05/2009,0.5148321238743672,0.5328433322286428,0.5093373131663077,0.5230748057365417,0.5230748057365417,1040729600
20/05/2009,0.5270428457400459,0.5423061847864439,0.5162065876913202,0.5188011527061462,0.5188011527061462,1440819200
21/05/2009,0.5119329682362389,0.5178849635740989,0.48995377681247637,0.49987468123435974,0.49987468123435974,1177772800
22/05/2009,0.5039957623592123,0.5094905719249395,0.490105897823629,0.4960588216781616,0.4960588216781616,789382400
26/05/2009,0.48598477670699763,0.5346751043543354,0.4858323727045571,0.533912181854248,0.533912181854248,1449804800
27/05/2009,0.5304010629771001,0.5456643962167295,0.522616555743905,0.5250586867332458,0.5250586867332458,1290848000
28/05/2009,0.5333015376487491,0.5420014028300509,0.5162065570108035,0.5392534732818604,0.5392534732818604,1210444800
29/05/2009,0.5395591786414027,0.5520745850888088,0.5325375342488959,0.5510069131851196,0.5510069131851196,1094265600
01/06/2009,0.5629119125633644,0.5868751152745304,0.5594010607425504,0.5842805504798889,0.5842805504798889,1440185600
02/06/2009,0.5766494056294568,0.596033094635182,0.5746643984936447,0.5842805504798889,0.5842805504798889,1315769600
03/06/2009,0.5804647949690325,0.5827544927597046,0.5685588904824608,0.5827544927597046,0.5827544927597046,1234854400
04/06/2009,0.5838224041212356,0.5954225145580789,0.5818383869192448,0.5945072174072266,0.5945072174072266,1252921600
05/06/2009,0.6015279072353448,0.6053444403840182,0.5838224377232212,0.5960330963134766,0.5960330963134766,1269100800
08/06/2009,0.5879436534586182,0.600764856801018,0.5743595279342325,0.5914544463157654,0.5914544463157654,1068640000
09/06/2009,0.5977122936137497,0.6080913677620741,0.5919127330912597,0.6013755202293396,0.6013755202293396,1092236800
10/06/2009,0.6083972844779091,0.6088544674034791,0.5797022435700264,0.5966438055038452,0.5966438055038452,1295692800
11/06/2009,0.5946596264830614,0.6102287620451333,0.5946596264830614,0.5960330963134766,0.5960330963134766,1083513600
12/06/2009,0.5917595624923706,0.5932863392517811,0.5768019596376975,0.5917595624923706,0.5917595624923706,968550400
15/06/2009,0.5801591689358941,0.5807697163773574,0.5571122548583453,0.5662702918052673,0.5662702918052673,1067923200
16/06/2009,0.5720697726971387,0.576038738091348,0.55512722910842,0.5563483238220215,0.5563483238220215,1090803200
17/06/2009,0.5595544622413412,0.576649443569317,0.5526852494562423,0.5656598210334778,0.5656598210334778,1480448000
18/06/2009,0.564438606986329,0.5717650003015251,0.5566540411592534,0.5627593398094177,0.5627593398094177,898086400
19/06/2009,0.5716117147330932,0.5824489022719761,0.5685590358732022,0.5754282474517822,0.5754282474517822,957408000
22/06/2009,0.56474352684896,0.5676438313400959,0.5398640357874108,0.5429167151451111,0.5429167151451111,1129862400
23/06/2009,0.5459694825677802,0.5474962591805188,0.5323853512712217,0.5398641228675842,0.5398641228675842,1088000000
24/06/2009,0.5487173472046165,0.5659647057397993,0.5479544247084683,0.5574172139167786,0.5574172139167786,989632000
25/06/2009,0.5511594606792668,0.5815337664080515,0.5479544060890238,0.5801593065261841,0.5801593065261841,1075027200
26/06/2009,0.5737492956947312,0.5856542187421938,0.5719177108470122,0.5822967886924744,0.5822967886924744,890060800
29/06/2009,0.5838225464277829,0.5937444398314927,0.574054017736732,0.5839759111404419,0.5839759111404419,800243200
30/06/2009,0.5879437182862546,0.593590903485632,0.5734433043296394,0.5815336108207703,0.5815336108207703,1058643200
01/07/2009,0.5870284730017583,0.5969493745873455,0.5822965844939375,0.5824489593505859,0.5824489593505859,907660800
02/07/2009,0.5729862943454993,0.5729862943454993,0.5540597843284867,0.5574172139167786,0.5574172139167786,689958400
06/07/2009,0.5507011383687364,0.5552805928875495,0.5398638936900529,0.5522279143333435,0.5522279143333435,716096000
07/07/2009,0.5514640671625827,0.5536013905086558,0.5236852684137717,0.5246005654335022,0.5246005654335022,1064294400
08/07/2009,0.5297905136316932,0.5339119117024864,0.5171217444686419,0.5293323993682861,0.5293323993682861,1116870400
09/07/2009,0.5322328141204306,0.5383381726272227,0.5275009836913742,0.5304012298583984,0.5304012298583984,738579200
10/07/2009,0.5273483625509026,0.5420012060969506,0.52490623166406,0.5357434749603271,0.5357434749603271,918297600
13/07/2009,0.5369647943681062,0.5561961121622789,0.5221586366096439,0.5555856227874756,0.5555856227874756,700371200
14/07/2009,0.5540595866278613,0.5623012776813417,0.5503963605179649,0.5595543384552002,0.5595543384552002,594323200
15/07/2009,0.578633290090907,0.5980179664218817,0.5734432877957669,0.5967969298362732,0.5967969298362732,867648000
16/07/2009,0.5920652417958616,0.614196864898502,0.5916070690746538,0.6111441850662231,0.6111441850662231,900710400
17/07/2009,0.6116020739044632,0.6187760930297237,0.6058015243856191,0.6177074313163757,0.6177074313163757,669363200
20/07/2009,0.6244233725804615,0.6331232374654661,0.6203020315361745,0.6297658085823059,0.6297658085823059,854054400
21/07/2009,0.6352607565950611,0.6395344734191895,0.6209127130709599,0.6395344734191895,0.6395344734191895,904377600
22/07/2009,0.6402971353058641,0.6560186425422231,0.6372444567204069,0.6486921906471252,0.6486921906471252,907430400
23/07/2009,0.647317907107277,0.6830345849290617,0.6459444373055276,0.6779979467391968,0.6779979467391968,1230208000
24/07/2009,0.6638021812390068,0.6786083919154454,0.658460794142923,0.6773872971534729,0.6773872971534729,875334400
27/07/2009,0.6772339599485077,0.6805923782550918,0.6619706241551443,0.6784550547599792,0.6784550547599792,850739200
28/07/2009,0.6720449428808002,0.6863919334424379,0.6638022036096812,0.6828821301460266,0.6828821301460266,1101216000
29/07/2009,0.6766233851147032,0.6805923506661344,0.6660919377052156,0.6773872971534729,0.6773872971534729,737420800
30/07/2009,0.6917346014312394,0.7066931924757998,0.6836452823272618,0.6851711273193359,0.6851711273193359,1027475200
31/07/2009,0.6856289610946363,0.6952451110789584,0.6799817765054358,0.6804399490356445,0.6804399490356445,804672000
03/08/2009,0.6964663929492234,0.7025717517092817,0.6883770749834752,0.7010449171066284,0.7010449171066284,821120000
04/08/2009,0.6957033672789712,0.7066929881255909,0.6923449488368856,0.7005876302719116,0.7005876302719116,738816000
05/08/2009,0.7048614823233151,0.7051662902974614,0.6815078348019742,0.6909716129302979,0.6909716129302979,918073600
06/08/2009,0.693413833267838,0.6979923582155984,0.6740291499171293,0.678913414478302,0.678913414478302,815564800
07/08/2009,0.6973815811365498,0.7024192087596716,0.68608721068951,0.6944822669029236,0.6944822669029236,834496000
10/08/2009,0.6905134511908957,0.6944823593350655,0.6772340720309041,0.6870025992393494,0.6870025992393494,613286400
11/08/2009,0.6796761611816163,0.6827288402989458,0.6670083201485996,0.6746395230293274,0.6746395230293274,802438400
12/08/2009,0.673113566749914,0.7071500395093943,0.6723496547283795,0.6953975558280945,0.6953975558280945,865497600
13/08/2009,0.703182203353697,0.7053185955376898,0.6870025784632543,0.7024192810058594,0.7024192810058594,734745600
14/08/2009,0.6964664545807865,0.6986028470682247,0.6744872659046283,0.6863921284675598,0.6863921284675598,659929600
17/08/2009,0.6647186167574625,0.6647186167574625,0.6460968592481096,0.6464026570320129,0.6464026570320129,836396800
18/08/2009,0.6544920109641853,0.6676189579881919,0.6512869565584427,0.6645662784576416,0.6645662784576416,552870400
19/08/2009,0.6502181317870149,0.6775397518438702,0.6483865476531809,0.6738765835762024,0.6738765835762024,616915200
20/08/2009,0.6735709911187097,0.692803240085783,0.6711288007736844,0.6902087330818176,0.6902087330818176,541452800
21/08/2009,0.6987561512123597,0.7111191853976406,0.6899029210165327,0.7073035836219788,0.7073035836219788,713913600
24/08/2009,0.7109667608696136,0.7182931559482696,0.7021135312921728,0.706234872341156,0.706234872341156,703827200
25/08/2009,0.7109667062759399,0.7247032083591437,0.707150115234651,0.7109667062759399,0.7109667062759399,714003200
26/08/2009,0.708676942564217,0.7195141884973838,0.7011981732769478,0.709135115146637,0.709135115146637,665760000
27/08/2009,0.7091350294057123,0.7144764162542936,0.6866976762066551,0.712034285068512,0.712034285068512,697203200
28/08/2009,0.7289768618913971,0.7363033140089013,0.7040974345934138,0.713713526725769,0.713713526725769,834809600
31/08/2009,0.7031821914310616,0.705166208721895,0.690819158139874,0.6986027359962463,0.6986027359962463,605267200
01/09/2009,0.6937184794193182,0.7187503440110381,0.6691447292281036,0.6726555228233337,0.6726555228233337,1140915200
02/09/2009,0.6667025988843337,0.6793714300897141,0.6648710146537484,0.6712821125984192,0.6712821125984192,685971200
03/09/2009,0.6781501926596133,0.6827287155866646,0.6642603276267051,0.6804399490356445,0.6804399490356445,508556800
04/09/2009,0.6828821580565119,0.7108133345319582,0.6812029488460667,0.709135115146637,0.709135115146637,589465600
08/09/2009,0.7207352165869003,0.7245508177198834,0.7135611970728137,0.7233297228813171,0.7233297228813171,450502400
09/09/2009,0.7234823079002871,0.7427145556470193,0.7181398712969811,0.7353881597518921,0.7353881597518921,695750400
10/09/2009,0.7364557563847913,0.7509561706670401,0.7324877802968339,0.7491245865821838,0.7491245865821838,523660800
11/09/2009,0.7511085696428008,0.7543146133756521,0.7401189483306081,0.7503456473350525,0.7503456473350525,577024000
14/09/2009,0.7404248914334718,0.7575198159888178,0.7398143438573825,0.7562987208366394,0.7562987208366394,530265600
15/09/2009,0.7559928772020983,0.766677691213208,0.7529401979668102,0.7613353133201599,0.7613353133201599,651955200
16/09/2009,0.7675929880195528,0.785908945582212,0.7627086666811665,0.7836201786994934,0.7836201786994934,640851200
17/09/2009,0.7801093443222051,0.7926248093704578,0.7761403785604969,0.7830096483230591,0.7830096483230591,708736000
18/09/2009,0.790488406256839,0.7921676154072518,0.7778195767220473,0.7868251800537109,0.7868251800537109,465196800
21/09/2009,0.7781255341239778,0.7952204573881783,0.7753776044389497,0.7901828289031982,0.7901828289031982,515968000
22/09/2009,0.7997987460712194,0.800256860371346,0.7878938296679265,0.7935410141944885,0.7935410141944885,544307200
23/09/2009,0.8001046208911221,0.8130782011393071,0.7834668243220888,0.7852984666824341,0.7852984666824341,875520000
24/09/2009,0.7923202015164431,0.795067141544962,0.7611829742746953,0.7718668580055237,0.7718668580055237,662336000
25/09/2009,0.7613352554598045,0.7723248183566318,0.7544669751586932,0.7584349513053894,0.7584349513053894,590489600
28/09/2009,0.7666777926873855,0.7930831309511946,0.7651510161800622,0.784077525138855,0.784077525138855,446092800
29/09/2009,0.783772547671752,0.7921676034722446,0.7703407960959888,0.7775148153305054,0.7775148153305054,533849600
30/09/2009,0.7834668533954985,0.7910990461968832,0.7544670127807509,0.7779720425605774,0.7779720425605774,874406400
01/10/2009,0.7727829711447024,0.7738516329347457,0.7326401472091675,0.7326401472091675,0.7326401472091675,764659200
02/10/2009,0.7225669767357596,0.7407296314987072,0.722108862272115,0.7276036739349365,0.7276036739349365,680972800
05/10/2009,0.7353881573976706,0.7463777803176893,0.7262301771143341,0.7396619319915771,0.7396619319915771,556038400
06/10/2009,0.7472928838237548,0.7726305421689752,0.7471405089894622,0.7653041481971741,0.7653041481971741,782726400
07/10/2009,0.7637773453013478,0.7706455670023206,0.7599617442119263,0.769730269908905,0.769730269908905,514700800
08/10/2009,0.7791930536195355,0.7904884136113906,0.7733934936960905,0.776750922203064,0.776750922203064,578201600
09/10/2009,0.7730877673380672,0.7880463549481237,0.7703408859878681,0.7846879363059998,0.7846879363059998,382720000
12/10/2009,0.7920143432650185,0.7999512857781358,0.77843021506137,0.7885044813156128,0.7885044813156128,377670400
13/10/2009,0.7872835060405542,0.7952204491731951,0.781482955215604,0.7883511781692505,0.7883511781692505,437312000
14/10/2009,0.8083464823493809,0.8124678240870632,0.7994942411178915,0.810025691986084,0.810025691986084,567334400
15/10/2009,0.8013259477321955,0.8092628928259538,0.7996467378396379,0.8071255683898926,0.8071255683898926,500947200
16/10/2009,0.8014781426007567,0.8039202743478397,0.7854518822715152,0.7967462539672852,0.7967462539672852,632384000
19/10/2009,0.7978149726618242,0.8138412341319301,0.7894199149226144,0.8113991022109985,0.8113991022109985,553945600
20/10/2009,0.8210152100411461,0.8214733244559745,0.8023934529735192,0.8123153448104858,0.8123153448104858,606630400
21/10/2009,0.8117048267470155,0.8345993691159929,0.8065148234328827,0.8091093301773071,0.8091093301773071,752947200
22/10/2009,0.8066672515581568,0.8223887640319663,0.7964415405490561,0.8162834048271179,0.8162834048271179,638124800
23/10/2009,0.8303255130616853,0.8316989245244645,0.8048354784155601,0.8097197413444519,0.8097197413444519,797702400
26/10/2009,0.8101778821746123,0.8326151788296516,0.7964413226348367,0.8039201498031616,0.8039201498031616,875782400
27/10/2009,0.8019363377885752,0.8081940717598374,0.7736984260542303,0.7801095247268677,0.7801095247268677,1075820800
28/10/2009,0.7738516957162923,0.7782778447054065,0.7413400715431675,0.744546115398407,0.744546115398407,975084800
29/10/2009,0.7543146342758049,0.7729354006067503,0.7498875537328302,0.7691197991371155,0.7691197991371155,686060800
30/10/2009,0.7683567518929656,0.7717142384243535,0.7268405202933185,0.7280615568161011,0.7280615568161011,1137433600
02/11/2009,0.7297399870231998,0.7497352155112513,0.7169187795898836,0.7338613867759705,0.7338613867759705,1087539200
03/11/2009,0.7285190807559366,0.7408831075558077,0.7237881806549562,0.7388981580734253,0.7388981580734253,779769600
04/11/2009,0.746988276536264,0.760419972265571,0.7395085164794163,0.7413401007652283,0.7413401007652283,772992000
05/11/2009,0.7581302808535689,0.7796513527500132,0.7572139937892288,0.7772091627120972,0.7772091627120972,564224000
06/11/2009,0.7707989220431823,0.7886568222677776,0.7678986763083971,0.7868251800537109,0.7868251800537109,545548800
09/11/2009,0.7984253803643563,0.8205569386482239,0.7973567185751036,0.8205569386482239,0.8205569386482239,539545600
10/11/2009,0.8185729459480511,0.8298673160035268,0.8164355642327717,0.8231514692306519,0.8231514692306519,562867200
11/11/2009,0.836430985548086,0.8442155541302395,0.8245260652756704,0.8344470262527466,0.8344470262527466,626726400
12/11/2009,0.8361261470207473,0.8452841263772661,0.8219304813354683,0.8257470726966858,0.8257470726966858,650150400
13/11/2009,0.8303256138002619,0.8437573093718002,0.825136542330684,0.839635968208313,0.839635968208313,488224000
16/11/2009,0.8466576030937082,0.8639049000629684,0.8437572987346457,0.8567309379577637,0.8567309379577637,540908800
17/11/2009,0.8518466449019009,0.8616152303750101,0.8480311014316266,0.8613104224205017,0.8613104224205017,521804800
18/11/2009,0.8565784469462543,0.8577995418411573,0.8407046208875817,0.8524571061134338,0.8524571061134338,541766400
19/11/2009,0.8408571259151041,0.8411628654862375,0.8135364916996966,0.8249832391738892,0.8249832391738892,722201600
20/11/2009,0.8161307898903639,0.8210150525275698,0.8107883547012165,0.8178099989891052,0.8178099989891052,402931200
23/11/2009,0.832462817867101,0.8515417547986943,0.832462817867101,0.8425361514091492,0.8425361514091492,552499200
24/11/2009,0.8425361629543713,0.8431467103713506,0.8274252017216422,0.8371937274932861,0.8371937274932861,463801600
25/11/2009,0.8426887371765914,0.8458947814618578,0.8379578378382615,0.8442155718803406,0.8442155718803406,264486400
27/11/2009,0.7990359524247698,0.8309360376648747,0.7959832734078873,0.8190311193466187,0.8190311193466187,394336000
30/11/2009,0.814909653229876,0.8229989689897325,0.8042248416258144,0.8199463486671448,0.8199463486671448,459718400
01/12/2009,0.8329202472768076,0.8484893272571686,0.8324630643975248,0.8373473286628723,0.8373473286628723,465657600
02/12/2009,0.8429945492365377,0.855663383113049,0.8367368146564305,0.8402466773986816,0.8402466773986816,475456000
03/12/2009,0.8468100700601033,0.8561204835884784,0.8324630176643765,0.8333783149719238,0.8333783149719238,494963200
04/12/2009,0.8542885836711647,0.8646676560831694,0.8242200863474255,0.8416208028793335,0.8416208028793335,768160000
07/12/2009,0.8400942216285233,0.8478787320691824,0.8301732605449993,0.8333783149719238,0.8333783149719238,384108800
08/12/2009,0.8248306783801426,0.8368889605036252,0.8097197174598968,0.8231514692306519,0.8231514692306519,519616000
09/12/2009,0.8219304983867272,0.8414676106976251,0.8113990489858014,0.839635968208313,0.839635968208313,546700800
10/12/2009,0.8461994357448119,0.8574947972570418,0.8461994357448119,0.8481834530830383,0.8481834530830383,416896000
11/12/2009,0.8570365565427278,0.8591729484266758,0.8352097489133917,0.8420779705047607,0.8420779705047607,403827200
14/12/2009,0.8532212335339397,0.8596313428745802,0.8440632524113153,0.8574949502944946,0.8574949502944946,308512000
15/12/2009,0.8524572015131395,0.8622257288655354,0.8431468468101487,0.8484892249107361,0.8484892249107361,294547200
16/12/2009,0.8547468538518052,0.8632943433513264,0.8475728340820828,0.8507788777351379,0.8507788777351379,326617600
17/12/2009,0.8432991239496487,0.8445201606146888,0.8275786044029336,0.8303255438804626,0.8303255438804626,382662400
18/12/2009,0.8448260926358141,0.8570367523519772,0.8394836560802194,0.8562738299369812,0.8562738299369812,371008000
21/12/2009,0.8648211314172385,0.8822208603509074,0.8648211314172385,0.8761155605316162,0.8761155605316162,373286400
22/12/2009,0.881000003632326,0.8901579843443997,0.8790159860289544,0.8864948153495789,0.8864948153495789,303424000
23/12/2009,0.8901577869054997,0.899621563330752,0.8854258986928736,0.8990110158920288,0.8990110158920288,303033600
24/12/2009,0.9020636438924494,0.915800145337467,0.9011473569860687,0.9154953956604004,0.9154953956604004,163264000
28/12/2009,0.9197692665114479,0.9283166987153935,0.9141210907050722,0.9246535301208496,0.9246535301208496,257932800
29/12/2009,0.9251107184891659,0.9267899279322229,0.9164108531437186,0.9174795150756836,0.9174795150756836,185433600
30/12/2009,0.9158002342068875,0.9264850477177233,0.915037311890094,0.9228218793869019,0.9228218793869019,328441600
31/12/2009,0.9264849536817464,0.9274002507589594,0.9037418591881764,0.907863199710846,0.907863199710846,245497600
04/01/2010,0.9284690163663676,0.9348791239222257,0.9266373740718122,0.9321321845054626,0.9321321845054626,328230400
05/01/2010,0.9319798521748759,0.9361002032629735,0.9226685085068917,0.9327427744865417,0.9327427744865417,325196800
06/01/2010,0.9318263393326885,0.9380850611586768,0.9188527610215301,0.9225159287452698,0.9225159287452698,440864000
07/01/2010,0.9237372978341056,0.9263318046569418,0.9125953000754715,0.9226686358451843,0.9226686358451843,328576000
08/01/2010,0.9176319090893477,0.9379319446690895,0.9133581928725529,0.9376271367073059,0.9376271367073059,322451200
11/01/2010,0.9403740560681114,0.9417484575545055,0.9206845684408286,0.9307588934898376,0.9307588934898376,412710400
12/01/2010,0.9187005568909055,0.9214474382815794,0.8970261215024206,0.9075585603713989,0.9075585603713989,566784000
13/01/2010,0.9127476274393392,0.934879246931309,0.9000787956809021,0.9292320609092712,0.9292320609092712,566483200
14/01/2010,0.9252641081529719,0.9361003078295623,0.9241953879671463,0.9304531216621399,0.9304531216621399,367180800
15/01/2010,0.9335057379904689,0.9373213395423441,0.9017580256274413,0.9096949100494385,0.9096949100494385,603424000
19/01/2010,0.913205801314258,0.9402216262623457,0.9129000035327813,0.9382376670837402,0.9382376670837402,341350400
20/01/2010,0.925416496362883,0.9260270438992556,0.891989513659134,0.9119847416877747,0.9119847416877747,603532800
21/01/2010,0.9168688794453083,0.9287737978422357,0.8871051278277455,0.8941267728805542,0.8941267728805542,999916800
22/01/2010,0.8886321860302032,0.8939736333212349,0.837652159616271,0.842688798904419,0.842688798904419,964006400
25/01/2010,0.8510837762737361,0.8587159699715453,0.840552325986576,0.8475729823112488,0.8475729823112488,584448000
26/01/2010,0.8468100071568582,0.8698579136390854,0.8379577669650002,0.849404513835907,0.849404513835907,503206400
27/01/2010,0.8468098475418685,0.86802610749566,0.8359726603981975,0.8620731830596924,0.8620731830596924,632224000
28/01/2010,0.8510836376612854,0.8526104720823062,0.8094150261471642,0.8190311193466187,0.8190311193466187,932531200
29/01/2010,0.8306314149736753,0.8358204286032156,0.7836203023104648,0.789725661277771,0.789725661277771,986380800
01/02/2010,0.793999439982144,0.8075835707149822,0.7930831527974292,0.8062101006507874,0.8062101006507874,573958400
02/02/2010,0.8091092116555575,0.8260517574349531,0.7982730136087317,0.8210151195526123,0.8210151195526123,474022400
03/02/2010,0.8136885957031706,0.8335304526118623,0.8124675010257139,0.830477774143219,0.830477774143219,507424000
04/02/2010,0.8185730918284994,0.82162577116929,0.7825516037022037,0.7833145260810852,0.7833145260810852,839059200
05/02/2010,0.7872833333820674,0.7965937443885289,0.7639296919358577,0.7944563627243042,0.7944563627243042,1072064000
08/02/2010,0.7936935905235791,0.8028515702011529,0.7828564014192207,0.7843831777572632,0.7843831777572632,682425600
09/02/2010,0.8023933100511451,0.8146039668118382,0.7872833392051519,0.8005617260932922,0.8005617260932922,816217600
10/02/2010,0.8005618624825671,0.8077358247001323,0.7868253006959375,0.7972043752670288,0.7972043752670288,485977600
11/02/2010,0.7970519106603854,0.8249830872749762,0.787283384687491,0.8205569386482239,0.8205569386482239,557747200
12/02/2010,0.8060566878252564,0.8284940483943471,0.802699258532614,0.8245260715484619,0.8245260715484619,661081600
16/02/2010,0.835515577761529,0.8463518346033418,0.8274252706747897,0.845284104347229,0.845284104347229,337004800
17/02/2010,0.8523047382597865,0.8545944949940562,0.8428419514467304,0.8542886972427368,0.8542886972427368,354073600
18/02/2010,0.853373444214381,0.8684844071066607,0.8501683901607818,0.8652783632278442,0.8652783632278442,313619200
19/02/2010,0.8625315748854161,0.8730630252089329,0.8564262158362201,0.8642107844352722,0.8642107844352722,400153600
22/02/2010,0.8719944086210466,0.8721477733292528,0.8547470508001963,0.8605476021766663,0.8605476021766663,348697600
23/02/2010,0.8593264537041309,0.8610046732982415,0.8307837364260074,0.8387206792831421,0.8387206792831421,473395200
24/02/2010,0.8472682347933581,0.8625315741788251,0.844673669720895,0.8552051782608032,0.8552051782608032,398432000
25/02/2010,0.8371937992043141,0.8590206092184033,0.825899427947844,0.8570366501808167,0.8570366501808167,528851200
26/02/2010,0.8550525284955285,0.865125861808258,0.8474203949365825,0.8620731830596924,0.8620731830596924,403936000
01/03/2010,0.8684844420253016,0.8896997743356536,0.8684844420253016,0.8863422870635986,0.8863422870635986,348070400
02/03/2010,0.8921417148862619,0.9034370742735398,0.8881737391813025,0.8916845321655273,0.8916845321655273,506035200
03/03/2010,0.8962630727817449,0.902368372003076,0.8872574696721378,0.8938209414482117,0.8938209414482117,345363200
04/03/2010,0.8955002668243345,0.9017579999180326,0.886036489931257,0.8994682431221008,0.8994682431221008,292128000
05/03/2010,0.9139686569633386,0.9295377338498546,0.9093901332027179,0.9260269403457642,0.9260269403457642,413708800
08/03/2010,0.9277062653646798,0.9345744885497305,0.9269423531216494,0.930300772190094,0.930300772190094,282956800
09/03/2010,0.9248059175920879,0.9509065036528969,0.9248059175920879,0.942969560623169,0.942969560623169,471680000
10/03/2010,0.9412904008112378,0.9602169089976117,0.9411379677118158,0.9557908177375793,0.9557908177375793,436076800
11/03/2010,0.9519741868008467,0.962963809311685,0.9481585850207622,0.9626590013504028,0.9626590013504028,371385600
12/03/2010,0.9695271625461402,0.9695271625461402,0.9557906601325546,0.9640323519706726,0.9640323519706726,391430400
15/03/2010,0.9591481241586035,0.964032387466635,0.9455639960941236,0.9600644111633301,0.9600644111633301,318368000
16/03/2010,0.9643381880858831,0.9736486009018399,0.9585376374056996,0.9718170166015625,0.9718170166015625,357785600
17/03/2010,0.9731903482748682,0.9854010063148582,0.9701377274336284,0.975327730178833,0.975327730178833,386912000
18/03/2010,0.9779222575471838,0.9844857302012385,0.9731903690820348,0.9821959733963013,0.9821959733963013,339347200
19/03/2010,0.9709006547927856,0.9895224105913216,0.9637276246086823,0.9709006547927856,0.9709006547927856,445228800
22/03/2010,0.9631170977064806,0.9959325397209106,0.9609797157457751,0.9883013367652893,0.9883013367652893,368710400
23/03/2010,0.9921170479999034,1.0034123522020384,0.9820437704820699,1.0024961233139038,1.0024961233139038,371296000
24/03/2010,0.9982221850916632,0.9983745017057076,0.9878431120846547,0.9928798079490662,0.9928798079490662,317388800
25/03/2010,1.0084489466363569,1.0160801496601892,0.98753848148685,0.9886060953140259,0.9886060953140259,499904000
26/03/2010,0.9971533848468636,1.0047855174905496,0.980668956516456,0.9921166896820068,0.9921166896820068,408416000
29/03/2010,1.0012751133887,1.0078385873609996,0.9956279848325067,1.0009703636169434,1.0009703636169434,274681600
30/03/2010,1.0058546405558777,1.0137915264766144,0.9939487876495564,1.007380485534668,1.007380485534668,277843200
31/03/2010,1.0005118520364988,1.0092117151094244,0.9937959476188015,0.998832643032074,0.998832643032074,349491200
01/04/2010,1.0053966029479,1.0198969640322157,0.9821962581131087,0.9979178309440613,0.9979178309440613,415923200
05/04/2010,1.0015806131020106,1.0205071170804503,0.9968486668698681,1.015622854232788,1.015622854232788,266483200
06/04/2010,1.0110436348614873,1.0278338682512698,1.0069223512939778,1.0212703943252563,1.0212703943252563,311129600
07/04/2010,1.0194382249519753,1.026916992373965,1.0060065342686602,1.0174542665481567,1.0174542665481567,550726400
08/04/2010,1.0113490619552903,1.0244750733954013,1.0003594422705357,1.0203536748886108,1.0203536748886108,359904000
09/04/2010,1.0226434504133886,1.0340911846239964,1.0169962074115022,1.0330225229263306,1.0330225229263306,287219200
12/04/2010,1.0347020270257383,1.040501588288047,1.0299701961654961,1.034549593925476,1.034549593925476,269728000
13/04/2010,1.0327182563388528,1.0467605032337468,1.0264595314320397,1.0452337265014648,1.0452337265014648,307072000
14/04/2010,1.0556123000057935,1.0707232018855248,1.0533225435755234,1.0704174041748047,1.0704174041748047,381024000
15/04/2010,1.069044441253039,1.0824761397080267,1.0687396914645237,1.0797291994094849,1.0797291994094849,393657600
16/04/2010,1.0722494344634315,1.079423456012056,1.0400444754756477,1.0542391538619995,1.0542391538619995,999302400
19/04/2010,1.046606772814174,1.059275603278797,1.0270697202302452,1.0524072647094727,1.0524072647094727,598419200
20/04/2010,1.0637014391267086,1.0682808347758244,1.0496590848192722,1.0633965730667114,1.0633965730667114,424723200
21/04/2010,1.0768288977477916,1.082017911561333,1.0621761055766938,1.075302004814148,1.075302004814148,548140800
22/04/2010,1.0546971187262022,1.0888870803520476,1.042333153270713,1.0865973234176636,1.0865973234176636,721132800
23/04/2010,1.0867494741920305,1.0980448924508524,1.078049610249492,1.0959075689315796,1.0959075689315796,537888000
26/04/2010,1.0966704431441316,1.1018605037747893,1.086901917351241,1.0905650854110718,1.0905650854110718,439411200
27/04/2010,1.0829342004193065,1.0917865001031062,1.0394339359584899,1.045691728591919,1.045691728591919,973030400
28/04/2010,1.0562229926779425,1.0571393379871528,1.0296652817154586,1.0466068983078003,1.0466068983078003,747993600
29/04/2010,1.0563752159130086,1.0864447045453212,1.0563752159130086,1.0818651914596558,1.0818651914596558,405158400
30/04/2010,1.0809502971717484,1.0852240141241547,1.038059646477567,1.0409598350524902,1.0409598350524902,484979200
03/05/2010,1.0479811813877093,1.0789650364292662,1.047827816720179,1.0688916444778442,1.0688916444778442,361849600
04/05/2010,1.0417229232054488,1.0427915854538388,0.9898275338969893,1.0043280124664307,1.0043280124664307,715129600
05/05/2010,0.9854010137184006,1.007227823502356,0.9719693188860012,0.994559109210968,0.994559109210968,731417600
06/05/2010,0.9826543238216632,1.0000539390461318,0.734777668132225,0.9287739396095276,0.9287739396095276,1123078400
07/05/2010,0.913663647611176,0.9367105576134073,0.8442152567127956,0.8840522766113281,0.8840522766113281,1490803200
10/05/2010,0.9589958168364795,0.9745639050364155,0.9551802151193667,0.9722751379013062,0.9722751379013062,589920000
11/05/2010,0.9547220525568026,0.9982223696870309,0.949990221945472,0.9712064862251282,0.9712064862251282,573747200
12/05/2010,0.9809752042532306,1.0092121283394755,0.9780748993580346,1.007380485534668,1.007380485534668,476441600
13/05/2010,0.9994432864211892,1.0150123036082583,0.9712063129584615,0.9759382009506226,0.9759382009506226,530073600
14/05/2010,0.9615903739225841,0.9623532963409367,0.9161060956892698,0.939306378364563,0.939306378364563,768224000
17/05/2010,0.9431218916002826,0.9519741314665472,0.9040477257857557,0.9451058506965637,0.9451058506965637,538035200
18/05/2010,0.9599110848873679,0.9641848008966253,0.9100007195508081,0.9190053343772888,0.9190053343772888,705484800
19/05/2010,0.911526351087964,0.926179138171528,0.8832893803482836,0.9028264880180359,0.9028264880180359,779827200
20/05/2010,0.8686366952049165,0.8727580358730231,0.8326152123950482,0.8376519083976746,0.8376519083976746,1186252800
21/05/2010,0.8097198779988813,0.8668052564739015,0.8037678838889369,0.8548993468284607,0.8548993468284607,1011052800
24/05/2010,0.8536782966135982,0.8730629764535811,0.8471157550811768,0.8471157550811768,0.8471157550811768,668179200
25/05/2010,0.8107885677233404,0.8515419468520504,0.7936936440016937,0.8490998148918152,0.8490998148918152,869248000
26/05/2010,0.8603942218119568,0.8820686605685997,0.827273035044251,0.8284940719604492,0.8284940719604492,659609600
27/05/2010,0.8674157168772189,0.8936686173575913,0.8637524903177425,0.8935162425041199,0.8935162425041199,600940800
28/05/2010,0.8958049572097748,0.8973317915810137,0.8669574937021082,0.8820684552192688,0.8820684552192688,505446400
01/06/2010,0.8768785582556797,0.9075585993410884,0.8639049187519017,0.8651260137557983,0.8651260137557983,613779200
02/06/2010,0.8762679731276296,0.908169049622119,0.864363054276012,0.9075585603713989,0.9075585603713989,454592000
03/06/2010,0.9121371423066781,0.9278586544745256,0.9005370299132448,0.9235849380493164,0.9235849380493164,489971200
04/06/2010,0.8857320173891826,0.908626506587147,0.8547471603339389,0.862836480140686,0.862836480140686,932800000
07/06/2010,0.8703160944827294,0.8748946189054857,0.8275787553605009,0.83063143491745,0.83063143491745,568774400
08/06/2010,0.8332259627781669,0.8374996793305115,0.8042251277941762,0.8271206617355347,0.8271206617355347,793881600
09/06/2010,0.8378045512066815,0.8535260068161032,0.8075836085998809,0.8124678730964661,0.8124678730964661,502067200
10/06/2010,0.8332257386029863,0.8605473566262932,0.828035736289162,0.8587157726287842,0.8587157726287842,377747200
11/06/2010,0.8423836606109871,0.8768783034991324,0.8419254881050721,0.8747419118881226,0.8747419118881226,392499200
14/06/2010,0.8913789322067198,0.9035895905468779,0.8722999932549536,0.8748944997787476,0.8748944997787476,416998400
15/06/2010,0.8839001817594208,0.9240430120646407,0.8825267118364978,0.9214475154876709,0.9214475154876709,344870400
16/06/2010,0.9165632777696592,0.9383900904636228,0.9133582234000059,0.930300772190094,0.930300772190094,455020800
17/06/2010,0.9394585602000728,0.9405272801963686,0.9191585863211008,0.9356430172920227,0.9356430172920227,422809600
18/06/2010,0.9397635118402858,0.9501425866556832,0.9313693860287576,0.9382376670837402,0.9382376670837402,312044800
21/06/2010,0.9605216532194039,0.9637276972210786,0.9100007392926444,0.9246535301208496,0.9246535301208496,515155200
22/06/2010,0.9286214674884071,0.942205595817915,0.9031314303663108,0.9064898490905762,0.9064898490905762,460352000
23/06/2010,0.9086263841201216,0.9153422327994124,0.884815552616237,0.9000788927078247,0.9000788927078247,485587200
24/06/2010,0.8910740666876056,0.8968736268336779,0.8657364646346589,0.8719941973686218,0.8719941973686218,555456000
25/06/2010,0.8774891729024755,0.8837478970543029,0.8562738960164853,0.8684845566749573,0.8684845566749573,475219200
28/06/2010,0.8693998671801602,0.8791683958546527,0.8509314719159786,0.8631421327590942,0.8631421327590942,369177600
29/06/2010,0.8364308734865277,0.8373471604868159,0.7843831284546509,0.7965938448905945,0.7965938448905945,779296000
30/06/2010,0.7912516686204806,0.8066673858527813,0.7685095540576696,0.7723250985145569,0.7723250985145569,528710400
01/07/2010,0.7759881413586212,0.7802618575599813,0.737830260432276,0.7677464485168457,0.7677464485168457,787232000
02/07/2010,0.7698827867566761,0.7776673550370586,0.7491246949342062,0.7633193135261536,0.7633193135261536,488972800
06/07/2010,0.7851460518484691,0.7949146366555746,0.7546193771669188,0.7672882080078125,0.7672882080078125,528659200
07/07/2010,0.7724772254375096,0.8179624263585326,0.7709513808997858,0.815978467464447,0.815978467464447,507372800
08/07/2010,0.8291045959475901,0.8320049006130619,0.8059043129495329,0.8245260715484619,0.8245260715484619,404166400
09/07/2010,0.8248306503866284,0.8411626473362929,0.8208626746430484,0.8410102725028992,0.8410102725028992,346713600
12/07/2010,0.8396361757946121,0.8562739776485452,0.8347519110655867,0.8455891609191895,0.8455891609191895,376147200
13/07/2010,0.8600892807799063,0.874283897277174,0.8478785649832913,0.8663469552993774,0.8663469552993774,490700800
14/07/2010,0.8710790741412816,0.8860366751052946,0.8639050525448272,0.8764215111732483,0.8764215111732483,426745600
15/07/2010,0.87245244244388,0.8829838923423118,0.8544422220483979,0.8785578012466431,0.8785578012466431,472128000
16/07/2010,0.8712314413858956,0.8739793129375821,0.8278835551367196,0.8301732540130615,0.8301732540130615,554016000
19/07/2010,0.8347517515785249,0.8468100361980229,0.8204046997565053,0.8436049818992615,0.8436049818992615,374937600
20/07/2010,0.8155202124190697,0.8637523478508963,0.8109407578437281,0.8629894256591797,0.8629894256591797,453990400
21/07/2010,0.8826790542342439,0.8828314290877333,0.8371937921798777,0.8405522108078003,0.8405522108078003,551955200
22/07/2010,0.8640572895092306,0.890615987478084,0.8626838197414902,0.8826790452003479,0.8826790452003479,441241600
23/07/2010,0.8713837364652174,0.8951945064980483,0.8677205097236206,0.8939734697341919,0.8939734697341919,457235200
26/07/2010,0.8970260124466386,0.9093900340146471,0.8880213407620193,0.907863199710846,0.907863199710846,417894400
27/07/2010,0.9179377814127527,0.9194636263210831,0.8997741366663917,0.9072529077529907,0.9072529077529907,385216000
28/07/2010,0.9058795774527698,0.9141212717350424,0.8868006336549474,0.8933631181716919,0.8933631181716919,337273600
29/07/2010,0.9028266824757729,0.9071003984060682,0.8623790471212006,0.8799311518669128,0.8799311518669128,471974400
30/07/2010,0.8669575672205596,0.8948897359792487,0.855509831078447,0.884358286857605,0.884358286857605,494995200
02/08/2010,0.9060317614774247,0.9216008391702794,0.8993158554305479,0.9167165756225586,0.9167165756225586,276499200
03/08/2010,0.9151896265713737,0.9182423054630242,0.9005368377614601,0.909542441368103,0.909542441368103,295987200
04/08/2010,0.9177842991199092,0.9295377750898322,0.9101530959052441,0.9280109405517578,0.9280109405517578,324870400
05/08/2010,0.919005423822129,0.9266375593673118,0.9112218450014425,0.9235849380493164,0.9235849380493164,214611200
06/08/2010,0.9028266387810184,0.9240429007725196,0.8924475649740429,0.9205321073532104,0.9205321073532104,395404800
09/08/2010,0.9298427011614623,0.9371691560431571,0.9216010071135484,0.9322848916053772,0.9322848916053772,227161600
10/08/2010,0.9183944646561706,0.927400066148189,0.9012995483920316,0.9177839756011963,0.9177839756011963,435065600
11/08/2010,0.8869527709649612,0.8869527709649612,0.8591730359918122,0.8669575452804565,0.8669575452804565,441561600
12/08/2010,0.8342945964707021,0.860089444463786,0.8300208800635596,0.8523048758506775,0.8523048758506775,439008000
13/08/2010,0.8468099093685698,0.8533733816784592,0.8403998017311096,0.8403998017311096,0.8403998017311096,275264000
16/08/2010,0.8315466972797635,0.8552051520831482,0.8248308491167357,0.8436049818992615,0.8436049818992615,314867200
17/08/2010,0.8555099455531804,0.8803894384647445,0.8524572659684858,0.8649737238883972,0.8649737238883972,326419200
18/08/2010,0.8623789946549012,0.8822208550418843,0.8550525999808347,0.8713836669921875,0.8713836669921875,334668800
19/08/2010,0.8617685366293563,0.8683310194211669,0.8338363684373772,0.845284104347229,0.845284104347229,435212800
20/08/2010,0.8426886250956008,0.8515418546839959,0.8333782127096886,0.8474205136299133,0.8474205136299133,342144000
23/08/2010,0.8597836896162628,0.8634469168804068,0.8306314691113581,0.8307838439941406,0.8307838439941406,343635200
24/08/2010,0.813383109950823,0.8176568262050162,0.7932354490631564,0.8007152676582336,0.8007152676582336,515264000
25/08/2010,0.7889617799085819,0.8223887642138183,0.7862148981134797,0.8149099349975586,0.8149099349975586,487040000
26/08/2010,0.8216257002220418,0.8246783792992343,0.7941517049773321,0.796135663986206,0.796135663986206,465657600
27/08/2010,0.8077356437731087,0.8185728885530252,0.7749192762275988,0.8161307573318481,0.8161307573318481,565452800
30/08/2010,0.8078884643818421,0.821778336182653,0.7979675016850211,0.7984256744384766,0.7984256744384766,343564800
31/08/2010,0.7898779731675408,0.8066671558512278,0.7827039527866757,0.7939993143081665,0.7939993143081665,620857600
01/09/2010,0.8156727896801964,0.8452841694779388,0.8149098672991386,0.8394836187362671,0.8394836187362671,467296000
02/09/2010,0.8426886503634803,0.8593264481612063,0.8385682990110607,0.8590206503868103,0.8590206503868103,312345600
03/09/2010,0.8765738016854765,0.8883263468742371,0.8698579534454371,0.8883263468742371,0.8883263468742371,395308800
07/09/2010,0.8799311105092574,0.8877156778879063,0.8722999660317944,0.8752002120018005,0.8752002120018005,337491200
08/09/2010,0.8803894045395054,0.9037420618461709,0.8797788570010895,0.8959584832191467,0.8959584832191467,337536000
09/09/2010,0.9122895398462555,0.9136639413760197,0.8990111500107408,0.9026743769645691,0.9026743769645691,295078400
10/09/2010,0.9054211872267648,0.9121370348502056,0.8964155827594805,0.9092367887496948,0.9092367887496948,242131200
13/09/2010,0.9241954263499915,0.9394587658230703,0.923279139220445,0.9353374242782593,0.9353374242782593,272281600
14/09/2010,0.9325902518423196,0.9524321095272524,0.9283164785290234,0.9428159594535828,0.9428159594535828,358387200
15/09/2010,0.9382375893449149,0.9565536056324327,0.9324370391050297,0.9548743963241577,0.9548743963241577,304512000
16/09/2010,0.9521276036767581,0.9637277743461858,0.9463270525418869,0.962200939655304,0.962200939655304,286163200
17/09/2010,0.9747172579594845,0.9750220659120562,0.9594539196750598,0.9684585928916931,0.9684585928916931,450144000
20/09/2010,0.9760902553403689,1.006464542342232,0.9739528743060553,1.0021908283233643,1.0021908283233643,360742400
21/09/2010,1.003106527421818,1.016538222075207,0.9939485485013246,0.9999014735221863,0.9999014735221863,645292800
22/09/2010,0.9939487217291446,1.0104330400789523,0.9860117198847556,0.9965432286262512,0.9965432286262512,479168000
23/09/2010,0.9843323742828115,1.016080144373178,0.9820436655077095,0.9957801103591919,0.9957801103591919,544032000
24/09/2010,1.0189802225741633,1.0376019747077916,1.0157751692700094,1.0359227657318115,1.0359227657318115,392294400
27/09/2010,1.035923028627422,1.040196744650869,1.023864744689767,1.0252381563186646,1.0252381563186646,381331200
28/09/2010,1.0304281572117464,1.0314968190550229,0.9922693485103994,1.026764988899231,1.026764988899231,636076800
29/09/2010,1.0212702654789672,1.0308863596898714,1.013791378687232,1.0208120346069336,1.0208120346069336,341593600
30/09/2010,1.0322598931057703,1.0440124974218212,0.9986805911026012,1.011806607246399,1.011806607246399,517926400
01/10/2010,1.0284440867514226,1.0310385929394972,1.0002061242044662,1.0096698999404907,1.0096698999404907,369107200
04/10/2010,1.0035645977063328,1.010738617321391,0.9762429787714149,0.9875383973121643,0.9875383973121643,388454400
05/10/2010,1.0101281429197528,1.0392803581956975,1.0086013666646334,1.0350066423416138,1.0350066423416138,366233600
06/10/2010,1.0328703035819844,1.0374488858335646,1.0046333840299861,1.0185222625732422,1.0185222625732422,479635200
07/10/2010,1.0298178823972066,1.0305807466871466,1.0081435000388839,1.0241706371307373,1.0241706371307373,370163200
08/10/2010,1.0263063964957881,1.0440119172602804,1.0118060449817883,1.0366854667663574,1.0366854667663574,446214400
11/10/2010,1.0398910909572014,1.0501178502731954,1.033633414941629,1.0397387742996216,1.0397387742996216,250835200
12/10/2010,1.0366861327480896,1.058360632106129,1.0188282839375782,1.055002212524414,1.055002212524414,415667200
13/10/2010,1.0661440615659514,1.0809502189586906,1.0609550475708556,1.0713341236114502,1.0713341236114502,349728000
14/10/2010,1.072249278300923,1.0762182446488597,1.0563753925596735,1.0672125816345215,1.0672125816345215,357203200
15/10/2010,1.0936179615855586,1.1122397184371948,1.0760657982396147,1.1122397184371948,1.1122397184371948,483948800
18/10/2010,1.1136131231945918,1.1218558054641947,1.105065691204017,1.1090346574783325,1.1090346574783325,383520000
19/10/2010,1.0826281309127808,1.101249884175606,1.0661437010489867,1.0826281309127808,1.0826281309127808,562809600
20/10/2010,1.0896499796828372,1.1149867121673447,1.0855286965479363,1.098502278327942,1.098502278327942,411257600
21/10/2010,1.1126980014385917,1.1215503009960512,1.0818655228962915,1.1029294729232788,1.1029294729232788,427968000
22/10/2010,1.103996711531719,1.1204810232758513,1.1000286779997757,1.1181923151016235,1.1181923151016235,251724800
25/10/2010,1.1267403787391783,1.143529566015181,1.1267403787391783,1.127350926399231,1.127350926399231,336550400
26/10/2010,1.1168183531031948,1.1400186956584752,1.108424284476922,1.1340667009353638,1.1340667009353638,317593600
27/10/2010,1.1235340109488035,1.1435291780185821,1.1192602952285555,1.1421557664871216,1.1421557664871216,347468800
28/10/2010,1.1514661512566213,1.1529929274278632,1.1271971525898499,1.1465818881988525,1.1465818881988525,349484800
29/10/2010,1.145360863002007,1.1548246399991295,1.14093471404135,1.1427663564682007,1.1427663564682007,281113600
01/11/2010,1.1502450752696811,1.1664246408799395,1.1328453463625732,1.1430710554122925,1.1430710554122925,355564800
02/11/2010,1.162455706190878,1.173903440899212,1.158640105154794,1.1670351028442383,1.1670351028442383,269388800
03/11/2010,1.170087988508338,1.179092603145403,1.1488717255443133,1.1784820556640625,1.1784820556640625,482003200
04/11/2010,1.2048884615565942,1.2157247193730139,1.1996984000379225,1.2062618732452393,1.2062618732452393,448454400
05/11/2010,1.207940915287742,1.2132823611088746,1.2001563481139013,1.206566572189331,1.206566572189331,332531200
08/11/2010,1.2027512982341784,1.2132826912704007,1.196951620018669,1.2096195220947266,1.2096195220947266,171699200
09/11/2010,1.219235761636679,1.223661912052475,1.1862670022647372,1.1943563222885132,1.1943563222885132,302252800
10/11/2010,1.200308720124737,1.2112983405522288,1.1812297832409222,1.1905401945114136,1.1905401945114136,310252800
11/11/2010,1.1722246463808503,1.1977146310421518,1.1615407035107574,1.1934409141540527,1.1934409141540527,301350400
12/11/2010,1.18168818788244,1.1909986014401681,1.1368135829127282,1.1532979011535645,1.1532979011535645,396966400
15/11/2010,1.166270883274406,1.1708503951703284,1.1450556766494038,1.1461232900619507,1.1461232900619507,227020800
16/11/2010,1.1285716875473109,1.1426139302204106,1.0985021950808351,1.107660174369812,1.107660174369812,441824000
17/11/2010,1.109187015008351,1.125976198287311,1.1036922038261001,1.1137655973434448,1.1137655973434448,332787200
18/11/2010,1.1384923897955492,1.165508207152721,1.1374236117110899,1.1494818925857544,1.1494818925857544,310598400
19/11/2010,1.146734232657959,1.1572666711398687,1.1375762537585845,1.1511613130569458,1.1511613130569458,284230400
22/11/2010,1.1426141932799783,1.171309232711792,1.1386452261758875,1.171309232711792,1.171309232711792,387603200
23/11/2010,1.147650874514844,1.150703496120356,1.12093979499134,1.1346772909164429,1.1346772909164429,390035200
24/11/2010,1.1563501611020701,1.1853509834040528,1.1551290664925136,1.1793980598449707,1.1793980598449707,253817600
26/11/2010,1.1655088257783186,1.179703505856132,1.1595558987051997,1.163524866104126,1.163524866104126,118848000
29/11/2010,1.1604716425035002,1.1694773041366546,1.134218686128962,1.1630661487579346,1.1630661487579346,345734400
30/11/2010,1.1380343638660158,1.148261121007837,1.1249084670445872,1.1331501007080078,1.1331501007080078,450963200
01/12/2010,1.1681027674590834,1.1934404250694501,1.1665769230602827,1.1812297105789185,1.1812297105789185,319737600
02/12/2010,1.1853514915217112,1.2094670141229955,1.1832140510137819,1.206109642982483,1.206109642982483,276473600
03/12/2010,1.19573035302164,1.2149616080954542,1.19573035302164,1.2116042375564575,1.2116042375564575,241017600
06/12/2010,1.2119088156535274,1.2157244164826237,1.2038194996798348,1.2105352878570557,1.2105352878570557,209593600
07/12/2010,1.2395352340423464,1.2404515791620536,1.209772474978272,1.2129775285720825,1.2129775285720825,341574400
08/12/2010,1.2190831103628554,1.2244254884020984,1.2033615411245866,1.222440481185913,1.222440481185913,271334400
09/12/2010,1.235871864462113,1.2378567545392396,1.2157242694668615,1.2235088348388672,1.2235088348388672,268787200
10/12/2010,1.2305306919064392,1.242283176830941,1.2221355773817304,1.239841103553772,1.239841103553772,274688000
13/12/2010,1.2497620216167984,1.2506783668448722,1.2297668540311288,1.2315984964370728,1.2315984964370728,296960000
14/12/2010,1.2367887859447542,1.2454886531115053,1.2279355540554313,1.234194278717041,1.234194278717041,254560000
15/12/2010,1.234498867658698,1.2494574575379869,1.2186249804655545,1.2245780229568481,1.2245780229568481,233241600
16/12/2010,1.2265619197009352,1.247015320120741,1.2206089939634337,1.2419776916503906,1.2419776916503906,231820800
17/12/2010,1.246404724560033,1.2529671495225359,1.241062230106583,1.2457941770553589,1.2457941770553589,209881600
20/12/2010,1.2496096236816983,1.2567836433090531,1.2297667740166978,1.2483885288238525,1.2483885288238525,289990400
21/12/2010,1.2575465102150525,1.2621250919173097,1.2508306049316562,1.2615145444869995,1.2615145444869995,141920000
22/12/2010,1.261209641524421,1.265788223093001,1.2576989065651263,1.2627354860305786,1.2627354860305786,129344000
23/12/2010,1.257240925658308,1.261514641549288,1.2499144723808964,1.2560198307037354,1.2560198307037354,136089600
27/12/2010,1.2508308773025971,1.260904271621132,1.2312938210785007,1.2561733722686768,1.2561733722686768,159072000
28/12/2010,1.2616678102186658,1.2641098832983866,1.246556791615982,1.2525098323822021,1.2525098323822021,108262400
29/12/2010,1.2592261114465166,1.2624311662158705,1.2551048276714118,1.2575469017028809,1.2575469017028809,81356800
30/12/2010,1.2580051014274662,1.2580051014274662,1.2470155928663098,1.2511359453201294,1.2511359453201294,109811200
31/12/2010,1.2485405799558928,1.249609241417123,1.2311408569294064,1.2428933382034302,1.2428933382034302,111283200
03/01/2011,1.2656359835664448,1.2983001004542924,1.2653312338386542,1.281051754951477,1.281051754951477,231584000
04/01/2011,1.291125846241732,1.2921945079711015,1.2633459979785269,1.278762698173523,1.278762698173523,282304000
05/01/2011,1.2720467165200686,1.301504721383685,1.2702150746122316,1.3010464906692505,1.3010464906692505,259660800
06/01/2011,1.3036413088299668,1.3112735595163334,1.298299979364712,1.3089838027954102,1.3089838027954102,214099200
07/01/2011,1.3135635831469847,1.3147845618428708,1.2816624433470876,1.307304859161377,1.307304859161377,232908800
10/01/2011,1.3001315830967555,1.3208897318021513,1.2935681102905856,1.3160054683685303,1.3160054683685303,214297600
11/01/2011,1.3274523487948124,1.3297421057835435,1.3106631653614447,1.319515347480774,1.319515347480774,201600000
12/01/2011,1.3326421009547498,1.3392055731856376,1.3221107108913253,1.338136911392212,1.338136911392212,180627200
13/01/2011,1.3404267615327063,1.3469893026211497,1.332336512582684,1.3411897420883179,1.3411897420883179,200313600
14/01/2011,1.3407316916106033,1.3610317282817557,1.334321582740911,1.3604211807250977,1.3604211807250977,199692800
18/01/2011,1.337220751563272,1.3709534115784707,1.3356949069298754,1.36774742603302,1.36774742603302,229184000
19/01/2011,1.371410472949416,1.3727849324330117,1.3272996744619006,1.3370682001113892,1.3370682001113892,280384000
20/01/2011,1.3253160367181052,1.3294373200671978,1.2972314313339472,1.3161580562591553,1.3161580562591553,308268800
21/01/2011,1.3306580978061917,1.3349318132377077,1.2957043458269208,1.2964682579040527,1.2964682579040527,219827200
24/01/2011,1.3005886993880782,1.333405130140539,1.2973836454909076,1.332947015762329,1.332947015762329,240300800
25/01/2011,1.3201254531168427,1.3375261098462796,1.314325894090327,1.3358469009399414,1.3358469009399414,267814400
26/01/2011,1.3416478229627518,1.3581322550129467,1.3327945936783023,1.3514163494110107,1.3514163494110107,258854400
27/01/2011,1.3593534422264053,1.375227211445079,1.3552320428089772,1.3675950765609741,1.3675950765609741,253420800
28/01/2011,1.3660688553200138,1.3691215919822353,1.2859356533241664,1.298146367073059,1.298146367073059,471219200
31/01/2011,1.301657329711189,1.3179893281540576,1.2822727105210685,1.3111211061477661,1.3111211061477661,261798400
01/02/2011,1.3295898445376022,1.365916087515948,1.3276058850777515,1.3593536615371704,1.3593536615371704,277062400
02/02/2011,1.3534003223518005,1.3653052410049893,1.3497371540084897,1.3550795316696167,1.3550795316696167,237203200
03/02/2011,1.350347786049418,1.3636271651444622,1.3288267725783256,1.3590476512908936,1.3590476512908936,224467200
04/02/2011,1.360878769130325,1.3769049653385625,1.3527893380614073,1.375531554222107,1.375531554222107,207417600
07/02/2011,1.3805686674265534,1.403158459310468,1.3764483160306942,1.3888113498687744,1.3888113498687744,230598400
08/02/2011,1.3883534244084637,1.4085010290145874,1.3839272746325821,1.4085010290145874,1.4085010290145874,187001600
09/02/2011,1.4011743563387622,1.4106380163695407,1.3927792416695335,1.4022430181503296,1.4022430181503296,212659200
10/02/2011,1.385147934352449,1.4095692479475592,1.3802636716334271,1.4072794914245605,1.4072794914245605,349913600
11/02/2011,1.3978167964549701,1.427579556200868,1.3936953976470368,1.4263584613800049,1.4263584613800049,282272000
14/02/2011,1.4259016805685958,1.4365856227876797,1.4233062419800977,1.4332281351089478,1.4332281351089478,137292800
15/02/2011,1.4274271880138087,1.4320067013752293,1.4158271360384092,1.429716944694519,1.429716944694519,176262400
16/02/2011,1.4356702215442372,1.4553595936182708,1.4353644237499006,1.4486438035964966,1.4486438035964966,256160000
17/02/2011,1.4333803804259246,1.4521544541165723,1.4312429401418914,1.4474226236343384,1.4474226236343384,205248000
18/02/2011,1.4471167969401126,1.4516963106927783,1.4292589524352364,1.441469669342041,1.441469669342041,169043200
22/02/2011,1.402853770623032,1.4103325411967615,1.352179490005596,1.3561474084854126,1.3561474084854126,346508800
23/02/2011,1.354774029854505,1.3654587865923726,1.3132577282964524,1.3341681957244873,1.3341681957244873,460089600
24/02/2011,1.3399685574881506,1.355994758034487,1.3141737144530548,1.3471425771713257,1.3471425771713257,402124800
25/02/2011,1.3627106418373456,1.3892693965577638,1.360726682946778,1.3854527473449707,1.3854527473449707,247705600
28/02/2011,1.3967484870470692,1.4048378055883797,1.3752273549879386,1.3924747705459595,1.3924747705459595,274624000
01/03/2011,1.4017850069035231,1.4036166495173472,1.339510671883968,1.3480581045150757,1.3480581045150757,545312000
02/03/2011,1.3454635022196628,1.3784322517782286,1.3437842928219463,1.3611849546432495,1.3611849546432495,486470400
03/03/2011,1.3862168605093554,1.4188799297077619,1.3862168605093554,1.4146062135696411,1.4146062135696411,271564800
04/03/2011,1.4139953755928862,1.414453489920779,1.3817894958319907,1.3990378379821777,1.3990378379821777,289286400
07/03/2011,1.410942828800869,1.4133849020271076,1.3372206544616771,1.3628630638122559,1.3628630638122559,308518400
08/03/2011,1.35767413805164,1.3851481937729322,1.3419526852194066,1.3730899095535278,1.3730899095535278,315264000
09/03/2011,1.362710771692964,1.3659158257370139,1.339662866251975,1.3538585901260376,1.3538585901260376,336588800
10/03/2011,1.32363670039485,1.329742058932839,1.3011993418264487,1.3129528760910034,1.3129528760910034,515859200
11/03/2011,1.2973838633504406,1.3359998609274921,1.2958580184837234,1.3279105424880981,1.3279105424880981,324524800
14/03/2011,1.3140205731748986,1.3332528788302493,1.2987572340882336,1.3182944059371948,1.3182944059371948,322336000
15/03/2011,1.2413671213298034,1.2967732313340838,1.233583484750879,1.2824262380599976,1.2824262380599976,474329600
16/03/2011,1.2601408036543682,1.274335475873303,1.2018353388857497,1.2206085920333862,1.2206085920333862,709523200
17/03/2011,1.2576989881642193,1.2680780619498226,1.2401458944789658,1.2418251037597656,1.2418251037597656,315584000
18/03/2011,1.2706725525098157,1.2706725525098157,1.234498635362664,1.2367883920669556,1.2367883920669556,273683200
21/03/2011,1.2737254687948993,1.2963152636811757,1.269299435483195,1.2821205854415894,1.2821205854415894,217376000
22/03/2011,1.2866997064516676,1.2885312321999203,1.2731145319020183,1.2805943489074707,1.2805943489074707,159833600
23/03/2011,1.2696048961570598,1.3004363211712686,1.2526623491498823,1.2934156656265259,1.2934156656265259,208262400
24/03/2011,1.3118840094462947,1.3447004403858622,1.2986047478035296,1.342410683631897,1.342410683631897,195564800
25/03/2011,1.3476000944463595,1.363627347021256,1.3421052826293471,1.3457684516906738,1.3457684516906738,219187200
28/03/2011,1.357215769725663,1.3579787501834681,1.3297418355941772,1.3297418355941772,1.3297418355941772,147897600
29/03/2011,1.325010349216906,1.3558428287506104,1.316921030097337,1.3558428287506104,1.3558428287506104,122169600
30/03/2011,1.3683579969865445,1.3733956250086672,1.3567578278828982,1.3691219091415405,1.3691219091415405,169632000
31/03/2011,1.364694592382112,1.375837577715125,1.3602685602724949,1.3732421398162842,1.3732421398162842,144960000
01/04/2011,1.387895098938138,1.395831983476368,1.36667976709089,1.3743109703063965,1.3743109703063965,171475200
04/04/2011,1.3817895976611003,1.3848422183719218,1.3538584791521333,1.3660690784454346,1.3660690784454346,168844800
05/04/2011,1.3601161924457406,1.375990076784897,1.352942172575601,1.3576740026474,1.3576740026474,168787200
06/04/2011,1.3787369712117585,1.3874377669964968,1.3489742105301665,1.3642375469207764,1.3642375469207764,207411200
07/04/2011,1.363627314567566,1.381027046957139,1.3436320271897637,1.363627314567566,1.363627314567566,231155200
08/04/2011,1.3756842504870086,1.3791951020367996,1.3355424159225746,1.350347638130188,1.350347638130188,157676800
11/04/2011,1.3602684726011631,1.366373713510634,1.3318791256621247,1.3413418531417847,1.3413418531417847,182732800
12/04/2011,1.3294371074265288,1.3356948986500026,1.3123422443574535,1.323484182357788,1.323484182357788,247161600
13/04/2011,1.3411897627925027,1.3517211537529759,1.3239423495086071,1.3453110456466675,1.3453110456466675,251180800
14/04/2011,1.3260788662365444,1.3433262811404982,1.3150893598433164,1.3395106792449951,1.3395106792449951,211500800
15/04/2011,1.3294374670139593,1.3454637890260104,1.317684046774769,1.3352371454238892,1.3352371454238892,192992000
18/04/2011,1.3091361977945162,1.3170731986554165,1.2728099615851898,1.3160054683685303,1.3160054683685303,336262400
19/04/2011,1.3231786554151748,1.3326423168182373,1.3097468426367767,1.3326423168182373,1.3326423168182373,183955200
20/04/2011,1.379347931848858,1.395221703974341,1.3761428771207325,1.3920166492462158,1.3920166492462158,226995200
21/04/2011,1.4213223524735834,1.4213223524735834,1.4065171260067633,1.4141483306884766,1.4141483306884766,168262400
25/04/2011,1.4175064005373879,1.423764075335119,1.4121639064575113,1.4222382307052612,1.4222382307052612,126009600
26/04/2011,1.4294112110040886,1.448032965411039,1.4231534202296583,1.4371957778930664,1.4371957778930664,147200000
27/04/2011,1.4431490201441117,1.460854433298926,1.4303277544905912,1.4573436975479126,1.4573436975479126,159257600
28/04/2011,1.449102048813693,1.457343800850002,1.4405546154054967,1.4536805152893066,1.4536805152893066,193920000
29/04/2011,1.4481855027651054,1.4603962200423106,1.4452853147604818,1.4524593353271484,1.4524593353271484,131334400
02/05/2011,1.4559702102679701,1.4637547790889696,1.438264796615541,1.4462016820907593,1.4462016820907593,219321600
03/05/2011,1.444369768511617,1.4466595252472592,1.4143013253974719,1.431242823600769,1.431242823600769,240217600
04/05/2011,1.4332277396425648,1.4407065087773328,1.40315825038729,1.4281901121139526,1.4281901121139526,283552000
05/05/2011,1.4135374185484044,1.4452851875139612,1.4020906144777727,1.4109429121017456,1.4109429121017456,299654400
06/05/2011,1.4404008488391682,1.4565804137766842,1.4135373444722417,1.4219324588775635,1.4219324588775635,284672000
09/05/2011,1.4251377171203883,1.4423859463110196,1.4146062092479474,1.4321593046188354,1.4321593046188354,155622400
10/05/2011,1.4400959557940234,1.4597854402339512,1.4355165590812045,1.4556641578674316,1.4556641578674316,228844800
11/05/2011,1.4515438829754046,1.4619229574495614,1.4146061672481602,1.434295654296875,1.434295654296875,284064000
12/05/2011,1.423612293039178,1.454901843272122,1.4088070646668,1.4504756927490234,1.4504756927490234,236800000
13/05/2011,1.444369439178983,1.4492537012379263,1.4161325284116408,1.4168955087661743,1.4168955087661743,263264000
16/05/2011,1.4045329092296217,1.4121639960634678,1.3614897180037764,1.3675950765609741,1.3675950765609741,279456000
17/05/2011,1.3538587108965146,1.3762950228064867,1.3485162161630302,1.3746168613433838,1.3746168613433838,345625600
18/05/2011,1.3718684808958859,1.4028533810544832,1.368205313173935,1.3988844156265259,1.3988844156265259,196480000
19/05/2011,1.4075856908443092,1.4126223880622202,1.3897269123984843,1.4065170288085938,1.4065170288085938,259456000
20/05/2011,1.4028535749964026,1.4063643101507122,1.3814848801725017,1.385148048400879,1.385148048400879,274259200
23/05/2011,1.348363734954854,1.3553843902946028,1.331725938148362,1.3456158638000488,1.3456158638000488,307392000
24/05/2011,1.3509584577041227,1.3514165721616207,1.327758116227938,1.3283686637878418,1.3283686637878418,289401600
25/05/2011,1.323788907291583,1.3500418653135806,1.322873610144385,1.3382893800735474,1.3382893800735474,205920000
26/05/2011,1.3298943730187762,1.3619479419693368,1.3294371902082294,1.3553844690322876,1.3553844690322876,232396800
27/05/2011,1.3595056894890527,1.3708000607508881,1.356605385221071,1.3686636686325073,1.3686636686325073,130086400
31/05/2011,1.3936951788552372,1.411553134669342,1.3796529399697923,1.4110949039459229,1.4110949039459229,182912000
01/06/2011,1.4056003761957507,1.4123162815518007,1.3492789763280575,1.350347638130188,1.350347638130188,361216000
02/06/2011,1.355690029834657,1.3663738531682108,1.3418002210609088,1.3567577600479126,1.3567577600479126,296288000
03/06/2011,1.3257738598999722,1.3459214590632331,1.3121888012727663,1.316462516784668,1.316462516784668,244384000
06/06/2011,1.3105105610106593,1.3239422553521896,1.2934155820259703,1.2935680150985718,1.2935680150985718,275699200
07/06/2011,1.3013530491815286,1.3111215788345147,1.288073666698417,1.289905309677124,1.289905309677124,183795200
08/06/2011,1.2844101033077167,1.288073271691707,1.263804388128942,1.2703678607940674,1.2703678607940674,291296000
09/06/2011,1.270215679251125,1.2871572978006285,1.2633464074644223,1.2740312814712524,1.2740312814712524,167129600
10/06/2011,1.2634992499774964,1.2686883783501934,1.2338878786186207,1.2364825010299683,1.2364825010299683,212140800
13/06/2011,1.2393829188244678,1.248999128570314,1.2271723190845836,1.2346510887145996,1.2346510887145996,286105600
14/06/2011,1.2543414773217185,1.273725164944046,1.254035796026422,1.2656358480453491,1.2656358480453491,162387200
15/06/2011,1.2441150136902457,1.2590725547333055,1.2151141808195869,1.221219539642334,1.221219539642334,301126400
16/06/2011,1.221677653126567,1.2294622214308424,1.189319332906161,1.2108404636383057,1.2108404636383057,307782400
17/06/2011,1.232362509632854,1.2358724303843978,1.19588290330554,1.2025988101959229,1.2025988101959229,244172800
20/06/2011,1.1967981991872318,1.222746412927705,1.196035334955277,1.2143512964248657,1.2143512964248657,181664000
21/06/2011,1.2241197909097656,1.269605060014271,1.2135883986583667,1.2660942077636719,1.2660942077636719,245536000
22/06/2011,1.256477921416295,1.2708259615371182,1.2479304897954429,1.2491514682769775,1.2491514682769775,193638400
23/06/2011,1.2224404477847421,1.2731147251275938,1.213893015795595,1.272351861000061,1.272351861000061,350662400
24/06/2011,1.2590724167477345,1.2621251540495662,1.2232042964139906,1.2279351949691772,1.2279351949691772,237824000
27/06/2011,1.2300729250337947,1.2792203186520228,1.2254934104265816,1.2677736282348633,1.2677736282348633,214291200
28/06/2011,1.2731146267386408,1.3051681929209389,1.269146708821881,1.3044052124023438,1.3044052124023438,187424000
29/06/2011,1.3117315760933195,1.320583756517324,1.296772990035392,1.3158519268035889,1.3158519268035889,217228800
30/06/2011,1.3250101700092243,1.3520270435759392,1.3233320085767923,1.349737286567688,1.349737286567688,181779200
01/07/2011,1.352484079681133,1.3941537399895856,1.344242329455942,1.3911010026931763,1.3911010026931763,223680000
05/07/2011,1.3930851986078778,1.4071274420355264,1.3872845896680503,1.4042271375656128,1.4042271375656128,235436800
06/07/2011,1.4020909682142493,1.4182696064812346,1.3923224393680198,1.4123166799545288,1.4123166799545288,225888000
07/07/2011,1.4344490963949539,1.4602438268616733,1.4309382443354839,1.453069806098938,1.453069806098938,203776000
08/07/2011,1.4278858592211618,1.4443701793361214,1.4120119702826373,1.4440644979476929,1.4440644979476929,202688000
11/07/2011,1.4138432235728022,1.4283436977880393,1.38209556827911,1.3933899402618408,1.3933899402618408,306022400
12/07/2011,1.392016358108928,1.3975111690223865,1.3683580215342883,1.3701895475387573,1.3701895475387573,287379200
13/07/2011,1.390642647756133,1.4100273806726125,1.3724790095469908,1.382095217704773,1.382095217704773,294278400
14/07/2011,1.390184723001239,1.4025477554611918,1.3401209976743635,1.350347638130188,1.350347638130188,309606400
15/07/2011,1.380263981826783,1.386063542918322,1.3608793596558126,1.385911226272583,1.385911226272583,222656000
18/07/2011,1.3718686611340125,1.383164079939883,1.3447004062309753,1.3715639114379883,1.3715639114379883,257024000
19/07/2011,1.3990380795620474,1.436585411181675,1.397358870169848,1.434295654296875,1.434295654296875,157337600
20/07/2011,1.4492542726165925,1.450627800826266,1.4168960673873912,1.4208639860153198,1.4208639860153198,195539200
21/07/2011,1.4243744858405138,1.456274568724106,1.4091111501086395,1.4416217803955078,1.4416217803955078,167936000
22/07/2011,1.4394857002621082,1.4744385277319025,1.4371960596664415,1.4703172445297241,1.4703172445297241,166470400
25/07/2011,1.44727001860817,1.4802388811285898,1.4413170938280662,1.465280294418335,1.465280294418335,201280000
26/07/2011,1.461922998986845,1.4817649196849263,1.4564281878473433,1.4704705476760864,1.4704705476760864,184896000
27/07/2011,1.45230680030891,1.4544431924148549,1.3886589446149138,1.3961377143859863,1.3961377143859863,263609600
28/07/2011,1.3961378061251368,1.435822462423433,1.386216845838115,1.4005639553070068,1.4005639553070068,285440000
29/07/2011,1.3778219703828134,1.4201011371385877,1.3642378402900355,1.3906431198120117,1.3906431198120117,242419200
01/08/2011,1.423153582848391,1.4303276031413172,1.3447005017285933,1.3805686235427856,1.3805686235427856,297760000
02/08/2011,1.366069210346889,1.3776693797780983,1.3060835889320912,1.309289574623108,1.309289574623108,391955200
03/08/2011,1.3131051118070796,1.3366101992371884,1.2660940053466923,1.3324898481369019,1.3324898481369019,579257600
04/08/2011,1.2953997291678458,1.29967344503822,1.2103831768035889,1.2103831768035889,1.2103831768035889,667404800
05/08/2011,1.2372468984293068,1.247930724161748,1.1271974146928667,1.1940513849258423,1.1940513849258423,1010163200
08/08/2011,1.122008422771481,1.1627617467536069,1.051797079942313,1.0542391538619995,1.0542391538619995,886297600
09/08/2011,1.0797288194366925,1.153603426066673,1.0234064902076816,1.1517717838287354,1.1517717838287354,622208000
10/08/2011,1.1000289338153806,1.1331501144977094,1.0551542196456214,1.0574439764022827,1.0574439764022827,704128000
11/08/2011,1.0872077979528576,1.1752769698685936,1.0775915880440567,1.150397539138794,1.150397539138794,532646400
12/08/2011,1.164593113276145,1.1847407132470145,1.1409346616940177,1.169629693031311,1.169629693031311,450003200
15/08/2011,1.1797030991407282,1.2047349625330912,1.1690192756087092,1.2039719820022583,1.2039719820022583,247948800
16/08/2011,1.1806193332160124,1.2044302182562645,1.15283959857732,1.1836720705032349,1.1836720705032349,391424000
17/08/2011,1.1877935079668076,1.2071771986539612,1.1462772070505165,1.170698642730713,1.170698642730713,366169600
18/08/2011,1.1068973268346924,1.107507874387336,1.0353125768253602,1.0566812753677368,1.0566812753677368,450176000
19/08/2011,1.0345494101042716,1.0855285495057005,1.016233452619312,1.018065094947815,1.018065094947815,312012800
22/08/2011,1.065533315287376,1.067212524619878,1.0186755727590249,1.0246275663375854,1.0246275663375854,410553600
23/08/2011,1.0391280295842413,1.1093393577561448,1.0304281648959193,1.1079659461975098,1.1079659461975098,473881600
24/08/2011,1.104913196420616,1.1308603571144606,1.0852237104846685,1.125060796737671,1.125060796737671,455878400
25/08/2011,1.1244501844404833,1.1357445548388416,1.0815604798201723,1.0896497964859009,1.0896497964859009,446668800
26/08/2011,1.0829339848080033,1.1522290854151078,1.0608024248545505,1.1427663564682007,1.1427663564682007,427737600
29/08/2011,1.1668819310867469,1.2102298723210732,1.16672961444815,1.2088563442230225,1.2088563442230225,255494400
30/08/2011,1.1987829746579173,1.2386200608733025,1.185351279942571,1.2233567237854004,1.2233567237854004,342342400
31/08/2011,1.23816212217146,1.2581572922296966,1.20733057746738,1.2290040254592896,1.2290040254592896,412832000
01/09/2011,1.2343464785420732,1.2537311004010383,1.2007670634490537,1.2048884630203247,1.2048884630203247,249267200
02/09/2011,1.1632183159143397,1.172986839339248,1.1360500686606292,1.1485655307769775,1.1485655307769775,272672000
06/09/2011,1.095449544094757,1.1523825478898577,1.089954732797929,1.1490241289138794,1.1490241289138794,393312000
07/09/2011,1.1810778165195503,1.2079412116894328,1.1755830046779732,1.206720232963562,1.206720232963562,299020800
08/09/2011,1.195424949914317,1.230683465839768,1.188556725441987,1.1955773830413818,1.1955773830413818,375699200
09/09/2011,1.1789401857741204,1.189319260195178,1.1290288892220863,1.142460584640503,1.142460584640503,420704000
12/09/2011,1.118192675729594,1.173140670981281,1.1166658993710952,1.172834873199463,1.172834873199463,431276800
13/09/2011,1.1810776272223584,1.2083982008916216,1.169477457810463,1.202903389930725,1.202903389930725,350265600
14/09/2011,1.215572055063956,1.265177663565678,1.1917612884551225,1.2373988628387451,1.2373988628387451,341222400
15/09/2011,1.264873300472733,1.2784574312846209,1.2392308838068509,1.2740312814712524,1.2740312814712524,423833600
16/09/2011,1.2818158419155246,1.3001318037881473,1.2752523679952352,1.29570472240448,1.29570472240448,379180800
19/09/2011,1.2662464107562115,1.3121888543681333,1.2444196015086337,1.2986047267913818,1.2986047267913818,399872000
20/09/2011,1.312036339327509,1.332642052392125,1.2819677818877124,1.287462592124939,1.287462592124939,384742400
21/09/2011,1.2995209374865733,1.3137156123139824,1.2421308755874634,1.2421308755874634,1.2421308755874634,447129600
22/09/2011,1.1775668995991442,1.2012253553240082,1.1252134075123146,1.1618454456329346,1.1618454456329346,821017600
23/09/2011,1.1429184833194257,1.196493054696128,1.1409345245906701,1.1858083009719849,1.1858083009719849,474790400
26/09/2011,1.1987828547422834,1.217861791293632,1.1453607144784224,1.2129775285720825,1.2129775285720825,395289600
27/09/2011,1.255104500836485,1.2766255128128678,1.222440386327108,1.2383142709732056,1.2383142709732056,387289600
28/09/2011,1.2493039867120175,1.2663989675717233,1.1971038633468263,1.2016823291778564,1.2016823291778564,356844800
29/09/2011,1.237856871378143,1.2418249051570833,1.133608152267819,1.1739033460617065,1.1739033460617065,512838400
30/09/2011,1.1442920787165765,1.166424567902503,1.1120871293358388,1.1134605407714844,1.1134605407714844,522976000
03/10/2011,1.0934655052342424,1.1285716943796464,1.0546970792412784,1.0553076267242432,1.0553076267242432,422918400
04/10/2011,1.0342438689031497,1.1035399067762992,1.0130276044033089,1.098502278327942,1.098502278327942,844800000
05/10/2011,1.0937708452456352,1.1616923902116352,1.0768283052465382,1.154976487159729,1.154976487159729,623596800
06/10/2011,1.1534497863131754,1.1942030885754022,1.142002985768627,1.1931344270706177,1.1931344270706177,403289600
07/10/2011,1.1929828220574596,1.2045828777001495,1.163219003499004,1.1781775951385498,1.1781775951385498,429734400
10/10/2011,1.217861973940662,1.2592258384407244,1.2148093529506345,1.2587677240371704,1.2587677240371704,199020800
11/10/2011,1.2534253694441477,1.2833414982117832,1.2497620844480897,1.2746416330337524,1.2746416330337524,214009600
12/10/2011,1.3010469680273196,1.3179895163285962,1.2876152717916907,1.2892944812774658,1.2892944812774658,263923200
13/10/2011,1.2844099109795888,1.3166157904101703,1.2821201545136585,1.3134098052978516,1.3134098052978516,256140800
14/10/2011,1.3463787926178723,1.3622526780471709,1.3317260021716029,1.3607268333435059,1.3607268333435059,201920000
17/10/2011,1.3485159968337985,1.3575216588725831,1.305778724267741,1.3210420608520508,1.3210420608520508,243449600
18/10/2011,1.3161578302448764,1.3663738734689763,1.2912782835711547,1.351873517036438,1.351873517036438,351449600
19/10/2011,1.338747581287648,1.3459216016067297,1.2917364727778617,1.29982590675354,1.29982590675354,264595200
20/10/2011,1.2979944172618036,1.3025739315350457,1.250983303211649,1.2882258892059326,1.2882258892059326,275187200
21/10/2011,1.3146311698382296,1.335999868648085,1.2961627757273038,1.3193631172180176,1.3193631172180176,198899200
24/10/2011,1.3295897268167514,1.381637420304321,1.32653710554095,1.3738529682159424,1.3738529682159424,256755200
25/10/2011,1.364084349450256,1.366373989929513,1.3144787330005108,1.3207364082336426,1.3207364082336426,262771200
26/10/2011,1.3355426346030193,1.3401212171045007,1.269146900029612,1.3169208765029907,1.3169208765029907,344857600
27/10/2011,1.3802641883117746,1.4054484917918446,1.3526378107830492,1.3903374671936035,1.3903374671936035,324787200
28/10/2011,1.3729368496661138,1.3969000424745128,1.3729368496661138,1.3932368755340576,1.3932368755340576,178976000
31/10/2011,1.3682055099710553,1.3795009289176041,1.3451576057532375,1.3472950458526611,1.3472950458526611,198496000
01/11/2011,1.2831891574699317,1.301199436621456,1.262278690150293,1.2763209342956543,1.2763209342956543,396505600
02/11/2011,1.302726036739979,1.3099000567401098,1.274793868877898,1.2969255447387695,1.2969255447387695,259494400
03/11/2011,1.3195152155517114,1.3556900651758714,1.288988541288397,1.3514163494110107,1.3514163494110107,260204800
04/11/2011,1.3375266886253063,1.3492792928554032,1.311121408271942,1.3379849195480347,1.3379849195480347,168108800
07/11/2011,1.3352367986660407,1.3592000006766054,1.3089838398697,1.3564530611038208,1.3564530611038208,202124800
08/11/2011,1.3758378052285385,1.3929327864737557,1.3462264251224165,1.3875904083251953,1.3875904083251953,266240000
09/11/2011,1.3334054606857202,1.3381372919665435,1.282273059430846,1.2917367219924927,1.2917367219924927,295443200
10/11/2011,1.3167686091614723,1.3182944540356596,1.2645674332783285,1.2882258892059326,1.2882258892059326,219596800
11/11/2011,1.3118841825551197,1.3450054840189727,1.3082210137754822,1.3363056182861328,1.3363056182861328,183942400
14/11/2011,1.3305047892062456,1.3447003955877543,1.3111211016822795,1.3210420608520508,1.3210420608520508,161331200
15/11/2011,1.312494702661322,1.3607269091269456,1.3105107434409804,1.349737286567688,1.349737286567688,155987200
16/11/2011,1.3315737038198447,1.3503478955210275,1.301047024855474,1.3039473295211792,1.3039473295211792,224742400
17/11/2011,1.2995208120671287,1.2999779947899142,1.2286989462374207,1.246251106262207,1.246251106262207,349638400
18/11/2011,1.245640567243973,1.2480826403320782,1.2213726187715621,1.2250357866287231,1.2250357866287231,234368000
21/11/2011,1.1937450895468984,1.1960348458067405,1.1537556953214603,1.1786351203918457,1.1786351203918457,320736000
22/11/2011,1.172072011512755,1.192982594301535,1.1584878824496376,1.1845874786376953,1.1845874786376953,261612800
23/11/2011,1.1688668792602768,1.1711555880246503,1.1310137510299683,1.1310137510299683,1.1310137510299683,258707200
25/11/2011,1.122923470927164,1.1485658818683664,1.1146817207336426,1.1146817207336426,1.1146817207336426,103091200
28/11/2011,1.1688669450676468,1.1952722223118344,1.1679505997801323,1.1913033723831177,1.1913033723831177,236576000
29/11/2011,1.1897776011137575,1.2090089773184218,1.171155840914418,1.177108883857727,1.177108883857727,238483200
30/11/2011,1.2407563279844973,1.2665521010291134,1.2334298756821922,1.2639565467834473,1.2639565467834473,223404800
01/12/2011,1.2638042642857272,1.288377895151526,1.2627354860763078,1.281662106513977,1.281662106513977,221132800
02/12/2011,1.3079152334763227,1.3079152334763227,1.272351861000061,1.272351861000061,1.272351861000061,166988800
05/12/2011,1.3135631648662884,1.3195150410945713,1.2880730738244868,1.3016571998596191,1.3016571998596191,181081600
06/12/2011,1.3047100776734455,1.3118839810337144,1.2865464367623496,1.2953996658325195,1.2953996658325195,179238400
07/12/2011,1.2882254909282602,1.3066938793130467,1.2621249692811458,1.296620488166809,1.296620488166809,205849600
08/12/2011,1.2795260434515494,1.299063099873013,1.2471677209722238,1.252204418182373,1.252204418182373,259174400
09/12/2011,1.2581574188356375,1.2995212913012428,1.2570887567382776,1.2917367219924927,1.2917367219924927,206336000
12/12/2011,1.2644151534205508,1.2659420465301545,1.2410624924677045,1.2634998559951782,1.2634998559951782,189075200
13/12/2011,1.2795259787835453,1.2894469395976491,1.224882731006895,1.2343465089797974,1.2343465089797974,244780800
14/12/2011,1.225036064292925,1.2276305710277162,1.1822986692892512,1.197256326675415,1.197256326675415,289203200
15/12/2011,1.218472246181244,1.219540907831403,1.1862663683764536,1.1896247863769531,1.1896247863769531,205100800
16/12/2011,1.2030567065167965,1.2343463616458623,1.1978667619333556,1.2004612684249878,1.2004612684249878,219481600
19/12/2011,1.2111460984458018,1.2161827951108368,1.1717661920550033,1.1790926456451416,1.1790926456451416,152716800
20/12/2011,1.2163353870665232,1.2505252365693553,1.2151142919003395,1.247778296470642,1.247778296470642,204902400
21/12/2011,1.23281935668763,1.2331251544177275,1.1835195456354006,1.2112983465194702,1.2112983465194702,263955200
22/12/2011,1.2170990793582313,1.2335835133490942,1.2141988912477575,1.232056736946106,1.232056736946106,125043200
23/12/2011,1.2370934491119328,1.254188314394938,1.2325148665969656,1.25373113155365,1.25373113155365,83904000
27/12/2011,1.250372505577871,1.2694514434164526,1.2477779992054567,1.2610573768615723,1.2610573768615723,79788800
28/12/2011,1.2586156020231383,1.2615149754951132,1.2259515944666275,1.234194278717041,1.234194278717041,158092800
29/12/2011,1.2366362718456358,1.2518996110314353,1.2286992702569997,1.2493040561676025,1.2493040561676025,126259200
30/12/2011,1.24426723353489,1.2557150861182773,1.2424357075455759,1.243351936340332,1.243351936340332,80992000
03/01/2012,1.2905156531946425,1.3031844860141475,1.284104496208119,1.2886840105056763,1.2886840105056763,189516800
04/01/2012,1.2853254330309747,1.3044053040370496,1.2750997233231671,1.29982590675354,1.29982590675354,125881600
05/01/2012,1.296162506745883,1.324399423061544,1.2859358663458462,1.3219573497772217,1.3219573497772217,145849600
06/01/2012,1.3230258544828812,1.3370680944379598,1.3129525799498993,1.3303523063659668,1.3303523063659668,173971200
09/01/2012,1.3381370163925257,1.3392056782698067,1.3143262469284949,1.3227213621139526,1.3227213621139526,169088000
10/01/2012,1.3517211757070526,1.3588951960974722,1.335084426086923,1.341800332069397,1.341800332069397,133561600
11/01/2012,1.3414944770872215,1.3532480107554676,1.3314212007932384,1.3479055166244507,1.3479055166244507,140518400
12/01/2012,1.353705237838161,1.361337372560773,1.333557636540745,1.358895182609558,1.358895182609558,197670400
13/01/2012,1.344394782760932,1.3494313626882097,1.3254681605884868,1.3492790460586548,1.3492790460586548,193600000
17/01/2012,1.3729376232247097,1.3843854776073956,1.3627109804435498,1.371410846710205,1.371410846710205,157452800
18/01/2012,1.378890453556445,1.4091113311768368,1.3730898449049183,1.4080426692962646,1.4080426692962646,211724800
19/01/2012,1.4214744102894612,1.431701168275077,1.4168959445042792,1.4266644716262817,1.4266644716262817,187814400
20/01/2012,1.4144537054957054,1.4236118012490802,1.412469746422537,1.4228488206863403,1.4228488206863403,153158400
23/01/2012,1.4234594366196525,1.4428431264362405,1.4068216385207966,1.4231536388397217,1.4231536388397217,231923200
24/01/2012,1.4114011402586275,1.4255958165966034,1.4051434650268804,1.4181170463562012,1.4181170463562012,178534400
25/01/2012,1.4466594956407326,1.460701853868372,1.4257479837967666,1.4532220363616943,1.4532220363616943,227187200
26/01/2012,1.4660433822048744,1.4712333268647986,1.4298694632672024,1.4426906108856201,1.4426906108856201,326771200
27/01/2012,1.4370435706713636,1.4573436058495284,1.4361272253785928,1.452917456626892,1.452917456626892,177049600
30/01/2012,1.428190079640451,1.4584120012745496,1.4164375953244526,1.4545964002609253,1.4545964002609253,263756800
31/01/2012,1.4680284100955867,1.4739804042675504,1.4396381245435372,1.458106517791748,1.458106517791748,220172800
01/02/2012,1.4733696007872517,1.4924494698530184,1.464669736658531,1.4810017347335815,1.4810017347335815,232448000
02/02/2012,1.4912282228469849,1.5005385162743956,1.4794746921067135,1.4912282228469849,1.4912282228469849,187366400
03/02/2012,1.5183969461025852,1.5351870607513298,1.5138183638303386,1.5318286418914795,1.5318286418914795,146758400
06/02/2012,1.5202282367632656,1.5304549932479858,1.5129019007220035,1.5304549932479858,1.5304549932479858,149721600
07/02/2012,1.5266396585658628,1.5414447662973527,1.5135127122470104,1.5364081859588623,1.5364081859588623,227776000
08/02/2012,1.5365605524262713,1.551823891529025,1.5248080654552385,1.550602912902832,1.550602912902832,241804800
09/02/2012,1.5629659201608757,1.577771144564344,1.5454128243086773,1.5744136571884155,1.5744136571884155,231404800
10/02/2012,1.5522820949554443,1.5606761627432044,1.5411391076693577,1.5522820949554443,1.5522820949554443,180582400
13/02/2012,1.5756344430506783,1.5847924212655449,1.5614397689601536,1.5796023607254028,1.5796023607254028,171155200
14/02/2012,1.572276433111833,1.5892189825124694,1.5632717007725772,1.5883036851882935,1.5883036851882935,185171200
15/02/2012,1.6041769852837715,1.6214243958302619,1.5618968989684185,1.565407633781433,1.565407633781433,352332800
16/02/2012,1.568612898358703,1.613181932009018,1.559913033610404,1.6095186471939087,1.6095186471939087,299283200
17/02/2012,1.6107399900071286,1.6124191995933383,1.5860139199752914,1.5995980501174927,1.5995980501174927,151673600
21/02/2012,1.602955943821875,1.6223396289844925,1.5883031564599634,1.607534408569336,1.607534408569336,133996800
22/02/2012,1.6023455890027447,1.6115035676481462,1.5893709610674758,1.593798041343689,1.593798041343689,163104000
23/02/2012,1.5974612550549883,1.618219401169844,1.5826551019178532,1.6151666641235352,1.6151666641235352,223916800
24/02/2012,1.623866718415047,1.6316512861333776,1.6179137931392602,1.6258506774902344,1.6258506774902344,208902400
27/02/2012,1.6073825089710296,1.640809493276266,1.593798378773592,1.6298198699951172,1.6298198699951172,242604800
28/02/2012,1.6327191348071322,1.6627886295318604,1.6293616474441157,1.6627886295318604,1.6627886295318604,276857600
29/02/2012,1.6658411002548386,1.6769831548943663,1.6379089319658813,1.6492034196853638,1.6492034196853638,336422400
01/03/2012,1.6609569375127757,1.6777461205785746,1.651493160030033,1.6734724044799805,1.6734724044799805,221427200
02/03/2012,1.6699617825017095,1.6827830490131677,1.6612619160172584,1.6716409921646118,1.6716409921646118,209164800
05/03/2012,1.6693509388390135,1.6737780191426967,1.6269193473737515,1.638061285018921,1.638061285018921,258227200
06/03/2012,1.607382317964361,1.612877128951982,1.5883034948435435,1.6052449941635132,1.6052449941635132,280025600
07/03/2012,1.6189827847084253,1.636993065685873,1.6153196155273934,1.6289037466049194,1.6289037466049194,201158400
08/03/2012,1.6479823961516282,1.6740829231615713,1.6418770376373208,1.6647725105285645,1.6647725105285645,167379200
09/03/2012,1.6691983191684336,1.6846140871713446,1.668283022135605,1.67881441116333,1.67881441116333,130419200
12/03/2012,1.67667744629878,1.6833933523756712,1.6632457505950264,1.6801882982254028,1.6801882982254028,174617600
13/03/2012,1.698962222180033,1.7429207068818544,1.6916358856964087,1.741852045059204,1.741852045059204,242240000
14/03/2012,1.746431569967048,1.76795269952027,1.7334570572705958,1.7554363012313843,1.7554363012313843,280025600
15/03/2012,1.7653578790252191,1.7720736673580184,1.747652354216006,1.7636786699295044,1.7636786699295044,218937600
16/03/2012,1.7700889582172086,1.770547072590223,1.753910324238654,1.760778546333313,1.760778546333313,168396800
19/03/2012,1.7670364819655895,1.7952744511368097,1.759557711319034,1.788405179977417,1.788405179977417,168576000
20/03/2012,1.7687155277702047,1.7977163584413864,1.7592527987402848,1.7935950756072998,1.7935950756072998,205926400
21/03/2012,1.7940533009154231,1.8138951054484713,1.7893214703078377,1.7945104837417603,1.7945104837417603,150438400
22/03/2012,1.7716157693615933,1.7946636739396709,1.771310088056843,1.7861162424087524,1.7861162424087524,252243200
23/03/2012,1.7908471312510155,1.7917633600101546,1.7641369901117494,1.7856580018997192,1.7856580018997192,216089600
26/03/2012,1.8077891750806223,1.8468632698059082,1.8050422363170777,1.8468632698059082,1.8468632698059082,201772800
27/03/2012,1.8486950624949419,1.867011016779272,1.84716921817957,1.8514429330825806,1.8514429330825806,175948800
28/03/2012,1.8543426079463299,1.8680801007907066,1.8152685011981708,1.8367905616760254,1.8367905616760254,252966400
29/03/2012,1.8196952832592197,1.8361797130083732,1.7972579292756414,1.824884295463562,1.824884295463562,182297600
30/03/2012,1.8395372505244314,1.8406060287637993,1.801531808418547,1.815574049949646,1.815574049949646,156454400
02/04/2012,1.8114530397629485,1.8580059199813206,1.8055001140918372,1.852664589881897,1.852664589881897,183846400
03/04/2012,1.8569382551813685,1.8694537221016636,1.8316005919630802,1.8529692888259888,1.8529692888259888,242092800
04/04/2012,1.8245799017257915,1.8265638608409343,1.7812320777628223,1.8027530908584595,1.8027530908584595,292652800
05/04/2012,1.79588451903362,1.8276321673534948,1.7928317821615134,1.8235108852386475,1.8235108852386475,162201600
09/04/2012,1.7775689716569025,1.811300705109335,1.772531342968953,1.7971060276031494,1.7971060276031494,327385600
10/04/2012,1.7957317177354288,1.8085528672705202,1.7282682495722808,1.7377309799194336,1.7377309799194336,407417600
11/04/2012,1.7697837878030083,1.7784836507438928,1.74658357104399,1.7560464143753052,1.7560464143753052,331948800
12/04/2012,1.762305585265887,1.79909005551274,1.757573754506266,1.794663906097412,1.794663906097412,291372800
13/04/2012,1.7822994297717532,1.7841310719820944,1.7395621595805504,1.7413936853408813,1.7413936853408813,288684800
16/04/2012,1.759252683879154,1.7601679810157418,1.6914834317661074,1.7043046951293945,1.7043046951293945,237664000
17/04/2012,1.7174306114045539,1.7821472435031396,1.7114776864480457,1.7711576223373413,1.7711576223373413,135564800
18/04/2012,1.7606262393513108,1.783063597634298,1.7522312404620821,1.7612367868423462,1.7612367868423462,158099200
19/04/2012,1.7494845877263794,1.791916189687589,1.7099522425604259,1.7249099016189575,1.7249099016189575,250995200
20/04/2012,1.7407831829692715,1.7561998827363503,1.7078143232357867,1.7131567001342773,1.7131567001342773,215340800
23/04/2012,1.682019837961771,1.686751784931771,1.6508827302339386,1.6838514804840088,1.6838514804840088,222835200
24/04/2012,1.6759147560824204,1.6888883387181681,1.6495093598989548,1.6637040376663208,1.6637040376663208,221664000
25/04/2012,1.7313203875262115,1.7536043776362766,1.7267408744850568,1.7520785331726074,1.7520785331726074,207820800
26/04/2012,1.750095086494123,1.78001121892692,1.7465842341552202,1.7729896306991577,1.7729896306991577,102976000
27/04/2012,1.7871840451098882,1.804737140859205,1.7687156520998846,1.794053316116333,1.794053316116333,129600000
30/04/2012,1.781842602093399,1.789626238775794,1.7652049200216098,1.768868088722229,1.768868088722229,117510400
01/05/2012,1.7636790288078323,1.813436962268912,1.7584889674059112,1.7740581035614014,1.7740581035614014,133696000
02/05/2012,1.7557416940539876,1.7861160483949332,1.7478048108445539,1.7822993993759155,1.7822993993759155,118969600
03/05/2012,1.786116155347108,1.788252547325619,1.7362047472404054,1.7452104091644287,1.7452104091644287,190444800
04/05/2012,1.713767512228883,1.7183470258492626,1.6586670875549316,1.6586670875549316,1.6586670875549316,221401600
07/05/2012,1.6389773797244143,1.677593364024721,1.6379086016299413,1.6609565019607544,1.6609565019607544,171616000
08/05/2012,1.6397404966755857,1.6604986438711353,1.5959344455930276,1.6484403610229492,1.6484403610229492,222617600
09/05/2012,1.6107399964856968,1.6571405634206993,1.5977664138544556,1.6429458856582642,1.6429458856582642,248121600
10/05/2012,1.6545459271069318,1.6553087912666535,1.6205083978995571,1.6307350397109985,1.6307350397109985,356230400
11/05/2012,1.6200513498251528,1.6664519169907597,1.6182198235693006,1.631651520729065,1.631651520729065,95542400
14/05/2012,1.60448193520212,1.6267668577681724,1.596240185521595,1.60173499584198,1.60173499584198,108832000
15/05/2012,1.6121142216563284,1.6362297407116841,1.5849449171671366,1.5901349782943726,1.5901349782943726,141740800
16/05/2012,1.6026505486615559,1.6111979809904073,1.5629658916989904,1.5684607028961182,1.5684607028961182,125353600
17/05/2012,1.5699875081724455,1.5745660906042473,1.502218246459961,1.502218246459961,1.502218246459961,112902400
18/05/2012,1.5113766019620913,1.5196182380719416,1.4204071008597385,1.4643654823303223,1.4643654823303223,150716800
21/05/2012,1.468332886103323,1.5480079849699608,1.465586063197643,1.543123722076416,1.543123722076416,112732800
22/05/2012,1.5525865440244597,1.5666287850831526,1.519312932954987,1.540375828742981,1.540375828742981,88070400
23/05/2012,1.5168714407411321,1.5550292127978782,1.4890915812133405,1.5489239692687988,1.5489239692687988,185600000
24/05/2012,1.5544181042446437,1.5553344494036114,1.504354380091283,1.5287758111953735,1.5287758111953735,102384000
25/05/2012,1.529386416152929,1.5361023221155654,1.5144288759726545,1.5226706266403198,1.5226706266403198,51385600
29/05/2012,1.5510608742705272,1.5760927386126575,1.5339658942405254,1.5608294010162354,1.5608294010162354,117417600
30/05/2012,1.5339659793958411,1.5467872442425974,1.5165653170858584,1.5354918241500854,1.5354918241500854,105878400
31/05/2012,1.5315235449274247,1.539460427809995,1.4994699827881761,1.5223654508590698,1.5223654508590698,114307200
01/06/2012,1.4689437377143788,1.4854281720624918,1.4402487018288035,1.4405544996261597,1.4405544996261597,135331200
04/06/2012,1.4497121658854792,1.4671118937562286,1.4231534116826263,1.4619227647781372,1.4619227647781372,117708800
05/06/2012,1.4533753870905968,1.4802388919574605,1.4515437447871686,1.4747440814971924,1.4747440814971924,101417600
06/06/2012,1.4982497750751673,1.5449560322655176,1.4942817391680725,1.5434292554855347,1.5434292554855347,126076800
07/06/2012,1.5745659568448516,1.5745659568448516,1.5275548492640187,1.5296921730041504,1.5296921730041504,93830400
08/06/2012,1.5245021172086375,1.5635763406414949,1.5156499357048288,1.5608294010162354,1.5608294010162354,80960000
11/06/2012,1.5828087154773174,1.5852507890483662,1.5052709290585247,1.5110704898834229,1.5110704898834229,118960000
12/06/2012,1.520534049862526,1.54495536433025,1.5013017479722603,1.543123722076416,1.543123722076416,100153600
13/06/2012,1.534576165316874,1.5583869304145883,1.5116806972459802,1.5223654508590698,1.5223654508590698,91203200
14/06/2012,1.5214497833297131,1.5455663550303707,1.5061864428534721,1.5339661836624146,1.5339661836624146,118316800
15/06/2012,1.542207479654508,1.5757867721926457,1.5409863848294818,1.571513056755066,1.571513056755066,77667200
18/06/2012,1.5602186614798699,1.6090612891960219,1.5538076226264617,1.6011244058609009,1.6011244058609009,103148800
19/06/2012,1.6173035538423943,1.6475254852282488,1.61516716127744,1.633787989616394,1.633787989616394,104080000
20/06/2012,1.6398931400384038,1.6505778963019124,1.6127248817030548,1.6383672952651978,1.6383672952651978,182857600
21/06/2012,1.6322617044784415,1.6377565149213287,1.5519760562739864,1.5550286769866943,1.5550286769866943,151052800
22/06/2012,1.5644922422327288,1.5916604930402434,1.5571659069307024,1.587082028388977,1.587082028388977,86742400
25/06/2012,1.5617447571009881,1.5620505548765593,1.5177863850876399,1.5254185199737549,1.5254185199737549,129110400
26/06/2012,1.5351866947602326,1.5541131971438438,1.5226702991896102,1.5461763143539429,1.5461763143539429,109488000
27/06/2012,1.558081572161828,1.5776186261845424,1.5538078561506126,1.564186930656433,1.564186930656433,77593600
28/06/2012,1.5409862960253147,1.5431236194209823,1.4973336141713989,1.5306072235107422,1.5306072235107422,136025600
29/06/2012,1.5870822128633242,1.6255457687947708,1.5794500789740928,1.6252400875091553,1.6252400875091553,102950400
02/07/2012,1.6301242343549445,1.636535272945405,1.6108928653336416,1.635619044303894,1.635619044303894,70396800
03/07/2012,1.6365359284541245,1.6624830961227417,1.631956413712335,1.6624830961227417,1.6624830961227417,44665600
05/07/2012,1.658819578233694,1.6811045035362497,1.641724597754408,1.6643143892288208,1.6643143892288208,105907200
06/07/2012,1.6505776305171982,1.6521034750447048,1.5999033590720912,1.6224931478500366,1.6224931478500366,104723200
09/07/2012,1.6182197592078633,1.63073511049172,1.6011247773162294,1.6179139614105225,1.6179139614105225,89248000
10/07/2012,1.6340935565288714,1.6423351910010224,1.5733449525680745,1.5855555534362793,1.5855555534362793,134803200
11/07/2012,1.5812816454215957,1.5895243269437747,1.5419027913715904,1.5672394037246704,1.5672394037246704,131379200
12/07/2012,1.5446495523474022,1.5510607077517267,1.510154962726874,1.53946053981781,1.53946053981781,124108800
13/07/2012,1.5455659974573346,1.5919665557441534,1.5446496522545434,1.5840295553207397,1.5840295553207397,109612800
16/07/2012,1.5776185646832894,1.5913560574482173,1.5638820035185457,1.5760927200317383,1.5760927200317383,98345600
17/07/2012,1.5947135520608564,1.6026504363169873,1.5477024446475525,1.5910502672195435,1.5910502672195435,126051200
18/07/2012,1.5852509943220359,1.6447775788184407,1.5852509943220359,1.6350090503692627,1.6350090503692627,146134400
19/07/2012,1.6569877632165966,1.681714875920043,1.6517987505338572,1.6704195737838745,1.6704195737838745,137782400
20/07/2012,1.670115194605585,1.6707257422139368,1.6258510170252953,1.6279884576797485,1.6279884576797485,107200000
23/07/2012,1.5641868433818304,1.5989872334743382,1.5394606610609123,1.5895243883132935,1.5895243883132935,109763200
24/07/2012,1.5941030507667548,1.5977662192641624,1.5428182260029433,1.5623552799224854,1.5623552799224854,125699200
25/07/2012,1.5403760412174887,1.5614399879610772,1.5229763110338712,1.5406818389892578,1.5406818389892578,126812800
26/07/2012,1.587693065492721,1.6008189641952801,1.5626611986642505,1.580366611480713,1.580366611480713,124224000
27/07/2012,1.604787805606448,1.6624827385196135,1.5959345758635561,1.6597357988357544,1.6597357988357544,124211200
30/07/2012,1.6661460729773419,1.6795777688258657,1.6435562809434292,1.6545459032058716,1.6545459032058716,121913600
31/07/2012,1.6594300471748982,1.6728617420549299,1.6502720680998755,1.6517988443374634,1.6517988443374634,140627200
01/08/2012,1.6771353426632072,1.6774411403998037,1.631651131719829,1.6432512998580933,1.6432512998580933,114822400
02/08/2012,1.6179136208313585,1.6646199741168886,1.6084508928111578,1.631955862045288,1.631955862045288,141529600
03/08/2012,1.6826301919896534,1.7082726021023047,1.6737780110752458,1.6920939683914185,1.6920939683914185,130505600
06/08/2012,1.7119361432913274,1.7345258196034261,1.70369439212893,1.7192624807357788,1.7192624807357788,85302400
07/08/2012,1.7354419733140023,1.7619996816053642,1.7290308173952746,1.7482631206512451,1.7482631206512451,83692800
08/08/2012,1.738188969462417,1.7543686534726968,1.7336105035219662,1.74490487575531,1.74490487575531,70172800
09/08/2012,1.7470417003337164,1.7613888060769183,1.7397153650627202,1.755589246749878,1.755589246749878,61443200
10/08/2012,1.744904864494213,1.759863453363786,1.7360525659563029,1.759252905845642,1.759252905845642,64825600
13/08/2012,1.7598635513511438,1.767189889076729,1.7400206976816224,1.766884207725525,1.766884207725525,57510400
14/08/2012,1.7809261912572725,1.787947778203648,1.7592527461557668,1.7690212726593018,1.7690212726593018,74710400
15/08/2012,1.7659687162595128,1.7824530325546977,1.7653581687745021,1.7778736352920532,1.7778736352920532,48051200
16/08/2012,1.7919158819150167,1.8285479159435232,1.787031618474551,1.819389820098877,1.819389820098877,93657600
17/08/2012,1.8270223321968926,1.8361803128994991,1.8196958777647818,1.835263967514038,1.835263967514038,49180800
20/08/2012,1.8328216010951424,1.8416748306229358,1.8187793584960514,1.8413690328598022,1.8413690328598022,58902400
21/08/2012,1.8535799754360929,1.8660963748959412,1.8123693549542943,1.827327013015747,1.827327013015747,115910400
22/08/2012,1.8169476485239546,1.8490010986999814,1.8087058983787865,1.841064214706421,1.841064214706421,102854400
23/08/2012,1.825800828376582,1.8364846515963935,1.8022948102827685,1.8120633363723755,1.8120633363723755,95843200
24/08/2012,1.8029054798573807,1.8425901343410973,1.797410669003479,1.8328216075897217,1.8328216075897217,82118400
27/08/2012,1.8505270548242991,1.854496021085345,1.8316005484298647,1.8392326831817627,1.8392326831817627,62364800
28/08/2012,1.836180062181057,1.8496117576141997,1.8242740949981335,1.8392326831817627,1.8392326831817627,64476800
29/08/2012,1.8401478898242376,1.849001119120694,1.824274005211783,1.838926911354065,1.838926911354065,46963200
30/08/2012,1.8239693472574225,1.8254951919593243,1.79710583991196,1.8022949695587158,1.8022949695587158,57337600
31/08/2012,1.8291583911523752,1.8416749060490882,1.7903900804607011,1.8276325464248657,1.8276325464248657,103340800
04/09/2012,1.8215273959717737,1.8361801873843366,1.7870317515514154,1.823053240776062,1.823053240776062,80265600
05/09/2012,1.8206109233604058,1.836790606496362,1.8090107539677265,1.818474531173706,1.818474531173706,62284800
06/09/2012,1.8407580120142328,1.8999798210113867,1.8407580120142328,1.8981481790542603,1.8981481790542603,106201600
07/09/2012,1.8911280714498133,1.9005908007024999,1.883801617955686,1.892959713935852,1.892959713935852,64566400
10/09/2012,1.8856333536963774,1.8920434622393747,1.8432008246964224,1.8459486961364746,1.8459486961364746,68544000
11/09/2012,1.846253740356136,1.8599912365470255,1.833738271011513,1.8398436307907104,1.8398436307907104,70592000
12/09/2012,1.853274458641015,1.8599903628886014,1.8279369188660357,1.8514429330825806,1.8514429330825806,87795200
13/09/2012,1.854800758474404,1.9161599074510047,1.8493060639996683,1.8987592458724976,1.8987592458724976,103171200
14/09/2012,1.9161599396523517,1.9482124604853213,1.9131073186206404,1.9344758987426758,1.9344758987426758,109203200
17/09/2012,1.9363076262279826,1.936612375964408,1.9222653825456664,1.935697078704834,1.935697078704834,50809600
18/09/2012,1.9259282122994614,1.9405810009262505,1.9256225310165669,1.9393600225448608,1.9393600225448608,46108800
19/09/2012,1.9396649534025054,1.95614938581613,1.9274542368479635,1.9454654455184937,1.9454654455184937,58841600
20/09/2012,1.9259285387819307,1.9451599122615149,1.917075308628438,1.9424129724502563,1.9424129724502563,72864000
21/09/2012,1.9601181787214823,1.964696760609188,1.939664897202671,1.9439386129379272,1.9439386129379272,48915200
24/09/2012,1.9103594525534429,1.9268437691999514,1.9030329990271948,1.9182963371276855,1.9182963371276855,54489600
25/09/2012,1.931727910439385,1.9387496137972153,1.864264454054343,1.8654855489730835,1.8654855489730835,75536000
26/09/2012,1.8609059861162824,1.8627376284458326,1.8169476182572428,1.836484670639038,1.836484670639038,82028800
27/09/2012,1.8447275472175146,1.8947912783496383,1.8389270547691707,1.885938048362732,1.885938048362732,69936000
28/09/2012,1.8731169985515153,1.8850228502530408,1.8517483004579933,1.856938362121582,1.856938362121582,87712000
01/10/2012,1.8743378565587376,1.8960122332558493,1.838011505259561,1.8483905792236328,1.8483905792236328,85872000
02/10/2012,1.8657906005722484,1.8764754739651468,1.8316007524655689,1.861212134361267,1.861212134361267,83744000
03/10/2012,1.8712848884052626,1.8902113916108605,1.854800458298771,1.8822745084762573,1.8822745084762573,98425600
04/10/2012,1.891127873256707,1.907306506812629,1.8783067265481947,1.8963168859481812,1.8963168859481812,70044800
05/10/2012,1.9146332495264302,1.9213490393885222,1.8673173885048548,1.8752542734146118,1.8752542734146118,76176000
08/10/2012,1.855106145350551,1.8621267994103927,1.8337374538705957,1.8435059785842896,1.8435059785842896,70921600
09/10/2012,1.8316005613371427,1.8331273376483617,1.7754314727981357,1.7851999998092651,1.7851999998092651,123305600
10/10/2012,1.782758094731011,1.7925266226651504,1.7595577535499012,1.766884207725525,1.766884207725525,108448000
11/10/2012,1.7922217128673552,1.7943581052226976,1.752231373200244,1.7531476020812988,1.7531476020812988,87644800
12/10/2012,1.7558942893098053,1.7729892685438435,1.7461257630189315,1.7522311210632324,1.7522311210632324,90560000
15/10/2012,1.766579152780233,1.7827579042580879,1.7449047752200624,1.7769582271575928,1.7769582271575928,91878400
16/10/2012,1.7830638539819161,1.8325171598153396,1.7830638539819161,1.8285481929779053,1.8285481929779053,92608000
17/10/2012,1.8090109358515336,1.83770608847379,1.8047372194482285,1.827327013015747,1.827327013015747,83411200
18/10/2012,1.8145055544766149,1.8261057238025327,1.7705471835652793,1.785505771636963,1.785505771636963,110323200
19/10/2012,1.780621399544198,1.7815366966915938,1.6945361889813775,1.69942045211792,1.69942045211792,127084800
22/10/2012,1.6960623409208448,1.7247573774916112,1.6896522320270095,1.7177367210388184,1.7177367210388184,131088000
23/10/2012,1.6887357950342865,1.7125465662914838,1.6728619087128105,1.683546781539917,1.683546781539917,132508800
24/10/2012,1.7021675547286508,1.7070518186673973,1.666451862311101,1.6688940525054932,1.6688940525054932,101766400
25/10/2012,1.6951468505819034,1.700031114047355,1.6609568898737157,1.6710302829742432,1.6710302829742432,99580800
26/10/2012,1.6713358050782652,1.6948408913571222,1.6456933952149004,1.6807986497879028,1.6807986497879028,95478400
31/10/2012,1.678356623932529,1.6820197924278089,1.6484404955793515,1.6597357988357544,1.6597357988357544,69708800
01/11/2012,1.6798835862973713,1.7137676342702675,1.6716407872537644,1.7073575258255005,1.7073575258255005,67859200
02/11/2012,1.7223149826125734,1.7247571725582258,1.6664516925811768,1.6664516925811768,1.6664516925811768,92390400
05/11/2012,1.6698090451583358,1.6988098737506894,1.6640094849799516,1.6920939683914185,1.6920939683914185,62732800
06/11/2012,1.6985041069203552,1.722010125455671,1.6859886411549143,1.69942045211792,1.69942045211792,109587200
07/11/2012,1.6640097769836328,1.6664518507109878,1.6047879461322805,1.6179139614105225,1.6179139614105225,175779200
08/11/2012,1.6270715021280526,1.635008501610388,1.5693765797488168,1.5702918767929077,1.5702918767929077,129654400
09/11/2012,1.570292057403168,1.6148610896263091,1.5678499840546505,1.5821980237960815,1.5821980237960815,151385600
12/11/2012,1.5995979716767326,1.6029563906844626,1.5715133673996422,1.5794503688812256,1.5794503688812256,78038400
13/11/2012,1.5541135292921493,1.5883034901019524,1.5492292658121813,1.5596083402633667,1.5596083402633667,107510400
14/11/2012,1.5730401188921166,1.5763974895478128,1.5168710318357643,1.5211447477340698,1.5211447477340698,147760000
15/11/2012,1.5245019795070147,1.5336600743976767,1.5000806648486151,1.509849190711975,1.509849190711975,160185600
16/11/2012,1.512902099667409,1.5327448349343555,1.4756595178019194,1.5226706266403198,1.5226706266403198,165094400
19/11/2012,1.5568600551496663,1.5986820231584562,1.5568600551496663,1.5959341526031494,1.5959341526031494,113724800
20/11/2012,1.5965455510244753,1.6020403634643157,1.5669352125100768,1.5968513488769531,1.5968513488769531,117488000
21/11/2012,1.6005141391313007,1.6087558900380472,1.587997740505941,1.6044821739196777,1.6044821739196777,79276800
23/11/2012,1.6243247407526065,1.6527140907277995,1.6206615725251579,1.6521035432815552,1.6521035432815552,61795200
26/11/2012,1.6459980164465973,1.6685878038406372,1.6343979655077718,1.6685878038406372,1.6685878038406372,81590400
27/11/2012,1.6646201221981123,1.6777460194309015,1.6499672158148528,1.6554620265960693,1.6554620265960693,105158400
28/11/2012,1.6405036555079844,1.6865993518424705,1.6191349585486636,1.6838514804840088,1.6838514804840088,120524800
29/11/2012,1.7003361626281934,1.7155995031967588,1.687514895996574,1.7036945819854736,1.7036945819854736,120460800
30/11/2012,1.7052199614827952,1.7070514873230462,1.6887355302204445,1.6997251510620117,1.6997251510620117,78684800
03/12/2012,1.725367468150729,1.7278095412898264,1.6908727629296934,1.6939254999160767,1.6939254999160767,84460800
04/12/2012,1.6920941340610103,1.6963678500898804,1.6679775661550984,1.6869040727615356,1.6869040727615356,87072000
05/12/2012,1.6853781662244827,1.6853781662244827,1.6337876615467342,1.6514930725097656,1.6514930725097656,128528000
06/12/2012,1.6429459701933897,1.6817153350284706,1.633177441541296,1.6725573539733887,1.6725573539733887,95811200
07/12/2012,1.6899572528793687,1.6936204223707092,1.6420308338885201,1.6524099111557007,1.6524099111557007,84918400
10/12/2012,1.645387966840889,1.6801883606225645,1.6441668717906466,1.6627886295318604,1.6627886295318604,68291200
11/12/2012,1.6859888149738587,1.7247572427638471,1.6832409435980575,1.7064412832260132,1.7064412832260132,106784000
12/12/2012,1.7229254404005068,1.724452333062164,1.689651943298567,1.6972830295562744,1.6972830295562744,97667200
13/12/2012,1.6933150582577774,1.715904731117579,1.657293574719159,1.6713358163833618,1.6713358163833618,109872000
14/12/2012,1.6511885692822275,1.6600408685101056,1.6292093227160638,1.6401989459991455,1.6401989459991455,83673600
17/12/2012,1.6420301661362184,1.6850723028182983,1.6386717478138075,1.6850723028182983,1.6850723028182983,72534400
18/12/2012,1.7058306221896777,1.7400204653949403,1.6917882632651746,1.73483145236969,1.73483145236969,193382400
19/12/2012,1.744904868347088,1.7461259633860722,1.7186519072590931,1.7195682525634766,1.7195682525634766,87712000
20/12/2012,1.7259782757426458,1.7278098017605727,1.7027779369486726,1.7183470726013184,1.7183470726013184,94310400
21/12/2012,1.6670622214624087,1.68782036996868,1.6521036335371933,1.6844619512557983,1.6844619512557983,89622400
24/12/2012,1.6743885196858366,1.679883330043275,1.6691984590148605,1.6753038167953491,1.6753038167953491,17148800
26/12/2012,1.676282999229165,1.6820912390708311,1.636538955076767,1.6487678289413452,1.6487678289413452,36294400
27/12/2012,1.6496849872082426,1.6539651001667286,1.6007692439336434,1.6426538228988647,1.6426538228988647,121686400
28/12/2012,1.6175842881613594,1.642653618041201,1.6093292691488785,1.610552191734314,1.610552191734314,83398400
31/12/2012,1.6050491450097464,1.6851487077820908,1.6004638267815716,1.6756718158721924,1.6756718158721924,182608000
02/01/2013,1.7594400111740773,1.7857322631698747,1.7475163412425188,1.7838979959487915,1.7838979959487915,169932800
03/01/2013,1.7845093897218158,1.7924582699796716,1.7557714084321727,1.767388939857483,1.767388939857483,78960000
04/01/2013,1.7670825085500204,1.7673887639782886,1.7462932929627244,1.7545483112335205,1.7545483112335205,59609600
07/01/2013,1.7450702746878644,1.7615792596010975,1.7346756681595292,1.7579106092453003,1.7579106092453003,80233600
08/01/2013,1.754548394237601,1.7646368637045518,1.731007193781537,1.7530193328857422,1.7530193328857422,89875200
09/01/2013,1.7536306684684186,1.7716688328556225,1.751491078997693,1.7609679698944092,1.7609679698944092,70227200
10/01/2013,1.7854261981289514,1.7887896435029478,1.750573603371949,1.7826751470565796,1.7826751470565796,109206400
11/01/2013,1.781146080958848,1.7894012173083889,1.773808778061371,1.7884835004806519,1.7884835004806519,52985600
14/01/2013,1.7689169271708354,1.782063518978998,1.7566879354225227,1.7716689109802246,1.7716689109802246,67878400
15/01/2013,1.7548537254333496,1.759439976517293,1.7386507598428729,1.7548537254333496,1.7548537254333496,75315200
16/01/2013,1.7600513356465817,1.7799229510780732,1.7530192398917097,1.7683054208755493,1.7683054208755493,72732800
17/01/2013,1.7838979565416282,1.7988778829324377,1.7768657437711797,1.784509301185608,1.784509301185608,87804800
18/01/2013,1.7735034896156716,1.7805346533278463,1.7609682410555796,1.7780888080596924,1.7780888080596924,60041600
22/01/2013,1.7811458560249105,1.7851207624538998,1.7591338334879647,1.784509301185608,1.784509301185608,73785600
23/01/2013,1.8028527866457889,1.814775523301492,1.7973497518637636,1.802241325378418,1.802241325378418,91958400
24/01/2013,1.7563827774219012,1.7875666022671544,1.7490453588483015,1.755159854888916,1.755159854888916,96988800
25/01/2013,1.7664713651632213,1.7823690103331349,1.7588288563738028,1.7728921175003052,1.7728921175003052,78489600
28/01/2013,1.773503132550353,1.7921517076587143,1.7689167654108282,1.7802289724349976,1.7802289724349976,92531200
29/01/2013,1.7753378093273289,1.788178264115377,1.7524080675739595,1.7735035419464111,1.7735035419464111,95520000
30/01/2013,1.7863436556244876,1.797961186282426,1.7649429780833306,1.7750314474105835,1.7750314474105835,96940800
31/01/2013,1.7719741761944092,1.7903176644317735,1.7624972845621178,1.7646368741989136,1.7646368741989136,74070400
01/02/2013,1.7903179068655932,1.812636187943175,1.7756431842631288,1.8059102296829224,1.8059102296829224,76403200
04/02/2013,1.78481416654987,1.7958202333118831,1.742624282836914,1.742624282836914,1.742624282836914,115728000
05/02/2013,1.7576057959557103,1.8056039335688414,1.750573582821853,1.7967383861541748,1.7967383861541748,73308800
06/02/2013,1.7832865715026855,1.7994894211226948,1.7725857072893731,1.7832865715026855,1.7832865715026855,75728000
07/02/2013,1.7866487435517242,1.7903175108590792,1.7472109528014388,1.7869549989700317,1.7869549989700317,79718400
08/02/2013,1.805298533899279,1.8306731854528793,1.8031580112560888,1.8233357667922974,1.8233357667922974,64883200
11/02/2013,1.8245586825549474,1.8273106664616454,1.812024484547897,1.8236420154571533,1.8236420154571533,52332800
12/02/2013,1.8199735486859459,1.8263932512524914,1.8059101712672043,1.8086612224578857,1.8086612224578857,54332800
13/02/2013,1.8190558864657005,1.8352597872226282,1.810801799651358,1.8215017318725586,1.8215017318725586,42649600
14/02/2013,1.8037698421410657,1.8260881248937133,1.8031583807420297,1.8193622827529907,1.8193622827529907,46646400
15/02/2013,1.8196673018006166,1.8291452440733285,1.7997956830548787,1.8104956150054932,1.8104956150054932,61129600
19/02/2013,1.8172214712065007,1.8364825617669351,1.8163048040041452,1.8358711004257202,1.8358711004257202,40140800
20/02/2013,1.836176397231319,1.836176397231319,1.7793117761611938,1.7793117761611938,1.7793117761611938,81913600
21/02/2013,1.7658598103447887,1.769528578237415,1.728256397249381,1.7410967350006104,1.7410967350006104,129289600
22/02/2013,1.7600517226404482,1.7759493683540757,1.747822845139118,1.775643229484558,1.775643229484558,61004800
25/02/2013,1.7994893580391207,1.8111068889773823,1.7291729443851822,1.7313134670257568,1.7313134670257568,153708800
26/02/2013,1.736510546275501,1.7514915249872616,1.714193197264087,1.7438479661941528,1.7438479661941528,128537600
27/02/2013,1.7447652310882091,1.8019350513199355,1.740178863445217,1.7790063619613647,1.7790063619613647,130291200
28/02/2013,1.7802292705407659,1.807132984457361,1.7731971740722656,1.7731971740722656,1.7731971740722656,98643200
01/03/2013,1.761274409620949,1.7939863639131,1.7438477046330387,1.7875666618347168,1.7875666618347168,65846400
04/03/2013,1.7759493173136693,1.8040759563446045,1.7716692044799967,1.8040759563446045,1.8040759563446045,86352000
05/03/2013,1.8263930945016533,1.8618570324228352,1.825476310765425,1.858494520187378,1.858494520187378,97840000
06/03/2013,1.8698059521646555,1.8698059521646555,1.8429022366777636,1.8481000661849976,1.8481000661849976,56294400
07/03/2013,1.8511571014410613,1.8636912996411785,1.8453479277118587,1.858494520187378,1.858494520187378,45395200
08/03/2013,1.8695006883255103,1.8756151848316616,1.8477937534001754,1.860634207725525,1.860634207725525,46614400
11/03/2013,1.8575768350213884,1.8737807341766808,1.8459594203600913,1.8734744787216187,1.8734744787216187,42518400
12/03/2013,1.8621632992887405,1.8704173857145128,1.8416794032827686,1.860329031944275,1.860329031944275,64576000
13/03/2013,1.8621635593917554,1.8685832627454302,1.8419857994139908,1.8539085388183594,1.8539085388183594,63180800
14/03/2013,1.8670545816421509,1.874391999746987,1.8587995635111074,1.8670545816421509,1.8670545816421509,52873600
15/03/2013,1.8685831044527108,1.871335088742285,1.8468772176023927,1.8566603660583496,1.8566603660583496,66950400
18/03/2013,1.8224189932651278,1.8624682465524616,1.8135525137528832,1.846876859664917,1.846876859664917,54707200
19/03/2013,1.8591059196693347,1.8658318769111863,1.8080495458462658,1.8416792154312134,1.8416792154312134,110000000
20/03/2013,1.8659149380419295,1.873881025724349,1.8493698518417163,1.8646893501281738,1.8646893501281738,52937600
21/03/2013,1.8334375858823206,1.841403673678941,1.8153610404840035,1.8251655101776123,1.8251655101776123,88086400
22/03/2013,1.8383399610659474,1.8616255491462397,1.8349701199507937,1.8591744899749756,1.8591744899749756,46230400
25/03/2013,1.8698986910230042,1.878477573502741,1.827922709939385,1.844774603843689,1.844774603843689,86172800
26/03/2013,1.8597872754572347,1.8662219047546387,1.8515151991589864,1.8662219047546387,1.8662219047546387,44544000
27/03/2013,1.840791216237563,1.8729626110773514,1.8352761867670349,1.8708174228668213,1.8708174228668213,47273600
28/03/2013,1.8702042093781,1.8839922474760837,1.8613193406402744,1.8809282779693604,1.8809282779693604,45878400
01/04/2013,1.882460412366196,1.8855243829725485,1.8444681118756479,1.8539667129516602,1.8539667129516602,71558400
02/04/2013,1.871124288807652,1.8950227895704892,1.8683663064701272,1.8833799362182617,1.8833799362182617,70921600
03/04/2013,1.884605102573688,1.8901201309863864,1.8398720813508587,1.8490638732910156,1.8490638732910156,86080000
04/04/2013,1.8472257523629847,1.85825581074587,1.8297610647022273,1.8505955934524536,1.8505955934524536,59216000
05/04/2013,1.7914627662508522,1.8242460181299964,1.7825769610265527,1.8190377950668335,1.8190377950668335,86979200
08/04/2013,1.8190378309200559,1.8386468887329102,1.8092333604528825,1.8386468887329102,1.8386468887329102,45264000
09/04/2013,1.8478386041143586,1.8769450931687743,1.8303739159078427,1.8619325160980225,1.8619325160980225,86963200
10/04/2013,1.8738813623786499,1.9400616021906936,1.8738813623786499,1.9354662895202637,1.9354662895202637,57779200
11/04/2013,1.9247419746899492,1.9422066628903667,1.9216781214349217,1.9317893981933594,1.9317893981933594,64160000
12/04/2013,1.92504861871705,1.9333205771686803,1.9017629165903036,1.930256724357605,1.930256724357605,55929600
15/04/2013,1.9164693944542768,1.9219844223666156,1.8505951642428353,1.8545787334442139,1.8545787334442139,69660800
16/04/2013,1.8763323116067474,1.907890910040763,1.8677533125857586,1.9042142629623413,1.9042142629623413,45411200
17/04/2013,1.869285953714113,1.871124218942105,1.8077010297350917,1.8297611474990845,1.8297611474990845,122806400
18/04/2013,1.839259533597077,1.839565404625996,1.762967912263606,1.778287410736084,1.778287410736084,109776000
19/04/2013,1.7853349593096148,1.8346632990530414,1.7801258011711454,1.827616810798645,1.827616810798645,109193600
22/04/2013,1.8398724785523535,1.877252097668467,1.8266972310835494,1.8628512620925903,1.8628512620925903,65868800
23/04/2013,1.8870564510486205,1.912793215299048,1.8656091280268463,1.8990051746368408,1.8990051746368408,91984000
24/04/2013,1.8904265071388833,1.9121806387167386,1.881541635738405,1.897473931312561,1.897473931312561,90688000
25/04/2013,1.907583891319617,1.9330147823056567,1.907583891319617,1.9176952838897705,1.9176952838897705,83571200
26/04/2013,1.9081965679627615,1.9170823720624917,1.8901201406607302,1.9069710969924927,1.9069710969924927,78204800
29/04/2013,1.918614167663505,1.9559937854618685,1.9173886964781488,1.941593885421753,1.941593885421753,71712000
30/04/2013,1.9458832539076782,1.9703943115239464,1.9320952142158432,1.9685560464859009,1.9685560464859009,83516800
01/05/2013,1.9703944614486533,1.977135078777036,1.943738096948255,1.9520111083984375,1.9520111083984375,114310400
02/05/2013,1.9578319165672469,2.008386774888906,1.9544620757769189,2.000420570373535,2.000420570373535,46361600
03/05/2013,2.0381062194543746,2.0595536601537967,2.036880865135115,2.047910690307617,2.047910690307617,60713600
06/05/2013,2.0549581796518326,2.0696650024440033,2.051587403451195,2.062924385070801,2.062924385070801,60169600
07/05/2013,2.07027743468979,2.073341287563264,2.0457663779450073,2.0604729652404785,2.0604729652404785,57040000
08/05/2013,2.0577146261664025,2.0840639418129427,2.052199598762025,2.0810000896453857,2.0810000896453857,41248000
09/05/2013,2.0715032317239785,2.103060896131039,2.0672137905166665,2.0770182609558105,2.0770182609558105,60803200
10/05/2013,2.0831462425759626,2.1018355858305853,2.0764058581859905,2.09907865524292,2.09907865524292,49872000
13/05/2013,2.0935632395034713,2.115316432337286,2.088966875576379,2.1061246395111084,2.1061246395111084,40915200
14/05/2013,2.1055122759120106,2.139827808890921,2.1048993649619376,2.1272664070129395,2.1272664070129395,43753600
15/05/2013,2.118687496332729,2.139827781181687,2.108576102086718,2.135538339614868,2.135538339614868,35145600
16/05/2013,2.140134102721075,2.1600490276031006,2.128797357290845,2.1318612098693848,2.1318612098693848,50179200
17/05/2013,2.151164565448637,2.1738373593219724,2.1395218299476295,2.170773506164551,2.170773506164551,71779200
20/05/2013,2.1597437958341437,2.1793527397100316,2.148407046435045,2.1646461486816406,2.1646461486816406,60352000
21/05/2013,2.1637258598408704,2.1860926622715398,2.1484063627034566,2.168627977371216,2.168627977371216,64400000
22/05/2013,2.175368628923099,2.209684387222004,2.1098011988082286,2.1340065002441406,2.1340065002441406,166185600
23/05/2013,2.0938686464053546,2.1358446180204838,2.0865153536181165,2.1205251216888428,2.1205251216888428,130096000
24/05/2013,2.0932560465921486,2.120218276977539,2.081920002250147,2.120218276977539,2.120218276977539,66115200
28/05/2013,2.168628479966852,2.1845608915861225,2.1346196372533854,2.147181272506714,2.147181272506714,82128000
29/05/2013,2.130329563656011,2.1422782844324995,2.1024477347167894,2.1263461112976074,2.1263461112976074,99123200
30/05/2013,2.128491814952706,2.1686283622599936,2.128491814952706,2.148406744003296,2.148406744003296,67289600
31/05/2013,2.132781124768949,2.1646457105571337,2.1064315679394308,2.1085758209228516,2.1085758209228516,79737600
03/06/2013,2.112252402354885,2.1177674308371555,2.062924068932147,2.1174614429473877,2.1174614429473877,107315200
04/06/2013,2.123895818842126,2.142279175104498,2.0779373113076685,2.0954020023345947,2.0954020023345947,124944000
05/06/2013,2.082226245167725,2.0969330668428316,2.0374933368015684,2.0420897006988525,2.0420897006988525,97526400
06/06/2013,2.046072145944347,2.0598603021178192,2.007466944957569,2.0571022033691406,2.0571022033691406,89244800
07/06/2013,2.0779372454833163,2.1205259099296847,2.066601197345491,2.115316867828369,2.115316867828369,77740800
10/06/2013,2.124507296938575,2.1373758494400974,2.1088820490155262,2.118379592895508,2.118379592895508,56844800
11/06/2013,2.0757927894592285,2.1134783961044294,2.061391954044947,2.0757927894592285,2.0757927894592285,88905600
12/06/2013,2.099691643309593,2.1012232196945866,2.021561845837348,2.02738356590271,2.02738356590271,96025600
13/06/2013,2.0221739565688464,2.08712871932631,2.010837910173827,2.0770182609558105,2.0770182609558105,83049600
14/06/2013,2.079162489043511,2.0834519301992427,2.0451536489963673,2.0515873432159424,2.0515873432159424,57596800
17/06/2013,2.084065367955584,2.114091700761552,2.0693587739846953,2.0892746448516846,2.0892746448516846,72758400
18/06/2013,2.0960142713410925,2.132780972604393,2.095707348418781,2.1238951683044434,2.1238951683044434,67235200
19/06/2013,2.1263462969056275,2.130329749611745,2.0733412002874565,2.0764052867889404,2.0764052867889404,101926400
20/06/2013,2.0298338284778477,2.0433150606962927,1.9654919875609531,1.9749895334243774,1.9749895334243774,160064000
21/06/2013,1.9777479617767981,1.988165109314073,1.925661639697891,1.9578320980072021,1.9578320980072021,88009600
24/06/2013,1.92627386773739,1.9486398504266713,1.8867491892498638,1.9183077812194824,1.9183077812194824,106896000
25/06/2013,1.9559935124785934,1.9621213350642028,1.922903340643399,1.9449634552001953,1.9449634552001953,76316800
26/06/2013,1.9789738806316655,1.9881654416852086,1.9657986318928016,1.9780540466308594,1.9780540466308594,72160000
27/06/2013,2.0010329619600036,2.0230930736201707,1.9958239219032585,1.9976621866226196,1.9976621866226196,68038400
28/06/2013,1.9841818464531649,2.026770508293104,1.9762156404351,1.999501347541809,1.999501347541809,78371200
01/07/2013,2.0304471377815,2.0595536268988806,2.0233995973818732,2.02830171585083,2.02830171585083,81539200
02/07/2013,2.0252372117740154,2.054037937453906,2.0080794520108185,2.028913974761963,2.028913974761963,44448000
03/07/2013,2.014514346945753,2.064762279002125,2.0120631712949604,2.046072006225586,2.046072006225586,27404800
05/07/2013,2.069665082749655,2.0776310547206953,2.0362679825244525,2.0757927894592285,2.0757927894592285,59292800
08/07/2013,2.098465472404064,2.098771460336208,2.0659882078200837,2.0794694423675537,2.0794694423675537,38166400
09/07/2013,2.099078622349024,2.114703878014112,2.081001021564217,2.1048994064331055,2.1048994064331055,36035200
10/07/2013,2.1012226619393495,2.135538192103569,2.100916674003485,2.1303300857543945,2.1303300857543945,37033600
11/07/2013,2.1753689797465925,2.218263626098633,2.1735307145659535,2.218263626098633,2.218263626098633,54336000
12/07/2013,2.2185706148871103,2.2366470455377363,2.2060080449139314,2.2345027923583984,2.2345027923583984,43164800
15/07/2013,2.2387915998540135,2.2467578032126196,2.226535956323148,2.244919538497925,2.244919538497925,40771200
16/07/2013,2.247677193584279,2.2513539579574497,2.2271495859681343,2.239098310470581,2.239098310470581,49744000
17/07/2013,2.2519665727819733,2.2599327784914007,2.236953995262781,2.2492096424102783,2.2492096424102783,46243200
18/07/2013,2.247984473219297,2.2599331996174503,2.2311324585175263,2.237873077392578,2.237873077392578,57660800
19/07/2013,2.1998803458016503,2.200493022963127,2.1787398280108583,2.1925268173217773,2.1925268173217773,56723200
22/07/2013,2.209991268088795,2.214280942785632,2.1913009934410788,2.2032508850097656,2.2032508850097656,34041600
23/07/2013,2.213360828155429,2.213360828155429,2.1686279256322516,2.172917366027832,2.172917366027832,45657600
24/07/2013,2.2148933439270344,2.216424685839616,2.1762881465213346,2.1860926151275635,2.1860926151275635,46150400
25/07/2013,2.2072336731432296,2.2182637322690177,2.183335289623032,2.2121357917785645,2.2121357917785645,41510400
26/07/2013,2.1968158072450428,2.2369535164191743,2.1885438491155256,2.2360339164733887,2.2360339164733887,33664000
29/07/2013,2.2277614102321497,2.2473703452008587,2.216731355092633,2.228067398071289,2.228067398071289,46835200
30/07/2013,2.2443068347687753,2.2703494660620094,2.2357279536329453,2.2507405281066895,2.2507405281066895,51635200
31/07/2013,2.260545492172241,2.286282374973412,2.251966609157528,2.260545492172241,2.260545492172241,55315200
01/08/2013,2.2914910752231545,2.312938279564464,2.286894711419741,2.3052780628204346,2.3052780628204346,42681600
02/08/2013,2.3083424389790577,2.3331606585785263,2.2966997016629285,2.3322410583496094,2.3322410583496094,36521600
05/08/2013,2.326725538568329,2.3389809505291037,2.3209045217710607,2.335611343383789,2.335611343383789,27232000
06/08/2013,2.328563771538327,2.333160135352807,2.2887329819434257,2.3077292442321777,2.3077292442321777,50659200
07/08/2013,2.2951679487953314,2.306503761079568,2.265754304638827,2.2991504669189453,2.2991504669189453,64249600
08/08/2013,2.3251939538254414,2.3316276476933697,2.291184180609128,2.3199849128723145,2.3199849128723145,55721600
09/08/2013,2.3153891315063624,2.3294830400671143,2.2896524898972412,2.303133487701416,2.303133487701416,40556800
12/08/2013,2.2847514506802287,2.3212114801366632,2.2841387733288414,2.311713695526123,2.311713695526123,65683200
13/08/2013,2.3181470722718234,2.3497056753806884,2.285976493229007,2.3374500274658203,2.3374500274658203,70147200
14/08/2013,2.337142799367,2.3435774286010416,2.3150826827514965,2.3212106227874756,2.3212106227874756,71340800
15/08/2013,2.271269836710077,2.271269836710077,2.2302136819839227,2.2440006732940674,2.2440006732940674,57756800
16/08/2013,2.243387571878211,2.262996512779744,2.232970190535951,2.239710807800293,2.239710807800293,57670400
19/08/2013,2.242161414938926,2.2786223572639503,2.231438282142789,2.232663869857788,2.232663869857788,57177600
20/08/2013,2.2418554654373466,2.272800445424924,2.236953348250443,2.252272844314575,2.252272844314575,45008000
21/08/2013,2.2384851557481316,2.2761716942725934,2.220408726349377,2.236646890640259,2.236646890640259,63923200
22/08/2013,2.2556430488232304,2.2829122050335258,2.2541114729806693,2.278928518295288,2.278928518295288,55203200
23/08/2013,2.3129388899063814,2.316308731643406,2.295781121905715,2.3114066123962402,2.3114066123962402,61897600
26/08/2013,2.313856897864669,2.347559980802327,2.3037466742543447,2.312018632888794,2.312018632888794,78521600
27/08/2013,2.258707150662307,2.280461280445849,2.208459208622929,2.2164251804351807,2.2164251804351807,118259200
28/08/2013,2.2139744291518024,2.2544179038879277,2.213361518185943,2.2363412380218506,2.2363412380218506,59622400
29/08/2013,2.233583150337498,2.2884274559904325,2.2277621330399437,2.2666733264923096,2.2666733264923096,64089600
30/08/2013,2.2709625736857473,2.2709625736857473,2.221939990791681,2.2369537353515625,2.2369537353515625,68828800
03/09/2013,2.274945950083919,2.294247966148315,2.242774442848978,2.260239362716675,2.260239362716675,62048000
04/09/2013,2.2777029105149986,2.317840622802429,2.2654474987973314,2.3111000061035156,2.3111000061035156,65494400
05/09/2013,2.3135514949836593,2.3316279258289465,2.312325906894666,2.3190665245056152,2.3190665245056152,45568000
06/09/2013,2.333466812099058,2.34786741609537,2.272188800021966,2.324275016784668,2.324275016784668,91158400
09/09/2013,2.3435782284198763,2.3864728882828223,2.3435782284198763,2.377587080001831,2.377587080001831,49776000
10/09/2013,2.405773374319498,2.4082245496032044,2.384938851921878,2.4017908573150635,2.4017908573150635,70390400
11/09/2013,2.3708451235863386,2.395356410759206,2.364411430812694,2.3929052352905273,2.3929052352905273,46428800
12/09/2013,2.3913742807260445,2.404242603385133,2.3797313122427775,2.388310194015503,2.388310194015503,51107200
13/09/2013,2.3959696668830697,2.3968895007377955,2.36716916631402,2.3926000595092773,2.3926000595092773,32937600
16/09/2013,2.430591555447186,2.4324298200110306,2.369006653718205,2.3788111209869385,2.3788111209869385,38761600
17/09/2013,2.3892295676025803,2.4164987292094735,2.3892295676025803,2.4112894535064697,2.4112894535064697,35030400
18/09/2013,2.4186425871925485,2.4783890075574564,2.408225206274671,2.4685845375061035,2.4685845375061035,45824000
19/09/2013,2.4835962008322303,2.491562402870214,2.472566146858689,2.479919672012329,2.479919672012329,30729600
20/09/2013,2.4924831094259075,2.497078538734557,2.460311831667042,2.4621500968933105,2.4621500968933105,37628800
23/09/2013,2.4857426528607625,2.4891124943177405,2.4302856656981366,2.451732873916626,2.451732873916626,39772800
24/09/2013,2.4624566854278624,2.479001771488296,2.4364128840413333,2.4526522159576416,2.4526522159576416,33462400
25/09/2013,2.45540911673301,2.463069333234488,2.426608385737767,2.4379453659057617,2.4379453659057617,54444800
26/09/2013,2.455410070330908,2.4857430901637496,2.454184481966092,2.474100351333618,2.474100351333618,40940800
27/09/2013,2.447137332317834,2.4765507424718916,2.438251527295254,2.4685845375061035,2.4685845375061035,52864000
30/09/2013,2.416804702764769,2.467972487819559,2.400566534542779,2.4508144855499268,2.4508144855499268,79593600
01/10/2013,2.4560219356491944,2.507802145426265,2.452957849163264,2.5056569576263428,2.5056569576263428,49129600
02/10/2013,2.47134176304045,2.510559644224395,2.466746333968882,2.5029003620147705,2.5029003620147705,52505600
03/10/2013,2.497385592346446,2.5081087288082804,2.4189495880718996,2.4452991485595703,2.4452991485595703,59833600
04/10/2013,2.4440736468093878,2.4937086775783945,2.4403968826291935,2.486048460006714,2.486048460006714,39856000
07/10/2013,2.4446853623540794,2.484209217641753,2.4419272643505234,2.44499135017395,2.44499135017395,51856000
08/10/2013,2.446217927789066,2.4489760271724443,2.3500114754779027,2.3536882400512695,2.3536882400512695,89462400
09/10/2013,2.3625732972331233,2.3641048729113856,2.2985372111479316,2.3365297317504883,2.3365297317504883,85142400
10/10/2013,2.386165281993094,2.4456050179448345,2.386165281993094,2.433349370956421,2.433349370956421,87622400
11/10/2013,2.4235444824338894,2.477163191743991,2.4229318053807205,2.4734866619110107,2.4734866619110107,66112000
14/10/2013,2.4428484989793007,2.5078030415691566,2.4391717341365107,2.5074961185455322,2.5074961185455322,57417600
15/10/2013,2.5038190628365955,2.5280243678739813,2.4829845339403516,2.4888064861297607,2.4888064861297607,113964800
16/10/2013,2.510254098610916,2.547633721249818,2.508108910146567,2.5448756217956543,2.5448756217956543,88153600
17/10/2013,2.5212836024509917,2.5758209806563532,2.518219749449219,2.5739827156066895,2.5739827156066895,78169600
18/10/2013,2.6205538789167564,2.6591590811101273,2.60645996815724,2.6570138931274414,2.6570138931274414,86137600
21/10/2013,2.667431179386783,2.6818320138386706,2.6533372678910245,2.668044090270996,2.668044090270996,74185600
22/10/2013,2.6876531392133294,2.705730504670709,2.6435329040530164,2.672640562057495,2.672640562057495,107747200
23/10/2013,2.65088569144318,2.660690160296493,2.6190213429876446,2.6447579860687256,2.6447579860687256,109894400
24/10/2013,2.648128330381709,2.6784603969181733,2.639855438583899,2.6668176651000977,2.6668176651000977,60364800
25/10/2013,2.7176787407708805,2.729321708380127,2.680299363532449,2.7038917541503906,2.7038917541503906,95027200
28/10/2013,2.7054234724507102,2.7149219540353196,2.682444692691636,2.706648826599121,2.706648826599121,82665600
29/10/2013,2.7228883361044947,2.728403365159949,2.6919424147928197,2.7143094539642334,2.7143094539642334,132425600
30/10/2013,2.734531203177995,2.742803162767502,2.684283262141986,2.7097132205963135,2.7097132205963135,137129600
31/10/2013,2.6971515640223442,2.7308544168199624,2.6778486109191255,2.6974575519561768,2.6974575519561768,118224000
01/11/2013,2.713389229649542,2.7216623564346234,2.672640012861686,2.6983766555786133,2.6983766555786133,85600000
04/11/2013,2.7161480787532257,2.7161480787532257,2.6873473416766536,2.7048110961914062,2.7048110961914062,39737600
05/11/2013,2.683670508230398,2.7345311249552102,2.670189273884467,2.7124710083007812,2.7124710083007812,54521600
06/11/2013,2.7339184084985235,2.7366753386481375,2.6937806939657265,2.7109386920928955,2.7109386920928955,71820800
07/11/2013,2.7103258809975985,2.7192116864610045,2.6049276473989864,2.6095240116119385,2.6095240116119385,105452800
08/11/2013,2.6263749160521646,2.6802996173700353,2.6138132823258613,2.6799936294555664,2.6799936294555664,87696000
11/11/2013,2.6686566517434915,2.684895750630224,2.653031398742416,2.671720504760742,2.671720504760742,56755200
12/11/2013,2.6539501760708735,2.686427440190743,2.6514990000505407,2.6787681579589844,2.6787681579589844,93792000
13/11/2013,2.64475843521771,2.744335651397705,2.6435328471832866,2.744335651397705,2.744335651397705,95593600
14/11/2013,2.7274840386311685,2.7642509837582487,2.718599400673867,2.7593486309051514,2.7593486309051514,94236800
15/11/2013,2.7617993320837537,2.7712978144199267,2.747705420691941,2.7700724601745605,2.7700724601745605,82048000
18/11/2013,2.7685399170314815,2.7804895752334815,2.706955932244871,2.7192115783691406,2.7192115783691406,99974400
19/11/2013,2.714922064489735,2.7394333560810145,2.691942348767784,2.700521230697632,2.700521230697632,126345600
20/11/2013,2.716147334990087,2.73606226034678,2.6720271087852203,2.690103769302368,2.690103769302368,172729600
21/11/2013,2.7078749492356624,2.7470930686820565,2.705730695931008,2.7409651279449463,2.7409651279449463,127251200
22/11/2013,2.7529143082068948,2.7740548234788527,2.7477052672913467,2.772216558456421,2.772216558456421,128771200
25/11/2013,2.7924384325234874,2.7973407847114493,2.7712979153017185,2.7844722270965576,2.7844722270965576,93516800
26/11/2013,2.7866170929251686,2.8276734696007915,2.774054758457348,2.813579559326172,2.813579559326172,91990400
27/11/2013,2.825835689239885,2.8549421797564487,2.8209333367782463,2.8521852493286133,2.8521852493286133,97398400
29/11/2013,2.874244790072905,2.895079318026805,2.8711809370296555,2.883742570877075,2.883742570877075,46563200
02/12/2013,2.8941599300506313,2.902433058520344,2.8619895876176717,2.8690359592437744,2.8690359592437744,75283200
03/12/2013,2.86627846289763,2.880678126274044,2.843605438928345,2.8644399642944336,2.8644399642944336,88048000
04/12/2013,2.842073231554935,2.8895640008959877,2.8233838934847357,2.869955062866211,2.869955062866211,92038400
05/12/2013,2.877002457079096,2.881904576054213,2.848814630140302,2.8647468090057373,2.8647468090057373,84457600
06/12/2013,2.9116249566053347,2.9168330636272803,2.8770024990047323,2.9048843383789062,2.9048843383789062,95856000
09/12/2013,2.92602352739539,2.9404243575237428,2.9180573245913752,2.927556037902832,2.927556037902832,94905600
10/12/2013,2.9171401000671335,2.9349107790356506,2.9128506580757065,2.9241867065429688,2.9241867065429688,74976000
11/12/2013,2.923880475902068,2.9315397589880083,2.840848339934676,2.8494272232055664,2.8494272232055664,106236800
12/12/2013,2.852184561709835,2.864745960275552,2.8301244484648858,2.835639476776123,2.835639476776123,103916800
13/12/2013,2.85923097272259,2.862294825437625,2.815110745603759,2.8264477252960205,2.8264477252960205,64057600
16/12/2013,2.8546370534277523,2.8898714951563025,2.8503476106076366,2.857394218444824,2.857394218444824,57100800
17/12/2013,2.859231371457424,2.8708741069009878,2.835639912642984,2.847282648086548,2.847282648086548,43561600
18/12/2013,2.852797792492889,2.917139646108625,2.770378339706313,2.9134631156921387,2.9134631156921387,166835200
19/12/2013,2.9008998546666938,2.9024323653271122,2.869954873925868,2.8944661617279053,2.8944661617279053,114192000
20/12/2013,2.9042706836152226,2.9664673353806466,2.90304509582684,2.9526803493499756,2.9526803493499756,93168000
23/12/2013,3.001396245462397,3.016103067499701,2.9848511583293065,3.0151844024658203,3.0151844024658203,67436800
24/12/2013,3.018248043023358,3.0222305608554665,3.0066050748845043,3.0191667079925537,3.0191667079925537,31331200
26/12/2013,3.0280528236594324,3.0430654003465976,3.0179414302773107,3.0378572940826416,3.0378572940826416,61670400
27/12/2013,3.044598623912268,3.048888066116547,3.015797883034623,3.0222315788269043,3.0222315788269043,75680000
30/12/2013,3.013346511939162,3.0219253957940517,2.9971074094487204,3.0130395889282227,3.0130395889282227,55686400
31/12/2013,3.0225378365401827,3.0516443252563477,3.0225378365401827,3.0516443252563477,3.0516443252563477,55052800
02/01/2014,3.0246813886727146,3.025906976428279,2.987608703169418,3.0047664642333984,3.0047664642333984,70310400
03/01/2014,3.0056860336321716,3.0102823981734605,2.960034453858436,2.9621787071228027,2.9621787071228027,92188800
06/01/2014,2.9627905414108895,2.9689184802895032,2.917751885391087,2.9379734992980957,2.9379734992980957,131728000
07/01/2014,2.965241899147699,3.001702845519414,2.9557443530124576,2.991591453552246,2.991591453552246,132166400
08/01/2014,2.9931247641884484,3.0225381792023716,2.981481793370803,3.0069117546081543,3.0069117546081543,117705600
09/01/2014,3.0268274066316763,3.0292785828152065,2.965855392533727,2.985464334487915,2.985464334487915,109100800
10/01/2014,3.002315288722269,3.011813067874729,2.9560501106598305,3.0047664642333984,3.0047664642333984,104531200
13/01/2014,2.994963365395895,3.0176361648485956,2.8932418727413958,2.913769483566284,2.913769483566284,146083200
14/01/2014,2.935828593961098,3.0311163579495695,2.935828593961098,3.027439594268799,3.027439594268799,113846400
15/01/2014,3.050418481636927,3.0890236835002294,3.0464359636736984,3.075542449951172,3.075542449951172,104457600
16/01/2014,3.070640555746249,3.0865727325732615,3.062061673319626,3.078913450241089,3.078913450241089,72393600
17/01/2014,3.0596100146427134,3.076462022662946,3.028052355169437,3.0427589416503906,3.0427589416503906,73616000
21/01/2014,3.0819777918223967,3.0911693521430488,3.0372446433184956,3.0887181758880615,3.0887181758880615,81907200
22/01/2014,3.103424040107292,3.119356213324543,3.085959356251188,3.1067938804626465,3.1067938804626465,69168000
23/01/2014,3.085041221252312,3.085653898353335,3.040614066811575,3.084428310394287,3.084428310394287,101129600
24/01/2014,3.054402177644743,3.062061459441933,2.958808422088623,2.958808422088623,2.958808422088623,152416000
27/01/2014,2.964016875078654,2.9716770928008156,2.860457136417523,2.9058027267456055,2.9058027267456055,204976000
28/01/2014,2.8736321997646064,2.9064154516932863,2.8647463945268803,2.90151309967041,2.90151309967041,94243200
29/01/2014,2.850346489662867,2.8929342117980066,2.827061018870226,2.8399293422698975,2.8399293422698975,196211200
30/01/2014,2.9091738936892817,2.962485930601416,2.902126585941406,2.9398128986358643,2.9398128986358643,97337600
31/01/2014,2.878534481847426,2.9554379713305168,2.871794098067893,2.9272501468658447,2.9272501468658447,121593600
03/02/2014,2.918365271206205,2.942569642188322,2.778038592522786,2.795809268951416,2.795809268951416,177078400
04/02/2014,2.820933029256808,2.856167456509371,2.8043879421379727,2.8334946632385254,2.8334946632385254,121347200
05/02/2014,2.8144988482830264,2.8390101443077898,2.755366030362636,2.8187882900238037,2.8187882900238037,108406400
06/02/2014,2.835027092750865,2.896918003494076,2.834107492640338,2.8880321979522705,2.8880321979522705,83212800
07/02/2014,2.924186085793789,2.996800830003088,2.906109422675314,2.991285800933838,2.991285800933838,109321600
10/02/2014,2.989754253881046,3.030197732346594,2.9885286655933547,3.0265209674835205,3.0265209674835205,87689600
11/02/2014,3.039388692434818,3.108326909629899,3.034180586074637,3.095151662826538,3.095151662826538,117619200
12/02/2014,3.109245591866286,3.12211391480861,3.089943341209802,3.1074070930480957,3.1074070930480957,98265600
13/02/2014,3.062061472112852,3.158880582253244,3.062061472112852,3.1527528762817383,3.1527528762817383,104150400
14/02/2014,3.1506085886536765,3.1809406627516905,3.1337565792680153,3.166846752166748,3.166846752166748,84371200
18/02/2014,3.1745077746262074,3.2097422093955337,3.1619452029364217,3.197793483734131,3.197793483734131,64608000
19/02/2014,3.1840038682005187,3.1999362743222424,3.1404965573611827,3.1542844772338867,3.1542844772338867,115001600
20/02/2014,3.1579621227409502,3.194422139273824,3.1316125645862667,3.1800222396850586,3.1800222396850586,111888000
21/02/2014,3.2023878144305757,3.2121922839697983,3.1668467000097666,3.1711361408233643,3.1711361408233643,91769600
24/02/2014,3.1876816497466445,3.2367040039440407,3.1821666202896233,3.2091288566589355,3.2091288566589355,70592000
25/02/2014,3.216176141012806,3.2299631291647466,3.1803281017617206,3.199324131011963,3.199324131011963,112841600
26/02/2014,3.2192400854179266,3.2376234380797966,3.1696048228495672,3.1941161155700684,3.1941161155700684,116316800
27/02/2014,3.1959547460797255,3.2422192378301546,3.185843585387795,3.236398220062256,3.236398220062256,82201600
28/02/2014,3.2345594225704275,3.2728577019116742,3.172361827564627,3.2275118827819824,3.2275118827819824,106700800
03/03/2014,3.1662344604612347,3.1968734634868263,3.1236467324703105,3.180328607559204,3.180328607559204,104294400
04/03/2014,3.2492664036641843,3.273470539644288,3.243751374496115,3.261521816253662,3.261521816253662,130777600
05/03/2014,3.2719389544200177,3.290628293600799,3.2587637089696675,3.2795982360839844,3.2795982360839844,85004800
06/03/2014,3.2930797947567645,3.298901513266359,3.249879160436018,3.271939277648926,3.271939277648926,90723200
07/03/2014,3.2952251691194614,3.3001272878010117,3.2082102833908976,3.240074872970581,3.240074872970581,124304000
10/03/2014,3.2379289813639276,3.2495717152409873,3.204838810862416,3.24497652053833,3.24497652053833,77929600
11/03/2014,3.2621347759624,3.2783729407537856,3.199631189041112,3.218627452850342,3.218627452850342,135974400
12/03/2014,3.19013241011678,3.2449767095951283,3.1656211193341957,3.240993022918701,3.240993022918701,110128000
13/03/2014,3.267036399889487,3.2685679756187906,3.1211949529016914,3.1512210369110107,3.1512210369110107,176160000
14/03/2014,3.128854991507375,3.157962417633665,3.1052632964032174,3.1058762073516846,3.1058762073516846,129161600
17/03/2014,3.146318962534479,3.212805058568986,3.143867786814365,3.1625571250915527,3.1625571250915527,93056000
18/03/2014,3.1689919890695406,3.244669882800294,3.168072389031434,3.23823618888855,3.23823618888855,108176000
19/03/2014,3.240380442016746,3.2468150709568215,3.1604131073313764,3.204533338546753,3.204533338546753,128336000
20/03/2014,3.1833916379262557,3.2394615225799117,3.169604417389796,3.220158338546753,3.220158338546753,98176000
21/03/2014,3.2553947819857947,3.2602971350392114,3.1306935721993723,3.1417236328125,3.1417236328125,169881600
24/03/2014,3.1656213249817906,3.170217689035728,3.031422595309551,3.0890238285064697,3.0890238285064697,196688000
25/03/2014,3.120275278531261,3.1591874023442195,3.056853266658204,3.1071012020111084,3.1071012020111084,171043200
26/03/2014,3.1392711006029925,3.151833667073598,3.0265196003933923,3.027132511138916,3.027132511138916,162048000
27/03/2014,3.0207000107584734,3.046129739054915,2.961260267855193,2.9934306144714355,2.9934306144714355,136320000
28/03/2014,3.012733507059236,3.070640733025114,2.988528200582912,3.005992889404297,3.005992889404297,103923200
31/03/2014,3.0504181708369313,3.0871851039272644,3.044290465533696,3.047048330307007,3.047048330307007,107219200
01/04/2014,3.0761556726516126,3.1576552917841623,3.0755427617425215,3.1533658504486084,3.1533658504486084,111977600
02/04/2014,3.1806348999823424,3.187068594250119,3.1417230063335047,3.170217752456665,3.170217752456665,107459200
03/04/2014,3.1778771273848943,3.186762932977691,3.085347216190267,3.1205825805664062,3.1205825805664062,103200000
04/04/2014,3.1598002192265846,3.1677664240882697,2.938279929030691,2.9520678520202637,2.9520678520202637,228656000
07/04/2014,2.9174451859175057,2.970450984688174,2.857086794957292,2.8993685245513916,2.8993685245513916,183072000
08/04/2014,2.9039639896511784,2.958195610730836,2.884049063108586,2.9502294063568115,2.9502294063568115,135984000
09/04/2014,2.9729021700265936,3.055627598313013,2.9572757493212465,3.0522568225860596,3.0522568225860596,105782400
10/04/2014,3.0534824598856662,3.055320724847236,2.8466697039714326,2.8638274669647217,2.8638274669647217,244662400
11/04/2014,2.81174170521204,2.885581108161048,2.7829409696231906,2.7973408699035645,2.7973408699035645,173683200
14/04/2014,2.8439118604490115,2.8693427530792945,2.787230226910849,2.8399293422698975,2.8399293422698975,149254400
15/04/2014,2.858925600669656,2.8904832670565486,2.7391267597664264,2.858006000518799,2.858006000518799,180780800
16/04/2014,2.908866957930005,2.9342978534964317,2.861376878298458,2.9324593544006348,2.9324593544006348,89075200
17/04/2014,2.9131558731095293,2.96371073211685,2.897530386796781,2.9342973232269287,2.9342973232269287,69481600
21/04/2014,2.9496165657331743,2.9790299720712716,2.9220414242421535,2.9787230491638184,2.9787230491638184,70403200
22/04/2014,2.9971067640724165,3.040308330812131,2.988527882064844,3.026827096939087,3.026827096939087,55772800
23/04/2014,3.0262142611325777,3.0277456031784724,2.9686127985190565,2.972289562225342,2.972289562225342,64211200
24/04/2014,3.0715599726006237,3.0715599726006237,2.9646294690647443,3.0301969051361084,3.0301969051361084,94345600
25/04/2014,2.992817758917576,2.999558376835745,2.9183654413703883,2.9324593544006348,2.9324593544006348,84854400
28/04/2014,2.958501571097145,2.994042920968727,2.8583126180374427,2.953599452972412,2.953599452972412,147641600
29/04/2014,2.969531862189031,3.008749745293604,2.9404253728305623,2.9980266094207764,2.9980266094207764,62643200
30/04/2014,2.9722898729695855,3.019167037265911,2.9551318743034245,3.0139589309692383,3.0139589309692383,65504000
01/05/2014,3.0213123366901518,3.0654325723755225,3.0084440125342597,3.0332610607147217,3.0332610607147217,69664000
02/05/2014,3.0507262726666724,3.0629819217661933,3.006299340143478,3.0216188430786133,3.0216188430786133,92012800
05/05/2014,2.9854638028986478,3.053176422565937,2.970450994279518,3.0522568225860596,3.0522568225860596,59558400
06/05/2014,3.043678162678173,3.045823584609439,2.9701447493242594,2.972595691680908,2.972595691680908,79705600
07/05/2014,2.986383137201112,2.9909785653648395,2.886193032190737,2.9545185565948486,2.9545185565948486,105225600
08/05/2014,2.934297546320352,3.0203925915952463,2.921428989025062,2.949922800064087,2.949922800064087,110300800
09/05/2014,2.9447147906122773,2.9750468677945774,2.907335173028393,2.972595691680908,2.972595691680908,88915200
12/05/2014,3.007218401665565,3.070947578559836,3.002009360188428,3.0678834915161133,3.0678834915161133,48515200
13/05/2014,3.074929411227723,3.0954579483174833,3.0620610900390273,3.0718655586242676,3.0718655586242676,48579200
14/05/2014,3.0547078381325785,3.077993540776541,3.0271329284634287,3.0396952629089355,3.0396952629089355,37392000
15/05/2014,3.039695480087098,3.050112861128819,2.955131778790745,2.993736982345581,2.993736982345581,81430400
16/05/2014,2.999557537172447,3.03601848207903,2.9612592624695737,3.032341718673706,3.032341718673706,52339200
19/05/2014,3.0154896382221574,3.0835082401568923,3.0041538279182776,3.076154947280884,3.076154947280884,45942400
20/05/2014,3.070640633107823,3.093620350739405,3.0265203980798963,3.0531768798828125,3.0531768798828125,58121600
21/05/2014,3.062981093489051,3.1129221078861034,3.059610317540138,3.1107778549194336,3.1107778549194336,44745600
22/05/2014,3.116598405328589,3.1542847033282264,3.108019524689793,3.136207342147827,3.136207342147827,46982400
23/05/2014,3.143560784745388,3.1840042480810324,3.12946687534507,3.183391571044922,3.183391571044922,26233600
27/05/2014,3.212192623985382,3.2636661529541016,3.205758929597954,3.2636661529541016,3.2636661529541016,33321600
28/05/2014,3.2593763544705583,3.2697937348052792,3.236703562575448,3.241912603378296,3.241912603378296,55068800
29/05/2014,3.2655053382415353,3.284195618245925,3.2517181127057544,3.282663106918335,3.282663106918335,39878400
30/05/2014,3.285113908420967,3.2949183799392388,3.2501854640273065,3.2848079204559326,3.2848079204559326,32217600
02/06/2014,3.292160027038309,3.2936916026097895,3.236397071581612,3.276533842086792,3.276533842086792,31388800
03/06/2014,3.2557002412352904,3.28480766556644,3.247734035695769,3.27500319480896,3.27500319480896,26681600
04/06/2014,3.258151221380706,3.3090120747327476,3.248346750509557,3.2970633506774902,3.2970633506774902,28883200
05/06/2014,3.3044161716079956,3.366307075035858,3.282356056871609,3.3537445068359375,3.3537445068359375,39452800
06/06/2014,3.3800937739680186,3.3917365074157715,3.3656938770489413,3.3917365074157715,3.3917365074157715,36284800
09/06/2014,3.3944951739541365,3.4042996442237183,3.3684516042012587,3.386528968811035,3.386528968811035,30595200
10/06/2014,3.381319770155199,3.4021542977275625,3.3736604883228427,3.3969461917877197,3.3969461917877197,30547200
11/06/2014,3.3748858920885243,3.4067504756812244,3.369370863509846,3.3951075077056885,3.3951075077056885,36630400
12/06/2014,3.3831591528935627,3.3905126830004946,3.312076664826086,3.33720064163208,3.33720064163208,58752000
13/06/2014,3.364468859289587,3.3718223873248836,3.3261696431805174,3.3552772998809814,3.3552772998809814,37555200
16/06/2014,3.3445536137671326,3.380401657983014,3.329234112569057,3.360485792160034,3.360485792160034,28521600
17/06/2014,3.357421448167862,3.3822394291947724,3.3442471372260174,3.363856077194214,3.363856077194214,31670400
18/06/2014,3.371822529247664,3.4110404120585844,3.3338300007371915,3.4049124717712402,3.4049124717712402,36428800
19/06/2014,3.4119585870138005,3.4168607047824566,3.3675326041723235,3.3975586891174316,3.3975586891174316,31721600
20/06/2014,3.401541476935656,3.410733269897444,3.387447565816051,3.4039926528930664,3.4039926528930664,25084800
23/06/2014,3.4039921231589094,3.4082815635383468,3.3865283737688605,3.4058306217193604,3.4058306217193604,27811200
24/06/2014,3.405831681921064,3.4631269353773493,3.38040172087155,3.3997037410736084,3.3997037410736084,60083200
25/06/2014,3.3846663273090147,3.454329292475675,3.383438747909326,3.4435887336730957,3.4435887336730957,47814400
26/06/2014,3.4466572851522583,3.449418928837794,3.3935653584411756,3.44635009765625,3.44635009765625,55641600
27/06/2014,3.4359159507524253,3.477346227249133,3.4359159507524253,3.4751975536346436,3.4751975536346436,41836800
30/06/2014,3.47335625455013,3.5055800366361547,3.4712085175120633,3.489314317703247,3.489314317703247,30547200
01/07/2014,3.5111036479498954,3.582915275599722,3.509262162069299,3.566343307495117,3.566343307495117,32204800
02/07/2014,3.568799616775769,3.5869054208531064,3.5626619528926273,3.577085018157959,3.577085018157959,34329600
03/07/2014,3.5991800055507337,3.6197418998008364,3.580460299685507,3.6191282272338867,3.6191282272338867,32624000
07/07/2014,3.6126834610151084,3.6218899551496113,3.585677182958851,3.5982601642608643,3.5982601642608643,54601600
08/07/2014,3.586290996568981,3.5893598278674412,3.4828701877130936,3.513251781463623,3.513251781463623,67916800
09/07/2014,3.5313586575703284,3.571254168434244,3.5104902761262053,3.5648090839385986,3.5648090839385986,50086400
10/07/2014,3.4751974686913543,3.570946548979009,3.4647633956156616,3.542712926864624,3.542712926864624,43686400
11/07/2014,3.5583640078525867,3.5862904385644403,3.5381095371247637,3.584756374359131,3.584756374359131,36265600
14/07/2014,3.61943472800358,3.6458270970961375,3.60715916938012,3.6317100524902344,3.6317100524902344,27360000
15/07/2014,3.642144546729869,3.6519649473067335,3.553147034800072,3.6065454483032227,3.6065454483032227,59190400
16/07/2014,3.656261368417241,3.6642405170765957,3.626186493999151,3.633859157562256,3.633859157562256,27206400
17/07/2014,3.612682808965952,3.639075175500951,3.514172332718468,3.538109540939331,3.538109540939331,64441600
18/07/2014,3.575242552078066,3.652578167780941,3.565115667659367,3.6464405059814453,3.6464405059814453,43590400
21/07/2014,3.6320175638259298,3.6510446918690938,3.605625194081495,3.638155460357666,3.638155460357666,24688000
22/07/2014,3.6722199811195924,3.6964643825497414,3.665775598756211,3.6875643730163574,3.6875643730163574,25222400
23/07/2014,3.7121153237203726,3.7409628559086117,3.6983059327030494,3.7326772212982178,3.7326772212982178,31715200
24/07/2014,3.745259043306938,3.754465537572162,3.7136501030766844,3.725311756134033,3.725311756134033,40937600
25/07/2014,3.6881781924817862,3.705057586168535,3.656875734786584,3.692474603652954,3.692474603652954,31808000
28/07/2014,3.7010677948849184,3.7154920310152946,3.6403041256152457,3.6967713832855225,3.6967713832855225,30073600
29/07/2014,3.7118089552715725,3.7289948342462305,3.6780513382815148,3.685723066329956,3.685723066329956,57894400
30/07/2014,3.7234705061126405,3.7391211483393363,3.6854164813615387,3.713956356048584,3.713956356048584,38521600
31/07/2014,3.653499548103016,3.6630125259952337,3.551919066401894,3.5623533725738525,3.5623533725738525,63817600
01/08/2014,3.5488507770594824,3.586904801667031,3.4887007916679282,3.5368826389312744,3.5368826389312744,73062400
04/08/2014,3.5540686094740344,3.6120699265318557,3.525221310581949,3.5832226276397705,3.5832226276397705,44748800
05/08/2014,3.555295894034102,3.575856853958053,3.496373487496095,3.5301311016082764,3.5301311016082764,69804800
06/08/2014,3.484711969600017,3.566036591254468,3.480721809576538,3.5230724811553955,3.5230724811553955,53731200
07/08/2014,3.553760621426697,3.5691050105794258,3.4767321905952904,3.5022034645080566,3.5022034645080566,58691200
08/08/2014,3.513558815618476,3.5592847980023685,3.4822563631214987,3.550999164581299,3.550999164581299,47734400
11/08/2014,3.5767779806434965,3.6157521611451853,3.574936494573979,3.593963623046875,3.593963623046875,29232000
12/08/2014,3.5850635710820997,3.6083871113976467,3.5534546307650845,3.5887463092803955,3.5887463092803955,34995200
13/08/2014,3.6212759935882186,3.6688441639069103,3.615445518812786,3.6670026779174805,3.6670026779174805,31372800
14/08/2014,3.6749823712135288,3.7050574827087375,3.666082127437557,3.7047500610351562,3.7047500610351562,34316800
15/08/2014,3.7449518942353044,3.7572274518827014,3.670685109966893,3.7391204833984375,3.7391204833984375,49251200
18/08/2014,3.775333287159636,3.804488234402291,3.768275467758229,3.7983505725860596,3.7983505725860596,27491200
19/08/2014,3.8158430182043275,3.8440768754159897,3.811546607481497,3.840087652206421,3.840087652206421,18812800
20/08/2014,3.83241468830299,3.8551245536441288,3.827812026974701,3.8422350883483887,3.8422350883483887,22620800
21/08/2014,3.8459185935111284,3.8609565011372196,3.8321092019501517,3.8554325103759766,3.8554325103759766,18966400
22/08/2014,3.8578869187843097,3.8821306144602636,3.8413149497249797,3.8661725521087646,3.8661725521087646,24585600
25/08/2014,3.90361305137705,3.916196032896947,3.8756868492479395,3.89440655708313,3.89440655708313,31219200
26/08/2014,3.90576199836277,3.9109785669883164,3.884586194968171,3.9036130905151367,3.9036130905151367,18704000
27/08/2014,3.9042271356066283,3.912206285000171,3.8870414915006966,3.9039206504821777,3.9039206504821777,14576000
28/08/2014,3.877220858395852,3.902999558708482,3.8692419431339213,3.8925652503967285,3.8925652503967285,24307200
29/08/2014,3.911591667457448,3.9241746472629266,3.883665469133254,3.9238672256469727,3.9238672256469727,16944000
02/09/2014,3.9432016306675357,3.947804291677819,3.9137401984300806,3.946270227432251,3.946270227432251,28064000
03/09/2014,3.9656046943988015,3.9656046943988015,3.8855074179346833,3.899930715560913,3.899930715560913,42441600
04/09/2014,3.917729944852318,3.956397640827371,3.872310445372375,3.889496088027954,3.889496088027954,43699200
05/09/2014,3.9051482748964905,3.934915964889603,3.864025416273338,3.933074712753296,3.933074712753296,33385600
08/09/2014,3.930619351282482,3.964376731347318,3.910058391304027,3.94565749168396,3.94565749168396,44963200
09/09/2014,3.9425878842198845,3.9751179145439757,3.8658659378805758,3.8812103271484375,3.8812103271484375,57907200
10/09/2014,3.890416754387344,3.946576802696645,3.8686270489931274,3.9413602352142334,3.9413602352142334,34265600
11/09/2014,3.908830113183209,3.941360376300266,3.8799825876275515,3.938291311264038,3.938291311264038,48048000
12/09/2014,3.9306200055577594,3.9318473510317933,3.87261868350327,3.8965559005737305,3.8965559005737305,78454400
15/09/2014,3.9042264752197795,3.905761476087639,3.797736843627627,3.8198328018188477,3.8198328018188477,77958400
16/09/2014,3.791905684046148,3.902078997239444,3.7860754431757084,3.8870410919189453,3.8870410919189453,62556800
17/09/2014,3.8864273758662877,3.935836802426335,3.855738593533713,3.901158094406128,3.901158094406128,39696000
18/09/2014,3.923254108776583,3.9582393044708932,3.9155826150412287,3.9576258659362793,3.9576258659362793,21830400
19/09/2014,3.9898488489960866,3.992304007749836,3.9211062769857077,3.9505672454833984,3.9505672454833984,42764800
22/09/2014,3.932154498239364,3.9346096571435885,3.8456119028917626,3.879983425140381,3.879983425140381,46976000
23/09/2014,3.848986808013003,3.892564820287496,3.842235238816738,3.8585009574890137,3.8585009574890137,50550400
24/09/2014,3.86279772303594,3.9435086708968083,3.8397806671889394,3.9407472610473633,3.9407472610473633,39996800
25/09/2014,3.9146608768032336,3.925095184220633,3.772572371616867,3.7756412029266357,3.7756412029266357,67840000
26/09/2014,3.797123610150968,3.868014154157599,3.7869957875124625,3.8578872680664062,3.8578872680664062,47913600
29/09/2014,3.77840343621948,3.8652529913799376,3.7741070248881297,3.8465323448181152,3.8465323448181152,60716800
30/09/2014,3.866480211104499,3.8956342274511124,3.819525941838595,3.858193874359131,3.858193874359131,63036800
01/10/2014,3.8360983070868193,3.8403947184598075,3.708126592028968,3.7332913875579834,3.7332913875579834,88470400
02/10/2014,3.7320637325602712,3.755079853663806,3.6381561228249066,3.7308361530303955,3.7308361530303955,98915200
03/10/2014,3.7725723364043082,3.836097635610915,3.7501689549185033,3.8057162761688232,3.8057162761688232,50595200
06/10/2014,3.825970961676454,3.847453250106872,3.766434882289872,3.789144515991211,3.789144515991211,48710400
07/10/2014,3.751704358753694,3.77472047876516,3.680506388357093,3.6820404529571533,3.6820404529571533,69747200
08/10/2014,3.6878721302414386,3.847146549384233,3.6412252746896074,3.8284268379211426,3.8284268379211426,66444800
09/10/2014,3.814616300248957,3.8330295255370834,3.6881784140999265,3.6998400688171387,3.6998400688171387,121603200
10/10/2014,3.655034083963256,3.698305849546332,3.5138657260749486,3.514479398727417,3.514479398727417,78640000
13/10/2014,3.5022037610706356,3.5552956891918286,3.3990894385017527,3.4061481952667236,3.4061481952667236,134067200
14/10/2014,3.4491128442061623,3.492077188146519,3.3865076974593866,3.404613733291626,3.404613733291626,141110400
15/10/2014,3.301806062184506,3.3886546536862143,3.205443088319869,3.363489866256714,3.363489866256714,159776000
16/10/2014,3.2207881308438,3.3757661094305442,3.2177192993898656,3.3189923763275146,3.3189923763275146,155302400
17/10/2014,3.4064543627679504,3.469980592224985,3.3668662792697144,3.407681941986084,3.407681941986084,133523200
20/10/2014,3.4033864350935468,3.5132523458399807,3.392338453334863,3.5083420276641846,3.5083420276641846,66249600
21/10/2014,3.5939633875366526,3.6918601989746094,3.577391418817853,3.6918601989746094,3.6918601989746094,92204800
22/10/2014,3.711808659241316,3.7246981259785406,3.6492037482860304,3.652578830718994,3.652578830718994,67129600
23/10/2014,3.7237765217673937,3.8041812111454965,3.7145700280790033,3.7645931243896484,3.7645931243896484,80630400
24/10/2014,3.775947073396847,3.8290392278210406,3.7504758010855226,3.8219802379608154,3.8219802379608154,64921600
27/10/2014,3.806944181179889,3.8440771130991447,3.7784031346902434,3.832108974456787,3.832108974456787,57811200
28/10/2014,3.8612622638134426,3.946270549085189,3.8609557787308537,3.9453494548797607,3.9453494548797607,61228800
29/10/2014,3.9189570024887357,3.939825615806028,3.860342024356598,3.9149680137634277,3.9149680137634277,96761600
30/10/2014,3.8809035566561483,3.950567460873623,3.863717912716569,3.9339957237243652,3.9339957237243652,63936000
31/10/2014,4.063501958619406,4.067798369107662,4.014706442313383,4.04048490524292,4.04048490524292,64524800
03/11/2014,4.048463100145697,4.085289536112019,4.043860439526024,4.063807487487793,4.063807487487793,32784000
04/11/2014,4.038339024942062,4.05828655504938,3.9821780037478565,4.0386457443237305,4.0386457443237305,56838400
05/11/2014,4.088972377007348,4.089893471030135,4.009488565497536,4.036187648773193,4.036187648773193,55926400
06/11/2014,4.035574560278328,4.065035995047748,4.003658435195606,4.063194274902344,4.063194274902344,49459200
07/11/2014,4.076084897575492,4.080688496571052,4.0140934169703355,4.053988933563232,4.053988933563232,41660800
10/11/2014,4.058590983475992,4.094803981669646,4.038029092036589,4.0849833488464355,4.0849833488464355,31795200
11/11/2014,4.087439690061167,4.108307838439941,4.064116382766006,4.108307838439941,4.108307838439941,36137600
12/11/2014,4.0766986566058785,4.13224575856676,4.075471311074821,4.123652935028076,4.123652935028076,28262400
13/11/2014,4.140223334352167,4.189939001426892,4.120888787427968,4.158022880554199,4.158022880554199,47875200
14/11/2014,4.156182731311389,4.183802449617967,4.129790358325103,4.1828813552856445,4.1828813552856445,24310400
17/11/2014,4.165388209246246,4.183187756825004,4.1205828552321275,4.157102108001709,4.157102108001709,30188800
18/11/2014,4.166309505483264,4.232291145994296,4.166309505483264,4.221857070922852,4.221857070922852,21846400
19/11/2014,4.212342325709504,4.212342325709504,4.145748188857326,4.1828813552856445,4.1828813552856445,36588800
20/11/2014,4.149122412341239,4.227379352895912,4.14114349917742,4.220627784729004,4.220627784729004,19459200
21/11/2014,4.296737380758281,4.302875512796111,4.210809151513422,4.2362799644470215,4.2362799644470215,39462400
24/11/2014,4.259910128324157,4.306557207046575,4.252851371463627,4.303794860839844,4.303794860839844,25868800
25/11/2014,4.315150181561698,4.34123536564532,4.293668127529992,4.316684246063232,4.316684246063232,30569600
26/11/2014,4.32435684125288,4.377755022101586,4.315764019776682,4.37284517288208,4.37284517288208,28668800
28/11/2014,4.396169290028179,4.4320746470377035,4.391258971628655,4.411819934844971,4.411819934844971,15664000
01/12/2014,4.387881074134434,4.4038393688174775,4.279856919456989,4.311159133911133,4.311159133911133,47571200
02/12/2014,4.32005971409569,4.361796469318779,4.30318032490955,4.345530986785889,4.345530986785889,30246400
03/12/2014,4.358114393920228,4.373765504744951,4.309318872833888,4.363024711608887,4.363024711608887,32976000
04/12/2014,4.354125211280471,4.391565568554521,4.321902359831614,4.356273651123047,4.356273651123047,40777600
05/12/2014,4.372537904384708,4.385120886746468,4.3397016165959625,4.358421325683594,4.358421325683594,26636800
08/12/2014,4.338780350938888,4.373765545316188,4.250396504817844,4.293668270111084,4.293668270111084,37024000
09/12/2014,4.193929369321428,4.3280396749625885,4.165695743995312,4.325277328491211,4.325277328491211,54467200
10/12/2014,4.309013614641602,4.327426607805883,4.1706064028063645,4.187178611755371,4.187178611755371,53939200
11/12/2014,4.209887451445457,4.325584774405846,4.209274012880674,4.227380752563477,4.227380752563477,34550400
12/12/2014,4.144827445222051,4.24088396544655,4.133779463309904,4.135314464569092,4.135314464569092,48355200
15/12/2014,4.177665321974542,4.2071262961747955,4.0242213822164725,4.050920009613037,4.050920009613037,73699200
16/12/2014,3.995373263240019,4.115979489234595,3.915888724026234,3.917423725128174,3.917423725128174,75068800
17/12/2014,3.922947200451257,4.082835010833735,3.9128193787691736,4.056750297546387,4.056750297546387,80835200
18/12/2014,4.17827692837874,4.257760741933628,4.154032534294973,4.257146835327148,4.257146835327148,61945600
19/12/2014,4.263285253751777,4.3277318789455,4.244565547528066,4.285688400268555,4.285688400268555,48790400
22/12/2014,4.280469076897409,4.316702848027791,4.2746357269617645,4.3151679039001465,4.3151679039001465,38771200
23/12/2014,4.346487648042605,4.346794074554521,4.273406330576927,4.286917209625244,4.286917209625244,27267200
24/12/2014,4.293672847196377,4.323457599236821,4.288145456175265,4.291830539703369,4.291830539703369,8214400
26/12/2014,4.316394940888726,4.369209463985366,4.314552165191747,4.352628231048584,4.352628231048584,16185600
29/12/2014,4.34341698749088,4.368288606981372,4.3391181138623125,4.3507866859436035,4.3507866859436035,20131200
30/12/2014,4.321307610452759,4.344030491997175,4.27893314019696,4.289065361022949,4.289065361022949,28761600
31/12/2014,4.3025773069139115,4.3385041795829,4.1898854304062505,4.198790073394775,4.198790073394775,36044800
02/01/2015,4.240550848171546,4.278012665568897,4.13645671749766,4.18128776550293,4.18128776550293,49910400
05/01/2015,4.140754490838996,4.1496586630952415,4.031439424277628,4.053854942321777,4.053854942321777,56867200
06/01/2015,4.066137066019309,4.0787272574940685,3.9098422388235963,3.9469962120056152,3.9469962120056152,52531200
07/01/2015,3.998583475080249,4.06490934567201,3.9783171587535415,4.045564651489258,4.045564651489258,52400000
08/01/2015,4.117110068082701,4.217520495820465,4.107591637071181,4.200324535369873,4.200324535369873,52544000
09/01/2015,4.225505184738509,4.230724744257093,4.0989950566870155,4.14628267288208,4.14628267288208,55964800
12/01/2015,4.164091764015334,4.168390637528959,4.038809704921286,4.06091833114624,4.06091833114624,41520000
13/01/2015,4.138298518015855,4.224276456728273,3.9921358816421217,4.054777145385742,4.054777145385742,75494400
14/01/2015,3.973712101103122,4.052934595485081,3.9414698489050877,4.014551162719727,4.014551162719727,73990400
15/01/2015,4.04955653791878,4.061532472942952,3.897866983450628,3.9086146354675293,3.9086146354675293,57065600
16/01/2015,3.893875334710872,4.00902375844277,3.885277588237781,4.000733375549316,4.000733375549316,70736000
20/01/2015,4.048021230463259,4.080876333762173,3.956822806695957,4.062452793121338,4.062452793121338,62960000
21/01/2015,4.038194355906815,4.139832348961488,4.009022934360172,4.103598594665527,4.103598594665527,58675200
22/01/2015,4.133999470900735,4.263272565784464,4.062146204501451,4.255289077758789,4.255289077758789,63420800
23/01/2015,4.2555964565313165,4.299506343642303,4.230109642974516,4.273712635040283,4.273712635040283,55900800
26/01/2015,4.2648083577450375,4.279547284770657,4.220898003163865,4.265114784240723,4.265114784240723,45145600
27/01/2015,4.130622020496913,4.133692377112715,4.015473573748429,4.0464863777160645,4.0464863777160645,64156800
28/01/2015,4.173302998369944,4.1800584367202225,3.9991974818919145,4.002267837524414,4.002267837524414,67196800
29/01/2015,3.9924433549185303,4.091011033374894,3.924889183497568,4.075657844543457,4.075657844543457,60240000
30/01/2015,4.071050777024574,4.131542834716711,4.003189958604325,4.016086578369141,4.016086578369141,50736000
02/02/2015,4.0308250143378626,4.091009225578394,3.9086135821649783,4.084253787994385,4.084253787994385,51113600
03/02/2015,4.112811993236649,4.167162877391461,4.0593827314019455,4.162556171417236,4.162556171417236,51491200
04/02/2015,4.125401998908482,4.209537163720982,4.10912718964535,4.1530375480651855,4.1530375480651855,57708800
05/02/2015,4.174838780316543,4.231031500492087,4.154265566133488,4.225811004638672,4.225811004638672,41363200
06/02/2015,4.241163274825423,4.258973023972269,4.1447453008524855,4.174530982971191,4.174530982971191,41513600
09/02/2015,4.141982185333895,4.186813686131541,4.1287782042298495,4.147509574890137,4.147509574890137,32976000
10/02/2015,4.194490806641655,4.28814533950553,4.180059242158376,4.277091026306152,4.277091026306152,37068800
11/02/2015,4.284460098713552,4.326835037877724,4.270949221383409,4.309025287628174,4.309025287628174,40476800
12/02/2015,4.363374865746917,4.411276722505712,4.350785611577622,4.407285213470459,4.407285213470459,42793600
13/02/2015,4.4346134774056045,4.484357642141065,4.417417986807765,4.482515335083008,4.482515335083008,52553600
17/02/2015,4.482515168801408,4.497254561803056,4.461942428388274,4.491420745849609,4.491420745849609,30774400
18/02/2015,4.481287694331385,4.5086168133193,4.468698438775113,4.504624366760254,4.504624366760254,27852800
19/02/2015,4.4987911790629855,4.553755382663262,4.496335081446667,4.5485358238220215,4.5485358238220215,37606400
20/02/2015,4.543007452405568,4.6142464499989755,4.514757650493626,4.609025955200195,4.609025955200195,42032000
23/02/2015,4.606262511175829,4.620387646453709,4.584153888983835,4.6197733879089355,4.6197733879089355,28160000
24/02/2015,4.606876580006991,4.635433275846179,4.580161722642304,4.625607013702393,4.625607013702393,33712000
25/02/2015,4.611175326978787,4.645873201441897,4.58231126839496,4.601655960083008,4.601655960083008,32339200
26/02/2015,4.609948665371041,4.652630039042331,4.586304157050537,4.648331165313721,4.648331165313721,29814400
27/02/2015,4.644953484275197,4.650480406325613,4.5930591721746605,4.607798099517822,4.607798099517822,25292800
02/03/2015,4.623457795645215,4.693160434144436,4.622535705149692,4.690703868865967,4.690703868865967,36713600
03/03/2015,4.661228351370736,4.671361981045909,4.587532761823907,4.644646644592285,4.644646644592285,48896000
04/03/2015,4.616395094723761,4.628371027634326,4.559895491986927,4.611175537109375,4.611175537109375,41088000
05/03/2015,4.634206011880417,4.65385807293987,4.588454282002431,4.625301837921143,4.625301837921143,34275200
06/03/2015,4.61486061391454,4.631748742596405,4.49786895053198,4.518442630767822,4.518442630767822,46400000
09/03/2015,4.538708408997848,4.568800516863766,4.501860863043788,4.54362154006958,4.54362154006958,29580800
10/03/2015,4.481902003964888,4.483130052615333,4.378421686245503,4.380570888519287,4.380570888519287,58320000
11/03/2015,4.390704851113061,4.400837541744404,4.324071610317454,4.327449798583984,4.327449798583984,43008000
12/03/2015,4.320079866527101,4.394695654390841,4.3154731612236725,4.3860979080200195,4.3860979080200195,39644800
13/03/2015,4.377193789383967,4.410663153095977,4.291522282564291,4.3455657958984375,4.3455657958984375,60326400
16/03/2015,4.376885714511051,4.4601006507873535,4.368595800615324,4.4601006507873535,4.4601006507873535,39872000
17/03/2015,4.432465780569122,4.484666523104815,4.413120146308985,4.471155643463135,4.471155643463135,30633600
18/03/2015,4.446282425783904,4.599200015681476,4.401450919868301,4.560510158538818,4.560510158538818,36582400
19/03/2015,4.570030490870619,4.597052251837967,4.556826036931414,4.572793483734131,4.572793483734131,28147200
20/03/2015,4.646180809374693,4.67688717654011,4.631441884327046,4.635740756988525,4.635740756988525,28662400
23/03/2015,4.62806461622926,4.652937172150568,4.610562227109161,4.612711429595947,4.612711429595947,28208000
24/03/2015,4.611482017512527,4.654471212869823,4.578012658138159,4.579854965209961,4.579854965209961,28886400
25/03/2015,4.5961085663211865,4.602867586734428,4.3669173941049655,4.369682788848877,4.369682788848877,73417600
26/03/2015,4.300248989689487,4.389651527505289,4.269526345670083,4.3404951095581055,4.3404951095581055,73030400
27/03/2015,4.337732006903606,4.39487616136865,4.326057248519089,4.375828266143799,4.375828266143799,38044800
30/03/2015,4.428976221574778,4.482433319091797,4.4286691639166325,4.482433319091797,4.482433319091797,51913600
31/03/2015,4.450790035337055,4.468301699748838,4.378284572179553,4.379513740539551,4.379513740539551,37097600
01/04/2015,4.377976683298689,4.380742077484585,4.278128561066422,4.3343505859375,4.3343505859375,47820800
02/04/2015,4.342952808348235,4.366609843374311,4.313458864969479,4.338651657104492,4.338651657104492,29948800
06/04/2015,4.287960319473488,4.433892416577675,4.275363453538325,4.409928321838379,4.409928321838379,45132800
07/04/2015,4.406550241516707,4.467995539278058,4.394567489624023,4.394567489624023,4.394567489624023,31840000
08/04/2015,4.398562755193496,4.476290562980398,4.396719470972767,4.464309215545654,4.464309215545654,44048000
09/04/2015,4.460621137534256,4.522681008442562,4.429898494144646,4.520223140716553,4.520223140716553,32569600
10/04/2015,4.517765277399099,4.557396812352287,4.496259520763453,4.556475639343262,4.556475639343262,26812800
13/04/2015,4.564464540340895,4.609319344224239,4.523910419666783,4.533127307891846,4.533127307891846,33088000
14/04/2015,4.524831652024058,4.550331975428282,4.456935329875295,4.5079345703125,4.5079345703125,32924800
15/04/2015,4.532205356560995,4.582590482667645,4.521145184060003,4.56077766418457,4.56077766418457,32646400
16/04/2015,4.538963835971905,4.565999445359761,4.526982491713355,4.549716949462891,4.549716949462891,25638400
17/04/2015,4.464307021228983,4.488270641900748,4.370295821856633,4.409620761871338,4.409620761871338,56896000
20/04/2015,4.452940459406631,4.554939402031441,4.449868007240002,4.540807247161865,4.540807247161865,42476800
21/04/2015,4.591192009412709,4.608396615102637,4.5696862523003,4.578288555145264,4.578288555145264,31036800
22/04/2015,4.602561408925417,4.643422128157586,4.543573966688379,4.627754211425781,4.627754211425781,38540800
23/04/2015,4.598565029971452,4.703329825057668,4.596415157499025,4.664926052093506,4.664926052093506,35187200
24/04/2015,4.76201015001702,4.801642626046224,4.7469563534395816,4.788431644439697,4.788431644439697,35782400
27/04/2015,4.826528759240504,4.84311878485514,4.745728504220214,4.766619682312012,4.766619682312012,44921600
28/04/2015,4.772149360258227,4.790275140979479,4.666463377873068,4.7441911697387695,4.7441911697387695,40409600
29/04/2015,4.690734568274857,4.747878723229826,4.635127108562121,4.687355995178223,4.687355995178223,52985600
30/04/2015,4.634818552798576,4.671379046585591,4.491650905033288,4.536506175994873,4.536506175994873,66310400
01/05/2015,4.573680253451238,4.663697373824462,4.573372726990636,4.66001033782959,4.66001033782959,50771200
04/05/2015,4.68981250661556,4.731287800213316,4.668613804452295,4.672607898712158,4.672607898712158,32883200
05/05/2015,4.638505420682862,4.653866745202481,4.517458108461796,4.524217128753662,4.524217128753662,56124800
06/05/2015,4.536813183566978,4.562312565166756,4.398561287652834,4.463693141937256,4.463693141937256,69468800
07/05/2015,4.456321136683171,4.536814333131671,4.44956211588928,4.51223611831665,4.51223611831665,59894400
08/05/2015,4.603789193388085,4.644035316148316,4.591806911320882,4.623143672943115,4.623143672943115,46412800
11/05/2015,4.630517638219576,4.648336830676758,4.582283323649797,4.585662364959717,4.585662364959717,33456000
12/05/2015,4.53312765085739,4.592421672604537,4.464615802606964,4.54725980758667,4.54725980758667,35318400
13/05/2015,4.587198087983225,4.633282051155812,4.551866768276718,4.564770221710205,4.564770221710205,33769600
14/05/2015,4.637584420229975,4.7060953300873924,4.605325074988785,4.696878910064697,4.696878910064697,39398400
15/05/2015,4.723607178783707,4.73497393872968,4.675986516069485,4.699028968811035,4.699028968811035,25430400
18/05/2015,4.680288028269701,4.7567880584368325,4.674758176714718,4.7392754554748535,4.7392754554748535,19603200
19/05/2015,4.74818460263576,4.763237927508742,4.713775395645106,4.726678848266602,4.726678848266602,23190400
20/05/2015,4.733130345122922,4.790274480332024,4.685203096648902,4.7319016456604,4.7319016456604,20947200
21/05/2015,4.719612241025144,4.795190148646576,4.704865503729619,4.782900810241699,4.782900810241699,15408000
22/05/2015,4.772457041088131,4.808095432844495,4.765698019589838,4.776758193969727,4.776758193969727,16776000
26/05/2015,4.750335702597578,4.765082911225191,4.625601826229068,4.662468910217285,4.662468910217285,20833600
27/05/2015,4.692577432762055,4.822841160491527,4.671071204090878,4.8123955726623535,4.8123955726623535,19657600
28/05/2015,4.795806012316016,4.816082605710917,4.762625492955564,4.791504859924316,4.791504859924316,13361600
29/05/2015,4.784129593951393,4.798261745993217,4.713467427371406,4.737431049346924,4.737431049346924,20968000
01/06/2015,4.783515067597291,4.790888670136526,4.690118446051788,4.763852596282959,4.763852596282959,24211200
02/06/2015,4.729444532658572,4.781058356546904,4.6852038443026265,4.734974384307861,4.734974384307861,18238400
03/06/2015,4.777371001187473,4.798876757595524,4.7411185073553765,4.762624263763428,4.762624263763428,20905600
04/06/2015,4.70732325525957,4.769997238811848,4.661239292156616,4.69380521774292,4.69380521774292,28294400
05/06/2015,4.680902355571271,4.700564830227142,4.613926743631027,4.669227600097656,4.669227600097656,30273600
08/06/2015,4.663082591870907,4.669841610652709,4.554938760152398,4.575215816497803,4.575215816497803,25294400
09/06/2015,4.5518682759164975,4.5911932333455,4.489808387027725,4.5604705810546875,4.5604705810546875,36558400
10/06/2015,4.589348901736645,4.709167030807208,4.580132014394979,4.6784443855285645,4.6784443855285645,29083200
11/06/2015,4.715927112925817,4.738047460014114,4.678445439736785,4.695035934448242,4.695035934448242,23548800
12/06/2015,4.645878629782052,4.665541104741973,4.607168264052004,4.618228435516357,4.618228435516357,21289600
15/06/2015,4.549408850912928,4.586275927289859,4.496565869549547,4.574601173400879,4.574601173400879,30616000
16/06/2015,4.5616972142977605,4.6366605269332695,4.559239346973124,4.620684623718262,4.620684623718262,19147200
17/06/2015,4.6372760708911045,4.67721560280109,4.589962935480852,4.646492958068848,4.646492958068848,30118400
18/06/2015,4.67967325880207,4.797033512595762,4.676600806951782,4.778599739074707,4.778599739074707,37004800
19/06/2015,4.787816723780524,4.793961158816463,4.73190175552604,4.73313045501709,4.73313045501709,21691200
22/06/2015,4.808093568884836,4.83328636084659,4.783515361036625,4.803177833557129,4.803177833557129,25342400
23/06/2015,4.814852904707918,4.820382755722856,4.773684673406639,4.8117804527282715,4.8117804527282715,18539200
24/06/2015,4.800107056787304,4.841275295723775,4.76016751759636,4.764468669891357,4.764468669891357,20600000
25/06/2015,4.7976475500434415,4.808707719137728,4.728214083977535,4.741732120513916,4.741732120513916,18832000
26/06/2015,4.740505263328209,4.7620110258157355,4.645264855295709,4.683975696563721,4.683975696563721,24121600
29/06/2015,4.575215617062823,4.62867318088221,4.456626204683719,4.464614391326904,4.464614391326904,60380800
30/06/2015,4.52851795020865,4.545108442001086,4.464000673211362,4.494723320007324,4.494723320007324,41563200
01/07/2015,4.581975135477527,4.597336457571631,4.521758546600889,4.56292724609375,4.56292724609375,35521600
02/07/2015,4.584433820900186,4.596108577786806,4.537735262144137,4.566614627838135,4.566614627838135,24888000
06/07/2015,4.508242655842991,4.594880300947216,4.488580174991707,4.545109748840332,4.545109748840332,30097600
07/07/2015,4.55125249128932,4.574601532107833,4.385964515543858,4.56292724609375,4.56292724609375,45302400
08/07/2015,4.4990244172278455,4.510084588691833,4.390880570556684,4.4062418937683105,4.4062418937683105,34675200
09/07/2015,4.52114466963831,4.530361557138832,4.397639502228208,4.400097370147705,4.400097370147705,33920000
10/07/2015,4.51807298428627,4.568458113210704,4.486121633491207,4.537735462188721,4.537735462188721,30080000
13/07/2015,4.614541047771595,4.701793244462605,4.612697764132965,4.691962242126465,4.691962242126465,35947200
14/07/2015,4.704866697370217,4.780444624166024,4.702408829065671,4.754637241363525,4.754637241363525,27507200
15/07/2015,4.7724564999799926,4.801335866963678,4.738047280828598,4.765697479248047,4.765697479248047,28744000
16/07/2015,4.841888402819697,4.900261233127669,4.824683330098219,4.898417949676514,4.898417949676514,29054400
17/07/2015,4.9770695383407295,5.040972709655762,4.963551496686911,5.040972709655762,5.040972709655762,26270400
20/07/2015,5.070464510342752,5.115934356964011,5.0342120186534185,5.079681396484375,5.079681396484375,32852800
21/07/2015,5.080912048146333,5.0962733732706935,5.042815793073362,5.069851875305176,5.069851875305176,21862400
22/07/2015,4.91623756501921,5.004718459897715,4.91623756501921,4.959863662719727,4.959863662719727,25454400
23/07/2015,4.969081952579711,4.998575436269873,4.894733190256401,4.918082237243652,4.918082237243652,23305600
24/07/2015,4.971538822887795,4.977068674173051,4.808708704604305,4.824684143066406,4.824684143066406,25414400
27/07/2015,4.767539025470491,4.809321834405542,4.7226842338255315,4.741732120513916,4.741732120513916,33828800
28/07/2015,4.785974615036157,4.843118765600095,4.709782570547724,4.823456287384033,4.823456287384033,35726400
29/07/2015,4.843733688165886,4.881829478675388,4.80870988174785,4.863396167755127,4.863396167755127,22785600
30/07/2015,4.83697392049451,4.922997431220115,4.781058474446221,4.907021522521973,4.907021522521973,29233600
31/07/2015,4.938358630205699,4.942045197969134,4.875069581260822,4.895346641540527,4.895346641540527,24971200
03/08/2015,4.8965752281797785,4.922996721189288,4.80072025860625,4.868310451507568,4.868310451507568,31363200
04/08/2015,4.860936654272145,4.875683391776172,4.805021218517609,4.845575332641602,4.845575332641602,29428800
05/08/2015,4.899648092507702,4.985057022035304,4.889817088275179,4.919310569763184,4.919310569763184,31587200
06/08/2015,4.926684339460054,4.94143108069773,4.718999387196997,4.765697479248047,4.765697479248047,33689600
07/08/2015,4.739890054805529,4.773070570612448,4.6729149077661125,4.749721527099609,4.749721527099609,34811200
10/08/2015,4.807478739515019,4.8787554917595735,4.807478739515019,4.857249736785889,4.857249736785889,28721600
11/08/2015,4.8050220443435805,4.844961581205356,4.680902750504499,4.735589027404785,4.735589027404785,34705600
12/08/2015,4.668612691300221,4.784744235748978,4.568456582501033,4.763852596282959,4.763852596282959,45950400
13/08/2015,4.77552815058576,4.82099753522678,4.73005876594474,4.746648788452148,4.746648788452148,27896000
14/08/2015,4.728214052711865,4.7773704636481495,4.709166166149436,4.762009143829346,4.762009143829346,22438400
17/08/2015,4.7405044943253,4.845575890111542,4.717769566931987,4.841274738311768,4.841274738311768,23760000
18/08/2015,4.8302140703535255,4.837587673591296,4.780443537672009,4.7945756912231445,4.7945756912231445,18832000
19/08/2015,4.7656970626912685,4.81485348757416,4.674758286085453,4.7300591468811035,4.7300591468811035,43784000
20/08/2015,4.642193290975235,4.673530061093511,4.467073784971841,4.470760822296143,4.470760822296143,57112000
21/08/2015,4.344797275613158,4.416688166897616,4.08734130859375,4.08734130859375,4.08734130859375,72264000
24/08/2015,3.4317198623759952,4.086112391815871,3.3794914518777883,3.7795002460479736,3.7795002460479736,62776000
25/08/2015,4.043101107749917,4.090413784591234,3.7309588573255055,3.735260009765625,3.735260009765625,48299200
26/08/2015,3.950317754443147,4.1248221532043745,3.7973188790509247,4.109460830688477,4.109460830688477,62598400
27/08/2015,4.228050232097676,4.323905202758457,4.129737862385657,4.315917015075684,4.315917015075684,77176000
28/08/2015,4.2778216863913014,4.346640118048032,4.253858058397918,4.320833206176758,4.320833206176758,35776000
31/08/2015,4.268604079180069,4.314688043526264,4.188110904801618,4.209616661071777,4.209616661071777,33188800
01/09/2015,4.0037756516912175,4.126051657616476,3.9109931248762773,3.9552338123321533,3.9552338123321533,52409600
02/09/2015,4.084884330763889,4.169678688049316,3.999474920339299,4.169678688049316,4.169678688049316,34131200
03/09/2015,4.204088026260227,4.256931030722576,4.104546923409698,4.124209403991699,4.124209403991699,30068800
04/09/2015,4.012376775081879,4.083653052621454,3.9822682518269006,4.027738094329834,4.027738094329834,36164800
08/09/2015,4.185654241916604,4.264304155366305,4.150015853387689,4.25385856628418,4.25385856628418,26227200
09/09/2015,4.356472592415832,4.357701292353551,4.137726969051237,4.160461902618408,4.160461902618408,33084800
10/09/2015,4.149401592483062,4.304244031846755,4.142642571070096,4.247099876403809,4.247099876403809,32974400
11/09/2015,4.209617378039368,4.2950263023376465,4.186882449658592,4.2950263023376465,4.2950263023376465,22892800
14/09/2015,4.326976631922199,4.328205800080787,4.237881160826756,4.268603801727295,4.268603801727295,16958400
15/09/2015,4.288881872118203,4.397025256149276,4.260616623265783,4.367531776428223,4.367531776428223,25451200
16/09/2015,4.373060145924794,4.427746403630323,4.341723392940895,4.418529987335205,4.418529987335205,29134400
17/09/2015,4.415457932850363,4.5543243992561555,4.385963991684686,4.4228315353393555,4.4228315353393555,47859200
18/09/2015,4.288880893358276,4.400711288426617,4.283965158263111,4.299941062927246,4.299941062927246,29516800
21/09/2015,4.344795315976493,4.393337139224149,4.247711669481183,4.325132846832275,4.325132846832275,30708800
22/09/2015,4.189339368089397,4.221290708633862,4.115605216808137,4.196712970733643,4.196712970733643,33185600
23/09/2015,4.215146973602537,4.239110600184885,4.159232001173853,4.19917106628418,4.19917106628418,22238400
24/09/2015,4.115605906156898,4.20101482539965,4.048630293426821,4.173364162445068,4.173364162445068,38792000
25/09/2015,4.260616736501098,4.266761641330839,4.0486306460068,4.099630355834961,4.099630355834961,32265600
28/09/2015,4.061533293559218,4.06890689661236,3.8421736422242545,3.8661372661590576,3.8661372661590576,42627200
29/09/2015,3.8864146263853,3.963835823721629,3.769668480609329,3.8280415534973145,3.8280415534973145,44256000
30/09/2015,3.9343426736135503,4.009920602523905,3.9036200221328383,3.9970171451568604,3.9970171451568604,46081600
01/10/2015,4.011763702905467,4.036341916722679,3.909149929773108,4.033884048461914,4.033884048461914,33644800
02/10/2015,3.9251255169663444,4.178894651382479,3.8999329553489206,4.175207614898682,4.175207614898682,46131200
05/10/2015,4.235423212689274,4.3196034159191,4.220676476598966,4.298711776733398,4.298711776733398,42155200
06/10/2015,4.2790498568632405,4.3048567655430166,4.189954375987201,4.2581586837768555,4.2581586837768555,29628800
07/10/2015,4.30915900098521,4.325749495588756,4.198557735053592,4.306087017059326,4.306087017059326,43841600
08/10/2015,4.272905386473487,4.3552418474261225,4.191183040872191,4.3404951095581055,4.3404951095581055,47060800
09/10/2015,4.346640503386878,4.397025631941049,4.322062288991818,4.376749038696289,4.376749038696289,32612800
12/10/2015,4.398254731413778,4.416688040327712,4.3663029125649215,4.401941299438477,4.401941299438477,16592000
13/10/2015,4.349097949158576,4.439422608730209,4.336194493332686,4.3411102294921875,4.3411102294921875,32056000
14/10/2015,4.34356766329725,4.387193762572636,4.293182544675924,4.331278324127197,4.331278324127197,24844800
15/10/2015,4.362614843080758,4.473216533660889,4.350325974700867,4.473216533660889,4.473216533660889,32547200
16/10/2015,4.489806372837336,4.514384577401951,4.449252733777442,4.5125412940979,4.5125412940979,21331200
19/10/2015,4.497181796253918,4.5672294029194855,4.47813343388665,4.563542366027832,4.563542366027832,21553600
20/10/2015,4.5481804996006945,4.563541823249263,4.485506505382304,4.516229152679443,4.516229152679443,18777600
21/10/2015,4.556167690685379,4.5684565593983315,4.455397467110237,4.4590840339660645,4.4590840339660645,21136000
22/10/2015,4.536505388548012,4.647106617457614,4.5137704649123895,4.641576766967773,4.641576766967773,37652800
23/10/2015,4.886129314753392,4.937743602760521,4.840659930854286,4.900876522064209,4.900876522064209,33454400
26/10/2015,4.890431613959845,4.924841303636079,4.856636977387182,4.90825080871582,4.90825080871582,19278400
27/10/2015,4.878755534639487,4.939586233182643,4.878755534639487,4.924839496612549,4.924839496612549,15944000
28/10/2015,4.945117524824858,5.007791519165039,4.864009754554414,5.007791519165039,5.007791519165039,28817600
29/10/2015,4.959250641952117,5.0084070747733,4.9512629208546315,4.992431163787842,4.992431163787842,17475200
30/10/2015,4.995501973778657,5.013320694306094,4.94634555712341,4.948803424835205,4.948803424835205,21201600
02/11/2015,4.975224390951741,5.069235594238445,4.952489468613079,5.061861991882324,5.061861991882324,16329600
03/11/2015,5.038514159550851,5.12822423345386,5.023767420101281,5.095658302307129,5.095658302307129,13467200
04/11/2015,5.126996123863112,5.133140560275025,5.052647365060935,5.096887588500977,5.096887588500977,21131200
05/11/2015,5.099959254412113,5.127609448395787,5.013935751543472,5.0624775886535645,5.0624775886535645,16120000
06/11/2015,5.044658572921336,5.085826807630585,4.982598694359829,5.074766635894775,5.074766635894775,25353600
09/11/2015,5.03544130478604,5.047730644003639,4.902719722768462,4.9672369956970215,4.9672369956970215,22112000
10/11/2015,4.912551759546169,4.948804731882143,4.883058276795654,4.937129974365234,4.937129974365234,16998400
11/11/2015,4.967851717566596,5.013321101956254,4.910707577794178,4.927298069000244,4.927298069000244,16364800
12/11/2015,4.884900291234009,4.932827539839663,4.824683704017717,4.830214023590088,4.830214023590088,22065600
13/11/2015,4.791502485113724,4.800718900820545,4.636045554198875,4.642190456390381,4.642190456390381,30329600
16/11/2015,4.631131503813374,4.77614242032304,4.612697729982859,4.774298667907715,4.774298667907715,21680000
17/11/2015,4.792732060577782,4.849261608269796,4.755864984639091,4.78044319152832,4.78044319152832,30881600
18/11/2015,4.817926232021086,4.973382767111724,4.808709343197952,4.961093425750732,4.961093425750732,26038400
19/11/2015,4.967852760798644,5.015780023164516,4.95310601902233,4.969696044921875,4.969696044921875,22539200
20/11/2015,5.015778924296396,5.044658286007971,5.007176621078952,5.0354413986206055,5.0354413986206055,16281600
23/11/2015,5.037899641548691,5.077839177340269,4.9660087583980905,5.008406162261963,5.008406162261963,14972800
24/11/2015,4.942659628108383,5.022538229498545,4.893503205106443,5.002261638641357,5.002261638641357,19467200
25/11/2015,5.012093089402379,5.026225714633949,4.987514875707286,5.007177352905273,5.007177352905273,13878400
27/11/2015,5.02745398008237,5.042200719509402,4.989357728706278,5.023152828216553,5.023152828216553,6292800
30/11/2015,5.047730928223012,5.050802911607616,4.9635507078064105,4.996116638183594,4.996116638183594,17892800
01/12/2015,5.0342135368811345,5.096273422241211,5.023153363933699,5.096273422241211,5.096273422241211,19022400
02/12/2015,5.103645285461602,5.1472713820984906,5.017622260425668,5.036055564880371,5.036055564880371,16875200
03/12/2015,5.0594058220566716,5.074767147193532,4.802564915807202,4.862781047821045,4.862781047821045,26660800
04/12/2015,4.887358487975173,5.1048748737282565,4.871382581101006,5.087055683135986,5.087055683135986,25499200
07/12/2015,5.093199426647546,5.0981151617550235,4.994887068449505,5.043428897857666,5.043428897857666,14718400
08/12/2015,4.938972735386621,5.074766783612664,4.932828299530182,5.045273303985596,5.045273303985596,18996800
09/12/2015,4.998573378666523,5.052645524491116,4.829598860545225,4.8910441398620605,4.8910441398620605,30688000
10/12/2015,4.913165533579825,4.997959868491775,4.882442887320229,4.93344259262085,4.93344259262085,25616000
11/12/2015,4.820997840932411,4.843118184871884,4.699336418055714,4.708552837371826,4.708552837371826,33006400
14/12/2015,4.723300581420497,4.781673431396484,4.5862773503026535,4.781673431396484,4.781673431396484,38403200
15/12/2015,4.860935377743485,4.918079497954118,4.822839141339659,4.836971759796143,4.836971759796143,23908800
16/12/2015,4.898418138486444,4.993043932545587,4.795190042130136,4.972766876220703,4.972766876220703,32404800
17/12/2015,5.02315216426496,5.02315216426496,4.8320572860172195,4.835129737854004,4.835129737854004,29236800
18/12/2015,4.797649183504764,4.821612813236263,4.650180368302156,4.655710220336914,4.655710220336914,34099200
21/12/2015,4.733745786980739,4.752179095000592,4.666770168774478,4.751564979553223,4.751564979553223,27478400
22/12/2015,4.799889916758654,4.8257121914359695,4.75131917968305,4.813416004180908,4.813416004180908,15635200
23/12/2015,4.860754703688415,4.889651247007668,4.845384241843643,4.88596248626709,4.88596248626709,13251200
24/12/2015,4.881660154535826,4.909326806043139,4.876741492779601,4.882275104522705,4.882275104522705,7520000
28/12/2015,4.857682131282252,4.875511927856409,4.7869778949556006,4.873052597045898,4.873052597045898,18648000
29/12/2015,4.932075416302025,5.048891056717464,4.929616085348399,5.026142597198486,5.026142597198486,15214400
30/12/2015,5.016919926880642,5.022453538466608,4.936993786423956,4.939452648162842,4.939452648162842,10608000
31/12/2015,4.900104456707705,4.9191641538398185,4.814030220895855,4.817718982696533,4.817718982696533,20696000
04/01/2016,4.602531951135072,4.6197467964127314,4.493094318381934,4.616672515869141,4.616672515869141,35806400
05/01/2016,4.6529475074060205,4.668932923458022,4.552732237496051,4.592080593109131,4.592080593109131,26548800
06/01/2016,4.435301410826755,4.558265132710655,4.435301410826755,4.509079456329346,4.509079456329346,27740800
07/01/2016,4.315412053112036,4.426694073467845,4.2207299291412035,4.228107452392578,4.228107452392578,48697600
08/01/2016,4.29327942172523,4.338160927565275,4.146337778757232,4.154330253601074,4.154330253601074,42179200
11/01/2016,4.214582161922707,4.237330152462103,4.054728932791654,4.183841228485107,4.183841228485107,41776000
12/01/2016,4.260693358908494,4.319715892005874,4.1580182896302,4.28098201751709,4.28098201751709,38926400
13/01/2016,4.3104949898309535,4.330784124433903,3.9680409095445133,3.9827964305877686,3.9827964305877686,50889600
14/01/2016,4.014151441842896,4.220730567367584,3.885039371122602,4.150026321411133,4.150026321411133,68628800
15/01/2016,3.871513275721596,3.979721493978298,3.7872829482903247,3.8930318355560303,3.8930318355560303,65014400
19/01/2016,3.99939567242906,4.009232527322617,3.8174091662040186,3.9096319675445557,3.9096319675445557,39897600
20/01/2016,3.7909718674068453,3.968039708054671,3.6151336922294215,3.887498378753662,3.887498378753662,71588800
21/01/2016,3.915164920755813,4.008002662051417,3.8137197564600203,3.8967204093933105,3.8967204093933105,39494400
22/01/2016,4.042432605802759,4.12051436761556,4.022143477866179,4.1186699867248535,4.1186699867248535,30761600
25/01/2016,4.094077340781876,4.1340406485596874,3.988328922464879,3.9987807273864746,3.9987807273864746,21739200
26/01/2016,4.0264471246375235,4.099610692583868,3.960047068296929,4.069484710693359,4.069484710693359,21836800
27/01/2016,4.020913820007436,4.053499131422431,3.830934859342592,3.8653645515441895,3.8653645515441895,35966400
28/01/2016,3.9883293402609334,3.9950923839349968,3.840157798581238,3.972343921661377,3.972343921661377,42700800
29/01/2016,3.9723422259582146,4.140802357678801,3.9680385153727378,4.138957977294922,4.138957977294922,38099200
01/02/2016,4.096535588251757,4.191832645510738,4.067639512123716,4.155558109283447,4.155558109283447,38388800
02/02/2016,4.122358968108051,4.124817829767259,3.9557427119996103,3.9797210693359375,3.9797210693359375,40942400
03/02/2016,4.030750768660564,4.030750768660564,3.805112445119777,3.943446636199951,3.943446636199951,61872000
04/02/2016,3.920698556549796,4.002469314986599,3.8481499371359513,3.9422173500061035,3.9422173500061035,38441600
05/02/2016,3.912091725418175,3.912091725418175,3.63665295683638,3.6655492782592773,3.6655492782592773,68220800
08/02/2016,3.5309032800451163,3.5850073831504625,3.420235977651893,3.5542664527893066,3.5542664527893066,89908800
09/02/2016,3.4583550243590553,3.6378819637135664,3.447903219528764,3.5302886962890625,3.5302886962890625,62656000
10/02/2016,3.616978228838828,3.7042823645214313,3.553651748434781,3.5604147911071777,3.5604147911071777,52228800
11/02/2016,3.466961922764905,3.6040664374731595,3.4479026969548774,3.5536513328552246,3.5536513328552246,64488000
12/02/2016,3.6292746667270497,3.662474932409931,3.5610297543349225,3.6557118892669678,3.6557118892669678,37144000
16/02/2016,3.760845407935876,3.8149495124816895,3.7178082919121866,3.8149495124816895,3.8149495124816895,39641600
17/02/2016,3.8782760847663735,4.004313624234515,3.8567572916951045,3.9926323890686035,3.9926323890686035,51164800
18/02/2016,4.015994752909273,4.017839133509591,3.8911866622148934,3.90409779548645,3.90409779548645,37030400
19/02/2016,3.8690534028075327,3.9489800070769125,3.8475348459871177,3.9268462657928467,3.9268462657928467,21908800
22/02/2016,3.9987807043609713,4.059647621631495,3.9907882304792004,4.052884578704834,4.052884578704834,25412800
23/02/2016,4.003698959770497,4.02706189810061,3.913935264406167,3.919468641281128,3.919468641281128,24014400
24/02/2016,3.8290890589862387,4.002467835309937,3.7792889168827046,3.9944753646850586,3.9944753646850586,47172800
25/02/2016,4.011691466088257,4.070713996887207,3.9385279007424536,4.070713996887207,4.070713996887207,36518400
26/02/2016,4.130351825852963,4.135270487768224,4.043047687669456,4.061491966247559,4.061491966247559,28660800
29/02/2016,4.054113951366455,4.11375142992417,3.988942861557007,3.988942861557007,3.988942861557007,23267200
01/03/2016,4.060877390116486,4.245322985990312,4.040588261993708,4.242863655090332,4.242863655090332,29036800
02/03/2016,4.233641025844669,4.2483965412841656,4.181996018202365,4.247167110443115,4.247167110443115,33582400
03/03/2016,4.238558991311903,4.242247752298682,4.172158479134074,4.232410430908203,4.232410430908203,27324800
04/03/2016,4.2385614359530805,4.289591045622901,4.180768312124392,4.236102104187012,4.236102104187012,27908800
07/03/2016,4.192447551958201,4.240403320483118,4.122358279641893,4.185069561004639,4.185069561004639,33275200
08/03/2016,4.122973281767983,4.196751793424989,4.097765963693789,4.1119065284729,4.1119065284729,31656000
09/03/2016,4.148182010996404,4.16662629129748,4.098381844393197,4.166011810302734,4.166011810302734,33705600
10/03/2016,4.205358727864327,4.247780886345957,4.04857981923034,4.155558109283447,4.155558109283447,51094400
11/03/2016,4.245324074928668,4.29758358001709,4.217041996859165,4.29758358001709,4.29758358001709,34801600
14/03/2016,4.264997493584803,4.332627456815628,4.2643825435449525,4.3104939460754395,4.3104939460754395,36288000
15/03/2016,4.279137562538083,4.316641536419592,4.254544723572757,4.308649063110352,4.308649063110352,18264000
16/03/2016,4.285901830253831,4.407636159946006,4.285901830253831,4.3848876953125,4.3848876953125,26411200
17/03/2016,4.357219226563488,4.3996413874864535,4.327707729814647,4.379967212677002,4.379967212677002,22763200
18/03/2016,4.399641632978262,4.415627047487062,4.349226527899142,4.3965678215026855,4.3965678215026855,19916800
21/03/2016,4.378739108656888,4.433457938583017,4.37259101511666,4.428539276123047,4.428539276123047,18492800
22/03/2016,4.375049442015914,4.474034806412912,4.375049442015914,4.453131198883057,4.453131198883057,20251200
23/03/2016,4.433457337557583,4.436531618445665,4.359064336946194,4.375664234161377,4.375664234161377,19715200
24/03/2016,4.329553028256862,4.380583091229603,4.318486273263611,4.378123760223389,4.378123760223389,31988800
28/03/2016,4.403946353098263,4.403946353098263,4.350457424291019,4.3670573234558105,4.3670573234558105,21395200
29/03/2016,4.34984139937385,4.510924034194425,4.3344709350651085,4.501086711883545,4.501086711883545,26508800
30/03/2016,4.5576507977302505,4.604992099722211,4.530599094232852,4.551502704620361,4.551502704620361,21083200
31/03/2016,4.546583525939046,4.5754800762487875,4.521991156293583,4.5373616218566895,4.5373616218566895,21683200
01/04/2016,4.480798174041049,4.635117787278043,4.468501988609245,4.630814075469971,4.630814075469971,27049600
04/04/2016,4.628354212909532,4.636961635536938,4.576094727223315,4.593924522399902,4.593924522399902,15491200
05/04/2016,4.523221480219258,4.558881079942997,4.496784255468137,4.51092529296875,4.51092529296875,22894400
06/04/2016,4.516456581113368,4.657250071919105,4.516456581113368,4.656020641326904,4.656020641326904,24446400
07/04/2016,4.603762974832056,4.617289063392972,4.482644066058205,4.515843868255615,4.515843868255615,25952000
08/04/2016,4.577325747845587,4.59884478095769,4.483258547124053,4.515843868255615,4.515843868255615,20640000
11/04/2016,4.554575796058085,4.597612905655481,4.479567860128926,4.480797290802002,4.480797290802002,21836800
12/04/2016,4.484487464393655,4.572406551698202,4.431613022010813,4.557650566101074,4.557650566101074,22438400
13/04/2016,4.625895546605169,4.686147982719075,4.61421431083009,4.673236846923828,4.673236846923828,29584000
14/04/2016,4.675080580783096,4.706436459985381,4.648028412916861,4.672621250152588,4.672621250152588,17824000
15/04/2016,4.664014745101252,4.683688924946756,4.625895816432705,4.648029327392578,4.648029327392578,13128000
18/04/2016,4.62220618347321,4.699673457237946,4.6166725722410495,4.697214126586914,4.697214126586914,15134400
19/04/2016,4.708895317416376,4.7267251126699055,4.589005880967726,4.639420986175537,4.639420986175537,15326400
20/04/2016,4.638806120179685,4.689836176235194,4.608680140308694,4.644954681396484,4.644954681396484,16120000
21/04/2016,4.64495534550346,4.680614472684655,4.608065849205885,4.647414207458496,4.647414207458496,15380800
22/04/2016,4.530598482914527,4.569331886442981,4.4383756915016015,4.509079456329346,4.509079456329346,20971200
25/04/2016,4.478953314651604,4.508464813232422,4.4641977998958735,4.508464813232422,4.508464813232422,20844800
26/04/2016,4.525065395494252,4.541050812529618,4.437146305403885,4.467272758483887,4.467272758483887,21633600
27/04/2016,4.372590638778408,4.411938996932614,4.319716194558175,4.390420436859131,4.390420436859131,35660800
28/04/2016,4.4014870156550705,4.453746982399494,4.266227084135229,4.288360595703125,4.288360595703125,28190400
29/04/2016,4.280981261245489,4.301885335209464,4.175232867962406,4.23978853225708,4.23978853225708,34160000
02/05/2016,4.2563898656442225,4.331397349486511,4.227493313056653,4.318486213684082,4.318486213684082,20142400
03/05/2016,4.257618496693486,4.296351896823717,4.217655196773472,4.240403652191162,4.240403652191162,17856000
04/05/2016,4.190603171487134,4.218884766538514,4.164780437684314,4.185069561004639,4.185069561004639,22870400
05/05/2016,4.211507084317928,4.232410689948125,4.1666251235981955,4.184454917907715,4.184454917907715,14476800
06/05/2016,4.145722758449311,4.227493762969971,4.132811621272807,4.227493762969971,4.227493762969971,18067200
09/05/2016,4.225648746912918,4.288360042214988,4.22318941604841,4.249626636505127,4.249626636505127,18638400
10/05/2016,4.28221187413887,4.370745438354282,4.265611508363273,4.36644172668457,4.36644172668457,12568000
11/05/2016,4.353529950666301,4.379352685951851,4.284670574089694,4.288974285125732,4.288974285125732,14916800
12/05/2016,4.3111085009096435,4.316026693569261,4.189374202998166,4.249626636505127,4.249626636505127,32142400
13/05/2016,4.24347908362111,4.29327972459518,4.202286337253895,4.220116138458252,4.220116138458252,16592000
16/05/2016,4.229953167551957,4.353531397985415,4.222575173721961,4.322175979614258,4.322175979614258,16824000
17/05/2016,4.316026344605335,4.339389751394465,4.191218245006389,4.215196132659912,4.215196132659912,19136000
18/05/2016,4.197365818945859,4.29020354656852,4.17830659497664,4.244707107543945,4.244707107543945,26556800
19/05/2016,4.21212244272848,4.229952238767248,4.138343927836747,4.201670169830322,4.201670169830322,20454400
20/05/2016,4.234871222588759,4.325864600572697,4.228108179066397,4.290205001831055,4.290205001831055,15123200
23/05/2016,4.2969677163171,4.332627312328142,4.272989825326434,4.278522968292236,4.278522968292236,12968000
24/05/2016,4.325248815774167,4.4617386218741,4.325248815774167,4.453131198883057,4.453131198883057,18547200
25/05/2016,4.485102318730048,4.542280477738374,4.470961751025633,4.517073154449463,4.517073154449463,18772800
26/05/2016,4.529984011284566,4.553346952044414,4.5035467895252586,4.542280197143555,4.542280197143555,11008000
27/05/2016,4.547814631571096,4.590237277874484,4.546584731321123,4.589007377624512,4.589007377624512,11939200
31/05/2016,4.603761254865121,4.62036161883144,4.561339092764247,4.607450485229492,4.607450485229492,12563200
01/06/2016,4.576096308111586,4.627740861717496,4.572407545445311,4.604992866516113,4.604992866516113,13427200
02/06/2016,4.587162902829951,4.627126216888428,4.538592163475126,4.627126216888428,4.627126216888428,9129600
03/06/2016,4.608066022609554,4.611140303773182,4.523221209885129,4.581628799438477,4.581628799438477,15198400
06/06/2016,4.599458095320563,4.638806450751442,4.583473148411979,4.6129841804504395,4.6129841804504395,11830400
07/06/2016,4.619747920133704,4.6289702949384,4.587777552422821,4.594540596008301,4.594540596008301,8638400
08/06/2016,4.602533083428691,4.625896026471819,4.574866428007367,4.606836795806885,4.606836795806885,10907200
09/06/2016,4.573021982587504,4.601918540714489,4.552733319048343,4.590851783752441,4.590851783752441,15601600
10/06/2016,4.5078500458153465,4.525679841857186,4.456819988426915,4.488175868988037,4.488175868988037,18483200
13/06/2016,4.438376341895916,4.485717175367962,4.402101794708463,4.410094738006592,4.410094738006592,24073600
14/06/2016,4.3941090648789345,4.443294276537359,4.3479976650976155,4.414398193359375,4.414398193359375,19985600
15/06/2016,4.434071174354131,4.443908026401471,4.374433705025112,4.387344837188721,4.387344837188721,15638400
16/06/2016,4.343078366803451,4.418701257754051,4.288359551273325,4.413782596588135,4.413782596588135,27001600
17/06/2016,4.395952587956435,4.395952587956435,4.288974292679843,4.311722278594971,4.311722278594971,24080000
20/06/2016,4.411323788497575,4.449442713444351,4.356604966486363,4.361523628234863,4.361523628234863,17139200
21/06/2016,4.37750961331232,4.406406171599985,4.358450380854291,4.389806270599365,4.389806270599365,15651200
22/06/2016,4.395957329118595,4.44517058581812,4.361508331028367,4.368275165557861,4.368275165557861,18288000
23/06/2016,4.435326232810611,4.493767013859929,4.400261951913915,4.491306304931641,4.491306304931641,17403200
24/06/2016,4.168346510237276,4.305527658638707,4.10621488764045,4.1265153884887695,4.1265153884887695,44379200
27/06/2016,4.072380501824056,4.072380501824056,3.923511108893903,3.9671876430511475,3.9671876430511475,34388800
28/06/2016,4.045928931387465,4.135743188726004,4.044698811259102,4.133897304534912,4.133897304534912,25536000
29/06/2016,4.195413557714925,4.295070182211605,4.194183437609594,4.27846097946167,4.27846097946167,23608000
30/06/2016,4.294454549361233,4.383038208605712,4.264311681164222,4.377501964569092,4.377501964569092,19667200
01/07/2016,4.376271690224057,4.453782397642049,4.371965565885966,4.421178817749023,4.421178817749023,17614400
05/07/2016,4.379347398962974,4.384883643024517,4.320906607652416,4.365813732147217,4.365813732147217,14720000
06/07/2016,4.326443485703705,4.44147871935105,4.298760856345468,4.436557769775391,4.436557769775391,21640000
07/07/2016,4.444553743895591,4.483924147817429,4.423638422144967,4.4648542404174805,4.4648542404174805,22222400
08/07/2016,4.509147452102487,4.606958197496171,4.4974591985023435,4.602652072906494,4.602652072906494,23932800
11/07/2016,4.630949219162606,4.688159424488209,4.630949219162606,4.65678596496582,4.65678596496582,16667200
12/07/2016,4.712149462636302,4.725067831993532,4.691234141581421,4.701076507568359,4.701076507568359,12889600
13/07/2016,4.726299492579714,4.7275296126073805,4.678316832851161,4.680777072906494,4.680777072906494,13334400
14/07/2016,4.739832878112793,4.758902788069452,4.718917084225745,4.739832878112793,4.739832878112793,13686400
15/07/2016,4.762593691771691,4.768745230305658,4.7059987863275055,4.726299285888672,4.726299285888672,11956800
18/07/2016,4.730605960660279,4.804425370328539,4.730605960660279,4.789046287536621,4.789046287536621,10432000
19/07/2016,4.757672117265618,4.782278739927241,4.7373720877021475,4.753365993499756,4.753365993499756,15460800
20/07/2016,4.8068865488312,4.882551850055204,4.794583469130382,4.865326881408691,4.865326881408691,15251200
21/07/2016,4.872709006742669,4.889318680590492,4.8161140892345164,4.843796253204346,4.843796253204346,10196800
22/07/2016,4.84933154561038,4.893008075836356,4.8210340951540696,4.881935119628906,4.881935119628906,7872000
25/07/2016,4.870863361258058,4.884397029876709,4.850562858330083,4.884397029876709,4.884397029876709,7715200
26/07/2016,4.880090227136747,4.929303006064238,4.845025940284636,4.89669942855835,4.89669942855835,17550400
27/07/2016,4.976055631918093,4.986513294823013,4.919460723963124,4.959446430206299,4.959446430206299,19049600
28/07/2016,4.977286694084526,5.008044860373026,4.945913233057193,4.997586727142334,4.997586727142334,16355200
29/07/2016,5.017886518744242,5.043723262127014,4.986513062160988,5.016656398773193,5.016656398773193,13929600
01/08/2016,5.024039228149528,5.0947831109459445,5.012351443037581,5.068946361541748,5.068946361541748,17864000
02/08/2016,5.055411914404682,5.060948158711516,4.928073132691763,4.9920501708984375,4.9920501708984375,23694400
03/08/2016,4.983437382141345,5.027113914489746,4.9803613783050285,5.027113914489746,5.027113914489746,13172800
04/08/2016,5.025270068400884,5.063409899614524,4.998818022882181,5.054797649383545,5.054797649383545,14243200
05/08/2016,5.107699899343401,5.172907047397503,5.094781528653376,5.150761604309082,5.150761604309082,18352000
08/08/2016,5.15506864778662,5.158759477404601,5.106470690709668,5.1409196853637695,5.1409196853637695,9110400
09/08/2016,5.145840580988097,5.193823238470599,5.140919162443147,5.164295196533203,5.164295196533203,12280000
10/08/2016,5.167372132959379,5.172293552392447,5.110161922714033,5.137844085693359,5.137844085693359,10563200
11/08/2016,5.169830956572102,5.202434527089771,5.150145755353949,5.180903911590576,5.180903911590576,10595200
12/08/2016,5.1618349182065595,5.187671661376953,5.150761961228919,5.187671661376953,5.187671661376953,12123200
15/08/2016,5.19936006183315,5.254110027916386,5.19812994172596,5.231964111328125,5.231964111328125,11044800
16/08/2016,5.210432779372241,5.212278663446269,5.171062367108352,5.174753665924072,5.174753665924072,10518400
17/08/2016,5.175368837202551,5.193208629785207,5.118158629724504,5.190133094787598,5.190133094787598,19310400
18/08/2016,5.183365794551555,5.20612653494983,5.163065294197156,5.195053577423096,5.195053577423096,12105600
19/08/2016,5.1778298406010235,5.2128941330234895,5.148302262420207,5.19074821472168,5.19074821472168,13158400
22/08/2016,5.173522435175681,5.214738257071704,5.15691323522717,5.196898937225342,5.196898937225342,9748800
23/08/2016,5.235038867730336,5.256569486396885,5.212278129139535,5.214738368988037,5.214738368988037,10059200
24/08/2016,5.209818467257455,5.222736841054288,5.115083256748297,5.146456718444824,5.146456718444824,14985600
25/08/2016,5.120619204243985,5.162450327633411,5.108931420629596,5.1292314529418945,5.1292314529418945,9433600
26/08/2016,5.135383156688393,5.211663270342734,5.085554612941937,5.145225524902344,5.145225524902344,21740800
29/08/2016,5.14891735095224,5.187672944626918,5.148302525485835,5.159990310668945,5.159990310668945,7222400
30/08/2016,5.14276553412341,5.17167828679022,5.0910920377820075,5.126156330108643,5.126156330108643,12595200
31/08/2016,5.109545303691501,5.125539678037455,5.0726356061742965,5.112621307373047,5.112621307373047,12654400
01/09/2016,5.119389118500997,5.152607993415452,5.068945746075128,5.139074325561523,5.139074325561523,18008000
02/09/2016,5.190134589394789,5.212895338394525,5.135385075747989,5.171679496765137,5.171679496765137,9112000
06/09/2016,5.189516757553887,5.238114706344193,5.169831554060674,5.236884117126465,5.236884117126465,11809600
07/09/2016,5.246112521425111,5.2614916038492385,5.204896693168213,5.245497226715088,5.245497226715088,9542400
08/09/2016,5.212893747410524,5.215354456965632,5.156914130361987,5.182135581970215,5.182135581970215,17118400
09/09/2016,5.094781224894323,5.11877255036429,4.919459819793701,4.919459819793701,4.919459819793701,28272000
12/09/2016,4.867171552612928,5.110776130763062,4.864710843419619,5.0935516357421875,5.0935516357421875,32851200
13/09/2016,5.044338697034745,5.075096859821542,4.958831042034034,5.006198406219482,5.006198406219482,27662400
14/09/2016,5.017272115626948,5.108316497628586,5.016041995437316,5.056642532348633,5.056642532348633,26166400
15/09/2016,5.059102203763357,5.223965965949498,5.05479607998482,5.212893009185791,5.212893009185791,21566400
16/09/2016,5.19936033247538,5.215354710695536,5.1562990864969365,5.206127166748047,5.206127166748047,19907200
19/09/2016,5.2307329284912,5.264567094255068,5.139689032252197,5.159374237060547,5.159374237060547,20796800
20/09/2016,5.195669838708415,5.220276467715927,5.160605544905745,5.178445339202881,5.178445339202881,12260800
21/09/2016,5.220275290456442,5.293479866178518,5.161834970408733,5.27871561050415,5.27871561050415,24152000
22/09/2016,5.3433079804628605,5.375911557335448,5.331619728628421,5.364838600158691,5.364838600158691,14419200
23/09/2016,5.347612792395935,5.349458206583915,5.281175065635508,5.294708728790283,5.294708728790283,18270400
26/09/2016,5.236268238749841,5.247956017974028,5.191976422464857,5.207355499267578,5.207355499267578,13180800
27/09/2016,5.203667586982487,5.313167079292779,5.191364505269299,5.308245658874512,5.308245658874512,18976000
28/09/2016,5.319932844204178,5.333466043631641,5.273180298306253,5.328545093536377,5.328545093536377,15054400
29/09/2016,5.3107041402822865,5.328543929812127,5.2042806977304235,5.247957229614258,5.247957229614258,25457600
30/09/2016,5.277485933531857,5.358687469227847,5.265797680808261,5.323623180389404,5.323623180389404,20096000
03/10/2016,5.308858340009886,5.3242374192459145,5.271333349127397,5.310703754425049,5.310703754425049,14316800
04/10/2016,5.338385677911703,5.366068300935935,5.255338747503472,5.2965545654296875,5.2965545654296875,25336000
05/10/2016,5.322393625013243,5.366070640203073,5.321163504697619,5.331621170043945,5.331621170043945,11352000
06/10/2016,5.318701477183126,5.346384105417683,5.276255062156197,5.3279290199279785,5.3279290199279785,15828800
07/10/2016,5.336541490959938,5.349459863609527,5.252263952056605,5.303937911987305,5.303937911987305,18608000
10/10/2016,5.3525371961703385,5.3925229134374995,5.3525371961703385,5.367300987243652,5.367300987243652,10912000
11/10/2016,5.357456272416421,5.36176286552725,5.170447066035157,5.212893009185791,5.212893009185791,19296000
12/10/2016,5.22089101913259,5.24303693515287,5.177214481796022,5.209202766418457,5.209202766418457,9936000
13/10/2016,5.137845316721608,5.198131545890305,5.076944261975757,5.171679496765137,5.171679496765137,17497600
14/10/2016,5.216585277865825,5.261491938575034,5.175368977654478,5.179675102233887,5.179675102233887,15888000
17/10/2016,5.177214360452505,5.193208267722686,5.1415347777747185,5.153222560882568,5.153222560882568,11208000
18/10/2016,5.271948667490975,5.292249166621087,5.238730266246442,5.244266510009766,5.244266510009766,12230400
19/10/2016,5.234423600552612,5.25780010322656,5.225196527741621,5.241190433502197,5.241190433502197,8024000
20/10/2016,5.227657685116064,5.251649015146059,5.170447482121694,5.231348514556885,5.231348514556885,14680000
21/10/2016,5.2381159461953075,5.275025652815,5.203666479928862,5.270719528198242,5.270719528198242,10553600
24/10/2016,5.336541489407682,5.401748647333981,5.335311369345749,5.396827697753906,5.396827697753906,12548800
25/10/2016,5.399288237809733,5.403594362264217,5.344538740031711,5.359302997589111,5.359302997589111,15875200
26/10/2016,5.291020266229952,5.346385063286006,5.259031508227609,5.28978967666626,5.28978967666626,17249600
27/10/2016,5.334695457452212,5.340231701088909,5.225196480647326,5.243036270141602,5.243036270141602,15204800
28/10/2016,5.205512116404969,5.263952443326635,5.142149901013946,5.170447826385498,5.170447826385498,25560000
31/10/2016,5.208587135430615,5.211047844755368,5.159374356932492,5.160604476928711,5.160604476928711,12478400
01/11/2016,5.179675119444971,5.181521003698605,4.996972002255211,5.086785793304443,5.086785793304443,19878400
02/11/2016,5.07878683237031,5.09970262358961,4.979130702125915,5.002506732940674,5.002506732940674,18243200
03/11/2016,4.987128538183111,5.019732115923132,4.894854049032567,4.9065423011779785,4.9065423011779785,12520000
04/11/2016,4.8794762201695026,4.945913982053593,4.852408879550256,4.8690185546875,4.8690185546875,16256000
07/11/2016,5.024038983638345,5.111392066991162,5.01358131929309,5.104625701904297,5.104625701904297,17072000
08/11/2016,5.089861113347347,5.214124365228534,5.067100371170368,5.170447826385498,5.170447826385498,19294400
09/11/2016,5.040649094825834,5.231349656663305,5.036342969760654,5.214125156402588,5.214125156402588,27628800
10/11/2016,5.258415043775706,5.2774849520773754,4.909002340448241,5.044953346252441,5.044953346252441,45632000
11/11/2016,5.000663248653771,5.070791837497393,4.967444369306937,5.0504913330078125,5.0504913330078125,24038400
14/11/2016,5.054796906206998,5.060948445562925,4.896084656429288,4.949604034423828,4.949604034423828,27435200
15/11/2016,5.020348330778554,5.117544256471959,5.008660076490798,5.087400913238525,5.087400913238525,20566400
16/11/2016,5.0412626114540275,5.150762063442439,5.038187076824502,5.145840644836426,5.145840644836426,11209600
17/11/2016,5.140304633115903,5.220891348457776,5.118774010441499,5.219660758972168,5.219660758972168,14073600
18/11/2016,5.227042710019304,5.249803452072423,5.171677918360276,5.182135581970215,5.182135581970215,9241600
21/11/2016,5.20551159305435,5.296555491273637,5.201820294406537,5.286713123321533,5.286713123321533,13617600
22/11/2016,5.326698467902223,5.345768848197138,5.292864770043828,5.321162223815918,5.321162223815918,14211200
23/11/2016,5.283638166151654,5.295326420409542,5.228888663573768,5.278101921081543,5.278101921081543,13320000
25/11/2016,5.286712428363425,5.313779288672904,5.276254297790414,5.310703754425049,5.310703754425049,5251200
28/11/2016,5.2934800766207735,5.334080608008592,5.274409696282983,5.287943363189697,5.287943363189697,12137600
29/11/2016,5.292249894873741,5.372221313118797,5.2657978537002865,5.323008060455322,5.323008060455322,12667200
30/11/2016,5.331005551251443,5.337771915979131,5.188287210590191,5.190133094787598,5.190133094787598,18036800
01/12/2016,5.190132594075501,5.190132594075501,4.99758619330442,5.016041278839111,5.016041278839111,20212800
02/12/2016,5.020347273696071,5.072636055589039,4.990819231466883,5.0314202308654785,5.0314202308654785,18075200
05/12/2016,5.084941158794069,5.149533037613061,5.038188606506665,5.1089324951171875,5.1089324951171875,12681600
06/12/2016,5.132307125070093,5.151992330724643,5.092321419084571,5.135383129119873,5.135383129119873,14288000
07/12/2016,5.1126212159282804,5.2756395521568,5.082478351583799,5.263951301574707,5.263951301574707,17998400
08/12/2016,5.268873315118369,5.308243725459714,5.247342695296119,5.281791687011719,5.281791687011719,17940800
09/12/2016,5.3230076541312075,5.368529604304035,5.3211622394303575,5.364223480224609,5.364223480224609,17382400
12/12/2016,5.316241621520688,5.338387539931637,5.271949784698791,5.315011501312256,5.315011501312256,12670400
13/12/2016,5.35007426130181,5.507555885482442,5.348843672113502,5.449730396270752,5.449730396270752,25563200
14/12/2016,5.45895882090561,5.497714407958053,5.396827667481171,5.4251251220703125,5.4251251220703125,23904000
15/12/2016,5.438044739233747,5.506942742060206,5.415898818515973,5.4423508644104,5.4423508644104,20779200
16/12/2016,5.4663411842017355,5.4841809764267495,5.382063642173017,5.406054973602295,5.406054973602295,14985600
19/12/2016,5.415282537101038,5.513708572730314,5.401748869202194,5.4491167068481445,5.4491167068481445,13302400
20/12/2016,5.4798741075479604,5.50878685414547,5.4700312706925125,5.4915618896484375,5.4915618896484375,11360000
21/12/2016,5.492116676841376,5.4970413505076134,5.455797795606285,5.479804992675781,5.479804992675781,5710400
22/12/2016,5.4804194665539185,5.48165086951598,5.407166488517868,5.4484100341796875,5.4484100341796875,10484800
23/12/2016,5.431175934506945,5.458260703218088,5.420095652420593,5.4545674324035645,5.4545674324035645,4673600
27/12/2016,5.478574165825012,5.573987723985802,5.4736494920628225,5.514892578125,5.514892578125,7228800
28/12/2016,5.533975975215796,5.543824853815859,5.417017547867378,5.4274821281433105,5.4274821281433105,12851200
29/12/2016,5.421326394054472,5.44594929444534,5.377005267279464,5.40901517868042,5.40901517868042,8950400
30/12/2016,5.427482604264785,5.429329239811619,5.268665372237751,5.301290988922119,5.301290988922119,16683200
03/01/2017,5.372081460055458,5.433638486143441,5.335147338331236,5.393011093139648,5.393011093139648,13486400
04/01/2017,5.402243961626717,5.4693408849543195,5.402243961626717,5.449642658233643,5.449642658233643,9744000
05/01/2017,5.444103128153038,5.517971366047169,5.444103128153038,5.510584354400635,5.510584354400635,9990400
06/01/2017,5.521664535270979,5.636160630646397,5.4945797656852,5.607228755950928,5.607228755950928,13712000
09/01/2017,5.613383562858203,5.663860289311113,5.609689823117862,5.644777297973633,5.644777297973633,12824000
10/01/2017,5.646009671446803,5.701411080646547,5.622002472400709,5.669401168823242,5.669401168823242,11523200
11/01/2017,5.668169931181994,5.697101802748376,5.61399945858358,5.695870399475098,5.695870399475098,19227200
12/01/2017,5.654627445234658,5.686636886447113,5.575218839390421,5.6786346435546875,5.6786346435546875,15232000
13/01/2017,5.689098849545249,5.7383446462511545,5.687867915966827,5.71926212310791,5.71926212310791,12737600
17/01/2017,5.686022708816907,5.705720938517916,5.650935222485646,5.683560371398926,5.683560371398926,10734400
18/01/2017,5.699564655960476,5.716185315525692,5.671864182875549,5.709414005279541,5.709414005279541,11449600
19/01/2017,5.718647347877905,5.760506140965937,5.678019488567697,5.7001800537109375,5.7001800537109375,12588800
20/01/2017,5.750654785913092,5.779586650847765,5.696484795374164,5.725416660308838,5.725416660308838,15254400
23/01/2017,5.715568676656584,5.7488095206940155,5.662629606853574,5.734035968780518,5.734035968780518,12027200
24/01/2017,5.75558202243682,5.829450266953202,5.738346130025853,5.812214374542236,5.812214374542236,12608000
25/01/2017,5.883005436706553,5.931019845766728,5.8756184239115745,5.927942276000977,5.927942276000977,12539200
26/01/2017,5.943330875193221,5.96487573973765,5.919938905422562,5.9371747970581055,5.9371747970581055,11788800
27/01/2017,5.9617975594593435,5.97287784234015,5.925479141465087,5.959950923919678,5.959950923919678,9688000
30/01/2017,5.921169944748036,5.9217851768094505,5.804211512016291,5.870693206787109,5.870693206787109,16958400
31/01/2017,5.828833923649447,5.847916448089109,5.778357189935862,5.846069812774658,5.846069812774658,14944000
01/02/2017,5.923631346389191,5.94763854299112,5.872538914793202,5.925477981567383,5.925477981567383,19384000
02/02/2017,5.904548257521883,5.948253678050367,5.871307415927816,5.915012836456299,5.915012836456299,12419200
03/02/2017,5.928557259034359,5.959335773255728,5.915630339418527,5.945793151855469,5.945793151855469,13200000
06/02/2017,5.9236317121394,5.963643395851292,5.918091336620019,5.961796760559082,5.961796760559082,9465600
07/02/2017,5.983341772700921,6.029509534742264,5.976570463363437,6.004887104034424,6.004887104034424,13507200
08/02/2017,5.987650600659266,6.041205372407255,5.966105739488034,6.027662754058838,6.027662754058838,9296000
09/02/2017,6.038128167562882,6.094145283985645,6.030125923635123,6.069522380828857,6.069522380828857,15824000
10/02/2017,6.09045195403043,6.124923736331117,6.074446996686763,6.108303546905518,6.108303546905518,17462400
13/02/2017,6.145237498318966,6.19202049597761,6.140312823941383,6.177862644195557,6.177862644195557,14137600
14/02/2017,6.1803248126682835,6.218489863945693,6.140928358008696,6.217258930206299,6.217258930206299,14966400
15/02/2017,6.206178174283072,6.294820425322759,6.201869202059906,6.288664817810059,6.288664817810059,14771200
16/02/2017,6.297898309430802,6.321905508681679,6.254808585042759,6.286818027496338,6.286818027496338,16126400
17/02/2017,6.269582629387682,6.341604232788086,6.266505060057356,6.341604232788086,6.341604232788086,10902400
21/02/2017,6.363764809209022,6.409932576027656,6.358224902619336,6.401930332183838,6.401930332183838,18315200
22/02/2017,6.390234335185321,6.4154729397588754,6.369920874753241,6.407470226287842,6.407470226287842,13968000
23/02/2017,6.424090319173905,6.42470602084268,6.307747594842024,6.361301898956299,6.361301898956299,18371200
24/02/2017,6.304054248620235,6.381000518798828,6.295435834288892,6.381000518798828,6.381000518798828,17516800
27/02/2017,6.3588397114100195,6.39885139465332,6.336679148877525,6.39885139465332,6.39885139465332,14411200
28/02/2017,6.392697130285515,6.400084142562577,6.3231378591704965,6.358225345611572,6.358225345611572,14988800
01/03/2017,6.436401961176196,6.519504315184941,6.414857097769143,6.49611234664917,6.49611234664917,15451200
02/03/2017,6.4942668305220765,6.4942668305220765,6.416089607072403,6.432094097137451,6.432094097137451,11808000
03/03/2017,6.4185509622189745,6.457332189580294,6.3877724488936565,6.454254150390625,6.454254150390625,13326400
06/03/2017,6.409932114663587,6.446250999494402,6.3736136994755475,6.426552772521973,6.426552772521973,11216000
07/03/2017,6.398851556844052,6.458561936867703,6.381000435680776,6.400698661804199,6.400698661804199,10406400
08/03/2017,6.406854020117855,6.4641020609432,6.397004672618005,6.4240899085998535,6.4240899085998535,8952000
09/03/2017,6.422244635365698,6.451176512728874,6.365612284159349,6.432709217071533,6.432709217071533,12166400
10/03/2017,6.489955746989692,6.509038270285952,6.433938641046474,6.488109111785889,6.488109111785889,11372800
13/03/2017,6.481954372863581,6.510885777669933,6.475798295169286,6.507808208465576,6.507808208465576,6617600
14/03/2017,6.478876490976465,6.484416397464195,6.424706481310968,6.473951816558838,6.473951816558838,9457600
15/03/2017,6.502884461187469,6.584755421907713,6.462872298684558,6.554592609405518,6.554592609405518,13812800
16/03/2017,6.5804458699795925,6.581061571711205,6.518888846817282,6.5496673583984375,6.5496673583984375,11846400
17/03/2017,6.558900277565353,6.576136166994246,6.536739714115988,6.537354946136475,6.537354946136475,7243200
20/03/2017,6.537970100599225,6.582906925400183,6.518887577420473,6.551512718200684,6.551512718200684,8475200
21/03/2017,6.600758913827201,6.614301062604175,6.3471438433886584,6.356992721557617,6.356992721557617,17296000
22/03/2017,6.360625945363634,6.452363123008793,6.3396929323037,6.440049171447754,6.440049171447754,13499200
23/03/2017,6.4234267052969285,6.458520649488302,6.385254155408531,6.409881591796875,6.409881591796875,11168000
24/03/2017,6.44559046446449,6.497307651009817,6.384022116827169,6.428351402282715,6.428351402282715,12824000
27/03/2017,6.342156371057704,6.475143773409418,6.31198753894552,6.4542107582092285,6.4542107582092285,11979200
28/03/2017,6.450515514138332,6.569958257735914,6.425888551100209,6.53117036819458,6.53117036819458,12640000
29/03/2017,6.541021662949026,6.5958174593040555,6.52686120486856,6.592123508453369,6.592123508453369,8689600
30/03/2017,6.588430103053067,6.626602184281734,6.5748849891734915,6.610594749450684,6.610594749450684,10065600
31/03/2017,6.5933557294870475,6.6383008408940585,6.579195269128617,6.603822708129883,6.603822708129883,11584000
03/04/2017,6.614287489027584,6.645071662304314,6.523781944437322,6.593969821929932,6.593969821929932,11862400
04/04/2017,6.5564136374406985,6.616135013713877,6.553335501694922,6.612441062927246,6.612441062927246,6385600
05/04/2017,6.632759154844522,6.709103784257138,6.536712200701656,6.561955451965332,6.561955451965332,16068800
06/04/2017,6.577346765874547,6.601974199156306,6.534248640199164,6.568111419677734,6.568111419677734,12670400
07/04/2017,6.560723086508655,6.600126792094413,6.513931479706331,6.561338901519775,6.561338901519775,10004800
10/04/2017,6.573652086715043,6.617981370930862,6.531170247449219,6.567495346069336,6.567495346069336,8843200
11/04/2017,6.549026098339833,6.569959113594994,6.412960089993475,6.51146936416626,6.51146936416626,16848000
12/04/2017,6.5065431322529195,6.515162663522849,6.441280832715102,6.4572882652282715,6.4572882652282715,12068800
13/04/2017,6.438201319590372,6.510851979856901,6.400644594468657,6.402491569519043,6.402491569519043,13960000
17/04/2017,6.438818797045285,6.509622500543224,6.434509030905199,6.50715970993042,6.50715970993042,8764800
18/04/2017,6.464062274980964,6.525630637744134,6.456058556924312,6.490536689758301,6.490536689758301,12592000
19/04/2017,6.541636694453722,6.585350163291508,6.489303694843931,6.509005546569824,6.509005546569824,13726400
20/04/2017,6.560723403268184,6.644456399112954,6.541021549524076,6.612441062927246,6.612441062927246,13692800
21/04/2017,6.626601520762161,6.6315271016305,6.579809911700684,6.612441062927246,6.612441062927246,10641600
24/04/2017,6.7546634986595455,6.782984882774332,6.737424436131347,6.771902561187744,6.771902561187744,11488000
25/04/2017,6.815000261286202,6.891960692569209,6.805764915586402,6.870411396026611,6.870411396026611,8708800
26/04/2017,6.874722481680298,6.9055066580022135,6.8414755148851185,6.850710391998291,6.850710391998291,11865600
27/04/2017,6.88334293879779,6.930750370025635,6.875338751251369,6.930750370025635,6.930750370025635,9142400
28/04/2017,6.986159842388888,6.991085422484236,6.933211030686824,6.955375671386719,6.955375671386719,9145600
01/05/2017,7.000936492676893,7.096367615851474,6.997242542269608,7.072971343994141,7.072971343994141,8368000
02/05/2017,7.098215686473824,7.107451033646463,7.060043137367246,7.101909637451172,7.101909637451172,8174400
03/05/2017,7.07235596642884,7.074202941624042,7.017560176901574,7.055732250213623,7.055732250213623,9921600
04/05/2017,7.056348212602621,7.0766658796327,7.010787767828762,7.060657978057861,7.060657978057861,9598400
05/05/2017,7.096368745820056,7.11114501953125,7.042804107739231,7.11114501953125,7.11114501953125,8523200
08/05/2017,7.115454738301102,7.1419291496276855,7.091443117531558,7.1419291496276855,7.1419291496276855,6856000
09/05/2017,7.159784084319494,7.221968254610837,7.151164552167736,7.192415237426758,7.192415237426758,9747200
10/05/2017,7.199803312078192,7.204728423297925,7.14931728167421,7.198571681976318,7.198571681976318,7777600
11/05/2017,7.161630187939116,7.18933575652119,7.092673469390798,7.186873435974121,7.186873435974121,12984000
12/05/2017,7.191798318950756,7.222582491835202,7.1825634428687835,7.219504356384277,7.219504356384277,6872000
15/05/2017,7.223815901589705,7.271839147964649,7.2145805535031435,7.263835430145264,7.263835430145264,7286400
16/05/2017,7.297696254489074,7.326633453369141,7.260139524418676,7.326633453369141,7.326633453369141,7971200
17/05/2017,7.208421709624697,7.233049140765236,6.949219042017945,6.951066017150879,6.951066017150879,24633600
18/05/2017,6.949219202818957,7.1173005200137744,6.9307485116038565,7.069277286529541,7.069277286529541,22795200
19/05/2017,7.119763041564995,7.191182543857951,7.116684436568889,7.132692337036133,7.132692337036133,13368000
22/05/2017,7.161014176610865,7.259523906044634,7.157936041146812,7.252751350402832,7.252751350402832,8078400
23/05/2017,7.296465880883159,7.296465880883159,7.231818920256433,7.2644500732421875,7.2644500732421875,10201600
24/05/2017,7.3100101683779135,7.338946897379847,7.2675278579233105,7.3334059715271,7.3334059715271,10771200
25/05/2017,7.388202718075729,7.492868735356757,7.35618737964495,7.4546966552734375,7.4546966552734375,13491200
26/05/2017,7.457158776616832,7.486095506759694,7.439303898616405,7.480554580688477,7.480554580688477,7923200
30/05/2017,7.470088255883465,7.511338938960772,7.466393835350055,7.494715690612793,7.494715690612793,5656000
31/05/2017,7.542123079332273,7.544585869766504,7.411598004693546,7.485480308532715,7.485480308532715,12798400
01/06/2017,7.518727289939224,7.5507426261901855,7.455927308063026,7.5507426261901855,7.5507426261901855,13092800
02/06/2017,7.600612904803554,7.719439843551426,7.573523149202952,7.71451473236084,7.71451473236084,8580800
05/06/2017,7.716361190444855,7.7409886236636885,7.692349572232025,7.713282585144043,7.713282585144043,7500800
06/06/2017,7.695428423492354,7.744067479447537,7.632628909186615,7.656640529632568,7.656640529632568,11993600
07/06/2017,7.689886966395405,7.723749276870495,7.624624196340645,7.711435794830322,7.711435794830322,12206400
08/06/2017,7.746530025613128,7.7508397914616,7.6437109905643945,7.729290962219238,7.729290962219238,14518400
09/06/2017,7.743451158169981,7.761921851026732,7.1351560304232855,7.340794563293457,7.340794563293457,39006400
12/06/2017,7.2182731940660885,7.284151309517636,7.074819296124913,7.259524345397949,7.259524345397949,40088000
13/06/2017,7.3401791002496966,7.396821872123681,7.266296795009094,7.377120018005371,7.377120018005371,23492800
14/06/2017,7.437456933240173,7.437456933240173,7.194877481795419,7.311241626739502,7.311241626739502,21617600
15/06/2017,7.1634771468077965,7.261986408987487,7.074203230710717,7.242900371551514,7.242900371551514,27932800
16/06/2017,7.24166933554071,7.244132125853612,7.129614959814341,7.190567493438721,7.190567493438721,17182400
19/06/2017,7.318631090079771,7.435610597781282,7.300160394269371,7.421450138092041,7.421450138092041,18313600
20/06/2017,7.406673133081554,7.425143357341728,7.301390834962742,7.3075480461120605,7.3075480461120605,13609600
21/06/2017,7.337532780904199,7.453288404533062,7.328912741241232,7.450209617614746,7.450209617614746,18323200
22/06/2017,7.469296709080307,7.499467317366355,7.407109347791679,7.444668292999268,7.444668292999268,15884800
23/06/2017,7.428660918749691,7.520403055174207,7.387407796906918,7.499468803405762,7.499468803405762,11470400
26/06/2017,7.583821480974765,7.611529156814277,7.399721372470898,7.43235445022583,7.43235445022583,20366400
27/06/2017,7.374476492386776,7.3911011915260865,7.160822097420912,7.1626691818237305,7.1626691818237305,32388800
28/06/2017,7.211926321803398,7.376939257827986,7.130651321657375,7.362162113189697,7.362162113189697,24598400
29/06/2017,7.299359462022994,7.3042848641129465,6.969333564389426,7.10910177230835,7.10910177230835,39684800
30/06/2017,7.150970520627547,7.184835301323645,7.06907966531297,7.1004815101623535,7.1004815101623535,19865600
03/07/2017,7.174983525493874,7.194686542421518,6.9545557006579335,6.964407444000244,6.964407444000244,14022400
05/07/2017,7.003812819937022,7.137423905606465,6.959480918574993,7.099864959716797,7.099864959716797,15768000
06/07/2017,6.990267158922131,7.051223290595878,6.921306838566198,6.9699482917785645,6.9699482917785645,21062400
07/07/2017,7.016127756678132,7.157743515204322,7.016127756678132,7.115258693695068,7.115258693695068,13872000
10/07/2017,7.130035321960263,7.247637557013522,7.0949393128886,7.213773250579834,7.213773250579834,14107200
11/07/2017,7.189144160928547,7.27041915172035,7.140502242762383,7.25317907333374,7.25317907333374,15385600
12/07/2017,7.37632429728877,7.441590453777462,7.348000769626183,7.4286603927612305,7.4286603927612305,13705600
13/07/2017,7.442205397280193,7.492078550795288,7.414497724405308,7.459445476531982,7.459445476531982,11862400
14/07/2017,7.521017929615446,7.593057038058606,7.477301877404034,7.572738170623779,7.572738170623779,13230400
17/07/2017,7.588132128034755,7.632464037234242,7.552420729852516,7.580743789672852,7.580743789672852,6811200
18/07/2017,7.569660612089501,7.684184551239014,7.524097001197239,7.684184551239014,7.684184551239014,7520000
19/07/2017,7.7260532796668695,7.793782372679699,7.722358640943159,7.772847652435303,7.772847652435303,7757600
20/07/2017,7.812254059004448,7.819642867046465,7.721127775271297,7.792551040649414,7.792551040649414,9481600
21/07/2017,7.728516439278181,7.782700094355877,7.702656314676752,7.781468391418457,7.781468391418457,5974400
24/07/2017,7.781467311939666,7.865205249300497,7.76299599825408,7.850428104400635,7.850428104400635,6931200
25/07/2017,7.799939598083492,7.849197377266956,7.77161653946795,7.8171796798706055,7.8171796798706055,6710400
26/07/2017,7.854123740260492,7.871363824156774,7.830726550652262,7.865206718444824,7.865206718444824,5128800
27/07/2017,7.967414890713447,7.980960803267411,7.584437519020691,7.772847652435303,7.772847652435303,22096000
28/07/2017,7.670638068585113,7.77654195883734,7.646009180426484,7.751913070678711,7.751913070678711,9999200
31/07/2017,7.792550948523358,7.812253966645456,7.652166885683784,7.682952880859375,7.682952880859375,9078400
01/08/2017,7.730977495070809,7.740829237145901,7.675563090047626,7.716200351715088,7.716200351715088,6574400
02/08/2017,7.818411704233031,7.820874170512171,7.617686879977959,7.758070945739746,7.758070945739746,11362400
03/08/2017,7.777774070370006,7.777774070370006,7.673101871069106,7.706350803375244,7.706350803375244,10845600
04/08/2017,7.728515704041553,7.760533400770077,7.664481250098479,7.726053237915039,7.726053237915039,8856000
07/08/2017,7.751912977649864,7.823336235720089,7.733441194313325,7.819642066955566,7.819642066955566,6524800
08/08/2017,7.791318710529727,7.919388076927207,7.750680976655806,7.797475814819336,7.797475814819336,12042400
09/08/2017,7.671868146953582,7.7802349566877025,7.632462119733337,7.775309085845947,7.775309085845947,17067200
10/08/2017,7.690340812565812,7.69649791694798,7.426812799050626,7.437895774841309,7.437895774841309,24116800
11/08/2017,7.461294405554533,7.585669629305928,7.426814238525838,7.549958229064941,7.549958229064941,15600000
14/08/2017,7.669407019355608,7.770385046629508,7.668175786233394,7.74575662612915,7.74575662612915,13187200
15/08/2017,7.780236494299766,7.786393599190342,7.71620156997239,7.755607604980469,7.755607604980469,9633600
16/08/2017,7.790088805271361,7.8565866743592565,7.733442681125547,7.785163402557373,7.785163402557373,11654400
17/08/2017,7.726052756475994,7.745755772559246,7.464987206176712,7.467450141906738,7.467450141906738,19133600
18/08/2017,7.472377553661361,7.55488380371809,7.393565473082679,7.44774866104126,7.44774866104126,19329600
21/08/2017,7.455135337634831,7.483458391632772,7.34061141899794,7.439126491546631,7.439126491546631,11562400
22/08/2017,7.5130132960385465,7.675563766300602,7.509319127313372,7.660786151885986,7.660786151885986,10056800
23/08/2017,7.58320607127505,7.638620483235079,7.570891392139618,7.602909088134766,7.602909088134766,9434400
24/08/2017,7.638621170718263,7.654630020156649,7.473608213507955,7.563503265380859,7.563503265380859,11104000
25/08/2017,7.615223089360806,7.653397889001723,7.5080879674743155,7.529022216796875,7.529022216796875,12544000
28/08/2017,7.570891491756208,7.606603357083388,7.524096649939797,7.567197322845459,7.567197322845459,6819200
29/08/2017,7.442821692587838,7.655860713330528,7.425581611219537,7.630000591278076,7.630000591278076,7864800
30/08/2017,7.644776666720643,7.831955057952504,7.63369369239378,7.812252044677734,7.812252044677734,12700800
31/08/2017,7.850428282321943,7.976034721452954,7.844271177620537,7.957563877105713,7.957563877105713,10594400
01/09/2017,7.996971381301425,8.01790563508677,7.912001723624979,7.956333637237549,7.956333637237549,7959200
05/09/2017,7.900917828543307,7.939092159866556,7.692804211687735,7.80979061126709,7.80979061126709,16024800
06/09/2017,7.854123083025636,7.8922974170995195,7.744525013350138,7.8553547859191895,7.8553547859191895,8940800
07/09/2017,7.886140600130267,7.932934974353814,7.834419884202921,7.893528938293457,7.893528938293457,7624000
08/09/2017,7.871361693520739,7.877519267322999,7.739597693971532,7.759300708770752,7.759300708770752,7356000
11/09/2017,7.873826371507741,7.958795553552982,7.873826371507741,7.926778793334961,7.926778793334961,7383200
12/09/2017,7.979727998302178,7.993273907390355,7.898452543773117,7.9711079597473145,7.9711079597473145,10645600
13/09/2017,7.9452476812047665,7.994505451839032,7.91815679989406,7.993274688720703,7.993274688720703,5560800
14/09/2017,7.932933904245171,7.9772658062721975,7.888602002218145,7.89722204208374,7.89722204208374,7819200
15/09/2017,7.898455116391172,8.009284890704912,7.870132056234777,7.9477128982543945,7.9477128982543945,7004000
18/09/2017,7.963719876975644,8.017903521443836,7.882445349787235,7.930471420288086,7.930471420288086,6916000
19/09/2017,7.960026343180694,7.978498127041889,7.903380228316594,7.957563877105713,7.957563877105713,4793600
20/09/2017,7.952637947994991,7.96495215730885,7.783930367901884,7.910768508911133,7.910768508911133,10851200
21/09/2017,7.897222317721797,7.897222317721797,7.755607036589244,7.807327747344971,7.807327747344971,8819200
22/09/2017,7.758071278794411,7.813486167594349,7.743294131700106,7.795014381408691,7.795014381408691,5692800
25/09/2017,7.729748273270667,7.739599548151889,7.552421097595313,7.632464408874512,7.632464408874512,12168000
26/09/2017,7.7038875245546015,7.735904752522885,7.615223709016275,7.669406890869141,7.669406890869141,8515200
27/09/2017,7.746987028540132,7.862742189653196,7.7088122292468535,7.806096076965332,7.806096076965332,12598400
28/09/2017,7.770385385337807,7.813486062606197,7.73221105004404,7.798708915710449,7.798708915710449,8776800
29/09/2017,7.8270311181749594,7.920620331263001,7.788856317309625,7.908306121826172,7.908306121826172,9125600
02/10/2017,7.934165908628836,7.987117852534874,7.854122141396837,7.919388294219971,7.919388294219971,8859200
03/10/2017,7.940324225302396,7.973572686438836,7.909538230374061,7.958795070648193,7.958795070648193,6309600
04/10/2017,7.928008756751029,8.004358359326558,7.913232081068904,7.969878196716309,7.969878196716309,6527200
05/10/2017,8.025294598885617,8.132430221707953,8.010517919540606,8.127504348754883,8.127504348754883,8244800
06/10/2017,8.070854873707672,8.145972760955887,8.070854873707672,8.14474105834961,8.14474105834961,7084000
09/10/2017,8.171833310016465,8.182915815516614,8.109029626974039,8.129963874816895,8.129963874816895,4552000
10/10/2017,8.181688086342923,8.198928172078803,8.067164122803604,8.141050338745117,8.141050338745117,6088000
11/10/2017,8.133659596366188,8.190305709838867,8.112724407430296,8.190305709838867,8.190305709838867,4819200
12/10/2017,8.161981661413668,8.222321939806491,8.141047413330385,8.15951919555664,8.15951919555664,6525600
13/10/2017,8.223553801010379,8.238331414979013,8.205082018428056,8.2186279296875,8.2186279296875,4937600
16/10/2017,8.256804384683637,8.277738636180276,8.227249152497063,8.275275230407715,8.275275230407715,5237600
17/10/2017,8.26911852780089,8.296210353994727,8.243258404483322,8.293746948242188,8.293746948242188,4802400
18/10/2017,8.309756334625385,8.31221880088392,8.251878512652542,8.275275230407715,8.275275230407715,4096800
19/10/2017,8.185380566020173,8.213703155517578,8.097948452266511,8.213703155517578,8.213703155517578,8650400
20/10/2017,8.282665101058239,8.292515906311495,8.235869783170383,8.255573272705078,8.255573272705078,5980800
23/10/2017,8.28882254194434,8.29005424503841,8.126272495551987,8.148438453674316,8.148438453674316,10334400
24/10/2017,8.173066425215081,8.208778292743974,8.115188603341153,8.17922306060791,8.17922306060791,10473600
25/10/2017,8.142278575932039,8.196461276817505,7.992042801744092,8.112723350524902,8.112723350524902,9878400
26/10/2017,8.105336400955174,8.141048266464633,8.05731032584238,8.065930366516113,8.065930366516113,7840000
27/10/2017,8.32329977263967,8.558505186279614,8.304828930323529,8.521561622619629,8.521561622619629,13812000
30/10/2017,8.323300296347739,8.632391917242071,8.323300296347739,8.568357467651367,8.568357467651367,8524000
31/10/2017,8.620077799572936,8.654557960449,8.572051726993573,8.629929542541504,8.629929542541504,5910400
01/11/2017,8.693966507858267,8.707512423480221,8.560970757850471,8.626237869262695,8.626237869262695,8323200
02/11/2017,8.602838518335812,8.61022685649165,8.474768666388552,8.586830139160156,8.586830139160156,8817600
03/11/2017,8.655788537345309,8.756766540854171,8.59298485848193,8.749378204345703,8.749378204345703,10007200
06/11/2017,8.740759209155287,8.818339570301012,8.734601634986968,8.810951232910156,8.810951232910156,4132000
07/11/2017,8.79986653527846,8.844198432343944,8.761692211505204,8.82080078125,8.82080078125,7084800
08/11/2017,8.817106869762446,8.897150627322782,8.79617262318147,8.89345645904541,8.89345645904541,4901600
09/11/2017,8.749381133103723,8.807258020983369,8.617617097351298,8.794943809509277,8.794943809509277,10623200
10/11/2017,8.758000160732694,8.810952109501082,8.72721416585605,8.797406196594238,8.797406196594238,5646400
13/11/2017,8.730909199029224,8.83927557349514,8.730909199029224,8.815877914428711,8.815877914428711,4464800
14/11/2017,8.74937944461488,8.772776160046233,8.669335676209263,8.755536079406738,8.755536079406738,7810400
15/11/2017,8.679187251791513,8.714898175631324,8.579439999143556,8.664409637451172,8.664409637451172,8024000
16/11/2017,8.759228700730294,8.9291679506028,8.757997937697715,8.889761924743652,8.889761924743652,9411200
17/11/2017,8.89345953258198,8.904542041244158,8.806027408250781,8.822035789489746,8.822035789489746,5201600
20/11/2017,8.835581183050113,8.847895394008692,8.783860933315635,8.807257652282715,8.807257652282715,4398400
21/11/2017,8.88360555403465,9.003055350327484,8.88237385132158,8.99443531036377,8.99443531036377,5812800
22/11/2017,9.014139031278752,9.033842519200855,8.979658866929087,9.019064903259277,9.019064903259277,4404000
24/11/2017,9.03384245980918,9.08679440885919,9.026454121643974,9.085562705993652,9.085562705993652,4624800
27/11/2017,9.075711250305176,9.11388652423706,9.033842746687414,9.075711250305176,9.075711250305176,7015200
28/11/2017,9.116349075969385,9.129894989505384,9.016602748580702,9.121274948120117,9.121274948120117,11962400
29/11/2017,9.096645266192134,9.096645266192134,8.717361618776497,8.808487892150879,8.808487892150879,19259200
30/11/2017,8.874985863050673,8.979658049444218,8.835579830307907,8.950103759765625,8.950103759765625,13880000
01/12/2017,8.83434751764618,8.95749147890503,8.608994782573015,8.873753547668457,8.873753547668457,17671200
04/12/2017,8.98581531927592,8.995667062006293,8.649631879834665,8.66933536529541,8.66933536529541,17936000
05/12/2017,8.65332501816444,8.872522040003805,8.594216447847812,8.671796798706055,8.671796798706055,14808800
06/12/2017,8.607762894452582,8.78016462440356,8.590522815408868,8.750609397888184,8.750609397888184,10258400
07/12/2017,8.753071950856647,8.862669988182635,8.732137705415447,8.812180519104004,8.812180519104004,9636800
08/12/2017,8.939018752432261,8.982119885930443,8.861438403260314,8.889761924743652,8.889761924743652,8942400
11/12/2017,8.895920200365373,9.030147617278317,8.894689437105631,9.027684211730957,9.027684211730957,7212800
12/12/2017,9.019064460295384,9.053544622951586,8.96488175019877,9.001824378967285,9.001824378967285,6592800
13/12/2017,9.070785655120607,9.091719905400304,9.010444430882938,9.033842086791992,9.033842086791992,7186400
14/12/2017,9.068323130259463,9.10772916853081,9.001825264517679,9.020297050476074,9.020297050476074,7492000
15/12/2017,9.090488022748026,9.244417988548769,9.06093373237819,9.217326164245605,9.217326164245605,10990400
18/12/2017,9.342933144666846,9.394653385490422,9.312147152817492,9.376181602478027,9.376181602478027,9395200
19/12/2017,9.342934369500707,9.358942749136018,9.217326980160758,9.270278930664062,9.270278930664062,9002400
20/12/2017,9.334315504766717,9.336777971361746,9.17299622712481,9.246882438659668,9.246882438659668,11491200
21/12/2017,9.267816166227295,9.328156453157396,9.225946724622938,9.248112678527832,9.248112678527832,6385600
22/12/2017,9.21609468286033,9.230872298157237,9.176688648249218,9.225946426391602,9.225946426391602,6430400
26/12/2017,9.129892937019775,9.14713301591458,9.057238453036502,9.126198768615723,9.126198768615723,5585600
27/12/2017,9.11881182873891,9.174226242316438,9.106496679487032,9.127431869506836,9.127431869506836,4949600
28/12/2017,9.177922244340055,9.18161641404784,9.124970286328724,9.145904541015625,9.145904541015625,6582400
29/12/2017,9.160680827605455,9.161912530500379,9.023990931203967,9.03014850616455,9.03014850616455,9567200
02/01/2018,9.120043353679483,9.35155464994727,9.080637315518976,9.342934608459473,9.342934608459473,10641600
03/01/2018,9.366327880554278,9.543655456782759,9.362633712635136,9.52518367767334,9.52518367767334,10131200
04/01/2018,9.597841905494503,9.61754445334415,9.538732382917585,9.559666633605957,9.559666633605957,8392000
05/01/2018,9.647099801804517,9.764087156936673,9.616313804061438,9.749309539794922,9.749309539794922,9568800
08/01/2018,9.755467348135445,9.836741895570897,9.744383900135908,9.821965217590332,9.821965217590332,9283200
09/01/2018,9.866296394373881,9.883536477074225,9.769012533699625,9.830584526062012,9.830584526062012,9404000
10/01/2018,9.732068657826785,9.782558140950176,9.649562416127308,9.776400566101074,9.776400566101074,10728800
11/01/2018,9.814573758660032,9.911857604980469,9.783787767021181,9.911857604980469,9.911857604980469,11340800
12/01/2018,9.892154737761441,10.076870681598328,9.872451252785513,10.052241325378418,10.052241325378418,10579200
16/01/2018,10.185235817148751,10.292371390037044,9.941411326456448,9.995594024658203,9.995594024658203,19343200
17/01/2018,10.090419038206031,10.244349028710692,9.998061043903235,10.211099624633789,10.211099624633789,12359200
18/01/2018,10.182773593476496,10.262816409894745,10.132284122676028,10.214790344238281,10.214790344238281,10056000
19/01/2018,10.280061721801758,10.310847722366011,10.180314441103937,10.280061721801758,10.280061721801758,10224000
22/01/2018,10.266514582080918,10.498024940490723,10.249274498981999,10.498024940490723,10.498024940490723,9268000
23/01/2018,10.565753730528945,10.691360175205931,10.554670283917272,10.669194221496582,10.669194221496582,10878400
24/01/2018,10.713528120621099,10.764017612156346,10.411825693029966,10.538663864135742,10.538663864135742,22814400
25/01/2018,10.669193229074535,10.680276674655254,10.454922989491038,10.525115013122559,10.525115013122559,12841600
26/01/2018,10.638410495600306,10.834209951707715,10.600236154770881,10.832978248596191,10.832978248596191,9285600
29/01/2018,10.792338141288075,10.837901751307799,10.69259181989554,10.735692024230957,10.735692024230957,13812000
30/01/2018,10.539892938849443,10.648260243994454,10.451230061249916,10.5632905960083,10.5632905960083,14988800
31/01/2018,10.679045378564815,10.717219709156,10.512801204634954,10.640871047973633,10.640871047973633,11579200
01/02/2018,10.48201421100982,10.682738527538584,10.397044577984966,10.464774131774902,10.464774131774902,12460800
02/02/2018,10.385960216248916,10.427829647490567,10.030074278506854,10.041157722473145,10.041157722473145,31801600
05/02/2018,9.852750082115541,10.182775985401118,9.243186818690784,9.264122009277344,9.264122009277344,34402400
06/02/2018,8.989510390394182,9.764086124445168,8.898384109774652,9.735762596130371,9.735762596130371,32716000
07/02/2018,9.681580587937201,9.892156692786557,9.48701286315918,9.48701286315918,9.48701286315918,20606400
08/02/2018,9.533805762705253,9.555971714492395,8.689038068337554,8.696427345275879,8.696427345275879,23687200
09/02/2018,8.935327106432542,9.11265474260888,8.309756386781407,8.982122421264648,8.982122421264648,38595200
12/02/2018,9.169299751281525,9.42790189636892,9.02522153409891,9.309683799743652,9.309683799743652,21568800
13/02/2018,9.206244635535223,9.436523287543732,9.169301064013425,9.393423080444336,9.393423080444336,11773600
14/02/2018,9.287519012970092,9.78009494712302,9.285056546685503,9.753003120422363,9.753003120422363,20396000
15/02/2018,9.921708976650349,10.103962453720971,9.7197529542151,10.102730751037598,10.102730751037598,22069600
16/02/2018,10.047315231182075,10.236957042054748,9.986974953931542,10.027612686157227,10.027612686157227,18961600
20/02/2018,9.950032550485885,10.227106466241215,9.937717402618993,10.052241325378418,10.052241325378418,14119200
21/02/2018,10.147063510371954,10.35271371872991,9.990670139346863,9.993133544921875,9.993133544921875,19419200
22/02/2018,10.091648303033804,10.190163858132513,9.945107612704776,10.004216194152832,10.004216194152832,16747200
23/02/2018,10.14706388725134,10.399508476257324,10.0744084523131,10.399508476257324,10.399508476257324,13585600
26/02/2018,10.49556299739802,10.672889709472656,10.485711252417731,10.672889709472656,10.672889709472656,13797600
27/02/2018,10.683969529270684,10.718449685478419,10.406895637512207,10.406895637512207,10.406895637512207,26056000
28/02/2018,10.533735722487114,10.59900187884205,10.267744285817228,10.27636432647705,10.27636432647705,15216000
01/03/2018,10.291140045107888,10.381035543576674,9.761620674979524,9.951262474060059,9.951262474060059,31126400
02/03/2018,9.70005158540936,10.159379077067832,9.636017124612824,10.124898910522461,10.124898910522461,19491200
05/03/2018,10.032539233712235,10.399507732605949,9.958653040738206,10.344093322753906,10.344093322753906,18609600
06/03/2018,10.446304309628117,10.506644598270316,10.30961441325515,10.43029499053955,10.43029499053955,18846400
07/03/2018,10.27267042729078,10.498024132689947,10.241884432766764,10.477089881896973,10.477089881896973,16130400
08/03/2018,10.560827696320237,10.61008547486322,10.483246389772992,10.594076156616211,10.594076156616211,11268800
09/03/2018,10.75047048596622,10.996758460998535,10.71598938026988,10.996758460998535,10.996758460998535,15151200
12/03/2018,11.066950362136758,11.1728542652779,11.018924282748806,11.097736358642578,11.097736358642578,15638400
13/03/2018,11.212257830066712,11.265209769957341,10.76278219232261,10.82435417175293,10.82435417175293,20951200
14/03/2018,10.927794421316518,10.947497905295334,10.719681773994768,10.815733909606934,10.815733909606934,17603200
15/03/2018,10.834209427447865,10.921641553851243,10.713527895241675,10.786182403564453,10.786182403564453,15205600
16/03/2018,10.824356352150888,10.87607659980727,10.71968415393753,10.734460830688477,10.734460830688477,12656000
19/03/2018,10.542355696618115,10.542355696618115,10.086723368307464,10.278827667236328,10.278827667236328,23240000
20/03/2018,10.267744892630933,10.382268833601948,10.21233047647342,10.336706161499023,10.336706161499023,10019200
21/03/2018,10.287449324655364,10.472165314814216,10.15691699225429,10.240654945373535,10.240654945373535,15803200
22/03/2018,9.966043297345237,10.102733203450871,9.716061144228444,9.73083782196045,9.73083782196045,26274400
23/03/2018,9.71605823819375,9.767778473814644,9.213630676269531,9.213630676269531,9.213630676269531,25210400
26/03/2018,9.590451916083346,9.931561234512554,9.297369609659487,9.90693187713623,9.90693187713623,24511200
27/03/2018,10.049781127959706,10.05224359438059,9.097877669136269,9.253039360046387,9.253039360046387,25253600
28/03/2018,9.16437484821555,9.33677660966281,8.910698547787476,9.051082611083984,9.051082611083984,31148800
29/03/2018,9.152061262704608,9.559667567333836,8.97965948948964,9.38357162475586,9.38357162475586,18369600
02/04/2018,9.246880514012553,9.33308185912305,8.647169964689567,8.844200134277344,8.844200134277344,24124000
03/04/2018,9.005518559138192,9.11142245286532,8.718593811239966,9.033842086791992,9.033842086791992,24143200
04/04/2018,8.690270955190572,9.374951208886555,8.665642534077467,9.267816543579102,9.267816543579102,27109600
05/04/2018,9.499325293562183,9.533805453108286,9.289980930881484,9.418050765991211,9.418050765991211,24580000
06/04/2018,9.22348262205797,9.400809282323188,8.863902490962744,8.963648796081543,8.963648796081543,20556000
09/04/2018,9.108961834552565,9.435293622606949,9.046158131459432,9.068324089050293,9.068324089050293,15968000
10/04/2018,9.355249405419231,9.535039524511703,9.229642004996224,9.467309951782227,9.467309951782227,16132800
11/04/2018,9.366331988861713,9.568288066143262,9.346629438146357,9.368795394897461,9.368795394897461,13467200
12/04/2018,9.488244576333408,9.653257067984532,9.469772790376355,9.583065032958984,9.583065032958984,13984000
13/04/2018,9.687736541960136,9.71113419846853,9.41312599663254,9.493168830871582,9.493168830871582,13190400
16/04/2018,9.616313136591597,9.702514487997423,9.505484304020431,9.627396583557129,9.627396583557129,8600800
17/04/2018,9.825657320221415,10.089185336600679,9.793639625475043,10.03746509552002,10.03746509552002,10188800
18/04/2018,10.055938349893525,10.158147144264868,9.952496913083928,10.084260940551758,10.084260940551758,9190400
19/04/2018,9.991903741678053,10.03130978274413,9.831816171370418,9.913091659545898,9.913091659545898,12736800
20/04/2018,9.849055286838398,9.861369496126722,9.51902940453601,9.590452194213867,9.590452194213867,16163200
23/04/2018,9.677883919554588,9.751771051396187,9.43282768818742,9.538731575012207,9.538731575012207,13684800
24/04/2018,9.626163706854,9.655718935482103,9.007981403848495,9.133587837219238,9.133587837219238,21473600
25/04/2018,9.165605179300144,9.228408863327042,8.90330887703256,9.161911010742188,9.161911010742188,17077600
26/04/2018,9.388496004003542,9.59537791105778,9.328155721804286,9.531343460083008,9.531343460083008,13362400
27/04/2018,9.810878877616538,9.815804748662755,9.440216241648644,9.547350883483887,9.547350883483887,17289600
30/04/2018,9.592916234057043,9.708670936437645,9.363868355996733,9.40820026397705,9.40820026397705,15795200
01/05/2018,9.363867965534231,9.627395996698418,9.318304356589408,9.615081787109375,9.615081787109375,15316000
02/05/2018,9.65941582223526,9.716061950441183,9.489476498103311,9.511642456054688,9.511642456054688,12085600
03/05/2018,9.419284172101904,9.574445873109504,9.20378217495796,9.505485534667969,9.505485534667969,18940000
04/05/2018,9.426668268874296,9.90939225163178,9.409428193741073,9.863828659057617,9.863828659057617,12237600
07/05/2018,9.958654043962412,10.091648828907854,9.9426447252041,10.018994331359863,10.018994331359863,11336000
08/05/2018,9.983281214225647,10.047315662698905,9.861368951826503,9.996827125549316,9.996827125549316,11168000
09/05/2018,10.048548151192849,10.239421687851356,9.97466195424935,10.228338241577148,10.228338241577148,10900000
10/05/2018,10.28868001942086,10.448766631495811,10.275134106308839,10.435220718383789,10.435220718383789,13800800
11/05/2018,10.394583556386397,10.462312180072638,10.321928121361248,10.415517807006836,10.415517807006836,11444800
14/05/2018,10.459847369870527,10.57929715119284,10.414283770336247,10.446301460266113,10.446301460266113,11264800
15/05/2018,10.281290557439029,10.291142301255606,10.105194629652226,10.216024398803711,10.216024398803711,18564800
16/05/2018,10.243116469655671,10.39581474441061,10.232033022718301,10.352714538574219,10.352714538574219,10063200
17/05/2018,10.28129101069258,10.42537018669828,10.169230473259304,10.26528263092041,10.26528263092041,10403200
18/05/2018,10.19385630100133,10.256659980230634,10.132284324368547,10.15937614440918,10.15937614440918,7439200
21/05/2018,10.315771764124014,10.408129757834562,10.188933603083782,10.277597427368164,10.277597427368164,11191200
22/05/2018,10.368722680202332,10.399508675024208,10.209867773693773,10.248042106628418,10.248042106628418,7474400
23/05/2018,10.090417212877657,10.419211387634277,10.089185510112483,10.419211387634277,10.419211387634277,10725600
24/05/2018,10.411823337544165,10.445071797010412,10.201246316040091,10.4093599319458,10.4093599319458,10844000
25/05/2018,10.40566796426118,10.505414303274065,10.368724388582402,10.431528091430664,10.431528091430664,8568800
29/05/2018,10.329315407755322,10.452459372299675,10.214791483148518,10.337935447692871,10.337935447692871,12250400
30/05/2018,10.41182358077144,10.520189941782006,10.365028268448937,10.482015609741211,10.482015609741211,8212800
31/05/2018,10.473396445635448,10.606391237253396,10.416749384975695,10.468470573425293,10.468470573425293,13189600
01/06/2018,10.570677755913298,10.805883185621132,10.566983587197704,10.797263145446777,10.797263145446777,9189600
04/06/2018,10.850216300974603,10.996757939818137,10.83790209070942,10.981980323791504,10.981980323791504,8380000
05/06/2018,11.033700366698751,11.095272356400768,10.96227663316105,11.053403854370117,11.053403854370117,8060000
06/06/2018,11.084189292166146,11.18516731262207,10.96843365669937,11.18516731262207,11.18516731262207,7833600
07/06/2018,11.186399452422126,11.18763115536975,10.894548801277935,11.01030445098877,11.01030445098877,9358400
08/06/2018,10.883465200008139,11.033701014017247,10.844059161867559,10.999220848083496,10.999220848083496,9008800
11/06/2018,10.9856731993568,11.112511335229636,10.979516564706163,11.058328628540039,11.058328628540039,5928000
12/06/2018,11.089114502951542,11.196249151974884,11.069411017444688,11.175314903259277,11.175314903259277,5282400
13/06/2018,11.211026096775385,11.336632521083871,11.126056464749327,11.165462493896484,11.165462493896484,10618400
14/06/2018,11.265210038754466,11.428990793916535,11.256589999009094,11.398204803466797,11.398204803466797,9347200
15/06/2018,11.31816577911377,11.361265992308217,11.204872582198698,11.31816577911377,11.31816577911377,12302400
18/06/2018,11.172852916542194,11.319393603350612,11.100197485011785,11.304616928100586,11.304616928100586,11745600
19/06/2018,11.013997197879009,11.236887487395485,10.946267637217895,11.235655784606934,11.235655784606934,12672800
20/06/2018,11.33663669583418,11.488104233983284,11.318165846864696,11.395746231079102,11.395746231079102,9612000
21/06/2018,11.44869556678939,11.468398114346616,11.151918134498752,11.193787574768066,11.193787574768066,11680000
22/06/2018,11.271369111128365,11.277526686355742,11.065718875925382,11.12236499786377,11.12236499786377,8013600
25/06/2018,10.942573469557278,10.972127759888094,10.44384000521575,10.638407707214355,10.638407707214355,25484800
26/06/2018,10.717220462519888,10.848984483950487,10.638408390235083,10.728303909301758,10.728303909301758,14937600
27/06/2018,10.815733983165103,10.910554416795012,10.420441993411504,10.4241361618042,10.4241361618042,18160000
28/06/2018,10.399507883883466,10.681507687740448,10.363796959379114,10.613779067993164,10.613779067993164,16586400
29/06/2018,10.71475465221591,10.825584387874509,10.639636772464735,10.647025108337402,10.647025108337402,10381600
02/07/2018,10.46600529291475,10.81327123565964,10.421673390478048,10.807114601135254,10.807114601135254,8789600
03/07/2018,10.87977232955972,10.887161608509127,10.538663859263202,10.554672241210938,10.554672241210938,8424800
05/07/2018,10.696287376379088,10.830513878651177,10.585457594058857,10.816967964172363,10.816967964172363,10808000
06/07/2018,10.86129833072155,11.166695805243611,10.824355701550594,11.143298149108887,11.143298149108887,9174400
09/07/2018,11.260286044942143,11.353874795063199,11.179010565637304,11.350180625915527,11.350180625915527,9883200
10/07/2018,11.380965154330099,11.414214551400859,11.288607179488505,11.367419242858887,11.367419242858887,8161600
11/07/2018,11.193786270790106,11.329244440326013,11.169156914820208,11.25412654876709,11.25412654876709,9681600
12/07/2018,11.350180171628288,11.629717526457906,11.335403495629041,11.623559951782227,11.623559951782227,9515200
13/07/2018,11.627254862527316,11.688826855156053,11.570608742050563,11.646958351135254,11.646958351135254,7636000
16/07/2018,11.655577493552533,11.693751825393548,11.558293639960741,11.596467971801758,11.596467971801758,7059200
17/07/2018,11.34771708955241,11.78364685863526,11.34771708955241,11.741777420043945,11.741777420043945,8197600
18/07/2018,11.733157958491269,11.749167276763275,11.618634022493449,11.690057754516602,11.690057754516602,8352000
19/07/2018,11.614937988198358,11.680204135094794,11.544745970279612,11.575531959533691,11.575531959533691,9615200
20/07/2018,11.646958034394007,11.713455897366307,11.53859072902551,11.56075668334961,11.56075668334961,10312800
23/07/2018,11.48933318296079,11.64449391419579,11.401900134397717,11.633411407470703,11.633411407470703,7251200
24/07/2018,11.878466562721476,11.958510326604461,11.63956697376687,11.73438835144043,11.73438835144043,11300800
25/07/2018,11.743009851774165,12.071804048517702,11.733158108021836,12.055795669555664,12.055795669555664,10581600
26/07/2018,11.727001321674182,11.805813391649096,11.662965927623326,11.706066131591797,11.706066131591797,11900000
27/07/2018,11.8439887301645,11.851377068754301,11.243046410666445,11.383430480957031,11.383430480957031,18134400
30/07/2018,11.379733019087578,11.387121355539662,10.945034080718772,11.057095527648926,11.057095527648926,14644800
31/07/2018,11.132216822721535,11.305849359119948,11.016461172113207,11.183937072753906,11.183937072753906,11528800
01/08/2018,11.275061763209031,11.371113910940599,11.180241318260009,11.302153587341309,11.302153587341309,9388800
02/08/2018,11.142066499254193,11.635873128333923,11.132214756453555,11.610013008117676,11.610013008117676,12026400
03/08/2018,11.64079799723633,11.680204025531358,11.553365901316543,11.676509857177734,11.676509857177734,8567200
06/08/2018,11.670352773638493,11.821820259094238,11.633410149037141,11.821820259094238,11.821820259094238,10143200
07/08/2018,11.876005171385208,11.943733793480513,11.829209859904633,11.892013549804688,11.892013549804688,7208800
08/08/2018,11.86492063070746,11.970824513901832,11.80088618342229,11.912946701049805,11.912946701049805,6814400
09/08/2018,11.914179659566106,12.000380066827143,11.878467793839683,11.903097152709961,11.903097152709961,6632800
10/08/2018,11.747934039803102,11.819357762499239,11.640798455758896,11.725768089294434,11.725768089294434,12099200
13/08/2018,11.762711815814512,11.91664178112545,11.688825620368052,11.704834938049316,11.704834938049316,9997600
14/08/2018,11.789802787916809,11.87354072057431,11.665428061384867,11.84644889831543,11.84644889831543,6780800
15/08/2018,11.667893696648479,11.73069739807962,11.410523194306606,11.561989784240723,11.561989784240723,13655200
16/08/2018,11.73069452258516,11.777488891672963,11.582921198941634,11.626022338867188,11.626022338867188,8097600
17/08/2018,11.563220833936303,11.69005899314988,11.426530930052095,11.632181167602539,11.632181167602539,9157600
20/08/2018,11.688825886766622,11.69128929239555,11.521350005530284,11.61493968963623,11.61493968963623,9772800
21/08/2018,11.683900036038661,11.834135836198605,11.666659954661027,11.69498348236084,11.69498348236084,10044000
22/08/2018,11.639567491097395,11.80950676894351,11.61493907319902,11.781183242797852,11.781183242797852,5916800
23/08/2018,11.744242588838883,11.908023380452688,11.710993185625274,11.746705055236816,11.746705055236816,9630400
24/08/2018,11.819357477063495,11.983138226824298,11.819357477063495,11.962203979492188,11.962203979492188,6557600
27/08/2018,12.090274330677877,12.203566551208496,12.048404894690723,12.203566551208496,12.203566551208496,8938400
28/08/2018,12.272527169579597,12.293461416724858,12.190020004601157,12.241741180419922,12.241741180419922,6043200
29/08/2018,12.277454210881272,12.53605731587303,12.273760041869503,12.52497386932373,12.52497386932373,6626400
30/08/2018,12.473253759434872,12.623489564303124,12.393209985093621,12.47202205657959,12.47202205657959,8798400
31/08/2018,12.44000538268426,12.575464522492688,12.415376960635863,12.501577377319336,12.501577377319336,5545600
04/09/2018,12.432613355753945,12.464631046529862,12.263905802277007,12.400595664978027,12.400595664978027,6148000
05/09/2018,12.355036319855461,12.355036319855461,11.995456106830249,12.079193115234375,12.079193115234375,11512000
06/09/2018,12.085349992819859,12.112441818452428,11.696215508727848,11.861227989196777,11.861227989196777,14222400
07/09/2018,11.69005726750382,11.968362906525025,11.677743058240356,11.787341117858887,11.787341117858887,13063200
10/09/2018,11.89570874594647,11.911718065262379,11.714686937935213,11.84152603149414,11.84152603149414,7935200
11/09/2018,11.741776353042232,12.061950459910904,11.687593649719561,12.021313667297363,12.021313667297363,8543200
12/09/2018,11.975750988580188,12.005305278084506,11.749166536523862,11.957279205322266,11.957279205322266,11160800
13/09/2018,12.091507341882044,12.249131481332535,12.091507341882044,12.191253662109375,12.191253662109375,8707200
14/09/2018,12.22080506257563,12.257748622557795,12.036089141692326,12.127216339111328,12.127216339111328,10212800
17/09/2018,12.087813754016338,12.103822133490926,11.759018607231578,11.784878730773926,11.784878730773926,9657600
18/09/2018,11.799655088571237,12.087812464983175,11.792266751065316,11.973288536071777,11.973288536071777,6864000
19/09/2018,11.973289922450235,12.031166805471344,11.802118921127262,11.958512306213379,11.958512306213379,5288800
20/09/2018,12.11490500336718,12.24790073371861,12.060722288401601,12.207262992858887,12.207262992858887,9399200
21/09/2018,12.289768603405989,12.316859487661901,12.05333146655984,12.082886695861816,12.082886695861816,7732000
24/09/2018,11.90802169570042,12.155541342050023,11.8082753791999,12.141995429992676,12.141995429992676,8125600
25/09/2018,12.130912285179646,12.198640902388613,12.053330985749113,12.180170059204102,12.180170059204102,4893600
26/09/2018,12.193716207339452,12.422764080062173,12.149385239906204,12.188791275024414,12.188791275024414,7184000
27/09/2018,12.288538148637278,12.484336630199595,12.281149810318407,12.395673751831055,12.395673751831055,7039200
28/09/2018,12.321785584089085,12.457244705410488,12.288537124909983,12.3981351852417,12.3981351852417,5012800
01/10/2018,12.53236189959229,12.622257414565096,12.380895336745333,12.438773155212402,12.438773155212402,8796800
02/10/2018,12.40921915918636,12.574232590348014,12.327944616296758,12.38089656829834,12.38089656829834,5109600
03/10/2018,12.490495976307063,12.54591040058448,12.373509551937333,12.416609764099121,12.416609764099121,5771200
04/10/2018,12.304544850998747,12.318090762412993,11.757786281105385,11.935112953186035,11.935112953186035,14784800
05/10/2018,11.926493726808156,12.005305795223858,11.414215282106088,11.649419784545898,11.649419784545898,17824800
08/10/2018,11.533665712333958,11.701140662154236,11.2233423540617,11.499184608459473,11.499184608459473,15397600
09/10/2018,11.51272959133329,11.744240858214967,11.458546882936378,11.56321907043457,11.56321907043457,12202400
10/10/2018,11.425296644869304,11.437610853167426,10.522651177860281,10.555900573730469,10.555900573730469,37497600
11/10/2018,10.462313491800778,10.750470922846104,10.064558922087432,10.291143417358398,10.291143417358398,37673600
12/10/2018,10.826818840236243,10.92164023397789,10.451230253006939,10.862530708312988,10.862530708312988,25358400
15/10/2018,10.783717249072396,10.818197409818605,10.515263361030456,10.586687088012695,10.586687088012695,20704800
16/10/2018,10.807114859973224,11.261515461561778,10.773865462592406,11.202406883239746,11.202406883239746,14580800
17/10/2018,11.324318264365196,11.331706601200395,10.986904082526149,11.215951919555664,11.215951919555664,15159200
18/10/2018,11.124825666841303,11.133446646572393,10.601463800550802,10.714756965637207,10.714756965637207,19958400
19/10/2018,10.848982232363332,11.04724407479604,10.59530598606396,10.674118041992188,10.674118041992188,21019200
22/10/2018,10.798497555055361,10.942575808163147,10.617475726503152,10.786182403564453,10.786182403564453,14622400
23/10/2018,10.394582327668905,10.80588271153444,10.148294402619687,10.715987205505371,10.715987205505371,30164800
24/10/2018,10.68150887466761,10.708600701382535,9.685274498285395,9.720986366271973,9.720986366271973,24856000
25/10/2018,10.025152245888934,10.507876440453408,9.931562554448378,10.37734317779541,10.37734317779541,21328800
26/10/2018,9.687736559251425,10.250504503191621,9.559666708920776,9.879841804504395,9.879841804504395,36252800
29/10/2018,10.142136406528046,10.22710603777766,9.076940987125473,9.499324798583984,9.499324798583984,25815200
30/10/2018,9.395886886993392,9.770243792776833,9.307223063171069,9.749309539794922,9.749309539794922,25826400
31/10/2018,10.070714531918673,10.385962820006604,10.069482829055016,10.197552680969238,10.197552680969238,20238400
01/11/2018,10.248042503134476,10.505412978836537,10.092880820164952,10.491867065429688,10.491867065429688,15801600
02/11/2018,10.421675358320767,10.544819346227488,10.018994931251978,10.175387382507324,10.175387382507324,23082400
05/11/2018,10.181541771281017,10.186467641997368,9.878607768578753,10.105192184448242,10.105192184448242,11281600
06/11/2018,10.09780644140339,10.36995452665563,10.074408784370288,10.259124755859375,10.259124755859375,9108000
07/11/2018,10.499254992775386,10.893315315246582,10.458617257782254,10.893315315246582,10.893315315246582,16076000
08/11/2018,10.799726699578805,10.861298689746334,10.65441676520288,10.760320663452148,10.760320663452148,9666400
09/11/2018,10.554670310828438,10.601464684550157,10.225876112896419,10.394583702087402,10.394583702087402,14313600
12/11/2018,10.243117747651656,10.280061322700174,9.74315341854277,9.780096054077148,9.780096054077148,17848000
13/11/2018,9.853978789911128,10.132284389134101,9.723446499259683,9.78378677368164,9.78378677368164,16548000
14/11/2018,9.968504244729228,10.03623380572683,9.519029494611521,9.620007514953613,9.620007514953613,15684800
15/11/2018,9.58306339012999,10.012835568118652,9.424207561354569,9.962347030639648,9.962347030639648,18927200
16/11/2018,9.773938847925967,9.989440830941923,9.691431660397722,9.895851135253906,9.895851135253906,13453600
19/11/2018,9.80102748545336,9.81703680180361,9.189002783452556,9.244417190551758,9.244417190551758,17876000
20/11/2018,8.820804025211286,9.165607587078947,8.681651649061346,8.920551300048828,8.920551300048828,24724800
21/11/2018,9.144672894597525,9.225947438864806,9.020297202529424,9.047389030456543,9.047389030456543,12043200
23/11/2018,8.904543076414129,9.100342541168466,8.899617203264699,8.915626525878906,8.915626525878906,4828000
26/11/2018,9.156986914505554,9.335545319187416,9.08925734610123,9.326925277709961,9.326925277709961,12930400
27/11/2018,9.22594718470321,9.435292524136644,9.13235843200568,9.393423080444336,9.393423080444336,9388000
28/11/2018,9.525187682287005,9.989441062592224,9.418053009535114,9.984515190124512,9.984515190124512,16129600
29/11/2018,9.909398073825377,10.057170501650917,9.767782282442628,9.925406455993652,9.925406455993652,11163200
30/11/2018,9.94756697954309,10.079330953214782,9.863829065652709,10.078099250793457,10.078099250793457,8653600
03/12/2018,10.511570987028986,10.53373694265238,10.265283008775286,10.413055419921875,10.413055419921875,14574400
04/12/2018,10.304687858749432,10.363797380096393,9.595378300155732,9.615081787109375,9.615081787109375,18368800
06/12/2018,9.235798765367402,9.753003120422363,9.15821839396337,9.753003120422363,9.753003120422363,28344000
07/12/2018,9.659412633379773,9.776399020910516,9.0461552921887,9.10033893585205,9.10033893585205,22570400
10/12/2018,9.070784644131434,9.373718676314903,8.884836999426515,9.294906616210938,9.294906616210938,25332800
11/12/2018,9.58922227129371,9.605230650820026,9.196392665827222,9.352785110473633,9.352785110473633,16714400
12/12/2018,9.633551621031328,9.812109972709974,9.509175968478505,9.519027709960938,9.519027709960938,15156000
13/12/2018,9.628627903446793,9.722216649916913,9.399580030086257,9.527649879455566,9.527649879455566,12075200
14/12/2018,9.30229448382512,9.37002309544243,9.015368842871531,9.035072326660156,9.035072326660156,13204800
17/12/2018,8.980890355836696,9.118811949463444,8.505554525451817,8.655790328979492,8.655790328979492,25010400
18/12/2018,8.78016462440356,8.921779425189225,8.60160532071675,8.750609397888184,8.750609397888184,16136800
19/12/2018,8.732140319017649,9.011676748114558,8.192769070118132,8.336847305297852,8.336847305297852,27059200
20/12/2018,8.282665830340314,8.462455960361376,7.8725960785555404,8.08686637878418,8.08686637878418,32672000
21/12/2018,8.150900003285583,8.261728829138935,7.494542391262313,7.56596565246582,7.56596565246582,40079200
24/12/2018,7.461293114374063,7.652166172727586,7.196533392628975,7.206385135650635,7.206385135650635,20820000
26/12/2018,7.351795001564958,8.093628883361816,7.255677148036162,8.093628883361816,8.093628883361816,35284800
27/12/2018,7.881676051712092,8.163868760165277,7.521849910863904,8.161404609680176,8.161404609680176,29698400
28/12/2018,8.253827086343046,8.420185005330355,8.00983478238003,8.1515474319458,8.1515474319458,23563200
31/12/2018,8.303116815553578,8.35733753118205,8.114577796408517,8.279704093933105,8.279704093933105,18244000
02/01/2019,7.928501953804322,8.436202477354364,7.914947716719155,8.341317176818848,8.341317176818848,17621600
03/01/2019,8.101023889316432,8.167567248901033,7.759682092723915,7.781863212585449,7.781863212585449,21891200
04/01/2019,8.043105847413113,8.539716384841437,7.99504691478404,8.479333877563477,8.479333877563477,25744800
07/01/2019,8.500283762547303,8.743042587157298,8.448527191163416,8.65062141418457,8.65062141418457,16092000
08/01/2019,8.823139190673828,8.87982405151711,8.564360151117423,8.823139190673828,8.823139190673828,14865600
09/01/2019,8.881056514534093,9.036324312892363,8.812049022000007,8.95499324798584,8.95499324798584,16208000
10/01/2019,8.820674411742353,9.019071880635073,8.722091479813807,9.000587463378906,9.000587463378906,13630400
11/01/2019,8.905701731557162,8.959922441206206,8.844087630649275,8.946367263793945,8.946367263793945,8992800
14/01/2019,8.786171755728645,8.860108493753415,8.707305776481341,8.783706665039062,8.783706665039062,11020000
15/01/2019,8.858874626881697,9.149693234531863,8.853945386394484,9.129976272583008,9.129976272583008,17195200
16/01/2019,9.155856788735148,9.282781700289254,9.116423797377012,9.127513885498047,9.127513885498047,12770400
17/01/2019,9.060969368408191,9.340697908057175,9.032627408980836,9.256902694702148,9.256902694702148,14449600
18/01/2019,9.39492003558766,9.531703446735447,9.28401444004124,9.43681812286377,9.43681812286377,18348800
22/01/2019,9.30249703057918,9.313588058027895,8.930348261212643,9.076990127563477,9.076990127563477,21948800
23/01/2019,9.158320447654262,9.238418971468947,8.883521128143974,9.088080406188965,9.088080406188965,20761600
24/01/2019,9.139835547018524,9.228560003177869,9.076989840702801,9.197752952575684,9.197752952575684,11466400
25/01/2019,9.340698855537822,9.476249700849799,9.286478141350372,9.429422378540039,9.429422378540039,14160800
28/01/2019,9.181733021870688,9.187893867492676,9.0350911697823,9.187893867492676,9.187893867492676,11272000
29/01/2019,9.196520297360275,9.201449538216481,8.948832290392637,9.007981300354004,9.007981300354004,8624000
30/01/2019,9.215006905971864,9.53663266207764,9.159554578432296,9.483644485473633,9.483644485473633,18242400
31/01/2019,9.577297093559721,9.842237945869742,9.558812673136849,9.755977630615234,9.755977630615234,18085600
01/02/2019,9.658626062000467,9.801571226525553,9.615496379654644,9.666020393371582,9.666020393371582,13536000
04/02/2019,9.6697167925195,9.903850555419922,9.653696525170378,9.903850555419922,9.903850555419922,10956800
05/02/2019,9.932193365009054,10.102248893547944,9.929729214520883,10.082531929016113,10.082531929016113,10905600
06/02/2019,10.084995843850246,10.120732136111686,9.929728982494932,10.01598834991455,10.01598834991455,10268800
07/02/2019,9.842237337761066,9.887831173142873,9.599477616926213,9.746118545532227,9.746118545532227,25721600
08/02/2019,9.573601173658128,9.78062463083342,9.553884206233455,9.77692699432373,9.77692699432373,13643200
11/02/2019,9.8520945735072,9.90138604333749,9.71900882716898,9.764602661132812,9.764602661132812,8244000
12/02/2019,9.900156444683919,10.081302109635532,9.874278626856098,10.056656837463379,10.056656837463379,8245600
13/02/2019,10.137984006264503,10.200830654024772,10.045562852563883,10.06281566619873,10.06281566619873,11249600
14/02/2019,9.985180444705017,10.158932650134572,9.924798892675316,10.080066680908203,10.080066680908203,16321600
15/02/2019,10.24149680821098,10.24149680821098,10.07760306007443,10.17495346069336,10.17495346069336,13076800
19/02/2019,10.105944654358439,10.272302531538749,10.105944654358439,10.208223342895508,10.208223342895508,10092000
20/02/2019,10.226710083731904,10.303111921346362,10.09732101215509,10.20699405670166,10.20699405670166,13265600
21/02/2019,10.149074410496313,10.203295118188619,10.022149517631627,10.123196601867676,10.123196601867676,10931200
22/02/2019,10.170021409132053,10.290785437587802,10.158931324355258,10.277230262756348,10.277230262756348,8028000
25/02/2019,10.428803019621617,10.486720428445551,10.337614407939586,10.35116958618164,10.35116958618164,9064000
26/02/2019,10.2895561263221,10.434965460084776,10.271071705728508,10.369654655456543,10.369654655456543,9204800
27/02/2019,10.28216074716738,10.380742737688216,10.139215591700886,10.352400779724121,10.352400779724121,9379200
28/02/2019,10.287091349443047,10.378279961288708,10.248889965166608,10.304343223571777,10.304343223571777,6304000
01/03/2019,10.45344979123691,10.478095058379706,10.306807913314238,10.454681396484375,10.454681396484375,7465600
04/03/2019,10.565585723943098,10.61364464727271,10.218082233629286,10.449751853942871,10.449751853942871,14304800
05/03/2019,10.458378681392652,10.527386179199818,10.36102828118232,10.464539527893066,10.464539527893066,6786400
06/03/2019,10.476861335462573,10.484255666899692,10.310503450554256,10.341310501098633,10.341310501098633,9884000
07/03/2019,10.285859114008868,10.296949201930062,10.014756480669824,10.089925765991211,10.089925765991211,16847200
08/03/2019,9.860722356011758,10.064049119523906,9.839773782963482,10.054190635681152,10.054190635681152,12748800
11/03/2019,10.13428754264999,10.486720292046083,10.13428754264999,10.474397659301758,10.474397659301758,8944800
12/03/2019,10.523688697227549,10.641987658985204,10.480559014319535,10.592696189880371,10.592696189880371,10898400
13/03/2019,10.694976137111604,10.857637331813976,10.670329931758758,10.746731758117676,10.746731758117676,9967200
14/03/2019,10.75412697232808,10.782469878248452,10.70113879703442,10.70606803894043,10.70606803894043,5555200
15/03/2019,10.789861560233437,10.968543025407477,10.778771472820884,10.889677047729492,10.889677047729492,9206400
18/03/2019,10.895839425586631,11.021532741536621,10.852709734880948,10.94636344909668,10.94636344909668,9306400
19/03/2019,11.042480375181528,11.144760018841382,10.9365040355122,11.025228500366211,11.025228500366211,10556800
20/03/2019,11.028065131777161,11.245099886604207,10.929412713905089,11.115618705749512,11.115618705749512,13987200
21/03/2019,11.044094860665277,11.4880297645289,11.041628973785638,11.45720100402832,11.45720100402832,12127200
22/03/2019,11.356082833563896,11.41897377432447,10.930646275004051,10.94421100616455,10.94421100616455,21494400
25/03/2019,10.873920163031675,10.986136359155186,10.756771252456055,10.915846824645996,10.915846824645996,17850400
26/03/2019,11.07369034043649,11.209336688581365,10.901049106061631,11.014498710632324,11.014498710632324,11055200
27/03/2019,11.036695627706994,11.089721130366728,10.7099105969351,10.883785247802734,10.883785247802734,12356000
28/03/2019,10.919548347739422,10.994770605529645,10.787601278320686,10.918314933776855,10.918314933776855,11332000
29/03/2019,11.073692967636745,11.099589017813878,10.952843792657529,11.089723587036133,11.089723587036133,11311200
01/04/2019,11.296891931568188,11.399243650004582,11.216736960011746,11.386911392211914,11.386911392211914,10333600
02/04/2019,11.395543483027163,11.478164335372128,11.338817735785284,11.45720100402832,11.45720100402832,8560800
03/04/2019,11.585450186467968,11.729729530106612,11.51516063580065,11.589150428771973,11.589150428771973,11328800
04/04/2019,11.589149144373154,11.675469305513968,11.439937101685297,11.579283714294434,11.579283714294434,10709600
05/04/2019,11.647106854482896,11.706298496297133,11.612578788765937,11.692733764648438,11.692733764648438,8264800
08/04/2019,11.653270830825155,11.767953851237467,11.564483854916391,11.753155708312988,11.753155708312988,10833600
09/04/2019,11.665602373181306,11.748223222607786,11.618742997570559,11.67053508758545,11.67053508758545,8942400
10/04/2019,11.700129633770429,11.797548619753107,11.670534290186769,11.796316146850586,11.796316146850586,6844800
11/04/2019,11.823444271533605,11.828376985437401,11.690264759407023,11.738357543945312,11.738357543945312,6588000
12/04/2019,11.837008160842785,11.848107001544653,11.73835671221383,11.834542274475098,11.834542274475098,7475200
15/04/2019,11.833311408671438,11.860440868651697,11.677934191123933,11.83577823638916,11.83577823638916,7102400
16/04/2019,11.917165115461053,11.967724732288042,11.845642168114171,11.915931701660156,11.915931701660156,7738400
17/04/2019,12.070074951383706,12.093505108444107,11.927030003988317,11.996086120605469,11.996086120605469,7839200
18/04/2019,12.034312553363229,12.036779380663479,11.885101489542608,12.021981239318848,12.021981239318848,6980000
22/04/2019,11.915931901825779,12.099671987663992,11.89990128542112,12.093505859375,12.093505859375,5758400
23/04/2019,12.145297970085826,12.42522363645187,12.1194019247037,12.398094177246094,12.398094177246094,9048800
24/04/2019,12.4104266873976,12.448654052237941,12.31177427003127,12.319173812866211,12.319173812866211,7058400
25/04/2019,12.502912420537847,12.510311022224991,12.283411789507316,12.403027534484863,12.403027534484863,8656800
26/04/2019,12.378364940775153,12.440022468566895,12.168729722610916,12.440022468566895,12.440022468566895,9377600
29/04/2019,12.432621056383805,12.5201746131617,12.39562617174233,12.477014541625977,12.477014541625977,5885600
30/04/2019,12.28464603739797,12.32657270423036,12.116937488430002,12.292044639587402,12.292044639587402,10799200
01/05/2019,12.446187070350685,12.51771001960884,12.19092497424991,12.197091102600098,12.197091102600098,13489600
02/05/2019,12.199555926307182,12.324104369738135,11.93812772463862,12.10460376739502,12.10460376739502,17077600
03/05/2019,12.29944154487737,12.500445657604542,12.258748297630552,12.484414100646973,12.484414100646973,11482400
06/05/2019,11.954161078699205,12.362333587354206,11.91470030089104,12.338903427124023,12.338903427124023,12828800
07/05/2019,12.055280807718848,12.163797724332573,11.622444673683315,11.843178749084473,11.843178749084473,26300000
08/05/2019,11.769188242079053,11.962792825856562,11.690266688234663,11.77165412902832,11.77165412902832,16962400
09/05/2019,11.528723544709681,11.735892862454476,11.317854926065378,11.663137435913086,11.663137435913086,25925600
10/05/2019,11.56818591105481,11.796319533259497,11.184675984817263,11.686568260192871,11.686568260192871,19810400
13/05/2019,11.089722733457423,11.20440577016855,10.80486526261525,10.866522789001465,10.866522789001465,28607200
14/05/2019,10.984903781216515,11.238932457749438,10.905982232374848,11.105751991271973,11.105751991271973,14888800
15/05/2019,10.963941691131549,11.476931816644967,10.95407626120534,11.40910816192627,11.40910816192627,20064000
16/05/2019,11.423904983386656,11.790150794800663,11.400474825231031,11.640939712524414,11.640939712524414,19188000
17/05/2019,11.411573718815603,11.724794027942874,11.388143560555267,11.402941703796387,11.402941703796387,19876000
20/05/2019,11.092188453345198,11.173576838541338,10.945444182515125,11.02683162689209,11.02683162689209,18007200
21/05/2019,11.209336955714535,11.309221833769225,11.141513309616252,11.247564315795898,11.247564315795898,9770400
22/05/2019,11.120551773450808,11.27099629210894,11.116852472306627,11.14768123626709,11.14768123626709,7378400
23/05/2019,10.89611581699182,10.898581703561508,10.666749792432379,10.801162719726562,10.801162719726562,18256000
24/05/2019,10.92694552995807,10.996001649781057,10.76540313216398,10.78636646270752,10.78636646270752,10604000
28/05/2019,10.844325548285804,10.971339896329228,10.704978942871094,10.704978942871094,10.704978942871094,10436000
29/05/2019,10.580430606040112,10.647019898446189,10.416421380179226,10.533570289611816,10.533570289611816,17305600
30/05/2019,10.590294883001702,10.675382558341521,10.496576133650745,10.623590469360352,10.623590469360352,13569600
31/05/2019,10.368328931131252,10.4373850534158,10.26721063457783,10.26844310760498,10.26844310760498,16176800
03/06/2019,10.22404974143391,10.272142528585926,9.722156658659511,9.83683967590332,9.83683967590332,30019200
04/06/2019,10.03784315612079,10.379425359129003,9.96632021630194,10.374492645263672,10.374492645263672,14740800
05/06/2019,10.57056581645153,10.574265117273452,10.311604409906618,10.527405738830566,10.527405738830566,16856800
06/06/2019,10.56070180790456,10.744440986393936,10.469448925683018,10.688949584960938,10.688949584960938,12558400
07/06/2019,10.801163693664583,11.194538964738927,10.778967890079043,11.098353385925293,11.098353385925293,14323200
10/06/2019,11.248799419423563,11.574351087962851,11.248799419423563,11.352383613586426,11.352383613586426,14978400
11/06/2019,11.602711443635053,11.642173158878682,11.319087421464527,11.39184284210205,11.39184284210205,12202400
12/06/2019,11.326486845936625,11.374579638861613,11.22166924445445,11.26606273651123,11.26606273651123,7091200
13/06/2019,11.354847635426363,11.44363460323513,11.309220737852701,11.396774291992188,11.396774291992188,7874400
14/06/2019,11.266063070884345,11.34991734272268,11.205638959665581,11.283327102661133,11.283327102661133,8337600
17/06/2019,11.337586491356332,11.49049689658004,11.31785563090465,11.426373481750488,11.426373481750488,6988000
18/06/2019,11.6902660458286,11.919632093090664,11.638473014548815,11.759322166442871,11.759322166442871,13854400
19/06/2019,11.800016128521822,11.901134420688589,11.649571633654887,11.84564208984375,11.84564208984375,12580800
20/06/2019,12.173662387921082,12.179827576183502,11.887571497770779,12.061445236206055,12.061445236206055,14650400
21/06/2019,12.028150560031495,12.181060964578796,11.977590935962118,12.03184986114502,12.03184986114502,11025600
24/06/2019,12.071306811103831,12.094736965147904,12.013348603196224,12.028146743774414,12.028146743774414,5284800
25/06/2019,12.009767394584657,12.019636972367579,11.580451114389719,11.611292839050293,11.611292839050293,13850400
26/06/2019,11.764268904761177,11.91107583249211,11.682846290358016,11.714921951293945,11.714921951293945,8439200
27/06/2019,11.801276914949765,11.86049249389423,11.743294327206264,11.80867862701416,11.80867862701416,6425600
28/06/2019,11.861726053737362,11.888866918740531,11.749461737808737,11.844454765319824,11.844454765319824,10090400
01/07/2019,12.286109410762329,12.316951136494193,12.041843470046238,12.151639938354492,12.151639938354492,11168800
02/07/2019,12.143004242074868,12.250333786010742,12.075152069262288,12.250333786010742,12.250333786010742,7073600
03/07/2019,12.30091326880479,12.424280166625977,12.279941122066724,12.424280166625977,12.424280166625977,4602400
05/07/2019,12.260203755262467,12.421815055011571,12.16274377881961,12.383570671081543,12.383570671081543,7598400
08/07/2019,12.220725077177937,12.220725077177937,12.102292963561707,12.200986862182617,12.200986862182617,4544800
09/07/2019,12.08008634749694,12.352727077353341,12.06404898969882,12.324353218078613,12.324353218078613,6504000
10/07/2019,12.47239334349859,12.636471545623722,12.42674819308924,12.564918518066406,12.564918518066406,8825600
11/07/2019,12.609327818740377,12.66484347562504,12.468689660575823,12.545177459716797,12.545177459716797,9186400
12/07/2019,12.571089656281488,12.689521789550781,12.546415706924389,12.689521789550781,12.689521789550781,5073600
15/07/2019,12.74503278530746,12.773407583430815,12.677181562236688,12.75983715057373,12.75983715057373,4829600
16/07/2019,12.726529644312258,12.757371368799774,12.557516655283356,12.632770538330078,12.632770538330078,6689600
17/07/2019,12.640171105730808,12.678414539441492,12.50816857453317,12.511869430541992,12.511869430541992,4691200
18/07/2019,12.39343825629549,12.583423389036513,12.309548729386657,12.551347732543945,12.551347732543945,8288800
19/07/2019,12.720361207560792,12.720361207560792,12.324353569225734,12.337924003601074,12.337924003601074,9793600
22/07/2019,12.415645170243243,12.594526804946058,12.409476448543925,12.550115585327148,12.550115585327148,5620000
23/07/2019,12.682118041877901,12.708024978637695,12.514338978011331,12.708024978637695,12.708024978637695,6175200
24/07/2019,12.614265653444038,12.884439468383789,12.605630008004697,12.884439468383789,12.884439468383789,6628800
25/07/2019,12.791912253136003,12.79684704134531,12.592057566124815,12.635235786437988,12.635235786437988,8358400
26/07/2019,12.796850500443524,12.928853061776426,12.783280064503378,12.889375686645508,12.889375686645508,5265600
29/07/2019,12.878269340057836,12.878269340057836,12.645105997450795,12.810417175292969,12.810417175292969,6031200
30/07/2019,12.613030397089986,12.794379873497382,12.590824319545924,12.691985130310059,12.691985130310059,4669600
31/07/2019,12.763539177407043,12.77587567898659,12.110928172851315,12.355195045471191,12.355195045471191,15574400
01/08/2019,12.38973950695338,12.836328085150324,12.10229436456793,12.215791702270508,12.215791702270508,20566400
02/08/2019,12.04184218484144,12.065282195084674,11.708751958973355,11.860492706298828,11.860492706298828,18462400
05/08/2019,11.362091629087928,11.365792485600185,10.820510997782693,11.000626564025879,11.000626564025879,26062400
06/08/2019,11.221453018642626,11.385531220182939,11.057374817102312,11.323847770690918,11.323847770690918,14356000
07/08/2019,11.080816514601878,11.47188941797588,10.908102641509752,11.421309471130371,11.421309471130371,21372000
08/08/2019,11.559478780349306,11.94191694405956,11.481757967972055,11.936982154846191,11.936982154846191,11144000
09/08/2019,11.819782196962208,11.89873693639018,11.526169318540363,11.709985733032227,11.709985733032227,15328000
12/08/2019,11.565646837301028,11.63349900856576,11.334950396215687,11.443513870239258,11.443513870239258,10623200
13/08/2019,11.432410087689025,12.093656729089492,11.40156836352376,11.956719398498535,11.956719398498535,17779200
14/08/2019,11.54961119963184,11.631032876063422,11.186912159597362,11.21281909942627,11.21281909942627,19658400
15/08/2019,11.262164621929033,11.32261414050525,11.027767319357366,11.198013305664062,11.198013305664062,15259200
16/08/2019,11.389231130562942,11.611291906775637,11.389231130562942,11.552075386047363,11.552075386047363,8902400
19/08/2019,11.875296576771571,11.971522596178481,11.807444413746373,11.90490436553955,11.90490436553955,8017600
20/08/2019,11.867895673250693,11.946850415748017,11.737127057467271,11.744528770446777,11.744528770446777,8296800
21/08/2019,11.950551742602594,12.019636904262114,11.865428281833017,11.948083877563477,11.948083877563477,5812800
22/08/2019,11.988793419818922,12.04430813925793,11.680376220236438,11.870361328125,11.870361328125,8872800
23/08/2019,11.709986571600833,11.918476945353436,11.04997380823629,11.122760772705078,11.122760772705078,18804800
26/08/2019,11.365790578446337,11.448447105281225,11.23132112791915,11.447213172912598,11.447213172912598,9049600
27/08/2019,11.601422763163235,11.64090013138523,11.30780989583807,11.407736778259277,11.407736778259277,10804000
28/08/2019,11.321380063089414,11.513833068207193,11.214051461858002,11.474355697631836,11.474355697631836,7570400
29/08/2019,11.758098453865387,11.890100993783769,11.674208927669566,11.825950622558594,11.825950622558594,9375200
30/08/2019,11.949321052990156,11.955489776047333,11.639669791576642,11.772906303405762,11.772906303405762,8736000
03/09/2019,11.61622838340892,11.730958703041647,11.460785817470214,11.539740562438965,11.539740562438965,10075200
04/09/2019,11.758101023280963,11.887636667741889,11.69888542785848,11.872832298278809,11.872832298278809,6433600
05/09/2019,12.12696496471722,12.369996933393132,12.11956231171779,12.309547424316406,12.309547424316406,7368800
06/09/2019,12.33668842749255,12.350258860059963,12.230592831718944,12.281173706054688,12.281173706054688,6122400
09/09/2019,12.35396178670164,12.361363499810091,12.09859233109741,12.223193168640137,12.223193168640137,6916800
10/09/2019,12.091189820356714,12.165209770202637,11.932046410519881,12.165209770202637,12.165209770202637,7916800
11/09/2019,12.196053373171091,12.389739393358447,12.143005561720292,12.383570671081543,12.383570671081543,6238400
12/09/2019,12.532841948896953,12.669779272592146,12.446485502068757,12.476093292236328,12.476093292236328,11579200
13/09/2019,12.442783493973609,12.499532145380337,12.358893978586575,12.394670486450195,12.394670486450195,5365600
16/09/2019,12.225659823235658,12.328054577982169,12.203453743184784,12.270071983337402,12.270071983337402,7053600
17/09/2019,12.275005651192089,12.39343775357441,12.230593495146882,12.387269973754883,12.387269973754883,3535200
18/09/2019,12.34409163768737,12.392204653097382,12.07638569220812,12.38603687286377,12.38603687286377,7505600
19/09/2019,12.425515775357592,12.573555696227842,12.374934888644425,12.421814918518066,12.421814918518066,4820800
20/09/2019,12.46005792023443,12.478563144992597,12.071451965172272,12.159042358398438,12.159042358398438,8774400
23/09/2019,12.147938601817254,12.236762919009363,12.065283006013662,12.166443824768066,12.166443824768066,6104000
24/09/2019,12.2799388525434,12.32558493513844,11.743293134444643,11.83581829071045,11.83581829071045,15376000
25/09/2019,11.816081955874374,12.167677445261777,11.622395953565189,12.103527069091797,12.103527069091797,9322400
26/09/2019,12.082554012079543,12.092422648368277,11.837053213058482,12.014701843261719,12.014701843261719,9116000
27/09/2019,12.05294530344359,12.067749669728087,11.55454387432344,11.727256774902344,11.727256774902344,11147200
30/09/2019,11.801278396224097,11.972758316147205,11.766734872753554,11.933280944824219,11.933280944824219,8552000
01/10/2019,12.02087058624451,12.159040906683824,11.70628462655981,11.737126350402832,11.737126350402832,10512800
02/10/2019,11.586618924328304,11.586618924328304,11.214051303606915,11.333717346191406,11.333717346191406,12161600
03/10/2019,11.337416779308834,11.597720978731672,11.059841291497099,11.586617469787598,11.586617469787598,13472000
04/10/2019,11.698882239111068,11.956718583780935,11.684077873683194,11.9283447265625,11.9283447265625,8134400
07/10/2019,11.851858739312766,12.038143032760392,11.806212644802741,11.84815788269043,11.84815788269043,6994400
08/10/2019,11.696416150339273,11.797576976420803,11.475589273885056,11.480524063110352,11.480524063110352,11548800
09/10/2019,11.677910660554753,11.821015768441667,11.616227213434682,11.72602367401123,11.72602367401123,6865600
10/10/2019,11.71615542580951,11.985095323413553,11.707519779881553,11.888869285583496,11.888869285583496,6428800
11/10/2019,12.163976295755779,12.390971883874654,12.151639793852688,12.1898832321167,12.1898832321167,13950400
14/10/2019,12.15904162584356,12.268838093921568,12.141770334767116,12.200986862182617,12.200986862182617,4255200
15/10/2019,12.267603523121114,12.55998244242495,12.258967878694726,12.501999855041504,12.501999855041504,6500000
16/10/2019,12.429215428620935,12.497067601491375,12.363831120881114,12.439085006713867,12.439085006713867,5408000
17/10/2019,12.590824766402811,12.627835210694661,12.418111869613368,12.508169174194336,12.508169174194336,5344000
18/10/2019,12.477329027186615,12.519274265430306,12.139303962065446,12.266371726989746,12.266371726989746,7823200
21/10/2019,12.38850161359337,12.497065068178895,12.334220827515189,12.482260704040527,12.482260704040527,4286400
22/10/2019,12.568618919269204,12.614265009240182,12.27623998060115,12.282407760620117,12.282407760620117,5113600
23/10/2019,12.22195787270431,12.329287406878299,12.191116149906406,12.32805347442627,12.32805347442627,3968800
24/10/2019,12.503236614897592,12.57725657546453,12.392206203439756,12.561219215393066,12.561219215393066,5922400
25/10/2019,12.434150039625658,12.774642949238183,12.429215250649852,12.754903793334961,12.754903793334961,6609600
28/10/2019,12.880737598879263,13.048515705474447,12.880737598879263,13.012740135192871,13.012740135192871,5828000
29/10/2019,12.968326381411616,13.005335879589763,12.807949065662596,12.817818641662598,12.817818641662598,6106400
30/10/2019,12.864698038857812,12.975728418609236,12.714190295329724,12.92021369934082,12.92021369934082,6336800
31/10/2019,13.002870226972531,13.017673651204705,12.798080740423922,12.939952850341797,12.939952850341797,7887200
01/11/2019,13.054686345856263,13.181754112243652,13.016442905040787,13.181754112243652,13.181754112243652,6411200
04/11/2019,13.358168144259988,13.39764551568374,13.292783836078282,13.333495140075684,13.333495140075684,7344800
05/11/2019,13.374205008391534,13.397644077486074,13.2656415427191,13.338428497314453,13.338428497314453,4214400
06/11/2019,13.323625230668254,13.323625230668254,13.162014892484981,13.290316581726074,13.290316581726074,5488800
07/11/2019,13.426018967469819,13.54938585841513,13.301418144074942,13.379138946533203,13.379138946533203,6590400
08/11/2019,13.329795487000842,13.485237121582031,13.25947638339082,13.485237121582031,13.485237121582031,4704800
11/11/2019,13.356931775964467,13.455625657133778,13.31128663242571,13.446990013122559,13.446990013122559,3490400
12/11/2019,13.469197130561689,13.612302233983868,13.427251898397042,13.51731014251709,13.51731014251709,4613600
13/11/2019,13.428485006847712,13.551851889668939,13.412447650918216,13.498804092407227,13.498804092407227,6140000
14/11/2019,13.42601879976971,13.522244822910775,13.348297057067564,13.506207466125488,13.506207466125488,4528000
15/11/2019,13.664118751468987,13.688791756145815,13.581462209250542,13.67398738861084,13.67398738861084,4488000
18/11/2019,13.661650383717467,13.767745994111646,13.550619984326493,13.72826862335205,13.72826862335205,5767200
19/11/2019,13.825727732581655,13.825727732581655,13.660416546887168,13.759109497070312,13.759109497070312,4820800
20/11/2019,13.693725399478572,13.772680137295506,13.387775084526918,13.592564582824707,13.592564582824707,10796000
21/11/2019,13.561723607288414,13.581461822224444,13.446992350502509,13.530881881713867,13.530881881713867,4807200
22/11/2019,13.592565315199082,13.613537462670976,13.408748894553792,13.550620079040527,13.550620079040527,4209600
25/11/2019,13.655483699213358,13.87260878520769,13.655483699213358,13.868907928466797,13.868907928466797,4988000
26/11/2019,13.883709645172717,13.954028733464858,13.854101855685148,13.920719146728516,13.920719146728516,3788800
27/11/2019,13.994742319951849,14.113174438476562,13.95896580374936,14.113174438476562,14.113174438476562,6480000
29/11/2019,14.045318029532009,14.082328467197728,13.967597239891433,13.979933738708496,13.979933738708496,2859200
02/12/2019,13.983638348984146,13.98857313807892,13.537050759877157,13.671520233154297,13.671520233154297,10956800
03/12/2019,13.328558498632647,13.486467962381873,13.184219467663244,13.47289752960205,13.47289752960205,11588000
04/12/2019,13.61847222385254,13.678921742236342,13.577760920338752,13.60983657836914,13.60983657836914,4644800
05/12/2019,13.709762717785916,13.709762717785916,13.535815885073783,13.661649703979492,13.661649703979492,6520000
06/12/2019,13.85410339456767,13.976236363332978,13.845467749123957,13.94662857055664,13.94662857055664,6270400
09/12/2019,13.903446703623697,14.03544922476586,13.82079112167426,13.829426765441895,13.829426765441895,4480800
10/12/2019,13.836832899894913,13.933058937866228,13.744307718581755,13.805991172790527,13.805991172790527,5700000
11/12/2019,13.861504862571909,13.977470048951426,13.824494416344265,13.95403003692627,13.95403003692627,4825600
12/12/2019,13.918252596785262,14.261212402969198,13.883710017919928,14.162519454956055,14.162519454956055,16383200
13/12/2019,14.145247762188548,14.345101517415014,14.083564318483656,14.247641563415527,14.247641563415527,15720000
16/12/2019,14.427758524382789,14.565929790701697,14.427758524382789,14.520283699035645,14.520283699035645,6349600
17/12/2019,14.570863264498644,14.589368486001929,14.500544175757891,14.536320686340332,14.536320686340332,5134400
18/12/2019,14.573332204454962,14.648586092089472,14.54495834327691,14.557294845581055,14.557294845581055,3756800
19/12/2019,14.583200252293322,14.755914090069588,14.581966319827968,14.74974536895752,14.74974536895752,5753600
20/12/2019,14.889148958086167,14.917522813233905,14.808960298329591,14.871877670288086,14.871877670288086,7419200
23/12/2019,14.975506200399666,14.990310565541275,14.918757545845459,14.939729690551758,14.939729690551758,5128000
24/12/2019,14.969353086194742,14.980460242169515,14.88542889961661,14.947137832641602,14.947137832641602,3299200
26/12/2019,14.99897063043891,15.219888687133789,14.99897063043891,15.219888687133789,15.219888687133789,3947200
27/12/2019,15.32726283314592,15.32726283314592,15.113749541957633,15.182863235473633,15.182863235473633,6070400
30/12/2019,15.170520726623291,15.187799148963139,14.84099531850899,14.977989196777344,14.977989196777344,9577600
31/12/2019,14.896533230406696,15.061913629182513,14.848400347104077,15.043400764465332,15.043400764465332,5025600
02/01/2020,15.29270725718178,15.539542973511569,15.238403098276097,15.537074089050293,15.537074089050293,7477600
03/01/2020,15.128559810869518,15.440806811051264,15.128559810869518,15.26185131072998,15.26185131072998,10924000
06/01/2020,15.007610585606491,15.45561799011887,14.976756122666675,15.443275451660156,15.443275451660156,6679200
07/01/2020,15.463023203089367,15.532136900742277,15.351946945001826,15.435871124267578,15.435871124267578,5158400
08/01/2020,15.432169215494747,15.819700276152954,15.390206653765171,15.6691312789917,15.6691312789917,9110400
09/01/2020,15.932011695778241,15.997423013386495,15.7555250532673,15.946823120117188,15.946823120117188,7167200
10/01/2020,16.066534662941375,16.066534662941375,15.803655925412881,15.862895965576172,15.862895965576172,8929600
13/01/2020,15.978912751070705,16.22698200689865,15.9418870111781,16.21834373474121,16.21834373474121,5419200
14/01/2020,16.19365745801904,16.257833386214045,16.04061864104717,16.09862518310547,16.09862518310547,7709600
15/01/2020,16.10849997003526,16.251663259557684,16.001125148884523,16.10109519958496,16.10109519958496,6817600
16/01/2020,16.25537046135914,16.410876318498687,16.193661518861425,16.404705047607422,16.404705047607422,4939200
17/01/2020,16.551566551717492,16.593528165231216,16.388654099431104,16.571313858032227,16.571313858032227,5762400
21/01/2020,16.476284347348066,16.636727942353172,16.467644193189077,16.55650520324707,16.55650520324707,6591200
22/01/2020,16.716947005632647,16.830491198929415,16.59723154334224,16.64042854309082,16.64042854309082,5920000
23/01/2020,16.618211604490924,16.75273848296147,16.467641687206203,16.73916244506836,16.73916244506836,5767200
24/01/2020,16.91071618523557,16.932930496727675,16.3084364086877,16.452835083007812,16.452835083007812,13505600
27/01/2020,15.725901229479472,15.949287222581624,15.612357040623392,15.7752685546875,15.7752685546875,14857600
28/01/2020,15.99372032770254,16.329417063903584,15.915968355013895,16.251663208007812,16.251663208007812,5929600
29/01/2020,16.441726032204265,16.47504937880875,16.168971756676687,16.302263259887695,16.302263259887695,8316800
30/01/2020,16.09738792179345,16.43802236448367,16.003591041612825,16.420743942260742,16.420743942260742,9340000
31/01/2020,16.552798707978642,16.567610128115312,15.782671714707098,15.888812065124512,15.888812065124512,14463200
03/02/2020,16.049256610983377,16.450364629121506,16.038149456296917,16.36150550842285,16.36150550842285,8365600
04/02/2020,16.8218553503058,17.185937674855193,16.715715911240526,17.114355087280273,17.114355087280273,7303200
05/02/2020,17.54878700750365,17.54878700750365,17.03536822303689,17.24517822265625,17.24517822265625,13258400
06/02/2020,17.327863121564533,17.546313214805995,17.20568067128905,17.531503677368164,17.531503677368164,5023200
07/02/2020,17.379704518745044,17.572236085341974,17.283436852239426,17.373533248901367,17.373533248901367,5877600
10/02/2020,17.26985883056767,17.804258346557617,17.26122056034328,17.804258346557617,17.804258346557617,5871200
11/02/2020,17.998025274817508,18.114038355023183,17.714163843438993,17.804258346557617,17.804258346557617,13471200
12/02/2020,18.00789986172768,18.16710806771728,17.932614894068834,18.153532028198242,18.153532028198242,8524800
13/02/2020,17.898053429132197,18.25102848238934,17.85855882136884,18.093053817749023,18.093053817749023,8584000
14/02/2020,18.157237386849662,18.239927138114297,18.037521895996015,18.189327239990234,18.189327239990234,5173600
18/02/2020,18.014071011493296,18.284354533055907,17.988152433235694,18.220178604125977,18.220178604125977,7386400
19/02/2020,18.426287530120305,18.641033408906928,18.397901948608528,18.56204605102539,18.56204605102539,4651200
20/02/2020,18.483056517985307,18.55587448064355,17.763530227281397,18.201663970947266,18.201663970947266,10793600
21/02/2020,18.043689352944163,18.093057623031356,17.372295945413917,17.52410125732422,17.52410125732422,11076800
24/02/2020,16.171440012400197,16.593528814558958,15.987546746160948,16.16280174255371,16.16280174255371,32115200
25/02/2020,16.425682299480407,16.5379930024368,15.190270216581276,15.290238380432129,15.290238380432129,32688800
26/02/2020,15.459322260733401,15.972740097044532,15.210017642471707,15.422296524047852,15.422296524047852,28350400
27/02/2020,14.654636305773481,15.12485898858957,13.875869917234366,13.878337860107422,13.878337860107422,44845600
28/02/2020,12.969982936565554,14.090617372921526,12.878653980426602,14.017801284790039,14.017801284790039,52608800
02/03/2020,14.31276864762589,15.35071230785421,13.920299835103059,15.337136268615723,15.337136268615723,27213600
03/03/2020,15.437105498254688,15.788846195974672,14.0918506931468,14.35843276977539,14.35843276977539,36943200
04/03/2020,14.900238430553275,15.556821398326372,14.610205710582946,15.537074089050293,15.537074089050293,19877600
05/03/2020,14.74596784876542,15.27542969419031,14.386821387134825,14.601568222045898,14.601568222045898,23922400
06/03/2020,13.630268941491684,14.254763020107044,13.400711643501936,14.109129905700684,14.109129905700684,25092000
09/03/2020,12.156657909076937,13.167450375621918,12.094948985680608,12.166531562805176,12.166531562805176,18062400
10/03/2020,13.089696263376444,13.488336314717095,12.156657661907598,13.471057891845703,13.471057891845703,27948800
11/03/2020,12.837925951352634,13.019350364242602,11.961659294872609,12.296121597290039,12.296121597290039,29296000
12/03/2020,10.64726012053568,11.718527359340694,9.990677034919942,10.02029800415039,10.02029800415039,36395200
13/03/2020,11.129822091278275,11.983873413430603,10.12890322181814,11.929570198059082,11.929570198059082,32360800
16/03/2020,9.442701507165228,10.764506783246883,8.886086649237582,9.032954216003418,9.032954216003418,23924800
17/03/2020,9.538966548156349,10.497922909646151,8.946560441293855,10.251087188720703,10.251087188720703,31902400
18/03/2020,9.082319213191434,9.911687323487651,8.531875710113482,9.60931396484375,9.60931396484375,30875200
19/03/2020,9.511813873352162,10.364631687786126,9.083553773672293,9.741371154785156,9.741371154785156,35715200
20/03/2020,10.178269062561197,10.302921340288272,8.905831477591539,8.962603569030762,8.962603569030762,36707200
23/03/2020,9.024314234374396,9.373586061479633,8.396116839275956,9.008269309997559,9.008269309997559,33055200
24/03/2020,9.94254194816083,10.386846972770664,9.775928034733889,10.379441261291504,10.379441261291504,31956000
25/03/2020,10.44597238562261,11.029801832083276,9.951014412748345,10.194172859191895,10.194172859191895,28396800
26/03/2020,10.383021620419852,11.374172930632716,10.350929279553327,11.291474342346191,11.291474342346191,22880000
27/03/2020,10.705177809142448,11.117437157638662,10.42992609085631,10.463252067565918,10.463252067565918,17913600
30/03/2020,10.699004907907021,11.316160241907879,10.627414663153889,11.26431941986084,11.26431941986084,16922400
31/03/2020,11.217412258940957,11.635843397370756,10.931052291907818,11.056952476501465,11.056952476501465,20289600
01/04/2020,10.420049903109888,10.748376976111777,9.967058137009618,10.133689880371094,10.133689880371094,15729600
02/04/2020,10.033712112502034,10.557059602273817,9.978167564212425,10.536076545715332,10.536076545715332,17881600
03/04/2020,10.478061138334583,10.657035773548596,10.00285181233175,10.249713897705078,10.249713897705078,11934400
06/04/2020,11.021158332231394,11.823460140104334,10.890321723369752,11.70743465423584,11.70743465423584,16623200
07/04/2020,12.376431005123672,12.420866258589163,11.640782057989925,11.661766052246094,11.661766052246094,23536800
08/04/2020,11.888881162927257,12.244362321605905,11.683986067138152,12.169069290161133,12.169069290161133,18464800
09/04/2020,12.378901023286872,12.501097508050998,11.991327573263888,12.199925422668457,12.199925422668457,20278400
13/04/2020,12.106119889262317,12.52825393372968,11.960471185172457,12.48011589050293,12.48011589050293,13797600
14/04/2020,12.980009841347652,13.629256494890376,12.891139333501936,13.558900833129883,13.558900833129883,23470400
15/04/2020,13.135531948799242,13.486076616050298,12.960260086025798,13.249088287353516,13.249088287353516,14076000
16/04/2020,13.542857446485563,13.868715403057216,13.286120589276274,13.751456260681152,13.751456260681152,23693600
17/04/2020,14.079780551892368,14.150136216302304,13.578650764751563,13.978567123413086,13.978567123413086,17477600
20/04/2020,13.731705667634106,14.074843869824548,13.649007081981873,13.65517807006836,13.65517807006836,14834400
21/04/2020,13.391037105137611,13.458924573282612,12.496161808576568,12.639342308044434,12.639342308044434,24203200
22/04/2020,13.18613987169371,13.5638385997951,13.078754514504157,13.420659065246582,13.420659065246582,14567200
23/04/2020,13.509529126975451,13.83909077254519,13.29352477218879,13.356474876403809,13.356474876403809,16400000
24/04/2020,13.398441686110273,13.816872896254937,13.22070066172874,13.795888900756836,13.795888900756836,12976800
27/04/2020,14.066203614359104,14.124216363766966,13.851433831655001,13.96375560760498,13.96375560760498,13344800
28/04/2020,14.219257907697509,14.219257907697509,13.4292998674843,13.466328620910645,13.466328620910645,18484800
29/04/2020,14.063736314804121,14.536476593768718,13.92302497136442,14.38465690612793,14.38465690612793,16485600
30/04/2020,14.545114681855424,14.546349256049728,14.195805521202495,14.43896484375,14.43896484375,14748000
01/05/2020,13.816872918331022,14.101998360645098,13.449047951554702,13.56630802154541,13.56630802154541,15874400
04/05/2020,13.437939770978511,13.927960285585787,13.374989667030336,13.905743598937988,13.905743598937988,11196800
05/05/2020,14.178525486255465,14.532772007901714,14.110638029997018,14.215554237365723,14.215554237365723,11768000
06/05/2020,14.438967215030031,14.654971591001908,14.274803663282363,14.388360023498535,14.388360023498535,11310400
07/05/2020,14.752478918191008,14.877144544367063,14.582144405473372,14.769760131835938,14.769760131835938,10453600
08/05/2020,14.986998864645459,15.177082807328834,14.858630451078598,15.157334327697754,15.157334327697754,11151200
11/05/2020,14.978358825116194,15.57329649197924,14.94379827926009,15.409132957458496,15.409132957458496,9703200
12/05/2020,15.51034947040032,15.599219054135755,14.785808714882657,14.794448852539062,14.794448852539062,10824000
13/05/2020,14.866037183170699,15.115367510279537,14.066203499190902,14.42538833618164,14.42538833618164,18562400
14/05/2020,14.250114714688339,14.746308075886844,13.974863993417701,14.74013614654541,14.74013614654541,16701600
15/05/2020,14.337753008726205,14.942564475816193,14.28467761293661,14.930221557617188,14.930221557617188,13533600
18/05/2020,15.335073439957505,15.630073575114464,15.23262638380773,15.501705169677734,15.501705169677734,15345600
19/05/2020,15.523926085867373,15.81645807635201,15.396792227672906,15.401729583740234,15.401729583740234,14496800
20/05/2020,15.768315614055805,16.07319043844054,15.768315614055805,16.02875518798828,16.02875518798828,10851200
21/05/2020,16.041102761676004,16.12626861831504,15.609093072930914,15.675745964050293,15.675745964050293,14448800
22/05/2020,15.614029167015678,15.810284101365657,15.489363532123578,15.773255348205566,15.773255348205566,7922400
26/05/2020,16.285495395886816,16.313884014142104,15.668340056545393,15.710306167602539,15.710306167602539,12181600
27/05/2020,15.62513714783832,15.883107606505963,14.996873515937649,15.859657287597656,15.859657287597656,21416800
28/05/2020,15.697964245262341,16.301543071805984,15.69672967082811,15.797943115234375,15.797943115234375,16858400
29/05/2020,15.892982835934946,16.316352357190652,15.652292642158235,16.227481842041016,16.227481842041016,23090400
01/06/2020,16.14971704217801,16.438545227705273,16.101579011256803,16.40028190612793,16.40028190612793,9300800
02/06/2020,16.439783150305928,16.603946685791016,16.0991122199967,16.603946685791016,16.603946685791016,10876800
03/06/2020,16.686644574913966,16.856980032975063,16.565682668744415,16.74959373474121,16.74959373474121,7372000
04/06/2020,16.691579434704053,16.90511649536763,16.328691866565478,16.510135650634766,16.510135650634766,14243200
05/06/2020,16.655789614627437,17.25442920022928,16.601479640109932,17.156919479370117,17.156919479370117,12560800
08/06/2020,17.139636722232133,17.448214366026168,16.91869595797533,17.439573287963867,17.439573287963867,12563200
09/06/2020,17.30503123880029,17.81603566337905,17.296392045468668,17.677793502807617,17.677793502807617,11370400
10/06/2020,17.9345348393713,18.34432501220891,17.865413741548714,18.117212295532227,18.117212295532227,15496800
11/06/2020,17.525975220525787,17.72346376769748,16.308945009341592,16.32622528076172,16.32622528076172,20905600
12/06/2020,17.031018985226666,17.20258810196517,15.99913513597252,16.554574966430664,16.554574966430664,24397600
15/06/2020,16.07812663251909,17.072982399466074,15.950992811674304,16.96806526184082,16.96806526184082,16255200
16/06/2020,17.696308760972524,17.881455333097062,16.942144981848912,17.577816009521484,17.577816009521484,17252000
17/06/2020,17.78024397441503,17.941938356256284,17.556834064639954,17.66298484802246,17.66298484802246,10474400
18/06/2020,17.622254443359985,17.802462751383974,17.507462568548064,17.77284049987793,17.77284049987793,11544800
19/06/2020,18.13201945156136,18.16164357988909,17.502522262715118,17.75061798095703,17.75061798095703,12873600
22/06/2020,17.75185840270891,18.20731749489184,17.695079278574553,18.191272735595703,18.191272735595703,8647200
23/06/2020,18.42578727491487,18.825704561053517,18.3443223286519,18.48133087158203,18.48133087158203,8218400
24/06/2020,18.369015014568166,18.564034471901845,17.503761901413135,17.74074935913086,17.74074935913086,16951200
25/06/2020,17.741983532279942,18.09869926638279,17.366752006742264,18.081418991088867,18.081418991088867,11276800
26/06/2020,18.025870320777834,18.02957498513837,17.132230694043244,17.197649002075195,17.197649002075195,15106400
29/06/2020,17.175431152428946,17.583989540874928,16.792795998550535,17.560537338256836,17.560537338256836,12743200
30/06/2020,17.57041088083814,18.350494144568284,17.5481923122635,18.22953224182129,18.22953224182129,9148800
01/07/2020,18.272735522592647,18.84545563551621,18.193739709893148,18.693635940551758,18.693635940551758,9286400
02/07/2020,19.063929680011356,19.26265379154891,18.878783062432593,18.946670532226562,18.946670532226562,9366400
06/07/2020,19.449032714122158,19.958801702971286,19.441625268578647,19.883508682250977,19.883508682250977,8572800
07/07/2020,19.835367796977426,20.26120450927602,19.56505351740988,19.602083206176758,19.602083206176758,10094400
08/07/2020,19.819330661720002,20.127908381058663,19.588513246936607,20.110626220703125,20.110626220703125,8076000
09/07/2020,20.41426590300361,20.571023899325308,19.761316329469853,20.44512367248535,20.44512367248535,12246400
10/07/2020,20.411794392878484,20.77715116997811,20.005707022174352,20.749996185302734,20.749996185302734,9117600
13/07/2020,21.19187754284402,21.647338424427755,19.7526710296933,19.885976791381836,19.885976791381836,16536000
14/07/2020,19.49840349386519,20.226645949496174,18.99727372258053,20.176040649414062,20.176040649414062,21487200
15/07/2020,20.373529451941412,20.521646339914668,19.720580005620594,20.220476150512695,20.220476150512695,14611200
16/07/2020,19.784765230908945,20.063720652365816,19.426815883998742,19.937820434570312,19.937820434570312,11288800
17/07/2020,20.061251007742918,20.14641874463439,19.66997475450395,20.002004623413086,20.002004623413086,9411200
20/07/2020,20.119264040806218,21.238784729198876,19.91313438369779,21.151147842407227,21.151147842407227,7736800
21/07/2020,21.404178976575427,21.406646241538017,20.56855023509702,20.70555877685547,20.70555877685547,11613600
22/07/2020,20.77468107985106,20.99192094740886,20.474744512814066,20.851207733154297,20.851207733154297,7987200
23/07/2020,20.78085269757948,20.880831551758103,19.53296464403645,19.75143814086914,19.75143814086914,16324000
24/07/2020,19.158971442973687,19.59344935049112,18.73683739621074,19.371273040771484,19.371273040771484,15490400
27/07/2020,19.64158504992656,20.13037098956867,19.52185677184975,20.06989097595215,20.06989097595215,10046400
28/07/2020,19.94769312654374,20.0291580758936,19.51568442857192,19.57122802734375,19.57122802734375,7340000
29/07/2020,19.793405928285555,20.147652486968987,19.730456762305398,20.024221420288086,20.024221420288086,6929600
30/07/2020,19.704535033986186,20.306879230597588,19.523091218751333,20.225414276123047,20.225414276123047,8896800
31/07/2020,20.947485563502717,20.961063055142326,20.1822115015006,20.94378089904785,20.94378089904785,11823200
03/08/2020,21.298030030329883,21.62265244123245,21.269641413550172,21.497987747192383,21.497987747192383,7482400
04/08/2020,21.40541535973259,21.668324134477487,21.30050008308948,21.664621353149414,21.664621353149414,7414400
05/08/2020,21.73991202881148,21.83989088067773,21.565873791573285,21.778175354003906,21.778175354003906,6196800
06/08/2020,21.732507164352384,22.4002677530012,21.632526425869344,22.332380294799805,22.332380294799805,7689600
07/08/2020,22.245979154454233,22.380520439660202,21.464660327846822,21.83001708984375,21.83001708984375,11301600
10/08/2020,21.876922124599986,21.918888233695874,21.064745509974113,21.63499641418457,21.63499641418457,10324000
11/08/2020,21.44491608394177,21.663387735073297,20.730249090472377,20.827760696411133,20.827760696411133,11932800
12/08/2020,21.158552474843194,22.02010076239925,21.158552474843194,21.875686645507812,21.875686645507812,9388000
13/08/2020,21.989244524841666,22.341023830228064,21.820144560419664,21.96208953857422,21.96208953857422,8996000
14/08/2020,22.04725643997904,22.102801926490947,21.681901538768575,21.921358108520508,21.921358108520508,5904000
17/08/2020,22.192905940962333,22.475562252096825,22.170687369812498,22.40767478942871,22.40767478942871,5020800
18/08/2020,22.59775952916682,22.933492175494898,22.355833813891834,22.844621658325195,22.844621658325195,4248000
19/08/2020,22.849554925984684,23.019890374340708,22.466919808520526,22.545915603637695,22.545915603637695,6243600
20/08/2020,22.407672043210543,23.249472710309394,22.348425666419697,23.17047691345215,23.17047691345215,4279600
21/08/2020,23.217378398884463,23.56298378959262,23.091478216036133,23.47905158996582,23.47905158996582,4805200
24/08/2020,24.032025111824503,24.17026916884998,23.392653175436983,23.78269386291504,23.78269386291504,5148400
25/08/2020,23.641983930991493,24.165332292954485,23.575331988623905,24.15298843383789,24.15298843383789,4954400
26/08/2020,24.36035616886185,25.20956253727747,24.34554504308068,25.17746925354004,25.17746925354004,6337600
27/08/2020,25.36754700483465,25.50825831030957,24.62449164196834,25.00959587097168,25.00959587097168,9339600
28/08/2020,25.234244873925984,25.384830909839064,25.00713218754864,25.27127456665039,25.27127456665039,5770000
31/08/2020,25.38236333792398,26.006924205957613,25.298431120383448,25.713159561157227,25.713159561157227,6781200
01/09/2020,26.164916401761786,26.584583149124576,25.848933179479754,26.56236457824707,26.56236457824707,7399200
02/09/2020,27.149899087894866,27.162241064896033,26.026675593311744,27.05855941772461,27.05855941772461,10671200
03/09/2020,26.253781318519064,26.31549683731361,23.780224153933172,24.283823013305664,24.283823013305664,21334400
04/09/2020,24.036964989136802,24.56031147133422,21.676961871978556,23.639516830444336,23.639516830444336,22371200
08/09/2020,21.78805431877087,22.760689928356335,21.33629612328696,21.38566780090332,21.38566780090332,14596800
09/09/2020,22.264490724588654,22.985327517896597,21.874448201469704,22.632314682006836,22.632314682006836,15787600
10/09/2020,23.14579256039889,23.343281123468515,21.439974432084473,21.704116821289062,21.704116821289062,15222800
11/09/2020,22.06453308035296,22.185496861352174,20.86972146043997,21.430097579956055,21.430097579956055,15321600
14/09/2020,22.04725548940149,22.5039519213368,21.83989221118075,22.17562484741211,22.17562484741211,10220400
15/09/2020,22.782906555268568,23.039643400439264,22.523700561405366,22.807592391967773,22.807592391967773,9455200
16/09/2020,22.921147361758663,23.014956172316275,22.027507696777647,22.05466079711914,22.05466079711914,11146800
17/09/2020,20.936379242795454,21.713995425552937,20.80307345003056,21.398012161254883,21.398012161254883,12571600
18/09/2020,21.58809647571698,21.649812019539393,20.171108116908847,20.832698822021484,20.832698822021484,16731200
21/09/2020,20.22294334152082,21.012903213500977,19.84277547095554,21.012903213500977,21.012903213500977,15192800
22/09/2020,21.398008865624295,21.864578126738003,20.845038238268888,21.765832901000977,21.765832901000977,9837200
23/09/2020,21.728801749583884,21.74608202167404,20.30193907771315,20.427839279174805,20.427839279174805,11753600
24/09/2020,20.040266748137192,21.143740713284224,19.988425929538078,20.632736206054688,20.632736206054688,14940400
25/09/2020,20.709264339402868,21.718931450190407,20.467340501987795,21.61031150817871,21.61031150817871,9966800
28/09/2020,22.39039195389097,22.491606319999473,21.958383274313295,22.476795196533203,22.476795196533203,7680400
29/09/2020,22.41755071308167,22.570605920519423,22.192907141222467,22.274372100830078,22.274372100830078,7970800
30/09/2020,22.301525384409537,23.111234806035636,22.276839546470462,22.624916076660156,22.624916076660156,11083200
01/10/2020,23.232193849833447,23.43215156077912,22.921147056822473,23.311189651489258,23.311189651489258,10772400
02/10/2020,22.27931129389256,22.89646673139651,21.849771636744315,21.997888565063477,21.997888565063477,15080400
05/10/2020,22.313864763131672,22.977924405739735,22.303990053257728,22.950769424438477,22.950769424438477,8582000
06/10/2020,22.79278407511136,23.096423482401807,21.950983191060516,22.09910011291504,22.09910011291504,11046000
07/10/2020,22.540983680017032,23.00014745751962,22.457051447966094,22.908809661865234,22.908809661865234,5386400
08/10/2020,23.26922416964561,23.28403529428925,22.93596068130405,23.116168975830078,23.116168975830078,6250000
09/10/2020,23.377840794682488,23.827129754377232,23.32599997818791,23.817256927490234,23.817256927490234,8204400
12/10/2020,24.62202752074544,25.772405913293113,24.439350077821164,25.281150817871094,25.281150817871094,11895200
13/10/2020,25.604541194275317,25.71809755147827,25.04416308762904,25.263870239257812,25.263870239257812,10455200
14/10/2020,25.434200683014,25.594661417259797,24.55784139867019,24.861480712890625,24.861480712890625,9660000
15/10/2020,24.0246237349672,24.6319043820916,23.920942086694208,24.510942459106445,24.510942459106445,9642000
16/10/2020,24.81704718878187,25.061440146110957,24.21717219649528,24.254201889038086,24.254201889038086,10963200
19/10/2020,24.58499925467519,24.74792916869978,23.28403662483087,23.437091827392578,23.437091827392578,9526400
20/10/2020,23.592615495656716,24.0888089423132,23.321067508541322,23.582740783691406,23.582740783691406,10346800
21/10/2020,23.5950830574871,24.041902914263794,23.439558708755044,23.52349281311035,23.52349281311035,7973200
22/10/2020,23.671610391946786,23.812321736042005,22.970522820218633,23.530899047851562,23.530899047851562,9636000
23/10/2020,23.637046813964844,23.637046813964844,23.12604232632565,23.637046813964844,23.637046813964844,6109600
26/10/2020,23.20997486659386,23.69876267547525,22.291649394982283,22.889055252075195,22.889055252075195,13420000
27/10/2020,23.05939180081934,23.39265529000486,22.86683776292178,23.242069244384766,23.242069244384766,9899200
28/10/2020,22.50888412399932,22.59281632565045,21.402941196835037,21.442440032958984,21.442440032958984,16731600
29/10/2020,21.672028476743172,22.676757356646462,21.58315795165124,22.1558780670166,22.1558780670166,11930800
30/10/2020,21.85964655002228,21.995419617471686,20.689518473740144,21.10671615600586,21.10671615600586,14191200
02/11/2020,21.427633541892963,21.706587069523,20.687047155192634,21.165958404541016,21.165958404541016,8594800
03/11/2020,21.437505584091905,22.217590786866868,21.29679425111142,21.874452590942383,21.874452590942383,8650800
04/11/2020,23.301313595055753,24.123364844544632,23.032234808628328,23.832067489624023,23.832067489624023,12656400
05/11/2020,24.933069257587558,25.239177699336334,24.67880162491984,25.086124420166016,25.086124420166016,10176000
06/11/2020,24.94541629040519,25.231775350844494,24.301106050156278,25.128093719482422,25.128093719482422,7578400
09/11/2020,25.577381369699282,25.86620956381836,24.019682179975515,24.064117431640625,24.064117431640625,14152400
10/11/2020,23.523492965927723,23.762949537162083,22.758220727500326,23.239601135253906,23.239601135253906,11485600
11/11/2020,23.6172985138967,24.3356681854755,23.56545769482532,24.269014358520508,24.269014358520508,7230400
12/11/2020,24.399850994196974,24.644245848624738,23.837005662924252,24.039432525634766,24.039432525634766,6288800
13/11/2020,24.308512884807488,24.55290585250366,23.940688859004975,24.48131561279297,24.48131561279297,4542000
16/11/2020,24.397384530050616,24.883703222913987,24.301108450930396,24.807174682617188,24.807174682617188,5726400
17/11/2020,24.863953128699432,24.9207303618212,24.55537547744653,24.646713256835938,24.646713256835938,4220000
18/11/2020,24.572656409822017,24.854079084642063,24.293702883632616,24.29863929748535,24.29863929748535,5259600
19/11/2020,24.209773027099875,24.738057922202767,24.093747505420556,24.666467666625977,24.666467666625977,4780800
20/11/2020,24.683744541460957,24.79730089842677,24.340606321840085,24.350481033325195,24.350481033325195,3907200
23/11/2020,24.52081563656347,24.74052277990312,23.965375848330034,24.348011016845703,24.348011016845703,6552800
24/11/2020,24.52821992597365,25.115751082338875,24.222111430367345,25.044160842895508,25.044160842895508,5338800
25/11/2020,25.19968774785825,25.449017153645688,25.05650725438653,25.35767936706543,25.35767936706543,5023600
27/11/2020,25.66378629705318,25.999518937831333,25.626756601609838,25.80696678161621,25.80696678161621,3326400
30/11/2020,25.856338805935064,25.96002233127232,25.076255459422523,25.873619079589844,25.873619079589844,5148000
01/12/2020,26.29328771771462,26.858602258491526,26.115546671114704,26.611740112304688,26.611740112304688,4608000
02/12/2020,26.347595052396457,26.69813881285522,26.02420439256274,26.631484985351562,26.631484985351562,4815200
03/12/2020,26.666046080471066,26.986967598340343,26.58211386148257,26.693201065063477,26.693201065063477,5140400
04/12/2020,26.717885114272043,26.947466935756232,26.591984919675347,26.944997787475586,26.944997787475586,3401200
07/12/2020,26.95734154608766,27.290606899923,26.92771929839273,27.228891372680664,27.228891372680664,3628000
08/12/2020,27.144964284383246,27.46341671317884,26.819106291752,27.396764755249023,27.396764755249023,3881600
09/12/2020,27.38688054164686,27.416502786713338,25.974829102291537,26.194536209106445,26.194536209106445,8483600
10/12/2020,25.80449584627486,26.57964271467353,25.614412851826494,26.3648738861084,26.3648738861084,7340000
11/12/2020,26.073579152882434,26.280942440466056,25.673661819588666,26.268600463867188,26.268600463867188,6267200
14/12/2020,26.448810191785196,26.989438894625156,26.448810191785196,26.611740112304688,26.611740112304688,5519200
15/12/2020,27.05115125205908,27.204204559326172,26.65617224126071,27.204204559326172,27.204204559326172,3863600
16/12/2020,27.28813882934911,27.653493710346368,27.102992240308897,27.5053768157959,27.5053768157959,5317200
17/12/2020,27.806547912382477,27.907762281491788,27.5819043717142,27.863327026367188,27.863327026367188,4388400
18/12/2020,27.996634270233432,28.033662081952333,27.26098431507862,27.670774459838867,27.670774459838867,7573200
21/12/2020,27.154831494794884,27.690521809537824,26.638890600429807,27.599184036254883,27.599184036254883,7365200
22/12/2020,27.759647433504128,27.910233492527105,27.22395703122695,27.732492446899414,27.732492446899414,6357600
23/12/2020,27.747302471342167,27.80901800091214,27.431319261289257,27.456005096435547,27.456005096435547,4632800
24/12/2020,27.50784553851586,27.774457074624657,27.50043997641425,27.69546127319336,27.69546127319336,2612400
28/12/2020,28.169439794244614,28.34224254408418,27.84358183496949,28.258310317993164,28.258310317993164,4510800
29/12/2020,28.505169541613213,28.616256743200186,28.14228192076327,28.310148239135742,28.310148239135742,4793200
30/12/2020,28.51751245482298,28.57676072213102,28.189187253015053,28.285463333129883,28.285463333129883,3214800
31/12/2020,28.292866856382187,28.522448696279294,28.09537641307406,28.416297912597656,28.416297912597656,4652000
04/01/2021,28.69031836770618,28.715004205158298,26.898098694234225,27.61646842956543,27.61646842956543,10180000
05/01/2021,27.45106592575835,28.120063902406155,27.44366036379099,28.065753936767578,28.065753936767578,8942800
06/01/2021,27.226424787025778,28.087973101070848,27.026467062629546,27.31282615661621,27.31282615661621,9966000
07/01/2021,27.791738913167087,28.776718279754636,27.791738913167087,28.64588165283203,28.64588165283203,6424400
08/01/2021,29.05566771173088,29.42102443956681,28.64587761504495,29.366714477539062,29.366714477539062,9081200
11/01/2021,28.794000487864405,29.016176795399055,28.379272008269293,28.492828369140625,28.492828369140625,8142800
12/01/2021,28.52244745735512,28.71746874371347,27.927508888202745,28.423702239990234,28.423702239990234,6837200
13/01/2021,28.468138037706264,28.942112830026108,28.35951810818815,28.791526794433594,28.791526794433594,4868400
14/01/2021,28.870522974649205,29.063077002268933,28.403953738011545,28.475543975830078,28.475543975830078,5456400
15/01/2021,28.45579681104526,28.623663134278075,27.82383036283163,28.033662796020508,28.033662796020508,5389200
19/01/2021,28.460730779209275,28.93964383981656,28.265709500749693,28.863115310668945,28.863115310668945,6685200
20/01/2021,29.512368748985356,30.36404235434124,29.45805877838831,30.1838321685791,30.1838321685791,5584400
21/01/2021,30.378851609440936,30.81086031552927,30.186299458929778,30.692367553710938,30.692367553710938,6775200
22/01/2021,30.49981689453125,30.689899905804758,30.36404196975833,30.49981689453125,30.49981689453125,5576800
25/01/2021,31.15153250795883,31.4033310496004,29.746886398167877,31.040443420410156,31.040443420410156,14268400
26/01/2021,31.144121455742006,31.307049451988988,30.835543850402498,31.08487319946289,31.08487319946289,9333200
27/01/2021,30.640524045913534,30.642991310820538,28.969266600610354,29.411149978637695,29.411149978637695,12130800
28/01/2021,29.56914489358176,30.628183630913522,29.467932402175105,29.704919815063477,29.704919815063477,9271200
29/01/2021,29.36672009925432,29.579021691417655,28.110192704235416,28.480485916137695,28.480485916137695,11287200
01/02/2021,29.100106584804745,30.050527271730957,28.742157257313853,29.880191802978516,29.880191802978516,9096400
02/02/2021,30.438101200465105,31.05525652177698,30.401071504504678,30.8602352142334,30.8602352142334,6991600
03/02/2021,31.228059719327177,31.307055526284785,30.58374940369446,30.593624114990234,30.593624114990234,7540400
04/02/2021,30.875046103124028,31.326804246887367,30.60596728912606,31.3243350982666,31.3243350982666,4824400
05/02/2021,31.51194928308339,31.721781703663282,31.186091367378207,31.54404067993164,31.54404067993164,7433200
08/02/2021,31.860024378297712,31.97358261009092,31.54651031682346,31.939022064208984,31.939022064208984,5049200
09/02/2021,31.763746746535947,32.178477043615736,31.763746746535947,31.92914390563965,31.92914390563965,3492400
10/02/2021,32.19822959021867,32.28957115048442,31.156472861304618,31.773630142211914,31.773630142211914,5258800
11/02/2021,32.092075958613435,32.208101457655324,31.662534508959393,32.12663650512695,32.12663650512695,4302000
12/02/2021,31.971110326382224,32.51914450877929,31.76127979417775,32.48211669921875,32.48211669921875,3381600
16/02/2021,32.64011461520927,32.822793966969684,32.079736465564096,32.31425476074219,32.31425476074219,4618800
17/02/2021,31.719313584378643,32.05010790476439,31.272491888583737,32.000736236572266,32.000736236572266,6291600
18/02/2021,31.287308091848065,31.852622636446142,30.93429514507839,31.709442138671875,31.709442138671875,5330400
19/02/2021,31.980988632947042,31.998267022728392,31.250275095010547,31.442829132080078,31.442829132080078,4489600
22/02/2021,30.57634057664142,30.825671830866664,29.781444294578982,29.813535690307617,29.813535690307617,8728800
23/02/2021,28.79399981919622,29.9468455593874,27.700400465168865,29.628393173217773,29.628393173217773,17403200
24/02/2021,29.119858672727474,30.178897510770938,28.60885410309617,30.112245559692383,30.112245559692383,9657200
25/02/2021,29.593833527025467,30.09002697023039,27.717681585068572,27.979354858398438,27.979354858398438,16296800
26/02/2021,28.549604182206874,29.134666193592366,27.670773765754824,28.27558708190918,28.27558708190918,19246400
01/03/2021,29.186506461376542,30.006088545394746,28.92730050701253,29.946840286254883,29.946840286254883,8928000
02/03/2021,30.062866761879125,30.077677885447212,28.937176168903004,28.976673126220703,28.976673126220703,7660000
03/03/2021,28.77671888214299,28.949521622562123,27.288140515618416,27.307889938354492,27.307889938354492,11431200
04/03/2021,27.216547343349433,27.80161121596819,25.695875857589744,26.39202880859375,26.39202880859375,26453600
05/03/2021,26.873411276848564,27.34985525695727,25.278682163567712,27.201738357543945,27.201738357543945,17203600
08/03/2021,27.090649083445165,27.431320021493878,25.577384934479337,25.653911590576172,25.653911590576172,11614000
09/03/2021,26.9301867226698,28.006505674813162,26.84625450915997,27.683116912841797,27.683116912841797,8753600
10/03/2021,28.45579414195037,28.561944922911586,27.39428821574665,27.517719268798828,27.517719268798828,14217200
11/03/2021,28.384210441671584,29.095172745774892,28.213874957845377,28.79400062561035,28.79400062561035,8259600
12/03/2021,28.013915304712253,28.334834943250254,27.584373843016007,28.312618255615234,28.312618255615234,9356400
15/03/2021,28.36445900090593,28.94458462741766,28.06575605080259,28.924835205078125,28.924835205078125,5027200
16/03/2021,29.317346563334738,29.882661056962448,28.961864499783342,29.24081802368164,29.24081802368164,7150400
17/03/2021,28.658225936383513,29.823415579504953,28.334837124301718,29.472871780395508,29.472871780395508,8042000
18/03/2021,28.549607448047055,28.724879345000996,27.579439142788825,27.65596580505371,27.65596580505371,12377600
19/03/2021,27.636217504653512,28.134880112566485,27.23876928434787,27.905298233032227,27.905298233032227,9916800
22/03/2021,28.27311903691573,29.26550583981111,28.27311903691573,28.907554626464844,28.907554626464844,8472000
23/03/2021,29.085292499338447,29.33956016057939,28.492823083620795,28.608848571777344,28.608848571777344,9600400
24/03/2021,28.9050854832792,28.9050854832792,27.655963726077417,27.66090202331543,27.66090202331543,8714800
25/03/2021,27.33010494908022,27.848515021930517,26.878346819612865,27.581905364990234,27.581905364990234,10858000
26/03/2021,27.537470758125657,28.4582654283632,27.290608633475166,28.403955459594727,28.403955459594727,8796400
29/03/2021,28.30768030908572,28.57676101314297,27.769520784379825,28.379270553588867,28.379270553588867,8086400
30/03/2021,28.023787399031512,28.20399757768056,27.59918612915936,28.102783203125,28.102783203125,6412400
31/03/2021,28.428641638791195,29.235879913969992,28.36198781403745,28.929771423339844,28.929771423339844,6393600
01/04/2021,29.680231707506543,29.96659076988263,29.628389008066492,29.944374084472656,29.944374084472656,6406000
05/04/2021,30.415878760827272,31.27742695244103,30.3665070947655,31.144123077392578,31.144123077392578,7248400
06/04/2021,31.070067124381726,31.462576998100253,30.95651077317872,31.077472686767578,31.077472686767578,5124000
07/04/2021,31.003415185500888,31.39345781779979,30.820737729685813,31.23052978515625,31.23052978515625,4508400
08/04/2021,31.798304106335706,31.921735147050814,31.63290696379543,31.887174606323242,31.887174606323242,3505600
09/04/2021,31.62057875810426,32.30438811685062,31.48974209152924,32.2772331237793,32.2772331237793,5977600
12/04/2021,32.06491789170784,32.26981388591674,31.81558852774642,32.18341064453125,32.18341064453125,3947200
13/04/2021,32.48211038529376,33.02273890069048,32.45248814340334,32.933868408203125,32.933868408203125,4570000
14/04/2021,32.98570918795217,32.98570918795217,31.980982503522974,32.141441345214844,32.141441345214844,5747600
15/04/2021,32.704284024207475,33.18319701407419,32.68453460776991,33.10667037963867,33.10667037963867,6026800
16/04/2021,33.21529843251147,33.23010955676798,32.82525583754989,33.19554901123047,33.19554901123047,4457600
19/04/2021,32.88697140987743,33.10667854254505,32.20069502842952,32.58333206176758,32.58333206176758,6363600
20/04/2021,32.44015394008095,32.709232762163744,31.7119113979849,32.08713912963867,32.08713912963867,6347600
21/04/2021,31.85755885453701,32.68948303312261,31.65266283317393,32.65492248535156,32.65492248535156,5561200
22/04/2021,32.56851425363475,32.77094297878851,31.637846871354526,31.869897842407227,31.869897842407227,7203600
23/04/2021,31.990856593755478,32.9190604412932,31.990856593755478,32.66972732543945,32.66972732543945,4764400
26/04/2021,32.7166303182116,33.13629509003695,32.56851156730086,33.091861724853516,33.091861724853516,4052800
27/04/2021,33.138766968108,33.17332750862789,32.60801123613261,32.78822326660156,32.78822326660156,4010800
28/04/2021,32.73638549107266,32.9338759380664,32.45249556320583,32.529022216796875,32.529022216796875,5616400
29/04/2021,33.21529407106537,33.301693540155696,32.176003042670025,32.80056381225586,32.80056381225586,6563200
30/04/2021,32.316721401674926,32.807974615312745,32.20316316778077,32.35622024536133,32.35622024536133,4820000
03/05/2021,32.60555250368602,32.75120026493213,31.94395999755704,32.02542495727539,32.02542495727539,5927200
04/05/2021,31.519355384181296,31.58107091384304,30.122114888603374,30.867639541625977,30.867639541625977,9809600
05/05/2021,31.265090348409828,31.428018381128446,30.519565632314333,30.645465850830078,30.645465850830078,6844000
06/05/2021,30.615835300706706,31.151527462630863,30.183826647050353,31.124372482299805,31.124372482299805,7207200
07/05/2021,31.655129103443578,32.08960885241401,31.41814169043033,31.613162994384766,31.613162994384766,5674800
10/05/2021,31.356422327952682,31.38604645723773,29.993744398781757,30.006088256835938,30.006088256835938,8011200
11/05/2021,28.89768089587024,30.092494607628126,28.7841245398757,29.94931411743164,29.94931411743164,8990000
12/05/2021,28.99889428370027,29.44077771587611,28.236089333905785,28.399019241333008,28.399019241333008,9091200
13/05/2021,28.93470838656645,29.37412265164362,28.391612484800874,28.83843231201172,28.83843231201172,9386800
14/05/2021,29.42843129009914,30.272699236580326,29.324749658090937,30.097427368164062,30.097427368164062,8473200
17/05/2021,29.761697831690313,29.899941905401295,29.196383327191462,29.734542846679688,29.734542846679688,6804800
18/05/2021,29.91968761872396,30.139394750651594,29.28525205778749,29.324750900268555,29.324750900268555,6408800
19/05/2021,28.320017832229237,29.453113863921665,28.255833164724756,29.39386749267578,29.39386749267578,13063200
20/05/2021,29.670359736790243,30.694836060219913,29.64073560343333,30.53190803527832,30.53190803527832,9842800
21/05/2021,30.833077773608114,30.90713527622181,30.12211369470272,30.186298370361328,30.186298370361328,10658400
24/05/2021,30.63311521000198,31.42060586349269,30.559057714579833,31.210773468017578,31.210773468017578,6468000
25/05/2021,31.50454361855912,31.637849385924405,31.065127474247564,31.2922420501709,31.2922420501709,5461600
26/05/2021,31.42554957799121,31.598352313844117,31.287305505900317,31.49960708618164,31.49960708618164,4153200
27/05/2021,31.41567767586644,31.583544012879578,31.242873041153917,31.272497177124023,31.272497177124023,3494400
28/05/2021,31.504543597145577,31.77609154526431,31.41073478865129,31.445295333862305,31.445295333862305,5952400
01/06/2021,31.72672138647295,31.815591902220604,31.000946135669963,31.252744674682617,31.252744674682617,4544400
02/06/2021,31.336674351822378,31.534162894058053,31.040438713356437,31.371234893798828,31.371234893798828,3727800
03/06/2021,30.81826672511813,31.070067146870628,30.39860186674202,30.694835662841797,30.694835662841797,4663800
04/06/2021,31.065126550475068,31.845211710361824,31.045379013362904,31.776090621948242,31.776090621948242,6406800
07/06/2021,31.632911681528295,31.958771485686803,31.524291746808792,31.939022064208984,31.939022064208984,4148600
08/06/2021,32.29450122714673,32.45742734782876,31.652658270415525,31.963703155517578,31.963703155517578,4288400
09/06/2021,32.25006877642963,32.398187562368555,31.958773268718197,31.99333381652832,31.99333381652832,3653000
10/06/2021,32.0624545387671,32.67960986163023,31.983456849368384,32.664798736572266,32.664798736572266,3531600
11/06/2021,32.65985833972742,32.827722768682726,32.53148898611537,32.82278823852539,32.82278823852539,2649600
14/06/2021,32.916590814011315,33.4547521393777,32.684539842226876,33.44981384277344,33.44981384277344,3428600
15/06/2021,33.380694100353644,33.44981518832736,32.877093297326006,33.005462646484375,33.005462646484375,3032000
16/06/2021,33.10421487330606,33.31651646689642,32.087140283008914,32.76848220825195,32.76848220825195,6306400
17/06/2021,32.570987439883574,33.80035969462779,32.56111084605285,33.59793472290039,33.59793472290039,5353800
18/06/2021,33.28195967659343,33.50413412359476,32.926477547937075,33.07459259033203,33.07459259033203,5902200
21/06/2021,33.1140822368821,33.54362365074398,32.66972969957959,33.47450256347656,33.47450256347656,7340200
22/06/2021,33.444877860823695,34.19534079031215,33.38069506779276,34.101531982421875,34.101531982421875,3735800
23/06/2021,34.09659087600949,34.368140683413294,33.978098126786286,34.126216888427734,34.126216888427734,4704800
24/06/2021,34.54094661766991,34.86680641696551,34.4224538573883,34.55082321166992,34.55082321166992,3644800
25/06/2021,34.669316831744304,34.72362679964045,34.35333361861239,34.47676467895508,34.47676467895508,3307400
28/06/2021,34.75818680752196,35.33584325694278,34.723626261833964,35.30622100830078,35.30622100830078,2578400
29/06/2021,35.266726023717744,35.56789814058263,35.10873440231464,35.558021545410156,35.558021545410156,2170400
30/06/2021,35.52839364378024,35.60739132532822,35.330903206727065,35.4543342590332,35.4543342590332,2516400
01/07/2021,35.37040685096243,35.57283561230729,35.10379528975611,35.479026794433594,35.479026794433594,3110000
02/07/2021,35.864127871646275,36.34797927587299,35.8246290290937,36.27885818481445,36.27885818481445,2966600
06/07/2021,36.40228540189796,36.65408202126562,35.84931296495646,36.5849609375,36.5849609375,2962400
07/07/2021,37.04907344775793,37.10832172224895,36.34798581696006,36.713340759277344,36.713340759277344,3650200
08/07/2021,35.68144331377586,36.48127780741526,35.41483558271246,36.3183479309082,36.3183479309082,6300600
09/07/2021,36.180114044210185,36.85651765280608,36.06162127365624,36.75777053833008,36.75777053833008,3614200
12/07/2021,37.04413049699876,37.13793931145584,36.71333614797888,37.03919219970703,37.03919219970703,3513200
13/07/2021,36.96513523214376,37.66622274942526,36.86145359368526,37.02437973022461,37.02437973022461,5558200
14/07/2021,37.53785240255061,37.66128345938752,36.9996948028138,37.152748107910156,37.152748107910156,4879000
15/07/2021,37.14780647806104,37.17743249047939,36.22454466651797,36.629398345947266,36.629398345947266,5503400
16/07/2021,36.83182426260614,37.02437639767137,35.977683513074055,36.041866302490234,36.041866302490234,4855200
19/07/2021,35.31609800191639,35.558021850272766,34.921120828430915,35.449405670166016,35.449405670166016,13662600
20/07/2021,35.656766641864735,36.575094066345855,35.3012845721537,36.273921966552734,36.273921966552734,7660800
21/07/2021,36.1949196346646,36.83182430007312,36.14060967171232,36.8071403503418,36.8071403503418,4796800
22/07/2021,36.88613411137148,37.32061004638672,36.88613411137148,37.32061004638672,37.32061004638672,4153800
23/07/2021,37.60698107624319,38.243885909967496,37.34036948769689,38.16982650756836,38.16982650756836,4845600
26/07/2021,38.046390423987496,38.33275139998098,37.85877656048341,38.25375747680664,38.25375747680664,4782000
27/07/2021,38.18956796233304,38.19944455622773,36.51584314478749,37.41442108154297,37.41442108154297,8540200
28/07/2021,37.641535244645,38.02170502130418,37.16756042321893,37.681034088134766,37.681034088134766,6524600
29/07/2021,37.582292832969316,38.066140508724764,37.57241623813996,37.82915496826172,37.82915496826172,3819200
30/07/2021,36.98981760898093,37.542790090696755,36.97006818818927,37.42429733276367,37.42429733276367,4870600
02/08/2021,37.77485087673845,37.893343665413155,37.305810486587255,37.419368743896484,37.419368743896484,9445200
03/08/2021,37.582293048766346,37.89333798496658,36.89107831261523,37.87358856201172,37.87358856201172,5711400
04/08/2021,37.86864374833216,38.18956522419598,37.6415310736575,37.997013092041016,37.997013092041016,3463000
05/08/2021,38.155011541390344,38.510493623684354,38.01183104897652,38.47593307495117,38.47593307495117,3099200
06/08/2021,38.18956807766559,38.396931348277654,37.89333429581737,38.12538528442383,38.12538528442383,3444800
09/08/2021,38.22412725797884,38.377184323808784,37.992076277657745,38.26362609863281,38.26362609863281,2604800
10/08/2021,38.367310729420325,38.43149352538764,37.616851532415176,37.87852478027344,37.87852478027344,3344000
11/08/2021,38.14019691908951,38.24387855578356,37.45392053800723,37.75509262084961,37.75509262084961,2856600
12/08/2021,37.62672849495013,38.08589224515938,37.350244092008644,38.02170944213867,38.02170944213867,2949200
13/08/2021,38.08589440336671,38.342633163633074,37.99208557555965,38.26857376098633,38.26857376098633,2254400
16/08/2021,38.03157951554175,38.31300219581016,37.21199919470386,38.29819107055664,38.29819107055664,4969200
17/08/2021,37.71559858160552,37.92296188140281,37.113254339207955,37.62672805786133,37.62672805786133,4737200
18/08/2021,37.523043312559835,37.809404283981266,36.83182860343873,36.89601516723633,36.89601516723633,4988200
19/08/2021,36.486224651978944,37.606977098095676,36.43685297787472,37.26137161254883,37.26137161254883,10185200
20/08/2021,37.46379238013783,38.1056353715384,37.419359008501736,38.03651428222656,38.03651428222656,5549600
23/08/2021,38.248811968603306,39.310319685135724,38.248811968603306,39.162200927734375,39.162200927734375,3810000
24/08/2021,39.30044358885878,39.532494553871594,39.18688913799072,39.40412521362305,39.40412521362305,2759000
25/08/2021,39.46337756086663,39.616430865646116,39.295509365171185,39.44856643676758,39.44856643676758,3226400
26/08/2021,39.315254955175874,39.45350088920186,38.905466750038315,38.98939895629883,38.98939895629883,3864400
27/08/2021,39.12764489478172,39.83860898531753,39.023963259381404,39.75467300415039,39.75467300415039,3742200
30/08/2021,39.907725363727856,40.73718211581438,39.907725363727856,40.648311614990234,40.648311614990234,3975800
31/08/2021,40.68782317030192,40.68782317030192,40.22865940032484,40.56439208984375,40.56439208984375,3753200
01/09/2021,40.801366479057464,41.15191019952357,40.658186012926244,40.707557678222656,40.707557678222656,3672200
02/09/2021,40.99392432527007,41.063045419684244,40.39158013096049,40.6581916809082,40.6581916809082,3180400
03/09/2021,40.39651271991386,40.99391853254277,40.39651271991386,40.91492462158203,40.91492462158203,2811800
07/09/2021,40.91986306537061,41.16179065159198,40.673000948928625,41.013671875,41.013671875,3041800
08/09/2021,40.97911368861124,40.97911368861124,40.23358899932649,40.74706268310547,40.74706268310547,4814600
09/09/2021,40.77175291050271,41.01861505633988,40.39652139412134,40.426143646240234,40.426143646240234,3812200
10/09/2021,40.85568099011489,40.96923922307604,39.759612571133474,39.82379913330078,39.82379913330078,5649800
13/09/2021,40.33233075543177,40.42613579118715,39.325132944102926,39.76948547363281,39.76948547363281,6193600
14/09/2021,40.09040616855064,40.25333606929659,39.339946992619794,39.537437438964844,39.537437438964844,5696600
15/09/2021,39.65099674070961,40.20890760221467,39.14739961956347,40.12003707885742,40.12003707885742,3364000
16/09/2021,39.853420869195645,40.3076462615568,39.42387942850502,40.194091796875,40.194091796875,3707200
17/09/2021,40.09040971358931,40.09040971358931,39.004217812869236,39.241207122802734,39.241207122802734,5933400
20/09/2021,37.96739206729196,38.35249634398833,36.604712208598315,37.606971740722656,37.606971740722656,14432400
21/09/2021,37.987144474954896,38.238941126863814,37.46379421575809,37.681034088134766,37.681034088134766,7007000
22/09/2021,37.89826989621382,38.70797726683395,37.666218924118425,38.4018669128418,38.4018669128418,6998800
23/09/2021,38.63391838445253,39.330071309739594,38.505549038626185,39.10295486450195,39.10295486450195,6841200
24/09/2021,38.60924149539775,39.27083406313079,38.549996985953236,39.167152404785156,39.167152404785156,3990600
27/09/2021,38.51048094199677,38.73759358271369,38.001945706607124,38.559852600097656,38.559852600097656,6146800
28/09/2021,37.58229465841141,37.715598560544535,36.26404792913918,36.35785675048828,36.35785675048828,12348400
29/09/2021,36.63927896433011,37.06882045098972,36.12087072196581,36.268985748291016,36.268985748291016,7409000
30/09/2021,36.59484888610463,36.93058158292458,35.90857236517846,35.92831802368164,35.92831802368164,8754400
01/10/2021,36.0863029735668,36.629402652225004,35.256849864671416,36.41216278076172,36.41216278076172,9564600
04/10/2021,36.076425561217064,36.15048494133258,34.427388613606624,34.901363372802734,34.901363372802734,12422000
05/10/2021,35.08898231591114,36.283794097524854,35.069232893882344,35.83450698852539,35.83450698852539,8216200
06/10/2021,35.16797660279505,36.343038848735155,34.98035899507529,36.283790588378906,36.283790588378906,8508200
07/10/2021,36.910829930765686,37.49342475872233,36.81702110785532,36.95032501220703,36.95032501220703,5256200
08/10/2021,37.18237101668173,37.216931562537326,36.47141067810704,36.57509231567383,36.57509231567383,4585000
11/10/2021,36.26898565212948,36.98488812799739,35.9974395545112,36.01718521118164,36.01718521118164,4333000
12/10/2021,36.31835300805864,36.397350692614594,35.63207663245073,35.7752571105957,35.7752571105957,4932400
13/10/2021,36.22948430975409,36.46647360846717,35.82956887041897,36.338104248046875,36.338104248046875,4573400
14/10/2021,37.07868653886566,37.71559120668893,36.94538266272437,37.67115783691406,37.67115783691406,5528000
15/10/2021,37.927897904779755,38.164887209492754,37.71559632005546,38.145137786865234,38.145137786865234,3799000
18/10/2021,37.87358208352156,38.949900966138905,37.7501510362802,38.915340423583984,38.915340423583984,4577800
19/10/2021,39.14246044895022,39.50781536268504,38.99927995524475,39.483131408691406,39.483131408691406,3963600
20/10/2021,39.60162195338529,39.72011471961275,39.07333715238385,39.389320373535156,39.389320373535156,3802200
21/10/2021,39.2214531274909,39.90772948993876,39.147393741344096,39.8731689453125,39.8731689453125,3066600
22/10/2021,39.59174888607141,39.79911216741864,38.8363513848657,39.191829681396484,39.191829681396484,4902400
25/10/2021,39.50287892590428,40.194093640268505,39.08814859055888,39.99166488647461,39.99166488647461,4804600
26/10/2021,40.48538650073896,41.00873297451344,39.996600572085114,40.213836669921875,40.213836669921875,5430600
27/10/2021,40.35208252320103,41.09760339004013,40.29283426021073,40.42120361328125,40.42120361328125,3991600
28/10/2021,40.84580877478976,41.37902810089771,40.68781716579165,41.3345947265625,41.3345947265625,3595800
29/10/2021,40.6433763951393,41.76906697957752,40.56931701104378,41.739444732666016,41.739444732666016,4382400
01/11/2021,41.83819088457736,42.035681333193466,41.369154365078984,42.020870208740234,42.020870208740234,4304600
02/11/2021,41.87769165930624,42.475097562983464,41.87275336198837,42.3763542175293,42.3763542175293,3240400
03/11/2021,42.465223659532434,43.353925046560924,42.2430454876625,43.26999282836914,43.26999282836914,4803400
04/11/2021,43.551412639873476,44.58823274007515,43.423043289009094,44.366058349609375,44.366058349609375,5058800
05/11/2021,44.77585084911563,44.993086945120254,44.13894615142093,44.45492935180664,44.45492935180664,5388000
08/11/2021,44.445057215526475,44.677108225574216,44.183383954601915,44.33644104003906,44.33644104003906,3865800
09/11/2021,44.583297958476514,44.657353577002716,43.408231920303294,43.70940399169922,43.70940399169922,5863000
10/11/2021,43.07249730889934,43.719278559655216,41.99617842332679,42.43559265136719,42.43559265136719,7582200
11/11/2021,43.10212596163286,43.1366865063994,42.583714023317896,42.672584533691406,42.672584533691406,4129000
12/11/2021,42.914522369897405,43.67979666855513,42.563978510773225,43.56623840332031,43.56623840332031,3584400
15/11/2021,43.827898857059225,43.8970237157045,42.98363086388492,43.551414489746094,43.551414489746094,4993600
16/11/2021,43.378611711405924,44.26731684365183,43.34898946260339,44.163631439208984,44.163631439208984,5156400
17/11/2021,44.2327510625164,44.66229248997813,43.995765546329615,44.203128814697266,44.203128814697266,3583800
18/11/2021,44.667234931808814,45.225141996135996,44.15869954070061,45.11158752441406,45.11158752441406,6605000
19/11/2021,45.48680608002099,45.906474634781695,45.29425395653109,45.61023712158203,45.61023712158203,4075600
22/11/2021,45.97066798791291,46.67669385861344,44.53392852579795,44.56848907470703,44.56848907470703,8661600
23/11/2021,44.29200710007585,44.75610915373489,43.13175573274577,44.148826599121094,44.148826599121094,8533200
24/11/2021,43.57610628070414,44.48455715352725,43.04782144846481,44.45987319946289,44.45987319946289,5404800
26/11/2021,43.813085876971975,44.13400737076348,42.430660332140896,42.682456970214844,42.682456970214844,9370400
29/11/2021,43.76371951727631,44.800539743370265,43.605727899650724,44.578365325927734,44.578365325927734,6771400
30/11/2021,44.370994267187434,44.91409012228351,42.815762316872174,43.25517654418945,43.25517654418945,13698400
01/12/2021,44.26238183702593,44.73141838974664,41.709828249120804,41.788822174072266,41.788822174072266,10846200
02/12/2021,41.52220848622515,42.78120682483012,41.196352441425105,42.405975341796875,42.405975341796875,12959800
03/12/2021,42.67752121781662,42.90957219540138,40.00153318072541,40.92973709106445,40.92973709106445,13186200
06/12/2021,41.02354371707443,41.87274997993185,40.110154661537564,41.60120391845703,41.60120391845703,9277400
07/12/2021,43.0280627065566,44.208063186256965,43.0280627065566,44.1043815612793,44.1043815612793,8152800
08/12/2021,44.14882203743759,44.50924240147184,43.719284345772884,44.47468185424805,44.47468185424805,6692400
09/12/2021,44.19818549997837,44.59810463421824,43.11199384600085,43.1613655090332,43.1613655090332,7616200
10/12/2021,43.78347179607969,44.143892198417916,43.077445884774015,44.09451675415039,44.09451675415039,6575600
13/12/2021,44.08463256027867,44.14388081803486,42.73676388915386,42.81576156616211,42.81576156616211,6913800
14/12/2021,41.714760335492905,42.33685393786003,40.95936284459849,41.956687927246094,41.956687927246094,9612800
15/12/2021,41.86287754546101,43.90689553833495,40.98898355663095,43.83283615112305,43.83283615112305,11968200
16/12/2021,44.0599487927079,44.14388477375478,41.216099968272815,41.59132766723633,41.59132766723633,12277000
17/12/2021,40.80137028127121,42.07517970543253,40.48044877671347,41.166725158691406,41.166725158691406,13475200
20/12/2021,40.095341215067336,40.51994432190083,39.66086528178461,40.33726501464844,40.33726501464844,11559800
21/12/2021,41.05811423903377,42.22330011142932,40.24840292860289,42.14430618286133,42.14430618286133,8665800
22/12/2021,42.080118874071424,43.21568237249752,41.94187292195182,43.181121826171875,43.181121826171875,7392600
23/12/2021,43.25024483924374,44.163633975678515,43.2206225887399,43.842716217041016,43.842716217041016,7158600
27/12/2021,44.13895249538357,45.25970498176898,44.10932647640274,45.24983215332031,45.24983215332031,7256800
28/12/2021,45.47199554608665,45.546054925344826,44.652415378261345,44.8795280456543,44.8795280456543,8987400
29/12/2021,44.88940233567611,45.16589044280256,44.29199651932574,44.840030670166016,44.840030670166016,6671800
30/12/2021,44.785718980664356,45.27944315035548,44.430236975796106,44.52898406982422,44.52898406982422,5771200
31/12/2021,44.40061912453707,44.706729496089814,43.89702207901931,43.95132827758789,43.95132827758789,10505200
03/01/2022,44.26237150095408,44.909148942302835,43.78839676147526,44.864715576171875,44.864715576171875,12321800
04/01/2022,44.9684069226793,44.97827975057149,42.96882214437244,43.689659118652344,43.689659118652344,12080400
05/01/2022,43.29961123644934,43.55141163550261,40.949486734674636,40.97417068481445,40.97417068481445,19416000
06/01/2022,40.579194693836236,41.64563704626148,40.10028159955531,40.944549560546875,40.944549560546875,21080800
07/01/2022,40.92480153100758,41.30003300425402,39.66086869499894,40.04103469848633,40.04103469848633,14856400
10/01/2022,38.989409301627056,40.203970650284944,37.824219630527445,40.134849548339844,40.134849548339844,26443400
11/01/2022,39.91759811398891,41.32471123535603,39.478183907085075,41.31483840942383,41.31483840942383,21613000
12/01/2022,41.88263656144333,42.21836926247602,41.122300627727604,41.640708923339844,41.640708923339844,16403600
13/01/2022,41.907313698303,42.070243607616426,39.33501076397326,39.532501220703125,39.532501220703125,21576200
14/01/2022,38.98941124562069,40.09041440065424,38.96472352220186,40.03116989135742,40.03116989135742,23671400
18/01/2022,38.75735781395973,39.216521566759596,37.86371803025513,38.06614303588867,38.06614303588867,19022800
19/01/2022,38.332753272958094,38.87091470357318,37.137941404585526,37.187313079833984,37.187313079833984,21533600
20/01/2022,37.843963988588676,38.68329369516757,36.10605254338518,36.20479965209961,36.20479965209961,18105000
21/01/2022,35.770317967017014,36.30354102469892,34.15090314011655,34.165714263916016,34.165714263916016,30147800
24/01/2022,33.08939145281318,34.649561602100675,30.793575245309793,34.580440521240234,34.580440521240234,40041000
25/01/2022,33.19308027283972,34.0719087633438,32.24512692751181,32.85240936279297,32.85240936279297,45231000
26/01/2022,34.38788784496602,35.14822348895912,32.082196965544874,32.906715393066406,32.906715393066406,26151200
27/01/2022,33.73123370762007,34.0817774013777,31.943950932259703,32.141441345214844,32.141441345214844,31453800
28/01/2022,32.50679755227927,34.20027160644531,31.5539116366935,34.20027160644531,34.20027160644531,34542600
31/01/2022,34.41750626575152,36.456585425325216,34.1064614414553,36.39240264892578,36.39240264892578,15154800
01/02/2022,36.60471463811249,36.965134988603474,35.54814507203892,36.82688903808594,36.82688903808594,14213600
02/02/2022,37.70571920072986,37.74521427467261,36.58002483998388,37.44404220581055,37.44404220581055,14866600
03/02/2022,35.39509410985858,36.08137054358397,34.17065626326799,34.373085021972656,34.373085021972656,20256200
04/02/2022,34.48664082356609,35.90363088865096,34.07684875977542,35.251914978027344,35.251914978027344,12168600
07/02/2022,35.34077554921696,35.839434228442435,34.42738662538569,34.69893264770508,34.69893264770508,13006400
08/02/2022,34.45207939574641,35.67157896083528,34.22496668067819,35.479026794433594,35.479026794433594,10682800
09/02/2022,36.352915951742325,36.984886169433594,36.051743851432455,36.984886169433594,36.984886169433594,10437000
10/02/2022,35.48889481887698,36.900946359235995,34.90136557107244,35.3012809753418,35.3012809753418,20919000
11/02/2022,35.28154100005875,35.597524277349336,32.79316986628204,33.07459259033203,33.07459259033203,20967000
14/02/2022,32.91659763191966,33.780615142612966,32.43274993534916,33.16345977783203,33.16345977783203,21453600
15/02/2022,34.15584482243493,34.807560701925965,33.948481535055336,34.787811279296875,34.787811279296875,12314800
16/02/2022,34.313828302094976,34.94579460914079,33.701611412996385,34.75324249267578,34.75324249267578,13161000
17/02/2022,34.08178594088235,34.234839260033745,32.5956748253861,32.689483642578125,32.689483642578125,12042400
18/02/2022,32.84253473055405,32.926470713989694,31.48973137000435,31.934083938598633,31.934083938598633,17350400
22/02/2022,31.356426926970574,32.398187300426535,30.596092997886647,31.28730583190918,31.28730583190918,18384000
23/02/2022,31.87977584923142,32.03776746439378,29.628392508054826,29.6975154876709,29.6975154876709,20689000
24/02/2022,27.76705345380943,31.75634453010705,27.707805186037366,31.687223434448242,31.687223434448242,31324600
25/02/2022,31.8205269400964,32.68454439210479,31.08981714724405,32.664798736572266,32.664798736572266,17812000
28/02/2022,32.03776688024155,33.16839588590168,31.815592470313856,32.916595458984375,32.916595458984375,15971200
01/03/2022,32.645053815829954,33.08446816495641,31.366305851778975,31.835346221923828,31.835346221923828,15366600
02/03/2022,32.136505901225156,33.13876917673344,31.603286635782727,32.88203048706055,32.88203048706055,13087800
03/03/2022,33.435005668514584,33.43994396555438,31.598350918675838,31.94395637512207,31.94395637512207,13261400
04/03/2022,31.49467054076982,31.77115491697952,30.586217840205336,31.045381546020508,31.045381546020508,12057200
07/03/2022,31.030567090972845,31.242868660469142,28.700190006928995,28.739686965942383,28.739686965942383,15477000
08/03/2022,28.59156724473954,30.21098195563633,27.860855682910294,28.458261489868164,28.458261489868164,29354000
09/03/2022,29.95918761399646,30.75902037092988,29.485212786436545,30.54178237915039,30.54178237915039,15465000
10/03/2022,29.741948641976773,30.05793184993582,29.006298705677725,29.855504989624023,29.855504989624023,14806400
11/03/2022,30.38378937126772,30.43809933756461,28.507637685987294,28.591569900512695,28.591569900512695,11842600
14/03/2022,28.374334318794585,28.976676645761547,27.367136358844522,27.510316848754883,27.510316848754883,17040600
15/03/2022,27.964539706839872,29.35190545236339,27.678180636693416,29.208724975585938,29.208724975585938,17767800
16/03/2022,29.93450399432575,31.40086384336052,29.26797507802932,31.39592742919922,31.39592742919922,21507400
17/03/2022,31.035506374552142,32.12663650512695,30.77876954087421,32.12663650512695,32.12663650512695,13647600
18/03/2022,31.82052741811153,33.514001800160415,31.603291302636006,33.464630126953125,33.464630126953125,14640200
21/03/2022,33.291822994664116,33.72136440520831,32.4129945203519,33.27701187133789,33.27701187133789,13864000
22/03/2022,33.37082176669257,34.73844011079138,33.29676613927917,34.57057189941406,34.57057189941406,13091000
23/03/2022,34.01759643517774,34.708811034035094,33.57324392399683,33.578182220458984,33.578182220458984,12659000
24/03/2022,33.95834766992919,35.07910364062654,33.538682880522394,35.07416534423828,35.07416534423828,14963400
25/03/2022,35.04454495200709,35.26178103595958,34.160778192615915,35.02479553222656,35.02479553222656,13492000
28/03/2022,35.00504945035187,36.10605239868164,34.75818732978072,36.10605239868164,36.10605239868164,13447800
29/03/2022,36.891072408024115,37.453917688291206,36.31835053445176,37.32061004638672,37.32061004638672,13109400
30/03/2022,36.955256340617105,37.286050657061594,36.20479719931441,36.525718688964844,36.525718688964844,10161800
31/03/2022,36.535595284796436,36.60471637993581,35.43952682356179,35.50864791870117,35.50864791870117,18050400
01/04/2022,35.65676191262804,35.80981520746937,34.82730511558741,35.48395919799805,35.48395919799805,13742200
04/04/2022,35.627145282628675,36.915762167331295,35.57283531135256,36.91082763671875,36.91082763671875,10275600
05/04/2022,36.61952586698614,36.76270634817495,35.029733216261285,35.29634475708008,35.29634475708008,15053400
06/04/2022,34.20027622792458,34.422454394588996,33.21776605133849,33.72136688232422,33.72136688232422,18505000
07/04/2022,33.548566798520696,34.32865214585778,32.86229027949386,33.904048919677734,33.904048919677734,23844200
08/04/2022,33.5683084632581,33.706550641344435,32.83759873142548,32.941280364990234,32.941280364990234,16143000
11/04/2022,32.12169324253641,32.30437254119301,31.32679891219313,31.39098358154297,31.39098358154297,12651800
12/04/2022,32.294501354033535,32.635168486631436,30.867636850584987,31.144123077392578,31.144123077392578,17267000
13/04/2022,31.17868697061478,32.580862024886116,31.050317611606943,32.37843704223633,32.37843704223633,9644600
14/04/2022,32.38831023865906,32.49693017699378,30.867640519015822,30.89232635498047,30.89232635498047,13048400
18/04/2022,30.694830350762434,31.37617022396878,30.418346024493587,30.991065979003906,30.991065979003906,10158600
19/04/2022,30.823198448698513,32.43274021222598,30.635582746696628,32.30437088012695,32.30437088012695,10597400
20/04/2022,32.49692975492617,32.57098914526679,31.15893749888933,31.361364364624023,31.361364364624023,11112600
21/04/2022,32.12169751848409,32.60554892610472,29.914751469111504,30.107303619384766,30.107303619384766,15518200
22/04/2022,30.112243126474556,30.33935583164582,28.43357990692923,28.497764587402344,28.497764587402344,17695400
25/04/2022,28.196587442029532,29.2926556940341,27.984285899823092,29.248220443725586,29.248220443725586,20252600
26/04/2022,28.868056924356726,28.892742759682605,26.977092180539884,26.99190330505371,26.99190330505371,17151800
27/04/2022,27.031399451468754,27.999098413603793,26.66110630829795,26.962278366088867,26.962278366088867,22371200
28/04/2022,27.82630098419903,29.188979181132215,27.09065097137125,28.858184814453125,28.858184814453125,21608600
29/04/2022,28.112651961309727,28.73474543480234,26.17231593300109,26.266124725341797,26.266124725341797,21359800
02/05/2022,26.197010534014137,27.184459077398497,25.668725713976198,27.149898529052734,27.149898529052734,41917000
03/05/2022,27.14495898280229,27.599186271234508,26.725294124534393,27.233829498291016,27.233829498291016,15773400
04/05/2022,27.29801617756624,29.159356958563823,26.364877579991642,29.060611724853516,29.060611724853516,26193600
05/05/2022,28.245963518989104,28.275587651626562,25.520605468824172,26.172321319580078,26.172321319580078,21008600
06/05/2022,25.767463550328728,26.4586781362212,24.79976463680585,25.51566505432129,25.51566505432129,23935200
09/05/2022,24.547969315760387,24.947884736637743,23.254410477239624,23.49139976501465,23.49139976501465,20535800
10/05/2022,24.651650283463265,24.839266013110038,23.397590321385398,24.069055557250977,24.069055557250977,31727200
11/05/2022,23.68395000783266,24.587464296573945,22.494074784724294,22.6224422454834,22.6224422454834,29229400
12/05/2022,21.936169509688977,23.2297265722653,21.556001595036175,22.523700714111328,22.523700714111328,26040200
13/05/2022,23.22479138595962,24.345545766306405,22.96311622779719,24.167804718017578,24.167804718017578,13575400
16/05/2022,23.891315905179244,24.227048542325097,23.412402785019435,23.624704360961914,23.624704360961914,12234800
17/05/2022,24.56278127896369,24.90345033123782,23.955500681392305,24.84420394897461,24.84420394897461,12646200
18/05/2022,24.073996502695486,24.202365877875334,22.1929080888684,22.375585556030273,22.375585556030273,11742200
19/05/2022,22.084285050865997,22.889056090210236,21.84236122773732,22.153406143188477,22.153406143188477,17992400
20/05/2022,22.696501996347813,22.79524532927159,20.71666690664751,22.000350952148438,22.000350952148438,16167600
23/05/2022,22.178093023007143,22.79524835267776,21.79792699732961,22.73600196838379,22.73600196838379,13331600
24/05/2022,21.901608891960187,22.015165247913313,20.998092574920776,21.76336669921875,21.76336669921875,14160000
25/05/2022,21.53131524995255,22.701441217168178,21.506629413668655,22.38545799255371,22.38545799255371,13620800
26/05/2022,22.252151931483592,23.856755753693665,22.207716673378357,23.614831924438477,23.614831924438477,8656400
27/05/2022,24.12336591599331,25.179935455322266,24.103616494990714,25.179935455322266,25.179935455322266,13309200
31/05/2022,25.16018831791028,25.52060680858193,24.370230240192775,25.01700782775879,25.01700782775879,11966200
01/06/2022,25.382366957290657,25.73291076890151,24.281361960915774,24.651655197143555,24.651655197143555,11093600
02/06/2022,24.464034465088762,26.019266494972346,24.227047068008975,26.00939178466797,26.00939178466797,11470600
03/06/2022,25.105876154559038,25.342865440587836,24.424538078303726,24.617090225219727,24.617090225219727,10348600
06/06/2022,25.37249417079851,25.62429464525442,24.5479754062518,24.804712295532227,24.804712295532227,8605800
07/06/2022,24.241858206844036,25.352737690763927,24.059180774620454,25.24411964416504,25.24411964416504,7821400
08/06/2022,25.086132766690536,25.52554709945083,24.720775950082572,24.863956451416016,24.863956451416016,5292200
09/06/2022,24.562779852629777,25.08118990499857,23.50127203025829,23.506210327148438,23.506210327148438,7298400
10/06/2022,22.612572423475054,22.805124597938853,21.792990165879957,21.832489013671875,21.832489013671875,16818000
13/06/2022,20.474746366666764,20.854914285906126,19.684786393545576,19.823030471801758,19.823030471801758,19895600
14/06/2022,20.153825122576038,20.282194491127246,19.516920344186303,19.916837692260742,19.916837692260742,12524200
15/06/2022,20.40068327968405,21.462191036321016,19.990893183373984,20.88947105407715,20.88947105407715,19030800
16/06/2022,19.808215372367314,19.872400048948098,18.880015185762456,19.21574592590332,19.21574592590332,28909800
17/06/2022,19.30461697507345,20.00570637322798,19.067629566564577,19.660099029541016,19.660099029541016,16117000
21/06/2022,20.311815854694796,20.98328115293406,20.301941143437325,20.65248680114746,20.65248680114746,14404600
22/06/2022,20.247629950500478,21.244953126375,20.183447156315715,20.583362579345703,20.583362579345703,11397000
23/06/2022,20.958594030742237,21.319012494190563,20.533990889762205,21.195581436157227,21.195581436157227,10545400
24/06/2022,21.625120512691513,22.696503052108188,21.595498264799797,22.686628341674805,22.686628341674805,8389200
27/06/2022,22.85449376358749,22.94336427062401,22.128718583925394,22.30152130126953,22.30152130126953,7038600
28/06/2022,22.395335837246485,22.79031492327902,20.914162852067843,20.93391227722168,20.93391227722168,10029800
29/06/2022,20.9042840135142,21.20051779871734,20.543865550933944,20.993154525756836,20.993154525756836,10130800
30/06/2022,20.51918307260504,20.978346833166036,19.783533019460492,20.44512367248535,20.44512367248535,11290800
01/07/2022,20.232823461050813,20.770983073207454,19.97608657527427,20.71173667907715,20.71173667907715,12950600
05/07/2022,20.153822178678748,21.432567962810285,19.916834782980537,21.422693252563477,21.422693252563477,9101400
06/07/2022,21.477001074577334,22.010224074257955,21.215327871071963,21.684364318847656,21.684364318847656,9548800
07/07/2022,21.82261380831468,22.72119185776805,21.82261380831468,22.607635498046875,22.607635498046875,5611400
08/07/2022,22.158343743001435,22.88411707295662,22.034912686764542,22.681690216064453,22.681690216064453,6734400
11/07/2022,22.29164669628666,22.32620723699838,21.565871574524106,21.684364318847656,21.684364318847656,6936800
12/07/2022,21.886791108966285,22.183024827133817,21.032646725320202,21.274572372436523,21.274572372436523,7321400
13/07/2022,20.435245666653838,21.546125188953866,20.35624986484884,21.195581436157227,21.195581436157227,11671000
14/07/2022,20.785791635671384,21.45725696431101,20.3118167743053,21.338764190673828,21.338764190673828,9062400
15/07/2022,21.792991556627843,22.113913123486682,21.54119297781604,22.09910011291504,22.09910011291504,7206000
18/07/2022,22.528638283826922,22.750814575266748,21.55600089875067,21.728803634643555,21.728803634643555,7378000
19/07/2022,22.291649021270974,23.101356431096583,22.03491220391508,23.051982879638672,23.051982879638672,8199000
20/07/2022,23.12604165482538,23.975247883406773,23.00754701786188,23.78269386291504,23.78269386291504,9271800
21/07/2022,23.846876032899072,24.46896951568366,23.442022381173047,24.464031219482422,24.464031219482422,7491000
22/07/2022,24.33072899703738,24.661525204328147,23.30872001070849,23.604955673217773,23.604955673217773,8823200
25/07/2022,23.60001724512309,23.67407663119087,23.01742251717574,23.3531551361084,23.3531551361084,9322800
26/07/2022,23.066800966696487,23.09642322068642,22.28671563254191,22.410146713256836,22.410146713256836,4909400
27/07/2022,23.11617193347628,24.57265901772402,23.04211253396535,24.306047439575195,24.306047439575195,12328400
28/07/2022,24.266542909380586,24.873823392464207,23.65926054288879,24.76520347595215,24.76520347595215,11962600
29/07/2022,25.026882352077404,25.821778721256045,24.799769641857395,25.683536529541016,25.683536529541016,8710600
01/08/2022,25.38730004342723,26.21675693450712,25.204622598191943,25.653911590576172,25.653911590576172,5901400
02/08/2022,25.253995018900017,26.17232050103824,25.0861287060215,25.481107711791992,25.481107711791992,6476400
03/08/2022,25.772404658059152,27.011651621433337,25.762529947651142,26.868471145629883,26.868471145629883,6720800
04/08/2022,26.873406515872833,27.169640262217793,26.5179245135323,27.10051918029785,27.10051918029785,5514800
05/08/2022,26.24637735696568,27.021524169587114,26.108135189132543,26.67098045349121,26.67098045349121,10551200
08/08/2022,26.828972763894118,27.451064419323693,26.25625277447655,26.49817657470703,26.49817657470703,6903400
09/08/2022,26.167383995627794,26.216755664897672,25.624288100025318,25.890897750854492,25.890897750854492,5850400
10/08/2022,27.130144190284636,27.381942694522888,26.705541092220503,27.332571029663086,27.332571029663086,11302000
11/08/2022,27.732492450563182,28.073163415864165,26.898099078932617,27.021530151367188,27.021530151367188,6851400
12/08/2022,27.37206837516902,28.097843536088366,27.189390952493003,28.087968826293945,28.087968826293945,5083600
15/08/2022,27.895419843269117,28.601445664311264,27.895419843269117,28.512575149536133,28.512575149536133,4667600
16/08/2022,28.329898880404645,28.744627338741374,27.846049326246558,28.379270553588867,28.379270553588867,6352200
17/08/2022,27.816423121107405,28.226213251567984,27.372070561901033,27.72261619567871,27.72261619567871,8123400
18/08/2022,27.69299240667268,28.053410872085937,27.431319164906125,27.865795135498047,27.865795135498047,4834400
19/08/2022,27.327636664383487,27.4263818917165,26.631485542628177,26.769729614257812,26.769729614257812,6553200
22/08/2022,26.02914290865784,26.068639869051665,25.204622436664668,25.352739334106445,25.352739334106445,13726800
23/08/2022,25.30336932626089,25.76746947099836,25.17500184228113,25.308305740356445,25.308305740356445,6612000
24/08/2022,25.21943556367297,25.747720359864253,25.12562675090444,25.45148468017578,25.45148468017578,5331800
25/08/2022,25.732904819450916,26.34018536045209,25.56010210252681,26.335248947143555,26.335248947143555,7587200
26/08/2022,26.290814456580936,26.483366599142943,24.16780070813026,24.17273712158203,24.17273712158203,11767200
29/08/2022,23.698762893676758,24.12830244377028,23.516085457059035,23.698762893676758,23.698762893676758,9565000
30/08/2022,23.96043900460027,24.044373112619798,22.760688838561467,23.165542602539062,23.165542602539062,8286200
31/08/2022,23.61483222769497,23.753074417616066,22.879182252596454,22.893993377685547,22.893993377685547,17338000
01/09/2022,22.48914285138401,22.953244926894804,21.91148628940847,22.908809661865234,22.908809661865234,10762800
02/09/2022,23.358092620526392,23.56545588084992,22.005287481481158,22.25214958190918,22.25214958190918,13055400
06/09/2022,22.311398448130678,22.464453645500733,21.60043619759686,21.931230545043945,21.931230545043945,10722600
07/09/2022,21.985540032380392,22.963113811703522,21.960854196806235,22.810060501098633,22.810060501098633,11316400
08/09/2022,22.469388513606237,23.24453727485047,22.271899954859336,23.0421085357666,23.0421085357666,11207200
09/09/2022,23.392654977744552,24.11842832856061,23.382780266952757,24.039432525634766,24.039432525634766,6408800
12/09/2022,24.256679648170916,24.666469909797133,24.217180793194906,24.607223510742188,24.607223510742188,7567400
13/09/2022,23.175415250428994,23.382780411521736,21.76830191354741,21.896669387817383,21.896669387817383,12905800
14/09/2022,22.084288786123164,22.380524510563262,21.80780248666084,22.25709342956543,22.25709342956543,7933400
15/09/2022,21.931228092010535,22.316334249290943,21.254826464376496,21.48687744140625,21.48687744140625,9872400
16/09/2022,20.993155374505807,21.289389171685613,20.687046866298864,21.22520637512207,21.22520637512207,8808600
19/09/2022,20.830222340282347,21.58068331499554,20.820347630737775,21.565872192382812,21.565872192382812,8166000
20/09/2022,21.175833553270692,21.55600146564145,20.869725034463716,21.20545768737793,21.20545768737793,9361400
21/09/2022,21.348634295461373,21.980600640907983,20.430307022604097,20.440181732177734,20.440181732177734,15802000
22/09/2022,20.20319761185777,20.36612753618344,19.763783282725516,19.946462631225586,19.946462631225586,11582400
23/09/2022,19.586039989458108,19.620602419510437,18.79608194701636,19.29474449157715,19.29474449157715,13828600
26/09/2022,19.205875456378582,19.842778353185658,19.018259700562822,19.102191925048828,19.102191925048828,10924200
27/09/2022,19.60085067356718,19.936583272649976,18.805954428191985,19.151561737060547,19.151561737060547,13018200
28/09/2022,19.13675129255119,20.079764544139238,18.92445159566535,19.89708709716797,19.89708709716797,9776800
29/09/2022,19.309557917319022,19.36386789234781,18.312234592760582,18.776334762573242,18.776334762573242,13093400
30/09/2022,18.63315287060852,19.191059882528933,18.085118685677617,18.099929809570312,18.099929809570312,12365400
03/10/2022,18.336913972200797,19.171308961165526,18.14436186194989,18.954069137573242,18.954069137573242,12673600
04/10/2022,19.70947163084428,20.23775832380869,19.699598803005927,20.143949508666992,20.143949508666992,12115200
05/10/2022,19.576167144128718,20.375999896800554,19.19599924798377,20.10938835144043,20.10938835144043,10373800
06/10/2022,19.966208466738376,20.415497469585432,19.73909575835604,19.788469314575195,19.788469314575195,11859200
07/10/2022,19.117003588379486,19.12687829940178,18.09005624296341,18.272733688354492,18.272733688354492,12149800
10/10/2022,18.292480520343005,18.351726894679455,17.537083126476364,17.8826904296875,17.8826904296875,8529800
11/10/2022,17.67038828587689,18.06043082754975,17.181600534698358,17.438337326049805,17.438337326049805,14375400
12/10/2022,17.502526932158172,17.759263795934437,17.30503645743528,17.40871810913086,17.40871810913086,9579000
13/10/2022,16.396584425822564,18.381356443729235,16.283028056772807,18.198678970336914,18.198678970336914,22276800
14/10/2022,18.524528291636734,18.608460483847097,17.02854488476299,17.092727661132812,17.092727661132812,15657600
17/10/2022,17.897501089618657,18.351726420133026,17.897501089618657,18.25298309326172,18.25298309326172,12955800
18/10/2022,19.20093731824486,19.289807841031887,18.1493040542042,18.53934669494629,18.53934669494629,17131400
19/10/2022,18.297421160851147,18.805956529485535,18.04068432795954,18.3813533782959,18.3813533782959,9111800
20/10/2022,18.248045841678856,18.95407159300051,18.015996750155253,18.173988342285156,18.173988342285156,12220400
21/10/2022,18.020933114322037,19.10218842315436,17.862941522622567,19.04294204711914,19.04294204711914,12779800
24/10/2022,19.067627650491293,19.581101259033357,18.549217628759234,19.457670211791992,19.457670211791992,11592200
25/10/2022,19.581103909385526,20.301940870824197,19.581103909385526,20.2525691986084,20.2525691986084,8550600
26/10/2022,19.423110100239942,20.213068066750665,19.284867926952654,19.344114303588867,19.344114303588867,12766000
27/10/2022,19.181190352254603,19.388555559796096,18.568973209512734,18.628219604492188,18.628219604492188,9520800
28/10/2022,18.539342420325514,19.837837529733857,18.53440600726829,19.77859115600586,19.77859115600586,10842400
31/10/2022,19.437923091926347,19.561354153770903,19.03800765693145,19.29474449157715,19.29474449157715,9882600
01/11/2022,19.803279181512057,19.877336686022574,18.86026597684046,18.904701232910156,18.904701232910156,10109800
02/11/2022,18.909640466397402,19.32930725483997,17.601272190851013,17.61114501953125,17.61114501953125,16235200
03/11/2022,17.240852809217795,17.443281593877764,16.86562314473118,16.924869537353516,16.924869537353516,12666600
04/11/2022,17.57164406430833,17.709886235343774,16.737250858059895,17.463024139404297,17.463024139404297,13356600
07/11/2022,17.606205654013948,17.912314143827203,17.314908288147137,17.84319305419922,17.84319305419922,5524000
08/11/2022,18.040685698259708,18.534409979766046,17.561772542507786,18.090057373046875,18.090057373046875,9044400
09/11/2022,17.83826021474154,17.94194186995706,17.206291804218523,17.24085235595703,17.24085235595703,7479000
10/11/2022,18.9244518565302,19.832902690059548,18.63315446676726,19.788469314575195,19.788469314575195,16590200
11/11/2022,19.7736556332791,20.61792364011331,19.581103479096754,20.519180297851562,20.519180297851562,10517600
14/11/2022,20.222945142885408,20.701858275533585,20.020518272569642,20.148887634277344,20.148887634277344,19760200
15/11/2022,21.116584459090284,21.25482663370292,20.23281768074037,20.71666717529297,20.71666717529297,13337000
16/11/2022,20.425368516775535,20.464867354665266,20.02051484544707,20.139009475708008,20.139009475708008,6324200
17/11/2022,19.472482623977776,20.252567798225986,19.452735086502056,20.035329818725586,20.035329818725586,13683000
18/11/2022,20.474747772564193,20.49943361142364,19.694662457425977,20.04026985168457,20.04026985168457,8882000
21/11/2022,19.837841564863652,20.00570789407817,19.507045320495937,19.620603561401367,19.620603561401367,4776000
22/11/2022,19.724281339392522,20.208130809089578,19.41817287558587,20.18344497680664,20.18344497680664,8834800
23/11/2022,20.183447156315715,20.66729667826125,20.148886610705926,20.583362579345703,20.583362579345703,8342400
25/11/2022,20.346376176429583,20.44512140449906,20.237758120620878,20.30194091796875,20.30194091796875,2779600
28/11/2022,20.020517944572386,20.306878913376117,19.576167249978088,19.69959831237793,19.69959831237793,4054800
29/11/2022,19.7292219620981,19.788470232308853,19.20587542576386,19.408302307128906,19.408302307128906,4890400
30/11/2022,19.437923007619627,21.180770874023438,19.32436665722418,21.180770874023438,21.180770874023438,14528800
01/12/2022,21.215329928757576,21.4967525780816,20.80553792998951,21.220266342163086,21.220266342163086,7831000
02/12/2022,20.469807709143947,21.165958852023678,20.44018545843116,21.05240249633789,21.05240249633789,7703600
05/12/2022,20.721606917404916,20.90922077220596,20.119262743021288,20.32168960571289,20.32168960571289,6606600
06/12/2022,20.301943119917706,20.321692544355336,19.284872245693762,19.48236083984375,19.48236083984375,9560400
07/12/2022,19.30461274865669,19.60084835699341,19.08737480926957,19.31448745727539,19.31448745727539,11128600
08/12/2022,19.507044921963526,19.906962255471193,19.220685827041272,19.783531188964844,19.783531188964844,5958600
09/12/2022,19.63047607791343,20.01558228788577,19.452736923397673,19.52679443359375,19.52679443359375,7095400
12/12/2022,19.536664815498387,20.00570314309897,19.39842265370764,20.000764846801758,20.000764846801758,5270200
13/12/2022,21.56093413965931,21.58562185550398,20.045201050484376,20.435243606567383,20.435243606567383,16672200
14/12/2022,20.331564268291547,20.820350209125348,19.665037300460543,20.1192626953125,20.1192626953125,12088200
15/12/2022,19.51198519042077,19.615666844741888,18.588721247040162,18.766460418701172,18.766460418701172,13833200
16/12/2022,18.65784099694853,18.875079002164846,18.178927842562004,18.39616584777832,18.39616584777832,20766800
19/12/2022,18.425785698010667,18.435660407325486,17.70988528165617,17.89750099182129,17.89750099182129,7875200
20/12/2022,17.714827308448626,18.080182212993137,17.507462135986415,17.848133087158203,17.848133087158203,8547800
21/12/2022,17.98637658646389,18.539347280852127,17.87282022229364,18.37148094177246,18.37148094177246,7561800
22/12/2022,17.94018189213284,17.95008561431721,16.870604452464992,17.459861755371094,17.459861755371094,12134000
23/12/2022,17.27664587474932,17.608413923166275,17.02410759581602,17.54404067993164,17.54404067993164,7979600
27/12/2022,17.44500746711381,17.454911189497192,16.954785487258803,17.014205932617188,17.014205932617188,7173200
28/12/2022,16.964689040827363,17.266745992850765,16.52893654542707,16.5635986328125,16.5635986328125,7322000
29/12/2022,16.915169031811864,17.484620738017213,16.8359411490212,17.36577796936035,17.36577796936035,7830200
30/12/2022,16.989448068225286,17.35587636242224,16.821088560665565,17.35092544555664,17.35092544555664,6488200
03/01/2023,17.648030350049396,17.84114822835709,16.796329051931327,17.10828971862793,17.10828971862793,10744400
04/01/2023,17.385587978309125,17.484623318649952,16.85079827383386,17.271697998046875,17.271697998046875,10703200
05/01/2023,17.038967261409518,17.048870985517613,16.67253702517887,16.70720100402832,16.70720100402832,8770800
06/01/2023,16.925074226967396,17.77677545783212,16.54874033423754,17.62822151184082,17.62822151184082,9068400
09/01/2023,17.895616368387795,18.479922763867556,17.771822672547877,17.86095428466797,17.86095428466797,10445600
10/01/2023,17.717351621260562,18.163009643554688,17.648027459779637,18.163009643554688,18.163009643554688,7259400
11/01/2023,18.296705151190046,18.79187984059199,18.187766115060327,18.777023315429688,18.777023315429688,6547600
12/01/2023,18.841399868771823,19.103843784807534,18.252142564732903,18.955289840698242,18.955289840698242,13126400
13/01/2023,18.613621410497228,19.262301099528614,18.569055601495958,19.217735290527344,19.217735290527344,7118200
17/01/2023,19.188021967719667,19.480175151947133,19.03451711195886,19.2821044921875,19.2821044921875,5573000
18/01/2023,19.51979049853517,19.72776490519384,18.767126434372255,18.78693199157715,18.78693199157715,7323400
19/01/2023,18.554199896639105,18.712655677562633,18.2471901682756,18.410598754882812,18.410598754882812,8381800
20/01/2023,18.628474946604715,19.465321545043995,18.49477752752373,19.440561294555664,19.440561294555664,6992200
23/01/2023,19.52473880013348,20.45071497104378,19.435607201977238,20.292259216308594,20.292259216308594,15408800
24/01/2023,20.03971968554103,20.356631175054673,19.96544272877437,20.19817543029785,20.19817543029785,11212400
25/01/2023,19.549494864243204,20.18827061311299,19.18306668275762,20.089235305786133,20.089235305786133,12435200
26/01/2023,20.5745116912839,20.891423247638187,20.19817969034865,20.86666488647461,20.86666488647461,9152400
27/01/2023,20.673546548893107,21.569813558337234,20.663642826867324,21.277660369873047,21.277660369873047,11035400
30/01/2023,20.797340693106406,21.010265998936895,20.371490081445433,20.401201248168945,20.401201248168945,9410800
31/01/2023,20.416055617637035,21.035024082477868,20.40615189552656,21.030073165893555,21.030073165893555,10618800
01/02/2023,20.995410807970917,22.27296072041874,20.693353898854365,21.941194534301758,21.941194534301758,16668600
02/02/2023,22.877074562108294,23.773339679454338,22.490836960230244,23.48613929748535,23.48613929748535,15147200
03/02/2023,22.46112772713322,23.58022186910904,22.406658200547607,22.63939094543457,22.63939094543457,17743200
06/02/2023,22.24820306976608,22.594825794384093,22.055085207334557,22.263057708740234,22.263057708740234,13271600
07/02/2023,22.238300702924008,23.342540305598867,22.069941191501627,23.189037322998047,23.189037322998047,17696600
08/02/2023,22.971155381554254,23.10980370124596,22.24820073038795,22.342283248901367,22.342283248901367,8346000
09/02/2023,22.98601250736455,23.01077275765427,21.723317189206256,21.931291580200195,21.931291580200195,9880600
10/02/2023,21.61438441284838,21.916439504967013,21.287569065409528,21.65399742126465,21.65399742126465,9519400
13/02/2023,21.8570114908799,22.421510360469494,21.683701097213486,22.35218620300293,22.35218620300293,7921400
14/02/2023,22.099653892991512,22.8077540734738,21.80750065846426,22.65424919128418,22.65424919128418,12703800
15/02/2023,22.3868488205774,23.02562466793714,22.287813497980736,23.020673751831055,23.020673751831055,9261400
16/02/2023,22.27791683853403,22.89193258110821,22.104604511512626,22.11945915222168,22.11945915222168,11092600
17/02/2023,21.807494537662667,21.916431688662616,21.371740266838067,21.802541732788086,21.802541732788086,7646400
21/02/2023,21.242994946485574,21.450967409494844,20.75277117248417,20.76762580871582,20.76762580871582,7102800
22/02/2023,20.856758923916153,21.094442565651356,20.564605760106737,20.797338485717773,20.797338485717773,9557600
23/02/2023,21.317276906782723,21.332133436757857,20.544805349993013,21.15882110595703,21.15882110595703,12213600
24/02/2023,20.430908203125,20.599267684200072,20.17836992598322,20.430908203125,20.430908203125,12301000
27/02/2023,20.891421232251332,21.079588159037506,20.64878667173651,20.73296546936035,20.73296546936035,8575200
28/02/2023,20.633927907929976,21.030069161144542,20.5844111957489,20.663639068603516,20.663639068603516,6760600
01/03/2023,20.619077139372898,20.713161554681477,20.193226534553848,20.331876754760742,20.331876754760742,8565200
02/03/2023,19.960491735530905,20.772577896486567,19.930780575151502,20.67849349975586,20.67849349975586,8872200
03/03/2023,20.906276704109704,21.545050639630773,20.83695254745948,21.520292282104492,21.520292282104492,9703800
06/03/2023,21.698557003646453,22.124407583218417,21.530197516116647,21.550004959106445,21.550004959106445,8407200
07/03/2023,21.56486172517645,21.69360822837476,20.931038598482985,21.020170211791992,21.020170211791992,10278000
08/03/2023,21.06968524810484,21.307368901582915,20.80724323489938,21.23804473876953,21.23804473876953,8041200
09/03/2023,21.28756569391338,21.658946797590612,20.361587448706594,20.460622787475586,20.460622787475586,10255800
10/03/2023,20.490331471237464,20.71316048421311,19.742616548690503,19.89116859436035,19.89116859436035,30820800
13/03/2023,19.658436251771224,20.713158906911236,19.430656339826726,20.19322395324707,20.19322395324707,30307800
14/03/2023,20.693351666694248,21.198430099579618,20.574508904686432,21.12415313720703,21.12415313720703,13031000
15/03/2023,20.742871234922216,21.38659807122548,20.534898733984715,21.332130432128906,21.332130432128906,18626200
16/03/2023,21.178625680136417,22.500741443090025,21.079590345820268,22.446273803710938,22.446273803710938,16590200
17/03/2023,22.441320201594547,22.787942914927857,21.94614543653034,22.22344398498535,22.22344398498535,12643400
20/03/2023,22.14421578342983,22.431416160835767,21.81244771330199,22.386850357055664,22.386850357055664,8176800
21/03/2023,22.66909901782863,23.089998680659512,22.451222812006506,23.010770797729492,23.010770797729492,7240800
22/03/2023,23.010769072680617,23.74857832297849,22.371993251914734,22.38189697265625,22.38189697265625,24747800
23/03/2023,22.93154086324143,23.555460149379012,22.520544958664043,22.92658805847168,22.92658805847168,12797200
24/03/2023,22.842411638929022,23.094949929106438,22.495788937771543,23.080095291137695,23.080095291137695,7752000
27/03/2023,23.179134533216406,23.342541245295838,22.629490168241624,22.74833106994629,22.74833106994629,6827600
28/03/2023,22.67900363896712,22.67900363896712,22.168974240431595,22.52054786682129,22.52054786682129,7862200
29/03/2023,23.0602880478379,23.42671819542548,22.941447165173987,23.347490310668945,23.347490310668945,6727800
30/03/2023,23.699061544023547,23.852564492747316,23.49603999172632,23.758481979370117,23.758481979370117,8303200
31/03/2023,23.788193982936026,24.575521862657894,23.75353190367935,24.54581069946289,24.54581069946289,7233800
03/04/2023,24.209094652329384,24.461634847523328,24.00607306841949,24.422019958496094,24.422019958496094,8188000
04/04/2023,24.486391609279888,24.639894571879154,24.06549194109648,24.25861167907715,24.25861167907715,6524000
05/04/2023,24.09025331167036,24.119962588942148,23.471284849283578,23.7535343170166,23.7535343170166,8331400
06/04/2023,23.49604240201756,24.144720119369648,23.293020828893802,24.095203399658203,24.095203399658203,8803400
10/04/2023,23.614882757209482,24.04568614262788,23.337586110714955,24.040733337402344,24.040733337402344,6597000
11/04/2023,24.035783408613398,24.035783408613398,23.654498615076847,23.733726501464844,23.733726501464844,5338600
12/04/2023,24.025883746119458,24.10511164589383,23.238555665699455,23.302928924560547,23.302928924560547,8870200
13/04/2023,23.56041780316375,24.27346883249562,23.535657552102172,24.214048385620117,24.214048385620117,7159200
14/04/2023,23.951602062364056,24.38240545371085,23.664401690407956,24.110057830810547,24.110057830810547,6523200
17/04/2023,24.050632635838706,24.199184653275594,23.728768357274298,24.13481330871582,24.13481330871582,6663400
18/04/2023,24.46658694095565,24.530960194250145,23.956557498321175,24.149675369262695,24.149675369262695,6720600
19/04/2023,23.77829277957875,24.278418468195163,23.758485335351484,24.119962692260742,24.119962692260742,7118600
20/04/2023,23.649547502655697,24.189288107606828,23.540610331662315,23.74858283996582,23.74858283996582,10049200
21/04/2023,23.669352652898034,23.902085389669494,23.406910640073548,23.778291702270508,23.778291702270508,8053600
24/04/2023,23.74362912341842,23.946650690941215,23.352440626088093,23.674304962158203,23.674304962158203,5432200
25/04/2023,23.421764019978983,23.525750258462395,22.76813353673802,22.787940979003906,22.787940979003906,10007200
26/04/2023,23.273214899581006,23.505947653038223,22.981061700815822,23.045434951782227,23.045434951782227,7649800
27/04/2023,23.6099327863754,24.37250237265559,23.515850261681795,24.29822540283203,24.29822540283203,13067400
28/04/2023,24.24871052397009,24.634946262927425,24.08035101666577,24.629995346069336,24.629995346069336,7154800
01/05/2023,24.56066761690012,24.778545722675503,24.397260926510402,24.56562042236328,24.56562042236328,6884000
02/05/2023,24.555719551168362,24.60028536080156,23.857523126209585,24.12491798400879,24.12491798400879,7979400
03/05/2023,24.189289592596754,24.59038188330209,23.79810291406668,23.82781219482422,23.82781219482422,10127800
04/05/2023,23.773338795717134,23.93674736907989,23.476234702801626,23.644594192504883,23.644594192504883,7362000
05/05/2023,23.966459728910202,24.76368952540291,23.91694111832746,24.634944915771484,24.634944915771484,6692400
08/05/2023,24.550763944610694,24.80330222499992,24.387355377521082,24.74883270263672,24.74883270263672,5566600
09/05/2023,24.486391089297815,24.620088494779868,24.382404848014563,24.436872482299805,24.436872482299805,5099200
10/05/2023,24.81320617861995,25.095455625380126,24.426970491251648,24.96670913696289,24.96670913696289,9513800
11/05/2023,25.026133283027033,25.194492780074448,24.788449620538064,25.115264892578125,25.115264892578125,7098400
12/05/2023,25.179632328873282,25.25886020402382,24.60522976179649,24.932044982910156,24.932044982910156,7470200
15/05/2023,24.996426020363415,25.229158802640015,24.7587423207572,25.199447631835938,25.199447631835938,7146600
16/05/2023,25.070696713405713,25.51140191392454,25.070696713405713,25.244007110595703,25.244007110595703,5980600
17/05/2023,25.39751625132736,25.942207782312853,25.224203935874176,25.862979888916016,25.862979888916016,7689400
18/05/2023,25.90754756044699,26.833523985301255,25.9025966431657,26.79391098022461,26.79391098022461,10012800
19/05/2023,26.828568944228525,26.94245891361339,26.501753674576623,26.675064086914062,26.675064086914062,7781200
22/05/2023,26.630495517380353,27.006829357868952,26.625544601374127,26.83351707458496,26.83351707458496,6917800
23/05/2023,26.57602876043065,26.749341061738598,26.10561424431065,26.160083770751953,26.160083770751953,5407400
24/05/2023,25.84812180908143,26.085805457638706,25.56091955315281,25.882783889770508,25.882783889770508,7873200
25/05/2023,27.041492588436316,27.328692952570062,26.650304094326664,27.12567138671875,27.12567138671875,9238800
26/05/2023,27.303936093736873,28.645859246358775,27.279177733407746,28.517114639282227,28.517114639282227,9572800
30/05/2023,29.220265021336044,29.408431980064222,28.531972330261663,28.759754180908203,28.759754180908203,9288400
31/05/2023,28.487403375907707,28.829075169681058,28.195250191564746,28.3834171295166,28.3834171295166,8536000
01/06/2023,28.368563128190388,29.289588505917862,28.200203630230078,29.086566925048828,29.086566925048828,6621400
02/06/2023,29.36881568748651,29.700581869902578,29.0717096982037,29.512414932250977,29.512414932250977,8838800
05/06/2023,29.472802097926884,29.972927777040578,29.368815851122328,29.547077178955078,29.547077178955078,6077000
06/06/2023,29.433189894321437,29.690681021039175,29.205409936089506,29.53717803955078,29.53717803955078,5470200
07/06/2023,29.571837993184484,29.89865326720078,28.41312895095548,28.522066116333008,28.522066116333008,8243600
08/06/2023,28.556727160173462,29.284634653108775,28.517114162098075,29.210359573364258,29.210359573364258,6031800
09/06/2023,29.457942774290522,29.953117458155983,29.1954989073616,29.42327880859375,29.42327880859375,8509600
12/06/2023,29.710485898066946,30.43344060157387,29.542126402420227,30.428489685058594,30.428489685058594,5299600
13/06/2023,30.89890575694781,31.02269944685715,30.34430866611587,30.8741455078125,30.8741455078125,6533600
14/06/2023,30.87909856108004,31.37427332469212,30.398778435914938,31.32475471496582,31.32475471496582,9163200
15/06/2023,31.096973916622336,32.31510523699913,30.988036756122316,32.04771041870117,32.04771041870117,12554400
16/06/2023,32.468612018688354,32.49337227024899,31.572344935934073,31.63176727294922,31.63176727294922,6792600
20/06/2023,31.379226167069792,31.79022026384252,31.027652516673687,31.5574893951416,31.5574893951416,5751400
21/06/2023,31.33465871982092,31.40893569061008,30.52257240239575,30.695884704589844,30.695884704589844,6789600
22/06/2023,30.448296619893746,31.413885884282365,30.37897056724629,31.403982162475586,31.403982162475586,4765800
23/06/2023,30.695885591056513,31.16630012316685,30.473056561195783,30.770160675048828,30.770160675048828,5761000
26/06/2023,30.671123841235513,31.14649304467765,29.92341078752821,29.943218231201172,29.943218231201172,6571600
27/06/2023,30.20566102183376,31.07716778739488,30.067012690457226,30.96327781677246,30.96327781677246,10757200
28/06/2023,30.626557443939742,31.403981648091026,30.626557443939742,31.067264556884766,31.067264556884766,9968600
29/06/2023,31.012796262916584,31.10687878886052,30.64636610329472,30.92861557006836,30.92861557006836,6941800
30/06/2023,31.552542938537275,32.05267060898484,31.503024318771963,31.879356384277344,31.879356384277344,6290800
03/07/2023,31.978386462476145,32.12693662167874,31.79021763844922,32.03285598754883,32.03285598754883,3440600
05/07/2023,31.72584533782806,32.30519887505774,31.72584533782806,32.008094787597656,32.008094787597656,4058000
06/07/2023,31.324755344131624,31.577295536453537,30.992989152539995,31.512922286987305,31.512922286987305,7080200
07/07/2023,31.44854575985586,32.01304652958888,31.250477004441198,31.285139083862305,31.285139083862305,7112200
10/07/2023,31.22076846795332,31.41883912897488,30.79987067445978,31.32475471496582,31.32475471496582,9980800
11/07/2023,31.369321080404067,31.681281715963948,31.002892806583628,31.611957550048828,31.611957550048828,10915800
12/07/2023,32.3101525494311,32.636969698947375,31.968480761824726,32.41413879394531,32.41413879394531,11074400
13/07/2023,32.94397772246125,33.62732134113587,32.84494427697288,33.47876739501953,33.47876739501953,6168000
14/07/2023,33.55799360430044,34.13239816977587,33.305457183371175,33.46391296386719,33.46391296386719,7406600
17/07/2023,33.5778003822401,34.23638374161243,33.50352718807939,34.072975158691406,34.072975158691406,9326800
18/07/2023,33.96403102016736,34.88010724180426,33.607508407903886,34.64242172241211,34.64242172241211,12493000
19/07/2023,34.82563892766769,35.02865859815486,34.37007909243877,34.55329132080078,34.55329132080078,9836000
20/07/2023,34.03336746423664,34.31066415796325,32.81028503916031,32.988548278808594,32.988548278808594,10129200
21/07/2023,33.419345588998105,33.548092092474114,32.72115109814142,32.7855224609375,32.7855224609375,8124000
24/07/2023,32.95882763648414,33.12718900313845,32.56763916048383,32.889503479003906,32.889503479003906,10284000
25/07/2023,33.01330366931334,33.62237034775879,33.0034018353843,33.345069885253906,33.345069885253906,10330600
26/07/2023,33.14204829776127,33.404490327659985,32.69639023855414,33.11233901977539,33.11233901977539,6982200
27/07/2023,34.05811687513549,34.340366316392505,32.69638638561977,32.92911911010742,32.92911911010742,16236400
28/07/2023,33.637213307042806,34.30074550851181,33.55303452528319,34.12248611450195,34.12248611450195,8282600
31/07/2023,34.172013449633205,34.36017851053248,33.9145204422091,34.181915283203125,34.181915283203125,5744800
01/08/2023,33.904621234371135,34.11754656251091,33.61246612000068,33.988800048828125,33.988800048828125,5208800
02/08/2023,33.35497191704441,33.35497191704441,32.265588963343475,32.483463287353516,32.483463287353516,13333800
03/08/2023,32.0427558831019,32.731048446080045,32.0179994136733,32.364620208740234,32.364620208740234,7784200
04/08/2023,32.70629238743282,33.107382709316894,31.973432125665365,32.05266189575195,32.05266189575195,14143000
07/08/2023,32.37948436712546,32.607264353416944,31.95363367774611,32.59736251831055,32.59736251831055,6114800
08/08/2023,32.141796370705315,32.146745398365496,31.47826020952099,32.02790451049805,32.02790451049805,10888600
09/08/2023,32.0724685821583,32.10218163768193,31.191059974201668,31.31485366821289,31.31485366821289,7037800
10/08/2023,31.814979857556985,32.39928625352708,31.15144557174053,31.418840408325195,31.418840408325195,13651800
11/08/2023,30.963275308904947,31.309897998213458,30.75035002357008,31.007841110229492,31.007841110229492,8892800
14/08/2023,30.87909904606115,31.71594561863168,30.750352547692525,31.71099281311035,31.71099281311035,5633400
15/08/2023,31.51787605206063,31.661475305168317,30.9038584830214,31.022701263427734,31.022701263427734,5414800
16/08/2023,30.92861581425562,31.186106922439254,30.344309432020037,30.349262237548828,30.349262237548828,6374000
17/08/2023,30.58199339996341,30.63646292767048,29.61145129027591,29.67087173461914,29.67087173461914,9601400
18/08/2023,29.11132603068129,29.809522401186594,29.037049057438256,29.591644287109375,29.591644287109375,7514600
21/08/2023,29.839231350071728,30.66122140761731,29.764956266590175,30.552284240722656,30.552284240722656,8257000
22/08/2023,30.9731826888624,30.97813549456222,30.33440675740316,30.458200454711914,30.458200454711914,7614000
23/08/2023,30.641413176907378,31.592147762848956,30.61170201274356,31.408933639526367,31.408933639526367,8116200
24/08/2023,31.998198428659794,32.008100262852764,30.01749724732397,30.027400970458984,30.027400970458984,10530400
25/08/2023,30.180902994999943,30.794918659839624,29.606500330016758,30.517621994018555,30.517621994018555,14986600
28/08/2023,31.007845341598138,31.111833484840226,30.542381711200893,30.97813606262207,30.97813606262207,5851200
29/08/2023,30.923662593701852,32.36957380286055,30.87909679197233,32.305198669433594,32.305198669433594,8184000
30/08/2023,32.32996926258573,32.760772780137415,32.14675319188072,32.66173553466797,32.66173553466797,7393400
31/08/2023,32.65182898880589,33.1321491708604,32.646876182775735,32.820186614990234,32.820186614990234,5388000
01/09/2023,33.26088479866563,33.32030712468013,32.498315281954284,32.77561569213867,32.77561569213867,5922400
05/09/2023,32.61221388869751,33.04796636947447,32.44880529169962,32.83504104614258,32.83504104614258,4413600
06/09/2023,32.68152676905562,32.74589811325991,31.899149918498495,32.25567626953125,32.25567626953125,6877200
07/09/2023,31.45350280825261,31.904111790460004,31.270288665317796,31.770416259765625,31.770416259765625,6219600
08/09/2023,31.74565687358234,32.24083167581837,31.686236426217768,31.844690322875977,31.844690322875977,6527200
11/09/2023,32.37453156063004,32.69144317441684,32.042765305241424,32.59736251831055,32.59736251831055,7382200
12/09/2023,32.300247828459504,32.53297676753354,31.819927757783177,31.87439727783203,31.87439727783203,7969800
13/09/2023,31.909065061922615,32.37947960695078,31.70604158218624,32.10713195800781,32.10713195800781,7316200
14/09/2023,32.38938087486081,32.78056558668741,32.032854465105736,32.61716079711914,32.61716079711914,7829400
15/09/2023,32.36462471870537,32.43890169310821,31.329709327504613,31.473310470581055,31.473310470581055,10794000
18/09/2023,31.30989954952184,31.73574825234937,31.27028655134937,31.552536010742188,31.552536010742188,5146600
19/09/2023,31.30494985798273,31.532729800976764,30.88405016616312,31.41388702392578,31.41388702392578,6375200
20/09/2023,31.680041105994395,31.72969747994963,30.56776484815493,30.58762550354004,30.58762550354004,10784400
21/09/2023,29.927210695999072,30.066244749408654,29.415762375930765,29.4306583404541,29.4306583404541,8599200
22/09/2023,29.733556305403695,30.0811433415998,29.390933959437454,29.455486297607422,29.455486297607422,7559200
25/09/2023,29.2767271431124,29.733556306349602,29.11783053699432,29.718658447265625,29.718658447265625,5793000
26/09/2023,29.276729576047003,29.366109161190604,28.6560390648815,28.8149356842041,28.8149356842041,6881200
27/09/2023,28.998660173412876,29.26679702294122,28.353140554622815,28.9688663482666,28.9688663482666,9552000
28/09/2023,28.775209234486173,29.768313940461905,28.646104561959064,29.425691604614258,29.425691604614258,9031600
29/09/2023,29.986795674122845,30.225140571327472,29.251898434192697,29.470380783081055,29.470380783081055,11351800
02/10/2023,29.490245563975964,30.175488379189073,29.39590129362659,29.942108154296875,29.942108154296875,9423200
03/10/2023,29.515068761713884,29.887482995945355,28.611343704847926,28.88444709777832,28.88444709777832,10531000
04/10/2023,29.013551589891758,29.80306983760873,28.944034569646963,29.66403579711914,29.66403579711914,10016800
05/10/2023,29.65410651371124,29.703760990305046,28.884448867129187,29.470380783081055,29.470380783081055,6617000
06/10/2023,28.96389875789576,30.64224429495767,28.82982939945646,30.44362449645996,30.44362449645996,10872000
09/10/2023,30.061282403466212,30.850800786116913,29.798108346451272,30.76142120361328,30.76142120361328,6528800
10/10/2023,30.80611066102209,31.54100796926799,30.731627045010548,31.079214096069336,31.079214096069336,7793000
11/10/2023,31.31258838150057,31.565829218317127,31.024587141398722,31.531070709228516,31.531070709228516,6928000
12/10/2023,31.610523110039004,31.908455662069006,30.880590535891965,31.277833938598633,31.277833938598633,10319000
13/10/2023,31.397005854477563,31.49631670645243,30.259900482469078,30.503211975097656,30.503211975097656,9706000
16/10/2023,30.726660260897493,31.362246669219065,30.70183302198435,31.203350067138672,31.203350067138672,6193400
17/10/2023,30.562798483682787,31.262937260817527,30.20528205961626,30.98983383178711,30.98983383178711,8118200
18/10/2023,30.542931524582237,30.92031233808971,29.93217241518652,30.11589813232422,30.11589813232422,9828200
19/10/2023,30.374107058820666,30.577695345565804,29.435623398191236,29.57465934753418,29.57465934753418,16464600
20/10/2023,29.495208352061603,29.579621336635793,28.65603372505333,28.695758819580078,28.695758819580078,11697200
23/10/2023,28.45244800029507,29.4405879659315,28.119758849928036,28.849689483642578,28.849689483642578,36769400
24/10/2023,29.15258818931031,29.534933728414597,28.874520083923127,29.425691604614258,29.425691604614258,8863400
25/10/2023,28.988730409574192,29.03342020252481,27.871487480005886,27.965831756591797,27.965831756591797,12723400
26/10/2023,27.75727605792674,27.911206068236073,26.67479182491442,26.888309478759766,26.888309478759766,17080400
27/10/2023,27.305415298888025,27.682794261654053,26.942930406685164,27.146516799926758,27.146516799926758,14958000
30/10/2023,27.523897495673094,27.950932828799775,27.310379829109756,27.73244857788086,27.73244857788086,15122600
31/10/2023,27.747343237325456,28.065136408349332,27.33023922680744,28.015480041503906,28.015480041503906,8014600
01/11/2023,28.134656896506044,29.063209287736125,28.124725621912514,28.988727569580078,28.988727569580078,13525000
02/11/2023,29.693832218111172,30.041419266145653,29.49521240080363,30.016592025756836,30.016592025756836,13622200
03/11/2023,30.21520913455621,30.920314442414067,30.180450622288237,30.711761474609375,30.711761474609375,8676600
06/11/2023,30.835898871904575,31.039485251018007,30.567762053845602,30.95010757446289,30.95010757446289,7315800
07/11/2023,31.11893502370065,31.675075022353518,30.91534863493214,31.52610969543457,31.52610969543457,7065600
08/11/2023,31.60059475850622,31.699905618368824,31.17355938703498,31.575767517089844,31.575767517089844,6037400
09/11/2023,31.670106728389506,31.863761832349496,30.974934608897154,31.07424545288086,31.07424545288086,9564600
10/11/2023,31.342379964538107,32.47452047198984,31.26293167403243,32.43479537963867,32.43479537963867,15628400
13/11/2023,32.17162905772778,32.41990524697859,31.908456903264952,32.241146087646484,32.241146087646484,7899600
14/11/2023,33.34349467287017,33.78542600918092,33.25908167343872,33.61659622192383,33.61659622192383,11581600
15/11/2023,33.93438308345086,34.03866240244922,33.43286797745503,33.66128158569336,33.66128158569336,8840200
16/11/2023,33.5172864870634,33.7506667176349,33.293839425840616,33.72087478637695,33.72087478637695,8899800
17/11/2023,33.57190360437448,33.89962617484551,33.41300700903229,33.715904235839844,33.715904235839844,5736400
20/11/2023,33.72087186063856,34.64942232929187,33.71093869215168,34.54018020629883,34.54018020629883,11375000
21/11/2023,34.21743047075626,34.2521889900326,33.80529103619793,34.0982551574707,34.0982551574707,8832800
22/11/2023,34.47066650636499,34.907635040498036,34.20252775725448,34.39122009277344,34.39122009277344,11136200
24/11/2023,34.29191150310292,34.40612023522301,34.098256347747004,34.27204895019531,34.27204895019531,2595000
27/11/2023,34.182660034078836,34.56004085961558,34.05852195355695,34.21245574951172,34.21245574951172,4448200
28/11/2023,34.078385577285715,34.48555834272079,34.00390575733527,34.381282806396484,34.381282806396484,6934600
29/11/2023,34.81824895776822,35.07148790543745,34.25217963367057,34.30183410644531,34.30183410644531,9940200
30/11/2023,34.341557641979776,34.41107465838919,33.58679605183008,34.118106842041016,34.118106842041016,7866800
01/12/2023,33.9145243398429,34.41107665059672,33.63148967424897,34.31673049926758,34.31673049926758,7126600
04/12/2023,33.61163077016837,33.70597314332921,33.01576565964557,33.65631866455078,33.65631866455078,8523400
05/12/2023,33.318663837293435,34.03370047456849,33.28887190687164,33.82018280029297,33.82018280029297,7302000
06/12/2023,34.34155654669839,34.3614153035592,33.36334797620194,33.42789840698242,33.42789840698242,5998600
07/12/2023,33.92942549180533,34.48556174032697,33.74073316029058,34.366390228271484,34.366390228271484,5838800
08/12/2023,34.018797718736224,34.723901046192985,33.99893517295519,34.634521484375,34.634521484375,8000800
11/12/2023,34.55507712457016,35.27508032399461,34.53025177945518,35.23038864135742,35.23038864135742,5527600
12/12/2023,35.230393420642336,35.80142947326695,35.02680889414851,35.791500091552734,35.791500091552734,5436000
13/12/2023,35.94542551020307,36.79452960236607,35.81135803813267,36.68528747558594,36.68528747558594,7928800
14/12/2023,36.893840039411174,37.13218303892749,36.04969879610726,36.605838775634766,36.605838775634766,8718600
15/12/2023,36.74983957669845,37.16694172196893,36.63066428799801,36.87397766113281,36.87397766113281,8727400
18/12/2023,37.01797482644991,37.574110968054214,36.96831656661238,37.410247802734375,37.410247802734375,6906800
19/12/2023,37.479767905379,37.80749044147439,37.454938775926244,37.7776985168457,37.7776985168457,5965200
20/12/2023,37.637530931046946,38.01529906956904,36.623524112244475,36.63843536376953,36.63843536376953,8167600
21/12/2023,37.3542134953577,37.54309570751489,36.88200227654104,37.48841857910156,37.48841857910156,6424600
22/12/2023,37.697178886808224,37.88109318533179,37.239882773610226,37.592796325683594,37.592796325683594,7050000
26/12/2023,37.736943867935295,38.1644174656955,37.72700429713519,38.03021240234375,38.03021240234375,3625600
27/12/2023,38.08489087311566,38.23897887581417,37.92583118869984,38.17436218261719,38.17436218261719,4740400
28/12/2023,38.38312413706669,38.41791832164997,38.055061431897094,38.10477066040039,38.10477066040039,3925600
29/12/2023,38.10974112697295,38.17932950084612,37.42876864088803,37.776710510253906,37.776710510253906,7528400
02/01/2024,37.10070331708918,37.14544086418072,36.07178524136382,36.50423049926758,36.50423049926758,9588000
03/01/2024,36.01213950639416,36.2010254888564,35.64431469718762,35.723846435546875,35.723846435546875,9925800
04/01/2024,35.360984000115394,35.92266259360862,35.291395636046545,35.33116149902344,35.33116149902344,6966000
05/01/2024,35.356018551287654,35.89781810107548,35.162164675456964,35.42063903808594,35.42063903808594,7603600
08/01/2024,35.62940756948272,36.916796446900314,35.60455295029728,36.87206268310547,36.87206268310547,7127000
09/01/2024,36.30541730256352,37.18024768602901,36.27062310623562,37.01621627807617,37.01621627807617,5750000
10/01/2024,37.05099933837483,37.68723804701925,36.89691134270428,37.498355865478516,37.498355865478516,5419400
11/01/2024,37.717063777689944,37.96559478153095,36.69311725539528,37.617652893066406,37.617652893066406,7780200
12/01/2024,37.821438746942064,37.970558836205406,37.40390856465494,37.66735076904297,37.66735076904297,6328000
16/01/2024,37.423791097336846,37.935764250188384,37.15040553402711,37.65243911743164,37.65243911743164,7434200
17/01/2024,37.026149617682556,37.279652315265416,36.429676697551244,37.21006393432617,37.21006393432617,9561000
18/01/2024,37.78665077502162,38.3483332502444,37.55303482546217,38.273773193359375,38.273773193359375,9237000
19/01/2024,38.65650867066126,39.784841493453634,38.54715822014059,39.759986877441406,39.759986877441406,10636800
22/01/2024,40.18248126735769,40.4161009618416,39.745068170466936,39.85939407348633,39.85939407348633,8290600
23/01/2024,39.97869140568506,40.21231112085963,39.630749569647364,40.17751693725586,40.17751693725586,5471600
24/01/2024,40.9131640511611,41.3804034538396,40.52545637331357,40.60498809814453,40.60498809814453,11427600
25/01/2024,41.07223229503388,41.20644116067327,40.24711133496174,40.68452453613281,40.68452453613281,8001600
26/01/2024,40.316691380652095,40.6546936274308,40.0830716787531,40.18745422363281,40.18745422363281,7150800
29/01/2024,40.276932795821004,41.052348293484556,40.15763897901478,41.022525787353516,41.022525787353516,6252800
30/01/2024,40.81872576378773,40.91813662972602,40.29183755592675,40.450897216796875,40.450897216796875,5167600
31/01/2024,39.61087588511031,39.993611994108186,38.840428192504646,38.8702507019043,38.8702507019043,14639800
01/02/2024,39.188364511488615,39.84945785214456,39.00445400675352,39.79478073120117,39.79478073120117,9338600
02/02/2024,40.11786841034743,41.34064031816468,39.933954128756255,41.12690353393555,41.12690353393555,10507400
05/02/2024,41.09708082004249,41.20643505219503,40.32166541718862,40.977787017822266,40.977787017822266,6399200
06/02/2024,41.18655188390441,41.310817366587614,40.36142725859276,40.82866668701172,40.82866668701172,6142200
07/02/2024,41.34561089341245,41.80787863334368,41.09707993199311,41.64881896972656,41.64881896972656,5831400
08/02/2024,41.653798071105726,41.92220822004613,41.51461752240045,41.78303146362305,41.78303146362305,4085600
09/02/2024,41.98682753286445,42.73739221087971,41.837707416711304,42.58827209472656,42.58827209472656,5793600
12/02/2024,42.54850575036493,42.99089061979605,42.11606424445027,42.24032974243164,42.24032974243164,5187200
13/02/2024,40.679557712156196,41.44503374983001,40.30179327196596,40.913177490234375,40.913177490234375,11005000
14/02/2024,41.43011114204739,41.88740720788618,40.977786757351645,41.81285095214844,41.81285095214844,7728000
15/02/2024,41.92717490496661,42.11606087384199,41.41520170102243,42.0216178894043,42.0216178894043,7730000
16/02/2024,42.09121640729192,42.10612766268621,41.12691477411261,41.26112365722656,41.26112365722656,7759600
20/02/2024,40.86346439991494,41.141817891637054,39.88922338660562,40.629844665527344,40.629844665527344,8186200
21/02/2024,40.083074495181116,40.306750851028305,39.5363071202245,40.291839599609375,40.291839599609375,7356600
22/02/2024,41.93712104204254,42.82189076862744,41.802912182407034,42.642948150634766,42.642948150634766,8965600
23/02/2024,42.921295454136384,43.11018140824671,42.17570258420137,42.36955642700195,42.36955642700195,7262400
26/02/2024,42.49880117514542,42.70756630585807,42.28009268071381,42.31985855102539,42.31985855102539,5209000
27/02/2024,42.52862282722168,42.58827163149056,42.011677900404244,42.52365493774414,42.52365493774414,4686000
28/02/2024,42.09120170823925,42.31984972642968,41.862553690048806,42.04149627685547,42.04149627685547,3813000
29/02/2024,42.59820887401393,42.95609409549859,41.976881417903556,42.7672119140625,42.7672119140625,6100000
01/03/2024,42.91632965412109,44.20869383959691,42.90639008309707,44.04466247558594,44.04466247558594,6217600
04/03/2024,44.01980580940176,44.09933754301758,43.65695270355449,43.68677520751953,43.68677520751953,6141600
05/03/2024,43.07538842113083,43.09029967217821,41.65379100629677,42.1309700012207,42.1309700012207,8465800
06/03/2024,42.94118344426483,43.25930280286277,42.28009011156398,42.647918701171875,42.647918701171875,6384400
07/03/2024,43.32889146367749,44.16395573362076,43.02568335545344,43.930335998535156,43.930335998535156,6978400
08/03/2024,43.98004962810152,44.53675666888259,42.50874269731136,42.6280403137207,42.6280403137207,10652400
11/03/2024,42.3347655883395,42.56341363143763,41.93711830167039,42.3049430847168,42.3049430847168,8074800
12/03/2024,42.76223682507523,43.5923293301453,42.125998167481846,43.532684326171875,43.532684326171875,7163200
13/03/2024,43.29906970279976,43.31398095554541,42.62306510159598,42.82686233520508,42.82686233520508,4144400
14/03/2024,43.065443847819964,43.159886824839504,42.06634834064509,42.60317611694336,42.60317611694336,7269800
15/03/2024,42.01664553864842,42.12599977314318,41.355552242680396,41.57426071166992,41.57426071166992,6586800
18/03/2024,42.59821058437032,43.04059544750051,42.31488540469951,42.359622955322266,42.359622955322266,5561400
19/03/2024,41.957000480116626,42.63797291579721,41.55437772704385,42.55844497680664,42.55844497680664,4733800
20/03/2024,42.789725143541204,43.63030100063502,42.456480485832984,43.570613861083984,43.570613861083984,9219800
21/03/2024,44.5504586018189,44.635012541908075,43.91381092043302,43.94862747192383,43.94862747192383,6303000
22/03/2024,43.844173887667,44.27192222176866,43.68501198158632,44.023231506347656,44.023231506347656,5832000
25/03/2024,43.47611422391466,44.01825818117803,43.28710684491185,43.7148551940918,43.7148551940918,4242400
26/03/2024,44.02323201719088,44.19731476106179,43.39155546764885,43.43134689331055,43.43134689331055,5007600
27/03/2024,44.01328662926904,44.02820746669243,43.12794819143166,43.71983337402344,43.71983337402344,6829600
28/03/2024,43.68501567894797,43.84915247575045,43.46119173929381,43.51093292236328,43.51093292236328,5932000
01/04/2024,43.69495948079049,44.21223664246669,43.326898271514466,43.7148551940918,43.7148551940918,5497800
02/04/2024,42.735013737386396,42.99862530159423,42.337110849896604,42.938941955566406,42.938941955566406,5965400
03/04/2024,42.52113724809632,43.49103331023258,42.50621641240054,43.10804748535156,43.10804748535156,5091600
04/04/2024,43.93370089853934,44.04809649790737,41.740247056852006,41.76511764526367,41.76511764526367,9408600
05/04/2024,42.048635757533724,43.27716876587598,41.904394655874114,42.759891510009766,42.759891510009766,9035800
08/04/2024,42.93396784927696,43.14286715356339,42.50621948637461,42.784751892089844,42.784751892089844,5717400
09/04/2024,43.22742436686271,43.28213283613963,42.15805347246141,43.08318328857422,43.08318328857422,7480000
10/04/2024,42.063543830674405,42.49129212792483,41.91930277279053,42.29731369018555,42.29731369018555,9474200
11/04/2024,42.6703599711349,43.8292597939989,42.22769073316878,43.665122985839844,43.665122985839844,6481000
12/04/2024,42.80464960189577,43.02349867071604,41.97899830586223,42.25255584716797,42.25255584716797,9770200
15/04/2024,42.97376294500139,42.98370890546036,40.690779855612824,40.844970703125,40.844970703125,20375400
16/04/2024,40.81512523230859,41.35229817036705,40.5913050721441,40.844970703125,40.844970703125,8559200
17/04/2024,41.213025207536305,41.222971166366754,39.67114354791541,39.8452262878418,39.8452262878418,8073600
18/04/2024,39.92481417680664,40.268008650542384,39.26329961871305,39.3577995300293,39.3577995300293,7749600
19/04/2024,39.13397204710117,39.22847573548491,37.44287438368271,37.741302490234375,37.741302490234375,11067200
22/04/2024,38.21382773679541,38.91513379197698,37.60204672316355,38.48241424560547,38.48241424560547,8090000
23/04/2024,38.84051628132865,39.84522895276213,38.77585805780843,39.636329650878906,39.636329650878906,6423000
24/04/2024,40.20334015008543,40.486847401073256,39.46721399600672,39.894962310791016,39.894962310791016,6341800
25/04/2024,38.50230230068672,39.636331471242805,38.298374071825904,39.47219467163086,39.47219467163086,7856200
26/04/2024,40.05909926567304,40.97925411635262,39.939728789648626,40.700721740722656,40.700721740722656,16079800
29/04/2024,41.08370933627364,41.20307982850825,40.49182795768402,41.014076232910156,41.014076232910156,5073000
30/04/2024,40.690775982168155,40.95936242563005,39.45229721069336,39.45229721069336,39.45229721069336,5158400
01/05/2024,39.16879328509812,40.48188014688764,38.72612405186633,38.870365142822266,38.870365142822266,11989600
02/05/2024,39.55177633818484,40.01434129816416,38.6913084436907,39.8502082824707,39.8502082824707,5431600
03/05/2024,41.25779714585083,41.65072901706236,40.9543941034561,41.441829681396484,41.441829681396484,5837800
06/05/2024,41.78998669993054,42.36695098876953,41.640774545544716,42.36695098876953,42.36695098876953,4026800
07/05/2024,42.42664019786092,42.67035605155504,42.217737099975125,42.3470573425293,42.3470573425293,3822800
08/05/2024,41.839734537341855,42.56591109612211,41.81983882131392,42.30229949951172,42.30229949951172,2550200
09/05/2024,42.337119053084194,42.56591411153373,41.979003728651854,42.45648956298828,42.45648956298828,2669000
10/05/2024,42.74496575590389,43.08318531528266,42.352033929955056,42.66040802001953,42.66040802001953,4574000
13/05/2024,43.013551622903925,43.033443542548554,42.56590753650969,42.84941482543945,42.84941482543945,3147400
14/05/2024,42.73500594889961,43.48605287219882,42.710139157493124,43.3816032409668,43.3816032409668,5012600
15/05/2024,43.8690450021536,44.77427914363551,43.56564199588641,44.714595794677734,44.714595794677734,6462600
16/05/2024,44.66982573528863,45.05778264979804,44.4957429909215,44.53055953979492,44.53055953979492,4388000
17/05/2024,44.54548122716425,44.659880629774406,44.03815382035231,44.48579788208008,44.48579788208008,4363200
20/05/2024,44.500720431158975,45.22192203995954,44.47584983993712,45.09260559082031,45.09260559082031,3577200
21/05/2024,44.70961895424851,45.29155434935251,44.669827526877455,45.24679183959961,45.24679183959961,2838200
22/05/2024,45.29155972671428,45.445750577404,44.70464938482656,45.231876373291016,45.231876373291016,4075200
23/05/2024,46.15202728379492,46.16197324356731,44.42611296724605,44.79417419433594,44.79417419433594,7033400
24/05/2024,45.09757318672526,45.8734907951704,44.96328187078006,45.63972091674805,45.63972091674805,4924400
28/05/2024,45.858574495844806,45.972973914796576,45.376117610379964,45.96302795410156,45.96302795410156,3476600
29/05/2024,45.09758006208833,45.66459467313539,45.09758006208833,45.316429138183594,45.316429138183594,3680200
30/05/2024,45.112497094190836,45.132392808041,44.06302190559139,44.326637268066406,44.326637268066406,3318000
31/05/2024,44.34653298191656,44.48579918414825,42.640514415139585,44.326637268066406,44.326637268066406,5934000
03/06/2024,44.883710778597774,45.08763903905789,43.58057352388829,44.61015319824219,44.61015319824219,4175800
04/06/2024,44.545483138829006,45.072710076253955,44.20229250570914,44.83396530151367,44.83396530151367,3824000
05/06/2024,45.55019438886122,46.65438182197663,45.32139937578531,46.644432067871094,46.644432067871094,4699200
06/06/2024,46.77375262917387,46.82846489297174,46.370874863679894,46.60464096069336,46.60464096069336,3274600
07/06/2024,46.4952278137207,47.05229270732209,46.27140384492444,46.4952278137207,46.4952278137207,3349000
10/06/2024,46.25647150305386,46.9179896944215,46.20175924393509,46.863277435302734,46.863277435302734,2651800
11/06/2024,46.58972010052533,47.514849912813666,46.28631710860714,47.485008239746094,47.485008239746094,3227800
12/06/2024,48.285796296109396,49.21092617752793,48.15150116783142,48.73344039916992,48.73344039916992,4820800
13/06/2024,49.45465080697724,49.583971080706306,48.778211552468754,49.235801696777344,49.235801696777344,3417800
14/06/2024,49.17610579859626,49.743120353449456,49.09154806729971,49.72322463989258,49.72322463989258,3886600
17/06/2024,49.767991024122,51.31484777244796,49.50437943972838,50.93186569213867,50.93186569213867,4282400
18/06/2024,50.91694329875732,51.096000934519665,50.583694824315444,50.94678497314453,50.94678497314453,4113800
20/06/2024,51.20045106247169,51.28003012647909,49.782910800474355,50.13605499267578,50.13605499267578,5670000
21/06/2024,50.07139350278384,50.34992971656527,49.55909117712958,49.837623596191406,49.837623596191406,3283200
24/06/2024,49.59888081607669,49.95699608177997,48.68867181486741,48.71851348876953,48.71851348876953,4279200
25/06/2024,49.1462608987244,49.882387129956356,48.9672032693631,49.827674865722656,49.827674865722656,3653400
26/06/2024,49.64145545715198,50.134387403947855,49.5767287463934,50.02982711791992,50.02982711791992,2900400
27/06/2024,49.9651012745205,50.58250655389787,49.7908341148663,50.25886917114258,50.25886917114258,3387600
28/06/2024,50.408237074367996,51.41401400449461,49.6016280300218,49.69622802734375,49.69622802734375,6420200
01/07/2024,49.90535223129154,50.41321704264637,49.13359282126654,50.30367660522461,50.30367660522461,4247800
02/07/2024,49.970075216531356,51.344303131103516,49.950158429509884,51.344303131103516,51.344303131103516,4374400
03/07/2024,51.165058515630086,52.2056850502993,51.165058515630086,52.175811767578125,52.175811767578125,3810600
05/07/2024,52.3301656184261,53.33096244249295,52.26543890196494,53.236358642578125,53.236358642578125,5120400
08/07/2024,53.311044159532536,53.59983189947927,53.10690372180401,53.500247955322266,53.500247955322266,4022000
09/07/2024,53.798993366200605,54.04296736969751,53.24133470232597,53.555015563964844,53.555015563964844,3915600
10/07/2024,53.97326316048337,54.7898325091415,53.689455567336815,54.685272216796875,54.685272216796875,4492400
11/07/2024,54.685267086245965,54.725100660184566,52.0015417716363,52.25049591064453,52.25049591064453,11170200
12/07/2024,52.36501462529583,53.8637196612385,52.27041463211391,52.8430061340332,52.8430061340332,6546000
15/07/2024,53.226399619084695,54.16246588348958,52.678701232478225,53.136775970458984,53.136775970458984,5799400
16/07/2024,53.425567147150936,53.599834308835334,52.46958023396655,53.16665267944336,53.16665267944336,4686000
17/07/2024,51.41898587963621,51.51856981386359,50.01488469630882,50.0348014831543,50.0348014831543,8610600
18/07/2024,50.78166839739731,50.8264821214571,48.874682422434844,49.54187774658203,49.54187774658203,6969000
19/07/2024,49.46221656300026,49.955148593467456,48.37179979576857,48.64067077636719,48.64067077636719,7341400
22/07/2024,49.83564084172612,50.27878273172986,49.13857224787513,50.06468200683594,50.06468200683594,5351000
23/07/2024,49.87548075093906,50.49786621643068,49.61657006873989,49.72113037109375,49.72113037109375,3006000
24/07/2024,48.30208515210964,48.356855368901556,45.95693751954825,46.126224517822266,46.126224517822266,8864800
25/07/2024,46.200915027091206,47.032421037842084,44.587693079521166,45.115474700927734,45.115474700927734,10057400
26/07/2024,45.94698231503556,46.58430440057524,45.38434724236928,46.026649475097656,46.026649475097656,5543200
29/07/2024,46.544472799387655,46.97267047239138,45.73287978263037,46.16606140136719,46.16606140136719,4943200
30/07/2024,46.56438305379007,46.69882042355406,44.239152179058316,44.891414642333984,44.891414642333984,7852200
31/07/2024,46.932832434061254,47.88881535677094,46.65400123255042,47.55521774291992,47.55521774291992,8010600
01/08/2024,47.679705517571556,48.43154440450751,44.49309126048538,45.25489044189453,45.25489044189453,10456200
02/08/2024,43.50722300139292,44.005131268375514,42.24253554740851,43.06906509399414,43.06906509399414,23179600
05/08/2024,38.43354698967117,41.82430165853436,38.219446245898155,40.57455062866211,40.57455062866211,13239600
06/08/2024,40.85835870205013,42.65083183248112,40.33057705738952,41.27660369873047,41.27660369873047,9835400
07/08/2024,42.56618092452479,43.02425946286035,40.2807835746161,40.36044692993164,40.36044692993164,10463400
08/08/2024,41.51559646298893,42.97944821374706,40.788650734709776,42.84003448486328,42.84003448486328,9644800
09/08/2024,42.54129036990046,43.557023853309786,42.3321659771844,43.273216247558594,43.273216247558594,5869400
12/08/2024,43.4126279194734,43.99517974597463,42.874886018669635,43.43254470825195,43.43254470825195,5364200
13/08/2024,44.26405357036249,45.60840461091919,44.23915663308803,45.573551177978516,45.573551177978516,5930200
14/08/2024,45.74284345448547,46.05652436096531,44.74702671154568,45.60840606689453,45.60840606689453,5412800
15/08/2024,46.77848346305909,47.95852750658864,46.69882011006686,47.88882064819336,47.88882064819336,5241000
16/08/2024,47.490497073040444,48.25230003976352,47.29631312036768,47.97346878051758,47.97346878051758,5839400
19/08/2024,48.00333929008832,49.243129848597555,47.624927932128784,49.23316955566406,49.23316955566406,5369000
20/08/2024,49.038992259315414,49.56677769272046,48.66556099733732,49.01409912109375,49.01409912109375,10537400
21/08/2024,49.17342545741362,49.8406207653236,48.81493086861588,49.48710632324219,49.48710632324219,4822600
22/08/2024,49.9352242142552,50.07463793143807,47.68467655512378,47.87886428833008,47.87886428833008,6161400
23/08/2024,48.750203948751455,49.462209177861,47.94857127408506,48.9095344543457,48.9095344543457,6503200
26/08/2024,48.71534380386265,48.964297941369075,47.52036698282275,47.94358825683594,47.94358825683594,4811000
27/08/2024,47.60999269448562,48.43153834498891,47.21166453765949,48.22739791870117,48.22739791870117,5530400
28/08/2024,48.1128802515401,48.257274122161995,46.41003468556724,47.11208724975586,47.11208724975586,14859200
29/08/2024,47.49049093503973,48.42158079709014,46.7286918655161,46.967689514160156,46.967689514160156,8166400
30/08/2024,47.80417670146977,48.16267128342935,46.90296009994948,48.07304763793945,48.07304763793945,3913800
03/09/2024,47.410826362181695,47.4406996429649,44.652414073952414,45.12044906616211,45.12044906616211,8750200
04/09/2024,44.49806674301057,45.61338028651418,44.303882807271876,44.88145446777344,44.88145446777344,6797600
05/09/2024,44.53788782607044,45.79261864146695,44.35366421972392,44.9710693359375,44.9710693359375,6771600
06/09/2024,44.78684615568241,44.956136938247795,42.421781937148836,42.541282653808594,42.541282653808594,7841000
09/09/2024,43.33793678394431,43.78605499193752,42.725507933230475,43.606807708740234,43.606807708740234,4455400
10/09/2024,43.945392463487345,44.493090894084204,43.163676498308554,44.39848709106445,44.39848709106445,4513400
11/09/2024,44.6275192860626,46.45982197070522,42.969487544335664,46.29053497314453,46.29053497314453,21973600
12/09/2024,46.31045483850028,47.385934855992026,45.961916728245136,47.23656463623047,47.23656463623047,6297600
13/09/2024,47.05233235855044,47.848984845085035,47.002542290405536,47.614967346191406,47.614967346191406,5788400
16/09/2024,47.18179702758789,47.306274116981996,46.53451464324283,47.18179702758789,47.18179702758789,4989400
17/09/2024,47.789237457213915,48.03321144602622,46.73865070292962,47.2315788269043,47.2315788269043,5042400
18/09/2024,47.460616108590095,48.27718536687402,46.69383691752082,46.7884407043457,46.7884407043457,9610800
19/09/2024,49.03400807698507,49.74601705468525,48.61078300870183,49.17839813232422,49.17839813232422,7565600
20/09/2024,48.979246455172834,49.21326019206739,48.1228434731678,48.954349517822266,48.954349517822266,4389000
23/09/2024,49.19832019404149,49.43731786059472,48.924472895556946,49.2132568359375,49.2132568359375,3702200
24/09/2024,49.49208588599139,49.8704972584506,48.62572650577847,49.68128967285156,49.68128967285156,6006600
25/09/2024,49.54728547670994,50.16500645712659,49.50743152941038,49.80134963989258,49.80134963989258,3107800
26/09/2024,51.30579940407746,51.37056301780189,49.75651237843527,50.50873947143555,50.50873947143555,5234800
27/09/2024,50.70800510742377,50.71298780091525,49.67680799421596,49.915924072265625,49.915924072265625,4736400
30/09/2024,49.70171306069028,50.24471262207982,49.11886335405461,50.16500473022461,50.16500473022461,6042400
01/10/2024,50.09028529515833,50.15006241571052,47.97807168640983,48.745243072509766,48.745243072509766,7386000
02/10/2024,48.57089028926036,49.293225086109935,48.047817642795565,48.90964126586914,48.90964126586914,3421400
03/10/2024,48.44634556309285,49.42274446231863,48.29689516190579,48.82992935180664,48.82992935180664,5250000
04/10/2024,49.99064636230469,50.06537155760155,48.95944930911567,49.99064636230469,49.99064636230469,6669600
07/10/2024,49.597099607529444,49.77643856462283,48.63066611728344,48.86479949951172,48.86479949951172,4444200
08/10/2024,49.38787218158523,50.46888481888544,49.2434044769576,50.32441711425781,50.32441711425781,3400000
09/10/2024,50.259657591696076,51.2260948899615,50.05043007372568,51.10653305053711,51.10653305053711,4126400
10/10/2024,50.623318414557055,51.365580117528246,50.35430997574541,50.99694061279297,50.99694061279297,4275200
11/10/2024,50.573495798873566,51.3207401468519,50.4539377673878,51.1015510559082,51.1015510559082,4889400
14/10/2024,51.61963837585484,52.24732086064979,51.505059242526876,51.95838928222656,51.95838928222656,9945800
15/10/2024,52.02813390875235,52.16263621794421,50.11518641785068,50.563533782958984,50.563533782958984,10941800
16/10/2024,50.618337529608986,50.732912879446694,49.89600277415039,50.57848358154297,50.57848358154297,9462600
17/10/2024,51.70432143698368,51.71428302144891,50.633270574632085,50.658180236816406,50.658180236816406,3931800
18/10/2024,51.19123025652398,51.50507157406251,51.03679714413472,51.275917053222656,51.275917053222656,2761800
21/10/2024,51.01686946274973,51.62960776201431,50.603393302662184,51.47019577026367,51.47019577026367,4592800
22/10/2024,50.89730126655494,51.873700069260394,50.73290660163646,51.569820404052734,51.569820404052734,3890600
23/10/2024,51.06169561772961,51.19121903177995,49.28823696663913,49.97570037841797,49.97570037841797,4582600
24/10/2024,50.72294225985393,50.9122427784337,50.194890844402295,50.777740478515625,50.777740478515625,3311600
25/10/2024,51.340672543688875,52.38681778194241,51.191225938711014,51.360599517822266,51.360599517822266,6929000
28/10/2024,52.02315044732787,52.02315044732787,51.32073895225136,51.38051986694336,51.38051986694336,3535600
29/10/2024,51.430343248094914,52.60102545128548,51.05174213261624,52.35194396972656,52.35194396972656,4629000
30/10/2024,52.177581162253794,52.38182977589572,51.46520806212824,51.55986022949219,51.55986022949219,4261200
31/10/2024,50.71796816893402,50.71796816893402,48.939526608899676,48.95945358276367,48.95945358276367,8799200
01/11/2024,49.23842269385917,50.31943915182743,49.19358985401558,49.641937255859375,49.641937255859375,5359200
04/11/2024,49.517394308394145,50.03548419395467,48.99432172951323,49.333072662353516,49.333072662353516,4660600
05/11/2024,49.671832584500876,50.73291841288998,49.64692671475439,50.59343338012695,50.59343338012695,4177600
06/11/2024,52.317062700181225,53.50269275789328,52.10783520788417,53.34328079223633,53.34328079223633,9537200
07/11/2024,53.92613404960536,55.176523995685365,53.91617246388212,55.022090911865234,55.022090911865234,5141600
08/11/2024,54.852722052995986,55.261215514937774,54.7481082908662,55.09682083129883,55.09682083129883,3458600
11/11/2024,55.34091799844381,55.3957162247281,54.40935575297395,55.027076721191406,55.027076721191406,5074800
12/11/2024,55.0071466300132,55.20142985739729,54.17521549729866,54.83279037475586,54.83279037475586,4291400
13/11/2024,54.7132388699577,55.256234672635784,54.20013162869477,54.678367614746094,54.678367614746094,3293600
14/11/2024,54.5936736234308,54.77799527560416,53.72188849674428,53.891265869140625,53.891265869140625,3939000
15/11/2024,52.66578297493624,52.735525477648245,50.86741458211664,51.28586959838867,51.28586959838867,7093800
18/11/2024,51.62462025374562,52.45655519001721,51.34066755115032,52.01816940307617,52.01816940307617,4297800
19/11/2024,51.45026176923377,52.82519238572374,51.400446241243216,52.71061325073242,52.71061325073242,4783200
20/11/2024,52.64585876464844,52.71061857751248,51.260966422879676,52.64585876464844,52.64585876464844,5953400
21/11/2024,53.2835098223506,53.418015950126346,51.4851412301029,53.02944564819336,53.02944564819336,5367000
22/11/2024,52.87501264990232,53.30841576367189,52.54622709516934,53.16394805908203,53.16394805908203,3869800
25/11/2024,54.02576748953394,54.34957414968291,52.8401411008098,53.32834243774414,53.32834243774414,4661800
26/11/2024,53.63221971693263,54.05565742241698,53.45785966113204,53.88628005981445,53.88628005981445,3162600
27/11/2024,53.637205068378805,53.637205068378805,52.30711087542449,53.02944564819336,53.02944564819336,3628200
29/11/2024,53.10914814241738,54.04569304502962,52.999551694101626,53.90620803833008,53.90620803833008,2598400
02/12/2024,54.18518380851437,55.301071582028555,54.115441297754955,55.081878662109375,55.081878662109375,5273000
03/12/2024,54.78297823739616,55.47044171527626,54.68832606410282,55.43058776855469,55.43058776855469,3279200
04/12/2024,56.15291526632538,56.82543433220583,56.008447588358635,56.780601501464844,56.780601501464844,4539200
05/12/2024,56.77562490124575,56.94001956629803,56.37709307093984,56.46676254272461,56.46676254272461,2433600
06/12/2024,56.576361036655285,57.492982759308575,56.56141675759638,57.453128814697266,57.453128814697266,4528000
09/12/2024,57.20902653116265,57.39334817537042,56.282447018897045,56.53152847290039,56.53152847290039,4050400
10/12/2024,56.775628335583676,57.17415638931519,55.83410072523153,56.1180534362793,56.1180534362793,4187600
11/12/2024,57.069539689816246,58.290041055593214,56.99979718899256,58.14059066772461,58.14059066772461,3927200
12/12/2024,57.64243226988736,57.91642340211472,57.28375435158302,57.3784065246582,57.3784065246582,3539800
13/12/2024,58.215315361567065,58.79816502802149,57.5378135302302,58.225276947021484,58.225276947021484,3579000
16/12/2024,58.78820700937032,60.11830108808576,58.768280036571255,59.904090881347656,59.904090881347656,4078600
17/12/2024,59.490617459287805,59.73472003669308,59.00241990584048,59.37105941772461,59.37105941772461,4227000
18/12/2024,59.201683942043296,59.58527154703316,54.748109694199975,55.08686065673828,55.08686065673828,9103000
19/12/2024,56.063258499393996,56.182816542457395,54.49404445654544,54.55382537841797,54.55382537841797,9644600
20/12/2024,53.74182195099095,56.795563509742955,53.49772315027251,55.520263671875,55.520263671875,9987600
23/12/2024,55.839754462654575,56.63226925418609,55.1170241721638,56.5624885559082,56.5624885559082,4810400
24/12/2024,56.966226990166234,58.08770751953125,56.83164719709499,58.08770751953125,58.08770751953125,2841800
26/12/2024,57.70390561819776,58.346888197755746,57.26029810096801,57.9830322265625,57.9830322265625,3195600
27/12/2024,57.17556152548521,57.25531306676542,55.39116071834996,56.40298843383789,56.40298843383789,6193600
30/12/2024,54.87278901218155,55.71016121086317,54.09024504934168,54.89272689819336,54.89272689819336,6596400
31/12/2024,55.16188259767327,55.32138188283851,53.75130853660272,53.95068359375,53.95068359375,6637600
02/01/2025,54.59864836990527,55.07714619727861,52.78434268174534,53.71143341064453,53.71143341064453,8256800
03/01/2025,54.36439210092758,55.680262297742736,54.18994033293378,55.46593475341797,55.46593475341797,6843400
06/01/2025,56.61232877431954,57.44471549617813,56.19364080107567,56.726966857910156,56.726966857910156,5248000
07/01/2025,56.971209913314134,57.021052729657576,54.28464142283697,54.683387756347656,54.683387756347656,6579800
08/01/2025,54.673417674321286,55.0472444802569,53.70645111941702,54.693355560302734,54.693355560302734,6203000
10/01/2025,53.88090980259257,53.88090980259257,52.26099343506045,52.94883728027344,52.94883728027344,24778400
13/01/2025,51.66785879582305,52.6946353655413,51.38374672848879,52.619869232177734,52.619869232177734,4882000
14/01/2025,53.26783147196908,53.54196886053333,51.767538757434465,52.49525451660156,52.49525451660156,5988800
15/01/2025,54.14008977931519,55.13696122859379,53.82109121976706,54.86780548095703,54.86780548095703,6318000
16/01/2025,55.38119836501596,55.39116540713829,54.11018563830342,54.135108947753906,54.135108947753906,4321600
17/01/2025,56.19364727774567,56.27838424819181,55.326370108387856,55.91950988769531,55.91950988769531,5983600
21/01/2025,56.50765724798455,56.821670373157446,55.55564322605558,56.52260971069336,56.52260971069336,6641400
22/01/2025,57.574312413897864,58.5014031787662,57.529451220623415,57.997982025146484,57.997982025146484,20804400
23/01/2025,57.44970774468804,58.257171255926245,57.32509880255739,58.25218963623047,58.25218963623047,4767200
24/01/2025,58.29704364439707,58.46651377328939,57.235376888096305,57.5643424987793,57.5643424987793,4596000
27/01/2025,53.49711367350968,55.007373492397896,53.30770564159417,54.1600341796875,54.1600341796875,12186000
28/01/2025,54.399276990426884,56.02916400868129,53.671561257916714,55.789913177490234,55.789913177490234,5140200
29/01/2025,55.91950935706055,55.92449097669126,54.72824819007185,55.56562042236328,55.56562042236328,3849000
30/01/2025,56.18368104833394,56.67214597725972,55.00238689507248,56.02916717529297,56.02916717529297,5598400
31/01/2025,56.851579191626655,57.80359327874713,55.61047526589359,55.82978820800781,55.82978820800781,5608600
03/02/2025,53.955669104386075,55.520757030998965,53.42234301223153,54.94257354736328,54.94257354736328,6997800
04/02/2025,55.022321517455715,56.402990658924736,54.957526239681485,56.283363342285156,56.283363342285156,3644400
05/02/2025,55.70019429135646,56.81668929112546,55.441009378160466,56.776817321777344,56.776817321777344,3631400
06/02/2025,56.87650131170428,57.404841967293514,56.53756486404483,57.350013732910156,57.350013732910156,3693400
07/02/2025,57.46465450394126,57.87337164143991,55.7300965284819,55.899566650390625,55.899566650390625,4503400
10/02/2025,56.80672168957093,57.45967128971127,56.702050640883286,57.21543884277344,57.21543884277344,2721000
11/02/2025,56.50766315055615,57.35998783885253,56.48772526394089,56.946285247802734,56.946285247802734,2220400
12/02/2025,55.71016403866486,57.20048972090162,55.65035418035644,57.01108169555664,57.01108169555664,4213400
13/02/2025,57.3749406488279,58.700777793245464,57.19550347097243,58.635982513427734,58.635982513427734,5266000
14/02/2025,58.61105561363917,59.24407111972761,58.55623118192937,59.084571838378906,59.084571838378906,6285600
18/02/2025,59.44344705845068,59.49328987159731,58.62102733186115,59.34375762939453,59.34375762939453,6538600
19/02/2025,59.16930058207185,59.64779839039258,58.715726079473434,59.373661041259766,59.373661041259766,2730400
20/02/2025,59.18924736628849,59.268998914382,57.81356358378045,58.8453254699707,58.8453254699707,4167600
21/02/2025,59.084574448983766,59.084574448983766,56.31327288706628,56.39302062988281,56.39302062988281,5246200
24/02/2025,56.76684564330676,56.99612562543217,54.97247775506576,55.032291412353516,55.032291412353516,6613400
25/02/2025,54.902696368273084,54.917648831716924,52.83418733017135,53.63666915893555,53.63666915893555,7208600
26/02/2025,54.11516673683902,54.96250595176792,53.232937173125116,53.88090133666992,53.88090133666992,5547000
27/02/2025,54.65348238890475,54.832919568513,50.86038591330422,50.91022872924805,50.91022872924805,20766000
28/02/2025,50.845432241498145,52.59493899699278,50.20244966362973,52.48030090332031,52.48030090332031,9041600
03/03/2025,53.16315820172188,53.48215677318895,49.45978047716977,50.23733901977539,50.23733901977539,9457800
04/03/2025,49.59934398671654,51.51333549693704,48.288455492404395,49.868499755859375,49.868499755859375,12562400
05/03/2025,49.983139126369736,51.478446457885845,48.99623841711649,51.174400329589844,51.174400329589844,10075400
06/03/2025,49.43984286447798,50.44169597598622,47.92459774024961,48.35823440551758,48.35823440551758,7609000
07/03/2025,48.09406212919997,49.31024651732767,46.80311542439458,49.02613830566406,49.02613830566406,8447400
10/03/2025,47.351398014527994,47.44610202744125,44.405640796929475,45.31279754638672,45.31279754638672,9306200
11/03/2025,45.09846375296905,46.35452004218696,44.11155939498437,44.983821868896484,44.983821868896484,9621800
12/03/2025,46.41932666711655,46.77820106688267,45.01373780320825,46.02058029174805,46.02058029174805,7135000
13/03/2025,45.84612087240969,45.85608791395792,43.9520635461628,44.33585739135742,44.33585739135742,7399200
14/03/2025,45.32276057733934,46.608725659111506,45.213104109515896,46.44922637939453,46.44922637939453,6040400
17/03/2025,46.42430712716006,47.67039654715634,46.08537065281055,47.0473518371582,47.0473518371582,33021400
18/03/2025,46.38942038280708,46.38942038280708,45.008754871304795,45.45734405517578,45.45734405517578,5057800
19/03/2025,45.85109867390013,47.476000109888744,45.48225732312176,46.613704681396484,46.613704681396484,6574800
20/03/2025,45.83615284571385,47.33146015221816,45.71154390350516,46.304683685302734,46.304683685302734,5467000
21/03/2025,45.30282536843128,46.72835192882776,45.088497842140534,46.63364791870117,46.63364791870117,6196000
24/03/2025,48.064154726773715,48.78190335201111,47.934560379936386,48.59748077392578,48.59748077392578,6242600
25/03/2025,48.761971840541634,49.19560852266054,48.582534660781015,49.17567443847656,49.17567443847656,4001000
26/03/2025,48.949322918733955,49.103877517964534,47.04978329523121,47.368865966796875,47.368865966796875,6238600
27/03/2025,46.95504879116751,47.777685252221836,46.55121066458804,46.805477142333984,46.805477142333984,6267400
28/03/2025,46.441530878503464,46.5661726662591,44.15310567735191,44.34256362915039,44.34256362915039,8245800
31/03/2025,42.99144511257038,44.482159759940444,42.10399242974352,44.312644958496094,44.312644958496094,31218600
01/04/2025,43.99355898196795,45.180151091263255,43.45510941531822,45.00564956665039,45.00564956665039,9454400
02/04/2025,43.75425194161419,46.3168866590258,43.71436565872277,45.663761138916016,45.663761138916016,8060800
03/04/2025,41.869671506491024,42.562679550220736,40.67809250213897,40.78279495239258,40.78279495239258,10364800
04/04/2025,38.47941184942269,38.86829360832311,35.772192138886645,35.80210494995117,35.80210494995117,21589800
07/04/2025,33.2594128804762,39.13751981635214,32.267265354007684,35.906803131103516,35.906803131103516,24840600
08/04/2025,38.334819425111675,39.137512664311465,33.49872065561344,34.57063674926758,34.57063674926758,23193200
09/04/2025,34.46594491794111,43.1260574837431,34.45098851238736,42.69230270385742,42.69230270385742,37896400
10/04/2025,40.56342541062812,40.91242090945653,36.70949949813265,39.202335357666016,39.202335357666016,17448400
11/04/2025,38.948065876113,40.84760543938358,38.32983989126293,40.58835220336914,40.58835220336914,9625800
14/04/2025,42.40812095441241,42.50284993099437,40.29419728389589,41.1517333984375,41.1517333984375,11640800
15/04/2025,41.341185128209844,42.02921019572066,40.91241709603407,41.2464599609375,41.2464599609375,6603000
16/04/2025,39.60617822445149,40.26428675369015,37.59196634920207,38.768585205078125,38.768585205078125,16537400
17/04/2025,39.232248686602325,39.34193406383189,38.240097358946045,38.7087516784668,38.7087516784668,8891600
21/04/2025,37.67671259896127,37.83126717046693,35.881871942432205,36.81418991088867,36.81418991088867,9018800
22/04/2025,37.75150270376137,39.23224764969373,37.54708836000615,38.69379425048828,38.69379425048828,9504400
23/04/2025,41.11683033060107,41.984336040328884,40.16456532098127,40.413848876953125,40.413848876953125,11145200
24/04/2025,40.7877728349807,42.77705828324075,40.683074201456236,42.712242126464844,42.712242126464844,8749200
25/04/2025,42.63745606144828,43.759232019165616,42.34829003876481,43.65453338623047,43.65453338623047,6968200
28/04/2025,43.73430967284132,44.06834874025044,42.448005552165895,43.63459396362305,43.63459396362305,4880400
29/04/2025,43.185881614209,44.34754001370217,43.11608252767344,44.17304229736328,44.17304229736328,4523200
30/04/2025,42.63746026851588,44.49213064354588,41.75001136522561,44.16307830810547,44.16307830810547,6723800
01/05/2025,45.63384633136723,46.38169698590623,45.15023563282959,45.244964599609375,45.244964599609375,22707800
02/05/2025,46.21218597799103,47.03481865463905,45.9030730048845,46.63596725463867,46.63596725463867,5397000
05/05/2025,45.83327699764861,46.670869938882625,45.72857835546503,46.087547302246094,46.087547302246094,3589600
06/05/2025,44.866057238521066,45.90806457101267,44.60680399143271,45.23998260498047,45.23998260498047,5648800
07/05/2025,45.33470936597579,46.022730637278784,44.33757510415185,45.57900619506836,45.57900619506836,9409200
08/05/2025,46.53625274035351,47.32398969583842,45.73356318376953,46.48639678955078,46.48639678955078,6169200
09/05/2025,46.84536534382887,47.08966216342912,46.08754500794504,46.4066276550293,46.4066276550293,4620200
12/05/2025,50.02123626273853,50.20072071660557,48.97424615102413,50.18576431274414,50.18576431274414,9100400
13/05/2025,50.44502556556093,52.06038210417775,50.30542736890789,51.69643020629883,51.69643020629883,7795200
14/05/2025,51.92576971872236,52.424336871463304,51.73132883345463,52.31465148925781,52.31465148925781,6100800
15/05/2025,51.86593422326797,52.95281064124071,51.621637412059414,52.429317474365234,52.429317474365234,5064800
16/05/2025,52.69854059583155,52.90295493127085,51.98060656319629,52.87802505493164,52.87802505493164,5194200
19/05/2025,51.39229481060188,53.05750700903136,51.37733840701052,52.95280838012695,52.95280838012695,6118800
20/05/2025,52.429321010309344,52.71848705370988,51.85596805231229,52.57390213012695,52.57390213012695,4190800
21/05/2025,51.76622750481243,53.137287151617286,50.74915007400351,51.113101959228516,51.113101959228516,7939800
22/05/2025,51.217799590572454,52.03046258999511,50.968516041867524,51.302555084228516,51.302555084228516,4672800
23/05/2025,49.712131502743944,50.833907622573356,49.59746318504789,50.32537078857422,50.32537078857422,7199600
27/05/2025,51.67149164864834,52.75836803060819,51.37733889849797,52.663639068603516,52.663639068603516,4745400
28/05/2025,52.86806086452866,53.16221365623127,52.1052537361983,52.21493911743164,52.21493911743164,3210600
29/05/2025,53.6857057285114,53.71561853744495,51.88587818488383,52.404388427734375,52.404388427734375,4067400
30/05/2025,52.27975147735795,52.514078645671816,50.764106890006865,52.21493911743164,52.21493911743164,5291800
02/06/2025,51.826052558591435,53.072470405635634,51.58175572562509,53.01762771606445,53.01762771606445,3449800
03/06/2025,53.08743359245068,54.139406814893285,52.917918777787165,53.86021041870117,53.86021041870117,3973600
04/06/2025,53.9798629630761,54.35877505726053,53.59098119967661,54.139404296875,54.139404296875,3940400
05/06/2025,54.42359299732246,55.00192892481469,52.87803175871,53.29184341430664,53.29184341430664,7350400
06/06/2025,54.35877208543314,54.70777134912697,53.99482022061691,54.318885803222656,54.318885803222656,4288600
09/06/2025,54.363761439986604,54.81745555974518,54.1443906810286,54.46846008300781,54.46846008300781,3214000
10/06/2025,54.55820005193685,55.33098060885069,54.104502147277245,55.19636535644531,55.19636535644531,4771600
11/06/2025,55.47057791777433,55.714874737475,54.333845511598746,54.812469482421875,54.812469482421875,8108000
12/06/2025,54.523298932778715,55.256193186076295,54.47842591534971,55.06175231933594,55.06175231933594,5104200
13/06/2025,53.80536101221359,54.667883776775106,53.39653613861738,53.65080642700195,53.65080642700195,7400600
16/06/2025,54.35378726156142,55.35590826570753,54.34880432893372,55.12656784057617,55.12656784057617,5108000
17/06/2025,54.58810919373905,54.927134964448236,53.82031542466928,54.02971649169922,54.02971649169922,4457800
18/06/2025,54.234127851750976,54.73269494552146,53.69069154534837,54.00478744506836,54.00478744506836,4966400
20/06/2025,54.65292868386045,54.92215538324088,53.15224059803753,53.52117919921875,53.52117919921875,5328800
23/06/2025,53.645822446697686,54.73269894264238,53.007657128668754,54.637969970703125,54.637969970703125,6551600
24/06/2025,55.70490733735527,56.487657582519674,55.58524848695275,56.293216705322266,56.293216705322266,5531600
25/06/2025,56.76438228553873,57.0189283357899,56.210364021902265,56.564735412597656,56.564735412597656,5296800
26/06/2025,57.0338986110862,57.7226801012527,56.649581539574406,57.63283920288086,57.63283920288086,5577800
27/06/2025,57.832487084372175,58.40147818142279,57.248519330706735,58.012168884277344,58.012168884277344,6156000
30/06/2025,58.651036775499364,58.98544309438252,58.19184783046346,58.750858306884766,58.750858306884766,6690400
01/07/2025,58.321617144610826,58.53124463909548,57.24851857815762,57.7276725769043,57.7276725769043,6996800
02/07/2025,57.5529756083665,58.58115556541795,57.547987197818195,58.54122543334961,58.54122543334961,5045200
03/07/2025,59.02038036130346,59.858894162729094,59.000415293656744,59.6392822265625,59.6392822265625,4315000
07/07/2025,59.05032548289941,59.234999500869996,58.22179612735119,58.74586486816406,58.74586486816406,6357800
08/07/2025,59.0153870862624,59.14515811967002,58.546221332776305,58.79078674316406,58.79078674316406,3404600
09/07/2025,59.23000301895149,59.90880003167428,58.955491929125664,59.61931228637695,59.61931228637695,4030600
10/07/2025,59.73411377743493,59.82395467551252,58.85566986378152,59.42965316772461,59.42965316772461,3561200
11/07/2025,58.9405177809526,59.4745747516922,58.6759873089078,59.14515686035156,59.14515686035156,3797200
14/07/2025,59.08526114784324,59.71414742080578,58.581157493688394,59.5494384765625,59.5494384765625,3245800
15/07/2025,60.42289041519695,60.507742900990735,59.63927963190463,59.64427185058594,59.64427185058594,5046400
16/07/2025,59.759071188478806,59.903811261512374,58.54122874708699,59.774044036865234,59.774044036865234,5898400
17/07/2025,59.91878907018624,60.8371593297226,59.74409568112578,60.73234558105469,60.73234558105469,5011800
18/07/2025,60.991880397658406,61.03181053049914,60.30809496050927,60.57761764526367,60.57761764526367,6542200
21/07/2025,60.76229132723375,61.610789562953975,60.747318478547335,61.201515197753906,61.201515197753906,4801200
22/07/2025,61.21648346833731,61.23145631590397,59.978676027551316,60.55765151977539,60.55765151977539,7200800
23/07/2025,60.78225492758617,61.101688385009766,60.18830655771396,61.101688385009766,61.101688385009766,7623800
24/07/2025,61.38618103853841,61.62076580578407,60.98189892099837,61.37120819091797,61.37120819091797,5132600
25/07/2025,61.31631146989075,61.90526765341048,61.17655980057206,61.615779876708984,61.615779876708984,4364600
28/07/2025,61.900275061544534,62.18976283650241,61.735569913952354,62.00509262084961,62.00509262084961,4544200
29/07/2025,62.55910393828534,62.85358391747643,61.63574148248779,61.82041549682617,61.82041549682617,5170400
30/07/2025,61.98013321842065,62.504205765270086,61.32130122669557,61.96516036987305,61.96516036987305,5327400
31/07/2025,63.35269599152303,63.3776532760818,61.03680164009708,61.27637481689453,61.27637481689453,8180400
01/08/2025,59.918786563649846,59.953724478410955,58.29666202069666,58.83071517944336,58.83071517944336,9479800
04/08/2025,59.928771955601455,61.036808494577215,59.90880688730174,60.991886138916016,60.991886138916016,6182400
05/08/2025,61.2663973814166,61.520947226986195,60.04356653323523,60.148380279541016,60.148380279541016,4372200
06/08/2025,60.32805741207962,61.7605156421426,60.23821652105554,61.66069412231445,61.66069412231445,5789200
07/08/2025,62.59903517036137,62.95839876783794,61.1815496558118,62.07496643066406,62.07496643066406,6093400
08/08/2025,62.299569934141545,63.24788974046964,62.23967472887592,63.19797897338867,63.19797897338867,5211800
11/08/2025,63.21793952428823,63.687105270859874,62.52915804076959,62.788700103759766,62.788700103759766,6339000
12/08/2025,63.307773540099696,64.4557400849294,62.73878248617804,64.3858642578125,64.3858642578125,7203600
13/08/2025,64.97981719412812,65.09461157196557,64.13132277170064,64.43578338623047,64.43578338623047,5422200
14/08/2025,63.97160471286455,64.77019220958398,63.896740467001074,64.32098388671875,64.32098388671875,5745800
15/08/2025,64.29103578025419,64.29103578025419,63.35270045708727,63.71705627441406,63.71705627441406,5608600
18/08/2025,63.517407296973055,63.81188346441335,63.26784967387566,63.6771240234375,63.6771240234375,3912000
19/08/2025,63.50243927900373,63.5174121282569,61.705621209674604,61.93022537231445,61.93022537231445,6192400
20/08/2025,61.710608795177215,61.72059323256126,59.65425260798472,61.17655563354492,61.17655563354492,8544600
21/08/2025,60.82717355439556,61.2963392742763,60.11343863369781,60.6175422668457,60.6175422668457,4594800
22/08/2025,60.88706812629904,62.89351355864245,60.582607519938215,62.45928192138672,62.45928192138672,10276000
25/08/2025,62.09992234256528,62.7338008818292,61.83539185293049,62.0849494934082,62.0849494934082,4631400
26/08/2025,61.965155050411646,62.63895983284087,61.7505353544434,62.58405685424805,62.58405685424805,4834000
27/08/2025,62.34448814911823,62.95340555977723,62.069973236485204,62.758750915527344,62.758750915527344,7315600
28/08/2025,62.878540767197734,63.722042948907934,62.519177178516564,63.522396087646484,63.522396087646484,10720800
29/08/2025,62.963391801405535,63.02827541536556,61.610789882474144,62.000099182128906,62.000099182128906,7505400
02/09/2025,60.03857313661477,61.031811405600536,59.629298788996486,60.971920013427734,60.971920013427734,10894000
03/09/2025,61.73556342440885,62.26961656306257,61.201510285755134,61.9002685546875,61.9002685546875,9083400
04/09/2025,62.05000532624961,63.09814654909547,61.685649532354,63.02827072143555,63.02827072143555,6589400
05/09/2025,64.14629522924682,64.2860468925173,62.18476830080236,63.168025970458984,63.168025970458984,7853800
08/09/2025,63.677120312496065,64.21616566087954,63.557329918668465,63.78692626953125,63.78692626953125,6027000
09/09/2025,63.94663932910003,64.23612706961038,63.37765209284214,64.13131713867188,64.13131713867188,6153600
10/09/2025,64.84006197642191,64.8450503870477,63.70207604247717,64.17124938964844,64.17124938964844,7311200
11/09/2025,64.72027395376496,65.09461039357952,64.37089479978357,64.89995574951172,64.89995574951172,7643600
12/09/2025,65.0946170765024,65.71851120691194,64.88498956259222,65.45896911621094,65.45896911621094,6465400
15/09/2025,65.83829097876786,66.57697937731152,65.81333369440685,66.57199096679688,66.57199096679688,5914200
16/09/2025,66.75667043148732,66.8165618295544,66.2825124263679,66.4222640991211,66.4222640991211,4658000
17/09/2025,66.41727493528478,66.54704216825797,64.89497178587187,66.13776397705078,66.13776397705078,7769800
18/09/2025,67.25079735872559,67.96951698370188,66.81656187476047,67.36060333251953,67.36060333251953,4336200
19/09/2025,67.76487860288893,68.38377662938206,67.44044912574553,68.2390365600586,68.2390365600586,4208800
22/09/2025,68.00944310640011,69.17238258500821,67.99946628456777,69.03263092041016,69.03263092041016,5058400
23/09/2025,69.04261650001528,69.08753504668731,67.82477401760961,68.09928894042969,68.09928894042969,4513000
24/09/2025,68.39935107618682,68.46425800772776,66.98642926021192,67.62548828125,67.62548828125,5326600
25/09/2025,66.71682569549714,67.37585194207958,65.87805601472019,67.0163803100586,67.0163803100586,5032000
26/09/2025,67.17114376140319,67.61049962169686,66.43223332033186,67.55558013916016,67.55558013916016,3117400
29/09/2025,68.24457267015407,68.8986089711886,67.87012370835414,68.15969848632812,68.15969848632812,4276000
30/09/2025,68.06982286126926,68.58906299130118,67.5406029112552,68.49919128417969,68.49919128417969,3456600
01/10/2025,67.77026919853591,69.28304232830071,67.59552331009863,69.1582260131836,69.1582260131836,4213600
02/10/2025,70.02195170610725,70.02694161608936,69.07335077304823,69.71739959716797,69.71739959716797,3962800
03/10/2025,69.86719347721906,70.0519192167301,68.6889269603321,69.08834075927734,69.08834075927734,3938800
06/10/2025,70.29655625486072,70.51123667863261,69.7323840240995,70.13179779052734,70.13179779052734,3741600
07/10/2025,70.42635931849952,70.57115051617141,69.0384024467831,69.3779067993164,69.3779067993164,3275600
08/10/2025,69.57262227562457,71.03546594102814,69.5576449261496,70.95558166503906,70.95558166503906,2534200
09/10/2025,70.97056184440024,70.98054928384308,70.03194822774579,70.77085876464844,70.77085876464844,2289400
10/10/2025,70.90066348055322,71.30507477836106,65.7232846865325,65.80815887451172,65.80815887451172,9907600
13/10/2025,68.08480134244854,68.81872188705752,67.55558138362757,68.61402130126953,68.61402130126953,7482400
14/10/2025,67.07129169941166,68.74882324020662,65.87804805943611,67.70037078857422,67.70037078857422,8362200
15/10/2025,69.03840722075527,69.64252160453641,67.2061044269762,68.61902618408203,68.61902618408203,6604600
16/10/2025,69.27305303911304,69.99698612381309,67.0962562569044,68.1097640991211,68.1097640991211,8831200
17/10/2025,67.6154930408088,69.33296681852735,67.266008869339,68.9784927368164,68.9784927368164,7761200
20/10/2025,69.72238740456736,70.98552784662118,69.68744279937995,70.7009506225586,70.7009506225586,4817000
21/10/2025,70.71594549546688,70.96557817620747,70.18672543120641,70.66102600097656,70.66102600097656,4708600
22/10/2025,70.51124816087523,70.64605194786053,67.96000173986819,69.25809478759766,69.25809478759766,7780600
23/10/2025,69.1332647000428,70.61608320759129,69.05338042599017,70.44633483886719,70.44633483886719,5162600
24/10/2025,71.65455093000705,72.21372557310083,71.45983778691668,71.88420867919922,71.88420867919922,7029000
27/10/2025,73.65660889507049,74.5702653057162,73.52180513135322,74.4604263305664,74.4604263305664,4927400
28/10/2025,74.99963128608155,76.00315176055062,74.72503385729142,75.58377075195312,75.58377075195312,5344800
29/10/2025,76.2228289089241,76.55234582003689,74.93972110876703,76.27275848388672,76.27275848388672,7443000
30/10/2025,75.38906036059387,75.69860240902382,73.88627454893222,73.91622924804688,73.91622924804688,7706000
31/10/2025,75.80344919747125,75.81842654657875,74.04104334944053,74.63017272949219,74.63017272949219,5028400
03/11/2025,76.02812509293311,76.19288356872404,74.76997430755608,75.29920196533203,75.29920196533203,4294200
04/11/2025,73.18728789937161,74.05601213810583,72.04896378968279,72.2137222290039,72.2137222290039,7876600
05/11/2025,72.05396871686935,73.94119086190007,71.73942915330304,73.1623306274414,73.1623306274414,5082000
06/11/2025,72.8028687567422,72.85279071518318,70.11681903982534,70.42636108398438,70.42636108398438,7409600
07/11/2025,69.63253501306326,69.99699656473997,67.40081841605472,69.95206451416016,69.95206451416016,9751200
10/11/2025,72.02900448059742,73.27217015909652,71.57467124489828,73.01754760742188,73.01754760742188,6672200
11/11/2025,72.40844248167156,72.90271784822794,71.67951944375834,72.62812042236328,72.62812042236328,4370800
12/11/2025,73.3969850141724,73.3969850141724,71.74441818005994,72.50330352783203,72.50330352783203,5287600
13/11/2025,71.6645345055754,71.78436091459645,69.00345728327846,69.52268981933594,69.52268981933594,8550000
14/11/2025,67.48070023186722,70.63106307722315,66.94149279004544,69.59259033203125,69.59259033203125,9982000
17/11/2025,69.0034597567495,70.42137136583193,67.54559839171115,68.39934539794922,68.39934539794922,8383600
18/11/2025,67.46572422752295,68.09479577976708,65.62343400244161,66.7367935180664,66.7367935180664,9274400
19/11/2025,66.89655732350107,68.91857560430215,66.33737503192893,67.49567413330078,67.49567413330078,6362400
20/11/2025,70.16674345943109,70.68598364908001,64.11565032762884,64.31536102294922,64.31536102294922,7790000
21/11/2025,64.66483738556283,66.76174991427628,63.206979959019385,65.26395416259766,65.26395416259766,10246000
24/11/2025,66.37233172075663,68.91858023815234,66.36234428143644,68.62901306152344,68.62901306152344,6323800
25/11/2025,68.18965882294219,69.71740949450574,66.79171439299016,69.40786743164062,69.40786743164062,6988000
26/11/2025,70.24662865444817,71.05544364923058,69.7473633369067,70.63605499267578,70.63605499267578,5542200
28/11/2025,71.00551462943714,71.72445791126867,70.86572094887926,71.70448303222656,71.70448303222656,4196700
01/12/2025,70.4463429855137,71.77438300884522,70.16674799399618,71.24516296386719,71.24516296386719,3899600
02/12/2025,71.75440588726487,72.7429489980509,71.33502488489303,72.36351013183594,72.36351013183594,4059600
03/12/2025,71.78435782073272,72.852785162692,71.4148987891456,72.68303680419922,72.68303680419922,3311300
04/12/2025,73.00257591662925,73.03253061700873,71.7743798737812,72.51329803466797,72.51329803466797,3357200
05/12/2025,72.8428039717693,73.90125158448781,72.68304303777533,73.11241149902344,73.11241149902344,3703900
08/12/2025,73.4818663519529,73.87130031140104,72.2037483479909,72.78289794921875,72.78289794921875,2875400
09/12/2025,72.49331893609325,73.16233259957514,72.18377689261018,72.99258422851562,72.99258422851562,2782400
10/12/2025,72.68304864274391,73.93121198469613,72.0140349198218,73.55177307128906,73.55177307128906,4132600
11/12/2025,72.67305784405119,73.11241375793087,71.23517130276066,73.07247161865234,73.07247161865234,5511400
12/12/2025,72.2436896316449,72.56321912884829,69.72739579344122,70.23664093017578,70.23664093017578,8015500
15/12/2025,71.34500473935512,71.34500473935512,69.2580795469012,69.52767944335938,69.52767944335938,5727600
16/12/2025,68.99845949981763,70.19670073104822,68.69890490564762,69.79728698730469,69.79728698730469,6377200
17/12/2025,70.07687732859212,70.19670374231049,67.16116982509979,67.18113708496094,67.18113708496094,9929200
18/12/2025,69.27805356886607,69.97702959290417,68.64898200359762,69.13825988769531,69.13825988769531,5479100
19/12/2025,69.75734856115834,71.02547907544232,69.73737368290786,70.94560241699219,70.94560241699219,5733500
22/12/2025,72.083922154061,72.13384411017424,71.23516510011812,71.56468200683594,71.56468200683594,4336300
23/12/2025,71.32504357275677,72.29361950775176,71.23517185413843,72.25367736816406,72.25367736816406,4157400
24/12/2025,72.176765153751,72.71614403709712,72.12681970098323,72.64622497558594,72.64622497558594,2534000
26/12/2025,72.76607766622249,72.96585184514828,72.41648237885947,72.59627532958984,72.59627532958984,2707500
29/12/2025,71.69732036700206,72.3166089753342,71.38767987313938,71.87711334228516,71.87711334228516,4585500
30/12/2025,71.62740252057654,72.1667814556173,71.48756438415192,71.52751922607422,71.52751922607422,2467300
31/12/2025,71.56747279334654,71.62740124485919,70.26896712612277,70.32890319824219,70.32890319824219,3960500
02/01/2026,71.62740278727465,72.23670079279638,69.36002074914148,70.01925659179688,70.01925659179688,7355500
05/01/2026,71.42762904693157,71.77722435429693,70.85828594047764,71.11798095703125,71.11798095703125,5097800
06/01/2026,71.40764209005958,72.50637337676812,71.2578133644617,72.37652587890625,72.37652587890625,4801600
07/01/2026,72.26666437354488,73.40535069027284,72.16678107956307,72.50638580322266,72.50638580322266,4126600
08/01/2026,72.28663933095328,72.34656777801982,71.0580528218458,71.66735076904297,71.66735076904297,4344600
09/01/2026,71.84714272311075,73.34541484360888,71.31775445983172,73.05574798583984,73.05574798583984,4090000
12/01/2026,72.04690649364764,73.5551691701591,72.0369235000683,73.18559265136719,73.18559265136719,3879200
13/01/2026,73.17561535012534,73.69501301906925,72.3665431915194,72.9259033203125,72.9259033203125,4804900
14/01/2026,71.99697819382985,72.27665446318657,70.21902966382763,71.40765380859375,71.40765380859375,5370100
15/01/2026,73.03578072952983,73.13566402212909,71.64738238676186,71.85713958740234,71.85713958740234,4026000
16/01/2026,72.71614431634461,72.83600121047769,71.17791733658508,71.66735076904297,71.66735076904297,4071300
20/01/2026,69.23015923507286,70.26896217148492,68.43108532902174,68.65083312988281,68.65083312988281,7404900
21/01/2026,68.96047567176578,71.43761476167238,68.61088035108618,70.45874786376953,70.45874786376953,9095800
22/01/2026,71.88710518276807,71.89709579840036,70.84830215460885,71.52751922607422,71.52751922607422,4275600
23/01/2026,71.23784801328875,72.5663178492883,71.0081095913329,71.96701049804688,71.96701049804688,4766500
26/01/2026,72.04691329082553,73.0557520417392,71.81718248713439,72.57630920410156,72.57630920410156,3777100
27/01/2026,73.35541157313341,74.08456646501922,72.98583500918423,73.87480926513672,73.87480926513672,3335500
28/01/2026,74.8836510411719,75.13336309206517,74.01465036064478,74.27435302734375,74.27435302734375,4422900
29/01/2026,74.20442768302243,74.43415848287775,70.82832378385494,73.43531036376953,73.43531036376953,6630900
30/01/2026,72.5063869288124,73.11568493834923,71.05806009207488,71.62740325927734,71.62740325927734,6850500
02/02/2026,70.90822381126863,73.14564902083906,70.8982408172,72.64622497558594,72.64622497558594,4547900
03/02/2026,73.10569630474916,73.20557959257782,69.09032259682233,70.37883758544922,70.37883758544922,4970500
04/02/2026,70.02924676871771,70.04922037932465,66.71307110366452,67.90170288085938,67.90170288085938,10802600
05/02/2026,66.6431452229615,67.69193113626702,65.43453995871069,65.96392822265625,65.96392822265625,12348100
06/02/2026,66.61318252856962,69.09032156022248,66.31352504897319,68.71076202392578,68.71076202392578,11017200
09/02/2026,68.22132874045462,70.22900794822054,67.66196861865262,69.74956512451172,69.74956512451172,6467000
10/02/2026,69.95932124769134,70.34887139375323,68.99043737957622,69.10031127929688,69.10031127929688,3960700
11/02/2026,70.19904522925366,70.43876664624726,68.24130381249195,69.4399185180664,69.4399185180664,4081200
12/02/2026,69.7995023172188,70.03923134748048,66.38344365235521,66.6131820678711,66.6131820678711,6782700
13/02/2026,66.54326091908074,67.87172305557438,65.66426974356534,66.84291076660156,66.84291076660156,4856000
17/02/2026,66.0738037679655,67.30238267139995,64.9451005304518,66.69308471679688,66.69308471679688,4688200
18/02/2026,66.88286800813738,68.58091435422331,66.60319175882131,67.67195892333984,67.67195892333984,3790900
19/02/2026,67.02269851233527,67.69192483576592,66.56322935204234,67.16253662109375,67.16253662109375,3421200
20/02/2026,66.39343559674569,68.67080808559645,66.19366140086014,68.32121276855469,68.32121276855469,3453200
23/02/2026,67.83177842079114,68.12143766490415,66.1337320711202,66.67311096191406,66.67311096191406,4681200
24/02/2026,66.87287268937507,68.32120690803491,66.28355600842795,68.051513671875,68.051513671875,3174600
25/02/2026,68.78068682838007,70.06920190524272,68.78068682838007,69.99928283691406,69.99928283691406,2925400
26/02/2026,69.7795304119977,69.80949463636044,67.1525625945775,68.36116790771484,68.36116790771484,3747000
27/02/2026,66.90285100586934,68.11145632698765,66.74303164740422,67.91168212890625,67.91168212890625,3752000
02/03/2026,65.9838985506071,68.46104502285645,65.79412260655256,68.051513671875,68.051513671875,4495300
03/03/2026,65.40458045428832,67.10261926725636,64.41571529533472,66.60319519042969,66.60319519042969,6669400
04/03/2026,67.1525603937641,69.0803375108529,66.99274104159215,68.5709228515625,68.5709228515625,5079700
05/03/2026,67.85175189348969,69.05036656799706,66.69308443694048,68.1813735961914,68.1813735961914,5983400
06/03/2026,66.23361116019338,67.50215243980409,65.80410619773865,66.11375427246094,66.11375427246094,6292600
09/03/2026,64.86519591122826,68.19135418276255,64.22593375798044,67.86174011230469,67.86174011230469,6123900
10/03/2026,67.8817173136114,69.07034901488085,67.34233841439519,67.83177947998047,67.83177947998047,5540600
11/03/2026,68.11145182576476,68.86058787269802,67.24245126790406,67.82178497314453,67.82178497314453,5077500
12/03/2026,66.70307792188304,67.01271840832287,65.43454413045609,65.50446319580078,65.50446319580078,5388300
13/03/2026,65.99389820844523,66.85290824327028,64.43569750369596,64.68540954589844,64.68540954589844,5815100
16/03/2026,66.04383521441508,66.88286391096528,65.84406103385139,66.11375427246094,66.11375427246094,3004600
17/03/2026,66.71306654678295,67.33235512179328,66.4533639029907,66.77299499511719,66.77299499511719,3213900
18/03/2026,66.35348169344697,66.71306763050634,64.8252452712478,64.87518310546875,64.87518310546875,4568200
19/03/2026,63.70652952599308,65.07495414336938,63.18712806550255,64.4556655883789,64.4556655883789,5470700
20/03/2026,64.01617108434372,64.04614292865915,61.299306842788155,62.058433532714844,62.058433532714844,7178100
23/03/2026,64.00618750377969,64.98505436547458,63.047290440536095,63.50676345825195,63.50676345825195,19902000
24/03/2026,62.7676147729825,63.44683178598606,62.16830743694553,62.56784439086914,62.56784439086914,5354100
25/03/2026,63.69977298234281,64.17931913474219,62.96047409322068,63.370086669921875,63.370086669921875,3108400
26/03/2026,62.27112786444765,62.70071820061399,60.30298741356125,60.372920989990234,60.372920989990234,5020800
27/03/2026,59.713547260381674,59.76349927280148,57.775380976395724,57.99517059326172,57.99517059326172,7692800
30/03/2026,58.964254218522036,59.11411025216677,56.54653800255989,57.10601043701172,57.10601043701172,8459000
31/03/2026,58.31486589626455,61.24209868706396,58.2948843298144,60.9423828125,60.9423828125,9515200
01/04/2026,61.841533998596255,63.16028689024975,61.64172214599243,62.43097686767578,62.43097686767578,6712200
02/04/2026,60.20307705079401,62.750671383366,59.76349404442444,62.54086685180664,62.54086685180664,5847700
06/04/2026,62.8006260973006,63.74972953551607,62.480928658694516,63.2901611328125,63.2901611328125,5359900
07/04/2026,62.660758584100364,63.380075911282105,61.1122195990795,63.33012390136719,63.33012390136719,5676600
08/04/2026,67.646041882964,67.88581305064814,66.2273850093999,67.01663970947266,67.01663970947266,5157600
09/04/2026,67.0266258362672,68.04566665387746,66.38723096420074,67.94576263427734,67.94576263427734,3493200
10/04/2026,68.30542538266846,68.71503416275871,67.80589764653654,68.12559509277344,68.12559509277344,4318400
13/04/2026,67.82587034721575,69.57421729337474,67.47620248242151,69.52426147460938,69.52426147460938,3796300
14/04/2026,70.16366219982348,72.04188355708318,70.16366219982348,72.03189086914062,72.03189086914062,14742700
15/04/2026,72.17176445717232,74.1099344929958,71.95197103593192,74.04000091552734,74.04000091552734,4557900
16/04/2026,74.4795909820297,75.16893409771914,73.5504690570505,74.72935485839844,74.72935485839844,3949400
17/04/2026,75.92821787075967,76.95724381445795,75.55856459240098,76.65753173828125,76.65753173828125,5542400
20/04/2026,76.46770915427905,76.62755407130459,75.17892664007232,76.19795989990234,76.19795989990234,4289200
21/04/2026,76.54762555082642,76.97721966681992,75.10898337220867,75.59851837158203,75.59851837158203,6332200
22/04/2026,76.95724010342866,78.16609628341497,76.57760177636965,78.10615539550781,78.10615539550781,4155900
23/04/2026,77.73650254033791,78.53574995347937,75.8283105841903,77.22698974609375,77.22698974609375,5395800
24/04/2026,78.86543994219633,80.29408954565781,78.41586041478672,80.1642074584961,80.1642074584961,4817100
27/04/2026,79.98437862164307,80.25412786741555,79.36496910741717,80.21416473388672,80.21416473388672,3866600
28/04/2026,78.54574729319417,79.08523818568143,77.69654400812671,78.59569549560547,78.59569549560547,3800200
29/04/2026,78.82548223664998,79.57477387840103,78.35592492160244,79.56478118896484,79.56478118896484,5793000
30/04/2026,80.46392927799234,81.24319133288219,78.5757150304705,80.97344970703125,80.97344970703125,4916100
01/05/2026,81.34309452632725,82.97155982039261,81.24319050377935,82.52198028564453,82.52198028564453,4503300
04/05/2026,82.6418649578941,83.16137041873417,81.25317854401949,82.20227813720703,82.20227813720703,4732800
05/05/2026,83.43112143754831,84.61000715469707,83.34120248493974,84.31028747558594,84.31028747558594,3972100
06/05/2026,85.85882920233934,87.85694013469306,85.52913906917578,87.76702117919922,87.76702117919922,5090100
07/05/2026,87.99680329065959,89.18567405828689,86.80792490084431,87.57720184326172,87.57720184326172,7225600
08/05/2026,88.8160333093666,91.65334720155082,88.7261143530205,91.63336944580078,91.63336944580078,3645200
11/05/2026,91.43355266096769,92.52252707966356,91.07389970653976,92.17285919189453,92.17285919189453,3982000
12/05/2026,90.84411076916254,91.36361624022574,87.88690760404667,90.60433959960938,90.60433959960938,5528200
13/05/2026,91.29368477349884,93.02205406516111,89.98492456598157,92.46258544921875,92.46258544921875,3761500
14/05/2026,92.49255690376216,94.39076381425978,92.38266019268889,93.81130981445312,93.81130981445312,4528700
15/05/2026,91.24374283840682,92.55250313577743,90.07484970462443,90.94402313232422,90.94402313232422,6414500
18/05/2026,91.62337537926838,91.72327940089325,88.36645244341773,90.11479949951172,90.11479949951172,6049100
19/05/2026,88.5862423060003,90.29462616038485,87.43732704799302,89.04580688476562,89.04580688476562,4158100
20/05/2026,89.97493261117418,91.96305847167969,89.59529427900047,91.96305847167969,91.96305847167969,3884100
21/05/2026,90.87408295631954,92.95212012482284,90.33459209783186,92.29273986816406,92.29273986816406,3999800
22/05/2026,93.1818996721239,94.23091095705777,92.64241642967663,93.0120620727539,93.0120620727539,4042000
26/05/2026,95.2099852567159,96.55870855893711,94.7504130526993,96.30894470214844,96.30894470214844,4142400
27/05/2026,97.01827314563693,97.04824358890299,95.060125422978,96.0991439819336,96.0991439819336,4035800
28/05/2026,96.15908555243595,97.96737344943872,95.3098899577092,97.6976318359375,97.6976318359375,3614200
29/05/2026,98.29707081386483,99.25616318679945,97.58774231790866,98.36700439453125,98.36700439453125,4821500
01/06/2026,98.06728360827462,100.31515830149645,97.74757855682708,99.535888671875,99.535888671875,4830700
02/06/2026,99.46595832730901,100.50497691168901,98.59678496257278,100.43504333496094,100.43504333496094,3891700
03/06/2026,100.75474373007891,101.09442655714228,99.06634515034966,99.90554809570312,99.90554809570312,4401500
04/06/2026,97.56775196320545,99.68574448829901,96.7884823650164,98.92646026611328,98.92646026611328,4130800
05/06/2026,96.08914869524632,96.48877237976023,89.19566490949168,89.4554214477539,89.4554214477539,8437900
08/06/2026,92.62242927451663,93.94118215536653,91.45353623466544,92.1628646850586,92.1628646850586,6023600
09/06/2026,93.93118386278599,94.63052720499441,84.52008397354172,90.03487396240234,90.03487396240234,10184800
10/06/2026,88.43638733860531,90.89407051589188,86.23846834135311,86.42829132080078,86.42829132080078,7232200
11/06/2026,87.82697014584394,92.57248363480048,86.7579734741887,92.09293365478516,92.09293365478516,6688400
12/06/2026,92.38266489551808,93.98115219860871,90.71424401111062,93.29180145263672,93.29180145263672,7289100
15/06/2026,97.59772849645174,99.3460755186686,97.4478686558241,99.08631896972656,99.08631896972656,4768600
16/06/2026,98.67669819504604,99.18621858166212,95.29989369761445,95.36982727050781,95.36982727050781,3520400
17/06/2026,96.73854190028278,96.86841636593277,93.02205437417517,93.47162628173828,93.47162628173828,5566100
18/06/2026,97.17812523788092,98.35701103406218,95.9792616854407,97.8175277709961,97.8175277709961,3727200
22/06/2026,98.63674932327822,99.54588583206139,96.62864570624645,97.58773803710938,97.58773803710938,3493600
23/06/2026,91.65334796616872,93.73138520217363,90.72422606117921,91.13384246826172,91.13384246826172,5692200
24/06/2026,91.56471141855098,92.71439546766403,88.77548835578337,90.34505462646484,90.34505462646484,4405200
25/06/2026,94.19399540100935,94.44392639809234,88.9554438377904,91.74466705322266,91.74466705322266,4754900
26/06/2026,89.36532770246318,91.49473707551084,88.27563220413923,89.09540557861328,89.09540557861328,4520400
29/06/2026,91.09485329707785,93.76411453689562,88.88546418032583,93.65414428710938,93.65414428710938,4209300
30/06/2026,93.66413940176538,97.13318273179944,93.61415015330437,96.73329162597656,96.73329162597656,3942000
01/07/2026,94.90379896512938,95.62360146049008,93.71412497266998,93.87408447265625,93.87408447265625,4558100
02/07/2026,93.94406467577714,95.26370003910256,89.27535546730581,90.58499145507812,90.58499145507812,6283700
06/07/2026,92.37449474083385,93.95406041640791,92.02459288289997,93.11428833007812,93.11428833007812,2936200
07/07/2026,90.88490951646514,91.45475187266013,88.51556096844986,89.66524505615234,89.66524505615234,4543600
08/07/2026,88.53555419783117,90.35505155626927,87.51583908306885,90.11511993408203,90.11511993408203,4867500
09/07/2026,91.87463276456018,93.39420981642523,91.10484104981717,93.11428833007812,93.11428833007812,2926500
10/07/2026,92.43447770882224,93.91407254615805,91.4947347326513,93.67413330078125,93.67413330078125,2857700
13/07/2026,91.64469361201957,91.91462335258764,89.67523618982226,90.10511779785156,90.10511779785156,5029600
14/07/2026,92.25452860544958,92.77438935169252,90.75494261998443,92.10456848144531,92.10456848144531,3908600
15/07/2026,93.14428380545202,93.28424455610437,89.7052384114799,91.584716796875,91.584716796875,4532900
16/07/2026,90.11512150276897,90.53500375572796,87.73578110871249,88.5455551147461,88.5455551147461,4334400
17/07/2026,84.95654788960958,87.62580910806851,83.74687515164047,85.88629150390625,85.88629150390625,5352100
20/07/2026,87.57581473906728,88.43557792901623,85.92626872917508,86.0062484741211,86.0062484741211,3420000
21/07/2026,88.63553329778539,89.4752977947605,87.71578142315562,89.20537567138672,89.20537567138672,2825000
22/07/2026,87.87573813192924,89.345333582233,87.8457476333171,88.25563049316406,88.25563049316406,2507100
23/07/2026,85.6163623587105,86.60608697854845,83.87684474229772,84.9765396118164,84.9765396118164,5985900
24/07/2026,84.51666474650285,85.05651660179242,82.567198442298,82.97708892822266,82.97708892822266,4115500
27/07/2026,84.79658769624305,84.91655731969206,80.96764302149298,82.45723724365234,82.45723724365234,4033400
28/07/2026,81.02762975551236,81.79741384629803,79.02818184176537,80.8476791381836,80.8476791381836,5230500
29/07/2026,80.85767058982644,81.91738316678553,77.42861712522351,77.55858612060547,77.55858612060547,8074300
30/07/2026,80.58775240719248,83.01708203701712,80.24784228034005,82.65718078613281,82.65718078613281,5777700
31/07/2026,84.66662672764797,85.56637221228794,81.76742564578385,83.64690399169922,83.64690399169922,7395200
03/08/2026,83.7568722094623,86.96598520812596,83.15703935848295,86.5960922241211,86.5960922241211,4177400
04/08/2026,88.6055340657575,92.92434137689105,88.44558219430965,92.43447875976562,92.43447875976562,5541100
05/08/2026,93.08430044521005,93.66414218451581,90.69496074172422,90.77494049072266,90.77494049072266,4812900
06/08/2026,89.11539321277517,91.28479237612115,88.56554198368356,90.10511779785156,90.10511779785156,4441300
07/08/2026,91.47474431268388,92.33450754700804,90.54500070474211,92.1845474243164,92.1845474243164,4855400
10/08/2026,92.00459692917877,92.59443804530078,91.48474381405939,91.60470581054688,91.60470581054688,3544000
11/08/2026,92.22453343755197,92.23453281258973,90.33505580169738,90.95488739013672,90.95488739013672,2804900
12/08/2026,93.12429025093647,93.20426999987585,92.11456689562056,92.29451751708984,92.29451751708984,3455100
13/08/2026,92.65442128107073,94.91379967270764,92.39449090358958,94.40393829345703,94.40393829345703,4060500
14/08/2026,94.73384805623243,94.97377967978261,93.42420443409169,94.12401580810547,94.12401580810547,2800200
17/08/2026,94.60387740226959,95.01376789482454,93.65414267298122,93.81409454345703,93.81409454345703,2850100
18/08/2026,91.314781447098,91.78465292146953,90.21508663339412,90.6249771118164,90.6249771118164,3872600
19/08/2026,91.34478364060273,91.61470576168433,89.37532616147857,90.22509002685547,90.22509002685547,2973400
20/08/2026,89.23536517904115,89.92516954323484,88.33561206564862,88.92544555664062,88.92544555664062,3857100
21/08/2026,89.97515866379841,90.075129536856,88.46557331057606,89.50528717041016,89.50528717041016,2571000
24/08/2026,88.54554934876774,88.58553922177244,86.8160235709343,87.69578552246094,87.69578552246094,3890200
25/08/2026,88.9354416729321,89.6052548888543,87.98570697138798,88.7754898071289,88.7754898071289,2925800
26/08/2026,88.21564453511458,89.3553292966978,88.09568253534091,88.90545654296875,88.90545654296875,3281500
27/08/2026,90.36504987131288,91.42475484855136,89.74521825837392,91.35477447509766,91.35477447509766,3731700
28/08/2026,90.99487495696683,92.11456858073554,89.81520033404063,90.14511108398438,90.14511108398438,3702900
31/08/2026,89.80520503377902,90.40503788349595,89.30534305446682,90.215087890625,90.215087890625,2853700
01/09/2026,87.83574806784696,89.06540427201413,87.17592659065402,87.8957290649414,87.8957290649414,5051000
02/09/2026,87.75576915757352,88.41559064106258,87.26590654628804,88.2856216430664,88.2856216430664,2406400
03/09/2026,88.67551256845123,90.67496049673457,88.38559933086405,90.35504913330078,90.35504913330078,4711700
04/09/2026,90.75493913144922,91.37477072743968,90.04513604088787,90.65496826171875,90.65496826171875,3151700
08/09/2026,91.11484476247486,91.36477576250958,89.78521001174083,90.50501251220703,90.50501251220703,3991200
09/09/2026,89.95516967773438,90.80493355985016,89.3853272977472,89.95516967773438,89.95516967773438,2641500
10/09/2026,87.68578504370922,88.85546021204284,87.56581542620515,87.99569702148438,87.99569702148438,6294800
11/09/2026,89.725225554884,90.1950970372089,89.21536419881993,89.52528381347656,89.52528381347656,3360100
14/09/2026,86.6160874571059,89.00542722643365,86.45613558198995,88.07568359375,88.07568359375,3904300
15/09/2026,87.95571974747534,88.14566211848185,86.68606601248412,86.93599700927734,86.93599700927734,2665600
16/09/2026,87.75577037366753,88.70551273785499,85.7863128985708,86.93599700927734,86.93599700927734,3945900
17/09/2026,89.74521751979387,90.20509725846338,89.06540491442891,89.91517639160156,89.91517639160156,2837100
18/09/2026,90.38505053408649,91.09485365907089,89.4553069086556,90.97488403320312,90.97488403320312,3451100
21/09/2026,92.83436868239819,96.70330320120802,92.8243693070339,96.24342346191406,96.24342346191406,4420700
22/09/2026,96.10346330325332,98.02293913863025,96.10346330325332,97.79299926757812,97.79299926757812,3678400
23/09/2026,97.68000030517578,97.70999908447266,95.37999725341797,96.16000366210938,96.16000366210938,3835700
24/09/2026,94.5999984741211,96.5,94.44999694824219,96.0999984741211,96.0999984741211,3633900
25/09/2026,96.5199966430664,97.31999969482422,95.69999694824219,96.94999694824219,96.94999694824219,3219100
28/09/2026,95.87999725341797,96.12000274658203,93.5999984741211,94.87000274658203,94.87000274658203,3881500
29/09/2026,95.80999755859375,95.9000015258789,94.55000305175781,95.22000122070312,95.22000122070312,2920400
30/09/2026,95.77999877929688,97.04000091552734,95.61000061035156,95.6500015258789,95.6500015258789,3684300
01/10/2026,96.41000366210938,96.91000366210938,94.75,96.23999786376953,96.23999786376953,5229000
02/10/2026,98.62000274658203,99.44000244140625,97.63999938964844,98.12999725341797,98.12999725341797,4386600
05/10/2026,98.08000183105469,100.05999755859375,98.0199966430664,99.83999633789062,99.83999633789062,3124500
06/10/2026,100.9800033569336,101.62000274658203,100.6500015258789,100.7699966430664,100.7699966430664,3959300
07/10/2026,99.19000244140625,100.37000274658203,98.6500015258789,100.2300033569336,100.2300033569336,3134700
08/10/2026,99.2300033569336,100.08000183105469,96.38999938964844,97.54000091552734,97.54000091552734,4946200
09/10/2026,98.77999877929688,98.86000061035156,97.69999694824219,98.41999816894531,98.41999816894531,2655900
