Date,Open,High,Low,Close,Adj Close,Volume
29/01/1993,24.070652782662663,24.070652782662663,23.95089829120663,24.053544998168945,24.053544998168945,1003200
01/02/1993,24.070628028804975,24.224597930908207,24.070628028804975,24.224597930908203,24.224597930908203,480500
02/02/1993,24.207495507259786,24.29303436064233,24.156172195230262,24.27592658996582,24.27592658996582,201300
03/02/1993,24.31014783345838,24.549656679108217,24.293040058769108,24.532548904418945,24.532548904418945,529400
04/02/1993,24.61809272236294,24.686523834864296,24.344368272357517,24.63520050048828,24.63520050048828,531500
05/02/1993,24.61809539794922,24.669418737903246,24.48123315807181,24.61809539794922,24.61809539794922,492100
08/02/1993,24.61809539794922,24.7036342978726,24.583879837979865,24.61809539794922,24.61809539794922,596100
09/02/1993,24.532554655829205,24.532554655829205,24.39569242622904,24.4470157623291,24.4470157623291,122100
10/02/1993,24.447010417487718,24.49833374236698,24.378579317648704,24.481225967407227,24.481225967407227,379600
11/02/1993,24.51544188259374,24.703627409954894,24.51544188259374,24.600980758666992,24.600980758666992,19500
12/02/1993,24.566760244282627,24.566760244282627,24.412790298461914,24.412790298461914,24.412790298461914,42500
16/02/1993,24.344358001314074,24.344358001314074,23.76269379046047,23.79690933227539,23.79690933227539,374800
17/02/1993,23.796927272330084,23.83114283993947,23.694280569501917,23.77981948852539,23.77981948852539,210900
18/02/1993,24.053525505862364,24.053525505862364,23.437645763180253,23.762693405151367,23.762693405151367,378100
19/02/1993,23.762702918634183,23.848241806030273,23.728487363675747,23.848241806030273,23.848241806030273,34900
22/02/1993,23.916678610659222,23.96800195531729,23.848247484448468,23.933786392211914,23.933786392211914,513600
23/02/1993,24.002202979484853,24.019310750674794,23.796909725205584,23.916664123535156,23.916664123535156,373700
24/02/1993,23.933765893602104,24.224597930908207,23.933765893602104,24.224597930908203,24.224597930908203,26300
25/02/1993,24.207495507259786,24.29303436064233,24.156172195230262,24.27592658996582,24.27592658996582,44500
26/02/1993,24.327250288037828,24.327250288037828,24.19038812045393,24.310142517089844,24.310142517089844,66200
01/03/1993,24.39568059648017,24.39568059648017,24.20749512203327,24.241710662841797,24.241710662841797,66500
02/03/1993,24.25882525437399,24.600980758666992,24.224609703944687,24.600980758666992,24.600980758666992,182400
03/03/1993,24.63518792572444,24.72072677268876,24.60097238693871,24.7036190032959,24.7036190032959,280100
04/03/1993,24.737850263590268,24.737850263590268,24.5667724609375,24.5667724609375,24.5667724609375,89500
05/03/1993,24.600989200549417,24.703635887060752,24.481234732952863,24.498342514038086,24.498342514038086,40000
08/03/1993,24.549662233050405,25.045787811279297,24.549662233050405,25.045787811279297,25.045787811279297,50800
09/03/1993,24.99446259433885,25.011570371610812,24.90892370797903,24.960247039794922,24.960247039794922,169300
10/03/1993,24.96024854923567,25.011571884155273,24.85760187939645,25.011571884155273,25.011571884155273,194400
11/03/1993,25.028675091119464,25.09710619184706,24.908920664846164,24.94313621520996,24.94313621520996,70900
12/03/1993,24.737850593677923,24.754958374171476,24.532557227755287,24.686527252197266,24.686527252197266,643600
15/03/1993,24.66940651992272,24.806268692016605,24.66940651992272,24.8062686920166,24.8062686920166,310800
16/03/1993,24.806268692016605,24.874699778063547,24.806268692016605,24.8062686920166,24.8062686920166,30800
17/03/1993,24.77206195352145,24.77206195352145,24.618091955191556,24.652307510375977,24.652307510375977,21800
18/03/1993,24.7549453774814,24.90891532108702,24.7549453774814,24.8062686920166,24.8062686920166,59300
19/03/1993,24.906231056229263,24.906231056229263,24.768722534179688,24.768722534179688,24.768722534179688,66900
22/03/1993,24.528084649127926,24.682781749227544,24.51089608245019,24.631216049194336,24.631216049194336,183400
23/03/1993,24.699985055206216,24.717173632140945,24.648419324402028,24.682796478271484,24.682796478271484,55200
24/03/1993,24.648419324402028,24.785927939879862,24.52809928585892,24.682796478271484,24.682796478271484,37200
25/03/1993,24.69997579581185,24.889050071214722,24.66559865482951,24.83748435974121,24.83748435974121,110100
26/03/1993,24.820297878321128,24.837486450259025,24.682789302817962,24.69997787475586,24.69997787475586,101500
29/03/1993,24.71717676386103,24.923439713211746,24.71717676386103,24.803119659423828,24.803119659423828,87100
30/03/1993,24.83747955512078,24.871856689453125,24.80310242078843,24.871856689453125,24.871856689453125,56000
31/03/1993,24.940614325706722,25.009368603654917,24.854671478271484,24.854671478271484,24.854671478271484,111600
01/04/1993,24.889042490973065,24.889042490973065,24.717156838411096,24.768722534179688,24.768722534179688,129500
02/04/1993,24.562480526389507,24.562480526389507,24.25308609008789,24.25308609008789,24.25308609008789,59400
05/04/1993,24.44215594831071,24.44215594831071,24.304647335380693,24.373401641845703,24.373401641845703,172200
06/04/1993,24.424967482538506,24.424967482538506,24.235893138901684,24.30464744567871,24.30464744567871,129700
07/04/1993,24.339021130293673,24.390586853027344,24.28745540756,24.390586853027344,24.390586853027344,28000
08/04/1993,24.4937001270733,24.4937001270733,24.253060266175737,24.356191635131836,24.356191635131836,180800
12/04/1993,24.596846443128488,24.717166446693756,24.562469299252694,24.69997787475586,24.69997787475586,348500
13/04/1993,24.682794464959038,24.83749164475335,24.665605889426338,24.751548767089844,24.751548767089844,146100
14/04/1993,24.768730706067675,24.785919276994854,24.69997642235895,24.717164993286133,24.717164993286133,119600
15/04/1993,24.69997642235895,24.768730706067675,24.614033567723045,24.717164993286133,24.717164993286133,148600
16/04/1993,24.73435356421331,24.768730706067675,24.68278785143177,24.717164993286133,24.717164993286133,47900
19/04/1993,24.71715842145781,24.785912686886068,24.596838456958363,24.61402702331543,24.61402702331543,157000
20/04/1993,24.579642834579737,24.614019957425302,24.339002974660772,24.49370002746582,24.49370002746582,279500
21/04/1993,24.545270984092458,24.545270984092458,24.40776246317317,24.476516723632812,24.476516723632812,67900
22/04/1993,24.37340389919145,24.579666837689548,24.16714096069336,24.16714096069336,24.16714096069336,97700
23/04/1993,24.11556106567383,24.184315338134766,24.029618225097657,24.063995361328125,24.063995361328125,106000
26/04/1993,24.081194241155043,24.16713711853247,23.80617703354728,23.87493133544922,23.87493133544922,62600
27/04/1993,23.840558974491564,24.13276481628418,23.840558974491564,24.13276481628418,24.13276481628418,156800
28/04/1993,24.09837677306911,24.149942486563553,24.04681105957467,24.081188201904297,24.081188201904297,85900
29/04/1993,24.132739508329934,24.184305191040043,23.995231021102985,24.18430519104004,24.18430519104004,85000
30/04/1993,24.2702699529947,24.356212835264508,24.21870422363281,24.218704223632812,24.218704223632812,88500
03/05/1993,24.253081605531936,24.373401641845703,24.149950145834424,24.373401641845703,24.373401641845703,80500
04/05/1993,24.42496961485058,24.545289662214376,24.390592458460922,24.459346771240234,24.459346771240234,149100
05/05/1993,24.459331438937383,24.61402854571914,24.459331438937383,24.528085708618164,24.528085708618164,109000
06/05/1993,24.493717744883604,24.510906318739664,24.42496344945937,24.44215202331543,24.44215202331543,54700
07/05/1993,24.459341150005574,24.459341150005574,24.35620970453823,24.390586853027344,24.390586853027344,68000
10/05/1993,24.42496344945937,24.5796606141639,24.42496344945937,24.44215202331543,24.44215202331543,113900
11/05/1993,24.44214712671873,24.545278549194336,24.373392845068324,24.545278549194336,24.545278549194336,42600
12/05/1993,24.442159532330315,24.528102428013614,24.442159532330315,24.510913848876953,24.510913848876953,31000
13/05/1993,24.407778564626394,24.407778564626394,24.201515647178848,24.218704223632812,24.218704223632812,129100
14/05/1993,24.218694230372254,24.287448507818308,24.184317091649227,24.201505661010742,24.201505661010742,63500
17/05/1993,24.270266031425894,24.28745460510254,24.16713458936601,24.28745460510254,24.28745460510254,34000
18/05/1993,24.304644635986673,24.321833210693878,24.184324613036246,24.270267486572266,24.270267486572266,105200
19/05/1993,24.27025414174998,24.768722534179688,24.115557054444206,24.768722534179688,24.768722534179688,50200
20/05/1993,24.76873007777653,24.83748435974121,24.71716436630302,24.83748435974121,24.83748435974121,98200
21/05/1993,24.85466695231432,24.88904408502845,24.596838456958363,24.61402702331543,24.61402702331543,221400
24/05/1993,24.66559928050459,24.803107847922035,24.66559928050459,24.717164993286133,24.717164993286133,30500
25/05/1993,24.82028822994828,24.82028822994828,24.768722534179688,24.768722534179688,24.768722534179688,191800
26/05/1993,24.83749256303982,25.095321205562726,24.820303986871625,25.07813262939453,25.07813262939453,102400
27/05/1993,25.112507522352132,25.112507522352132,24.95781035075653,24.9921875,24.9921875,53800
28/05/1993,24.974988092450168,24.974988092450168,24.75153671928991,24.871856689453125,24.871856689453125,79100
01/06/1993,24.957822968093275,25.1984631344523,24.923445801470557,25.112520217895508,25.112520217895508,28300
02/06/1993,25.043755477058145,25.1640755102355,24.940624020048983,25.07813262939453,25.07813262939453,20300
03/06/1993,25.026564649243465,25.026564649243465,24.9406217761348,24.9921875,24.9921875,21600
04/06/1993,24.92344239565979,24.92344239565979,24.80312232892212,24.906253814697266,24.906253814697266,32000
07/06/1993,24.957803895268743,24.957803895268743,24.820295333862305,24.820295333862305,24.820295333862305,121400
08/06/1993,24.75154660782724,24.75154660782724,24.59684944152832,24.59684944152832,24.59684944152832,104500
09/06/1993,24.682796478271484,24.785927939879862,24.648419324402028,24.682796478271484,24.682796478271484,43300
10/06/1993,24.66560073088007,24.717166446693756,24.61403501506638,24.69997787475586,24.69997787475586,17900
11/06/1993,24.78593108031127,24.837496817648947,24.69998818474847,24.803119659423828,24.803119659423828,647400
14/06/1993,24.837476795204473,24.85466536046067,24.768722534179688,24.768722534179688,24.768722534179688,64200
15/06/1993,24.803107847922035,24.820296418849217,24.717164993286133,24.717164993286133,24.717164993286133,142400
16/06/1993,24.717156838411096,24.768722534179688,24.64840257738631,24.768722534179688,24.768722534179688,330900
17/06/1993,24.820294339297387,24.854671478271484,24.768728630836243,24.854671478271484,24.854671478271484,37400
18/06/1993,24.840404331014398,24.840404331014398,24.64999008178711,24.64999008178711,24.64999008178711,58500
21/06/1993,24.719231849461895,24.719231849461895,24.66730069011429,24.701921463012695,24.701921463012695,29300
22/06/1993,24.736548672203256,24.736548672203256,24.68461749934349,24.71923828125,24.71923828125,137500
23/06/1993,24.71923865328408,24.71923865328408,24.494203567504883,24.494203567504883,24.494203567504883,227600
24/06/1993,24.563448949837785,24.823104858398438,24.563448949837785,24.823104858398438,24.823104858398438,243700
25/06/1993,24.8057861328125,24.87502768517206,24.78847574472261,24.8057861328125,24.8057861328125,44800
28/06/1993,24.926975795200892,25.0827693939209,24.892354995485334,25.0827693939209,25.0827693939209,439900
29/06/1993,25.048130305233347,25.048130305233347,24.926957594703538,24.961578369140625,24.961578369140625,207500
30/06/1993,24.996199143577716,25.048130305233347,24.926957594703538,24.961578369140625,24.961578369140625,437600
01/07/1993,24.996203957081505,24.996203957081505,24.857720832665542,24.89234161376953,24.89234161376953,605700
02/07/1993,24.805805028902068,24.823115430178344,24.667321818691867,24.753873825073242,24.753873825073242,285400
06/07/1993,24.71923865328408,24.788480218139217,24.459582785077316,24.494203567504883,24.494203567504883,246400
07/07/1993,24.47689788689321,24.598070648709513,24.47689788689321,24.56344985961914,24.56344985961914,343700
08/07/1993,24.580760038688208,24.89234713777017,24.546139249901323,24.840415954589844,24.840415954589844,248200
09/07/1993,24.840405439651203,24.90964698791504,24.788474278453325,24.90964698791504,24.90964698791504,378200
12/07/1993,24.875031223217537,24.90965200432153,24.840410442113548,24.89234161376953,24.89234161376953,373700
13/07/1993,24.909651297700016,24.978892857943798,24.736547397090565,24.875030517578125,24.875030517578125,389600
14/07/1993,24.89233682026645,25.030819918014803,24.875026433047907,24.961578369140625,24.961578369140625,617300
15/07/1993,24.94428093918187,24.94428093918187,24.805797769498692,24.857728958129883,24.857728958129883,443800
16/07/1993,24.87502697459812,24.892337362193526,24.75385426143028,24.788475036621094,24.788475036621094,216400
19/07/1993,24.788480053574453,24.788480053574453,24.701928098080128,24.771169662475586,24.771169662475586,188200
20/07/1993,24.753863982622633,24.840415954589844,24.632691221868534,24.840415954589844,24.840415954589844,68500
21/07/1993,24.805794464494394,24.823104858398438,24.736552888878222,24.823104858398438,24.823104858398438,142700
22/07/1993,24.78847317213423,24.823093944721005,24.64999008178711,24.64999008178711,24.64999008178711,632400
23/07/1993,24.701928098080128,24.77116966247559,24.684617706981264,24.771169662475586,24.771169662475586,286200
26/07/1993,24.840405439651203,24.961578149112917,24.840405439651203,24.90964698791504,24.90964698791504,121300
27/07/1993,24.926962394873524,24.94427278542552,24.805789661009555,24.89234161376953,24.89234161376953,92800
28/07/1993,24.840415954589844,24.89234713777017,24.80579516580296,24.840415954589844,24.840415954589844,30800
29/07/1993,24.892352732700022,25.04814631725795,24.857731936131593,24.978904724121094,24.978904724121094,331000
30/07/1993,24.978899109737384,24.978899109737384,24.80579516580296,24.840415954589844,24.840415954589844,75300
02/08/1993,24.87502621378312,24.996198923244833,24.87502621378312,24.90964698791504,24.90964698791504,41300
03/08/1993,24.961586499214174,25.030828070640563,24.840413749217987,24.926965713500977,24.926965713500977,81600
04/08/1993,24.926965713500977,24.97889689207077,24.857724142074584,24.926965713500977,24.926965713500977,434000
05/08/1993,24.92696168776096,24.92696168776096,24.840409737456234,24.875030517578125,24.875030517578125,36800
06/08/1993,24.94426776204696,24.961578149112917,24.87502621378312,24.90964698791504,24.90964698791504,402300
09/08/1993,24.97888468311998,25.11736775828627,24.926953529932618,25.048126220703125,25.048126220703125,828200
10/08/1993,25.030822753906254,25.048133143085995,24.996201975546768,25.03082275390625,25.03082275390625,604900
11/08/1993,25.01351236472651,25.100064310625218,25.01351236472651,25.03082275390625,25.03082275390625,542200
12/08/1993,25.10006146688898,25.10006146688898,24.875026433047907,24.961578369140625,24.961578369140625,303700
13/08/1993,24.978895891406196,25.013516675732472,24.978895891406196,24.996206283569336,24.996206283569336,103500
16/08/1993,25.01351279003889,25.20392707425372,25.01351279003889,25.134685516357422,25.134685516357422,241800
17/08/1993,25.117382444906664,25.221244812011722,25.117382444906664,25.22124481201172,25.22124481201172,369300
18/08/1993,25.30779667616704,25.411659042827097,25.290486281723698,25.35972785949707,25.35972785949707,414300
19/08/1993,25.377038253940412,25.377038253940412,25.325107070610382,25.35972785949707,25.35972785949707,28500
20/08/1993,25.307803082433598,25.377044677734375,25.290492683608406,25.377044677734375,25.377044677734375,80700
23/08/1993,25.27317067978729,25.342412243293555,25.27317067978729,25.325101852416992,25.325101852416992,15600
24/08/1993,25.32511301537153,25.60207939147949,25.32511301537153,25.602079391479492,25.602079391479492,273400
25/08/1993,25.60207818263286,25.723250966458707,25.567457387254045,25.619388580322266,25.619388580322266,242300
26/08/1993,25.636684417724606,25.775167520588752,25.5328220905765,25.63668441772461,25.63668441772461,120000
27/08/1993,25.567457387254045,25.619388580322266,25.567457387254045,25.619388580322266,25.619388580322266,25700
30/08/1993,25.636686046543865,25.757858769248664,25.636686046543865,25.723237991333008,25.723237991333008,183500
31/08/1993,25.705932322764557,25.792484283447266,25.671311538491473,25.792484283447266,25.792484283447266,66500
01/09/1993,25.705929013990584,25.809791353441053,25.705929013990584,25.75786018371582,25.75786018371582,136500
02/09/1993,25.77517277311813,25.809793555889275,25.654000033419116,25.671310424804688,25.671310424804688,472400
03/09/1993,25.65399692771891,25.723238484878745,25.61937614913899,25.688617706298828,25.688617706298828,630500
07/09/1993,25.688624031346396,25.723244818450638,25.480899308720957,25.515520095825195,25.515520095825195,196400
08/09/1993,25.515531881396022,25.515531881396022,25.255875858179643,25.428979873657227,25.428979873657227,269900
09/09/1993,25.325108161439065,25.4982121133286,25.325108161439065,25.48090171813965,25.48090171813965,239200
10/09/1993,25.55014098196319,25.72324491815535,25.515520194724754,25.705934524536133,25.705934524536133,106500
13/09/1993,25.79247954716432,25.79247954716432,25.723237991333008,25.723237991333008,25.723237991333008,66900
14/09/1993,25.65400937570108,25.65400937570108,25.53283659187523,25.619388580322266,25.619388580322266,184500
15/09/1993,25.515513813399238,25.705928095588785,25.428961866949447,25.688617706298828,25.688617706298828,101000
16/09/1993,25.654004149895073,25.671314544058294,25.567452179078963,25.584762573242188,25.584762573242188,54300
17/09/1993,25.569998482239683,25.58741673733658,25.50032546185211,25.5351619720459,25.5351619720459,200900
20/09/1993,25.569996913820713,25.622251675906178,25.326141357421875,25.326141357421875,25.326141357421875,57800
21/09/1993,25.360973855723508,25.395810358272577,24.97777232768373,25.239046096801758,25.239046096801758,318200
22/09/1993,25.32614843589161,25.482912765962467,25.29131191809809,25.448076248168945,25.448076248168945,439700
23/09/1993,25.517748384105666,25.604839675518996,25.482911867540334,25.587421417236328,25.587421417236328,88500
24/09/1993,25.552572935188998,25.56999118531523,25.48289993468405,25.517736434936523,25.517736434936523,53500
27/09/1993,25.709329825329828,25.796421051025387,25.709329825329828,25.79642105102539,25.79642105102539,274600
28/09/1993,25.813851786240512,25.813851786240512,25.72676051840569,25.744178771972656,25.744178771972656,158300
29/09/1993,25.744167110342115,25.813840093049404,25.622239390604367,25.657075881958008,25.657075881958008,221000
30/09/1993,25.657084542877822,25.709339297547633,25.552575033538197,25.604829788208008,25.604829788208008,99300
01/10/1993,25.569981414237052,25.761582092409128,25.535144927296674,25.72674560546875,25.72674560546875,22700
04/10/1993,25.761598587036133,25.761598587036133,25.691925568545162,25.761598587036133,25.761598587036133,1038500
05/10/1993,25.813836822819695,25.813836822819695,25.63965438811781,25.72674560546875,25.72674560546875,436500
06/10/1993,25.744156545416775,25.848665976588965,25.709320068359375,25.709320068359375,25.709320068359375,209200
07/10/1993,25.744188516036324,25.744188516036324,25.622260694918428,25.639678955078125,25.639678955078125,59400
08/10/1993,25.709341740187668,25.726759993399178,25.482904448438045,25.67450523376465,25.67450523376465,54400
11/10/1993,25.72674560546875,25.779000335879317,25.72674560546875,25.72674560546875,25.72674560546875,467100
12/10/1993,25.761598587036133,25.779016841658876,25.74418033241339,25.761598587036133,25.761598587036133,26200
13/10/1993,25.779016841658876,25.779016841658876,25.72676207779065,25.761598587036133,25.761598587036133,139100
14/10/1993,25.866092126741908,26.092529296875,25.79641915131634,26.092529296875,26.092529296875,108100
15/10/1993,26.21447147126217,26.284144485139276,26.14479845738506,26.231889724731445,26.231889724731445,1502500
18/10/1993,26.214463301251005,26.214463301251005,26.127372061047513,26.162208557128906,26.162208557128906,722400
19/10/1993,26.127368151781784,26.179622888085348,25.970603942871094,25.970603942871094,25.970603942871094,880100
20/10/1993,26.057707871515642,26.057707871515642,25.953198347966783,26.00545310974121,26.00545310974121,230400
21/10/1993,26.022858679174657,26.022858679174657,25.93576745200205,25.970603942871094,25.970603942871094,56200
22/10/1993,26.005444731031144,26.109954220908026,25.848680496215817,25.84868049621582,25.84868049621582,390700
25/10/1993,25.86609548138034,25.95318671195738,25.79642249691871,25.918350219726562,25.918350219726562,114500
26/10/1993,25.900930404663086,25.918348649723384,25.813839179361597,25.900930404663086,25.900930404663086,186200
27/10/1993,25.86609548138034,25.93576846584197,25.86609548138034,25.918350219726562,25.918350219726562,118400
28/10/1993,25.953190595488138,26.179627828871592,25.953190595488138,26.109954833984375,26.109954833984375,129600
29/10/1993,26.09253658526257,26.127373082706182,26.07511833654077,26.109954833984375,26.109954833984375,80700
01/11/1993,26.075111278754747,26.197038986805037,26.075111278754747,26.17962074279785,26.17962074279785,36400
02/11/1993,26.14479030908821,26.197045053210307,26.005444324762625,26.162208557128906,26.162208557128906,262100
03/11/1993,26.144787201267278,26.144787201267278,25.709331052012327,25.83125877380371,25.83125877380371,479100
04/11/1993,25.831248819706143,25.831248819706143,25.535138752319085,25.55255699157715,25.55255699157715,130400
05/11/1993,25.482904448438045,25.67450523376465,25.37839492916899,25.67450523376465,25.67450523376465,363200
08/11/1993,25.691901829830677,25.77899302247417,25.622228875715884,25.709320068359375,25.709320068359375,367600
09/11/1993,25.88350979670045,25.900928040170637,25.709327361998564,25.72674560546875,25.72674560546875,246900
10/11/1993,25.72674951245708,25.918350219726562,25.65707652799545,25.918350219726562,25.918350219726562,46500
11/11/1993,25.918353489467073,25.98802648271833,25.831262247903005,25.84868049621582,25.84868049621582,88900
12/11/1993,25.900930961133007,26.057695170043697,25.883512715698487,25.970603942871094,25.970603942871094,108200
15/11/1993,26.02286475520806,26.02286475520806,25.88351875919624,25.95319175720215,25.95319175720215,243300
16/11/1993,26.005438412836412,26.09252963324109,25.9009289483508,26.075111389160156,26.075111389160156,492600
17/11/1993,26.092547691452815,26.092547691452815,25.866110361687205,25.93578338623047,25.93578338623047,39600
18/11/1993,25.90093108026267,25.953185816806574,25.796421607174857,25.8660945892334,25.8660945892334,240800
19/11/1993,25.779006278466596,25.8486792684084,25.761588030981148,25.8138427734375,25.8138427734375,106000
22/11/1993,25.744167110342115,25.761585356018937,25.5699846535739,25.657075881958008,25.657075881958008,165300
23/11/1993,25.796421051025387,25.813839296164502,25.65707508991249,25.79642105102539,25.79642105102539,89700
24/11/1993,25.866093914542493,25.918348649723384,25.831257424421896,25.900930404663086,25.900930404663086,77200
26/11/1993,25.970604958072787,25.970604958072787,25.900931973611154,25.918350219726562,25.918350219726562,1019800
29/11/1993,25.988025248292,26.040279990748353,25.813842773437496,25.8138427734375,25.8138427734375,517500
30/11/1993,25.796422281863315,25.953186495595098,25.779004035893117,25.83125877380371,25.83125877380371,230000
01/12/1993,25.97060406232121,25.988022307835845,25.8660945892334,25.8660945892334,25.8660945892334,379200
02/12/1993,25.918365130094653,25.953201642366285,25.866110361687205,25.93578338623047,25.93578338623047,352000
03/12/1993,25.918355455685617,26.040283203125,25.918355455685617,26.040283203125,26.040283203125,306000
06/12/1993,26.075129417419436,26.16222069803874,26.075129417419436,26.127384185791016,26.127384185791016,99500
07/12/1993,26.127373082706182,26.144791331427985,26.07511833654077,26.109954833984375,26.109954833984375,88800
08/12/1993,26.10995483398438,26.10995483398438,26.07511833654077,26.109954833984375,26.109954833984375,146700
09/12/1993,26.109950803529465,26.14478729559555,25.988023081298174,26.022859573364258,26.022859573364258,416500
10/12/1993,26.040276924609177,26.040276924609177,25.91834920656753,25.970603942871094,25.970603942871094,412900
13/12/1993,25.97061988067627,26.12738418579102,25.93578336842855,26.127384185791016,26.127384185791016,273200
14/12/1993,26.144802459860266,26.144802459860266,25.93578338623047,25.93578338623047,25.93578338623047,41900
15/12/1993,25.97060338490428,25.988021629964578,25.900930404663086,25.900930404663086,25.900930404663086,82600
16/12/1993,26.00544773030217,26.00544773030217,25.953192979337064,25.98802947998047,25.98802947998047,78200
17/12/1993,26.043173828381022,26.14839877314216,26.0256363375875,26.130861282348633,26.130861282348633,104700
20/12/1993,26.113307817372178,26.183457737633756,26.095770337306785,26.16592025756836,26.16592025756836,68800
21/12/1993,26.1308538055933,26.1308538055933,26.043166376715472,26.0782413482666,26.0782413482666,205700
22/12/1993,26.14838191932571,26.27114427575447,26.09576948085624,26.25360679626465,26.25360679626465,410300
23/12/1993,26.23606109619141,26.28867351817575,26.20098614820185,26.236061096191406,26.236061096191406,533800
27/12/1993,26.236065844272044,26.376365661621094,26.236065844272044,26.376365661621094,26.376365661621094,447100
28/12/1993,26.35883186254267,26.446519260621653,26.341294382926872,26.42898178100586,26.42898178100586,880600
29/12/1993,26.446535276495343,26.464072766731746,26.376385315549733,26.393922805786133,26.393922805786133,266700
30/12/1993,26.376364597882965,26.376364597882965,26.2360647861921,26.288677215576172,26.288677215576172,219900
31/12/1993,26.341304070353107,26.37637904248407,26.13085423756733,26.148391723632812,26.148391723632812,312900
03/01/1994,26.148391291368867,26.18346626292,26.043166376715472,26.0782413482666,26.0782413482666,960900
04/01/1994,26.113314113118705,26.183464050292965,26.078239144531576,26.18346405029297,26.18346405029297,164300
05/01/1994,26.218523622196628,26.25359857018619,26.113298778227946,26.236061096191406,26.236061096191406,710900
06/01/1994,26.27113604418097,26.28867351817575,26.20098614820185,26.236061096191406,26.236061096191406,201000
07/01/1994,26.28869786436772,26.411460296022536,26.218547903422106,26.393922805786133,26.393922805786133,775500
10/01/1994,26.428991138661132,26.709590911865234,26.358841195360107,26.709590911865234,26.709590911865234,593700
11/01/1994,26.69205930860419,26.69205930860419,26.56929688077224,26.656984329223633,26.656984329223633,295200
12/01/1994,26.674503583247116,26.674503583247116,26.481591328535927,26.569278717041016,26.569278717041016,158400
13/01/1994,26.499137878417965,26.55175032953329,26.46406291100775,26.49913787841797,26.49913787841797,244300
14/01/1994,26.586823098189594,26.656973027208565,26.586823098189594,26.604360580444336,26.604360580444336,137200
17/01/1994,26.60436058044434,26.639435544953823,26.55174813368011,26.604360580444336,26.604360580444336,17700
18/01/1994,26.639434814453125,26.674509778000793,26.586822369131625,26.639434814453125,26.639434814453125,166400
19/01/1994,26.604353672443047,26.63942862784508,26.516666283937962,26.569278717041016,26.569278717041016,200800
20/01/1994,26.604359850905457,26.656972296226957,26.586822369131625,26.639434814453125,26.639434814453125,281100
21/01/1994,26.67452714185287,26.67452714185287,26.56930218271341,26.58683967590332,26.58683967590332,85600
24/01/1994,26.569300619971674,26.692063065080454,26.481613159179688,26.481613159179688,26.481613159179688,373800
25/01/1994,26.499150651338084,26.51668814349648,26.429000682704498,26.481613159179688,26.481613159179688,310400
26/01/1994,26.481594541743693,26.569281940888537,26.446519582085752,26.55174446105957,26.55174446105957,145100
27/01/1994,26.60435375118755,26.83234096197558,26.5692787956817,26.797266006469727,26.797266006469727,344500
28/01/1994,26.902497067463926,26.955109512837062,26.867422103881836,26.867422103881836,26.867422103881836,356500
31/01/1994,26.97265725373758,27.112957161429325,26.937582276814645,27.060344696044922,27.060344696044922,313800
01/02/1994,27.025261213569763,27.025261213569763,26.884961350034036,26.92003631591797,26.92003631591797,303600
02/02/1994,27.00772958897464,27.095417022705078,26.990192102228555,27.095417022705078,27.095417022705078,307600
03/02/1994,27.042794727380006,27.042794727380006,26.884957404068448,26.972644805908203,26.972644805908203,466100
04/02/1994,26.97264513331735,27.007720094479012,26.35883331298828,26.35883331298828,26.35883331298828,1403200
07/02/1994,26.28870074543732,26.551763127813278,26.28870074543732,26.481613159179688,26.481613159179688,516400
08/02/1994,26.534212845828183,26.534212845828183,26.39391297618732,26.49913787841797,26.49913787841797,188200
09/02/1994,26.516673169170627,26.62189806269908,26.48159820466114,26.604360580444336,26.604360580444336,144600
10/02/1994,26.586815387644666,26.604352864813297,26.376365661621094,26.376365661621094,26.376365661621094,883900
11/02/1994,26.393917512230086,26.534217405982805,26.271155105196456,26.464067459106445,26.464067459106445,519400
14/02/1994,26.41145045989243,26.586825296943505,26.37637549248221,26.49913787841797,26.49913787841797,2742100
15/02/1994,26.551747405583956,26.656972296226957,26.516672442036292,26.639434814453125,26.639434814453125,374700
16/02/1994,26.674524476876844,26.674524476876844,26.569299528250113,26.621912002563477,26.621912002563477,287600
17/02/1994,26.74466724661188,26.76220473333097,26.393917512230086,26.464067459106445,26.464067459106445,342400
18/02/1994,26.481603495279945,26.49914098103841,26.236078694661458,26.306228637695312,26.306228637695312,313300
22/02/1994,26.376366462329823,26.569278717041012,26.376366462329823,26.569278717041016,26.569278717041016,154500
23/02/1994,26.604362780648614,26.621900264353723,26.41145045989243,26.49913787841797,26.49913787841797,391700
24/02/1994,26.411454014615035,26.411454014615035,26.13085423756733,26.148391723632812,26.148391723632812,770800
25/02/1994,26.18346317046793,26.271150588989254,26.130850719355134,26.271150588989258,26.271150588989258,531300
28/02/1994,26.341300523806318,26.411450458623378,26.271150588989254,26.271150588989258,26.271150588989258,333000
01/03/1994,26.271145137960726,26.32375757815691,26.025620417045207,26.16592025756836,26.16592025756836,423600
02/03/1994,25.832709300948913,26.20099639892578,25.76255937752475,26.20099639892578,26.20099639892578,581500
03/03/1994,26.16593626393568,26.16593626393568,26.060711319174544,26.130861282348633,26.130861282348633,223200
04/03/1994,26.130846475501617,26.27114632234995,26.04315907122141,26.20099639892578,26.20099639892578,595800
07/03/1994,26.288688512362747,26.376375932350616,26.288688512362747,26.34130096435547,26.34130096435547,539800
08/03/1994,26.35882341415487,26.35882341415487,26.20098614820185,26.236061096191406,26.236061096191406,880300
09/03/1994,26.27114591008413,26.376370793569112,26.148383546018316,26.35883331298828,26.35883331298828,2500100
10/03/1994,26.341304070353107,26.341304070353107,26.060704293305406,26.148391723632812,26.148391723632812,207400
11/03/1994,26.183452356808022,26.32375216849889,26.043152545117156,26.288677215576172,26.288677215576172,576600
14/03/1994,26.393912828103613,26.393912828103613,26.288687926463332,26.323762893676758,26.323762893676758,345900
15/03/1994,26.376378580729163,26.428991038004554,26.28869115193685,26.306228637695312,26.306228637695312,748600
16/03/1994,26.34129352922793,26.516668319702152,26.25360613399082,26.51666831970215,26.51666831970215,455500
17/03/1994,26.42898092446504,26.551743277796994,26.42898092446504,26.51666831970215,26.51666831970215,133000
18/03/1994,26.387407121385486,26.546154891500773,26.369768480261566,26.51087760925293,26.51087760925293,365500
21/03/1994,26.422695671422552,26.49325026600579,26.369779725485124,26.44033432006836,26.44033432006836,324800
22/03/1994,26.44032304475725,26.563793532624693,26.387407121385486,26.51087760925293,26.51087760925293,435700
23/03/1994,26.493247985839847,26.56380257435074,26.475609338712122,26.493247985839844,26.493247985839844,698500
24/03/1994,26.387420253290962,26.44033620299676,26.052285905154246,26.175756454467773,26.175756454467773,1200500
25/03/1994,26.193385961104415,26.26394053608382,25.92880630493164,25.92880630493164,25.92880630493164,100900
28/03/1994,25.964096069335938,25.99937337377797,25.734793590462726,25.964096069335938,25.964096069335938,1117200
29/03/1994,25.96408493454392,25.98172357920054,25.452564239501953,25.452564239501953,25.452564239501953,338400
30/03/1994,25.470219518965763,25.54077414367204,25.099807739257812,25.099807739257812,25.099807739257812,1123900
31/03/1994,25.099794533508344,25.223265061782804,24.570635126617795,25.17034912109375,25.17034912109375,788800
04/04/1994,24.46480904440014,24.852859368103676,24.46480904440014,24.782304763793945,24.782304763793945,2627300
05/04/1994,25.02923972636586,25.293819427490234,25.02923972636586,25.293819427490234,25.293819427490234,1179000
06/04/1994,25.32909672097348,25.34673536771511,25.117432960073984,25.293819427490234,25.293819427490234,516500
07/04/1994,25.27619194173714,25.470217141569034,25.13508270549576,25.417301177978516,25.417301177978516,666100
08/04/1994,25.364381539404807,25.364381539404807,25.099801759786537,25.2232723236084,25.2232723236084,242400
11/04/1994,25.29382045288936,25.434929632542854,25.232085186790954,25.329097747802734,25.329097747802734,203300
12/04/1994,25.35555469108592,25.399651307939983,25.240903487265356,25.293819427490234,25.293819427490234,1409200
13/04/1994,25.284994317906136,25.346729567374343,24.976318070565114,25.161523818969727,25.161523818969727,364100
14/04/1994,25.117433180404696,25.302638972816386,25.06451723971564,25.17034912109375,25.17034912109375,419900
15/04/1994,25.161529797645574,25.27618100247186,25.12625250385287,25.17034912109375,25.17034912109375,387300
18/04/1994,25.196821399130307,25.267376026779253,24.923422216990637,25.002796173095703,25.002796173095703,369100
19/04/1994,24.97633158115066,25.135079451369837,24.826403037054767,25.038066864013672,25.038066864013672,472200
20/04/1994,25.064522167523254,25.12625744379794,24.87931633869919,25.011606216430664,25.011606216430664,508000
21/04/1994,25.117445826945243,25.382025663605482,25.029252548058498,25.34674835205078,25.34674835205078,200300
22/04/1994,25.408484802060077,25.426123458639083,25.249736892849008,25.32029151916504,25.32029151916504,301800
25/04/1994,25.3114551332481,25.60249277066872,25.3114551332481,25.584854125976562,25.584854125976562,394600
26/04/1994,25.549583690424804,25.59368031398439,25.505487066865214,25.55840301513672,25.55840301513672,399000
28/04/1994,25.505487428094348,25.540764727441644,25.29382363201058,25.373197555541992,25.373197555541992,287000
29/04/1994,25.32909372690562,25.487841528815192,25.29381643759238,25.452564239501953,25.452564239501953,481900
02/05/1994,25.45256885024142,25.805341807278722,25.364375610982094,25.611316680908203,25.611316680908203,275000
03/05/1994,25.62013141536088,25.62895073770696,25.434925646093212,25.584854125976562,25.584854125976562,183400
04/05/1994,25.637768766498038,25.637768766498038,25.443743684673834,25.540756225585938,25.540756225585938,401900
05/05/1994,25.567232275734632,25.611328916430967,25.505496978759762,25.505496978759766,25.505496978759766,659800
06/05/1994,25.382025046055542,25.382025046055542,25.170361181877176,25.258554458618164,25.258554458618164,216300
09/05/1994,25.18799540810956,25.258550017095864,24.993970233397235,25.038066864013672,25.038066864013672,499300
10/05/1994,25.16153349104731,25.31146201167395,25.143894841561824,25.232088088989258,25.232088088989258,583400
11/05/1994,25.205640727586424,25.2409180414109,24.932241545446754,25.002796173095703,25.002796173095703,210600
12/05/1994,25.161530422720837,25.187988393722645,25.064517862380868,25.126253128051758,25.126253128051758,305200
13/05/1994,25.196807717389916,25.196807717389916,25.002782596709977,25.126253128051758,25.126253128051758,321300
16/05/1994,25.179161684136645,25.258535573858964,25.126245757655095,25.13506507873535,25.13506507873535,450400
17/05/1994,25.152723853189087,25.505496978759762,25.11744654063202,25.505496978759766,25.505496978759766,470200
18/05/1994,25.523112467626014,25.78769207164425,25.408461305884778,25.6906795501709,25.6906795501709,824800
19/05/1994,25.63776913803512,25.884710154844544,25.63776913803512,25.81415557861328,25.81415557861328,531000
20/05/1994,25.770063769179604,25.787702416523327,25.681870532460987,25.717147827148438,25.717147827148438,370400
23/05/1994,25.69070384249332,25.69952317096654,25.593691229287884,25.673065185546875,25.673065185546875,262700
24/05/1994,25.743611400028716,25.8759012838932,25.743611400028716,25.778888702392578,25.778888702392578,549600
25/05/1994,25.681876248607292,25.867082086938595,25.59368299225905,25.849443435668945,25.849443435668945,738200
26/05/1994,25.840626523797923,25.928819788384263,25.81416854442202,25.867084503173828,25.867084503173828,369600
27/05/1994,25.822982923211455,25.893537521362305,25.778886299367173,25.893537521362305,25.893537521362305,162000
31/05/1994,25.814164483043054,25.9111770588249,25.770067857687668,25.858261108398438,25.858261108398438,160000
01/06/1994,25.796517759106155,25.972904205322266,25.717143858308905,25.972904205322266,25.972904205322266,200500
02/06/1994,25.99054971768855,25.99054971768855,25.902356471276303,25.946453094482422,25.946453094482422,55100
03/06/1994,25.964088473460208,26.18457156171989,25.88471456168672,26.096378326416016,26.096378326416016,550400
06/06/1994,26.14928062740736,26.22865449777723,26.06990675703749,26.08754539489746,26.08754539489746,99300
07/06/1994,26.043466823038088,26.087563448204083,25.98173154780569,26.05228614807129,26.05228614807129,120600
08/06/1994,26.114022947578302,26.114022947578302,25.84062385559082,25.84062385559082,25.84062385559082,131900
09/06/1994,25.95527725064342,25.98173522949219,25.90236129294588,25.981735229492188,25.981735229492188,80500
10/06/1994,26.008202100680744,26.07875673506713,26.008202100680744,26.025840759277344,26.025840759277344,83100
13/06/1994,25.990554931563167,26.06992886925712,25.98173560515273,26.06110954284668,26.06110954284668,109700
14/06/1994,26.14048549070544,26.272775397034923,26.14048549070544,26.26395606994629,26.26395606994629,161000
15/06/1994,26.272758937894857,26.281578259458435,26.140469114441206,26.15810775756836,26.15810775756836,142800
16/06/1994,26.158116919516235,26.228671516736778,26.13165894555853,26.21103286743164,26.21103286743164,44000
17/06/1994,26.22452132253621,26.2511542148746,26.029213445388002,26.06472396850586,26.06472396850586,403800
20/06/1994,25.878306866838777,25.922695043282754,25.816163419817208,25.842796325683594,25.842796325683594,137400
21/06/1994,25.825027484325428,25.825027484325428,25.514310412496144,25.62084197998047,25.62084197998047,139200
22/06/1994,25.691861524967067,25.807270716336994,25.66522863465093,25.718494415283203,25.718494415283203,279900
23/06/1994,25.76289677619934,25.798407316207886,25.5320782661438,25.567588806152344,25.567588806152344,922500
24/06/1994,25.443306277660614,25.443306277660614,24.999424451462765,25.034934997558594,25.034934997558594,353800
27/06/1994,25.132571163556435,25.469921112060547,25.008284340423337,25.469921112060547,25.469921112060547,371200
28/06/1994,25.478800832077,25.478800832077,25.14145085590316,25.34563636779785,25.34563636779785,5382300
29/06/1994,25.38114514297613,25.57645301046318,25.35451225195517,25.425533294677734,25.425533294677734,311800
30/06/1994,25.469928812494768,25.478806445402572,25.176966926537176,25.265743255615234,25.265743255615234,271900
01/07/1994,25.39003084618781,25.39003084618781,25.212478182927754,25.31900978088379,25.31900978088379,406900
05/07/1994,25.372285946013413,25.48769522428429,25.292387214902803,25.452184677124023,25.452184677124023,112000
06/07/1994,25.354511177044333,25.46104273661175,25.265734877404824,25.416654586791992,25.416654586791992,174800
07/07/1994,25.416663669088614,25.523195266723633,25.390030769679857,25.523195266723633,25.523195266723633,66700
08/07/1994,25.363396801878867,25.55870472264937,25.35451916911657,25.51431655883789,25.51431655883789,148400
11/07/1994,25.53206485876158,25.57645301046318,25.30124646991325,25.425533294677734,25.425533294677734,124000
12/07/1994,25.43441904139818,25.46992957409123,25.292376910625972,25.46105194091797,25.46105194091797,257300
13/07/1994,25.46993684486525,25.585346109062964,25.46993684486525,25.505447387695312,25.505447387695312,532700
14/07/1994,25.629714237428566,25.833899698966793,25.611958979903502,25.7806339263916,25.7806339263916,494200
15/07/1994,25.762891179148795,25.842789876809835,25.754013546075345,25.78952407836914,25.78952407836914,49100
18/07/1994,25.78951421062561,25.896045766745235,25.78951421062561,25.83390235900879,25.83390235900879,72300
19/07/1994,25.87828784277945,25.88716547154198,25.7806339263916,25.7806339263916,25.7806339263916,609500
20/07/1994,25.798400006711546,25.798400006711546,25.60309209200141,25.66523551940918,25.66523551940918,185300
21/07/1994,25.66522863465093,25.736249675493962,25.611962854018653,25.718494415283203,25.718494415283203,86300
22/07/1994,25.780645127299735,25.798400392538923,25.709624066342986,25.762889862060547,25.762889862060547,151600
25/07/1994,25.77176988592496,25.825035686584812,25.745136985595032,25.798402786254883,25.798402786254883,120900
26/07/1994,25.78952383592627,25.807279101906254,25.74513567097631,25.77176856994629,25.77176856994629,489600
27/07/1994,25.771768569946286,25.771768569946286,25.665236974066385,25.77176856994629,25.77176856994629,83200
28/07/1994,25.77178071626235,25.896067636699026,25.77178071626235,25.82504653930664,25.82504653930664,828200
29/07/1994,26.00258840518066,26.162385807465828,25.993710771720373,26.082487106323242,26.082487106323242,459100
01/08/1994,26.10024785607811,26.22453475063086,26.073614950102517,26.20677947998047,26.20677947998047,486300
02/08/1994,26.295542931201815,26.34880871701789,26.153500835692284,26.242277145385742,26.242277145385742,505500
03/08/1994,26.23341012089729,26.268920659132007,26.189021948103893,26.25116539001465,26.25116539001465,144100
04/08/1994,26.233410952042558,26.260043856562397,26.09136879460341,26.10024642944336,26.10024642944336,231700
05/08/1994,25.967084523353968,26.046983244964288,25.94045161615053,26.011472702026367,26.011472702026367,138400
08/08/1994,26.038094056557746,26.100237479127095,26.01146116117088,26.073604583740234,26.073604583740234,328600
09/08/1994,25.975954088201984,26.117996215820316,25.975954088201984,26.117996215820312,26.117996215820312,105900
10/08/1994,26.135749958992974,26.242281548499736,26.100239429157384,26.215648651123047,26.215648651123047,840300
11/08/1994,26.153506747724897,26.26891597641479,25.984831721178132,26.117996215820312,26.117996215820312,876200
12/08/1994,26.162380516991444,26.33105551862797,26.162380516991444,26.32217788696289,26.32217788696289,184100
15/08/1994,26.348805884439773,26.410949294544587,26.313295364379883,26.313295364379883,26.313295364379883,325900
16/08/1994,26.33105226833018,26.526360140853193,26.224520701499443,26.499727249145508,26.499727249145508,1089500
17/08/1994,26.535248990751054,26.553004259396587,26.464227916168916,26.481983184814453,26.481983184814453,133700
18/08/1994,26.39320945739746,26.45535290381582,26.366576551789596,26.39320945739746,26.39320945739746,620000
19/08/1994,26.40208112651834,26.42871402610797,26.313304794552913,26.37544822692871,26.37544822692871,103200
22/08/1994,26.384313082116634,26.384313082116634,26.29553679314585,26.34880256652832,26.34880256652832,79700
23/08/1994,26.4642167268686,26.6240140771147,26.428706204591688,26.499727249145508,26.499727249145508,268600
24/08/1994,26.526377282476126,26.783828735351566,26.517499646170076,26.783828735351562,26.783828735351562,254700
25/08/1994,26.757204434213232,26.819347908347105,26.641795125107468,26.71281623840332,26.71281623840332,147400
26/08/1994,26.774925961875667,27.147786336676322,26.774925961875667,27.094520568847656,27.094520568847656,339500
29/08/1994,27.165570043344967,27.263224053304704,27.06791603338523,27.076793670654297,27.076793670654297,350300
30/08/1994,27.067897948819564,27.192184787548154,27.03238742346854,27.147796630859375,27.147796630859375,36000
31/08/1994,27.1034265824615,27.209958229690304,27.04128312157803,27.076793670654297,27.076793670654297,356200
01/09/1994,26.988014221191406,27.005769493705348,26.890360222364727,26.988014221191406,26.988014221191406,294600
02/09/1994,27.112288997714415,27.112288997714415,26.828204764601495,26.87259292602539,26.87259292602539,99600
06/09/1994,26.854833019614375,26.90809880411609,26.774934342861805,26.881465911865234,26.881465911865234,229800
07/09/1994,26.943594603105023,26.943594603105023,26.828185466419566,26.85481834411621,26.85481834411621,27900
08/09/1994,26.90811549487867,27.02352476621929,26.8992378586217,26.988014221191406,26.988014221191406,284800
09/09/1994,26.721669904729154,26.774935691914663,26.597383067962973,26.703914642333984,26.703914642333984,488400
12/09/1994,26.70391066227805,26.73942118177576,26.579623844036067,26.624011993408203,26.624011993408203,129400
13/09/1994,26.677281748741233,26.774935691914663,26.624015961555727,26.703914642333984,26.703914642333984,389200
14/09/1994,26.615152941158705,26.76607275436741,26.615152941158705,26.730562210083008,26.730562210083008,423500
15/09/1994,26.801574523740612,27.067903518676754,26.801574523740612,27.067903518676758,27.067903518676758,779800
16/09/1994,26.866346841636553,26.946731523011128,26.777030528998132,26.87527847290039,26.87527847290039,571300
19/09/1994,26.937789881530193,27.05390104481265,26.87526848591656,26.902063369750977,26.902063369750977,167300
20/09/1994,26.759148591585372,26.78594346667708,26.39295196533203,26.39295196533203,26.39295196533203,355600
21/09/1994,26.473336590607158,26.473336590607158,26.142866464476096,26.39295196533203,26.39295196533203,397500
22/09/1994,26.45548140242433,26.45548140242433,26.303643730634587,26.3304386138916,26.3304386138916,266400
23/09/1994,26.33936345001075,26.392953202706604,26.196457442821817,26.24111557006836,26.24111557006836,176600
26/09/1994,26.339365048768595,26.392954804717263,26.28577529281993,26.375091552734375,26.375091552734375,223000
27/09/1994,26.37509439404396,26.44654740967293,26.29470975146137,26.35723114013672,26.35723114013672,479500
28/09/1994,26.50013882470917,26.59838672732858,26.482275569687456,26.562660217285156,26.562660217285156,324000
29/09/1994,26.562649054235603,26.562649054235603,26.3482900840602,26.428674697875977,26.428674697875977,195900
30/09/1994,26.41974684042374,26.54478959085171,26.39295196533203,26.39295196533203,26.39295196533203,5200
03/10/1994,26.41082326366264,26.437618146919654,26.28578047512991,26.3304386138916,26.3304386138916,72600
04/10/1994,26.464399000829903,26.464399000829903,25.919569996762867,25.93743324279785,25.93743324279785,84200
05/10/1994,25.892785134372943,25.94637489318848,25.72308423145708,25.946374893188477,25.946374893188477,461900
06/10/1994,25.964243317835898,25.98210657433252,25.821337265862944,25.865995407104492,25.865995407104492,345200
07/10/1994,25.865995992619215,26.05356019007951,25.839201107267744,25.982107162475586,25.982107162475586,188700
10/10/1994,26.098214324639766,26.303641747455206,26.089282697560837,26.258983612060547,26.258983612060547,213600
11/10/1994,26.375089525217664,26.723422912106756,26.375089525217664,26.65196990966797,26.65196990966797,461400
12/10/1994,26.687694549560547,26.723421048288206,26.625173176787143,26.687694549560547,26.687694549560547,162400
13/10/1994,26.991368949691644,27.053890320521504,26.75021509077646,26.777009963989258,26.777009963989258,1564500
14/10/1994,26.86634399454604,26.90207051581538,26.68771138819932,26.893138885498047,26.893138885498047,72800
17/10/1994,26.866321999142055,26.90204849116219,26.81273226111185,26.839527130126953,26.839527130126953,282300
18/10/1994,26.812736461606324,26.812736461606324,26.6876937199466,26.777009963989258,26.777009963989258,132100
19/10/1994,26.678772671130865,27.000311277143823,26.66984104318606,26.902063369750977,26.902063369750977,136700
20/10/1994,26.902051670666047,26.902051670666047,26.64303457290731,26.723419189453125,26.723419189453125,290300
21/10/1994,26.651971773493212,26.68769827721103,26.50013413269248,26.61624526977539,26.61624526977539,87800
24/10/1994,26.625174216126833,26.732353716493662,26.384020340301465,26.39295196533203,26.39295196533203,149600
25/10/1994,26.303625780638207,26.473326592126195,26.294694158980946,26.419736862182617,26.419736862182617,91800
26/10/1994,26.51798439025879,26.544779254917184,26.39294168851961,26.51798439025879,26.51798439025879,201000
27/10/1994,26.616237258528002,26.67875862121582,26.553715895840185,26.67875862121582,26.67875862121582,210300
28/10/1994,26.732369320353527,27.26826713499476,26.732369320353527,27.241472244262695,27.241472244262695,192100
31/10/1994,27.17895123769516,27.205746128826636,27.13429308580936,27.143224716186523,27.143224716186523,36300
01/11/1994,27.027091213232666,27.027091213232666,26.83059550712192,26.839527130126953,26.839527130126953,435200
02/11/1994,26.75914754701586,27.000301413427554,26.687694549560547,26.687694549560547,26.687694549560547,115600
03/11/1994,26.777028121897448,26.875276056967785,26.74130160005369,26.830617904663086,26.830617904663086,87000
04/11/1994,26.955647374325217,26.955647374325217,26.482271194458008,26.482271194458008,26.482271194458008,124400
07/11/1994,26.544796962263447,26.634113237372006,26.4733439421766,26.562660217285156,26.562660217285156,115000
08/11/1994,26.651978129659607,26.857405575028967,26.60731998936192,26.768089294433594,26.768089294433594,308300
09/11/1994,27.053903842115307,27.053903842115307,26.5805275120948,26.8127498626709,26.8127498626709,318500
10/11/1994,26.830608627693,26.884198391929406,26.60731794337465,26.625181198120117,26.625181198120117,172100
11/11/1994,26.589453150688197,26.616248031256575,26.4554787478463,26.526931762695312,26.526931762695312,302200
14/11/1994,26.64303559792527,26.785941588393527,26.64303559792527,26.777009963989258,26.777009963989258,181400
15/11/1994,26.750215922333947,26.919916791290323,26.482267181876512,26.687694549560547,26.687694549560547,316900
16/11/1994,26.73235184196793,26.77700996398926,26.64303559792527,26.777009963989258,26.777009963989258,106900
17/11/1994,26.794886412918366,26.794886412918366,26.491211033571958,26.598390579223633,26.598390579223633,104700
18/11/1994,26.60731835483944,26.651976492393718,26.446549059644035,26.562660217285156,26.562660217285156,269300
21/11/1994,26.544797643371247,26.625182293031525,26.294712066650387,26.29471206665039,26.29471206665039,283100
22/11/1994,26.19646745522817,26.294715372721356,25.72309112548828,25.72309112548828,25.72309112548828,483600
23/11/1994,25.74095261162816,25.874927035352805,25.4997986489238,25.865995407104492,25.865995407104492,601600
25/11/1994,25.883842637366854,26.026748600858184,25.883842637366854,25.99102210998535,25.99102210998535,77300
28/11/1994,25.982110126272193,26.1160845683121,25.919588719986905,26.107152938842773,26.107152938842773,79900
29/11/1994,26.098215103149414,26.15180486722159,26.008898829695788,26.098215103149414,26.098215103149414,105500
30/11/1994,26.232197154295452,26.26792367408339,26.062496185302734,26.062496185302734,26.062496185302734,218800
01/12/1994,26.089288463308637,26.089288463308637,25.7498865593012,25.803476333618164,25.803476333618164,439000
02/12/1994,25.749876866124783,26.044620513916016,25.749876866124783,26.044620513916016,26.044620513916016,318500
05/12/1994,26.098217461361546,26.187533742885712,26.008901179837377,26.071422576904297,26.071422576904297,139200
06/12/1994,25.97317563389638,26.09821843268405,25.92851749147221,26.08928680419922,26.08928680419922,249900
07/12/1994,25.928509201839056,26.008893832502697,25.874919448063295,25.901714324951172,25.901714324951172,531900
08/12/1994,26.008893515074153,26.044620017155296,25.5801754901004,25.651628494262695,25.651628494262695,261500
09/12/1994,25.651624342818824,25.767735455791193,25.544444853921252,25.7498722076416,25.7498722076416,235900
12/12/1994,25.696276557601625,25.9195671081543,25.696276557601625,25.919567108154297,25.919567108154297,151100
13/12/1994,25.901722539711198,26.02676533817877,25.901722539711198,26.017833709716797,26.017833709716797,70900
14/12/1994,25.982103056594973,26.267915121844556,25.982103056594973,26.151803970336914,26.151803970336914,203300
15/12/1994,26.187523425903944,26.312566170775245,26.187523425903944,26.232181549072266,26.232181549072266,130100
16/12/1994,26.315308739578786,26.41434000750057,26.288300211963755,26.360322952270508,26.360322952270508,266100
19/12/1994,26.36032042041482,26.41433747045665,26.27929484535207,26.396331787109375,26.396331787109375,1120200
20/12/1994,26.4233436382188,26.441349323832576,26.315309524536133,26.315309524536133,26.315309524536133,675600
21/12/1994,26.333308494325095,26.65741075271679,26.333308494325095,26.594390869140625,26.594390869140625,544500
22/12/1994,26.594386528546213,26.621395045670667,26.486352460048394,26.51336097717285,26.51336097717285,222000
23/12/1994,26.495356743500707,26.603390817888073,26.495356743500707,26.54037094116211,26.54037094116211,125800
27/12/1994,26.630402588168618,26.738436675747394,26.612396906905488,26.684419631958008,26.684419631958008,95200
28/12/1994,26.711428575331414,26.711428575331414,26.486357555990907,26.54937744140625,26.54937744140625,358200
29/12/1994,26.648404552184378,26.648404552184378,26.540370479675524,26.567378997802734,26.567378997802734,220100
30/12/1994,26.62138988876866,26.648398400661222,26.252273559570312,26.252273559570312,26.252273559570312,2209500
03/01/1995,26.333312207114574,26.414337783136467,26.324309365334365,26.378326416015625,26.378326416015625,324300
04/01/1995,26.495366892736893,26.504369735717777,26.36032424802366,26.504369735717773,26.504369735717773,351800
05/01/1995,26.52237542167954,26.567389636583954,26.47736120677513,26.504369735717773,26.504369735717773,89800
06/01/1995,26.55837677436883,26.648405170214147,26.450342699354447,26.531368255615234,26.531368255615234,448400
09/01/1995,26.52235543073234,26.558366775512695,26.504349758342162,26.558366775512695,26.558366775512695,36800
10/01/1995,26.621407185576142,26.729441303339726,26.58539581298828,26.58539581298828,26.58539581298828,229800
11/01/1995,26.675420103379714,26.675420103379714,26.396332009149283,26.603397369384766,26.603397369384766,222400
12/01/1995,26.57636583093377,26.630382834655183,26.52234882721236,26.612377166748047,26.612377166748047,40300
13/01/1995,26.756441986787998,26.9274959564209,26.72043062476002,26.9274959564209,26.9274959564209,170600
16/01/1995,26.91850740198837,27.09856430768729,26.91850740198837,27.089561462402344,27.089561462402344,105100
17/01/1995,27.03552900802257,27.116554569485178,26.999517647372524,27.098548889160156,27.098548889160156,89500
18/01/1995,27.08054748880217,27.125561696729036,27.008524756119186,27.071544647216797,27.071544647216797,84500
19/01/1995,26.981509331157774,27.008517849006783,26.900483777610756,26.918489456176758,26.918489456176758,139100
20/01/1995,26.882481705946343,26.891484546437283,26.765444779564124,26.819461822509766,26.819461822509766,78700
23/01/1995,26.63940740940242,26.900489807128906,26.621401726800595,26.900489807128906,26.900489807128906,53700
24/01/1995,26.891488248014195,26.93650245666504,26.873482564553857,26.93650245666504,26.93650245666504,32400
25/01/1995,26.801451019922894,27.10754753812154,26.801451019922894,27.008516311645508,27.008516311645508,15700
26/01/1995,26.990523504409,27.071549091980607,26.936506446027927,27.035537719726562,27.035537719726562,9800
27/01/1995,27.215590773372114,27.215590773372114,27.035533937292907,27.14356803894043,27.14356803894043,91200
30/01/1995,27.089556847787716,27.1075625352904,26.990525566522955,27.02653694152832,27.02653694152832,26600
31/01/1995,27.080542591603766,27.17957383113423,27.03552839181719,27.134559631347656,27.134559631347656,127500
01/02/1995,27.17057496687126,27.269606220892328,27.080546554124837,27.125560760498047,27.125560760498047,380200
02/02/1995,27.11655513369498,27.287609100341797,27.11655513369498,27.287609100341797,27.287609100341797,131700
03/02/1995,27.4586470001459,27.719729217524332,27.41363282473582,27.674715042114258,27.674715042114258,405100
06/02/1995,27.665744448465016,27.872809896663746,27.638735911743442,27.791784286499023,27.791784286499023,405400
07/02/1995,27.836765438636423,27.836765438636423,27.73773425499315,27.827762603759766,27.827762603759766,702900
08/02/1995,27.79175126425312,27.926793787403035,27.773745594499797,27.827762603759766,27.827762603759766,521500
09/02/1995,27.782748429376458,27.827762603759762,27.72873142011649,27.827762603759766,27.827762603759766,390700
10/02/1995,27.791777302336808,27.863800048828125,27.710751712534076,27.863800048828125,27.863800048828125,148300
13/02/1995,27.845796110094057,27.92682170498279,27.845796110094057,27.872804641723633,27.872804641723633,79700
14/02/1995,27.962815246582032,27.962815246582032,27.80076416015625,27.908798217773438,27.908798217773438,170200
15/02/1995,27.908810813495048,28.09787049965098,27.88180228690134,28.061859130859375,28.061859130859375,431500
16/02/1995,28.02584075927734,28.05284927912245,27.944815199742006,28.025840759277344,28.025840759277344,99300
17/02/1995,27.998836010511905,28.016841692833776,27.90880759890254,27.917810440063477,27.917810440063477,49100
21/02/1995,27.917801055908203,27.962815246582032,27.89979537963867,27.908798217773438,27.908798217773438,168000
22/02/1995,27.93580324513157,28.115859985351562,27.91779757110957,28.115859985351562,28.115859985351562,386400
23/02/1995,28.22391620987212,28.322947494819037,28.151893457183448,28.16089630126953,28.16089630126953,402800
24/02/1995,28.19689307650741,28.24190727362827,28.12487036111403,28.2329044342041,28.2329044342041,307600
27/02/1995,28.15190191768596,28.232927538811378,27.962842135059994,28.007856369018555,28.007856369018555,280900
28/02/1995,27.980815329291772,28.241897583007816,27.980815329291772,28.241897583007812,28.241897583007812,493500
01/03/1995,28.214907448223702,28.250918817015307,28.03485060426567,28.061859130859375,28.061859130859375,242600
02/03/1995,28.052848045889366,28.097862243652344,27.971822489916,28.097862243652344,28.097862243652344,488600
03/03/1995,28.007843197804856,28.106874465942383,27.935820457341197,28.106874465942383,28.106874465942383,290000
06/03/1995,27.917812567209005,28.124877929687496,27.881801199821442,28.1248779296875,28.1248779296875,85700
07/03/1995,28.02583511352539,28.08885498046875,27.782758483886717,27.908798217773438,27.908798217773438,180900
08/03/1995,27.95381499993755,28.016834872723237,27.854783771274324,27.980823516845703,27.980823516845703,155900
09/03/1995,27.971818923950195,27.998827439164824,27.899796216711184,27.971818923950195,27.971818923950195,63500
10/03/1995,27.9988393169564,28.457984270385587,27.962827948059992,28.385961532592773,28.385961532592773,192100
13/03/1995,28.36795631832547,28.45798474205865,28.331944948832195,28.35895347595215,28.35895347595215,261300
14/03/1995,28.43998875874959,28.602039976748163,28.43998875874959,28.566028594970703,28.566028594970703,223300
15/03/1995,28.52099815587874,28.56601235751365,28.403961231627974,28.511995315551758,28.511995315551758,278500
16/03/1995,28.484970614809846,28.701038659928507,28.484970614809846,28.683032989501953,28.683032989501953,20400
17/03/1995,28.639175326045493,28.747794195802935,28.62107218108592,28.71158790588379,28.71158790588379,89900
20/03/1995,28.747794195802935,28.747794195802935,28.657278471005068,28.71158790588379,28.71158790588379,91700
21/03/1995,28.711582258588592,28.892613672577173,28.593911839496016,28.639169692993164,28.639169692993164,104400
22/03/1995,28.693483146086905,28.693483146086905,28.575812710472036,28.66632843017578,28.66632843017578,74900
23/03/1995,28.63013687506953,28.765910524492877,28.593930568556637,28.684446334838867,28.684446334838867,220500
24/03/1995,28.77495175262527,29.09175682067871,28.77495175262527,29.09175682067871,29.09175682067871,134000
27/03/1995,29.137000975536424,29.209413528442383,29.06458842263046,29.209413528442383,29.209413528442383,132100
28/03/1995,29.137000975536424,29.209413528442383,29.10079469908344,29.209413528442383,29.209413528442383,121900
29/03/1995,29.182267644873924,29.480969515928777,29.037442495271574,29.20037078857422,29.20037078857422,246100
30/03/1995,29.26374095123007,29.26374095123007,29.028400009463294,29.14607048034668,29.14607048034668,298400
31/03/1995,28.919762521285225,29.06458762311326,28.70252486854318,29.02838134765625,29.02838134765625,541300
03/04/1995,29.019324012863137,29.10078811645508,29.001220878731594,29.100788116455078,29.100788116455078,193300
04/04/1995,29.109852596325396,29.290884017944336,29.109852596325396,29.290884017944336,29.290884017944336,66900
05/04/1995,29.227523020377706,29.318038731187176,29.209419878215815,29.290884017944336,29.290884017944336,107200
06/04/1995,29.363291707532163,29.42665269457061,29.308982290070634,29.399497985839844,29.399497985839844,352500
07/04/1995,29.462862584917865,29.462862584917865,29.236573317752597,29.372346878051758,29.372346878051758,361400
10/04/1995,29.327081840465855,29.42664909362793,29.308978703527295,29.42664909362793,29.42664909362793,285400
11/04/1995,29.499071072943416,29.5081226443067,29.308988074314446,29.327091217041016,29.327091217041016,250300
12/04/1995,29.372339682812253,29.42664909362793,29.318030271996577,29.42664909362793,29.42664909362793,150900
13/04/1995,29.48097690525096,29.59864736879663,29.46287375701316,29.589595794677734,29.589595794677734,243400
17/04/1995,29.69819735835149,29.72535206486629,29.327083035982575,29.417598724365234,29.417598724365234,178900
18/04/1995,29.44475327409613,29.44475327409613,29.245618760714603,29.318031311035156,29.318031311035156,329500
19/04/1995,29.318038731187176,29.381399728753806,29.137007309568236,29.290884017944336,29.290884017944336,223000
20/04/1995,29.372347870273234,29.417605725235134,29.21847116340277,29.33614158630371,29.33614158630371,207900
21/04/1995,29.345175916737926,29.49000096752997,29.345175916737926,29.48094940185547,29.48094940185547,145000
24/04/1995,29.462857884593728,29.824920654296875,29.462857884593728,29.824920654296875,29.824920654296875,169000
25/04/1995,29.779671711378974,29.82492957112271,29.72536227968649,29.743465423583984,29.743465423583984,293200
26/04/1995,29.689156197965165,29.788723490092487,29.616743621872565,29.770620346069336,29.770620346069336,204400
27/04/1995,29.725368100583715,29.86114170640246,29.707264953141216,29.84303855895996,29.84303855895996,502200
28/04/1995,29.8339714544748,29.933538713576507,29.643888505280636,29.888280868530273,29.888280868530273,130800
01/05/1995,29.861146533015,29.92450755930512,29.806837081909183,29.80683708190918,29.80683708190918,518700
02/05/1995,29.833990996389677,29.915455170833702,29.770629971822103,29.870197296142578,29.870197296142578,228400
03/05/1995,29.969739937882046,30.286544799804688,29.969739937882046,30.286544799804688,30.286544799804688,724700
04/05/1995,30.32274773816743,30.521882200925546,30.19602580732136,30.2684383392334,30.2684383392334,311400
05/05/1995,30.395165084793184,30.395165084793184,30.168875886722955,30.232236862182617,30.232236862182617,314900
08/05/1995,30.205102814505416,30.54906263079286,30.177948092166933,30.449495315551758,30.449495315551758,183100
09/05/1995,30.57618456303949,30.612390820662984,30.37705014611028,30.42230796813965,30.42230796813965,180600
10/05/1995,30.503786361943735,30.512837930597133,30.313703420222424,30.458528518676758,30.458528518676758,330300
11/05/1995,30.503787010749132,30.53999328613281,30.404219753444018,30.539993286132812,30.539993286132812,351700
12/05/1995,30.42231290713306,30.630498922266668,30.413261341257684,30.558086395263672,30.558086395263672,94600
15/05/1995,30.639563739862083,30.70292472839356,30.576202751330612,30.702924728393555,30.702924728393555,147200
16/05/1995,30.69387838232145,30.793445666958885,30.639568954337395,30.721033096313477,30.721033096313477,221600
17/05/1995,30.721018148364138,30.730069715290583,30.57619307754097,30.603347778320312,30.603347778320312,189200
18/05/1995,30.549070772145832,30.567173925195995,30.159852981567383,30.159852981567383,30.159852981567383,577800
19/05/1995,30.11457175270268,30.232242156305066,30.069313905163302,30.177932739257812,30.177932739257812,363900
22/05/1995,30.277493790044023,30.55809238720138,30.259390654743548,30.512834548950195,30.512834548950195,216000
23/05/1995,30.567133584490666,30.79342269897461,30.476617938697093,30.79342269897461,30.79342269897461,136800
24/05/1995,30.847751689237707,30.947318962882548,30.585256149628584,30.775339126586914,30.775339126586914,370800
25/05/1995,30.68483883445486,30.829664032493586,30.540013636416138,30.802509307861328,30.802509307861328,379900
26/05/1995,30.684836242485275,30.693887816598103,30.331824852085,30.449495315551758,30.449495315551758,518600
30/05/1995,30.521888079545413,30.603352193636727,30.340856714898052,30.4404239654541,30.4404239654541,61500
31/05/1995,30.386112686499473,31.074031829833988,30.386112686499473,31.074031829833984,31.074031829833984,564500
01/06/1995,30.93826527350417,31.2279155042684,30.84774957639035,30.99257469177246,30.99257469177246,810100
02/06/1995,30.865852928105962,31.236967288825127,30.757234090822305,31.019729614257812,31.019729614257812,112900
05/06/1995,31.019715931465342,31.309366036457142,30.992561234122363,31.20979881286621,31.20979881286621,257200
06/06/1995,31.182666572978647,31.291285440576832,31.1555118560791,31.1555118560791,31.1555118560791,165800
07/06/1995,31.09214195859767,31.11024509802043,30.956368412926935,30.99257469177246,30.99257469177246,41900
08/06/1995,30.983519366530118,31.07403505267248,30.920158386230465,30.92015838623047,30.92015838623047,141100
09/06/1995,30.856785106434273,30.892991366459423,30.558083461226786,30.73911476135254,30.73911476135254,304900
12/06/1995,30.838703076766144,31.037837643155594,30.820599934367102,30.911115646362305,30.911115646362305,378500
13/06/1995,31.055930707849747,31.264116777881966,31.028776003062934,31.246013641357422,31.246013641357422,120000
14/06/1995,31.200759394958975,31.25506881079006,31.101192132601984,31.218862533569336,31.218862533569336,389400
15/06/1995,31.264115744319856,31.417992399691435,31.20980633654165,31.354631423950195,31.354631423950195,274500
16/06/1995,31.29294684365366,31.44772720336914,31.29294684365366,31.44772720336914,31.44772720336914,325100
19/06/1995,31.538767917566442,31.82101439719824,31.520558467267616,31.802804946899414,31.802804946899414,134600
20/06/1995,31.7117643372747,31.82102106195093,31.693554883161998,31.720869064331055,31.720869064331055,287800
21/06/1995,31.821015315244825,31.84832949148109,31.70265388488769,31.702653884887695,31.702653884887695,158200
22/06/1995,31.839228697104247,32.13968467279897,31.839228697104247,32.12147521972656,32.12147521972656,297000
23/06/1995,32.04864215932086,32.066851615093206,31.957594880459155,32.05774688720703,32.05774688720703,315400
26/06/1995,31.966699573903906,32.02132794116208,31.67534828186035,31.67534828186035,31.67534828186035,132900
27/06/1995,31.666238771605602,31.87564748113606,31.59340095959501,31.611610412597656,31.611610412597656,127700
28/06/1995,31.61158957932262,31.902940635353243,31.51143765381209,31.775474548339844,31.775474548339844,212600
29/06/1995,31.77549742666917,31.857439970176337,31.5023556149786,31.720869064331055,31.720869064331055,89200
30/06/1995,31.78459641359648,31.893853118541525,31.638920807003082,31.702653884887695,31.702653884887695,714100
03/07/1995,31.73906807305987,31.82101058959961,31.73906807305987,31.82101058959961,31.82101058959961,9500
05/07/1995,31.912066466180327,32.08505627013395,31.83922865398933,31.939380645751953,31.939380645751953,409300
06/07/1995,31.948501480622188,32.3491096496582,31.884768362821006,32.3491096496582,32.3491096496582,202500
07/07/1995,32.285361332998924,32.50387477687709,32.26715187934241,32.49477005004883,32.49477005004883,481700
10/07/1995,32.52208232639284,32.60402486304948,32.45834924232656,32.512977600097656,32.512977600097656,400400
11/07/1995,32.485654763311366,32.51296893491729,32.31266500980718,32.35818862915039,32.35818862915039,420500
12/07/1995,32.42193323297591,32.81343649863667,32.358200143217175,32.75880813598633,32.75880813598633,203400
13/07/1995,32.71326539828585,32.786103172621026,32.64953234574257,32.685951232910156,32.685951232910156,215600
14/07/1995,32.51298523374611,32.68597507397046,32.48567104844752,32.658660888671875,32.658660888671875,543700
17/07/1995,32.70417313963084,32.87716291960105,32.67685896384607,32.84074401855469,32.84074401855469,171500
18/07/1995,32.78612420276241,32.78612420276241,32.53119182906695,32.55850601196289,32.55850601196289,221200
19/07/1995,32.43102537699261,32.4674442712958,31.584286084443388,32.203407287597656,32.203407287597656,486600
20/07/1995,32.23984622471769,32.38552189249388,32.06685636923346,32.3217887878418,32.3217887878418,318900
21/07/1995,32.29444789187221,32.41280927405274,32.15787706627929,32.285343170166016,32.285343170166016,94000
24/07/1995,32.33088781692146,32.558506007691115,32.33088781692146,32.52208709716797,32.52208709716797,108400
25/07/1995,32.55848613716755,32.813418355243805,32.45833419435188,32.76789474487305,32.76789474487305,107400
26/07/1995,32.749701497817334,32.90448184962798,32.731492044663135,32.740596771240234,32.740596771240234,167800
27/07/1995,32.89537908698206,33.04105472091279,32.89537908698206,33.01374053955078,33.01374053955078,187700
28/07/1995,33.04106717158648,33.04106717158648,32.77702998559143,32.804344177246094,32.804344177246094,415600
31/07/1995,32.83165360133915,32.85896778902745,32.649559016750466,32.72239685058594,32.72239685058594,342500
01/08/1995,32.76790710755415,32.76790710755415,32.48566061676944,32.667755126953125,32.667755126953125,141000
02/08/1995,32.85895433692293,33.09567719997641,32.54028894435094,32.59491729736328,32.59491729736328,240400
03/08/1995,32.36732094405782,32.604043966433494,32.312692554278826,32.58583450317383,32.58583450317383,1193600
04/08/1995,32.649563794957174,32.67687798664286,32.58583068102391,32.622249603271484,32.622249603271484,240500
07/08/1995,32.69508361816406,32.795235642614024,32.67687415917316,32.69508361816406,32.69508361816406,193100
08/08/1995,32.713293077154965,32.81344510160493,32.5949315937141,32.69508361816406,32.69508361816406,951900
09/08/1995,32.80431261620482,32.80431261620482,32.658637067534464,32.685951232910156,32.685951232910156,107100
10/08/1995,32.72238920202207,32.795227018832364,32.47656157028735,32.61313247680664,32.61313247680664,280800
11/08/1995,32.585810597594836,32.62222949739657,32.29445939918102,32.4310302734375,32.4310302734375,257200
14/08/1995,32.51298807830896,32.72239685058594,32.440150244473486,32.72239685058594,32.72239685058594,254800
15/08/1995,32.71328925926904,32.71328925926904,32.43104267785036,32.658660888671875,32.658660888671875,44400
16/08/1995,32.631329601925216,32.749691009521484,32.59491070728021,32.749691009521484,32.749691009521484,374900
17/08/1995,32.767921454127666,32.767921454127666,32.5767221347232,32.69508361816406,32.69508361816406,353800
18/08/1995,32.85895725722439,32.86806198353562,32.7041769099335,32.73149108886719,32.73149108886719,85400
21/08/1995,32.868060038844575,33.00463092543257,32.63133716875871,32.64044189453125,32.64044189453125,266700
22/08/1995,32.685968403295846,32.75880621589372,32.52208332495063,32.70417785644531,32.70417785644531,220200
23/08/1995,32.73151020925116,32.74971967251083,32.58583450317383,32.58583450317383,32.58583450317383,176500
24/08/1995,32.5949354115858,32.68598271720475,32.485678644843055,32.622249603271484,32.622249603271484,167400
25/08/1995,32.67687794952435,32.858972560555415,32.67687794952435,32.804344177246094,32.804344177246094,195000
28/08/1995,32.89535983412379,32.89535983412379,32.63132290215878,32.685951232910156,32.685951232910156,293000
29/08/1995,32.72237113450229,32.776999466947196,32.49475308264849,32.76789474487305,32.76789474487305,1133100
30/08/1995,32.79522039224674,32.87716291960105,32.75880149120038,32.84074401855469,32.84074401855469,437400
31/08/1995,32.83162691956412,32.92267413786574,32.804312754073635,32.868045806884766,32.868045806884766,491900
01/09/1995,32.85896017849938,33.0683689022748,32.83164599713737,33.01374053955078,33.01374053955078,629900
05/09/1995,33.11388690510734,33.34150504440558,33.05925855167577,33.32329559326172,33.32329559326172,272200
06/09/1995,33.350624081351825,33.42346191718333,33.34151935187288,33.38704299926758,33.38704299926758,214500
07/09/1995,33.42344474012698,33.44165418972661,33.35971166652826,33.405235290527344,33.405235290527344,258800
08/09/1995,33.53269577026367,33.53269577026367,33.31418241199967,33.53269577026367,33.53269577026367,107300
11/09/1995,33.58733369056171,33.6874856750009,33.58733369056171,33.62375259399414,33.62375259399414,260700
12/09/1995,33.63286591398748,33.778541564941406,33.550923360325896,33.778541564941406,33.778541564941406,139500
13/09/1995,33.74209705677242,33.97881981000396,33.73299233549429,33.93329620361328,33.93329620361328,239800
14/09/1995,34.051678694806434,34.27019214097631,33.960631425568984,34.24287796020508,34.24287796020508,457600
15/09/1995,34.21511087060612,34.315797392697256,34.09611770813478,34.23341751098633,34.23341751098633,431200
18/09/1995,34.11444278436519,34.13274943463853,33.94052960676848,34.105289459228516,34.105289459228516,307500
19/09/1995,34.16935966666947,34.28835288276021,34.05036645057874,34.27004623413086,34.27004623413086,549600
20/09/1995,34.32496312702671,34.4348030090332,34.297503156525096,34.4348030090332,34.4348030090332,290800
21/09/1995,34.389036982732364,34.416496953706066,34.013750712758444,34.15105056762695,34.15105056762695,508500
22/09/1995,33.876460357494295,34.19682677535766,33.84900037882029,34.160213470458984,34.160213470458984,449900
25/09/1995,34.19682271059521,34.19682271059521,33.98629623245182,34.105289459228516,34.105289459228516,130000
26/09/1995,34.20595494622352,34.28833482166265,34.013735236865564,34.09611511230469,34.09611511230469,466600
27/09/1995,33.9496675631745,34.08696737807006,33.73914118033465,34.068660736083984,34.068660736083984,654400
28/09/1995,34.09612195332845,34.324954986572266,34.06866198933919,34.324954986572266,34.324954986572266,456200
29/09/1995,34.29751571219075,34.50804222977292,34.215135770528164,34.260902404785156,34.260902404785156,606600
02/10/1995,34.26089207006961,34.34327198688249,34.00459899554063,34.086978912353516,34.086978912353516,293100
03/10/1995,34.08696764835472,34.17850085901089,33.94966783237048,34.12358093261719,34.12358093261719,839700
04/10/1995,34.14189885689544,34.14189885689544,34.041212291901914,34.086978912353516,34.086978912353516,248800
05/10/1995,34.12358315096323,34.18765640258789,34.03204993435657,34.18765640258789,34.18765640258789,268800
06/10/1995,34.2059612723198,34.31580112655256,34.2059612723198,34.21511459350586,34.21511459350586,75300
09/10/1995,34.08698011119957,34.10528676002406,33.8673003253057,33.931373596191406,33.931373596191406,358200
10/10/1995,33.5835207425631,33.91304016113281,33.54690747383314,33.91304016113281,33.91304016113281,360800
11/10/1995,34.032045318710246,34.032045318710246,33.90389883284098,34.022891998291016,34.022891998291016,228100
12/10/1995,34.05035110718426,34.25172415136653,34.05035110718426,34.23341751098633,34.23341751098633,199800
13/10/1995,34.38903596507969,34.480569198950015,34.34326934814453,34.34326934814453,34.34326934814453,488100
16/10/1995,34.24258202081322,34.30665528308151,34.17850875854492,34.17850875854492,34.17850875854492,443600
17/10/1995,34.21512122127597,34.44395429525454,34.15104796056197,34.40734100341797,34.40734100341797,146000
18/10/1995,34.57210320288054,34.617869820835104,34.39819005465318,34.50802993774414,34.50802993774414,228100
19/10/1995,34.489724051486604,34.67279052734375,34.44395743252232,34.67279052734375,34.67279052734375,500600
20/10/1995,34.64532382554742,34.67278379159145,34.462257385253906,34.462257385253906,34.462257385253906,748400
23/10/1995,34.2975010418784,34.45310753179351,34.2975010418784,34.389034271240234,34.389034271240234,533000
24/10/1995,34.43480487428933,34.471418170274745,34.34327163432577,34.42565155029297,34.42565155029297,172200
25/10/1995,34.45310828078528,34.49887489646114,34.14189529418945,34.14189529418945,34.14189529418945,302700
26/10/1995,34.19681375676936,34.22427372498946,33.55608116496693,33.83068084716797,33.83068084716797,606800
27/10/1995,33.79407254146326,34.086978912353516,33.63846603192781,34.086978912353516,34.086978912353516,905800
30/10/1995,34.16936363252784,34.32497016393769,34.16936363252784,34.306663513183594,34.306663513183594,488700
31/10/1995,34.39819995230034,34.47142656209768,34.160213470458984,34.160213470458984,34.160213470458984,508200
01/11/1995,34.141896657015906,34.4348030090332,34.11443668651429,34.4348030090332,34.4348030090332,415700
02/11/1995,34.379895435460206,34.65449523925781,34.379895435460206,34.65449523925781,34.65449523925781,326000
03/11/1995,34.700252532958984,34.70940585728844,34.59956596533499,34.700252532958984,34.700252532958984,615000
06/11/1995,34.69110440425358,34.69110440425358,34.57211117014928,34.58126449584961,34.58126449584961,311200
07/11/1995,34.56295345034787,34.56295345034787,34.34327366146854,34.4531135559082,34.4531135559082,358200
08/11/1995,34.498874009440236,34.782627019334804,34.498874009440236,34.764320373535156,34.764320373535156,357200
09/11/1995,34.90163226893166,34.90163226893166,34.72771907378093,34.892478942871094,34.892478942871094,503700
10/11/1995,34.70025522026803,34.91993502118769,34.691101895229714,34.874168395996094,34.874168395996094,795600
13/11/1995,34.8100949566551,34.94739483158274,34.746021681688866,34.837554931640625,34.837554931640625,818500
14/11/1995,34.77350170515858,34.846728347338434,34.608741760253906,34.608741760253906,34.608741760253906,341800
15/11/1995,34.64532618436491,34.965692476690606,34.627019539089154,34.956539154052734,34.956539154052734,584700
16/11/1995,34.95653816461563,35.185371224085486,34.947384842236836,35.14875793457031,35.14875793457031,577700
17/11/1995,35.20368220130231,35.26775546583926,35.15791558377592,35.258602142333984,35.258602142333984,267000
20/11/1995,35.31352122591532,35.322674549198354,35.06638149727362,35.07553482055664,35.07553482055664,448800
21/11/1995,35.112147537377595,35.35928726196289,35.1029942142448,35.35928726196289,35.35928726196289,119200
22/11/1995,35.331834423111744,35.36844772303206,35.249454498291016,35.249454498291016,35.249454498291016,351600
24/11/1995,35.28606059112193,35.340980529785156,35.25860062179032,35.340980529785156,35.340980529785156,62400
27/11/1995,35.41421289014298,35.5240527853825,35.35013961791992,35.35013961791992,35.35013961791992,273000
28/11/1995,35.32267189661173,35.72541809082031,35.240291993250885,35.72541809082031,35.72541809082031,479000
29/11/1995,35.78949534072271,35.78949534072271,35.64304216285786,35.76203536987305,35.76203536987305,549200
30/11/1995,35.76204454550198,35.85357780515261,35.643051307956156,35.679664611816406,35.679664611816406,286200
01/12/1995,35.72541809082031,35.78033802639421,35.64303818745947,35.72541809082031,35.72541809082031,465200
04/12/1995,35.807800061248344,36.16477966308594,35.762033445628134,36.16477966308594,36.16477966308594,631700
05/12/1995,36.128159907405504,36.43937283794814,36.10069994294586,36.40275955200195,36.40275955200195,567700
06/12/1995,36.49431797014189,36.63161788726056,36.320404741791585,36.485164642333984,36.485164642333984,272800
07/12/1995,36.43937613065126,36.48514274221952,36.26546300669186,36.29292297363281,36.29292297363281,289700
08/12/1995,36.44853956894757,36.45769289380165,36.18309314817924,36.41192626953125,36.41192626953125,296900
11/12/1995,36.48514024641397,36.640746715101635,36.4119136729139,36.56752014160156,36.56752014160156,186500
12/12/1995,36.40276743711433,36.530913965683496,36.40276743711433,36.45768737792969,36.45768737792969,299400
13/12/1995,36.50346834026649,36.73230151692312,36.50346834026649,36.6865348815918,36.6865348815918,390700
14/12/1995,36.72313358664483,36.7872068506295,36.3295406793104,36.42107391357422,36.42107391357422,395000
15/12/1995,36.4712497414183,36.4712497414183,36.30547133350276,36.434410095214844,36.434410095214844,416700
18/12/1995,36.112061464172044,36.112061464172044,35.725245197532104,35.73445510864258,35.73445510864258,862300
19/12/1995,35.75287402269032,36.15811010125765,35.70682446830767,36.112060546875,36.112060546875,1022600
20/12/1995,36.22256892653983,36.25940855931536,35.7620735168457,35.7620735168457,35.7620735168457,1349800
21/12/1995,35.973930253330145,36.05681949354519,35.808151772900054,35.9463005065918,35.9463005065918,857600
22/12/1995,36.139679928960504,36.17651956191561,36.038370938333955,36.07521057128906,36.07521057128906,332800
26/12/1995,36.22255720452564,36.26860673059293,36.148877962817984,36.250186920166016,36.250186920166016,432200
27/12/1995,36.34230373714197,36.34230373714197,36.16731545254853,36.23178482055664,36.23178482055664,151800
28/12/1995,36.15811045988825,36.34230867924581,36.10285099408098,36.194950103759766,36.194950103759766,256200
29/12/1995,36.23181410017583,36.26865376880844,36.10287525996168,36.241024017333984,36.241024017333984,339200
02/01/1996,36.19494943904133,36.62781524658203,36.15810979584638,36.62781524658203,36.62781524658203,514400
03/01/1996,36.74754579901815,36.83964491129639,36.54492775200602,36.7291259765625,36.7291259765625,610300
04/01/1996,36.7751611598534,36.91330977427809,36.08441808772993,36.37913513183594,36.37913513183594,1129700
05/01/1996,36.13969111333699,36.397568623829706,36.05680191353576,36.30546951293945,36.30546951293945,302400
08/01/1996,36.43440886317463,36.489668330611195,36.3883593069775,36.44361877441406,36.44361877441406,179900
09/01/1996,36.55412977536928,36.58175950309065,35.734447852968714,35.81733703613281,35.81733703613281,415500
10/01/1996,35.771296928051925,35.84497622141557,35.15423284613136,35.34764099121094,35.34764099121094,787700
11/01/1996,35.402895026613294,35.55946350097656,35.23711664199335,35.55946350097656,35.55946350097656,513200
12/01/1996,35.65156619001455,35.66077610119771,35.172650808490204,35.504207611083984,35.504207611083984,390400
15/01/1996,35.51341975395296,35.63314860685789,35.283171959905026,35.4305305480957,35.4305305480957,154200
16/01/1996,35.60552195395698,35.891029243292905,35.30159483950262,35.863399505615234,35.863399505615234,454600
17/01/1996,35.78050983375891,36.02917746966921,35.63315123470096,35.75288009643555,35.75288009643555,407600
18/01/1996,35.89101274267547,35.90022265100051,35.5870857679492,35.87259292602539,35.87259292602539,425600
19/01/1996,35.872602864085216,36.204159655640304,35.83576322057909,36.112060546875,36.112060546875,169800
22/01/1996,36.08444482705108,36.20417371494074,36.01997542587973,36.12128448486328,36.12128448486328,288200
23/01/1996,36.102857373804575,36.204166412353516,36.029178073041706,36.204166412353516,36.204166412353516,362200
24/01/1996,36.25942457489314,36.57256159179595,36.24100475036945,36.49888229370117,36.49888229370117,1506500
25/01/1996,36.52652170544004,36.54494153484268,36.32390358201097,36.36995315551758,36.36995315551758,298400
26/01/1996,36.342312028651676,36.70149858950251,36.296262469568234,36.68307876586914,36.68307876586914,726300
29/01/1996,36.65545218167945,36.830440521240234,36.627822443854065,36.830440521240234,36.830440521240234,254800
30/01/1996,36.904100897174416,37.21723776528122,36.85805135774695,37.143558502197266,37.143558502197266,272100
31/01/1996,37.134354150690186,37.539590158287005,37.11593433216306,37.53038024902344,37.53038024902344,498000
01/02/1996,37.4935450285746,37.66853332519531,37.46591529752923,37.66853332519531,37.66853332519531,373900
02/02/1996,37.65010388114661,37.7329930530963,37.42906608928078,37.51195526123047,37.51195526123047,496200
05/02/1996,37.44750619062376,37.871162187861515,37.392246712723185,37.81590270996094,37.81590270996094,295300
06/02/1996,37.83429375108965,38.21189989612244,37.77903431523119,38.1750602722168,38.1750602722168,301600
07/02/1996,38.16588935293892,38.39613723754883,38.12904969140133,38.39613723754883,38.39613723754883,585100
08/02/1996,38.340849169861045,38.84739413847559,38.26716990169893,38.81055450439453,38.81055450439453,1526600
09/02/1996,38.7921626129259,39.12371955833552,38.617174225070826,38.80137252807617,38.80137252807617,804600
12/02/1996,38.875046660622104,39.27107295922593,38.83820700493803,39.09608459472656,39.09608459472656,626500
13/02/1996,38.93028678029522,39.30789306323634,38.90265705227514,39.01317596435547,39.01317596435547,1045900
14/02/1996,38.98554597306347,39.11448470295313,38.65398923906152,38.67240905761719,38.67240905761719,431400
15/02/1996,38.58951751431086,38.84739495832058,38.38689952258895,38.43294906616211,38.43294906616211,889500
16/02/1996,38.35929456642893,38.451393713047004,38.15667644386916,38.276405334472656,38.276405334472656,606100
20/02/1996,37.98168148444026,38.092200441233004,37.65012461406202,37.8987922668457,37.8987922668457,492300
21/02/1996,37.97247724949713,38.39613331388638,37.97247724949713,38.36850357055664,38.36850357055664,434000
22/02/1996,38.58031509594115,39.0960700840941,38.55268536443296,38.976341247558594,38.976341247558594,721400
23/02/1996,39.197386306835014,39.261855692208094,38.5066428921234,38.86582946777344,38.86582946777344,1430400
26/02/1996,38.75530432187594,38.83819351838186,38.29480878573198,38.313228607177734,38.313228607177734,1408400
27/02/1996,38.4053054544648,38.41451535984956,38.018489428304726,38.193477630615234,38.193477630615234,601000
28/02/1996,38.49743582481562,38.74610347248787,38.01852035522461,38.01852035522461,38.01852035522461,865900
29/02/1996,37.79746688275421,38.285592064232276,37.650108337402344,37.650108337402344,37.650108337402344,914300
01/03/1996,38.10142064800671,38.248779296875,37.49356622142502,38.248779296875,38.248779296875,1452600
04/03/1996,38.33165037389403,38.700046821504735,38.202711617230285,38.46979904174805,38.46979904174805,652600
05/03/1996,38.37768637387531,38.82897186279297,38.35926655800112,38.82897186279297,38.82897186279297,402000
06/03/1996,38.773719785772,38.88423870202599,38.48821258544922,38.48821258544922,38.48821258544922,624700
07/03/1996,38.56189272290184,38.7000413713001,38.451373804183234,38.68162155151367,38.68162155151367,534200
08/03/1996,37.834324787920856,38.239560983312415,36.54493689349317,37.4290885925293,37.4290885925293,2289900
11/03/1996,37.2817367074902,37.91722085591332,37.171217725155735,37.861961364746094,37.861961364746094,1511400
12/03/1996,37.6132988804665,37.75144762757889,37.079123724965264,37.5672492980957,37.5672492980957,1385300
13/03/1996,37.815890035171826,37.98166841330945,37.60406210755153,37.82509994506836,37.82509994506836,1019300
14/03/1996,37.88037915593927,38.20272617039536,37.86195932654178,37.99089813232422,37.99089813232422,725600
15/03/1996,37.92835546051084,38.08561937339589,37.74333909241079,37.96535873413086,37.96535873413086,869200
18/03/1996,38.31689105488711,38.69617462158203,38.23363368658823,38.69617462158203,38.69617462158203,917600
19/03/1996,39.03844496137969,39.03844496137969,38.483395980886144,38.61290740966797,38.61290740966797,858300
20/03/1996,38.79793613184039,38.79793613184039,38.270639431908364,38.56666564941406,38.56666564941406,744300
21/03/1996,38.61292536506919,38.63142700635576,38.34465156641394,38.47416305541992,38.47416305541992,650800
22/03/1996,38.49265511053071,38.6776714773201,38.44640101883337,38.57591247558594,38.57591247558594,344500
25/03/1996,38.92744886479888,38.96445214318748,38.400152147761446,38.50191116333008,38.50191116333008,802400
26/03/1996,38.43714808459946,38.788679162148135,38.40014481327854,38.686920166015625,38.686920166015625,969400
27/03/1996,38.742420303315264,38.770172753389275,38.29838110213114,38.335384368896484,38.335384368896484,809600
28/03/1996,38.19664204395735,38.501919154020456,38.187391222440276,38.48341751098633,38.48341751098633,1001300
29/03/1996,38.59440794497872,38.59440794497872,38.11336546819567,38.29838180541992,38.29838180541992,457700
01/04/1996,38.48340111908279,38.75167482880717,38.363140490585664,38.74242401123047,38.74242401123047,773400
02/04/1996,38.78869193434374,38.816444396972656,38.65918044207548,38.816444396972656,38.816444396972656,638800
03/04/1996,38.67768208382809,38.84419685960157,38.585173875065045,38.816444396972656,38.816444396972656,288000
04/04/1996,38.81640294568793,38.90891105566336,38.77939970169777,38.78865051269531,38.78865051269531,934900
08/04/1996,37.81733129325928,38.12260818481445,37.650816625138276,38.12260818481445,38.12260818481445,2217200
09/04/1996,38.27063556257613,38.27063556257613,37.900602828105974,37.974609375,37.974609375,1180900
10/04/1996,37.90986293838138,38.07637770970663,37.15129564678858,37.29930877685547,37.29930877685547,939500
11/04/1996,37.391798740763036,37.5768150630825,36.78124487710882,37.25303649902344,37.25303649902344,1276000
12/04/1996,37.5120694290019,37.780343168444816,37.401059605784134,37.72483825683594,37.72483825683594,411300
15/04/1996,37.919076607848886,38.08559121603168,37.79881605749464,38.039337158203125,38.039337158203125,484200
16/04/1996,38.11337971432942,38.27989448007164,38.030122331458315,38.15038299560547,38.15038299560547,429700
17/04/1996,38.11335094935927,38.22436070940595,37.79882329589368,38.05784606933594,38.05784606933594,525300
18/04/1996,38.15037607730014,38.2336334450731,37.94685806718845,38.113372802734375,38.113372802734375,818600
19/04/1996,38.29838356960195,38.40014255976273,38.141119675717114,38.205875396728516,38.205875396728516,885100
22/04/1996,38.557416080912965,38.64992427688445,38.242888214609934,38.50191116333008,38.50191116333008,828900
23/04/1996,38.43713792812325,38.64990668199734,38.35388058965078,38.622154235839844,38.622154235839844,225400
24/04/1996,38.816447085600636,38.816447085600636,38.40016011733275,38.48341751098633,38.48341751098633,699000
25/04/1996,38.56664864712852,38.8164206580358,38.335378266658815,38.659156799316406,38.659156799316406,475500
26/04/1996,38.760925646383875,38.96444363307133,38.62216338273333,38.74242401123047,38.74242401123047,563300
29/04/1996,38.57590929484982,38.81643055184409,38.57590929484982,38.74242401123047,38.74242401123047,219900
30/04/1996,38.742413089437726,38.81641960918832,38.557396790061226,38.71466064453125,38.71466064453125,184400
01/05/1996,38.70541968320629,38.95519175095165,38.64991477926288,38.79792785644531,38.79792785644531,561900
02/05/1996,38.492648306545384,38.70541709074403,37.94685012099235,38.131866455078125,38.131866455078125,1299600
03/05/1996,38.353894803683886,38.47415544826852,37.74334076194652,38.07637023925781,38.07637023925781,1329300
06/05/1996,38.22435338951734,38.22435338951734,37.70630794183754,38.039337158203125,38.039337158203125,647500
07/05/1996,38.039359224759615,38.039359224759615,37.75258389986478,37.88209533691406,37.88209533691406,582100
08/05/1996,37.69706642345938,38.35387420654297,37.34553549730197,38.35387420654297,38.35387420654297,1694700
09/05/1996,38.224382353093695,38.52040854750294,38.18737907879254,38.326141357421875,38.326141357421875,593400
10/05/1996,38.705406188964844,38.83491758634666,38.52038990699083,38.705406188964844,38.705406188964844,925100
13/05/1996,38.79792992232799,39.45473798729825,38.76092665106206,39.28822326660156,39.28822326660156,867500
14/05/1996,39.44547877187838,39.63049508881965,39.40847550849013,39.52873611450195,39.52873611450195,632300
15/05/1996,39.537991626528566,39.85251940268719,39.45473427401599,39.482486724853516,39.482486724853516,466100
16/05/1996,39.26047311621848,39.63050585058434,39.24197147950018,39.56575012207031,39.56575012207031,514400
17/05/1996,39.66750505314317,39.84327058392902,39.66750505314317,39.77851486206055,39.77851486206055,427700
20/05/1996,40.056030447914296,40.11153533998993,39.658245388038935,40.04677963256836,40.04677963256836,788500
21/05/1996,40.11152873766139,40.185535248247476,39.963515716489205,39.991268157958984,39.991268157958984,352700
22/05/1996,40.037534110596376,40.37056350708008,39.8987718620615,40.37056350708008,40.37056350708008,1218100
23/05/1996,40.426071586556226,40.51857975952317,39.982032356314875,40.20405197143555,40.20405197143555,967900
24/05/1996,40.2410598569525,40.45382867918467,40.222558220236664,40.36132049560547,40.36132049560547,659100
28/05/1996,40.4815658565803,40.4815658565803,39.85251044564624,39.95426940917969,39.95426940917969,456400
29/05/1996,40.037535682091345,40.07453894981971,39.556493201622594,39.686004638671875,39.686004638671875,649600
30/05/1996,39.630518628405284,40.09305969549685,39.51950877230331,39.88954162597656,39.88954162597656,895800
31/05/1996,39.88026588297336,40.046780563069284,39.59349060058594,39.59349060058594,39.59349060058594,923500
03/06/1996,39.60273552029797,39.73224691886937,39.49172575009391,39.70449447631836,39.70449447631836,503100
04/06/1996,39.889505572586025,40.0190169543152,39.81549906874078,39.98201370239258,39.98201370239258,627100
05/06/1996,40.000546674115945,40.379830303542114,39.91728929204679,40.33357620239258,40.33357620239258,428000
06/06/1996,40.55560170171882,40.55560170171882,39.96354912213169,40.03755569458008,40.03755569458008,523300
07/06/1996,39.18648011142357,40.04680651613613,39.18648011142357,40.03755569458008,40.03755569458008,1422800
10/06/1996,39.98205329955149,40.10231398740299,39.84329096741515,39.90804672241211,39.90804672241211,548800
11/06/1996,40.056037610755446,40.278057218759635,39.87102127075195,39.87102127075195,39.87102127075195,688700
12/06/1996,40.00052262239265,40.10228158373546,39.73224899703433,39.79700469970703,39.79700469970703,1120600
13/06/1996,39.88951284638231,39.945017734387484,39.56573433301882,39.79700469970703,39.79700469970703,1502000
14/06/1996,39.81550947201798,39.81550947201798,39.50098174849367,39.6304931640625,39.6304931640625,1468200
17/06/1996,39.649018233971354,39.79703136783592,39.50100510010678,39.60276412963867,39.60276412963867,1101000
18/06/1996,39.57498342340643,39.68599319458008,39.26970655267889,39.27895736694336,39.27895736694336,718000
19/06/1996,39.46399706609084,39.66751510065577,39.325234769796566,39.45474624633789,39.45474624633789,552100
20/06/1996,39.491719495181684,39.62123087324037,39.186442675471916,39.426963806152344,39.426963806152344,1234400
21/06/1996,39.61730064913087,39.76609802246094,39.50570261913332,39.76609802246094,39.76609802246094,573300
24/06/1996,39.85907665220629,40.00787395188789,39.784678002365496,39.840476989746094,39.840476989746094,416500
25/06/1996,39.952088272440626,39.97998777542418,39.74749191722795,39.79399108886719,39.79399108886719,454400
26/06/1996,39.74750333898208,39.83120187198415,39.515007413976335,39.52430725097656,39.52430725097656,838200
27/06/1996,39.52430007613708,39.9055933239304,39.37550271114456,39.80329513549805,39.80329513549805,1090500
28/06/1996,39.97069048987001,40.175286858129,39.859092470819654,39.94279098510742,39.94279098510742,1060800
01/07/1996,40.04508101973177,40.29617651149506,39.98928202156215,40.2868766784668,40.2868766784668,471300
02/07/1996,40.24967477142645,40.25897460385977,40.072977955193295,40.13807678222656,40.13807678222656,389400
03/07/1996,40.119492620499585,40.17529163666161,39.91489622790547,40.05439376831055,40.05439376831055,308300
05/07/1996,39.35688523244142,39.5428818545229,38.910493339445864,39.03139114379883,39.03139114379883,842900
08/07/1996,39.059295289254074,39.2731914301238,38.76170065847881,38.87329864501953,38.87329864501953,942000
09/07/1996,39.049990806006974,39.17088861035994,38.910493339445864,39.03139114379883,39.03139114379883,716300
10/07/1996,39.02211708970471,39.18951416015625,38.64082376256508,39.18951416015625,39.18951416015625,1132300
11/07/1996,39.02209075018637,39.0964893979465,38.01770900542466,38.39900207519531,38.39900207519531,1587400
12/07/1996,38.46412118799112,38.63151823378025,38.13862693229003,38.42692184448242,38.42692184448242,1312000
15/07/1996,38.51991363677598,38.51991363677598,37.292335510253906,37.292335510253906,37.292335510253906,1951300
16/07/1996,37.4039336835567,37.79452672550334,35.934559859090776,37.38533401489258,37.38533401489258,4141000
17/07/1996,37.94333939003733,38.09213679941003,37.496947161919245,37.83174133300781,37.83174133300781,1340500
18/07/1996,37.94333479221762,38.417626477120336,37.69223919432795,38.3525276184082,38.3525276184082,1432500
19/07/1996,38.25952884169048,38.315327862849976,37.86893569357405,38.07353210449219,38.07353210449219,1216000
22/07/1996,37.81314389724431,37.94334163815956,37.50624922222978,37.7945442199707,37.7945442199707,519800
23/07/1996,37.85033024438951,38.054926624088914,37.24584094073218,37.31093978881836,37.31093978881836,1479800
24/07/1996,36.86454329229706,37.608530038862085,36.678546605655804,37.38533401489258,37.38533401489258,2463400
25/07/1996,37.75733407902764,37.83173276686809,37.57133735942652,37.72013473510742,37.72013473510742,1989800
26/07/1996,37.831718624427424,37.98051594448417,37.72942046688841,37.92471694946289,37.92471694946289,642300
29/07/1996,37.868930618963375,37.924729632645544,37.459737851960824,37.5062370300293,37.5062370300293,1297900
30/07/1996,37.757317574881384,37.90611488552131,37.45972295360153,37.86891555786133,37.86891555786133,1868200
31/07/1996,37.89681939599806,38.250213049261355,37.80382106619193,38.14791488647461,38.14791488647461,767100
01/08/1996,38.18511839393231,38.91980527973861,38.12931938994703,38.78030776977539,38.78030776977539,1168600
02/08/1996,39.282488927706865,39.63588253074968,39.13369162116253,39.61728286743164,39.61728286743164,1098500
05/08/1996,39.626603335726216,39.63590317222838,39.26390971214177,39.38480758666992,39.38480758666992,710200
06/08/1996,39.37549006108286,39.58938620454174,39.161593917623975,39.50568771362305,39.50568771362305,640000
07/08/1996,39.6544856124989,39.728884272184644,39.356890973755945,39.60798645019531,39.60798645019531,917800
08/08/1996,39.61728730295923,39.61728730295923,39.39409131815382,39.54288864135742,39.54288864135742,925100
09/08/1996,39.682388185948454,39.73818718503814,39.3196946918655,39.41269302368164,39.41269302368164,648800
12/08/1996,39.43130117860045,39.7939947507621,39.28250381566234,39.70099639892578,39.70099639892578,764200
13/08/1996,39.626603335726216,39.65450284523271,39.2825093851461,39.38480758666992,39.38480758666992,805200
14/08/1996,39.394109532973346,39.56150659897748,39.28251148897059,39.52430725097656,39.52430725097656,533800
15/08/1996,39.42198301474478,39.65447878624009,39.403383353025156,39.44988250732422,39.44988250732422,632600
16/08/1996,39.5615024218887,39.80329815836474,39.5615024218887,39.784698486328125,39.784698486328125,475100
19/08/1996,39.79399530018601,39.831194641434145,39.65449777050553,39.80329513549805,39.80329513549805,436400
20/08/1996,39.8125975980975,39.82189743402324,39.682399895137124,39.77539825439453,39.77539825439453,645700
21/08/1996,39.67309029524117,39.7660886316107,39.50569328977602,39.63589096069336,39.63589096069336,266400
22/08/1996,39.72888617735029,40.08227982780425,39.71028651153692,40.00788116455078,40.00788116455078,584800
23/08/1996,39.93348860378493,39.998587444079874,39.6637934082773,39.79399108886719,39.79399108886719,757100
26/08/1996,39.70098819884967,39.74748736516362,39.53359120011946,39.598690032958984,39.598690032958984,784700
27/08/1996,39.710286782621274,39.784685446382625,39.58008912103891,39.74748611450195,39.74748611450195,389400
28/08/1996,39.84050078980952,39.87770013695219,39.67310372766746,39.682403564453125,39.682403564453125,227600
29/08/1996,39.6358991832846,39.6358991832846,39.059309378178156,39.291805267333984,39.291805267333984,680200
30/08/1996,39.282507081888305,39.29180691784519,38.76171626830266,38.88261413574219,38.88261413574219,1500900
03/09/1996,38.371111198976465,39.18949650811605,38.31531220062604,39.133697509765625,39.133697509765625,1782000
04/09/1996,39.133699103751184,39.728888443732195,38.975601935318736,39.1708984375,39.1708984375,930200
05/09/1996,38.98491588208401,39.14301310775086,38.69662094116211,38.69662094116211,38.69662094116211,616600
06/09/1996,38.83611513833864,39.38480546237168,38.77101628633472,39.24530792236328,39.24530792236328,804900
09/09/1996,39.39409466281149,39.71958883495465,39.32899582838286,39.710289001464844,39.710289001464844,719200
10/09/1996,39.65449301550739,39.82189003105128,39.50569566835727,39.69169235229492,39.69169235229492,669900
11/09/1996,39.61728800820727,39.952081991375216,39.524289679549504,39.91488265991211,39.91488265991211,713500
12/09/1996,40.02648497885545,40.31477982884256,39.97068597563214,40.19388198852539,40.19388198852539,713300
13/09/1996,40.65885804975261,40.84485465565266,40.547260086212574,40.807655334472656,40.807655334472656,2008800
16/09/1996,40.863468339939104,41.161063011508986,40.80766933901975,40.95646667480469,40.95646667480469,1220200
17/09/1996,40.99366966528843,41.058768505501,40.612376458329074,40.86347198486328,40.86347198486328,604700
18/09/1996,40.80768769542948,40.919285747468024,40.60309126669214,40.76118850708008,40.76118850708008,225500
19/09/1996,40.69608113375577,40.9471766983379,40.64028211940418,40.91927719116211,40.91927719116211,410000
20/09/1996,41.03638714764945,41.148559504317284,40.905519398203644,41.064430236816406,41.064430236816406,948400
23/09/1996,40.96159584274709,41.12985433776522,40.774641959393605,41.05507278442383,41.05507278442383,466800
24/09/1996,41.01768750455922,41.42898610305526,40.86812437783339,41.04573059082031,41.04573059082031,1269800
25/09/1996,41.242042433852006,41.242042433852006,40.98030689710045,41.07378387451172,41.07378387451172,1353300
26/09/1996,41.12985433776522,41.39158977446009,40.91485737190872,41.05507278442383,41.05507278442383,773200
27/09/1996,41.1111522028943,41.1111522028943,40.90550296495349,41.09245681762695,41.09245681762695,407600
30/09/1996,41.14854972610056,41.3168082211187,41.0270297019208,41.05507278442383,41.05507278442383,578200
01/10/1996,41.10181654795356,41.307465846123904,40.94290572664012,41.279422760009766,41.279422760009766,561400
02/10/1996,41.42898106542837,41.63463033967012,41.37289489972608,41.55984878540039,41.55984878540039,609000
03/10/1996,41.57855856670876,41.59725396174775,41.400952313838374,41.5224723815918,41.5224723815918,342200
04/10/1996,41.690721227983964,42.08332443237305,41.57854888387279,42.08332443237305,42.08332443237305,754100
07/10/1996,42.06462823712484,42.251582140400956,42.02723745646962,42.130062103271484,42.130062103271484,235100
08/10/1996,42.14874201209701,42.28895738805209,41.887006643647524,41.961788177490234,41.961788177490234,386200
09/10/1996,42.027227585873476,42.10200912962058,41.58788601635923,41.63462448120117,41.63462448120117,528800
10/10/1996,41.63462820664568,41.79353900132753,41.503760493378266,41.550498962402344,41.550498962402344,1562200
11/10/1996,41.70941618177626,42.06462860107422,41.70941618177626,42.06462860107422,42.06462860107422,331300
14/10/1996,42.06464516021281,42.28898993440062,42.05529746128832,42.120731353759766,42.120731353759766,201600
15/10/1996,42.55070875379775,42.55070875379775,41.84963161044651,42.06462860107422,42.06462860107422,776900
16/10/1996,42.17681339471438,42.27029037475586,41.84029626656506,42.27029037475586,42.27029037475586,590100
17/10/1996,42.401149310569274,42.49462627113049,42.20484769339071,42.38245391845703,42.38245391845703,792500
18/10/1996,42.401131777660844,42.66286715900443,42.307654855752425,42.606781005859375,42.606781005859375,695800
21/10/1996,42.64418190015849,42.84983117718688,42.43853262313011,42.55070495605469,42.55070495605469,879200
22/10/1996,42.513326246548544,42.52267394361243,42.232895334632,42.251590728759766,42.251590728759766,848900
23/10/1996,42.15810753465882,42.41049531812573,41.98984901234754,42.39179992675781,42.39179992675781,735900
24/10/1996,42.39179319758433,42.466574751185355,42.00853773537904,42.0272331237793,42.0272331237793,379300
25/10/1996,42.01789012485081,42.214191724989156,41.95245625813802,42.06462860107422,42.06462860107422,568300
28/10/1996,42.10201656333019,42.31701353956389,41.76549955705135,41.78419494628906,41.78419494628906,975400
29/10/1996,41.91508197742095,42.22355604192917,41.700084902157634,42.120731353759766,42.120731353759766,815900
30/10/1996,42.25157091119087,42.25157091119087,41.93374936008899,41.98048782348633,41.98048782348633,495400
31/10/1996,42.036589164380516,42.401149310569274,41.989850684099906,42.38245391845703,42.38245391845703,726300
01/11/1996,42.46658348583342,42.5694081431841,42.03658946418509,42.23289108276367,42.23289108276367,821300
04/11/1996,42.28895345401009,42.51329803466797,42.19547654540264,42.51329803466797,42.51329803466797,1608400
05/11/1996,42.65351922802911,42.95264537646148,42.6441715358906,42.756343841552734,42.756343841552734,764000
06/11/1996,42.83113721162656,43.59764817874864,42.79374643274256,43.57895278930664,43.57895278930664,1665000
07/11/1996,43.44809696614653,43.85004794926708,43.392010782455294,43.68178939819336,43.68178939819336,1446300
08/11/1996,43.69111997641308,43.934160010513786,43.522861491266426,43.92481231689453,43.92481231689453,1355700
11/11/1996,43.822015152010046,43.980926043132946,43.80331975305441,43.87810134887695,43.87810134887695,655900
12/11/1996,43.999603051405686,44.02764613811786,43.681781402001015,43.747215270996094,43.747215270996094,719900
13/11/1996,43.79394885048767,44.008945824566915,43.681776516185465,43.943511962890625,43.943511962890625,481900
14/11/1996,43.78461738128533,44.233306884765625,43.76592198530698,44.233306884765625,44.233306884765625,558800
15/11/1996,44.34547674872293,44.569821487755256,44.10243661477124,44.289390563964844,44.289390563964844,2250900
18/11/1996,44.3735105068177,44.420248984284335,44.111775033004584,44.298728942871094,44.298728942871094,1518200
19/11/1996,44.3548111802698,44.62589432552329,44.2893773176224,44.616546630859375,44.616546630859375,1029300
20/11/1996,44.60720831578408,44.878291518038424,44.45764516971271,44.69133758544922,44.69133758544922,730000
21/11/1996,44.74740501502892,44.775448093166595,44.49501731178977,44.625885009765625,44.625885009765625,653000
22/11/1996,44.69130999688621,45.01847917695126,44.69130999688621,44.97174072265625,44.97174072265625,965100
25/11/1996,45.01848330442933,45.56064942395942,44.915658695552935,45.541954040527344,45.541954040527344,2058800
26/11/1996,45.635450366301434,45.878490454282556,45.14937019033919,45.39241027832031,45.39241027832031,2861800
27/11/1996,45.504578722809576,45.57936028192677,45.252190960789065,45.30827713012695,45.30827713012695,872000
29/11/1996,45.46719573002312,45.59806348089079,45.383066461608195,45.47654342651367,45.47654342651367,1073400
02/12/1996,45.420431026178925,45.54195101040208,45.1026095289799,45.49521255493164,45.49521255493164,1350600
03/12/1996,45.50458203829252,45.813055992126465,44.71937561035156,44.71937561035156,44.71937561035156,1777800
04/12/1996,44.794158127597655,44.90633047683204,44.32677333912105,44.84089660644531,44.84089660644531,2365100
05/12/1996,44.77546178377592,44.953067999619705,44.588507872361404,44.71937561035156,44.71937561035156,1697700
06/12/1996,43.82198700130838,44.71936557471401,43.46677464933531,44.4576301574707,44.4576301574707,3401800
09/12/1996,44.68198642659573,45.12132813413757,44.61655255525971,45.11198043823242,45.11198043823242,1864600
10/12/1996,45.205442706173024,45.27087655624399,44.85023037721633,44.896968841552734,44.896968841552734,1331600
11/12/1996,44.046364409303834,44.64461723659489,43.85941040077538,44.4857063293457,44.4857063293457,1847900
12/12/1996,44.73807100149301,44.794157174917366,43.635042924147385,43.747215270996094,43.747215270996094,2540200
13/12/1996,43.70981951727383,44.018293436022766,43.317216347957,43.85938262939453,43.85938262939453,1678300
16/12/1996,43.9715453627196,44.08371767231838,43.111557655795664,43.29851150512695,43.29851150512695,1831100
17/12/1996,43.167657637703364,43.84069171087674,42.99939911941002,43.64439010620117,43.64439010620117,2023200
18/12/1996,43.89678030342332,44.130472702824,43.83134643159113,43.990257263183594,43.990257263183594,1666800
19/12/1996,44.38284573385226,44.94370730588914,44.20523956937391,44.896968841552734,44.896968841552734,2269300
20/12/1996,45.16457638033745,45.52153434673779,44.93912924366355,44.99549102783203,44.99549102783203,1543200
23/12/1996,45.14583058634678,45.2115860616078,44.68554225951969,44.882808685302734,44.882808685302734,1263700
24/12/1996,44.99550571913237,45.2115592956543,44.967324817846894,45.2115592956543,45.2115592956543,633000
26/12/1996,45.35246025164103,45.58730107730197,45.314885719535276,45.559120178222656,45.559120178222656,1384300
27/12/1996,45.55910529179078,45.7094033711039,45.39001995256351,45.6154670715332,45.6154670715332,410400
30/12/1996,45.765770234257346,45.765770234257346,45.18336511222862,45.22093963623047,45.22093963623047,694100
31/12/1996,45.258528131072524,45.31488993447361,44.39431381225586,44.39431381225586,44.39431381225586,1378100
02/01/1997,44.71369040067712,44.71369040067712,43.73675262721695,44.50703048706055,44.50703048706055,2031900
03/01/1997,44.713690635119185,45.164584994464924,44.53521161787817,45.14579772949219,45.14579772949219,2123200
06/01/1997,45.145795207179766,45.35245511033373,44.67611360910257,44.75126266479492,44.75126266479492,1374100
07/01/1997,44.751277412531635,45.371257326307266,44.563404711387506,45.29610824584961,45.29610824584961,939000
08/01/1997,45.540320986185115,45.55910824731803,44.901554107666016,44.901554107666016,44.901554107666016,1802200
09/01/1997,45.12702650331362,45.615495566213774,45.0518774167136,45.27732467651367,45.27732467651367,1415700
10/01/1997,44.63854540745026,45.8409304689304,44.63854540745026,45.76578140258789,45.76578140258789,2369500
13/01/1997,45.991218590417844,45.991218590417844,45.47456887177549,45.700016021728516,45.700016021728516,1364600
14/01/1997,46.10393255607801,46.52664587413496,45.99120900459615,46.27301788330078,46.27301788330078,2111200
15/01/1997,46.12272668573785,46.4139292371142,45.916066810567536,46.160301208496094,46.160301208496094,1583900
16/01/1997,46.310611959889584,46.470303725268515,45.99122842913173,46.34818649291992,46.34818649291992,1308400
17/01/1997,46.413943680325985,46.742720856770305,46.35758187864981,46.62999725341797,46.62999725341797,1604000
20/01/1997,46.742744123432,46.94940416577836,46.57365863423952,46.68638229370117,46.68638229370117,1889900
21/01/1997,46.517238600192194,47.221760590300114,46.35754694910107,47.062068939208984,47.062068939208984,2785800
22/01/1997,47.080877478709546,47.40026092529297,46.817855816817314,47.40026092529297,47.40026092529297,1201600
23/01/1997,47.53179455110115,47.9075399625723,46.23547288152566,46.74272918701172,46.74272918701172,2601100
24/01/1997,46.8178668441524,46.836654110141225,46.14152526855469,46.14152526855469,46.14152526855469,2176000
27/01/1997,46.216673502487865,46.43272705747917,45.91607725206518,46.010013580322266,46.010013580322266,2108500
28/01/1997,46.667568716241796,46.79907957816357,45.69063088482289,46.14152526855469,46.14152526855469,4376000
29/01/1997,46.21666957486061,46.59241485595703,46.04758419836721,46.59241485595703,46.59241485595703,1122700
30/01/1997,46.81786583335536,47.212398410602745,46.53605684960724,47.19361114501953,47.19361114501953,2126300
31/01/1997,47.45661330270597,47.73842217029923,47.118442661594045,47.137229919433594,47.137229919433594,3208100
03/02/1997,47.32512444689997,47.428454412941235,47.10907088154096,47.27815628051758,47.27815628051758,755000
04/02/1997,47.34388505113068,47.616300262734406,47.15601249140397,47.569332122802734,47.569332122802734,654100
05/02/1997,47.63512608049669,47.77603061435735,46.36698527575067,46.67697525024414,46.67697525024414,2255400
06/02/1997,46.761491350725336,47.015119367292144,46.536044224888165,46.9869384765625,46.9869384765625,2483100
07/02/1997,47.381467535556894,47.64448916343072,46.76148798414001,47.625701904296875,47.625701904296875,2321000
10/02/1997,47.644532368127116,47.813617853660695,47.146669549611595,47.17485046386719,47.17485046386719,1670000
11/02/1997,47.36270361322118,47.719661712646484,46.96817097701426,47.719661712646484,47.719661712646484,1664300
12/02/1997,47.71962820372967,48.480512039261576,47.65387281053555,48.39596939086914,48.39596939086914,2675400
13/02/1997,48.583856890278476,49.03475115376134,48.508707846364665,48.922027587890625,48.922027587890625,1104800
14/02/1997,48.80933761596679,48.978423081149124,48.64025215078446,48.8093376159668,48.8093376159668,1112900
18/02/1997,48.90323470312221,49.26019262066325,48.54627678558117,49.222618103027344,49.222618103027344,833100
19/02/1997,49.091114666413844,49.29777454445845,48.79051848016715,48.89384841918945,48.89384841918945,648100
20/02/1997,48.71538285827043,48.91264915985617,48.18933938737511,48.30206298828125,48.30206298828125,1193900
21/02/1997,48.339633822997286,48.555687374868434,48.17994206726644,48.32084655761719,48.32084655761719,1844400
24/02/1997,48.07660253783124,48.92202931165008,48.07660253783124,48.89384841918945,48.89384841918945,787300
25/02/1997,48.94081681812306,49.01596586506068,48.621433368638186,48.93142318725586,48.93142318725586,1653900
26/02/1997,48.88445381084677,48.95960285590572,47.86994170255095,48.45234680175781,48.45234680175781,1597800
27/02/1997,48.58389359106114,48.58389359106114,47.719678933215505,47.72907257080078,47.72907257080078,1813100
28/02/1997,47.64449273255142,48.02023794337596,47.531769169304056,47.588130950927734,47.588130950927734,2961200
03/03/1997,47.3439099480124,47.945102455288755,47.30633541630763,47.907527923583984,47.907527923583984,1210400
04/03/1997,48.03903327003262,48.17054411590287,47.55056441394312,47.644500732421875,47.644500732421875,1478700
05/03/1997,47.92630348634516,48.45234680175781,47.766611765594895,48.45234680175781,48.45234680175781,1254800
06/03/1997,48.471136048505905,48.640221406814646,48.02024175968259,48.17053985595703,48.17053985595703,1528500
07/03/1997,48.35840008606264,48.79050700213857,48.24567654273849,48.60263442993164,48.60263442993164,1859300
10/03/1997,48.65899203474866,49.10988616943359,48.42415133960026,49.109886169433594,49.109886169433594,1074900
11/03/1997,49.14748573890099,49.17566663668706,48.84688949584961,48.84688949584961,48.84688949584961,624600
12/03/1997,48.884442007814584,48.903229264543185,48.27385616413512,48.41476058959961,48.41476058959961,1055600
13/03/1997,48.2456894311841,48.377200266861,47.53177346608091,47.66328430175781,47.66328430175781,2514100
14/03/1997,47.879347024805405,48.114187847960224,47.64450620165058,47.907527923583984,47.907527923583984,1642700
17/03/1997,47.6445145888584,48.11419631784951,47.15604559070765,48.03904724121094,48.03904724121094,3013500
18/03/1997,48.0954077819233,48.16116322225015,47.32512976666594,47.522396087646484,47.522396087646484,1352500
19/03/1997,47.400260680159704,47.7947931709577,46.930579143495414,47.36268615722656,47.36268615722656,1510000
20/03/1997,47.34389346182061,47.49419153630258,46.817850201133716,47.118446350097656,47.118446350097656,1808200
21/03/1997,47.48749784796361,47.52521627357756,47.28004650708689,47.33662414550781,47.33662414550781,2810600
24/03/1997,47.37433868588071,48.024981474361155,47.12916893949677,47.9966926574707,47.9966926574707,2145600
25/03/1997,47.88354402723766,48.26072830472673,47.39320446650187,47.52521896362305,47.52521896362305,2125800
26/03/1997,47.7138258694001,48.07215104391338,47.4875152328654,47.73268508911133,47.73268508911133,1335300
27/03/1997,47.9024050762127,47.9024050762127,45.959905972728485,46.4691047668457,46.4691047668457,2898500
31/03/1997,46.41251995156258,46.544534433342726,45.41298173237005,45.48841857910156,45.48841857910156,4270700
01/04/1997,45.41298039885186,45.9787567327246,45.29039552651277,45.78073501586914,45.78073501586914,3210900
02/04/1997,45.63928536920739,45.8278774575099,44.92263543365785,44.96035385131836,44.96035385131836,2672700
03/04/1997,44.922662842407995,45.33756568981898,44.77178907971309,45.20555114746094,45.20555114746094,2284200
04/04/1997,44.96035901145479,45.78073468972588,44.75290769051268,45.771305084228516,45.771305084228516,3706700
07/04/1997,45.978751154570226,46.24278007834545,45.950462341308594,45.950462341308594,45.950462341308594,2596200
08/04/1997,45.94102517200274,46.33706849245104,45.77129232038204,46.28049087524414,46.28049087524414,1822700
09/04/1997,46.469127545321484,46.49741638108365,45.771336263188005,45.903350830078125,45.903350830078125,2453200
10/04/1997,45.92218895351763,46.19564757356938,45.67701915622986,45.73359680175781,45.73359680175781,1996500
11/04/1997,45.299807215468036,45.45068084482846,44.281410217285156,44.281410217285156,44.281410217285156,4221600
14/04/1997,44.49832301050656,44.93208500637079,44.24372357815147,44.87550735473633,44.87550735473633,3988500
15/04/1997,45.41296034883861,45.64870038387203,44.960339481574444,45.6392707824707,45.6392707824707,2760400
16/04/1997,45.48842289868523,46.23336183089835,45.41298604479023,46.167354583740234,46.167354583740234,2273300
17/04/1997,46.167371041076514,46.4691185642208,45.86562351793222,45.97877883911133,45.97877883911133,1386000
18/04/1997,46.35595567664321,46.459681370793554,46.01648976851482,46.205081939697266,46.205081939697266,1702100
21/04/1997,46.31825375458992,46.41254987379715,45.54502557709066,45.903350830078125,45.903350830078125,2809400
22/04/1997,45.93159472671585,46.91227340698242,45.86558750785176,46.91227340698242,46.91227340698242,3215000
23/04/1997,46.86516129826925,47.0914719363293,46.58227300069418,46.95945739746094,46.95945739746094,2047700
24/04/1997,47.10089343828342,47.24233756272271,46.39367281608697,46.72370910644531,46.72370910644531,2689900
25/04/1997,46.50682492176335,46.591691390598676,46.120211008180156,46.18621826171875,46.18621826171875,1606200
28/04/1997,46.1673631124346,46.95945022465774,46.091926244603826,46.63884353637695,46.63884353637695,1666500
29/04/1997,47.43091641571512,48.14756644505793,47.25175390837941,48.10984802246094,48.10984802246094,3197400
30/04/1997,47.82696381984536,48.694487611530256,47.808104606982646,48.33616256713867,48.33616256713867,3372200
01/05/1997,48.41158981174231,48.600181902945046,47.864672747254374,48.27957534790039,48.27957534790039,2149500
02/05/1997,48.44932285200516,49.28855791113876,48.31730834832122,49.14711380004883,49.14711380004883,1448300
05/05/1997,49.279122847309715,50.429534823461985,49.062241900985924,50.31637954711914,50.31637954711914,3636200
06/05/1997,50.0712084859632,50.372955881735486,49.78832030242668,50.27865982055664,50.27865982055664,1721100
07/05/1997,50.09007586145694,50.09007586145694,49.12825588068348,49.18483352661133,49.18483352661133,2327200
08/05/1997,49.071640653820864,50.22205190665833,48.99620385035612,49.524261474609375,49.524261474609375,2923700
09/05/1997,50.07121708678045,50.165513164156685,49.279130036820085,49.863765716552734,49.863765716552734,2558200
12/05/1997,50.052355882667364,50.8444429011572,50.014637453215464,50.69356918334961,50.69356918334961,2357900
13/05/1997,50.65584742332689,50.75014349075676,50.09950062549065,50.486114501953125,50.486114501953125,1195100
14/05/1997,50.83499021338137,50.99529346577007,50.354080456215264,50.58039093017578,50.58039093017578,2772000
15/05/1997,50.580406468709306,51.051886767634635,50.40124395511768,50.91987228393555,50.91987228393555,884100
16/05/1997,50.768997364280544,50.882152633294545,50.09006575019656,50.22208023071289,50.22208023071289,1934200
19/05/1997,50.27868591502828,50.637011133477465,50.12781213883915,50.372982025146484,50.372982025146484,1375800
20/05/1997,50.25979803087444,51.108462537962374,49.93919143930789,50.97644805908203,50.97644805908203,1756400
21/05/1997,51.10847777245351,51.287640332910456,50.48612361507677,50.86330795288086,50.86330795288086,1208000
22/05/1997,50.919879760060994,50.976457404238836,50.42954017718633,50.69356918334961,50.69356918334961,907600
23/05/1997,50.91987691415969,51.429075683301285,50.787862418456314,51.16504669189453,51.16504669189453,644400
27/05/1997,50.91987643472949,51.617667334020226,50.853869187499285,51.37249755859375,51.37249755859375,1531000
28/05/1997,51.37247052585748,51.57049216334702,51.00471605623405,51.363040924072266,51.363040924072266,716700
29/05/1997,51.353627562236696,51.44792360990881,50.99530258108263,51.061309814453125,51.061309814453125,1282700
30/05/1997,50.22209362624982,51.63653486619302,50.165515976652095,51.39136505126953,51.39136505126953,2143300
02/06/1997,51.50451253798893,51.598808606348484,51.127328264550705,51.16504669189453,51.16504669189453,1479100
03/06/1997,50.93871885643908,51.5610726965955,50.90100044188414,50.995296478271484,50.995296478271484,1562100
04/06/1997,51.01416899600942,51.1461834813965,50.740710419136164,50.9387321472168,50.9387321472168,1063100
05/06/1997,51.05189392163013,51.48565585742529,50.948168241331295,51.1273307800293,51.1273307800293,1180800
06/06/1997,51.05188276039709,52.16457617852174,51.05188276039709,52.12685775756836,52.12685775756836,1511100
09/06/1997,52.16459287474532,52.42862190592624,52.10801522520655,52.39090347290039,52.39090347290039,1823400
10/06/1997,52.40974154113846,52.74920730139053,52.20229024320664,52.551185607910156,52.551185607910156,1217500
11/06/1997,52.50404943021616,52.74921920126243,52.40032375785044,52.67378234863281,52.67378234863281,1673800
12/06/1997,53.032096860113164,53.71102839886284,52.84350476601603,53.692169189453125,53.692169189453125,4273300
13/06/1997,53.748769969402055,54.31454649539576,53.65447388173644,54.144813537597656,54.144813537597656,2132900
16/06/1997,54.163639068603516,54.31451271503416,53.993906216369034,54.163639068603516,54.163639068603516,800400
17/06/1997,53.97509387347489,54.45600403901424,53.67334631862667,54.08824920654297,54.08824920654297,2048100
18/06/1997,53.786483834055105,54.08823128894462,53.692187754402134,53.89963912963867,53.89963912963867,1971900
19/06/1997,54.07877518624971,54.61626257694129,53.93733113606771,54.45595932006836,54.45595932006836,2029900
20/06/1997,54.488153124612474,54.7342775132921,54.2230960906498,54.27042770385742,54.27042770385742,1396900
23/06/1997,54.16628260880144,54.469204846389985,52.9167283787487,52.954593658447266,52.954593658447266,3991500
24/06/1997,53.46579171025105,54.45028929131799,53.31433054393306,54.298828125,54.298828125,4895100
25/06/1997,54.21366032991517,54.67751040083639,53.27649386009474,53.920204162597656,53.920204162597656,4708900
26/06/1997,53.82553380429113,54.29885014094512,53.12502562604324,53.6551399230957,53.6551399230957,2569900
27/06/1997,53.9012342737932,54.35561770286627,53.730840487890795,53.86336898803711,53.86336898803711,2617900
30/06/1997,53.86338625406427,54.20417393510931,53.23860883881501,53.503665924072266,53.503665924072266,2384900
01/07/1997,53.61730092419908,54.26101145789356,53.55103660455406,54.128482818603516,54.128482818603516,1749000
02/07/1997,54.26096275471362,55.01826858520508,54.05270365132846,55.01826858520508,55.01826858520508,1961800
03/07/1997,55.66193978801035,55.832333481238955,55.41581556445793,55.775535583496094,55.775535583496094,2539100
07/07/1997,55.96489779939376,56.04062837828334,55.07506349744129,55.20759201049805,55.20759201049805,1158600
08/07/1997,55.28333802792044,55.8513175282073,55.245472727901316,55.78505325317383,55.78505325317383,3396500
09/07/1997,55.927033122631485,55.96489841249109,54.54495004275603,55.16972732543945,55.16972732543945,5390300
10/07/1997,55.20759249922762,55.64304333169753,54.81947327898271,55.41585159301758,55.41585159301758,2072200
11/07/1997,55.49155631372219,55.851276399003915,55.359027861249984,55.60515213012695,55.60515213012695,2258900
14/07/1997,55.67140610430083,55.926996644143735,55.26435450381028,55.775535583496094,55.775535583496094,3186400
15/07/1997,55.927030360445066,56.20155369836871,55.415848972587234,56.0595588684082,56.0595588684082,2983100
16/07/1997,56.41930531819661,57.006217554728195,56.27731042226156,56.79795837402344,56.79795837402344,2621300
17/07/1997,56.72222094767457,56.83581685077405,56.211039383726906,56.51396179199219,56.51396179199219,1794800
18/07/1997,56.353009493082084,56.47607166734885,55.16971935590162,55.31171417236328,55.31171417236328,3961900
21/07/1997,55.30228011531425,55.49160664771861,54.942559703745964,55.32121276855469,55.32121276855469,3810300
22/07/1997,55.548382918861314,56.8263365136204,55.51051762716475,56.78847122192383,56.78847122192383,4243400
23/07/1997,56.91152461513027,57.242845866216356,56.66540025718061,56.74113082885742,56.74113082885742,3204300
24/07/1997,56.91155088355635,57.110343725963986,56.15424481724156,57.0062141418457,57.0062141418457,4152700
25/07/1997,57.2902083747131,57.441669599761916,56.72222878078006,56.968353271484375,56.968353271484375,2364800
28/07/1997,57.10088246646497,57.29020899984184,56.64649878636047,56.93048858642578,56.93048858642578,2794700
29/07/1997,56.72220737253707,57.233388814145385,56.59914517363137,57.11979293823242,57.11979293823242,2737100
30/07/1997,57.25231819640134,57.93389341302517,57.19552026168269,57.80136489868164,57.80136489868164,4839800
31/07/1997,57.80136962515409,58.18002255424124,57.57417786770179,57.744571685791016,57.744571685791016,2138700
01/08/1997,57.85816739592762,57.99069592072196,56.83580449037131,57.51737976074219,57.51737976074219,7077700
04/08/1997,57.42272930182835,57.88657924178706,57.19553749450163,57.668853759765625,57.668853759765625,2339500
05/08/1997,57.61206661810087,57.97178704719844,57.49847069312269,57.706729888916016,57.706729888916016,1466700
06/08/1997,57.82029911566355,58.48294170539774,57.593107370611826,58.18001937866211,58.18001937866211,2478200
07/08/1997,58.4640122510566,58.539742836874034,57.630975807064864,57.744571685791016,57.744571685791016,3641900
08/08/1997,57.1387421787982,57.4037992995746,55.983850438272455,56.570762634277344,56.570762634277344,7113100
11/08/1997,56.797947677663,57.11980271450309,56.116372305531044,56.987274169921875,56.987274169921875,6355900
12/08/1997,57.0819213372642,57.280714098140244,56.02169327925863,56.0784912109375,56.0784912109375,6132500
13/08/1997,56.760073017516945,56.85473624803315,55.41585514418682,55.908103942871094,55.908103942871094,6982300
14/08/1997,56.40036855535468,56.53289711523635,55.56733189324135,56.11637878417969,56.11637878417969,3462700
15/08/1997,55.81343040373365,55.81343040373365,54.29881899521985,54.39348220825195,54.39348220825195,4907100
18/08/1997,54.75318350709129,55.605152130126946,54.12840651686515,55.60515213012695,55.60515213012695,5638900
19/08/1997,55.87021427802949,56.28673231060037,55.45369624545862,56.24886703491211,56.24886703491211,3802800
20/08/1997,56.30569322166139,57.13872970510225,56.10690042447665,57.10086441040039,57.10086441040039,3564600
21/08/1997,57.025134732584036,57.100865323198356,55.79451263510131,56.097434997558594,56.097434997558594,5392600
22/08/1997,55.13185901628967,56.18262075234876,54.86680200178828,56.0784912109375,56.0784912109375,8087800
25/08/1997,56.2110422432362,56.58969527283025,55.643062698845135,55.87025451660156,55.87025451660156,3888000
26/08/1997,55.737718320077384,56.07850600002351,54.952013391312704,55.04667663574219,55.04667663574219,4290000
27/08/1997,55.13185112847222,55.71876300518329,54.77213094597189,55.37797546386719,55.37797546386719,5484300
28/08/1997,55.24548169271625,55.69986536667964,54.526040875607535,54.53550720214844,54.53550720214844,4287900
29/08/1997,54.601739395373755,55.19811761692517,54.35561504997158,54.75320053100586,54.75320053100586,2652300
02/09/1997,54.94255149979281,56.561293110141634,54.8857535485525,56.532894134521484,56.532894134521484,7294000
03/09/1997,56.523440430381086,56.94942515980114,56.19211897416549,56.229984283447266,56.229984283447266,2812500
04/09/1997,56.38142060898507,56.77900618077442,56.19209414622823,56.58967971801758,56.58967971801758,2473700
05/09/1997,56.93046803147256,57.21445772900235,56.09743158538516,56.42875289916992,56.42875289916992,3663300
08/09/1997,56.77898761372704,56.94938137448847,56.532863292627184,56.67485809326172,56.67485809326172,803500
09/09/1997,56.47610102225226,57.11981119146331,56.28677450189607,56.70329284667969,56.70329284667969,1885200
10/09/1997,56.41930318390839,56.646495008810035,55.529468536376946,55.52946853637695,55.52946853637695,3623700
11/09/1997,55.60518462041864,55.68091520893811,54.677484911055174,55.24546432495117,55.24546432495117,7055900
12/09/1997,55.73771029853499,56.3246223295318,55.09400032905463,56.13529586791992,56.13529586791992,6708000
15/09/1997,56.135289746361806,56.53287527239,55.8513000849131,56.040626525878906,56.040626525878906,2060500
16/09/1997,56.532879589888005,57.72563625906515,56.36248578000556,57.441646575927734,57.441646575927734,6979000
17/09/1997,57.78243419569263,57.858164777862605,57.25232012050279,57.441646575927734,57.441646575927734,2220000
18/09/1997,57.555249936861564,58.388286449105614,57.53631728885602,57.68777847290039,57.68777847290039,5045400
19/09/1997,57.55735613601218,57.98490335062436,57.40533934859452,57.78538131713867,57.78538131713867,1566400
22/09/1997,58.070398064981966,58.497945171154115,57.899379222513105,58.108402252197266,58.108402252197266,3259000
23/09/1997,58.10838304336688,58.19389243633456,57.61432877288698,57.84235382080078,57.84235382080078,1872800
24/09/1997,57.994378538785604,58.44092765269827,57.32930539040503,57.3673095703125,57.3673095703125,2793100
25/09/1997,57.31033769013327,57.61437131183158,56.93029566301037,56.968299865722656,56.968299865722656,6327800
26/09/1997,57.424345831030294,57.65237102956516,57.27232903200705,57.4433479309082,57.4433479309082,3995800
29/09/1997,57.462326189793586,58.10839731758888,57.25330317785981,57.994384765625,57.994384765625,2065000
30/09/1997,57.76637156909664,58.18441767913616,57.3863296508789,57.386329650878906,57.386329650878906,4137600
01/10/1997,57.918390550800396,58.26042829027362,57.63335910123937,58.14641571044922,58.14641571044922,3567500
02/10/1997,58.08942512757676,58.48846926486139,57.956410415148554,58.46946716308594,58.46946716308594,2577500
03/10/1997,59.26755563771427,59.43857455427067,57.97541271262143,58.763999938964844,58.763999938964844,6499900
06/10/1997,59.1725360344661,59.35305597419874,58.92550874851618,59.153533935546875,59.153533935546875,2272100
07/10/1997,59.30555337800257,59.894618470831176,59.10603133043159,59.70459747314453,59.70459747314453,1832800
08/10/1997,59.80910248634143,59.818603535187556,58.820993406344684,59.28654479980469,59.28654479980469,4439400
09/10/1997,58.84947430355137,59.353029702015725,58.50743667440577,59.07749938964844,59.07749938964844,3607600
10/10/1997,58.56447539544875,58.97302056774017,58.52647119337513,58.90651321411133,58.90651321411133,2858100
13/10/1997,59.1915184584042,59.31503206032382,58.81147660634382,58.96349334716797,58.96349334716797,1760300
14/10/1997,59.2675104055208,59.28651249285826,58.48842482468516,58.982479095458984,58.982479095458984,2235700
15/10/1997,58.56444069921181,59.02049085391041,58.5454386094327,58.84947204589844,58.84947204589844,2601700
16/10/1997,59.17253059477317,59.28654317780742,57.76637540401749,57.918392181396484,57.918392181396484,9488100
17/10/1997,57.77589897545197,57.994423178121835,56.55026323004278,57.329349517822266,57.329349517822266,8151300
20/10/1997,57.67136329451417,58.22242409699882,57.253317168491336,58.14641571044922,58.14641571044922,3636400
21/10/1997,58.50746498040653,59.28655106816121,58.393452382198525,59.27705001831055,59.27705001831055,5225400
22/10/1997,59.19151131973685,59.22001445520382,58.69745697164274,58.88747787475586,58.88747787475586,4485200
23/10/1997,57.72835540771485,58.22240979895928,57.32931147632512,57.728355407714844,57.728355407714844,8054100
24/10/1997,58.469446874679406,58.469446874679406,56.958780307719046,57.158302307128906,57.158302307128906,6778700
27/10/1997,56.55972077154344,57.12028242541897,52.806808004071634,53.015830993652344,53.015830993652344,10840700
28/10/1997,51.30565091336391,56.47422019056206,51.30565091336391,56.07517623901367,56.07517623901367,19548000
29/10/1997,56.24618079198124,57.0062643161972,55.50509935587068,55.92314529418945,55.92314529418945,10134400
30/10/1997,55.10610709014744,56.284237655523,54.574048125139115,54.68806076049805,54.68806076049805,9772900
31/10/1997,55.828124010716664,56.246169867842525,54.992032296464956,55.980140686035156,55.980140686035156,7072700
03/11/1997,56.66424783239974,57.3863274493116,56.47422688058082,57.158302307128906,57.158302307128906,5548500
04/11/1997,57.08229392640134,57.42433163967539,56.721254117945406,57.158302307128906,57.158302307128906,3455700
05/11/1997,57.272334488754325,57.937408047847356,57.06331137018223,57.34834289550781,57.34834289550781,4774900
06/11/1997,57.177307944755356,57.3673289083471,56.85427230664939,57.12980270385742,57.12980270385742,3679800
07/11/1997,56.170180838302066,56.702239384808315,55.600118109902525,56.5122184753418,56.5122184753418,10606800
10/11/1997,56.9302919824004,57.06330668329386,55.94218277576327,56.17020797729492,56.17020797729492,4347900
11/11/1997,56.3602278821969,56.58825307929278,55.961183787279126,56.189208984375,56.189208984375,3212400
12/11/1997,55.7141776269312,56.37925137077247,54.95409334825547,55.03010177612305,55.03010177612305,6775300
13/11/1997,55.61911726939264,56.03716324818548,54.783025311806966,55.82814025878906,55.82814025878906,8589600
14/11/1997,56.13217235588243,56.787744443315724,55.70462534233898,56.58822250366211,56.58822250366211,5827900
17/11/1997,57.38631935509525,57.95638213014587,57.17729633757669,57.63334655761719,57.63334655761719,5149900
18/11/1997,57.6523502099253,57.823369047067466,57.09178846595931,57.272308349609375,57.272308349609375,3433600
19/11/1997,56.968270065997764,57.804362088313944,56.39820732350946,57.557334899902344,57.557334899902344,4387900
20/11/1997,57.95638610095512,58.69746775929521,57.93738400715153,58.43143844604492,58.43143844604492,4822700
21/11/1997,58.75447029784052,58.86848285339907,58.165405427454665,58.83047866821289,58.83047866821289,5436500
24/11/1997,58.37442819695724,58.58345121458957,57.5383361264279,57.766361236572266,57.766361236572266,4337200
25/11/1997,58.14641734746497,58.260429930499214,57.55735233512137,57.918392181396484,57.918392181396484,4525000
26/11/1997,58.298405136592564,58.36491244362583,57.95636755756432,58.08938217163086,58.08938217163086,2681100
28/11/1997,58.22242409699882,58.52645764319725,58.12741361381181,58.14641571044922,58.14641571044922,1564700
01/12/1997,58.50743098530886,59.64755630493163,58.393418453346584,59.64755630493164,59.64755630493164,4850900
02/12/1997,59.400557385958166,59.58107731403449,59.13452801826673,59.28654479980469,59.28654479980469,1974900
03/12/1997,59.36255481655356,59.91361566472259,58.90650445944815,59.45756530761719,59.45756530761719,3302500
04/12/1997,59.89461302070838,60.02762770698533,59.21053749128404,59.40055847167969,59.40055847167969,2872500
05/12/1997,59.210543349959465,60.19865254578677,59.058526550601414,60.160648345947266,60.160648345947266,3458800
08/12/1997,60.17964883223719,60.19865093164743,59.742600545801615,59.989627838134766,59.989627838134766,2289200
09/12/1997,59.72360395063178,59.951629164569916,59.36256402856305,59.62859344482422,59.62859344482422,1703000
10/12/1997,59.32451290717963,59.4955316823765,58.65943989252516,59.1154899597168,59.1154899597168,3558400
11/12/1997,58.564452498780895,58.735471341249756,57.95638550333606,58.108402252197266,58.108402252197266,5072800
12/12/1997,58.64046199141221,58.678466179352206,57.70935938688233,58.222415924072266,58.222415924072266,4478400
15/12/1997,58.5264728404401,59.04903063365831,58.29844762158124,58.81150436401367,58.81150436401367,4674700
16/12/1997,59.11548672567672,59.47652634245199,58.90646378964893,59.17249298095703,59.17249298095703,2885800
17/12/1997,59.49555357015079,59.51455566327444,58.80197717113754,58.86848449707031,58.86848449707031,2236300
18/12/1997,58.94446795735863,58.94446795735863,57.89935327726362,58.298397064208984,58.298397064208984,4658300
19/12/1997,57.71006449904726,58.530405911760994,56.39370269725081,57.86268615722656,57.86268615722656,8556000
22/12/1997,58.26330817595161,58.54947373673723,57.729132462485126,58.23469161987305,58.23469161987305,5136800
23/12/1997,58.263332494184766,58.3777987662755,57.09959206126228,57.19498062133789,57.19498062133789,4436500
24/12/1997,57.65284559263279,57.65284559263279,56.92789253753019,57.02328109741211,57.02328109741211,2019200
26/12/1997,57.46204820866189,57.46204820866189,57.02326098794502,57.252193450927734,57.252193450927734,941800
29/12/1997,57.74821661032883,58.435014032850084,57.6528280794231,58.37778091430664,58.37778091430664,2080000
30/12/1997,58.568568910871235,59.36983272007534,58.51133578164237,59.293521881103516,59.293521881103516,3616000
31/12/1997,59.14090101901593,59.59876605916315,59.02643475897912,59.255367279052734,59.255367279052734,4359500
02/01/1998,59.40799004202237,59.61784485591519,58.93104728317505,59.560611724853516,59.560611724853516,2360900
05/01/1998,59.73231588517869,60.094792410831325,59.083673681379246,59.69416046142578,59.69416046142578,4191800
06/01/1998,59.36980228851506,59.38887998847924,58.72116048973309,58.740238189697266,58.740238189697266,3154900
07/01/1998,58.66395460968462,59.04550878600778,58.12977876283222,58.892887115478516,58.892887115478516,4424200
08/01/1998,58.79749045029185,58.79749045029185,58.22515926485748,58.37778091430664,58.37778091430664,3831000
09/01/1998,58.14885339239762,58.30147505484486,56.10753865716581,56.35554885864258,56.35554885864258,10258800
12/01/1998,55.63058576178044,57.50020078395276,55.497041831625275,57.38573455810547,57.38573455810547,12097900
13/01/1998,57.76728697729892,58.22515186747567,57.519276828453194,58.18699645996094,58.18699645996094,5224900
14/01/1998,58.415961392554536,58.58766082185989,57.824552247169436,58.45411682128906,58.45411682128906,3770400
15/01/1998,58.30147693226638,58.45409859962833,57.881767347021004,57.96761703491211,57.96761703491211,2875400
16/01/1998,58.75932231806533,59.02641014678381,58.39684597909025,58.79747772216797,58.79747772216797,4374800
20/01/1998,59.02644686497948,59.837249706531395,58.91198058146627,59.751399993896484,59.751399993896484,5091700
21/01/1998,59.350711560572144,59.63687699721907,58.70206990417245,59.179012298583984,59.179012298583984,4699400
22/01/1998,58.70213994454089,59.14092747093817,58.53044047768978,58.65444564819336,58.65444564819336,4543400
23/01/1998,58.91196796032039,59.083667348805776,57.99623788839831,58.56856918334961,58.56856918334961,6350300
26/01/1998,58.83563110073045,59.055024666767544,58.24422235750002,58.53038787841797,58.53038787841797,4362900
27/01/1998,58.492242840806604,59.52243889866817,58.396854316930536,59.12180709838867,59.12180709838867,7044200
28/01/1998,59.46521733048857,59.89446577127651,59.331673371132325,59.6559944152832,59.6559944152832,4268600
29/01/1998,59.7322945521988,60.78156833066285,59.56059520663195,59.98030471801758,59.98030471801758,8007700
30/01/1998,60.30464022370258,60.41910648164064,59.827697482293985,60.01847457885742,60.01847457885742,3649100
02/02/1998,60.99140890215694,61.3538852140559,60.89602039902564,61.0104866027832,61.0104866027832,5756300
03/02/1998,61.048693097503495,61.544713728920705,60.87699364816677,61.46840286254883,61.46840286254883,2759600
04/02/1998,61.220367576262454,61.75454342298585,61.010512779335414,61.392066955566406,61.392066955566406,3374000
05/02/1998,61.849940480284424,62.021639883221674,61.067754311348075,61.353919982910156,61.353919982910156,5076200
06/02/1998,61.65916763812413,62.04072189331055,61.46839051053093,62.04072189331055,62.04072189331055,5701200
09/02/1998,62.09794808669945,62.11702579732516,61.4874613466766,61.83086013793945,61.83086013793945,2322200
10/02/1998,61.92623987874076,62.55580423980005,61.77361821545366,62.42226028442383,62.42226028442383,3660400
11/02/1998,62.32686152768886,62.47948316595685,62.08839021789513,62.36501693725586,62.36501693725586,4073200
12/02/1998,62.09793859453343,62.84196919520526,61.58284048637601,62.63211441040039,62.63211441040039,5024700
13/02/1998,62.38412341650795,62.584439409129764,62.19334628067765,62.269657135009766,62.269657135009766,2101300
17/02/1998,62.765682546103875,62.93738198164033,62.36505052985215,62.57490539550781,62.57490539550781,3055500
18/02/1998,62.46038908713533,63.17580282897027,62.44131138735307,63.147186279296875,63.147186279296875,3007400
19/02/1998,63.03277110546578,63.12815968159391,62.727527661855774,62.813377380371094,62.813377380371094,3387800
20/02/1998,62.97549559231224,63.318894235348175,62.49855303254011,63.280738830566406,63.280738830566406,3707000
23/02/1998,63.64325962925817,63.64325962925817,63.09000587348824,63.52879333496094,63.52879333496094,3227800
24/02/1998,63.43334650589248,63.54781269507605,62.84193786177739,63.03271484375,63.03271484375,3386800
25/02/1998,63.33800621773987,64.0248038755226,63.261695366875124,63.81494903564453,63.81494903564453,3481800
26/02/1998,63.757696757276904,64.2346394320022,63.605075101364804,64.17740631103516,64.17740631103516,3187600
27/02/1998,64.0820177760901,64.42541650189231,63.81492987824394,64.17740631103516,64.17740631103516,3442900
02/03/1998,64.25373912603328,64.55898254230898,63.87218485568867,64.04388427734375,64.04388427734375,4252300
03/03/1998,63.814940170089216,64.4826600223921,63.814940170089216,64.4063491821289,64.4063491821289,3349200
04/03/1998,64.15831354990841,64.34909057503452,63.7576817971436,63.98661422729492,63.98661422729492,4404100
05/03/1998,63.18538974115658,63.7577211699714,62.975534883924475,63.39524459838867,63.39524459838867,7268000
06/03/1998,63.833997167176555,64.67341613769531,63.757686351674856,64.67341613769531,64.67341613769531,6896300
09/03/1998,64.42542607435607,64.84513569047566,64.25372668594352,64.44450378417969,64.44450378417969,3362800
10/03/1998,64.84515307026524,65.22670736900173,64.67345363583382,65.05500793457031,65.05500793457031,5481900
11/03/1998,65.3029734983962,65.5128282189578,65.18850728718078,65.3602066040039,65.3602066040039,3439600
12/03/1998,65.37928631582925,65.68452955512113,65.01680996917015,65.6272964477539,65.6272964477539,3191300
13/03/1998,65.83719868544486,65.93258726655968,65.24578948253301,65.37933349609375,65.37933349609375,2879400
16/03/1998,65.83717958040656,66.16150066208344,65.6464024735378,66.08518981933594,66.08518981933594,3223600
17/03/1998,66.12334115352861,66.27596282958984,65.72270925386788,66.27596282958984,66.27596282958984,4581900
18/03/1998,66.08516151159104,66.5239486694336,65.95161759398678,66.5239486694336,66.5239486694336,1944100
19/03/1998,66.5240173579899,66.7720277467636,66.3332401358563,66.69571685791016,66.69571685791016,2554800
20/03/1998,67.078610421312,67.4612607945083,66.65769501079608,67.26993560791016,67.26993560791016,3123300
23/03/1998,67.17429515790776,67.53781313227411,66.98296990824126,67.11689758300781,67.11689758300781,4453100
24/03/1998,67.38471382361067,67.84389415630989,67.3081837681608,67.69083404541016,67.69083404541016,3333600
25/03/1998,68.20747811608281,68.28400824580632,66.84906831349042,67.44217681884766,67.44217681884766,4597600
26/03/1998,67.26998767100238,67.80569860808659,67.11692740326404,67.40391540527344,67.40391540527344,3333500
27/03/1998,67.80566848180722,67.82480100677385,66.73424708367482,67.11689758300781,67.11689758300781,2611300
30/03/1998,67.11693175642816,67.40391977705141,66.71514852755558,67.07866668701172,67.07866668701172,3108700
31/03/1998,67.44211700031742,68.07349001053316,67.19339429932334,67.30818939208984,67.30818939208984,5926500
01/04/1998,67.53778332600419,68.0065299808164,66.98294034683872,67.85346984863281,67.85346984863281,2929000
02/04/1998,67.9204496545938,68.72401553783124,67.80565452841701,68.590087890625,68.590087890625,3920900
03/04/1998,68.7814338042476,69.0684217060734,68.47531337563343,68.93449401855469,68.93449401855469,3787600
06/04/1998,69.33625710630925,69.41278719141555,68.37963104248047,68.37963104248047,68.37963104248047,4550500
07/04/1998,68.41792458117847,68.53271975665025,67.44216558966838,67.92047882080078,67.92047882080078,5583700
08/04/1998,68.09263910396241,68.13090414420066,67.19341065836358,67.53779602050781,67.53779602050781,4854800
09/04/1998,67.69086638563734,68.13091441471299,67.67173386263406,68.07351684570312,68.07351684570312,4481200
13/04/1998,68.18833789158836,68.18833789158836,67.34650655959344,67.88221740722656,67.88221740722656,4350200
14/04/1998,68.03526877610626,68.45618438720703,67.90134108166511,68.45618438720703,68.45618438720703,3279100
15/04/1998,68.55184407909313,68.64750671386719,68.054398378268,68.64750671386719,68.64750671386719,3867200
16/04/1998,68.15003051155378,68.26482562190452,67.65258503336726,67.84391021728516,67.84391021728516,7177900
17/04/1998,67.78653026509677,68.83881904990633,67.6143375548552,68.74315643310547,68.74315643310547,5688800
20/04/1998,68.57098456639756,68.91537009156362,68.49445444969399,68.72404479980469,68.72404479980469,3688300
21/04/1998,68.83881289174796,69.2788608896663,68.51356002372135,69.04927062988281,69.04927062988281,4573200
22/04/1998,69.10668815450465,69.4510736436467,69.06842310015553,69.24061584472656,69.24061584472656,2386100
23/04/1998,68.95359610659735,69.18318632670811,68.41788559300558,68.5709457397461,68.5709457397461,5062000
24/04/1998,68.41788576903883,68.85793369205,67.55692244140832,67.84391021728516,67.84391021728516,11039700
27/04/1998,66.9638558892417,67.15518119178239,65.89243419501383,66.56207275390625,66.56207275390625,14510200
28/04/1998,67.21255328453472,67.23168580753061,66.19852956575296,66.46638488769531,66.46638488769531,6511400
29/04/1998,66.75339013389208,67.32736597339245,66.38987210220851,66.92558288574219,66.92558288574219,7703100
30/04/1998,67.69087630793047,68.52314118056896,67.59521367889155,68.169189453125,68.169189453125,8684500
01/05/1998,68.41791579526827,68.93449401855469,68.15006042023087,68.93449401855469,68.93449401855469,4008800
04/05/1998,69.01099079452625,69.3745086279324,68.66660547866779,68.76226806640625,68.76226806640625,4537200
05/05/1998,68.57099218093305,68.66665483743546,68.0352813045195,68.28400421142578,68.28400421142578,5146400
06/05/1998,68.64746831813345,68.64746831813345,67.4612523104065,67.48038482666016,67.48038482666016,5526100
07/05/1998,67.65260554354816,67.69087059193252,66.9447021484375,66.9447021484375,66.9447021484375,6940400
08/05/1998,67.34647701508014,68.18830797776864,67.34647701508014,68.03524780273438,68.03524780273438,7951000
11/05/1998,68.30311736457773,68.70490040789878,67.57608138142535,67.80567169189453,67.80567169189453,6336300
12/05/1998,67.84394384029522,68.55184737162375,67.55695592218908,68.53271484375,68.53271484375,6045200
13/05/1998,68.6092400164433,68.91536044038727,68.32225211899582,68.70490264892578,68.70490264892578,4441500
14/05/1998,68.28396643812904,68.99186970464929,68.16917131382846,68.3604965209961,68.3604965209961,4187500
15/05/1998,68.57099084400507,68.70491856049726,67.84395466876171,67.9778823852539,67.9778823852539,6716100
18/05/1998,67.7865520907378,68.32226291730869,67.24127499940671,67.71002197265625,67.71002197265625,4847200
19/05/1998,67.9587316692394,68.37964723701059,67.82480398858493,68.169189453125,68.169189453125,5918700
20/05/1998,68.62836926322133,68.87709209578946,67.88220076551694,68.81969451904297,68.81969451904297,5716600
21/05/1998,68.80054651056513,69.04926928716061,68.15004078716157,68.37963104248047,68.37963104248047,6301500
22/05/1998,68.41791393837232,68.60923920106352,67.9204682553752,68.1117935180664,68.1117935180664,4862200
26/05/1998,68.62837245809395,68.62837245809395,66.8490474961194,67.021240234375,67.021240234375,6899300
27/05/1998,66.44725920917507,67.28909030770767,65.86371719769225,67.11689758300781,67.11689758300781,10202600
28/05/1998,67.26995920620766,67.57607961215172,66.77251354654855,67.42301940917969,67.42301940917969,4907600
29/05/1998,67.72916182094059,67.8439570104676,66.75340270996094,66.75340270996094,66.75340270996094,4772600
01/06/1998,66.71511619012807,67.48041720750838,66.46639335947948,67.05950164794922,67.05950164794922,6092200
02/06/1998,67.34648788260762,67.55694565724076,66.82990970850807,67.11689758300781,67.11689758300781,6701100
03/06/1998,67.26999932175302,67.46132468956232,66.04551696777344,66.04551696777344,66.04551696777344,6445100
04/06/1998,66.27504463759976,67.38473071986905,66.16024952564088,67.26993560791016,67.26993560791016,6566300
05/06/1998,67.57605478593281,68.5709457397461,67.2699344924518,68.5709457397461,68.5709457397461,8463200
08/06/1998,68.53271085430124,68.85796380922115,68.36051811346128,68.49444580078125,68.49444580078125,4159900
09/06/1998,68.39878222498182,68.82926407115302,68.20745696001683,68.70490264892578,68.70490264892578,2725300
10/06/1998,68.34138453701686,69.22148075445885,68.1117942194233,68.26485443115234,68.26485443115234,6186900
11/06/1998,68.22660088014752,68.49445629582954,66.96385392050374,66.98298645019531,66.98298645019531,8056600
12/06/1998,67.2699411129911,67.61432647705078,66.27505006126313,67.61432647705078,67.61432647705078,9779000
15/06/1998,66.6194786996351,67.28911734250907,65.8159123281863,65.83504486083984,65.83504486083984,10234200
16/06/1998,66.37072408247076,66.86816969392774,65.96894108860167,66.84903717041016,66.84903717041016,7471500
17/06/1998,67.44213120289668,68.43702221638621,67.3082035664654,68.24569702148438,68.24569702148438,12057700
18/06/1998,68.07351047319278,68.2265706428908,67.80565517622126,67.93958282470703,67.93958282470703,3844600
19/06/1998,68.21337117720977,68.31893491988694,67.33047442027346,67.59918212890625,67.59918212890625,3549100
22/06/1998,67.7143561758541,68.21338487783035,67.59919570616728,67.92548370361328,67.92548370361328,5438300
23/06/1998,68.23256926442018,68.82756494576955,68.17498903719282,68.73159790039062,68.73159790039062,5004600
24/06/1998,68.88511130447787,69.82558788679033,68.54922681079485,69.65284729003906,69.65284729003906,8291900
25/06/1998,69.95995169083388,70.28623953136726,69.2881826073828,69.5376968383789,69.5376968383789,5854800
26/06/1998,69.59529404433106,69.92158196456096,69.48013360189697,69.82561492919922,69.82561492919922,4833100
29/06/1998,70.17110895947279,70.43981670712941,69.89280450654272,70.07514190673828,70.07514190673828,5953400
30/06/1998,69.95998886495549,70.13272957820229,69.44176672521507,69.5953140258789,69.5953140258789,4284800
01/07/1998,70.05593924901997,70.59335467339602,69.78723153683195,70.40142059326172,70.40142059326172,3489500
02/07/1998,70.45897773586974,70.55494474449937,70.17107670998087,70.53575134277344,70.53575134277344,3503900
06/07/1998,70.49739058880971,71.24593353271484,70.36303672708314,71.24593353271484,71.24593353271484,3144400
07/07/1998,71.23630648161236,71.32267678449993,70.80445496717445,71.1115493774414,71.1115493774414,4920700
08/07/1998,71.16912677433713,71.82170237043407,71.09235317479632,71.62976837158203,71.62976837158203,6875000
09/07/1998,71.41863279957511,71.6873403672166,71.01557144811284,71.1499252319336,71.1499252319336,6942500
10/07/1998,71.26507542975826,71.82168388315523,70.67008018647182,71.53378295898438,71.53378295898438,7849700
13/07/1998,71.5914263745746,71.76416708164462,71.28433178422789,71.55303955078125,71.55303955078125,6555100
14/07/1998,71.82170799113712,72.57025064524036,71.82170799113712,72.35912322998047,72.35912322998047,6983600
15/07/1998,72.51269359319983,72.64704744580766,72.18640566543795,72.22479248046875,72.22479248046875,4977500
16/07/1998,72.28236757642395,72.83897635489349,71.8984994533415,72.72381591796875,72.72381591796875,6315600
17/07/1998,72.85818815256461,73.08850908455375,72.66625404257366,72.8198013305664,72.8198013305664,3539500
20/07/1998,72.93496179656098,73.23245966704695,72.43593311058451,72.8198013305664,72.8198013305664,2338400
21/07/1998,73.08851250251476,73.08851250251476,71.41868566750458,71.55303955078125,71.55303955078125,5518600
22/07/1998,71.45707249129791,71.85053743517962,70.95804378198453,71.55303955078125,71.55303955078125,10417300
23/07/1998,71.43786507091303,71.61060574410976,69.95997264467437,70.1327133178711,70.1327133178711,15110900
24/07/1998,70.61255740205152,70.68933104423914,69.3265988954091,70.07514190673828,70.07514190673828,11540500
27/07/1998,69.78719784858794,70.63170739351034,69.30736287988202,70.57412719726562,70.57412719726562,9600000
28/07/1998,70.28628390194798,70.42063780345363,68.71242391288197,69.38419342041016,69.38419342041016,13693000
29/07/1998,69.84478193228524,70.0942961298999,68.94269214090922,69.11543273925781,69.11543273925781,7462400
30/07/1998,69.78723410881658,70.38222977916128,69.65288024777101,70.15190887451172,70.15190887451172,6821600
31/07/1998,70.22868282541003,70.32464986944585,68.3669221711152,68.65482330322266,68.65482330322266,7680500
03/08/1998,68.65482925766308,69.04829417233519,68.19418740633965,68.36692810058594,68.36692810058594,10486500
04/08/1998,68.92352244341484,68.92352244341484,65.71822357177734,65.71822357177734,65.71822357177734,15091600
05/08/1998,66.29401244941344,66.86981452627575,64.85450725725768,66.62030029296875,66.62030029296875,21718400
06/08/1998,66.40920493497427,67.25371505553464,66.06372352201775,66.90823364257812,66.90823364257812,13084400
07/08/1998,67.36885778682748,67.92546658335682,66.6203149225294,67.02337646484375,67.02337646484375,12083800
10/08/1998,66.79302013414795,67.34962863526586,66.44753899552306,66.63947296142578,66.63947296142578,6273000
11/08/1998,65.58389924701892,65.98696096319901,64.79696922971492,65.6414794921875,65.6414794921875,14287100
12/08/1998,66.17887454611464,66.86983727339427,66.02532727338584,66.75467681884766,66.75467681884766,11158400
13/08/1998,66.83141317134408,67.34963492769856,65.94851684570312,65.94851684570312,65.94851684570312,9073900
14/08/1998,66.54355647173591,66.77387740558675,64.96969675708857,65.18082427978516,65.18082427978516,8628500
17/08/1998,65.10403755654376,66.90821784260363,64.79694303976761,66.56273651123047,66.56273651123047,11290000
18/08/1998,66.94661995184651,67.92548394770206,66.81226607006242,67.79113006591797,67.79113006591797,7603900
19/08/1998,68.23258215075624,68.23258215075624,67.33049175382642,67.61839294433594,67.61839294433594,6258600
20/08/1998,67.36885639410711,67.81030474084912,67.04256848564562,67.2153091430664,67.2153091430664,7402800
21/08/1998,66.44757371286448,66.77386162537711,64.79694074368298,66.67789459228516,66.67789459228516,16685400
24/08/1998,67.10017395019531,67.52242904942423,66.52437154215588,67.10017395019531,67.10017395019531,7201700
25/08/1998,67.79108490791495,68.32850007706037,66.72585126907313,67.25366973876953,67.25366973876953,9688300
26/08/1998,66.50516014011527,67.33047670173863,66.1788721971479,66.86983489990234,66.86983489990234,9339700
27/08/1998,65.71824079766331,66.0637222037258,63.54938530404884,63.72212600708008,63.72212600708008,24887800
28/08/1998,64.47066615541728,64.93130800946015,62.743259202756505,63.49180221557617,63.49180221557617,23735900
31/08/1998,63.722111731767654,63.8852556925267,58.347957730293274,58.9621467590332,58.9621467590332,22563100
01/09/1998,59.000527171624,61.76437750106897,57.50344157650797,61.45728302001953,61.45728302001953,24748500
02/09/1998,61.3037243867378,62.49371527965506,60.670342137281835,61.01582336425781,61.01582336425781,13843200
03/09/1998,59.96019337036674,61.03502398135923,59.4227780648705,60.53599548339844,60.53599548339844,17311300
04/09/1998,61.07338489230026,61.303705639851366,58.80856420804777,60.03694152832031,60.03694152832031,17783800
08/09/1998,61.95632656338145,63.261478424072266,61.303750633036046,63.261478424072266,63.261478424072266,14746500
09/09/1998,63.107919351378484,63.33824022492366,61.687607297849894,61.72599411010742,61.72599411010742,12109700
10/09/1998,60.45923662669768,61.01584547183236,59.46117938714585,60.497623443603516,60.497623443603516,19889300
11/09/1998,60.30567992854572,62.45534133911132,59.576330521389536,62.45534133911133,62.45534133911133,20379800
14/09/1998,63.18468915126835,64.15395610210038,62.70485402709408,63.53017044067383,63.53017044067383,10686800
15/09/1998,63.18471660900402,64.067613621159,62.8200417561574,63.914066314697266,63.914066314697266,8337900
16/09/1998,64.33632085890997,64.64341546921503,63.357456788562594,64.4898681640625,64.4898681640625,11024900
17/09/1998,62.80082890566658,63.28066408984802,62.512927795157715,62.647281646728516,62.647281646728516,12945200
18/09/1998,63.099715766171116,63.118976973669945,62.310006258719035,62.92636489868164,62.92636489868164,7019200
21/09/1998,61.40468264896691,63.735286977864334,60.9809364073492,62.887794494628906,62.887794494628906,8834600
22/09/1998,63.793076062115546,63.88938203443154,62.96484470019798,63.40785217285156,63.40785217285156,7270100
23/09/1998,64.02422052009084,65.9503402709961,63.96643692756367,65.9503402709961,65.9503402709961,13688500
24/09/1998,65.52657612326617,65.83475519968364,63.638979280209114,64.33238220214844,64.33238220214844,11129500
25/09/1998,63.56197535562858,64.97767389764032,63.25379608117705,64.25537872314453,64.25537872314453,10247400
28/09/1998,64.91026626197059,65.52662487336022,64.2553852373691,64.83322143554688,64.83322143554688,8847800
29/09/1998,64.94874913554735,65.29545064338835,63.716032663223785,64.67909240722656,64.67909240722656,10618100
30/09/1998,63.79309327596529,64.29388446714135,62.4833316990433,62.7144660949707,62.7144660949707,7908400
01/10/1998,61.65509063242961,62.58925867231491,60.460896437112325,60.90390396118164,60.90390396118164,13335600
02/10/1998,60.94242771774798,62.17514433403618,59.92158426988431,62.07883834838867,62.07883834838867,14351800
05/10/1998,61.38542936903681,61.61656371244077,59.38226505953576,60.82685470581055,60.82685470581055,12807200
06/10/1998,62.09811160515303,62.42555201994447,60.11420791553431,60.76908874511719,60.76908874511719,12621000
07/10/1998,60.78829876520459,61.65505207459439,59.01626977711877,59.86376190185547,59.86376190185547,14348500
08/10/1998,58.28437638321342,59.63266004045894,56.839786750450365,59.536354064941406,59.536354064941406,20625000
09/10/1998,59.78673902149243,60.88462694811133,57.976187002155996,60.73053741455078,60.73053741455078,12708500
12/10/1998,62.02106233759573,62.52185352417259,61.44322635308397,61.6165771484375,61.6165771484375,9508500
13/10/1998,61.36618264795396,61.88623504327561,60.86539145245905,61.40470504760742,61.40470504760742,6256800
14/10/1998,60.980954001304006,62.7529842502364,60.92317040623012,61.98253631591797,61.98253631591797,8176900
15/10/1998,61.712883461333774,66.10443696607288,61.59731626384064,65.31472778320312,65.31472778320312,20541100
16/10/1998,65.41102916789505,65.79625313237028,64.71762603183963,65.333984375,65.333984375,16573900
19/10/1998,65.14137811358191,65.8347813105331,65.02581091409004,65.56512451171875,65.56512451171875,7915900
20/10/1998,66.29704182615903,67.05785912776662,65.39176554323356,65.9503402709961,65.9503402709961,14611600
21/10/1998,65.87331264267773,66.3355815033281,65.25695416181057,65.71922302246094,65.71922302246094,9178400
22/10/1998,65.81552285291609,66.85562769168035,65.43029883855897,66.7015380859375,66.7015380859375,8277500
23/10/1998,66.5474992134516,66.56676042885347,65.81557302818064,65.85409545898438,65.85409545898438,6237200
26/10/1998,66.39337015982704,66.85563905563089,65.81553404007224,66.33558654785156,66.33558654785156,5838600
27/10/1998,66.83635535641251,67.1637957140664,65.50733272828788,65.9503402709961,65.9503402709961,10089700
28/10/1998,65.68068824085037,66.27778540667629,65.35324785959101,65.83477783203125,65.83477783203125,5650600
29/10/1998,66.00814265818025,67.45273288268085,65.71922461328013,67.4334716796875,67.4334716796875,9625600
30/10/1998,67.87646801688454,68.35799801132896,67.49124402132901,67.79942321777344,67.79942321777344,9872800
02/11/1998,68.30022772250895,68.95510864257812,67.91500365188003,68.95510864257812,68.95510864257812,6501400
03/11/1998,68.78177096700158,68.91659941751097,68.26171837217967,68.45433044433594,68.45433044433594,6866000
04/11/1998,69.321092503639,69.70631669093346,68.47359929159117,69.18626403808594,69.18626403808594,8233600
05/11/1998,68.74321392072946,70.22632612916212,68.492818353072,70.13002014160156,70.13002014160156,6841500
06/11/1998,69.93735020941476,70.61149156367792,69.84104430166289,70.34183502197266,70.34183502197266,5224800
09/11/1998,70.22633422413914,70.41894622146262,69.34031903645116,69.84111022949219,69.84111022949219,6188700
10/11/1998,69.64851379394531,70.22634991502339,69.18624489708284,69.64851379394531,69.64851379394531,14015200
11/11/1998,70.1493245063221,70.26489176251044,68.96476013039162,69.18626403808594,69.18626403808594,10922400
12/11/1998,69.2247514629045,69.72554265323159,68.83952747034522,69.10918426513672,69.10918426513672,5457400
13/11/1998,69.16693656851895,69.78329467773438,69.10915299578001,69.78329467773438,69.78329467773438,5524600
16/11/1998,70.39968123762576,70.48635663176236,69.5810802930022,70.30337524414062,70.30337524414062,6023700
17/11/1998,70.0529796610793,71.26643517899187,69.64849448844178,70.30337524414062,70.30337524414062,9058900
18/11/1998,70.45747027262104,70.88121667666633,69.95667906784024,70.72712707519531,70.72712707519531,4567700
19/11/1998,71.05455738009952,71.43978132902932,70.65007223372325,71.34347534179688,71.34347534179688,5249300
20/11/1998,71.71909987990368,71.95986495268436,71.40128998383321,71.88282012939453,71.88282012939453,5562000
23/11/1998,72.40286352946497,73.73188656312632,72.210251495601,73.57779693603516,73.57779693603516,7151300
24/11/1998,73.34666637424674,73.75115166675177,73.00959529715921,73.11553192138672,73.11553192138672,5323700
25/11/1998,73.30814396543673,73.46223360067674,72.86513626412169,73.11553192138672,73.11553192138672,4393500
27/11/1998,73.6355697320595,73.78965933652104,73.35628232397295,73.65483093261719,73.65483093261719,4557900
30/11/1998,73.35626074726282,73.57776448852408,71.57460021972656,71.57460021972656,71.57460021972656,8705400
01/12/1998,71.57462311601792,72.7495563803013,71.01604828545695,72.49916076660156,72.49916076660156,8950600
02/12/1998,72.24877007573629,72.67251652779339,71.49758318345324,72.28729248046875,72.28729248046875,7495500
03/12/1998,72.26802714928417,72.92290799232138,70.93900426194391,71.09309387207031,71.09309387207031,12145300
04/12/1998,71.88278354536014,73.03845530653956,71.80573876128152,72.96141052246094,72.96141052246094,10339500
07/12/1998,72.76881474842226,73.63556876210119,72.7302923478143,73.3081283569336,73.3081283569336,4290000
08/12/1998,73.0577271683734,73.80891392280698,72.4221076069296,72.98068237304688,72.98068237304688,10102600
09/12/1998,73.15405433019671,73.32740516984174,72.65326301566667,73.11553192138672,73.11553192138672,5327900
10/12/1998,73.25035689575374,73.25035689575374,71.94059505801741,72.0465316772461,72.0465316772461,5966600
11/12/1998,71.76720225721948,72.3257768319536,71.22788887471756,72.19094848632812,72.19094848632812,8198200
14/12/1998,71.59386806488037,71.74795763833181,70.11075592041016,70.11075592041016,70.11075592041016,9521400
15/12/1998,70.68858630400516,71.95982518576656,70.59228032811414,71.92130279541016,71.92130279541016,9631500
16/12/1998,72.19093665248045,72.19093665248045,71.34344433318772,71.8249740600586,71.8249740600586,7260000
17/12/1998,72.24874399040941,73.09623658853738,72.13317681793741,72.97103881835938,72.97103881835938,6914700
18/12/1998,73.1651539259319,73.66760876007724,72.89460132293057,73.2811050415039,73.2811050415039,4802400
21/12/1998,73.7449434952556,75.03973154928656,73.59034193656534,74.30537414550781,74.30537414550781,8580700
22/12/1998,74.45993868937954,74.96239350534734,73.70625646542787,74.63386535644531,74.63386535644531,5461100
23/12/1998,74.94305897847427,76.1991958618164,74.71115678462648,76.1991958618164,76.1991958618164,7791000
24/12/1998,76.16055955852833,76.21853511769493,75.7547306443621,75.87068176269531,75.87068176269531,1507100
28/12/1998,76.21854209705076,76.25719247336772,75.4455345707115,75.67743682861328,75.67743682861328,4203600
29/12/1998,75.8900406666291,76.9819141827138,75.52286196210505,76.87562561035156,76.87562561035156,3935800
30/12/1998,76.64365995226326,77.1461146065141,76.08322976098347,76.25715637207031,76.25715637207031,6810700
31/12/1998,76.25715637207031,76.64365995226326,75.73537653880982,76.25715637207031,76.25715637207031,6790500
04/01/1999,76.29582133352498,77.43600711333197,75.27158664996956,76.08324432373047,76.08324432373047,9450400
05/01/1999,76.02530973655742,77.22347171003646,76.02530973655742,76.95291900634766,76.95291900634766,8031000
06/01/1999,77.80317323917616,79.00133437698761,77.76452287989191,78.8080825805664,78.8080825805664,7737700
07/01/1999,78.1510781654294,78.67285836089592,77.78389950936037,78.421630859375,78.421630859375,5504900
08/01/1999,79.27193359479513,79.4651855050701,77.8998450318428,79.00138092041016,79.00138092041016,6224400
11/01/1999,78.96270487025274,78.96270487025274,77.43601527535553,78.24767303466797,78.24767303466797,7578300
12/01/1999,78.05444687856755,78.05444687856755,76.52775678116551,76.83695983886719,76.83695983886719,7768800
13/01/1999,74.45994465836638,77.37804786195147,74.44061947158768,76.29583740234375,76.29583740234375,10810600
14/01/1999,76.45043400102868,76.62436067089958,74.76914285894337,74.96239471435547,74.96239471435547,11400700
15/01/1999,75.67744862925467,77.16548834949283,75.48419671753544,76.91426086425781,76.91426086425781,7817700
19/01/1999,77.48431751957787,77.68723193133884,76.37311955041072,77.41667938232422,77.41667938232422,6535100
20/01/1999,77.97710441373964,79.11729007926893,77.32004826750243,78.03507995605469,78.03507995605469,6534400
21/01/1999,77.65822286516071,77.82248686773725,75.81266848327124,75.96726989746094,75.96726989746094,6937500
22/01/1999,75.52282052669885,76.58570566717184,75.31024349860425,75.79337310791016,75.79337310791016,7522300
25/01/1999,76.23786281179383,76.68234211335816,75.38755458271426,76.56639099121094,76.56639099121094,5700300
26/01/1999,76.75961772746595,77.95777893066406,76.45041483631806,77.95777893066406,77.95777893066406,6047000
27/01/1999,78.15104260814199,78.30564407719865,76.77895457026413,77.04950714111328,77.04950714111328,7399400
28/01/1999,77.45534835687458,78.51823362624286,77.416697983443,78.34430694580078,78.34430694580078,5961700
29/01/1999,78.750145630854,79.33956389876592,77.5519839059183,78.94339752197266,78.94339752197266,6456800
01/02/1999,79.58108070747396,79.58108070747396,78.47954559326172,78.47954559326172,78.47954559326172,9426800
02/02/1999,78.5858320816539,78.67279537794492,77.15576898709043,77.99641418457031,77.99641418457031,9194500
03/02/1999,77.7259025508234,79.11731602264322,77.7065773637148,78.78878784179688,78.78878784179688,10290700
04/02/1999,78.76944288124601,78.8467436102757,77.1654527538801,77.60993194580078,77.60993194580078,7761100
05/02/1999,77.70656985996352,77.70656985996352,76.19920541105101,76.72098541259766,76.72098541259766,7516100
08/02/1999,77.35875548472532,77.35875548472532,76.27654456612811,76.87562561035156,76.87562561035156,8528400
09/02/1999,76.91422356281589,76.9915242900147,75.14596942814312,75.15563201904297,75.15563201904297,8985700
10/02/1999,75.52278186328324,76.0638867486906,75.02998991407298,75.63873291015625,75.63873291015625,6936700
11/02/1999,76.10259686983548,77.97714026657852,75.75474345600688,77.37805938720703,77.37805938720703,9181800
12/02/1999,77.18474263730256,77.60989645253056,75.83198049794072,76.45038604736328,76.45038604736328,10676600
16/02/1999,77.14617547377686,77.68728091297169,75.98666381835938,75.98666381835938,75.98666381835938,6915500
17/02/1999,76.17990785509409,77.52300871656772,75.60015208755152,75.90935516357422,75.90935516357422,7858100
18/02/1999,76.17987185037626,76.91422880885274,75.58079117372439,76.5083999633789,76.5083999633789,9048900
19/02/1999,76.68235831001635,77.76456901197223,76.29585448788926,76.83695983886719,76.83695983886719,5312200
22/02/1999,76.95285819173736,78.98200186580377,76.8562323024961,78.8853759765625,78.8853759765625,10695800
23/02/1999,78.90473153731402,79.46516191071154,78.28632560804778,78.84675598144531,78.84675598144531,7770700
24/02/1999,79.05935894705341,79.67776507912521,77.30076650897425,77.45536804199219,77.45536804199219,7271000
25/02/1999,77.01086319123468,77.4746676370539,75.87067726192906,76.72098541259766,76.72098541259766,11633000
26/02/1999,77.1461460420322,77.20412160268503,75.94798445520705,76.41178894042969,76.41178894042969,9621300
01/03/1999,76.46976526363801,76.87559419225474,75.67743259348154,76.6243667602539,76.6243667602539,7607200
02/03/1999,76.99156605960758,77.49402105899257,75.63880259972493,75.94800567626953,75.94800567626953,9651500
03/03/1999,76.12190332318583,76.41178109669379,75.3102455573636,76.35380554199219,76.35380554199219,7881400
04/03/1999,76.72099517006124,77.6002912104234,76.22820288370443,77.32007598876953,77.32007598876953,8256400
05/03/1999,78.8467827810605,79.23328661822256,78.2670270253174,78.87577056884766,78.87577056884766,10703100
08/03/1999,79.32987997803507,79.64874551266054,78.69214890878412,79.38785552978516,79.38785552978516,4802200
09/03/1999,79.23325333378848,80.35411399070549,79.0013511289091,79.1946029663086,79.1946029663086,7893400
10/03/1999,79.44584054121027,79.92897019665426,79.02068644441955,79.89031982421875,79.89031982421875,3950000
11/03/1999,80.19950328261088,81.12711199527722,79.69704856324994,80.77925872802734,80.77925872802734,6583700
12/03/1999,81.01120422658137,81.03052941842931,79.90966829124856,80.00629425048828,80.00629425048828,5286500
15/03/1999,80.35412880737857,81.16578667411977,80.0835761851315,81.1464614868164,81.1464614868164,5394400
16/03/1999,81.08848481676438,81.41701299643192,80.68265588893976,80.8372573852539,80.8372573852539,4547500
17/03/1999,80.81792328503667,80.97252476430025,80.16086699816645,80.48939514160156,80.48939514160156,4524100
18/03/1999,80.25751259376511,81.86150333426174,80.23818740412058,81.7842025756836,81.7842025756836,3506300
19/03/1999,82.02132702195502,82.21504768095821,80.39407348632812,80.39407348632812,80.39407348632812,5526700
22/03/1999,80.62653764043077,80.95586275813555,80.2294102926103,80.5490493774414,80.5490493774414,4603800
23/03/1999,80.16155527463462,80.29715964556803,77.9240831542334,78.22434997558594,78.22434997558594,9713800
24/03/1999,78.63115488487757,78.83456142005649,77.87564489707017,78.6698989868164,78.6698989868164,6280900
25/03/1999,79.38671710040117,80.27783203125,79.19299646326013,80.27783203125,80.27783203125,6639600
26/03/1999,79.73539176054469,80.04534469255847,79.17360207126971,79.69664764404297,79.69664764404297,6159700
29/03/1999,80.06468552068384,81.47884522138791,80.06468552068384,81.30449676513672,81.30449676513672,5863900
30/03/1999,80.54904708405454,81.34330175708153,80.31658230170518,80.87837219238281,80.87837219238281,5401400
31/03/1999,81.30453476539024,81.58542963174673,79.54167732825645,79.5804214477539,79.5804214477539,7413600
01/04/1999,80.39405428288956,80.39405428288956,79.42545121924029,80.18096160888672,80.18096160888672,7683600
05/04/1999,81.1689577694628,82.19567728301448,80.74277231100739,82.0794448852539,82.0794448852539,5791100
06/04/1999,81.943789685847,82.43777707047798,81.30451189397158,81.88567352294922,81.88567352294922,5381300
07/04/1999,82.2537459557226,82.67993116792842,81.4401196415115,82.54432678222656,82.54432678222656,6248600
08/04/1999,82.56368198505282,83.64851684923936,82.00189250181339,83.59040069580078,83.59040069580078,5909100
09/04/1999,83.33858582971271,83.99723574096566,82.81554031195301,83.60979461669922,83.60979461669922,4365800
12/04/1999,82.73809563113373,84.5590698735422,82.58311909986493,84.5009536743164,84.5009536743164,8213200
13/04/1999,84.46218493241123,84.59778935776144,83.37734952960963,83.95851135253906,83.95851135253906,10071400
14/04/1999,84.34592790655115,84.34592790655115,82.2537459557226,82.54432678222656,82.54432678222656,11551700
15/04/1999,82.71868405830733,82.79617228693338,81.20766360009938,82.23438262939453,82.23438262939453,11150000
16/04/1999,82.38938093378019,82.38938093378019,81.32391750764383,81.5370101928711,81.5370101928711,6476200
19/04/1999,82.25378253008867,83.39673428922086,79.58043773754223,80.27783203125,80.27783203125,12487200
20/04/1999,80.4715298051716,81.3239003664204,79.9678562917064,81.28515625,81.28515625,9049600
21/04/1999,81.24640375867389,84.07472396581896,80.83959057819413,83.60979461669922,83.60979461669922,5772200
22/04/1999,83.76480513689357,84.53968770060212,83.3095616307148,84.40408325195312,84.40408325195312,6897400
23/04/1999,84.2297078609686,84.77212548288836,83.68729023904883,84.19096374511719,84.19096374511719,4593100
26/04/1999,84.61718440006757,84.81090506032413,83.9779062212209,84.67530059814453,84.67530059814453,3606500
27/04/1999,85.00458117347816,85.23704584396168,84.21032688265942,85.08206939697266,85.08206939697266,5147200
28/04/1999,84.57841167995915,85.08208522638125,83.68729694398156,83.91976165771484,83.91976165771484,5544300
29/04/1999,84.03599741071234,84.34595037488278,82.95116203611578,83.28048706054688,83.28048706054688,9824300
30/04/1999,83.74539882380788,84.07472377870141,81.51761236423398,82.60244750976562,82.60244750976562,10991900
03/05/1999,82.71868387272369,84.21033227042854,82.50559124448013,84.11347198486328,84.11347198486328,10709700
04/05/1999,83.76476975200332,84.19095498200888,82.5249581738053,82.91239929199219,82.91239929199219,10509300
05/05/1999,83.0286349640105,83.72602900477213,81.73070716592633,83.57105255126953,83.57105255126953,10032300
06/05/1999,83.33862658086393,83.76481202595434,82.06007024559266,83.05773162841797,83.05773162841797,13507200
07/05/1999,83.37734866672092,83.7647898779975,82.71869860755072,83.68730163574219,83.68730163574219,8680700
10/05/1999,83.5904596871632,84.13287750205093,82.7768329648316,83.27082061767578,83.27082061767578,5580100
11/05/1999,83.88100729950669,84.84961015515918,83.51293821435874,84.11347198486328,84.11347198486328,7000600
12/05/1999,84.15224968667876,85.06273673439374,81.5176488677588,84.77215576171875,84.77215576171875,13865800
13/05/1999,85.08210445052528,85.54703398304181,84.81089555655731,85.14022064208984,85.14022064208984,4485700
14/05/1999,83.41607939041376,84.22970580341826,82.75742943702916,82.93177795410156,82.93177795410156,8370100
17/05/1999,82.83491959591827,83.36765118826807,82.0600372797731,83.1836166381836,83.1836166381836,6268100
18/05/1999,83.39667153369585,83.67756624617869,82.21497653635429,83.02860260009766,83.02860260009766,8218600
19/05/1999,83.35795686574676,83.68728181734278,82.60244668267352,83.62916564941406,83.62916564941406,5052400
20/05/1999,83.76473534610048,84.05531606538622,83.10608571571949,83.12545776367188,83.12545776367188,4670400
21/05/1999,83.14486966827086,83.4935666985665,82.19563886357717,82.66056823730469,82.66056823730469,6418200
24/05/1999,82.97052531428741,82.97052531428741,80.8299128820603,81.28515625,81.28515625,7952000
25/05/1999,81.44011826478233,82.04065196273862,79.61914511614067,79.96784210205078,79.96784210205078,15406400
26/05/1999,80.16156898575305,81.20766002616645,79.40605878989892,80.85896301269531,80.85896301269531,12575900
27/05/1999,80.49090203232828,80.76211084784033,79.34795059552746,79.69664764404297,79.69664764404297,14515400
28/05/1999,79.96785224924622,81.05268745417786,79.71601550524424,80.71367645263672,80.71367645263672,8748000
01/06/1999,80.66528798803428,80.68466005527445,79.58045222258522,80.43282318115234,80.43282318115234,6705300
02/06/1999,80.43281142498233,80.70402032670434,79.35766185029868,80.51029968261719,80.51029968261719,6981900
03/06/1999,81.01394197637883,81.13017431780835,80.45215232613613,80.95582580566406,80.95582580566406,6076600
04/06/1999,81.49827143476514,82.67028128068938,81.16894635409221,82.5831069946289,82.5831069946289,9787200
07/06/1999,82.71866962181167,83.18359891242606,82.38934470762646,82.79615783691406,82.79615783691406,5299100
08/06/1999,82.67996876361464,82.94149162638615,81.57576112080162,81.98257446289062,81.98257446289062,4895700
09/06/1999,82.07943127035757,82.50561665811964,81.7113620718358,81.90508270263672,81.90508270263672,7409700
10/06/1999,81.47887637934498,81.49824843744754,80.33592495129426,81.14955139160156,81.14955139160156,7040700
11/06/1999,81.34330053793218,81.96320661490618,80.02600012436243,80.4715576171875,80.4715576171875,12824800
14/06/1999,81.01397895537758,81.05272308687226,80.30689855559964,80.5490493774414,80.5490493774414,6823500
15/06/1999,80.87835325559132,81.61449156067215,80.63620249734105,81.09144592285156,81.09144592285156,5700900
16/06/1999,82.06000517725776,82.98986359286408,82.06000517725776,82.64116668701172,82.64116668701172,7865800
17/06/1999,82.369970524527,84.03596710616137,82.21499409832846,83.41606140136719,83.41606140136719,8162800
18/06/1999,83.35699163963208,83.74560232326672,82.92951988763397,83.51243591308594,83.51243591308594,2875100
21/06/1999,83.60963438524621,84.0953980058902,83.10444021977644,83.706787109375,83.706787109375,4646400
22/06/1999,83.31816100360858,84.05652157220399,83.00727234314735,83.12385559082031,83.12385559082031,5862400
23/06/1999,82.69638976979093,83.08500062397228,82.15233457393704,82.7158203125,82.7158203125,9629200
24/06/1999,82.61868758523254,82.65754868005155,81.23911871915739,82.09406280517578,82.09406280517578,9176900
25/06/1999,82.44380042623379,82.70611277734247,81.6082870115913,81.89002990722656,81.89002990722656,4087000
28/06/1999,82.50206763030104,83.08498379349206,82.38548439766285,82.89067840576172,82.89067840576172,5028900
29/06/1999,82.69635806369384,84.05649553184669,82.56034431687856,83.66788482666016,83.66788482666016,6956200
30/06/1999,83.706765905784,85.49437557693817,83.22100240818776,85.18348693847656,85.18348693847656,16856100
01/07/1999,85.18351426749632,86.11618048210394,84.60059788336656,85.82472229003906,85.82472229003906,9939500
02/07/1999,85.88300467659823,86.73794861455532,85.74699086828687,86.67965698242188,86.67965698242188,3772800
06/07/1999,86.58248749463547,87.5151534281504,86.1744461487227,86.66020965576172,86.66020965576172,11221100
07/07/1999,86.46586777327897,86.87390894704052,86.12583346181103,86.7767562866211,86.7767562866211,3230700
08/07/1999,86.46589211535301,87.43741899305361,86.2715867398129,86.84478759765625,86.84478759765625,7101500
09/07/1999,87.04883724769239,87.41801758423395,86.77680963129336,87.35972595214844,87.35972595214844,2976800
12/07/1999,87.63176129693107,87.63176129693107,86.73795619279386,86.97112274169922,86.97112274169922,4436300
13/07/1999,86.66020965576172,87.00024411068904,86.21330722928582,86.66020965576172,86.66020965576172,6477600
14/07/1999,87.04882050411092,87.1848342861486,86.27159889246708,87.1459732055664,87.1459732055664,4382500
15/07/1999,87.53458558278344,87.90376585494168,87.24312747318483,87.69974517822266,87.69974517822266,3348600
16/07/1999,87.826069562432,88.38955540696972,87.51518082061807,88.17581939697266,88.17581939697266,2281500
19/07/1999,88.40897068473862,88.4478317707539,87.39858244834161,87.59288787841797,87.59288787841797,4287000
20/07/1999,87.12657818488094,87.3014531187935,85.51384268324287,85.79558563232422,85.79558563232422,7060100
21/07/1999,85.86356200583735,86.36875607964404,85.37779847333091,85.69840240478516,85.69840240478516,4793700
22/07/1999,85.45549284503899,85.80524247469127,84.23136914125604,84.57140350341797,84.57140350341797,7804100
23/07/1999,84.96975859577046,85.18349455382064,84.01766205536507,84.4062728881836,84.4062728881836,4603000
26/07/1999,83.86225283875757,84.63947482984894,83.7068084405393,83.78453063964844,83.78453063964844,4333400
27/07/1999,84.56172333184799,85.30979923908055,84.17311247094794,84.48400115966797,84.48400115966797,5908500
28/07/1999,84.71716613629606,85.37780458781764,84.30912473976804,84.75602722167969,84.75602722167969,3955500
29/07/1999,83.90107419462544,84.09537960035638,82.89068608482448,83.57075500488281,83.57075500488281,7760600
30/07/1999,83.82333181133379,84.15365092139236,82.4243332275563,82.5409164428711,82.5409164428711,5994300
02/08/1999,82.5409393382218,83.78449397985227,82.385495008018,82.73524475097656,82.73524475097656,6065500
03/08/1999,83.14328610328864,83.22100826837702,81.68599550788163,82.34663391113281,82.34663391113281,5445400
04/08/1999,82.52147308240097,83.24040279844732,81.10304418317439,81.2196273803711,81.2196273803711,6497900
05/08/1999,81.3751144083601,82.0357528729934,80.11212910832586,81.9580307006836,81.9580307006836,10322000
06/08/1999,81.58882586039381,82.0745892913321,80.5201463123296,81.06420135498047,81.06420135498047,7537700
09/08/1999,81.2002472392991,81.94832321889064,80.6756225263388,80.88935852050781,80.88935852050781,5565900
10/08/1999,80.75332019686381,80.92819504810822,78.96571060636538,79.99552917480469,79.99552917480469,9793300
11/08/1999,80.63675990515485,81.16138460815225,79.97612139026924,80.96707916259766,80.96707916259766,8003400
12/08/1999,81.25853733736466,81.95803694141657,80.77277372343971,80.91850280761719,80.91850280761719,7036800
13/08/1999,81.84140667112969,82.8517944078103,81.53051813676643,82.79350280761719,82.79350280761719,5857700
16/08/1999,82.77409369923244,83.29871823676278,82.23003862327505,83.16270446777344,83.16270446777344,3927000
17/08/1999,83.59020384042044,83.84280092315532,82.77412095773852,83.706787109375,83.706787109375,4808000
18/08/1999,83.44445032847102,83.55131829373045,82.85181888475968,83.10441589355469,83.10441589355469,4355500
19/08/1999,82.30774845193434,82.84208817866433,81.88027667055036,82.42433166503906,82.42433166503906,6448100
20/08/1999,82.73525538405572,83.39589387232671,82.5020888587836,83.25988006591797,83.25988006591797,3663700
23/08/1999,83.8233611690171,84.90175628836816,83.72620845556204,84.85317993164062,84.85317993164062,5637800
24/08/1999,84.60058438133328,85.78584750656556,84.17311243452819,85.16407012939453,85.16407012939453,9279500
25/08/1999,85.30006875621378,86.29102627479394,84.65886095007367,86.0384292602539,86.0384292602539,6005300
26/08/1999,85.9801560320173,86.06759347882952,84.87261503906251,85.00862884521484,85.00862884521484,4322300
27/08/1999,85.10571516426225,85.22229833572014,83.97874450683594,83.97874450683594,83.97874450683594,6247400
30/08/1999,84.15364932609246,84.25080200367972,82.0745820257249,82.42433166503906,82.42433166503906,4652000
31/08/1999,82.65750413092177,83.16269809128941,81.37508869306544,82.11344909667969,82.11344909667969,11453700
01/09/1999,82.65752260012847,83.15300140273855,82.26891177455194,83.12385559082031,83.12385559082031,6863900
02/09/1999,82.15230865207809,82.4923430421943,81.23907343290882,82.14259338378906,82.14259338378906,10896300
03/09/1999,83.86219047979498,84.87257831690093,83.7456072678212,84.5422592163086,84.5422592163086,9160800
07/09/1999,84.60054918264984,84.95029881179263,84.07592473893567,84.23136901855469,84.23136901855469,4560800
08/09/1999,83.84277190773035,84.60056289368666,83.33757791709282,83.8233413696289,83.8233413696289,6159600
09/09/1999,83.78453063964844,84.09541943608498,83.12389194722078,83.78453063964844,83.78453063964844,6177800
10/09/1999,84.71716767620799,84.7851745768655,83.90108486831792,84.48400115966797,84.48400115966797,2934500
13/09/1999,84.01765746292975,84.23139340929706,83.62904665135284,83.9107894897461,83.9107894897461,2320500
14/09/1999,83.35701751708984,83.66790616051023,82.92954563238682,83.35701751708984,83.35701751708984,3736000
15/09/1999,84.21195646328476,84.21195646328476,81.99687500578258,82.03573608398438,82.03573608398438,6984500
16/09/1999,82.38552246957761,82.5798279471002,81.02538412691949,82.35637664794922,82.35637664794922,15377600
17/09/1999,82.6954574014539,83.51383845962096,82.4031784521085,83.39692687988281,83.39692687988281,8542300
20/09/1999,83.51384484483418,83.55281537439313,82.98774269578833,83.28002166748047,83.28002166748047,2803900
21/09/1999,82.46164468506326,82.59804154536465,81.15613187932148,81.52635192871094,81.52635192871094,9335200
22/09/1999,81.83812290761641,82.20834298743658,80.90283007438651,81.43867492675781,81.43867492675781,13009100
23/09/1999,82.18886270830708,82.18886270830708,79.57783672373782,79.73371887207031,79.73371887207031,12204100
24/09/1999,79.65577697753906,80.04548234435677,78.75945463385834,79.65577697753906,79.65577697753906,13792900
27/09/1999,80.27925764341111,80.90278585811723,79.98697879276763,80.18183135986328,80.18183135986328,6970300
28/09/1999,79.77263923906949,80.31822641510611,78.29175976125579,80.02594757080078,80.02594757080078,11063400
29/09/1999,80.08445437052029,80.51313028199266,79.03224986054265,79.07122039794922,79.07122039794922,7580300
30/09/1999,79.46089303840712,80.70794972169747,79.16861412826094,80.2792739868164,80.2792739868164,7498900
01/10/1999,79.77267809408303,80.16238340963791,78.9542969314178,80.10392761230469,80.10392761230469,11127100
04/10/1999,80.55208864084393,81.60429299174031,80.27929492024117,81.52635192871094,81.52635192871094,6341600
05/10/1999,81.50684292624442,82.28625332955538,80.2403010208641,81.4483871459961,81.4483871459961,11976000
06/10/1999,81.52634166030812,82.8123690383149,81.48737113370186,82.6954574584961,82.6954574584961,10308200
07/10/1999,82.84161490670878,82.92929861059686,81.99400576912397,82.22782897949219,82.22782897949219,6535600
08/10/1999,82.14989338223896,83.47489166259764,81.82838644656368,83.47489166259766,83.47489166259766,9674300
11/10/1999,83.29952281018075,83.6307723745721,83.12415539373826,83.33849334716797,83.33849334716797,4282000
12/10/1999,83.00722236787303,83.12413394867285,81.79913603294153,82.05244445800781,82.05244445800781,8686100
13/10/1999,81.48736401896893,81.87706925100608,79.92854309082031,79.92854309082031,79.92854309082031,10469300
14/10/1999,80.1136375656072,80.55205586676887,79.03220575607511,79.90904235839844,79.90904235839844,10562200
15/10/1999,78.56459059156813,79.03223696413698,77.62929784643042,77.86312103271484,77.86312103271484,14238700
18/10/1999,77.90205208914621,78.52558026994977,76.96675981794084,78.42815399169922,78.42815399169922,9758800
19/10/1999,79.30503721312274,79.96753629549282,78.52562652798149,79.18812561035156,79.18812561035156,14392900
20/10/1999,79.65577264975386,80.72746235027648,79.26606730410927,79.96753692626953,79.96753692626953,9759400
21/10/1999,79.32452798998634,80.43518829345703,78.95430788882943,80.43518829345703,80.43518829345703,9105400
22/10/1999,80.90282667986109,81.81863420730653,80.78591508061274,81.1171646118164,81.1171646118164,8309600
25/10/1999,80.62999811545482,81.35095266602801,80.27926346923003,80.70793914794922,80.70793914794922,8114300
26/10/1999,81.17558169936201,81.48734581534612,79.6947021484375,79.6947021484375,79.6947021484375,6256300
27/10/1999,80.04544504918695,81.25353112344439,79.96750401213808,81.1366195678711,81.1366195678711,5433300
28/10/1999,82.57854369536035,84.08865156142699,82.42266159305669,83.9035415649414,83.9035415649414,10509700
29/10/1999,84.70248390636304,85.85211504288833,84.62454281236133,85.4234390258789,85.4234390258789,10988600
01/11/1999,85.1116269693335,85.42339117068637,84.52706909179688,84.52706909179688,84.52706909179688,4006500
02/11/1999,84.78041714007765,85.57931327952679,83.92306518554688,83.92306518554688,83.92306518554688,6516900
03/11/1999,84.7998853169684,85.03370853015856,84.25429781952467,84.48812103271484,84.48812103271484,7222300
04/11/1999,85.26756147269828,85.64752432660998,84.65377532407167,85.13116455078125,85.13116455078125,7907500
05/11/1999,86.43662518581692,86.73864675713796,85.28699468853036,85.96897888183594,85.96897888183594,7431500
08/11/1999,85.42338479083517,86.28073628052421,85.26750270180081,86.04691314697266,86.04691314697266,4649200
09/11/1999,86.3586838495828,86.47559542519146,84.97523020488056,85.23828125,85.23828125,4533700
10/11/1999,84.95572153554093,86.29046165599611,84.84855262075986,85.87152862548828,85.87152862548828,6405600
11/11/1999,86.16385855485386,86.35871124267578,85.71569737286345,86.35871124267578,86.35871124267578,4794100
12/11/1999,86.82632784766673,87.28423150664791,85.50133002593394,87.13809204101562,87.13809204101562,11802900
15/11/1999,87.19658812795747,87.44989665212807,86.92379433269681,87.34272766113281,87.34272766113281,2187500
16/11/1999,87.64475692141372,89.1646081975076,87.35247782985721,88.07343292236328,88.07343292236328,7544800
17/11/1999,88.69692575668509,89.12560158415589,88.112367810134,88.30722045898438,88.30722045898438,9459000
18/11/1999,88.81385925587179,89.16459411032675,88.3072422438813,88.93077087402344,88.93077087402344,4491000
19/11/1999,88.79436554657785,89.14510036769666,88.54105706465872,88.85282135009766,88.85282135009766,4832100
22/11/1999,88.81383535322794,89.16457011328896,88.22927741979292,88.83332061767578,88.83332061767578,4155400
23/11/1999,89.06712761018149,89.06712761018149,87.52779199845445,88.05389404296875,88.05389404296875,5918000
24/11/1999,87.76167313821142,88.81387792272817,87.29402656731509,88.52159881591797,88.52159881591797,4459700
26/11/1999,88.83334440432762,89.08665290997716,88.07341888737899,88.1903305053711,88.1903305053711,1693900
29/11/1999,87.83953900728416,88.49229512013775,87.56674540788266,87.87850952148438,87.87850952148438,7348600
30/11/1999,87.76165577026394,88.73591926682549,86.67048065411501,86.8458480834961,86.8458480834961,7682000
01/12/1999,86.86532548963427,87.60576567999006,86.6704728079617,87.54730987548828,87.54730987548828,6980200
02/12/1999,87.6837274669546,88.15137401344501,87.52784528479111,88.07343292236328,88.07343292236328,6698300
03/12/1999,89.18404935728641,90.62595882908873,89.18404935728641,89.69066619873047,89.69066619873047,10045400
06/12/1999,89.49583705068027,89.61274866015209,88.6969410526228,89.02819061279297,89.02819061279297,3138900
07/12/1999,89.3399394978913,89.35942476277633,88.15133833990409,88.30722045898438,88.30722045898438,10714200
08/12/1999,88.13184699444619,88.58000805588158,87.60574487884813,87.74214172363281,87.74214172363281,4611400
09/12/1999,88.42416118811508,88.67746971509733,86.90431002622152,88.17085266113281,88.17085266113281,6474700
10/12/1999,88.71638209137096,89.04763148639695,87.83954545747865,88.46307373046875,88.46307373046875,5127300
13/12/1999,88.19025904605971,88.98915445500545,88.09283277667608,88.61893463134766,88.61893463134766,4210800
14/12/1999,88.30721457771044,88.8430593263616,87.68368614291637,87.76162719726562,87.76162719726562,5739000
15/12/1999,87.52782417270404,88.66771235482852,87.31348622392849,88.22929382324219,88.22929382324219,6879100
16/12/1999,88.65790513910112,88.950183947252,88.01489176116917,88.61893463134766,88.61893463134766,5854900
17/12/1999,89.38343365235231,89.57876458253665,88.7974408617993,89.18810272216797,89.18810272216797,4775400
20/12/1999,89.11003155879776,89.50069368750798,88.19197555632879,88.54357147216797,88.54357147216797,4608700
21/12/1999,88.50443923499262,90.04755349223481,88.34817450008201,89.89128875732422,89.89128875732422,7981300
22/12/1999,89.77409098889335,90.12568664550781,89.36389605617647,90.12568664550781,90.12568664550781,5377500
23/12/1999,90.64333061035155,91.56138610839844,90.6335640625,91.56138610839844,91.56138610839844,5721700
27/12/1999,91.5711264672429,91.7469242782935,90.67260432187321,91.43439483642578,91.43439483642578,2691000
28/12/1999,91.18047017345779,91.57113199939377,90.9363065322478,91.37580108642578,91.37580108642578,4084500
29/12/1999,91.45393476815059,91.76646423339844,90.82887583765489,91.76646423339844,91.76646423339844,3001000
30/12/1999,91.96179000212274,92.23525326890899,91.37579728758075,91.65902709960938,91.65902709960938,3641300
31/12/1999,91.78602415368913,92.19621919672541,91.41489530522773,91.80555725097656,91.80555725097656,3172700
03/01/2000,92.66500682691468,92.66500682691468,89.93037340453525,90.90702819824219,90.90702819824219,8164300
04/01/2000,89.71545476179857,90.04751718961276,87.28358580515935,87.3519515991211,87.3519515991211,8089800
05/01/2000,87.46918881961277,88.46537654399872,85.78934285300119,87.50825500488281,87.50825500488281,12177900
06/01/2000,87.27382997073192,88.44581515386619,86.10184478759766,86.10184478759766,86.10184478759766,6227200
07/01/2000,87.70356067048951,91.1023178100586,87.54729597441737,91.1023178100586,91.1023178100586,8066500
10/01/2000,91.41490936279297,91.82510446890807,90.65311845143637,91.41490936279297,91.41490936279297,5741700
11/01/2000,91.14141963839944,91.31721749025233,89.69597063427565,90.32102966308594,90.32102966308594,7503700
12/01/2000,90.37962217651742,90.37962217651742,89.30530205122922,89.42250061035156,89.42250061035156,6907700
13/01/2000,90.30146716216515,91.10232378203294,89.55920980716574,90.63352966308594,90.63352966308594,5158300
14/01/2000,91.5906648354,92.17665757267063,91.23906919303762,91.86412811279297,91.86412811279297,7437300
18/01/2000,90.84840683133828,91.64926356754229,90.75074137570364,91.14140319824219,91.14140319824219,6488500
19/01/2000,90.82884983140596,91.88363647460939,90.63351897155347,91.88363647460938,91.88363647460938,6157900
20/01/2000,91.86412141071906,91.86412141071906,89.89127933917268,90.4772720336914,90.4772720336914,5800100
21/01/2000,90.94608472281851,90.94608472281851,90.04756240811713,90.2819595336914,90.2819595336914,6244800
24/01/2000,91.04374749016533,91.1609460494747,87.13712884651953,87.7231216430664,87.7231216430664,7896900
25/01/2000,87.83052101706366,88.71927642822266,86.88316634802605,88.71927642822266,88.71927642822266,9942500
26/01/2000,88.1333576715421,88.47518696215647,87.56689770423831,88.01615905761719,88.01615905761719,5158100
27/01/2000,88.66073114221747,88.89512831642028,86.33629249803948,87.66454315185547,87.66454315185547,10922700
28/01/2000,87.15665840071719,87.54732024921884,84.71502184758191,84.92988586425781,84.92988586425781,11916200
31/01/2000,84.89079372476047,87.30312990170661,84.38293347698233,87.2347640991211,87.2347640991211,10768700
01/02/2000,87.35198840629764,88.56304012391625,86.59019780973108,88.09424591064453,88.09424591064453,8419900
02/02/2000,88.30908726230363,88.91461296571691,87.74262773330412,88.17235565185547,88.17235565185547,6205900
03/02/2000,88.055161821223,89.53967652805817,87.50823535028371,89.5006103515625,89.5006103515625,7997500
04/02/2000,89.50063776254079,90.00849821252464,88.83651255871574,89.12950897216797,89.12950897216797,4925400
07/02/2000,89.11001172287618,89.24674343748822,88.40682004772853,88.99281311035156,88.99281311035156,5845800
08/02/2000,89.98894765068309,90.36007636901671,89.77408365585836,90.20381164550781,90.20381164550781,4936400
09/02/2000,90.30149581595296,90.30149581595296,88.29935363097887,88.30912017822266,88.30912017822266,8511500
10/02/2000,88.52395997710575,89.10995265127018,88.05516583777421,88.48489379882812,88.48489379882812,6690600
11/02/2000,88.66071639505793,88.71931567886168,86.27767885370585,86.68787384033203,86.68787384033203,9849800
14/02/2000,87.37151467415595,87.37151467415595,86.45345941153906,87.19571685791016,87.19571685791016,8528800
15/02/2000,87.03950346193515,88.27008890136557,86.13121420902223,88.18218994140625,88.18218994140625,11078300
16/02/2000,87.74265773004764,88.09425341997215,86.75623648887057,86.8832015991211,86.8832015991211,8845400
17/02/2000,87.78172049829516,87.78172049829516,86.39487088650634,86.4339370727539,86.4339370727539,7584200
18/02/2000,86.80505762254393,86.80505762254393,84.14855720925276,84.57828521728516,84.57828521728516,9409200
22/02/2000,84.500180780791,85.22290539680795,83.46492660109107,84.36344909667969,84.36344909667969,16415400
23/02/2000,84.77363390889812,85.92608653577024,84.07044247555243,85.35962677001953,85.35962677001953,12119000
24/02/2000,85.43774578694928,85.65260980241715,83.19144017069432,83.64070129394531,83.64070129394531,17375000
25/02/2000,84.50010895200985,85.45722992719442,83.2109255976796,83.337890625,83.337890625,10559900
28/02/2000,83.36722402861623,85.43773146700268,82.95702915874723,85.08613586425781,85.08613586425781,13397800
29/02/2000,85.04704609064689,85.90650177001953,84.85171525442584,85.90650177001953,85.90650177001953,8242500
01/03/2000,86.02372537100557,86.88318130114277,85.76979520982867,86.53158569335938,86.53158569335938,6868000
02/03/2000,86.68788307374093,86.96134642728586,85.84795991642439,86.59021759033203,86.59021759033203,7600200
03/03/2000,87.78171302788652,88.58256977780717,87.33245192427252,88.21144104003906,88.21144104003906,12770300
06/03/2000,88.01607645474948,88.34813888256367,86.72689291147086,87.3519515991211,87.3519515991211,11967100
07/03/2000,87.5082614225858,87.6059268929235,84.51969803025196,85.66238403320312,85.66238403320312,20062000
08/03/2000,85.30100147822132,86.16045741251071,84.4024793651006,85.554931640625,85.554931640625,11808500
09/03/2000,85.78934461835642,88.05518341064453,85.08615326902564,88.05518341064453,88.05518341064453,5500900
10/03/2000,87.62543855406788,88.75835773287662,87.21524367898198,87.58637237548828,87.58637237548828,7924600
13/03/2000,85.4377537190847,87.80125810866157,84.8126947069652,86.6292724609375,86.6292724609375,10540500
14/03/2000,87.05901786022413,87.56687840865712,85.10570805855879,85.3987045288086,85.3987045288086,8263900
15/03/2000,85.55498644130061,87.7817600610057,85.04712579119243,87.39109802246094,87.39109802246094,10300800
16/03/2000,88.52396084746564,91.78598676571957,88.05516670352496,91.47345733642578,91.47345733642578,25601400
17/03/2000,91.37301702917206,92.74380811190717,91.13802427213176,92.07799530029297,92.07799530029297,10272900
20/03/2000,92.03885238667031,92.33259340492565,90.7268091717965,91.6080322265625,91.6080322265625,12502300
21/03/2000,91.19681098404217,93.84048061746405,90.55058062920573,93.48799133300781,93.48799133300781,13612600
22/03/2000,93.72298639008781,94.52587866798034,93.17466971250268,94.05589294433594,94.05589294433594,8260000
23/03/2000,93.46839294902135,96.17081034415332,93.46839294902135,95.66165924072266,95.66165924072266,11654500
24/03/2000,95.79875586777138,97.60036779333043,95.07419454988349,96.22957611083984,96.22957611083984,11462900
27/03/2000,96.11207915117396,96.36665474794765,95.13294224050593,95.21127319335938,95.21127319335938,8798600
28/03/2000,94.78046030558285,95.86730236073984,94.36922277119912,94.6629638671875,94.6629638671875,6334400
29/03/2000,94.97620554398003,95.55389586636093,93.78165945363307,94.76079559326172,94.76079559326172,6747500
30/03/2000,94.09504063443107,95.20146514969545,92.19551536043735,93.17465209960938,93.17465209960938,9491900
31/03/2000,93.76209312305782,95.44620757764909,93.01794952684308,94.2320785522461,94.2320785522461,9249100
03/04/2000,94.07541735940728,94.7803955078125,93.17461194755617,94.7803955078125,94.7803955078125,8508200
04/04/2000,95.09380315801285,95.87711290396024,88.60212363847387,94.07550048828125,94.07550048828125,19585500
05/04/2000,92.66551633594322,94.50629371032586,92.50885443174045,93.48799133300781,93.48799133300781,8387200
06/04/2000,94.15377343405247,95.05457908670772,93.370464170874,94.30064392089844,94.30064392089844,6378500
07/04/2000,94.97625726439271,95.32874646661108,94.31044432686913,94.8979263305664,94.8979263305664,6023600
10/04/2000,95.09375529805894,95.94560421804773,94.19294954358803,94.5258560180664,94.5258560180664,9624200
11/04/2000,93.99718667622194,95.01548953188102,92.97888382056288,94.25176239013672,94.25176239013672,9006400
12/04/2000,94.23214026705573,94.72170874308989,91.58847049647125,91.66680145263672,91.66680145263672,10779200
13/04/2000,92.41089616573869,92.8417161944834,90.10013419338074,90.39387512207031,90.39387512207031,12225800
14/04/2000,89.37563175313613,89.49312820154078,83.6574712641099,85.22409057617188,85.22409057617188,29604000
17/04/2000,84.7148963562337,88.20062255859375,84.40157265265077,88.20062255859375,88.20062255859375,23918200
18/04/2000,88.08317823696777,90.53102111816406,87.5936096607285,90.53102111816406,90.53102111816406,11069200
19/04/2000,90.55055933789916,90.94221400631567,89.31684713238712,89.68891906738281,89.68891906738281,6553700
20/04/2000,89.96310432099199,90.19809719253136,89.21896022778395,90.11976623535156,90.11976623535156,8537600
24/04/2000,88.67063927943761,89.80643810413005,88.04399165202109,89.140625,89.140625,12893100
25/04/2000,90.62893172744658,92.84178161621094,90.5114352731759,92.84178161621094,92.84178161621094,14102000
26/04/2000,92.72424726562501,93.21381562500001,91.49053500000001,91.7940673828125,91.7940673828125,7711100
27/04/2000,89.61061937515049,92.33262026963168,89.61061937515049,91.49056243896484,91.49056243896484,15595300
28/04/2000,92.117207954599,92.65573329872133,90.90307808785046,90.92266082763672,90.92266082763672,8743400
01/05/2000,91.84301782454828,93.04735590476358,91.39261496528077,92.15634155273438,92.15634155273438,7328300
02/05/2000,91.17723810042078,92.19554058779661,90.31559753417969,90.31559753417969,90.31559753417969,9411900
03/05/2000,90.23722663188276,90.23722663188276,87.59355788290182,88.20062255859375,88.20062255859375,12630700
04/05/2000,88.98399732983968,89.20919890758906,88.20068749418968,88.86650085449219,88.86650085449219,5963600
05/05/2000,88.39645322952919,90.23723005796865,88.31812230065941,89.94348907470703,89.94348907470703,7862400
08/05/2000,89.45393454428368,89.84558924894343,88.88603522252707,89.26789855957031,89.26789855957031,5064100
09/05/2000,89.64978747766453,89.86519762669343,87.89713217420211,88.55315399169922,88.55315399169922,5620300
10/05/2000,88.0440058229196,88.33774694554945,86.32072457015784,86.55571746826172,86.55571746826172,10293900
11/05/2000,87.80896253950746,88.67060267147409,87.18231517080447,88.53352355957031,88.53352355957031,7091100
12/05/2000,88.86645547879343,89.9043404810799,88.74895906344024,89.49310302734375,89.49310302734375,5960800
15/05/2000,89.4539591427592,91.2457799093009,88.9839733679286,91.0401611328125,91.0401611328125,4441300
16/05/2000,91.84303288567457,92.56759412592403,91.05972343675624,91.9213638305664,91.9213638305664,8192200
17/05/2000,91.29471375760016,91.60803752854002,90.53098706593427,90.96180725097656,90.96180725097656,5907200
18/05/2000,91.25553786286918,91.68635799870246,89.84558105468751,89.8455810546875,89.8455810546875,4325600
19/05/2000,89.33645201785254,89.75748089079944,87.98524307676708,88.4356460571289,88.4356460571289,6518400
22/05/2000,88.5139728156332,88.65105197707334,85.85072053622477,87.76982879638672,87.76982879638672,10839400
23/05/2000,88.00481701933819,88.23980985517088,86.20320527795432,86.47736358642578,86.47736358642578,7979200
24/05/2000,86.47739447119402,88.16151039613122,85.5374227921593,87.8873519897461,87.8873519897461,11081500
25/05/2000,88.16150026185203,88.86647894008985,86.30113986094666,86.37947082519531,86.37947082519531,8278900
26/05/2000,86.98651473072992,87.53483134767284,86.0563347555589,86.47736358642578,86.47736358642578,4814000
30/05/2000,87.73063043962445,89.57140706045585,87.39772402947409,89.29724884033203,89.29724884033203,5362700
31/05/2000,89.33644114020616,90.23724699124726,89.0427001018232,89.49310302734375,89.49310302734375,6056500
01/06/2000,90.041435710948,91.13806911673596,89.61061544438843,91.05973815917969,91.05973815917969,8961600
02/06/2000,93.33131552861322,93.42922920415728,92.4207183460533,92.64591979980469,92.64591979980469,8962200
05/06/2000,92.41090564193011,92.88089117602767,92.03883376076956,92.19549560546875,92.19549560546875,6998100
06/06/2000,91.88213144428114,92.60669215686391,91.43172883916212,91.78421783447266,91.78421783447266,4858900
07/06/2000,91.8821977190401,92.74383810685718,91.49054299730506,92.42072296142578,92.42072296142578,4919500
08/06/2000,92.43054378390235,92.58720572251914,91.52973763685586,92.0584716796875,92.0584716796875,5723100
09/06/2000,92.43051685470681,92.72425790403321,91.25555265740121,91.86261749267578,91.86261749267578,3085300
12/06/2000,92.09763482812151,92.09763482812151,90.78559112548828,90.78559112548828,90.78559112548828,3678900
13/06/2000,90.74640187544765,92.58717912540278,90.62890545523776,92.48926544189453,92.48926544189453,6558700
14/06/2000,92.90049535621928,93.29215005839558,92.23468236251956,92.64591979980469,92.64591979980469,6420500
15/06/2000,92.82219887383249,93.2138537214014,92.01930643631623,92.84178161621094,92.84178161621094,5881200
16/06/2000,93.15848957127636,93.15848957127636,91.62743980588243,92.07890319824219,92.07890319824219,5567900
19/06/2000,92.00037650764929,93.68845681054194,91.86297462253012,93.25662231445312,93.25662231445312,5106900
20/06/2000,93.07996621754384,93.51180072972984,92.33407024194986,92.92293548583984,92.92293548583984,6480000
21/06/2000,92.29481697888667,93.23700141423048,92.26537371528218,92.88368225097656,92.88368225097656,3115000
22/06/2000,92.68737061463712,92.76588596458598,91.07780594068535,91.47038269042969,91.47038269042969,7490500
23/06/2000,91.5881606428138,91.78444902824633,90.37117265313218,90.68523406982422,90.68523406982422,4863300
26/06/2000,91.31339428014437,91.86300198432409,90.99933273489881,91.85318756103516,91.85318756103516,5201300
27/06/2000,91.69614397588921,92.15742180601517,91.08764981699966,91.17597961425781,91.17597961425781,4159500
28/06/2000,91.47045582648049,92.32431093988218,91.27416729466401,91.43119812011719,91.43119812011719,5347700
29/06/2000,90.92080117016062,91.54892414888367,90.14546186829936,90.5674819946289,90.5674819946289,6345700
30/06/2000,90.41049879323951,91.45082802381738,90.38105551312881,91.2545394897461,91.2545394897461,7420200
03/07/2000,91.352647920184,92.60889404542932,91.19561715452832,92.51074981689453,92.51074981689453,1436600
05/07/2000,91.94149263953997,92.11815221122141,90.68524679647196,90.84227752685547,90.84227752685547,2748200
06/07/2000,91.03854702185603,92.00036004558845,90.58708376581836,91.54889678955078,91.54889678955078,5963200
07/07/2000,92.13779726207547,93.45292986040505,91.86299343555883,93.0210952758789,93.0210952758789,3034800
10/07/2000,92.88365013688595,93.5314017122277,92.66773294510536,92.86402130126953,92.86402130126953,2816100
11/07/2000,92.62851394688724,93.66884266890143,92.43222550877135,93.06034851074219,93.06034851074219,5431600
12/07/2000,93.7669903530559,94.29696915555381,93.39404230685366,93.6688461303711,93.6688461303711,5883000
13/07/2000,94.20869565900472,94.45405636235664,93.7081598241668,94.08110809326172,94.08110809326172,5356000
14/07/2000,94.49323597427242,95.00358581542969,94.01232939318191,95.00358581542969,95.00358581542969,5341900
17/07/2000,94.83676608271946,95.4648891324239,94.65029205233846,94.8465805053711,94.8465805053711,4208300
18/07/2000,94.61100585173367,94.61100585173367,93.80622343681229,94.07121276855469,94.07121276855469,4262100
19/07/2000,93.8847576971058,94.15956150387132,93.11923280683042,93.31552124023438,93.31552124023438,8506800
20/07/2000,93.59032311657158,94.61102294921875,93.47255005895845,94.61102294921875,94.61102294921875,4538900
21/07/2000,94.06144180330138,94.06144180330138,92.76593780517578,92.76593780517578,92.76593780517578,5656900
24/07/2000,93.04071394325089,93.50199174444634,92.05927181304783,92.23593139648438,92.23593139648438,5628500
25/07/2000,92.80516878952655,92.8640553179463,92.19667466252247,92.53036499023438,92.53036499023438,4757100
26/07/2000,92.31450473455251,92.43227786413092,91.48027840003869,91.62749481201172,91.62749481201172,12062500
27/07/2000,91.66666591772209,92.09850031819101,90.88151246232404,91.31334686279297,91.31334686279297,7652600
28/07/2000,91.52931913229457,91.64709222146331,88.88923905009565,89.25237274169922,89.25237274169922,6229500
31/07/2000,89.78229079213176,90.52818651799555,89.2326834151795,89.82154846191406,89.82154846191406,5265500
01/08/2000,90.21413172399552,90.90114099517477,89.900070342885,90.37116241455078,90.37116241455078,3946600
02/08/2000,90.37115338690111,91.33296627047152,90.21412271203246,90.82261657714844,90.82261657714844,7439800
03/08/2000,89.74306588747082,91.58817704088777,89.58603515100981,91.45077514648438,91.45077514648438,4607100
04/08/2000,91.90225537020767,92.15743036376016,91.33301884612906,91.94151306152344,91.94151306152344,3686600
07/08/2000,92.15745035002503,93.23703709533949,91.94153300096214,93.0407485961914,93.0407485961914,4159800
08/08/2000,92.64816200798327,93.47257361907126,92.64816200798327,93.39405822753906,93.39405822753906,3658700
09/08/2000,93.67863557256851,93.72770767082548,92.56960615196083,92.6088638305664,92.6088638305664,5383800
10/08/2000,92.66777488375371,92.87387775100204,91.88262110376003,92.15742492675781,92.15742492675781,4193400
11/08/2000,92.0985579580631,92.96222729952831,91.43117710329452,92.58927917480469,92.58927917480469,5089400
14/08/2000,92.82479856801326,93.94364261926654,92.37333517891106,93.76698303222656,93.76698303222656,2966700
15/08/2000,93.80621143679136,94.10064398995141,93.31549051485794,93.68843841552734,93.68843841552734,5564600
16/08/2000,93.78663966673777,94.17921664315777,92.86408377215078,93.35480499267578,93.35480499267578,5191600
17/08/2000,93.39402776710996,94.49324289005199,93.17811051081777,94.33621215820312,94.33621215820312,5652200
18/08/2000,94.45398263314074,94.45398263314074,93.72771551813113,94.02214813232422,94.02214813232422,4626400
21/08/2000,94.23810662462861,94.66994131443113,93.84552963389906,94.53253936767578,94.53253936767578,2380600
22/08/2000,94.57176908915135,95.04286133866144,94.27733643320754,94.37548065185547,94.37548065185547,3075300
23/08/2000,94.1006613494892,95.02321685291557,93.76697106101584,94.7484130859375,94.7484130859375,5483200
24/08/2000,94.94471771920924,95.16063500159734,94.53251199828647,95.04286193847656,95.04286193847656,4529000
25/08/2000,94.94469929529615,95.23913189596381,94.80729741498457,95.00358581542969,95.00358581542969,2822200
28/08/2000,95.00358538341415,96.04391390104244,95.00358538341415,95.32746124267578,95.32746124267578,5518700
29/08/2000,95.12137523421417,95.39617904215453,94.78768489600087,95.34710693359375,95.34710693359375,3561900
30/08/2000,95.04281238467895,95.16058538639479,94.43431854248047,94.43431854248047,94.43431854248047,3964800
31/08/2000,94.88585289901341,96.16172804142879,94.78770865728916,95.69063568115234,95.69063568115234,4863100
01/09/2000,96.25984957335424,96.47576685420802,95.47469582479508,95.78875732421875,95.78875732421875,3191200
05/09/2000,95.39620251134515,95.60230541800546,94.7288216707308,95.02325439453125,95.02325439453125,3470800
06/09/2000,94.96438776216296,95.44529464520822,93.92405858659565,93.94368743896484,93.94368743896484,4322200
07/09/2000,94.37546511646727,94.89562938967575,94.11047576973843,94.7484130859375,94.7484130859375,4265500
08/09/2000,94.39512545474629,94.53252738408362,93.79644561977649,94.10069274902344,94.10069274902344,3518200
11/09/2000,94.06140867304597,94.96433538401429,93.39402806059114,93.96326446533203,93.96326446533203,3937500
12/09/2000,94.06142177646007,94.37548328489567,93.23701031681664,93.2762680053711,93.2762680053711,4769100
13/09/2000,92.96215418065904,93.80619400957973,92.7462370151212,93.52157592773438,93.52157592773438,7691600
14/09/2000,94.13990732547296,94.17916500158867,93.06032123229095,93.99269104003906,93.99269104003906,3397100
15/09/2000,93.313842159428,93.35319848256569,91.93637084960938,91.93637084960938,91.93637084960938,4085700
18/09/2000,92.17247024770174,92.54635516117449,90.80483859052512,91.09017181396484,91.09017181396484,5109300
19/09/2000,91.38534634099531,92.1331161861628,91.11969126442264,91.91665649414062,91.91665649414062,6588200
20/09/2000,91.73957072874752,91.95603046234174,90.14563996319013,91.23777770996094,91.23777770996094,6508100
21/09/2000,90.97211880376868,91.6608542911431,89.81110755362324,89.8504638671875,89.8504638671875,5972300
22/09/2000,89.81115102983335,91.50347333232365,89.6832429488312,91.48379516601562,91.48379516601562,7791300
25/09/2000,91.89697080509707,91.9756834139237,90.4998219984243,90.8343505859375,90.8343505859375,9726300
26/09/2000,90.91308664067,91.30664978630061,89.6733627319336,89.6733627319336,89.6733627319336,5302400
27/09/2000,90.40140764777303,90.65722355970621,89.49621288247099,90.14559173583984,90.14559173583984,7186200
28/09/2000,90.1653076171875,92.14296222555225,89.97836514176993,91.306640625,91.306640625,7036400
29/09/2000,91.60182244057653,91.91667295809515,90.44081115722658,90.44081115722656,90.44081115722656,9333600
02/10/2000,90.85402347283754,91.24758649416236,90.13577095891971,90.57852935791016,90.57852935791016,5517800
03/10/2000,91.01148697367886,91.77893518815961,89.59465950079131,89.73240661621094,89.73240661621094,9347200
04/10/2000,89.96856943655658,90.83440868747707,89.26015550398526,90.4802017211914,90.4802017211914,6148900
05/10/2000,90.3030519307719,91.20824704709692,90.24401746666375,90.79500579833984,90.79500579833984,4566900
06/10/2000,90.59822043307756,91.08033520297556,88.00070412179036,88.82718658447266,88.82718658447266,10014900
09/10/2000,88.98460927009583,88.98460927009583,87.76456376484462,88.15812683105469,88.15812683105469,4508000
10/10/2000,88.21717575599646,88.94526754787063,86.70195770263672,86.70195770263672,86.70195770263672,6104700
11/10/2000,86.66262790141211,87.2923291032389,85.08837489684514,85.97389221191406,85.97389221191406,10346000
12/10/2000,86.44615959561487,86.64294120179656,83.61250446659858,83.82896423339844,83.82896423339844,12336900
13/10/2000,83.71087069340263,86.68227207438613,83.67151438372073,86.62323760986328,86.62323760986328,11778800
16/10/2000,86.52487640518886,87.04634768668477,86.07227868917354,87.01683044433594,87.01683044433594,5659000
17/10/2000,87.17428049926191,87.25299316788427,84.63579693619086,84.85225677490234,84.85225677490234,7831700
18/10/2000,83.51411207117404,85.71806601838692,81.95953741197923,84.5373764038086,84.5373764038086,10897300
19/10/2000,86.17069036279253,87.81381725141851,85.91487420049148,87.72526550292969,87.72526550292969,8767300
20/10/2000,87.13486108360264,88.90589484546449,87.13486108360264,88.09909057617188,88.09909057617188,7373500
23/10/2000,88.1187376022763,88.80747271082468,87.4890369316035,88.49262237548828,88.49262237548828,5290000
24/10/2000,88.76812888803647,89.37815149843973,87.52840551850726,87.90229034423828,87.90229034423828,5750700
25/10/2000,87.37100131573997,87.88263330542675,85.71803642598273,85.83610534667969,85.83610534667969,9137600
26/10/2000,86.3477445374791,86.68227317401902,84.39960718351136,86.07225036621094,86.07225036621094,9345800
27/10/2000,86.82002647559098,87.7055435180664,86.03290021561281,87.7055435180664,87.7055435180664,9762900
30/10/2000,87.17418659626709,88.84682900274174,86.99708328264036,88.49262237548828,88.49262237548828,10154100
31/10/2000,88.7976699063577,90.48015207300448,88.1974862094837,90.01771545410156,90.01771545410156,7752400
01/11/2000,89.57497567161965,90.20467673082261,88.92559645431662,89.71272277832031,89.71272277832031,6753600
02/11/2000,90.14563141487311,90.61790715247558,89.74222922233766,89.86029815673828,89.86029815673828,11395100
03/11/2000,90.34241957986974,90.51952299442405,89.65368407882521,89.90950012207031,89.90950012207031,5187100
06/11/2000,90.1456518838572,90.86390473121821,90.06693924305051,90.53921508789062,90.53921508789062,4042500
07/11/2000,90.13574637371562,90.67689538043479,89.77170067828635,90.51947021484375,90.51947021484375,5231300
08/11/2000,90.71634471548987,90.71634471548987,88.51239013671875,88.51239013671875,88.51239013671875,6123300
09/11/2000,88.1581630251339,88.92561131932591,86.42648482285449,88.17784118652344,88.17784118652344,10635300
10/11/2000,87.52847661387452,87.82364908446986,85.97390160207233,86.0329360961914,86.0329360961914,8569500
13/11/2000,85.40322503828135,86.25922510490928,83.76009847360473,85.3638687133789,85.3638687133789,17285300
14/11/2000,86.56413714090982,87.92192878963063,86.26896504336183,87.6070785522461,87.6070785522461,7668900
15/11/2000,87.5677713512894,88.22698940528224,86.74128901494015,87.88262176513672,87.88262176513672,8837700
16/11/2000,87.26275094147701,88.07939411749939,86.46578591427443,86.50514221191406,86.50514221191406,6684100
17/11/2000,86.4658509033622,87.52847173831475,85.48194272285056,86.04277038574219,86.04277038574219,6551100
20/11/2000,85.48186979714235,85.87543273359329,84.57667504330522,84.81281280517578,84.81281280517578,5458500
21/11/2000,84.93093801623456,85.75742073094305,84.07493806171505,85.24578857421875,85.24578857421875,7684300
22/11/2000,84.59640908351221,84.93093780052075,83.19925973600596,83.20909881591797,83.20909881591797,5736900
24/11/2000,84.14379157180167,84.98995224476413,84.14379157180167,84.91123962402344,84.91123962402344,3411600
27/11/2000,85.93448305907755,86.07223011229796,85.20639149205536,85.65898895263672,85.65898895263672,5992000
28/11/2000,85.08835413122691,86.01322754569676,84.1536416378797,84.18315887451172,84.18315887451172,5336100
29/11/2000,84.61606331675617,85.58029287548199,83.91748884053644,84.02571868896484,84.02571868896484,6914100
30/11/2000,83.43541560543645,84.06511685528879,81.70373716834249,83.29766845703125,83.29766845703125,11201600
01/12/2000,83.86830072801915,84.41928909507324,82.49082981038393,83.2582778930664,83.2582778930664,7587200
04/12/2000,83.04181674897377,84.30121870914779,82.80567888144115,83.96669006347656,83.96669006347656,6996600
05/12/2000,84.93092170647814,87.05616256474961,84.63574936505155,86.72163391113281,86.72163391113281,8883400
06/12/2000,86.76099407803459,87.11520090348357,85.02931626472838,85.3343276977539,85.3343276977539,12888000
07/12/2000,84.93093853518593,85.56063965500195,84.16349029541016,84.16349029541016,84.16349029541016,6529100
08/12/2000,86.30838196356035,87.82359979556996,84.30121028998919,84.36024475097656,84.36024475097656,10276300
11/12/2000,86.50517870780044,87.88264970633229,86.09193740824088,87.29230499267578,87.29230499267578,6405600
12/12/2000,87.01679439255359,87.4103574608148,86.50516240381401,86.91840362548828,86.91840362548828,5022900
13/12/2000,87.68585881067173,87.78424958581836,85.65900884265128,85.7278823852539,85.7278823852539,6070500
14/12/2000,85.56065400936691,85.95421727527938,84.3996423749252,84.63578033447266,84.63578033447266,7678400
15/12/2000,84.08606319659594,84.08606319659594,82.4675051726239,82.72410583496094,82.72410583496094,9065300
18/12/2000,83.41495139362505,84.30318443023486,83.22743553034074,83.82946014404297,83.82946014404297,7235400
19/12/2000,83.67158220399101,85.25066372706704,82.12210845947266,82.12210845947266,82.12210845947266,9616600
20/12/2000,81.24375713839389,81.44114235981856,79.64493684485407,79.7436294555664,79.7436294555664,9994300
21/12/2000,79.58568579749723,81.39175976834818,79.28960809735774,80.29627227783203,80.29627227783203,14331500
22/12/2000,81.48057328180937,82.81292277224593,81.38188072696222,82.70436096191406,82.70436096191406,10182900
26/12/2000,82.64514184656785,83.59259033203125,82.28984866451908,83.59259033203125,83.59259033203125,4665300
27/12/2000,83.21756507955803,84.47096056877812,82.90174889329785,84.2044906616211,84.2044906616211,4854100
28/12/2000,83.88867325859667,84.55978264466545,83.75050367911193,84.46109008789062,84.46109008789062,8358700
29/12/2000,84.67821729132083,84.81638687664466,82.86227416992188,82.86227416992188,82.86227416992188,8774600
02/01/2001,83.37551173580786,83.4742043396618,80.57264178635599,81.3621826171875,81.3621826171875,8737500
03/01/2001,81.04637249134204,85.90204897280093,80.63186352341263,85.27041625976562,85.27041625976562,19431600
04/01/2001,85.23090293012167,85.56645766606704,84.00711506961507,84.3525390625,84.3525390625,9219000
05/01/2001,84.30319849650064,84.40189107259114,81.5990219116211,81.5990219116211,81.5990219116211,12911400
08/01/2001,82.0332590983112,82.23064422607422,80.65156320397007,82.23064422607422,82.23064422607422,6625300
09/01/2001,82.7734366167897,83.05964499426518,81.74703415963623,82.01350402832031,82.01350402832031,5702400
10/01/2001,81.48057095645844,83.45442199707031,81.36213989402172,83.45442199707031,83.45442199707031,8746100
11/01/2001,82.80308394441082,84.31308058845073,82.80308394441082,83.53340911865234,83.53340911865234,7245100
12/01/2001,83.80971260865529,84.46108343203862,82.92147966767803,83.3754653930664,83.3754653930664,7244000
16/01/2001,83.37551481452893,84.1255786315157,83.06956773128432,83.90845489501953,83.90845489501953,8542200
17/01/2001,85.17169123887318,85.29999158488769,83.78012594748486,84.29332733154297,84.29332733154297,7851400
18/01/2001,84.28346879350153,85.71451129643569,83.96765251699192,85.1322250366211,85.1322250366211,8107000
19/01/2001,86.02041637006585,86.02041637006585,84.55976680343325,84.64859008789062,84.64859008789062,7782500
22/01/2001,84.79666517309383,85.76385246207931,84.36241781885546,85.21117401123047,85.21117401123047,7050900
23/01/2001,84.93482972594191,86.31652577075155,84.73744457668339,85.88227844238281,85.88227844238281,8463100
24/01/2001,86.05992381011094,86.73103330771274,85.80332311985144,86.13887786865234,86.13887786865234,6199900
25/01/2001,86.05989196342681,86.69152419802077,85.68486032413665,85.92172241210938,85.92172241210938,10818300
26/01/2001,85.36908843699352,85.9809824812818,84.92497179194558,85.82307434082031,85.82307434082031,7136800
29/01/2001,85.5862138019874,86.47049555066629,85.5040984832,86.28101348876953,86.28101348876953,6705900
30/01/2001,86.0914843510255,87.11472559209227,85.76934570999039,87.03893280029297,87.03893280029297,7069100
31/01/2001,86.78628603084644,87.60741006070504,86.28098783211378,86.54627227783203,86.54627227783203,9706900
01/02/2001,86.59686225697378,87.13374436363758,86.05997051235815,87.12110900878906,87.12110900878906,8239100
02/02/2001,86.78627352447182,87.15894390355955,85.1124517969997,85.14403533935547,85.14403533935547,8276600
05/02/2001,85.14401559723458,85.86407586144539,85.11243206220202,85.76932525634766,85.76932525634766,4352900
06/02/2001,85.45986377237769,86.34414525779603,85.40933202493302,85.51670837402344,85.51670837402344,7106700
07/02/2001,85.09351027206445,85.52301564036331,84.43660723614951,85.0745620727539,85.0745620727539,5748700
08/02/2001,85.14404843205163,85.52302208476418,84.07027529244795,84.08290100097656,84.08290100097656,5943300
09/02/2001,84.22820059703852,84.22820059703852,82.90808130226608,83.27442932128906,83.27442932128906,9913000
12/02/2001,83.18598827909503,84.32292856941793,83.18598827909503,84.22818756103516,84.22818756103516,5804400
13/02/2001,84.44928647818725,84.7461546056235,83.37551286135071,83.53973388671875,83.53973388671875,6587600
14/02/2001,83.78605199619577,83.78605199619577,82.52910941857772,83.41339111328125,83.41339111328125,8400100
15/02/2001,83.90608459355978,84.3355998363728,83.36920258748106,84.2219009399414,84.2219009399414,5929800
16/02/2001,82.74388981421956,82.92705907005647,81.6701160724649,82.36490631103516,82.36490631103516,6434900
20/02/2001,82.7691210880493,82.832288195158,80.9121295771904,81.09529876708984,81.09529876708984,5760000
21/02/2001,80.78577833209071,81.37950946274381,79.26985973198731,79.34565734863281,79.34565734863281,10910800
22/02/2001,79.80675744824825,79.92676915334525,77.70342027656133,79.4656753540039,79.4656753540039,21281600
23/02/2001,79.00457722053676,79.29512752960763,76.93282383831153,78.92877960205078,78.92877960205078,20173000
26/02/2001,79.45938422642635,80.60895538330078,78.6382599062413,80.60895538330078,80.60895538330078,11503700
27/02/2001,80.09100503486006,80.74789861144683,79.2761985101449,79.86361694335938,79.86361694335938,11415000
28/02/2001,80.05942073597468,80.11626534883372,77.86133747825988,78.29084777832031,78.29084777832031,14825800
01/03/2001,78.35399821184117,78.7013931274414,76.90124181868357,78.7013931274414,78.7013931274414,14672000
02/03/2001,77.37495286020513,79.36459546897619,77.24862833414453,78.07606506347656,78.07606506347656,12564300
05/03/2001,78.41717981744182,78.81510657780093,78.20242225067945,78.78984069824219,78.78984069824219,5293200
06/03/2001,79.80674619415322,80.69103244501638,79.2635419894361,79.6362075805664,79.6362075805664,6917000
07/03/2001,80.15418014809379,80.24260832905182,79.4341193494502,80.2047119140625,80.2047119140625,6371700
08/03/2001,79.96466215661212,80.36890651356711,79.67411182623651,80.2931137084961,80.2931137084961,6055000
09/03/2001,79.64887739894293,79.64887739894293,77.76029709635588,77.91820526123047,77.91820526123047,10020300
12/03/2001,77.27392696070046,77.37499048587121,74.3747357527456,74.58317565917969,74.58317565917969,13972900
13/03/2001,75.41693122768149,76.07382969100397,74.2357765649323,75.80854034423828,75.80854034423828,12888000
14/03/2001,73.93259824456037,75.34745392856678,73.11147393156216,74.31157684326172,74.31157684326172,19883400
15/03/2001,74.81686790649913,75.07583954533017,74.12839079268235,74.33051300048828,74.33051300048828,10370300
16/03/2001,74.18229300269128,74.35329561962418,72.71296062701259,72.83963012695312,72.83963012695312,58514600
19/03/2001,73.31460505189116,74.53693752867768,72.71927068364876,74.32160186767578,74.32160186767578,10067800
20/03/2001,74.66995685753143,75.02462176846734,72.2696243622828,72.32662200927734,72.32662200927734,15083900
21/03/2001,72.31398286287686,72.99798385862063,70.86998398205026,71.09798431396484,71.09798431396484,19004600
22/03/2001,70.9459494194623,71.31328366158262,68.42528718024289,70.3759536743164,70.3759536743164,28624800
23/03/2001,71.72498817570506,72.61799034782423,70.6166550250871,72.50399017333984,72.50399017333984,12861700
26/03/2001,73.27666168844631,73.63766148016485,72.68766151964766,73.42866516113281,73.42866516113281,9943800
27/03/2001,73.22594159503019,75.14493924574046,73.01060592594989,74.92960357666016,74.92960357666016,12880700
28/03/2001,74.0366348130866,74.068298566547,72.76996870792497,72.85863494873047,72.85863494873047,10953300
29/03/2001,72.64328719635837,73.78328843543572,71.02195639584563,73.13729095458984,73.13729095458984,12060300
30/03/2001,73.18160362765582,73.90360260009766,72.51660228527463,73.90360260009766,73.90360260009766,9183600
02/04/2001,73.656625089181,74.34062101285066,72.07329269115,72.32662200927734,72.32662200927734,10561000
03/04/2001,72.18732705671307,72.29499255117939,69.70465700674981,69.91365814208984,69.91365814208984,12836000
04/04/2001,70.02764643339744,70.99664538298454,69.2233154562995,70.2049789428711,70.2049789428711,14884300
05/04/2001,71.75664956563799,73.14364591200439,71.24998110058772,72.86498260498047,72.86498260498047,21522800
06/04/2001,72.1936340985673,72.45330297229403,70.97130110046949,71.75663757324219,71.75663757324219,14937800
09/04/2001,72.19998430965965,72.82698282045577,71.42731703779535,72.55464935302734,72.55464935302734,9034300
10/04/2001,73.11829339431016,74.5749612365937,72.94096092626467,73.8782958984375,73.8782958984375,17873600
11/04/2001,75.22730797618199,75.36030735288423,73.55530890914183,73.9289779663086,73.9289779663086,12722300
12/04/2001,73.65664047863778,75.32863945374201,73.44130471490192,75.27163696289062,75.27163696289062,9233200
16/04/2001,74.9169819060471,75.29698084493869,74.04298386340156,74.47998046875,74.47998046875,7350000
17/04/2001,74.29631602735003,75.78465291053675,74.11264881980894,75.53131866455078,75.53131866455078,10924700
18/04/2001,76.67131639353465,79.79998397827148,76.43698619969655,78.53331756591797,78.53331756591797,32481600
19/04/2001,78.69167094181944,79.69866867719158,78.267338745101,79.57833862304688,79.57833862304688,13809900
20/04/2001,79.10327153768807,79.4199379531056,78.31794018039749,78.84993743896484,78.84993743896484,7626700
23/04/2001,78.31164988304255,78.46364849564479,77.209651485766,77.41864776611328,77.41864776611328,8451800
24/04/2001,77.59597070832872,78.31164021689419,76.6966388495109,77.00064086914062,77.00064086914062,10044700
25/04/2001,76.89929657428405,78.32429591460188,76.60162927230604,78.00762939453125,78.00762939453125,8249000
26/04/2001,78.36227645397032,79.30594105712812,78.21660777093169,78.35594177246094,78.35594177246094,10590400
27/04/2001,79.11596246962915,79.69862770876857,78.65996190614695,79.66062927246094,79.66062927246094,7938700
30/04/2001,80.08496760024114,80.604300542725,78.95763546889434,80.21797180175781,80.21797180175781,10766900
01/05/2001,79.21094923605784,80.52828288803353,78.91328198631896,80.46495056152344,80.46495056152344,10578000
02/05/2001,80.69295147557409,80.87028392406017,79.79994971890896,80.31928253173828,80.31928253173828,9572900
03/05/2001,79.88227907657203,79.89494844080137,78.67261571779211,79.29961395263672,79.29961395263672,9926200
04/05/2001,78.31165479197948,80.65498580828745,78.17865539362191,80.64865112304688,80.64865112304688,12145300
07/05/2001,80.34464124144452,80.67397234291795,79.9456431091299,79.95197296142578,79.95197296142578,7185200
08/05/2001,80.3446223085791,80.49662087098378,79.5212875009884,79.91395568847656,79.91395568847656,6952600
09/05/2001,79.32500430956044,80.1483396204038,79.20466942346562,79.57833862304688,79.57833862304688,9507400
10/05/2001,80.59795846475255,80.74995703092435,79.65428882123226,79.8126220703125,79.8126220703125,6872400
11/05/2001,79.79995928957565,80.1102911116454,78.78662743958958,79.26162719726562,79.26162719726562,7734400
14/05/2001,79.10330111753555,79.44530155390747,78.82463302154038,79.41996765136719,79.41996765136719,7914000
15/05/2001,79.51498951396914,80.11665415388667,79.07165335070702,79.78732299804688,79.78732299804688,9782200
16/05/2001,79.06533446090201,81.82666830117347,78.92600518033241,81.6683349609375,81.6683349609375,14909000
17/05/2001,81.69999441160854,82.38399552448989,81.4213262177792,81.79499053955078,81.79499053955078,11824600
18/05/2001,81.7569678220598,82.16864013671875,81.12997423594105,82.16864013671875,82.16864013671875,6683100
21/05/2001,82.23200219536487,83.49866893157407,81.79500062514866,83.37833404541016,83.37833404541016,11531500
22/05/2001,83.49230032432187,83.65696344459732,83.01097066697346,83.2706298828125,83.2706298828125,8342700
23/05/2001,82.9983316561454,82.9983316561454,81.85832977294922,81.85832977294922,81.85832977294922,12330800
24/05/2001,81.99764051585818,82.33330629919703,81.41497520017761,82.0989761352539,82.0989761352539,7902800
25/05/2001,82.11167155237683,82.14334015519862,81.0033429328703,81.13001251220703,81.13001251220703,7425000
29/05/2001,81.20597767960486,81.28831408197112,80.36997811062596,80.48397827148438,80.48397827148438,9003900
30/05/2001,80.173623752175,80.4902902585006,79.16662658139444,79.35662841796875,79.35662841796875,10041800
31/05/2001,79.43895663200848,80.28129066310619,79.33129118404938,79.7682876586914,79.7682876586914,9874200
01/06/2001,79.92665080516036,80.49665167221693,79.2426545966415,80.26232147216797,80.26232147216797,8848300
04/06/2001,80.30665543124117,80.70565362631388,79.85065473290146,80.64865112304688,80.64865112304688,5623500
05/06/2001,80.74361094078142,81.84560884574745,80.60427692816396,81.57328033447266,81.57328033447266,9115400
06/06/2001,81.59231063819708,81.59231063819708,80.66131013727784,80.89564514160156,80.89564514160156,12064900
07/06/2001,80.46494396092739,81.28827863386016,80.43327538429673,81.18694305419922,81.18694305419922,7355300
08/06/2001,80.87668109963846,80.98435146037461,79.88868244593655,80.433349609375,80.433349609375,8170600
11/06/2001,80.24959939001194,80.42693180284927,79.42626964013202,79.86326599121094,79.86326599121094,7012200
12/06/2001,79.07797844059112,80.26864303731892,78.55864544466269,79.7239761352539,79.7239761352539,9364400
13/06/2001,79.9076259128472,80.16729477018413,78.94496184923757,79.03996276855469,79.03996276855469,7629400
14/06/2001,78.64732161916928,78.72332334716434,77.10832165890054,77.26665496826172,77.26665496826172,12603000
15/06/2001,76.79412061805229,77.74046973892999,76.47020064138438,77.39114379882812,77.39114379882812,16821100
18/06/2001,77.26410524105171,77.76586202783521,76.79410711439917,77.01640319824219,77.01640319824219,11368300
19/06/2001,77.72779268524657,78.05171278006294,76.78144321919194,77.35306549072266,77.35306549072266,7732300
20/06/2001,76.97195601604191,78.0326295288515,76.91479138800676,77.759521484375,77.759521484375,8787200
21/06/2001,77.62612753774414,78.95355611455743,77.58166832334587,78.64234161376953,78.64234161376953,12259100
22/06/2001,78.43272299848894,78.4962354509684,77.58799817370203,78.02623748779297,78.02623748779297,12212000
25/06/2001,78.2993945694799,78.40101843382219,77.16885572998112,77.30858612060547,77.30858612060547,8406800
26/06/2001,76.78773092586223,77.73407959086829,76.5781354627667,77.20056915283203,77.20056915283203,8005800
27/06/2001,77.23237913999787,77.63886496344313,76.79413948872632,77.15616607666016,77.15616607666016,10105100
28/06/2001,77.48639391347336,78.71855615419389,77.4419347009572,77.5816650390625,77.5816650390625,10269300
29/06/2001,77.99453777331345,78.76305012636121,77.65156447724627,77.86750793457031,77.86750793457031,9824200
02/07/2001,77.99447811637731,78.95987992393788,77.88015377180008,78.83920288085938,78.83920288085938,8522200
03/07/2001,78.74393928089218,78.82015228271484,78.15326428831986,78.82015228271484,78.82015228271484,3303100
05/07/2001,78.16599381539221,78.53437294638724,77.27045679218418,77.28315734863281,77.28315734863281,5517900
06/07/2001,77.04815512554428,77.16247951524787,75.61275482177734,75.61275482177734,75.61275482177734,11665900
09/07/2001,75.892218957053,76.5591121107413,75.70802937321821,76.02559661865234,76.02559661865234,8339300
10/07/2001,76.40031443564637,76.62261049742482,75.07923377466196,75.11099243164062,75.11099243164062,8630700
11/07/2001,75.00937322263931,75.51112999050245,74.36788610857491,75.18721008300781,75.18721008300781,15328600
12/07/2001,75.89859049787543,77.14980653076631,75.77791336403534,76.97196960449219,76.97196960449219,12002800
13/07/2001,76.74965799686531,77.6896592789015,76.6099324638785,77.63884735107422,77.63884735107422,10433800
16/07/2001,77.34027087457326,77.66419059576938,76.40027519734089,76.66703033447266,76.66703033447266,6915300
17/07/2001,76.34313816882108,77.45462315374138,76.10814158753666,77.38475799560547,77.38475799560547,7469800
18/07/2001,76.57178402966623,77.25773018621763,76.25421690300611,76.85759735107422,76.85759735107422,7709300
19/07/2001,77.60073371320732,78.10884325350972,76.69884388257765,77.53086853027344,77.53086853027344,10082900
20/07/2001,76.946535093043,77.4482918607239,76.80045204596992,77.06720733642578,77.06720733642578,6705800
23/07/2001,77.35936934055046,77.41017640817181,75.54923248291016,75.54923248291016,75.54923248291016,8065200
24/07/2001,75.58102254868143,75.70804753905756,74.15196960133241,74.81886291503906,74.81886291503906,12269000
25/07/2001,74.89508732231687,75.88590081105401,74.60292592361665,75.64454650878906,75.64454650878906,12088500
26/07/2001,75.61909920905363,76.75599035294051,75.3015320128514,76.43842315673828,76.43842315673828,12898200
27/07/2001,76.74327333083775,77.07354101192047,76.1589509781661,76.7305679321289,76.7305679321289,8478800
30/07/2001,76.97196023686564,77.073579248501,76.40669085613455,76.75601196289062,76.75601196289062,8547700
31/07/2001,76.85124371706621,77.91826944349438,76.72421880622299,77.07353973388672,77.07353973388672,11918100
01/08/2001,77.46737121274735,77.93101677676322,77.20061583243472,77.55628967285156,77.55628967285156,11940800
02/08/2001,78.26759478901818,78.28029534175717,77.41651238481364,77.87380981445312,77.87380981445312,11070100
03/08/2001,77.71503558522863,77.71503558522863,76.78774006186956,77.44828033447266,77.44828033447266,10816300
06/08/2001,77.07357321565482,77.17519706502792,76.2796550637719,76.40668487548828,76.40668487548828,8550100
07/08/2001,76.38757972437874,76.97825465942628,76.15893589548863,76.70514678955078,76.70514678955078,8865100
08/08/2001,76.29235226225389,76.95289267505983,75.2189734857328,75.28248596191406,75.28248596191406,15183800
09/08/2001,75.39042876120712,75.56191771143062,74.85691835093279,75.50475311279297,75.50475311279297,14118500
10/08/2001,75.45396040057551,76.11449584007833,74.5266600138515,75.76517486572266,75.76517486572266,11173300
13/08/2001,75.96209288405173,76.1208765250492,75.46033599701666,75.78425598144531,75.78425598144531,7431600
14/08/2001,76.3050712939209,76.43844897990185,75.45399324651126,75.75250244140625,75.75250244140625,13178100
15/08/2001,75.72709141608921,75.9684407907202,74.99668574447175,75.09830474853516,75.09830474853516,8520600
16/08/2001,74.81884029883315,75.4222160892708,74.31073079953418,75.35870361328125,75.35870361328125,10734700
17/08/2001,74.72353824266737,74.86326853944112,73.68191856123124,74.15191650390625,74.15191650390625,11604600
20/08/2001,74.18370294112451,74.88234984101996,74.02491933452595,74.837890625,74.837890625,10417400
21/08/2001,74.8188322484077,75.28883033498863,73.54856348253111,73.56126403808594,73.56126403808594,14480800
22/08/2001,74.15195636080087,74.58384803493128,73.53587509152891,74.32344055175781,74.32344055175781,11752300
23/08/2001,74.28534287639279,74.64101670484447,73.98682883650264,74.05669403076172,74.05669403076172,8744100
24/08/2001,74.44411987051916,75.66357704103865,74.14560585732394,75.59371185302734,75.59371185302734,11687700
27/08/2001,75.56194465492518,75.70802286167358,75.11099978667689,75.14275360107422,75.14275360107422,7425100
28/08/2001,75.1236869825939,75.25706460900047,74.04396057128906,74.04396057128906,74.04396057128906,12046600
29/08/2001,74.3932918692383,74.42505052808743,73.14842900427003,73.38343048095703,73.38343048095703,16180000
30/08/2001,72.94519709720197,73.51046642029145,71.16047068468518,71.97344207763672,71.97344207763672,17692600
31/08/2001,72.02423669797653,72.89436766153624,71.85274770884496,72.5005874633789,72.5005874633789,15985400
04/09/2001,72.31004185220158,73.78355329074557,72.00518009012508,72.03693389892578,72.03693389892578,24473400
05/09/2001,72.21477508544922,72.52599441200368,71.10328995095915,72.21477508544922,72.21477508544922,21477100
06/09/2001,71.5478530503466,71.96069115976644,70.35379791259766,70.35379791259766,70.35379791259766,21653000
07/09/2001,69.87745985074774,70.65867701865272,68.99462373452937,69.05178833007812,69.05178833007812,33133900
10/09/2001,68.40398310131647,70.0870904804355,68.40398310131647,69.89655303955078,69.89655303955078,23408700
17/09/2001,64.1485987297022,67.57832675963671,63.513464088814054,66.24454498291016,66.24454498291016,32388700
18/09/2001,66.26358365010016,66.8796648913604,65.6475024088399,66.08574676513672,66.08574676513672,22029200
19/09/2001,66.11747753647347,66.3715322174486,62.59883304604651,64.75193786621094,64.75193786621094,42771800
20/09/2001,63.76748558842229,64.66302244429276,62.59883594018247,62.69410705566406,62.69410705566406,36210900
21/09/2001,60.10517731575523,63.10788556559283,59.79917149598346,62.017730712890625,62.017730712890625,49782100
24/09/2001,63.57323373993232,64.4912603210891,63.15246993561159,64.197998046875,64.197998046875,25549600
25/09/2001,64.22991388494319,65.02681107954545,63.68802476538854,64.867431640625,64.867431640625,25466200
26/09/2001,65.24987903676748,65.2817568396723,64.0258472815919,64.63786315917969,64.63786315917969,18587500
27/09/2001,64.54865540775783,65.21167427906774,63.75175842741515,65.19892120361328,65.19892120361328,20536800
28/09/2001,65.65155383648263,69.88466961812401,65.34554329849311,66.58232879638672,66.58232879638672,21687200
01/10/2001,66.23809767182328,66.50585396949434,65.55595384839961,66.4739761352539,66.4739761352539,20457400
02/10/2001,66.30184855644892,67.30912780761719,66.07871830812041,67.30912780761719,67.30912780761719,19833100
03/10/2001,66.68436411269873,68.77542181899453,66.52498465503746,68.43753814697266,68.43753814697266,32045800
04/10/2001,69.0367849494565,69.47029713374954,68.05500721256128,68.4948959350586,68.4948959350586,32674100
05/10/2001,68.3737787935283,68.60966211238889,67.27087094421326,68.36103057861328,68.36103057861328,29796100
08/10/2001,67.74903126150308,68.4056788439469,67.49402796938527,67.91478729248047,67.91478729248047,12970300
09/10/2001,67.96574847695503,68.05500054757971,67.32185436984288,67.55136108398438,67.55136108398438,15976300
10/10/2001,67.44938084930187,69.20255468659222,67.27087179112318,69.05592346191406,69.05592346191406,19987400
11/10/2001,69.45753486627946,70.31818744664778,69.45753486627946,70.1269302368164,70.1269302368164,23006300
12/10/2001,69.58502874586074,70.0567902841331,68.40562246824385,69.80815887451172,69.80815887451172,31360500
15/10/2001,69.25354639271715,69.7763107151266,68.89016149621149,69.6806869506836,69.6806869506836,16873000
16/10/2001,69.99944988785019,70.51583770147654,69.45755591705165,70.12057495117188,70.12057495117188,15877100
17/10/2001,70.80903853293165,70.86004107865436,68.62873077392578,68.62873077392578,68.62873077392578,28542300
18/10/2001,68.73711696956606,68.95387538670153,68.05497363448254,68.48210906982422,68.48210906982422,16510000
19/10/2001,68.21440787902189,68.79455143956892,67.58326658856829,68.43753814697266,68.43753814697266,21912500
22/10/2001,68.40561288532099,69.8527751145865,68.34823379520782,69.78902435302734,69.78902435302734,17540600
23/10/2001,70.10139703786432,70.30540236567116,69.0941186038746,69.4320068359375,69.4320068359375,22062500
24/10/2001,69.47669920377167,69.77632851525279,68.99218426353839,69.2471923828125,69.2471923828125,16065200
25/10/2001,68.50128394933009,70.50946594182463,68.04864690632809,70.49034118652344,70.49034118652344,27467900
26/10/2001,70.0950265723566,71.26806095671233,69.91652250305427,70.3309097290039,70.3309097290039,18623300
29/10/2001,70.22895915746881,70.47759069610844,68.50128173828125,68.50128173828125,68.50128173828125,18727500
30/10/2001,68.43752922571298,68.66065946457732,67.2963718739503,67.67888641357422,67.67888641357422,26178600
31/10/2001,68.15064750985914,68.7626639577714,67.44937896728516,67.44937896728516,67.44937896728516,28124200
01/11/2001,67.95940156499876,69.49582191200439,67.38563452952206,69.17706298828125,69.17706298828125,29806800
02/11/2001,69.13243111321016,69.73169453192216,68.7690461653144,69.64881896972656,69.64881896972656,17575900
05/11/2001,70.20347734965084,70.82186566619902,70.09509560323437,70.56048583984375,70.56048583984375,15929500
06/11/2001,70.35003188656606,71.70794682536456,70.03127324198363,71.65694427490234,71.65694427490234,23245800
07/11/2001,71.25532978783488,72.1159823154429,71.17245426272065,71.56134033203125,71.56134033203125,19716000
08/11/2001,71.95660970113518,72.72800537528623,71.33821688152597,71.78447723388672,71.78447723388672,22563500
09/11/2001,71.56136594655796,72.01400295596258,71.04497813625643,71.86100006103516,71.86100006103516,15895800
12/11/2001,70.76444688489428,71.8163517978497,70.12692934539072,71.42108917236328,71.42108917236328,26068800
13/11/2001,72.31995861070781,73.02760314941406,72.15420276333293,73.02760314941406,73.02760314941406,15296200
14/11/2001,73.42289350311343,73.56952467659596,72.4921184835929,73.09776306152344,73.09776306152344,17571300
15/11/2001,72.91289249377681,73.42928021338568,72.63238318244682,73.23165130615234,73.23165130615234,19470200
16/11/2001,73.36551514874854,73.37826335865877,72.29448555300503,72.90650177001953,72.90650177001953,18134900
19/11/2001,73.26353086482614,73.85642250377637,72.96389677599795,73.805419921875,73.805419921875,13625400
20/11/2001,73.5504041703098,73.82453692133787,73.08501420177451,73.18701934814453,73.18701934814453,16209700
21/11/2001,72.99580282952591,73.10417971006488,72.36466144205541,72.70254516601562,72.70254516601562,11470200
23/11/2001,72.70254833316851,73.7927034549721,72.67704703124681,73.74807739257812,73.74807739257812,6717100
26/11/2001,73.79263346192019,74.1687663647784,73.35912146819379,73.90738677978516,73.90738677978516,13726000
27/11/2001,73.70978345962837,74.52580517394502,72.73437748836514,73.58865356445312,73.58865356445312,19261400
28/11/2001,73.14876643768065,73.42289919414785,72.19886659665987,72.25624084472656,72.25624084472656,20195500
29/11/2001,72.46025556386834,73.26352426906581,72.03949159687336,73.23165130615234,73.23165130615234,16354700
30/11/2001,72.9319618134108,73.25709691680417,72.6897021872523,72.70883178710938,72.70883178710938,13680300
03/12/2001,72.45387952414943,72.7280122992331,72.04586863061188,72.27537536621094,72.27537536621094,15220400
04/12/2001,72.6260040416231,73.50578144513014,72.26261920309251,73.49940490722656,73.49940490722656,17239900
05/12/2001,73.70339424463985,75.22706059123388,73.67151642595908,74.84455108642578,74.84455108642578,25204000
06/12/2001,74.80631256103516,75.18882701065957,74.54493287525663,74.80631256103516,74.80631256103516,17972900
07/12/2001,74.52577942499683,74.64690441444985,73.76075568423886,74.30902099609375,74.30902099609375,18857800
10/12/2001,73.85640972652098,74.20066979898695,72.90013336873984,72.91925811767578,72.91925811767578,13862700
11/12/2001,73.25076694325594,73.77353113595773,72.61324939782094,72.77262878417969,72.77262878417969,20833300
12/12/2001,73.02763171669122,73.17425801821602,72.10960495841486,72.85549926757812,72.85549926757812,16171500
13/12/2001,72.32638052990916,72.48575995361003,71.42748310945069,71.44023132324219,71.44023132324219,19026700
14/12/2001,71.6123793986363,72.3518975562219,71.40199734626817,72.12239074707031,72.12239074707031,16721900
17/12/2001,72.03313451142039,72.9065356441874,71.97576024435804,72.8682861328125,72.8682861328125,13925900
18/12/2001,73.07863802846057,73.41014989194265,72.89375734764809,73.30177307128906,73.30177307128906,13663700
19/12/2001,72.73434813925844,73.9010059931268,72.67697391556219,73.81813049316406,73.81813049316406,20143400
20/12/2001,73.63324306492039,73.82450018726067,73.02760361729399,73.09135437011719,73.09135437011719,14867900
21/12/2001,73.58586884797994,73.61145784350312,73.05490817222824,73.5346908569336,73.5346908569336,14037700
24/12/2001,73.45795963839328,73.59229826092493,73.31722254413995,73.39398956298828,73.39398956298828,5728800
26/12/2001,73.3427804942913,74.34072691373157,73.3427804942913,73.7969741821289,73.7969741821289,10304800
27/12/2001,73.75862788156057,74.25760132637829,73.72664040202953,74.24480438232422,74.24480438232422,9407300
28/12/2001,74.39192223941991,74.68618843473237,74.1552276368281,74.20640563964844,74.20640563964844,10593800
31/12/2001,74.30241395063054,74.45594318340542,73.07417032721877,73.11894989013672,73.11894989013672,14619500
02/01/2002,73.63704644113855,74.04646060609342,72.80542117323543,73.90572357177734,73.90572357177734,18651900
03/01/2002,73.9825222181476,74.81414296133418,73.91215367087591,74.7437744140625,74.7437744140625,15743000
04/01/2002,74.9548566162128,75.4730252914099,74.55823934355111,75.24272918701172,75.24272918701172,20140700
07/01/2002,75.29391064804446,75.47942724607095,74.56464119682468,74.71177673339844,74.71177673339844,13106500
08/01/2002,74.71178706162081,74.88450674263802,74.18722466663795,74.5390625,74.5390625,12683700
09/01/2002,74.64142213163802,75.34510271302545,73.7842075145777,73.93134307861328,73.93134307861328,16610300
10/01/2002,74.00811216277371,74.43031857115274,73.7586254485943,74.25759887695312,74.25759887695312,12823400
11/01/2002,74.34074271872761,74.38552225013036,73.37477867777929,73.52831268310547,73.52831268310547,13708400
14/01/2002,73.34280947364438,73.46435114929112,72.90140766882203,73.06773376464844,73.06773376464844,12301100
15/01/2002,73.27881822138292,73.81617254099042,72.86300554229481,73.66264343261719,73.66264343261719,20219900
16/01/2002,73.11889257524713,73.18286263204266,72.08895855485108,72.172119140625,72.172119140625,17067000
17/01/2002,72.77345018720405,73.0805084195545,72.54315407263991,72.71587371826172,72.71587371826172,17283400
18/01/2002,72.28724410427841,72.83099673425237,72.07613859174471,72.3832015991211,72.3832015991211,17028000
22/01/2002,72.76705298976594,72.88220104906176,71.66035192650035,71.8842544555664,71.8842544555664,11689300
23/01/2002,72.0505647762136,72.63910192425801,71.66034112743934,72.43439483642578,72.43439483642578,12438900
24/01/2002,72.69665283241693,73.0868763702246,72.49194580279656,72.65827178955078,72.65827178955078,12142800
25/01/2002,72.36403112538092,73.04212248376557,72.31285312987204,72.63910675048828,72.63910675048828,12810700
28/01/2002,72.86301423314836,73.04853083150323,72.23609590489389,72.8374252319336,72.8374252319336,10589200
29/01/2002,72.83099859010845,73.01011664872517,70.40010298222253,70.54723358154297,70.54723358154297,27720800
30/01/2002,70.61767140987924,72.53680371716234,69.34464834595107,71.56444549560547,71.56444549560547,34711800
31/01/2002,71.74351158221242,72.47917940806097,71.40446590192975,72.40241241455078,72.40241241455078,19909200
01/02/2002,72.34487727372813,72.47922080926054,71.75634462911168,72.06340789794922,72.06340789794922,15838500
04/02/2002,71.79467676680575,71.79467676680575,70.00988475114194,70.27216339111328,70.27216339111328,24243400
05/02/2002,69.98430898086988,70.68159087698494,69.42775925343136,69.83717346191406,69.83717346191406,33614000
06/02/2002,70.14427283777611,70.20184445283816,69.12713037956945,69.53654479980469,69.53654479980469,29486000
07/02/2002,69.54933229914694,70.27860194117473,69.08873991879165,69.10153198242188,69.10153198242188,23445400
08/02/2002,69.49177366808395,70.84796214977482,69.28067284001295,70.42575073242188,70.42575073242188,19277800
11/02/2002,70.40015505359341,71.41729258760603,70.2530194648433,71.28935241699219,71.28935241699219,18792400
12/02/2002,70.98224622679426,71.46202889721017,70.38731552025446,71.0654067993164,71.0654067993164,13942500
13/02/2002,71.31490750307997,71.99299886985693,71.23174203919818,71.82027435302734,71.82027435302734,16781100
14/02/2002,71.9738315228716,72.2680977745638,71.38529413888328,71.68595886230469,71.68595886230469,20453800
15/02/2002,71.74353663117337,71.80110823595518,70.82235190983238,70.9375,70.9375,18366800
19/02/2002,70.4641179266836,70.55367701306758,69.4789630958557,69.57492065429688,69.57492065429688,15988100
20/02/2002,69.76041764904997,70.74556732177734,68.97357174819571,70.74556732177734,70.74556732177734,29242800
21/02/2002,70.32338135257862,70.77117678785763,69.25506589941001,69.28065490722656,69.28065490722656,26288600
22/02/2002,69.31262843793706,70.32977062299767,69.00557014552132,70.13785552978516,70.13785552978516,26572900
25/02/2002,70.2018112379718,71.52601144452825,70.1762222387385,71.29571533203125,71.29571533203125,17458700
26/02/2002,71.3916935890778,71.6731677817733,70.73279252945335,71.14860534667969,71.14860534667969,22346500
27/02/2002,71.62197657206421,72.19771691440458,70.78395750080401,71.42366790771484,71.42366790771484,28597900
28/02/2002,71.53881644616803,72.1273488530477,71.02704616503598,71.10381317138672,71.10381317138672,23755400
01/03/2002,71.46843043829999,72.83101152383853,71.33409187048086,72.7606430053711,72.7606430053711,26273600
04/03/2002,72.86300750859596,74.19999975460627,72.70307992621562,74.04647064208984,74.04647064208984,27184600
05/03/2002,73.77783184837563,74.4623220617565,73.54753561951804,73.809814453125,73.809814453125,22718900
06/03/2002,73.63064958545533,74.9420575642055,73.61145905864663,74.68617248535156,74.68617248535156,20143200
07/03/2002,75.07640401567453,75.16596307058703,73.93132195003328,74.52625274658203,74.52625274658203,19330800
08/03/2002,75.08918539192378,75.42183744621809,74.51345008670977,74.8396987915039,74.8396987915039,19930100
11/03/2002,74.77575898128107,75.42186794444046,74.48149274078365,74.9996566772461,74.9996566772461,15621800
12/03/2002,74.2703897059251,75.00605777321171,74.16803856158997,74.95487976074219,74.95487976074219,17153600
13/03/2002,74.60939841373094,74.68616539427907,73.97608668616371,74.23197174072266,74.23197174072266,17175300
14/03/2002,74.23198703763703,74.48147367507806,73.96970346050018,74.12963104248047,74.12963104248047,11168100
15/03/2002,74.39972630610335,75.02843556834867,74.35481850165725,74.83597564697266,74.83597564697266,21220100
18/03/2002,75.12467192885236,75.41978107282232,74.48312903467841,74.84880828857422,74.84880828857422,17548900
19/03/2002,75.25294702761963,75.53522243613888,74.9450044338205,75.34917449951172,75.34917449951172,17912000
20/03/2002,74.73974955671191,74.79107416458406,73.89932990478744,73.93140411376953,73.93140411376953,17114500
21/03/2002,73.96991777773324,74.35484264002991,73.21289676089623,73.9635009765625,73.9635009765625,25846800
22/03/2002,74.09818677200677,74.38046714502374,73.58495062008188,73.8030776977539,73.8030776977539,15235400
25/03/2002,73.83517725531615,74.00839659627708,72.68681965888854,72.88569641113281,72.88569641113281,17499600
26/03/2002,72.82794774515523,73.79026209371195,72.79587353695368,73.3091049194336,73.3091049194336,19947600
27/03/2002,73.1551303000136,73.78384444575069,72.98191588437268,73.5015640258789,73.5015640258789,19020300
28/03/2002,73.75814133401227,74.27137239257303,73.45661557863517,73.46944427490234,73.46944427490234,17532900
01/04/2002,73.28344180658418,73.84158095276982,72.81511337312267,73.5015640258789,73.5015640258789,17711000
02/04/2002,73.12307441711945,73.74536702522958,72.98834607781492,73.097412109375,73.097412109375,15669500
03/04/2002,73.1422885333693,73.27059512244071,71.9554354534196,72.58414459228516,72.58414459228516,25658500
04/04/2002,72.23773836650854,72.75097470690308,72.00037059710826,72.28264617919922,72.28264617919922,23549000
05/04/2002,72.61623497915495,72.8985104979243,71.96827534604225,72.29546356201172,72.29546356201172,19404900
08/04/2002,71.41658562281182,72.51362385822289,71.35884908680458,72.44947052001953,72.44947052001953,16470100
09/04/2002,72.60979371636311,72.60979371636311,71.8078654436937,71.94258880615234,71.94258880615234,15122700
10/04/2002,71.91695315511036,72.8407764337143,71.91053635606907,72.75737762451172,72.75737762451172,17199300
11/04/2002,72.4237697677931,72.52641897010743,70.89048279395212,70.9482192993164,70.9482192993164,25453700
12/04/2002,71.22407193080494,71.62824698437171,70.59536279460733,71.4806900024414,71.4806900024414,14950600
15/04/2002,71.60902395408706,71.76299288754625,70.69802926920856,70.9354019165039,70.9354019165039,17394900
16/04/2002,71.66032079521923,72.69962177714314,71.64107529650292,72.62263488769531,72.62263488769531,15040900
17/04/2002,72.74453730433592,72.92416850422451,72.2377179077456,72.46867370605469,72.46867370605469,12920100
18/04/2002,72.4301680468493,72.78943037392264,71.30746838016302,72.15430450439453,72.15430450439453,25204800
19/04/2002,72.62265192387453,72.64831422637712,72.21206487300047,72.4173583984375,72.4173583984375,10499200
22/04/2002,72.09658532522027,72.12866442626749,71.1086087268861,71.21125793457031,71.21125793457031,13922900
23/04/2002,71.26898423820428,71.5191904224625,70.67876606228221,70.90330505371094,70.90330505371094,16967000
24/04/2002,70.92900140069614,71.73093025117284,70.1848139726381,70.19123077392578,70.19123077392578,18902700
25/04/2002,70.06290327712253,70.4029202492145,69.74854860975616,70.22970581054688,70.22970581054688,25451500
26/04/2002,70.43499818535894,70.57613841171637,68.8311408759954,68.89529418945312,68.89529418945312,19769800
29/04/2002,69.24176420231936,69.45347465268176,68.4077560070299,68.55531311035156,68.55531311035156,17724400
30/04/2002,68.65792449583098,69.69722583900734,68.41413993638264,69.19682312011719,69.19682312011719,19473500
01/05/2002,69.26739660343004,70.08857083789381,68.5167924886078,70.04366302490234,70.04366302490234,24575600
02/05/2002,69.99233796148818,70.51199110228708,69.14550142582027,69.77421569824219,69.77421569824219,15666800
03/05/2002,69.67155295383824,69.77420215986119,68.77339197947165,69.01718139648438,69.01718139648438,18185500
06/05/2002,69.05568310582231,69.28022216057404,67.56088684984267,67.66353607177734,67.66353607177734,23630400
07/05/2002,68.06774417636255,68.20888448762241,67.29789416260135,67.42620086669922,67.42620086669922,21910000
08/05/2002,68.67716969861809,70.15913223773387,68.5103671734162,69.9345932006836,69.9345932006836,27917400
09/05/2002,69.7036639202679,69.99235637866559,69.01721294856632,69.12627410888672,69.12627410888672,18085600
10/05/2002,69.26738504394957,69.31870964868453,67.74692666711631,67.82391357421875,67.82391357421875,18958900
13/05/2002,68.14470762505312,69.2545744268882,67.86884390128981,69.20325469970703,69.20325469970703,14677700
14/05/2002,70.32598196134319,70.80713946133835,69.92822333262914,70.71090698242188,70.71090698242188,34201200
15/05/2002,70.24895713425518,71.15353509606946,70.11423369422457,70.43500518798828,70.43500518798828,29535300
16/05/2002,70.37724619368385,70.87765371040443,70.13987848012728,70.80066680908203,70.80066680908203,28092000
17/05/2002,70.99315628258067,71.37166433278745,70.63388884616072,71.14712524414062,71.14712524414062,27823700
20/05/2002,70.98029483888628,71.01237393664653,70.24251964164878,70.37724304199219,70.37724304199219,13833800
21/05/2002,70.64028796780975,70.87766059901996,69.4919256080369,69.73571014404297,69.73571014404297,16877200
22/05/2002,69.42775974553564,70.00514922072058,69.28661955220343,69.8896713256836,69.8896713256836,15844200
23/05/2002,70.09496415171839,70.80066021709395,69.59456157617177,70.63385772705078,70.63385772705078,13879800
24/05/2002,70.55691556557213,70.69805094266928,69.67799971573827,69.72932434082031,69.72932434082031,11877000
28/05/2002,69.96019909898983,70.01151876995081,68.9337273664909,69.3507308959961,69.3507308959961,24236900
29/05/2002,69.04285611541977,69.2994693874622,68.72849653637425,68.83756256103516,68.83756256103516,14773300
30/05/2002,68.35639585748372,68.97227643525487,67.93939200634948,68.64508819580078,68.64508819580078,18217900
31/05/2002,68.90168698827782,69.64587397541212,68.5488365452945,68.78620910644531,68.78620910644531,19826300
03/06/2002,68.70281703527044,69.03000523819544,66.80385090884114,66.95782470703125,66.95782470703125,26056300
04/06/2002,66.81671111799106,67.49032839867662,66.43178625837285,67.12464904785156,67.12464904785156,25856200
05/06/2002,67.32992862052805,67.7918403137751,66.94500384101688,67.75334930419922,67.75334930419922,19695900
06/06/2002,67.70845710389372,67.74694812234307,66.17516953758165,66.3740463256836,66.3740463256836,22998500
07/06/2002,65.2962299458895,66.6691312418853,65.25773894147689,66.29703521728516,66.29703521728516,24011600
10/06/2002,66.23289368180171,67.01557687450308,66.09175344776253,66.55366516113281,66.55366516113281,18759900
11/06/2002,66.80387513022971,67.06691012657024,65.26417574673825,65.41172790527344,65.41172790527344,19990700
12/06/2002,65.25133461616906,65.95703090127608,64.65469946080184,65.80947875976562,65.80947875976562,31266000
13/06/2002,65.52078813832931,66.07893233857952,65.01396855537253,65.14869689941406,65.14869689941406,21043900
14/06/2002,64.35316776994797,65.15509640787309,63.19197666849927,65.05245208740234,65.05245208740234,39267500
17/06/2002,65.38604244723409,66.93857488286653,65.34113464602433,66.79743957519531,66.79743957519531,17647200
18/06/2002,66.55365072767647,67.38124155222162,66.48308062596138,67.3427505493164,67.3427505493164,21628500
19/06/2002,66.39971048188201,66.9963457573577,65.59136480987954,65.77099609375,65.77099609375,21540700
20/06/2002,65.60417926345141,66.1109987490554,64.77017152368101,64.93055725097656,64.93055725097656,25691000
21/06/2002,64.6814389559635,64.97758111123986,63.52905681659768,63.91532897949219,63.91532897949219,31190700
24/06/2002,63.48395908305425,64.82303980831583,62.60840667897664,64.25006866455078,64.25006866455078,37169700
25/06/2002,64.57195114522152,64.9517837827786,62.79509453825397,62.80796813964844,62.80796813964844,33355000
26/06/2002,61.28861643411645,63.187794005896855,61.282182090465696,62.91096496582031,62.91096496582031,37913600
27/06/2002,63.41313290193454,64.05048179643046,62.17062157347884,64.01185607910156,64.01185607910156,31616400
28/06/2002,63.88956479079066,64.70073961799831,63.657800554445615,63.70930480957031,63.70930480957031,28184200
01/07/2002,63.85088853226187,64.25003882607004,62.376613549944864,62.46674346923828,62.46674346923828,20270200
02/07/2002,62.35732711723492,62.57621275348219,61.01180718905942,61.140567779541016,61.140567779541016,34213900
03/07/2002,60.915226361658455,61.700643647825466,60.33581614095085,61.488197326660156,61.488197326660156,30565800
05/07/2002,62.30584358784056,64.07626177370248,62.228592119592065,63.934627532958984,63.934627532958984,19013500
08/07/2002,63.722160215572345,64.18568360841468,62.80797720971256,63.13631057739258,63.13631057739258,19118600
09/07/2002,62.917426100439044,63.310132403343594,61.166321322803206,61.5461540222168,61.5461540222168,28620400
10/07/2002,61.803703105251266,61.8487681089635,59.254300941565695,59.30580520629883,59.30580520629883,50522500
11/07/2002,59.07398445062611,60.09760494707787,58.14692821858501,59.78858947753906,59.78858947753906,59476500
12/07/2002,60.084778540034776,60.445298508222216,58.91951807991547,59.1319694519043,59.1319694519043,39018600
15/07/2002,58.99675315662351,59.48603358796712,56.582547287888765,59.44740295410156,59.44740295410156,77317200
16/07/2002,58.66195814519743,59.47312740326641,57.85722323001716,58.30143356323242,58.30143356323242,53282400
17/07/2002,59.52469078711619,60.065475741774456,57.78002434612665,58.41737365722656,58.41737365722656,48880600
18/07/2002,58.391586610757,58.64910286796395,56.49241342331963,56.52460479736328,56.52460479736328,32656700
19/07/2002,55.85504171578221,56.36363476564175,54.271324010609085,54.535274505615234,54.535274505615234,77572600
22/07/2002,54.14257856802051,55.30783837631095,52.43653910995294,52.91938018798828,52.91938018798828,78134000
23/07/2002,53.14471261117911,53.58892308521841,51.34210386502565,51.47085952758789,51.47085952758789,74484100
24/07/2002,50.29916984858055,54.79925286282626,50.00946712585344,54.5417366027832,54.5417366027832,107022800
25/07/2002,54.25204488441661,55.26923170855886,52.53313108029639,54.078224182128906,54.078224182128906,87176600
26/07/2002,54.49667568705814,55.3207238512374,53.94945666350608,55.108272552490234,55.108272552490234,41206800
29/07/2002,56.33149097939009,58.15984787184023,56.202735250409404,57.79288864135742,57.79288864135742,53492900
30/07/2002,57.50317320202974,58.84225410171998,57.11690118796548,58.546112060546875,58.546112060546875,47532200
31/07/2002,58.256417390752816,58.93883651027556,57.45812106164745,58.68775939941406,58.68775939941406,44669900
01/08/2002,58.507479672193064,58.81006096287592,56.86582243355913,57.15552520751953,57.15552520751953,66571900
02/08/2002,56.975255431757006,57.239210950137085,55.12114719270336,55.8743782043457,55.8743782043457,51772900
05/08/2002,55.681234521109396,55.964502872767724,53.78850074076733,53.93013000488281,53.93013000488281,47191300
06/08/2002,54.87005823046556,56.588971162942265,54.7928018954494,55.74560546875,55.74560546875,64730000
07/08/2002,56.569689594345085,56.97527452614402,55.217729998250384,56.71775817871094,56.71775817871094,43289400
08/08/2002,56.92376374338697,58.649116688006366,56.52461811679014,58.552547454833984,58.552547454833984,48339800
09/08/2002,58.00533642635209,59.18990968890162,57.52249510497005,58.771446228027344,58.771446228027344,41879200
12/08/2002,57.93448682050158,58.75853476104819,57.651223410759414,58.3400764465332,58.3400764465332,25841700
13/08/2002,58.03749450803353,59.00961585251778,57.07181241941971,57.27782440185547,57.27782440185547,49690500
14/08/2002,57.31002623108025,59.634102140709906,56.66623799930947,59.37015151977539,59.37015151977539,57423600
15/08/2002,59.76934905408229,60.50970714676062,59.3573246203988,60.194252014160156,60.194252014160156,45551500
16/08/2002,59.756422632394994,60.567597168247815,59.22851648626857,60.013938903808594,60.013938903808594,36517300
19/08/2002,60.168475736559145,61.64275206731397,59.936711471619375,61.41742706298828,61.41742706298828,33669900
20/08/2002,61.044010580869625,61.41740899919675,60.27146653276512,60.767181396484375,60.767181396484375,30508300
21/08/2002,61.19849248377815,61.66202068097121,60.23924963285614,61.64270782470703,61.64270782470703,39628900
22/08/2002,61.4753567075256,62.54404787463151,61.204966741769645,62.2414665222168,62.2414665222168,38399800
23/08/2002,61.81011815905326,61.90024813117936,60.61267148741781,60.902374267578125,60.902374267578125,33716400
26/08/2002,61.10196080377401,61.571923595997795,60.194216781319824,61.32728576660156,61.32728576660156,33830100
27/08/2002,61.610551421627044,61.96463702646466,60.194218825708525,60.61912155151367,60.61912155151367,35335700
28/08/2002,60.05259363989575,60.187788642571775,59.09978936054566,59.29292297363281,59.29292297363281,38970600
29/08/2002,58.758581972585255,59.904529779353,58.46243981298812,59.31867980957031,59.31867980957031,42965700
30/08/2002,59.022505703631296,60.12338299835785,58.8422457833319,59.086883544921875,59.086883544921875,30366700
03/09/2002,58.41091779048987,58.58473847976966,56.74994270752651,56.83363342285156,56.83363342285156,76586400
04/09/2002,57.04607880792835,58.101891174280034,56.69199329591999,57.64480209350586,57.64480209350586,51099500
05/09/2002,56.968826008763834,57.57398859012955,56.331476959021956,57.15552520751953,57.15552520751953,67250900
06/09/2002,57.78001281950209,58.30791914684394,57.51605719997315,57.94095993041992,57.94095993041992,38622200
09/09/2002,57.36154671929552,58.81007065115508,57.16841314207706,58.36585998535156,58.36585998535156,33998400
10/09/2002,58.674857672864015,59.08688173858512,58.30145932839355,59.035377502441406,59.035377502441406,41416600
11/09/2002,59.53107830162992,60.08473638531583,58.64908695629009,58.668399810791016,58.668399810791016,27711200
12/09/2002,58.42380288014984,58.481741484060116,57.290733812648234,57.586875915527344,57.586875915527344,43601700
13/09/2002,57.09756412053266,57.87654707700633,56.8142958048284,57.72847366333008,57.72847366333008,41131000
16/09/2002,57.49669992625812,57.87009811401367,56.94948115411277,57.87009811401367,57.87009811401367,28167600
17/09/2002,58.5139207665709,58.70705922974802,56.49242580863501,56.54393005371094,56.54393005371094,47609700
18/09/2002,56.01601710964552,56.975260228609834,55.546049525136475,55.977386474609375,55.977386474609375,54719400
19/09/2002,55.35936491025277,55.880836870888025,54.52887725830078,54.52887725830078,54.52887725830078,48510500
20/09/2002,54.91558216249564,55.096650183002254,54.3529786607406,54.54697799682617,54.54697799682617,46325600
23/09/2002,54.094304733393855,54.359438623753654,53.47349801406371,54.100772857666016,54.100772857666016,46893800
24/09/2002,53.31183495266499,54.094310323527935,52.930294520910635,53.22776412963867,53.22776412963867,69507000
25/09/2002,53.91323992505303,54.81858002758609,53.05316189391309,54.54697799682617,54.54697799682617,59294400
26/09/2002,54.98024897710385,55.59459254650123,54.61164480895884,55.43939208984375,55.43939208984375,53638000
27/09/2002,54.967335358127,55.37473853816611,53.5123176574707,53.5123176574707,53.5123176574707,64648300
30/09/2002,53.02731871699686,53.544660385291145,52.315977623394055,52.891517639160156,52.891517639160156,73096400
01/10/2002,53.30537430691218,55.465264569144736,52.684567436323164,55.43293380737305,55.43293380737305,67198100
02/10/2002,54.76684841156836,55.31005245900426,53.41529655000034,53.77096939086914,53.77096939086914,56749100
03/10/2002,53.76450502383074,54.708648982072,52.99496096911521,53.22776412963867,53.22776412963867,55547000
04/10/2002,53.54462633819019,53.62222408547766,51.46233460127697,52.251277923583984,52.251277923583984,68483700
07/10/2002,51.772752161252384,52.509960600723694,50.796277345473705,51.17134475708008,51.17134475708008,53188000
08/10/2002,51.61106088294366,52.581072080695904,50.56991513599101,51.973201751708984,51.973201751708984,79531000
09/10/2002,51.145474351750195,51.53994611829321,50.298332492649955,50.50526809692383,50.50526809692383,79956400
10/10/2002,50.40180656321307,52.42589574936314,49.83919803397089,52.141357421875,52.141357421875,76749000
11/10/2002,53.09194686123135,54.792703037579805,52.91087888817499,54.42409896850586,54.42409896850586,82308300
14/10/2002,53.80330193397734,54.87031555831211,53.69983660738904,54.72804641723633,54.72804641723633,40631900
15/10/2002,56.25418455911997,57.37293304191965,56.16365057019195,57.3599967956543,57.3599967956543,82320300
16/10/2002,56.52581355395106,56.77801618364822,55.56226511358572,55.96967315673828,55.96967315673828,62977800
17/10/2002,57.46995591507154,57.74802610544148,56.810345261759515,57.081947326660156,57.081947326660156,68534100
18/10/2002,56.68101032922622,57.62515433090341,56.21540398675879,57.32121658325195,57.32121658325195,47448700
21/10/2002,56.98492884041653,58.5240115673706,56.62925607839262,58.31060791015625,58.31060791015625,45859100
22/10/2002,57.5863223352069,58.20712879029275,57.24358096693441,57.890254974365234,57.890254974365234,40966800
23/10/2002,57.405276442052106,58.375287908981726,56.70040381094198,58.330020904541016,58.330020904541016,54905800
24/10/2002,58.685715195722985,58.78271736461172,56.972026657806055,57.14016342163086,57.14016342163086,54987400
25/10/2002,57.043140406526426,58.45289060248014,56.86854051332181,58.330020904541016,58.330020904541016,43672100
28/10/2002,58.944361494749714,59.034895499075965,57.45700868013293,57.948482513427734,57.948482513427734,39416100
29/10/2002,57.60575287413579,57.870886794819135,56.26066902821567,57.27594757080078,57.27594757080078,59508200
30/10/2002,57.347112959936744,58.174855791830204,57.056111316571105,57.83211898803711,57.83211898803711,41688600
31/10/2002,57.980808213107785,58.39467928551545,57.03019639770094,57.243595123291016,57.243595123291016,41620600
01/11/2002,57.13366518002729,58.73095126010851,56.93966587824049,58.37527847290039,58.37527847290039,51878900
04/11/2002,59.36466026108002,60.10186804119482,58.78265282053417,58.9313850402832,58.9313850402832,49080600
05/11/2002,58.74389503725711,59.5393066511724,58.74389503725711,59.397037506103516,59.397037506103516,37270800
06/11/2002,59.804425195836316,60.18596056104401,58.711544346797254,60.166561126708984,60.166561126708984,65013100
07/11/2002,59.50694829735786,59.636286077132276,58.34293788177909,58.692142486572266,58.692142486572266,51572000
08/11/2002,58.54342156374961,59.215963404524786,57.89027916190579,57.97434997558594,57.97434997558594,37905400
11/11/2002,57.88381664178996,57.91614739580559,56.77800420629701,57.07547378540039,57.07547378540039,33505100
12/11/2002,57.334141705842725,58.15541583726522,57.14660558020669,57.528141021728516,57.528141021728516,37724500
13/11/2002,57.114244801049495,58.032520653839576,56.55163667132162,57.58631896972656,57.58631896972656,63891500
14/11/2002,58.245937465967316,58.84734459156001,58.039001946071544,58.67274475097656,58.67274475097656,31896800
15/11/2002,58.200673273187995,59.20302017527467,58.16833759232112,59.10601806640625,59.10601806640625,39152100
18/11/2002,59.59104192728376,59.59104192728376,58.4270261318373,58.5110969543457,58.5110969543457,28934800
19/11/2002,58.213645525739445,58.91205528029045,58.045513681438244,58.43351745605469,58.43351745605469,32806600
20/11/2002,58.187711110067774,59.765591838391416,58.168306751596475,59.73326110839844,59.73326110839844,36688400
21/11/2002,59.88203024374212,60.91024479261438,59.77209681326794,60.84557342529297,60.84557342529297,55128200
22/11/2002,60.45112681809995,60.96199526707846,60.31532084851559,60.412322998046875,60.412322998046875,32513800
25/11/2002,60.418820905849884,60.955562121928445,59.99201321102017,60.45115661621094,60.45115661621094,33846400
26/11/2002,60.18596755477141,60.431701974456686,59.24829193891692,59.30002212524414,59.30002212524414,42284700
27/11/2002,59.830308043191316,61.20772755136338,59.772109720513804,60.96845626831055,60.96845626831055,37764000
29/11/2002,61.30472878021203,61.401725983235764,60.63865007246945,60.77445602416992,60.77445602416992,19385700
02/12/2002,61.73801783610615,62.11309024558323,60.28300015143983,60.8714714050293,60.8714714050293,49911900
03/12/2002,60.302352087140875,60.39935417644016,59.72034448507638,60.056617736816406,60.056617736816406,34407700
04/12/2002,59.3453030528127,60.23124869031033,59.125436141544924,59.78504180908203,59.78504180908203,64040800
05/12/2002,59.9661057498655,60.01137275030041,58.912023558157884,59.12542724609375,59.12542724609375,36724900
06/12/2002,58.278267596422225,59.60394644856206,58.1877336234461,59.51341247558594,59.51341247558594,49824100
09/12/2002,58.89262830722796,59.14483088954461,57.86441853835752,57.877349853515625,57.877349853515625,36789600
10/12/2002,58.213627299650064,58.91203683553622,58.0454955079892,58.65336608886719,58.65336608886719,33319900
11/12/2002,58.47228643668598,59.24829852261641,58.30415467840756,58.7050895690918,58.7050895690918,39201000
12/12/2002,58.97670146729875,59.16423762949847,58.3300270874655,58.698631286621094,58.698631286621094,34465600
13/12/2002,58.14248909488959,58.51109325116296,57.728613000910066,57.77388000488281,57.77388000488281,36862200
16/12/2002,58.08430748110121,59.358257125169835,57.98084211936062,59.267723083496094,59.267723083496094,37098400
17/12/2002,59.086608957885225,59.32587519569217,58.67920115408396,58.750335693359375,58.750335693359375,32353900
18/12/2002,58.4076492338529,58.45938438555901,57.767442766130465,58.071380615234375,58.071380615234375,35612600
19/12/2002,57.78035073038039,58.65336009414426,57.29534498009673,57.65748596191406,57.65748596191406,39264200
20/12/2002,57.96681407514558,58.49969267915643,57.901829846945,58.48019790649414,58.48019790649414,31176900
23/12/2002,58.22025817052896,58.792131298812606,58.038300341703795,58.49969482421875,58.49969482421875,22599300
24/12/2002,58.220256047022296,58.39571891697463,57.99930867950164,58.064292907714844,58.064292907714844,10937000
26/12/2002,58.29171970547354,58.88308737779623,57.73284661483034,58.090267181396484,58.090267181396484,17485600
27/12/2002,57.810840350671995,58.02529272664849,56.78407287597656,56.78407287597656,56.78407287597656,22205700
30/12/2002,57.05050095196542,57.49240045820982,56.6800855539353,57.258453369140625,57.258453369140625,29968000
31/12/2002,57.180492020334256,57.46642856653932,56.608623885902794,57.33646011352539,57.33646011352539,34036600
02/01/2003,57.73939450601378,59.33153612986433,57.5379418145232,59.18206787109375,59.18206787109375,44516300
03/01/2003,59.07806681200957,59.383493186116276,58.811625025984625,59.36399841308594,59.36399841308594,32222600
06/01/2003,59.2925014496039,60.75466860638968,59.247012003045235,60.410247802734375,60.410247802734375,40984500
07/01/2003,60.37126163195957,60.676692915020475,59.916362183025726,60.26078796386719,60.26078796386719,38640400
08/01/2003,59.91637430065289,60.04634772291074,59.169048194081505,59.38999557495117,59.38999557495117,38702200
09/01/2003,59.66943753312744,60.55323705103315,59.403000670306504,60.31278991699219,60.31278991699219,34804900
10/01/2003,59.753879909991305,60.85213120181271,59.65640609188119,60.475215911865234,60.475215911865234,37768900
13/01/2003,60.78715250905532,60.9951049364847,60.07231634964036,60.455726623535156,60.455726623535156,31649900
14/01/2003,60.2348022319413,60.975633346099656,60.052844408531016,60.65070724487305,60.65070724487305,30733000
15/01/2003,60.787141118576336,60.80663588031096,59.72788441452853,60.04631042480469,60.04631042480469,33511800
16/01/2003,60.11131241012018,60.390748979643085,59.42896579957106,59.799381256103516,59.799381256103516,44812100
17/01/2003,59.13005492714711,59.98136474733821,58.584181416165826,58.91560745239258,58.91560745239258,35618300
21/01/2003,59.05206024937113,59.08454987855957,57.80434048866086,57.999298095703125,57.999298095703125,36826200
22/01/2003,57.68742268751072,58.356775141222535,57.187038284037776,57.29751205444336,57.29751205444336,42286500
23/01/2003,57.67435206048267,58.08375694375889,57.1544685939301,57.64835739135742,57.64835739135742,55919800
24/01/2003,57.57038869333729,57.62887795391685,55.99774797787812,56.13421630859375,56.13421630859375,68633900
27/01/2003,55.71184228049982,56.40718407338462,54.91252173526824,55.36741638183594,55.36741638183594,57884400
28/01/2003,55.64684770859006,56.14723672948177,55.32192157584767,55.77682113647461,55.77682113647461,46929100
29/01/2003,55.51039090695685,56.654132521022476,55.08798585468451,56.19923782348633,56.19923782348633,53712200
30/01/2003,56.40066727057006,56.45915158276495,54.84752106789142,54.86701583862305,54.86701583862305,49845900
31/01/2003,54.68506953203574,56.02376362217048,54.68506953203574,55.92628479003906,55.92628479003906,55317000
03/02/2003,55.97828819919999,56.41368813952857,55.83531987061912,56.03677749633789,56.03677749633789,39696000
04/02/2003,55.43885505508254,55.724791431487304,54.78250831175449,55.484344482421875,55.484344482421875,43633400
05/02/2003,55.72482153645488,56.23820532690849,54.89951149229427,55.13995361328125,55.13995361328125,55270600
06/02/2003,54.82805478545221,55.16597588899812,54.36016021286488,54.88003921508789,54.88003921508789,53638000
07/02/2003,55.17897325341379,55.23095768073049,53.91825792884618,54.210689544677734,54.210689544677734,43165000
10/02/2003,54.23666120400853,54.67206096551121,53.71028253586286,54.59408187866211,54.59408187866211,45455900
11/02/2003,54.82801795574987,55.159438923722604,53.82724522729544,54.21715545654297,54.21715545654297,46861000
12/02/2003,54.0417061342445,54.34063752253663,53.346359587461386,53.35285949707031,53.35285949707031,35873600
13/02/2003,53.38535519191793,53.71678117713503,52.638024226732824,53.515323638916016,53.515323638916016,57934100
14/02/2003,53.52834498141604,54.71757112775754,53.17092417148963,54.685081481933594,54.685081481933594,59580900
18/02/2003,54.932006517150114,55.757321600305175,54.84102760438987,55.64684295654297,55.64684295654297,39492700
19/02/2003,55.445390992659064,55.542869816869086,54.76954409157621,55.35441207885742,55.35441207885742,31432000
20/02/2003,55.37388129979244,55.51034960752151,54.62005565357803,54.8020133972168,54.8020133972168,29280100
21/02/2003,54.83452832172324,55.718327734063976,54.2366654716042,55.35441207885742,55.35441207885742,60955800
24/02/2003,55.19192674964897,55.23741618819076,54.32112255159301,54.45759582519531,54.45759582519531,30628600
25/02/2003,53.905223698125575,54.905996415436434,53.43083449451629,54.893001556396484,54.893001556396484,56770600
26/02/2003,54.600549721425985,54.93197554991753,53.98969235982475,54.093666076660156,54.093666076660156,37787200
27/02/2003,54.392620127833524,55.074966832847686,54.04170434820255,54.80852508544922,54.80852508544922,51126000
28/02/2003,54.8930219745963,55.386911087440474,54.69156935769037,55.17245864868164,55.17245864868164,43666800
03/03/2003,55.40638780415473,55.74430869250471,54.40561504076533,54.64605712890625,54.64605712890625,42923100
04/03/2003,54.555093067078474,54.59408757254852,53.71028813757347,53.775272369384766,53.775272369384766,31440500
05/03/2003,53.68429011140956,54.288652849793316,53.52182706300509,54.23016357421875,54.23016357421875,43974700
06/03/2003,53.85325642234577,54.27565640810873,53.59331453712151,53.775272369384766,53.775272369384766,41217700
07/03/2003,53.034421713195876,54.58106767655844,52.91744815576663,54.145668029785156,54.145668029785156,63538000
10/03/2003,53.67778388518429,53.84674682387779,52.703005709455844,52.84597396850586,52.84597396850586,41014100
11/03/2003,52.94993873871413,53.287859569105954,52.300086792749426,52.32607650756836,52.32607650756836,48102700
12/03/2003,52.23513643555231,52.70303097750681,51.58528400683341,52.67703628540039,52.67703628540039,62459800
13/03/2003,53.4048530445309,54.52909951204722,52.98244813044747,54.496604919433594,54.496604919433594,72117800
14/03/2003,54.71754373853932,55.08795922978536,54.16517045622196,54.672054290771484,54.672054290771484,63951800
17/03/2003,54.236670917667105,56.504653995992406,54.08070775805771,56.39418029785156,56.39418029785156,88217500
18/03/2003,56.63463751593448,56.76460601243102,56.06926414441584,56.725616455078125,56.725616455078125,50792300
19/03/2003,56.71909203041743,57.29096506700709,56.329181751456055,57.16099166870117,57.16099166870117,49630800
20/03/2003,56.75160992107556,57.57042035569556,56.114752402835336,57.284488677978516,57.284488677978516,67321600
21/03/2003,57.93954675957715,58.64421311539572,57.37189402214233,58.50719451904297,58.50719451904297,71165300
24/03/2003,57.43060473597658,57.508903197337936,56.34097728303055,56.56282043457031,56.56282043457031,65398900
25/03/2003,56.59541608496313,57.58717624601312,56.39967748488961,57.10434341430664,57.10434341430664,61040100
26/03/2003,57.130479023849794,57.31969660817356,56.63460360765901,56.81729507446289,56.81729507446289,45740800
27/03/2003,56.37363685506105,57.195753771843535,56.10612068435732,56.86299133300781,56.86299133300781,53120200
28/03/2003,56.419270953065286,56.94777183295981,56.275726275077204,56.575862884521484,56.575862884521484,32583000
31/03/2003,55.68852066377513,56.497585079640395,55.0686738491469,55.29051208496094,55.29051208496094,61119500
01/04/2003,55.62326393368705,56.367081962246075,55.40142573968145,56.13871765136719,56.13871765136719,53574000
02/04/2003,57.11743350271225,57.9199717531302,57.0913340098086,57.49586868286133,57.49586868286133,50431200
03/04/2003,57.985232696094236,58.063526209962504,57.18921545196615,57.22183609008789,57.22183609008789,48755500
04/04/2003,57.69813386996618,57.80252686422589,57.169632824972375,57.56111526489258,57.56111526489258,36250100
07/04/2003,58.94434486109043,59.27710712605028,57.397988704686554,57.45018768310547,57.45018768310547,69776200
08/04/2003,57.61331059538649,57.84167492268589,57.22834931967979,57.54153823852539,57.54153823852539,39712700
09/04/2003,57.652472883149784,58.13530115929132,56.615038976689746,56.78468322753906,56.78468322753906,55647300
10/04/2003,56.8238314361579,57.176167207079814,55.92342111800445,57.09787368774414,57.09787368774414,41812400
11/04/2003,57.52199009047471,57.87432093398174,56.673773670845186,56.86299133300781,56.86299133300781,47730100
14/04/2003,57.07175449242144,58.07003634319462,56.7650917062689,58.037410736083984,58.037410736083984,36711700
15/04/2003,57.96565375720831,58.5789794921875,57.691616505482735,58.5789794921875,58.5789794921875,49709800
16/04/2003,58.663763942877644,58.76163076723348,57.437113312640285,57.580657958984375,57.580657958984375,51788000
17/04/2003,57.613298145277085,58.539807488943126,57.541525803925836,58.43540954589844,58.43540954589844,37403100
21/04/2003,58.631174500337,58.8269182256739,58.109194551418426,58.49415588378906,58.49415588378906,32052700
22/04/2003,58.135310239278546,59.740392309012776,57.99829158456636,59.59684753417969,59.59684753417969,59763600
23/04/2003,59.77952214499754,60.25582420188438,59.53157945097547,60.14490509033203,60.14490509033203,44227100
24/04/2003,59.72079383093142,60.079655617214335,59.3488847878605,59.6098747253418,59.6098747253418,49692400
25/04/2003,59.5707459869192,59.681665126042795,58.73557693889016,58.87260055541992,58.87260055541992,43917200
28/04/2003,59.009593878741896,60.151420354860164,58.9182481588899,59.89043045043945,59.89043045043945,46432900
29/04/2003,60.11881654284484,60.54945078793706,59.635988280323105,60.0992431640625,60.0992431640625,52017100
30/04/2003,59.9687385559082,60.39936773615847,59.64250236742772,59.9687385559082,59.9687385559082,48709100
01/05/2003,59.97524741935708,60.503753321535974,59.048738028429995,59.96220016479492,59.96220016479492,50240400
02/05/2003,59.74036380274842,60.98658831871103,59.69469093963804,60.81694412231445,60.81694412231445,50201500
05/05/2003,60.98661345679266,61.18887836565755,60.35371425141065,60.69952392578125,60.69952392578125,35437800
06/05/2003,60.70600999927854,61.58032029900478,60.67991051567914,61.27366256713867,61.27366256713867,44401000
07/05/2003,60.95397584308882,61.42375680941217,60.66036522812163,60.93440246582031,60.93440246582031,41413100
08/05/2003,60.36673685864451,60.89524282288559,60.210144895669146,60.32106399536133,60.32106399536133,40570700
09/05/2003,60.569031306848714,61.20193051126083,60.42548654156299,61.15625762939453,61.15625762939453,33608100
12/05/2003,61.00617924285172,62.06318649346023,60.862634495216845,61.90658950805664,61.90658950805664,35662300
13/05/2003,61.678197655026274,62.10230559014674,61.50203234737486,61.7956428527832,61.7956428527832,39253600
14/05/2003,62.04361432856217,62.141486209714174,61.27370147435873,61.665184020996094,61.665184020996094,32195100
15/05/2003,61.91308831130155,62.200177679909395,61.49550649039993,62.05663299560547,62.05663299560547,43879200
16/05/2003,61.91309074210327,62.27847360524568,61.50203502106806,61.90004348754883,61.90004348754883,38905000
19/05/2003,61.430234558406724,61.606399793082716,60.24273581876465,60.4515266418457,60.4515266418457,41606000
20/05/2003,60.56249669726228,60.699515323653344,59.759953339291705,60.327606201171875,60.327606201171875,55404600
21/05/2003,60.099191194527826,60.601592401390825,59.96869879683938,60.4515266418457,60.4515266418457,49333800
22/05/2003,60.64731463814437,61.36503834394437,60.47114925997433,61.051849365234375,61.051849365234375,38421800
23/05/2003,61.025740929810475,61.31935648771174,60.771277099744246,61.175811767578125,61.175811767578125,26155900
27/05/2003,60.8756962760762,62.53297231865164,60.72562538603132,62.245887756347656,62.245887756347656,43719200
28/05/2003,62.53949191760977,62.944026684182894,62.265454645723345,62.42204666137695,62.42204666137695,37727100
29/05/2003,62.55905165287219,63.17237729920416,62.03707672188207,62.258914947509766,62.258914947509766,50844200
30/05/2003,62.572101514738925,63.34854025295017,62.350258319557746,63.25719451904297,63.25719451904297,52529500
02/06/2003,63.63563371014443,64.23590713602121,63.07450703613846,63.5181884765625,63.5181884765625,50305500
03/06/2003,63.387673417958695,63.837875838102086,63.19192977235361,63.77915573120117,63.77915573120117,38254500
04/06/2003,63.72044171973686,64.82311642675442,63.66171662925068,64.69915008544922,64.69915008544922,49360700
05/06/2003,64.32072985891784,65.01887512207031,64.11846003155843,65.01887512207031,65.01887512207031,46262400
06/06/2003,65.50823006527739,66.16070246636986,64.67958732822711,64.76441192626953,64.76441192626953,60356800
09/06/2003,64.44467580342977,64.65999282013185,63.7922036155819,64.10539245605469,64.10539245605469,37808500
10/06/2003,64.24243497596208,64.76441491208853,64.06626960985193,64.75788879394531,64.75788879394531,29965900
11/06/2003,64.69914474814115,65.50168275415832,64.40552927586813,65.44296264648438,65.44296264648438,37610200
12/06/2003,65.73658651062996,65.83445835462665,64.99929457806337,65.6452407836914,65.6452407836914,36442000
13/06/2003,65.64524198551943,65.73658771413035,64.56213552060598,64.96014404296875,64.96014404296875,48628300
16/06/2003,65.22114661257879,66.35644730103303,65.1167536073497,66.33035278320312,66.33035278320312,36326300
17/06/2003,66.59786390370316,66.66963627265997,66.0497894258183,66.33035278320312,66.33035278320312,36801800
18/06/2003,66.08893783629074,66.64353844651268,65.89972022047951,66.2716293334961,66.2716293334961,35521000
19/06/2003,66.31730696393002,66.37603207965478,65.14285442913798,65.26029968261719,65.26029968261719,43551700
20/06/2003,65.73829661884508,65.81032822354187,65.10311155703704,65.1162109375,65.1162109375,41545000
23/06/2003,65.12279977937155,65.2603183877091,64.12091132060479,64.44832611083984,64.44832611083984,34237500
24/06/2003,64.31736332407817,64.88706187169464,64.18639440810928,64.51380920410156,64.51380920410156,36213600
25/06/2003,64.52034227112661,65.11623944431943,63.86551284790039,63.86551284790039,63.86551284790039,47743400
26/06/2003,64.02922990287462,64.81502832735028,63.49226989432833,64.69715881347656,64.69715881347656,33477300
27/06/2003,64.66440328035829,64.95252981519815,63.89825408102704,63.95064163208008,63.95064163208008,54208800
30/06/2003,64.31734790571116,64.61201915308334,63.826225829456135,63.93099594116211,63.93099594116211,33349000
01/07/2003,63.68215913339121,64.72988517392758,63.145199225369325,64.52033996582031,64.52033996582031,51322800
02/07/2003,64.67749182585545,65.3454205515477,64.54652795600867,65.33232116699219,65.33232116699219,34662100
03/07/2003,64.87390879478879,65.38467461515849,64.10776006423426,64.6578140258789,64.6578140258789,30792800
07/07/2003,65.25372421580947,66.07226063347906,65.25372421580947,65.94129180908203,65.94129180908203,31391100
08/07/2003,65.81033717699432,66.32765286476535,65.59424233350444,66.23597717285156,66.23597717285156,30952500
09/07/2003,66.0853332207372,66.39965329966671,65.50253588325896,65.8626937866211,65.8626937866211,36528500
10/07/2003,65.37815481663833,65.50912367401405,64.58581196433174,65.02455139160156,65.02455139160156,49777700
11/07/2003,65.08350213791192,65.7776197935571,65.08350213791192,65.64010620117188,65.64010620117188,39976300
14/07/2003,66.26872597565364,66.72710950268907,65.77760397979864,65.9609603881836,65.9609603881836,42114900
15/07/2003,66.38659282648058,66.43898036965957,65.4501867249481,65.81689453125,65.81689453125,42573600
16/07/2003,66.01337045477338,66.05266362806779,64.97874348248362,65.43057250976562,65.43057250976562,39894200
17/07/2003,64.92633437336869,65.40435702559186,64.27805468256864,64.50069427490234,64.50069427490234,52253500
18/07/2003,64.84117087617679,65.35194173605456,64.47446820380742,65.16204071044922,65.16204071044922,35698100
21/07/2003,65.12279300720667,65.14898678721596,64.07506678659892,64.35664367675781,64.35664367675781,34786000
22/07/2003,64.62509214593248,65.09656994593304,64.12087088917353,64.93940734863281,64.93940734863281,49968300
23/07/2003,64.96560067543442,65.1227582757216,64.35660935387783,64.98524475097656,64.98524475097656,37275400
24/07/2003,65.47638463998426,65.70557391095697,64.41556430121017,64.494140625,64.494140625,40896200
25/07/2003,64.60546308962545,65.67283308235866,64.19946711280636,65.633544921875,65.633544921875,43241100
28/07/2003,65.72520726502691,66.12465346857415,65.26682383678487,65.39124298095703,65.39124298095703,34382800
29/07/2003,65.57462983450857,65.65321117796975,64.61857930418559,65.09005737304688,65.09005737304688,53472100
30/07/2003,65.22099808522091,65.3192234806226,64.78226364783798,64.93287658691406,64.93287658691406,28363300
31/07/2003,65.46984037737025,66.07883187053308,64.93942520851782,65.08348846435547,65.08348846435547,54937200
01/08/2003,64.95250140450324,65.17514090516674,64.33041074874703,64.50721740722656,64.50721740722656,49321000
04/08/2003,64.37624858688068,64.82808227416206,63.518424046401215,64.50721740722656,64.50721740722656,55214100
05/08/2003,64.44175918487093,64.67094845979287,63.08625762472228,63.13864517211914,63.13864517211914,61415600
06/08/2003,63.31542809112645,64.21254077224407,63.13862143412324,63.50532913208008,63.50532913208008,50096900
07/08/2003,63.62974653348484,64.21909376051532,63.36126918314032,64.17325592041016,64.17325592041016,43427400
08/08/2003,64.38283745676709,64.53345044283229,64.01613452854257,64.35664367675781,64.35664367675781,27357300
11/08/2003,64.34354725678612,64.85431346098731,64.06851507333332,64.59893035888672,64.59893035888672,34631400
12/08/2003,64.6381961297251,65.21444408421422,64.44829504341656,65.1882553100586,65.1882553100586,43285600
13/08/2003,65.36505218330396,65.38469626044451,64.52032189460684,64.85428619384766,64.85428619384766,36152000
14/08/2003,64.89358385602719,65.31922390825368,64.46794380380072,65.03109741210938,65.03109741210938,35525100
15/08/2003,65.06385092481544,65.34542777245755,64.90669326444251,65.2341079711914,65.2341079711914,12567000
18/08/2003,65.43709832236775,65.875832795731,65.31267914492533,65.79725646972656,65.79725646972656,22873800
19/08/2003,65.93475414792489,66.09846144892107,65.48292039847134,66.04607391357422,66.04607391357422,37437700
20/08/2003,65.67284829066728,66.06574497434339,65.58772225792237,65.77761840820312,65.77761840820312,21295300
21/08/2003,66.1705238173372,66.47828948966233,65.74488363771795,65.98716735839844,65.98716735839844,46494200
22/08/2003,66.62888546066151,66.67472331470302,65.30613238978394,65.33232116699219,65.33232116699219,52040300
25/08/2003,65.29305522684113,66.0264661370633,65.01147831448337,65.43711853027344,65.43711853027344,23473000
26/08/2003,65.15547796773234,65.73827531068243,64.7167437874797,65.55492401123047,65.55492401123047,45065800
27/08/2003,65.51565274063441,65.71864816072217,65.2013325778361,65.5745849609375,65.5745849609375,18919500
28/08/2003,65.74483670711788,66.13773313247744,65.26026461570608,65.98057556152344,65.98057556152344,27402400
29/08/2003,65.88236339097621,66.45206656912694,65.79723739716292,66.42587280273438,66.42587280273438,28706600
02/09/2003,66.55684011971057,67.36882693654734,66.17049328610167,67.31644439697266,67.31644439697266,49419100
03/09/2003,67.46704118490477,67.90577548164948,67.30333391036275,67.68313598632812,67.68313598632812,44912400
04/09/2003,67.5129037438273,67.80757994347724,67.29026416697972,67.71590423583984,67.71590423583984,28381000
05/09/2003,67.40812170197661,67.8075679270169,67.0545133226319,67.33609008789062,67.33609008789062,31637300
08/09/2003,67.47362501887487,68.02367934162788,67.40159338194978,67.89271545410156,67.89271545410156,32632800
09/09/2003,67.68966856955052,67.74860077543643,67.23783500729868,67.44738006591797,67.44738006591797,35053200
10/09/2003,67.1396787623329,67.31648555384088,66.49794854562761,66.76642608642578,66.76642608642578,45904900
11/09/2003,66.85807738123533,67.29026716157497,66.68782034692413,66.96285247802734,66.96285247802734,38396300
12/09/2003,66.73363120480339,67.21165361587299,66.36692353779266,67.08723449707031,67.08723449707031,42524800
15/09/2003,67.13307052054928,67.20510211412946,66.7598181701561,66.85149383544922,66.85149383544922,21312800
16/09/2003,66.9432136451389,67.86652052724149,66.90392048278527,67.82723236083984,67.82723236083984,37892600
17/09/2003,67.76174547875365,67.96474098496763,67.48016864951252,67.69625854492188,67.69625854492188,31885800
18/09/2003,67.70934695657014,68.56062200295125,67.55873402749882,68.4951400756836,68.4951400756836,30243600
19/09/2003,68.54117924341156,68.75810372198809,67.96929381914933,68.14677429199219,68.14677429199219,34331600
22/09/2003,67.60772999130108,67.6800381261952,67.0687089044454,67.41053009033203,67.41053009033203,36677400
23/09/2003,67.43685695040294,67.89700033915243,67.2856707769853,67.66693115234375,67.66693115234375,32489200
24/09/2003,67.78521972573306,67.85095303023262,66.43766441540862,66.46395874023438,66.46395874023438,41694700
25/09/2003,66.66114324749918,66.97009018551546,65.86575395679083,65.91834259033203,65.91834259033203,52673100
26/09/2003,66.02351762382199,66.16813385360383,65.63568273348633,65.701416015625,65.701416015625,42914700
29/09/2003,65.93151014300173,66.38507343874056,65.59626378213692,66.34563446044922,66.34563446044922,36771600
30/09/2003,66.04981193970305,66.2338671357425,65.24127802552637,65.701416015625,65.701416015625,70764500
01/10/2003,65.89209394226606,67.16734160628829,65.86579960727128,67.10160827636719,67.10160827636719,65797600
02/10/2003,67.00300181078362,67.41712627841014,66.80579681755309,67.34481811523438,67.34481811523438,44591500
03/10/2003,68.14677809825415,68.5477579088806,67.75894796198374,67.96272277832031,67.96272277832031,48806900
06/10/2003,68.02186365843988,68.3571050160468,67.83780338459356,68.27165222167969,68.27165222167969,20226500
07/10/2003,67.87726370004917,68.56747108619246,67.64719457133475,68.53460693359375,68.53460693359375,42602900
08/10/2003,68.58058708391036,68.62002605371526,67.9758328096359,68.36366271972656,68.36366271972656,30920800
09/10/2003,68.9421266288421,69.16562583918478,68.25191954203828,68.54772186279297,68.54772186279297,40066500
10/10/2003,68.54115263722078,68.75807703159195,68.30451377033206,68.73835754394531,68.73835754394531,22682800
13/10/2003,68.83038733943567,69.21164749642288,68.6989207408818,68.95528411865234,68.95528411865234,23825600
14/10/2003,68.88955456201502,69.30367888357465,68.60032201132792,69.19850158691406,69.19850158691406,38484400
15/10/2003,69.58634806340301,69.60606755599316,68.78438859720099,69.01445770263672,69.01445770263672,39021700
16/10/2003,68.81067990501232,69.50089220615061,68.79096041328782,69.29054260253906,69.29054260253906,32772200
17/10/2003,69.32999164436697,69.43516395386605,68.3505516306222,68.53460693359375,68.53460693359375,32790300
20/10/2003,68.65949006759249,69.04732513427734,68.32424867171211,69.04732513427734,69.04732513427734,27657000
21/10/2003,68.90269127456875,69.20506844492061,68.57401978308252,68.92898559570312,68.92898559570312,26729100
22/10/2003,68.38338355466811,68.48856082972884,67.83121790598483,68.06128692626953,68.06128692626953,33914500
23/10/2003,67.63401657878813,68.3307985097502,67.60114742482138,67.93639373779297,67.93639373779297,45830500
24/10/2003,67.59457822596917,68.08758544921875,67.16730429612711,68.08758544921875,68.08758544921875,51723600
27/10/2003,68.19276864913412,68.48200120465503,67.8838166039422,68.1204605102539,68.1204605102539,32460200
28/10/2003,68.35054299954925,69.11963328204689,68.24536568820074,69.04732513427734,69.04732513427734,34956200
29/10/2003,68.86979980119925,69.30364843662858,68.27819532034445,69.13931274414062,69.13931274414062,30955400
30/10/2003,69.54030650795836,69.65862843144001,68.88953843637351,69.28394317626953,69.28394317626953,39123100
31/10/2003,69.28392632567345,69.50742045171128,69.16560443096897,69.21819305419922,69.21819305419922,25761600
03/11/2003,69.51402253086435,70.07933791435879,69.48772820894263,69.67178344726562,69.67178344726562,37589300
04/11/2003,69.6717930977087,69.85584836152573,69.40228503715656,69.5206069946289,69.5206069946289,31421600
05/11/2003,69.34311210391584,69.65863895256633,68.95528213872727,69.57318115234375,69.57318115234375,33558800
06/11/2003,69.41543815215903,69.967609026034,69.08676656525002,69.94131469726562,69.94131469726562,28392300
07/11/2003,70.09907498928582,70.15166364632334,69.3957180005828,69.42201232910156,69.42201232910156,31723200
10/11/2003,69.50742309047291,69.57315636444262,69.02756567687936,69.13931274414062,69.13931274414062,25530800
11/11/2003,69.08017728438557,69.23794322400643,68.88955221715344,69.11962127685547,69.11962127685547,26558600
12/11/2003,69.17221777044954,69.98732182377375,69.12620395328922,69.89529418945312,69.89529418945312,28000000
13/11/2003,69.68496989317349,70.03336106602961,69.5337787161122,69.9150390625,69.9150390625,29714800
14/11/2003,69.94131421817782,70.30284995222303,69.21166289902737,69.32341003417969,69.32341003417969,49158500
17/11/2003,68.96188433305794,69.11307047552278,68.38999388710513,68.97502899169922,68.97502899169922,44382100
18/11/2003,69.17873401475984,69.31677535933382,68.16642580609131,68.25845336914062,68.25845336914062,41155000
19/11/2003,68.38334608877649,69.02754400775878,68.31103800557055,68.8369140625,68.8369140625,29827000
20/11/2003,68.36366379144303,69.1787676093358,68.19932806117514,68.21904754638672,68.21904754638672,53578700
21/11/2003,68.52142847067512,68.58059194470421,68.11387904679607,68.501708984375,68.501708984375,30016000
24/11/2003,68.81722418576858,69.53372548099273,68.81064935306959,69.40882873535156,69.40882873535156,28906400
25/11/2003,69.50087787746804,69.95444113901284,69.31681762401594,69.67178344726562,69.67178344726562,37580000
26/11/2003,69.95440342998049,69.9741229070097,69.27734130463696,69.92153930664062,69.92153930664062,33053600
28/11/2003,69.86241213611545,70.11220568185978,69.8098234933136,69.97415924072266,69.97415924072266,10507500
01/12/2003,70.237118040418,70.7827140854724,70.2042538903744,70.7301254272461,70.7301254272461,38699000
02/12/2003,70.58548407246145,70.84184742141306,70.3817093630714,70.55261993408203,70.55261993408203,35352000
03/12/2003,70.76296883027733,71.04562649642561,70.38170871963479,70.44087219238281,70.44087219238281,39078600
04/12/2003,70.44746765819276,70.80900841458556,70.29628153470522,70.7301254272461,70.7301254272461,36089500
05/12/2003,70.41458411269109,70.86157755423096,70.0859126120038,70.23709869384766,70.23709869384766,28824400
08/12/2003,70.16477713444817,70.75638672548968,70.12533816675479,70.71037292480469,70.71037292480469,32482900
09/12/2003,70.9273152581074,70.94703474695318,70.0333283194836,70.164794921875,70.164794921875,43596100
10/12/2003,70.1845000573929,70.32254648134041,69.6520539069293,70.15821075439453,70.15821075439453,36915400
11/12/2003,70.12534283520691,71.05876857703103,70.11876800177758,70.947021484375,70.947021484375,45304000
12/12/2003,70.97332826613874,71.12451435566255,70.59206810234323,71.08507537841797,71.08507537841797,34142200
15/12/2003,71.76215402306771,71.80159802430269,70.65124745503711,70.7301254272461,70.7301254272461,38693400
16/12/2003,70.7827091716612,71.32173034323527,70.6775318625101,71.09823608398438,71.09823608398438,32894200
17/12/2003,71.03249137892821,71.32172393798828,70.86158578960152,71.32172393798828,71.32172393798828,23198800
18/12/2003,71.35459749934115,72.13026257956018,71.24942019314807,72.12368774414062,72.12368774414062,29353100
19/12/2003,72.18708560489937,72.23331683839896,71.7115614667169,71.92290496826172,71.92290496826172,41465100
22/12/2003,71.8502579349584,72.42485046386719,71.8436520331107,72.42485046386719,72.42485046386719,27611300
23/12/2003,72.305949477687,72.61635623532293,72.23990055508435,72.47106170654297,72.47106170654297,24741200
24/12/2003,72.33236568676051,72.57012770825025,72.27292770080084,72.3984146118164,72.3984146118164,8055800
26/12/2003,72.45787695962063,72.70224496354268,72.40503981734119,72.4512710571289,72.4512710571289,8308400
29/12/2003,72.71541005982597,73.48813392724819,72.5040666506466,73.41548919677734,73.41548919677734,22483700
30/12/2003,73.36926791466433,73.4881489215103,73.21076158514484,73.4287109375,73.4287109375,19559500
31/12/2003,73.4551332812431,73.65326494363833,73.20415945451994,73.49475860595703,73.49475860595703,31501800
02/01/2004,73.79860224329451,74.09580744704942,73.13155208844513,73.46177673339844,73.46177673339844,38072300
05/01/2004,73.76558071019141,74.31374977575905,73.69953175201127,74.26091766357422,74.26091766357422,27959800
06/01/2004,74.0759975580593,74.45245346589874,73.97032324906587,74.33357238769531,74.33357238769531,20472800
07/01/2004,74.22789049324189,74.67039027956831,73.89766586962614,74.58453369140625,74.58453369140625,30170400
08/01/2004,74.79584206062832,74.9015163091074,74.47882435401661,74.88169860839844,74.88169860839844,36438400
09/01/2004,74.5184586569283,74.96095825847512,74.1486038065202,74.22785949707031,74.22785949707031,54084300
12/01/2004,74.33354707208468,74.7958594194113,74.20806013259889,74.77604675292969,74.77604675292969,31564100
13/01/2004,74.69014781523491,74.78261527731038,73.81175479434735,74.3401107788086,74.3401107788086,54239700
14/01/2004,74.47224470560843,75.06664992555245,74.41280166420056,74.96097564697266,74.96097564697266,30112800
15/01/2004,75.00718036096498,75.3307989067342,74.35333736964449,75.1458740234375,75.1458740234375,38408700
16/01/2004,75.31761303904243,75.49593207202261,75.04682649993832,75.44309997558594,75.44309997558594,31922700
20/01/2004,75.64121289954798,75.72046858277064,75.1722947778376,75.42326354980469,75.42326354980469,29863000
21/01/2004,75.37704854937324,76.14977777032195,75.10626705803249,76.01768493652344,76.01768493652344,30725000
22/01/2004,76.04410746084555,76.20261383082652,75.67425758461442,75.8195571899414,75.8195571899414,29888500
23/01/2004,75.95161278385957,76.19598065635839,75.2581395211728,75.57515716552734,75.57515716552734,44245300
26/01/2004,75.54876309047569,76.5658551872243,75.542157189396,76.52622985839844,76.52622985839844,30460600
27/01/2004,76.44695257314768,76.94228919889161,75.72045986315484,75.74027252197266,75.74027252197266,35322800
28/01/2004,75.93845334437648,76.13658508658857,74.59113633425815,74.87512969970703,74.87512969970703,52621300
29/01/2004,75.00057836138394,75.19210915442274,74.34012943593653,74.94774627685547,74.94774627685547,60117100
30/01/2004,74.974159799707,75.10625260809174,74.6901665602116,74.94774627685547,74.94774627685547,30984400
02/02/2004,75.09305350171927,75.74029577515203,74.70999688971445,75.27137756347656,75.27137756347656,38832400
03/02/2004,75.11945546313439,75.38363602734044,74.9213238190987,75.1458740234375,75.1458740234375,25093500
04/02/2004,74.7562402045867,75.11288334692391,74.49205953928205,74.53168487548828,74.53168487548828,39332600
05/02/2004,74.74298974319632,74.98735761401178,74.4854151134183,74.74959564208984,74.74959564208984,37226800
06/02/2004,74.90813242807972,75.75350643279916,74.76283282623861,75.58839416503906,75.58839416503906,37216000
09/02/2004,75.7336590245903,75.86575180149764,75.48269030670266,75.6081771850586,75.6081771850586,24851300
10/02/2004,75.47609106246097,76.04407745617823,75.46288430301797,75.85254669189453,75.85254669189453,27908100
11/02/2004,75.8525614059342,76.8696534003808,75.40345591538409,76.65830993652344,76.65830993652344,42965700
12/02/2004,76.59230212051997,76.79043387685836,76.33472731010049,76.3809585571289,76.3809585571289,27814700
13/02/2004,76.4932022628879,76.74417106656284,75.78652204105161,76.03749084472656,76.03749084472656,44739900
17/02/2004,76.51300652232989,76.89606810598941,76.46016939930954,76.72434997558594,76.72434997558594,23984300
18/02/2004,76.74420378734675,77.00838450527718,76.18282291101214,76.38756561279297,76.38756561279297,28618000
19/02/2004,76.83000827989858,76.86963359452916,75.99123550217278,76.103515625,76.103515625,51146200
20/02/2004,76.26864889940238,76.32148098723623,75.50252567931564,75.87237548828125,75.87237548828125,46728800
23/02/2004,76.09693325554149,76.12335181973864,75.40345980213753,75.68084716796875,75.68084716796875,36357000
24/02/2004,75.46949614638868,75.94502017673393,74.65054089347485,75.54875183105469,75.54875183105469,43953000
25/02/2004,75.59501236836633,75.9912808677109,75.50254988648017,75.86579895019531,75.86579895019531,31213600
26/02/2004,75.69406081205861,76.14316633669068,75.51573675909349,75.9120101928711,75.9120101928711,29683000
27/02/2004,76.07713155311596,76.44037552580383,75.70727663989392,75.96485137939453,75.96485137939453,39312000
01/03/2004,76.23565093647342,76.83665708496352,76.11676987957695,76.71778106689453,76.71778106689453,33130800
02/03/2004,76.57244448991074,77.25270602770262,76.10352639142143,76.26863861083984,76.26863861083984,38556400
03/03/2004,76.11674185160369,76.52622201653965,75.89879248774298,76.40734100341797,76.40734100341797,31346200
04/03/2004,76.42717259375138,76.67814144412961,76.29507974711005,76.6054916381836,76.6054916381836,21060000
05/03/2004,76.22902950289594,77.23951576122786,76.13656703735094,76.8630599975586,76.8630599975586,55905600
08/03/2004,76.83661132076507,77.02154121821376,75.89217436976648,75.9251937866211,75.9251937866211,39281600
09/03/2004,76.01769026548665,76.0903400694621,75.44970363740225,75.62142181396484,75.62142181396484,39746100
10/03/2004,75.76669265119038,75.79971207029654,74.34012072082892,74.35333251953125,74.35333251953125,67671800
11/03/2004,74.23448080315589,74.80906830270165,73.37589494657527,73.38910675048828,73.38910675048828,89134800
12/03/2004,73.7919520064783,74.43918905579706,73.69288367151017,74.35333251953125,74.35333251953125,54012200
15/03/2004,74.14862836899478,74.20146551353102,73.24381620324198,73.44194793701172,73.44194793701172,57677200
16/03/2004,73.82498284474424,74.00990774458212,73.20415921915222,73.83158874511719,73.83158874511719,59832600
17/03/2004,74.08919405114348,74.80248042143162,74.03635690397525,74.65718078613281,74.65718078613281,41607300
18/03/2004,74.43260348107482,74.80905922568917,73.9240599463182,74.67697143554688,74.67697143554688,60014300
19/03/2004,74.50133370634201,74.60737335972384,73.59334483990168,73.60659790039062,73.60659790039062,48636200
22/03/2004,73.26196368301467,73.2818458022582,72.30758150740408,72.67210388183594,72.67210388183594,62752100
23/03/2004,73.06979587431391,73.16921157387678,72.47993579513137,72.54621124267578,72.54621124267578,54080200
24/03/2004,72.62570181899223,72.99684815071521,72.14188173100517,72.60581970214844,72.60581970214844,51584300
25/03/2004,72.95712184981939,73.76569539846786,72.76491952624785,73.56686401367188,73.56686401367188,49873600
26/03/2004,73.5403300264327,74.0904256382021,73.43429036217665,73.58672332763672,73.58672332763672,37409500
29/03/2004,73.9843676863165,74.7200363713372,73.95123250937692,74.62062072753906,74.62062072753906,44113600
30/03/2004,74.4284541935805,74.93878062564005,74.37543182086239,74.87250518798828,74.87250518798828,39059900
31/03/2004,74.88575181893444,75.15748766339915,74.48146511055462,74.95865631103516,74.95865631103516,48517600
01/04/2004,74.93877774212474,75.46899133592069,74.92552467770105,75.40933990478516,75.40933990478516,45103800
02/04/2004,76.09201601804227,76.11189815063804,75.48890275116537,75.9793472290039,75.9793472290039,50987700
05/04/2004,75.86001303704369,76.46975507486025,75.84675997382642,76.3968505859375,76.3968505859375,30251800
06/04/2004,76.10520278461496,76.33716920821985,75.96602293045204,76.15159606933594,76.15159606933594,28420900
07/04/2004,76.18472528428154,76.204612453169,75.62800591115435,75.97264099121094,75.97264099121094,45890500
08/04/2004,76.48961407780105,76.48961407780105,75.38279408846383,75.80033874511719,75.80033874511719,46929700
12/04/2004,75.93956310743673,76.27094538136707,75.93293404614029,76.09862518310547,76.09862518310547,23085200
13/04/2004,76.39020088058007,76.41671205458584,74.90560547519253,75.03153228759766,75.03153228759766,56210300
14/04/2004,74.63391574131822,75.31656241293753,74.59415148673604,75.15087127685547,75.15087127685547,62322300
15/04/2004,75.1906054368797,75.40931886252748,74.46819479981843,74.86585235595703,74.86585235595703,61602500
16/04/2004,75.14424254387748,75.58829863345139,74.8791407701818,75.44248962402344,75.44248962402344,47059200
19/04/2004,75.25691635983958,75.54852932220327,75.0713380391635,75.44248962402344,75.44248962402344,28277600
20/04/2004,75.60817126453014,75.76723332006797,74.08381097477681,74.17659759521484,74.17659759521484,53299400
21/04/2004,74.36215261813027,74.85922584433834,74.14344424153138,74.67365264892578,74.67365264892578,50177300
22/04/2004,74.54774205963112,75.99919265960762,74.52123087680852,75.72083282470703,75.72083282470703,62071500
23/04/2004,75.83350356588815,75.93291923998065,75.41596380248919,75.79373931884766,75.79373931884766,29395700
26/04/2004,75.88650677406076,76.17812466271036,75.29001793659111,75.68767547607422,75.68767547607422,35515200
27/04/2004,75.70755873343636,76.29741848205241,75.52860956321055,75.75395202636719,75.75395202636719,43485500
28/04/2004,75.48226742658677,75.56180100686575,74.56102494511765,74.77310943603516,74.77310943603516,50165800
29/04/2004,74.70681095534864,75.10446862119534,73.6729000128489,74.11695098876953,74.11695098876953,69687600
30/04/2004,74.34227320688228,74.48145310851291,73.50056473802358,73.54032897949219,73.54032897949219,48681400
03/05/2004,73.81204713887102,74.4217889592819,73.79878902388987,74.3290023803711,74.3290023803711,33758000
04/05/2004,74.39531316125733,75.06470670440571,74.00428454369504,74.2693862915039,74.2693862915039,51185100
05/05/2004,74.50133958100893,74.86585692283425,74.33564850113638,74.7465591430664,74.7465591430664,34405000
06/05/2004,74.2428480968059,74.62062351214448,73.56683079543313,74.10366821289062,74.10366821289062,54997000
07/05/2004,73.71265564616562,74.38204909026486,72.87757110595703,72.87757110595703,72.87757110595703,60950000
10/05/2004,72.53295653307464,72.73841193275702,71.81716958022373,72.12866973876953,72.12866973876953,75279400
11/05/2004,72.54619340076438,72.93722704114342,72.46003584579536,72.73839569091797,72.73839569091797,48300600
12/05/2004,72.61910821541144,73.2619906085073,71.6183323749274,73.20233917236328,73.20233917236328,90830500
13/05/2004,72.74501271771224,73.44091221540498,72.65885012050472,72.89744567871094,72.89744567871094,57393700
14/05/2004,72.87096684186074,73.39455149050363,72.42028670483221,72.93061828613281,72.93061828613281,54123100
17/05/2004,72.16841438349928,72.57270106794043,71.8502903063433,72.3075942993164,72.3075942993164,55020400
18/05/2004,72.56605917055026,72.86430612867363,72.46001951575472,72.67210388183594,72.67210388183594,30193100
19/05/2004,73.23546765075875,73.68614765394614,72.34073670433278,72.4202651977539,72.4202651977539,54804100
20/05/2004,72.53957076263961,72.81793568889721,72.26783995353247,72.6522445678711,72.6522445678711,38082900
21/05/2004,72.88421247113925,73.26861709257233,72.55283022297111,72.77816772460938,72.77816772460938,47480400
24/05/2004,73.25531262956609,73.4077505921473,72.69196417535387,73.08299255371094,73.08299255371094,40961500
25/05/2004,72.83779959023211,74.21635058581151,72.63896827215203,74.13018798828125,74.13018798828125,48668000
26/05/2004,74.00425720131557,74.42179685068857,73.90484155437251,74.38865661621094,74.38865661621094,35977000
27/05/2004,74.58750753876674,74.9122606848532,74.26937839612714,74.80622100830078,74.80622100830078,45306900
28/05/2004,74.71344113284836,74.81285175842768,74.46821645793888,74.79959869384766,74.79959869384766,23367200
01/06/2004,74.53448132984587,74.79958809229691,74.14345277401105,74.7001724243164,74.7001724243164,41044700
02/06/2004,74.91229357175976,75.21054072200863,74.53451789330593,74.97856903076172,74.97856903076172,39774200
03/06/2004,74.76644437378513,75.01829806182205,74.27600017277797,74.28925323486328,74.28925323486328,38688300
04/06/2004,74.87911224365234,75.27676980919335,74.7001630524402,74.87911224365234,74.87911224365234,32739500
07/06/2004,75.17737248107007,76.09198561043566,75.17074342068938,76.01908111572266,76.01908111572266,31643800
08/06/2004,75.80036132184216,76.16487868425642,75.66780541656271,76.12511444091797,76.12511444091797,32846500
09/06/2004,75.89314572200209,76.01906750774509,75.36956128846671,75.41595458984375,75.41595458984375,36737600
10/06/2004,75.58166924312168,75.78712463378906,75.50876473872509,75.78712463378906,75.78712463378906,21711000
14/06/2004,75.43584274272705,75.4557248654083,74.80621859419591,75.0381851196289,75.0381851196289,34633000
15/06/2004,75.48885378438766,75.85337111067963,75.23037611532035,75.5683822631836,75.5683822631836,37445000
16/06/2004,75.55513000488281,75.68768084194438,75.35629869280015,75.55513000488281,75.55513000488281,26633400
17/06/2004,75.45574269011134,75.60155169953929,75.11110735041163,75.44248962402344,75.44248962402344,28402400
18/06/2004,75.34535706531955,75.97728463870232,75.28549296702433,75.58482360839844,75.58482360839844,31799800
21/06/2004,75.66461236339373,75.92403348550106,75.2521968250696,75.29875946044922,75.29875946044922,25284000
22/06/2004,75.25220807277726,75.75109570138876,74.9462242695559,75.67792510986328,75.67792510986328,37334000
23/06/2004,75.5715173749661,76.3896904494796,75.44513085331415,76.32982635498047,76.32982635498047,35580000
24/06/2004,76.20343491838211,76.44955468810684,76.00388287464033,76.0903549194336,76.0903549194336,35272100
25/06/2004,76.10367744252343,76.45622402807956,75.61809105820596,75.72451782226562,75.72451782226562,32837900
28/06/2004,76.17681113461046,76.23668028775597,75.43846212876261,75.4650650024414,75.4650650024414,40824500
29/06/2004,75.5182963817278,75.94401349712697,75.44512577674215,75.77771759033203,75.77771759033203,28418100
30/06/2004,75.87749545238391,76.35642847154558,75.59811954952237,76.18347930908203,76.18347930908203,52230600
01/07/2004,75.99725901814139,76.09703761608743,74.88640314588616,75.12586975097656,75.12586975097656,57734700
02/07/2004,75.27217791043144,75.35864995064418,74.8996716469385,75.08592224121094,75.08592224121094,34615100
06/07/2004,74.74667374446773,74.7998845689475,74.25443428718667,74.42738342285156,74.42738342285156,38698200
07/07/2004,74.37418388275047,74.87972488861327,74.3342744868753,74.64691162109375,74.64691162109375,29839800
08/07/2004,74.37415875308872,74.71340372824885,73.96839644896208,74.12804412841797,74.12804412841797,45291100
09/07/2004,74.31433825683115,74.46067951133892,74.08817311578734,74.32099151611328,74.32099151611328,27412900
12/07/2004,74.18126838270105,74.5271666758927,73.8353751644572,74.35421752929688,74.35421752929688,35691300
13/07/2004,74.44734957878829,74.51386692584008,74.23449102325363,74.40744018554688,74.40744018554688,26752000
14/07/2004,74.00834555156831,74.7600013631589,73.9152202324314,74.18128967285156,74.18128967285156,54089400
15/07/2004,74.32763133908256,74.44071643435807,73.63583962510859,73.70236206054688,73.70236206054688,38403500
16/07/2004,74.2145218923725,74.28103922648707,73.46286637447794,73.64246368408203,73.64246368408203,40871200
19/07/2004,73.66910967856954,73.80879767483513,73.16356854331076,73.32986450195312,73.32986450195312,39592800
20/07/2004,73.52277674072174,74.43408052416115,73.33652605796344,74.2611312866211,74.2611312866211,46679800
21/07/2004,74.38087998598924,74.54052273639752,72.80439196648388,72.890869140625,72.890869140625,56241100
22/07/2004,72.74445416862113,73.42959223168005,72.35199333908619,73.09034729003906,73.09034729003906,72477100
23/07/2004,72.917463154333,72.97732727117067,72.29884190559117,72.47843933105469,72.47843933105469,49610500
26/07/2004,72.63138933964073,72.7910319616242,71.97950726454147,72.33870697021484,72.33870697021484,49679100
27/07/2004,72.53825359955793,73.24334639706746,72.48503770825053,73.01718139648438,73.01718139648438,51295100
28/07/2004,72.87084649586463,73.41629670329145,72.23226593965812,73.2366943359375,73.2366943359375,65862300
29/07/2004,73.52941511075004,73.74892697452748,73.17021526319135,73.54936981201172,73.54936981201172,52200500
30/07/2004,73.3830496551383,73.7688573353966,73.23670846090599,73.72894287109375,73.72894287109375,41581700
02/08/2004,73.29658300404314,74.07484660332275,73.20345770540874,73.88194274902344,73.88194274902344,38263100
03/08/2004,73.78883915396143,73.87531122099944,73.27664986082152,73.30990600585938,73.30990600585938,40948800
04/08/2004,73.09701738683276,73.66907562613306,72.93072150505819,73.30322265625,73.30322265625,40763200
05/08/2004,73.36312351720089,73.42298762453572,72.01944936981079,72.10592651367188,72.10592651367188,50772000
06/08/2004,71.59371733403782,71.81322916545241,70.92188547417919,71.07487487792969,71.07487487792969,74729000
09/08/2004,71.18795353992162,71.49394249153828,71.08818005020817,71.17465209960938,71.17465209960938,37476300
10/08/2004,71.38088191666326,72.11258825874741,71.34762576699147,72.0926284790039,72.0926284790039,55870600
11/08/2004,71.62696819311809,72.05933853568548,71.241160498215,71.94625854492188,71.94625854492188,52933200
12/08/2004,71.62698830169914,71.80658568598227,70.92854331570493,71.16136169433594,71.16136169433594,50015900
13/08/2004,71.24116385594483,71.40745975900491,70.90191879271678,71.30103302001953,71.30103302001953,41634700
16/08/2004,71.2677449114371,72.26551995321562,71.24113696799613,72.03936004638672,72.03936004638672,45731900
17/08/2004,72.33872046490619,72.69126698023766,72.19237925289347,72.44515228271484,72.44515228271484,40701600
18/08/2004,72.18570373876683,73.28325741550866,72.16574904781737,73.19013214111328,73.19013214111328,43165400
19/08/2004,73.04382754211176,73.18351552363673,72.62476359753684,72.97731018066406,72.97731018066406,39881600
20/08/2004,72.91079784067429,73.5892830940879,72.84428047464546,73.48950958251953,73.48950958251953,44870900
23/08/2004,73.53604095069244,73.68237706369811,73.2034491871433,73.30322265625,73.30322265625,33745100
24/08/2004,73.59589605686202,73.65576520597233,73.07040052554683,73.40299224853516,73.40299224853516,30453100
25/08/2004,73.3897272293273,74.01499652784649,73.10369800262883,73.90191650390625,73.90191650390625,38551400
26/08/2004,73.80879118125554,74.04160448788232,73.73562055989434,73.90191650390625,73.90191650390625,26629500
27/08/2004,73.96845437608937,74.25448368209649,73.86868084197714,74.13475036621094,74.13475036621094,24902900
30/08/2004,73.98173689167719,74.06155569306738,73.46954256632712,73.52275848388672,73.52275848388672,26726500
31/08/2004,73.60921587293788,73.94180765604362,73.2367096248949,73.9085464477539,73.9085464477539,44125300
01/09/2004,73.80209808218,74.26107626386812,73.48946613916215,74.0482177734375,74.0482177734375,52778300
02/09/2004,73.99501163328942,74.96617894104547,73.99501163328942,74.88636016845703,74.88636016845703,42736600
03/09/2004,74.72006359706414,75.04600209031149,74.5072050805632,74.58037567138672,74.58037567138672,30480500
07/09/2004,74.85980368868444,75.25225979026814,74.7134624050597,75.07266235351562,75.07266235351562,37338800
08/09/2004,74.91296811763564,75.20564540870558,74.70675778023825,74.88636016845703,74.88636016845703,32963100
09/09/2004,74.8797340962912,75.08593943360069,74.5205342643994,74.81986999511719,74.81986999511719,34314800
10/09/2004,74.84646579050592,75.34535355283806,74.55378842090288,75.2056655883789,75.2056655883789,27900600
13/09/2004,75.37193549697282,75.65796458499419,75.17238350587813,75.4517593383789,75.4517593383789,44398100
14/09/2004,75.36533838115088,75.62475969781111,75.29216774568769,75.60480499267578,75.60480499267578,28048900
15/09/2004,75.36528366622947,75.40519304752608,74.95286811802644,75.0326919555664,75.0326919555664,38295000
16/09/2004,75.06600717976454,75.41190567314389,75.03275102748432,75.2589111328125,75.2589111328125,23911700
17/09/2004,75.4452485775689,75.71911160582317,75.27158456050809,75.57884216308594,75.57884216308594,33683000
20/09/2004,75.25821463487644,75.47195925285419,74.99771354096835,75.12462615966797,75.12462615966797,37149400
21/09/2004,75.31164251626025,75.79256911976238,75.17137310625097,75.45191192626953,75.45191192626953,40920800
22/09/2004,75.14466183145679,75.15801864017669,74.45667152072721,74.5101089477539,74.5101089477539,49042100
23/09/2004,74.54347635369933,74.61027056510589,74.10930633544922,74.10930633544922,74.10930633544922,44068700
24/09/2004,74.25630529981426,74.6303623016462,74.22958657853519,74.45001220703125,74.45001220703125,34981100
27/09/2004,74.20954383900714,74.2763380896916,73.86221067780318,73.97576141357422,73.97576141357422,39355100
28/09/2004,74.08262611662768,74.48339666176513,73.74864981300081,74.32976531982422,74.32976531982422,41662900
29/09/2004,74.28297302285478,74.71046207768147,74.14270365449647,74.70378112792969,74.70378112792969,33325700
30/09/2004,74.5101059479683,74.79732573658131,74.31639910485038,74.65037536621094,74.65037536621094,43536700
01/10/2004,74.98432746203905,75.91278076171875,74.95092780823752,75.91278076171875,75.91278076171875,62824300
04/10/2004,76.21338007736476,76.4404865798455,76.0129973827828,76.03971099853516,76.03971099853516,33082400
05/10/2004,76.0463961717481,76.2534649258721,75.8393325136976,76.07979583740234,76.07979583740234,36910600
06/10/2004,75.9929300111934,76.60076904296875,75.93281675103357,76.60076904296875,76.60076904296875,42297800
07/10/2004,76.40041670412303,76.41377860995078,75.71910729305158,75.77922058105469,75.77922058105469,39388800
08/10/2004,75.57885655038358,75.99298400413473,75.04449229874152,75.1513671875,75.1513671875,51872600
11/10/2004,75.33167505267207,75.49198221070105,75.2381621191491,75.45858764648438,75.45858764648438,20229100
12/10/2004,74.9442473655524,75.36506058358472,74.77058343360964,75.1646728515625,75.1646728515625,41754700
13/10/2004,75.47864340693161,75.52539988484517,74.35648284093251,74.50343322753906,74.50343322753906,54212600
14/10/2004,74.59694639937199,74.7639345489859,73.86219956028553,73.90227508544922,73.90227508544922,64082200
15/10/2004,74.15606350821406,74.63698998869407,73.85548700594991,74.31637573242188,74.31637573242188,63482200
18/10/2004,74.06925597433201,74.74388945954114,73.94234336232256,74.59693908691406,74.59693908691406,43535100
19/10/2004,74.824095263512,74.96436988264492,73.86892223844706,73.9691162109375,73.9691162109375,55851900
20/10/2004,73.72860770821781,74.02250848915929,73.30779939593032,73.8221206665039,73.8221206665039,57118500
21/10/2004,74.00247054301042,74.35648461222821,73.61505680474136,74.30304718017578,74.30304718017578,53218300
22/10/2004,74.26965535305806,74.30973088054202,73.3812771226194,73.46810913085938,73.46810913085938,48752400
25/10/2004,73.30778854854694,73.55493281377534,73.0406065232328,73.38126373291016,73.38126373291016,43990900
26/10/2004,73.56161762032826,74.54350875258672,73.39462947119787,74.50343322753906,74.50343322753906,54337400
27/10/2004,74.39654690651963,75.54542601094414,74.22288292734707,75.39847564697266,75.39847564697266,73896000
28/10/2004,75.33170951400058,75.85271183798761,75.13800260706887,75.6256103515625,75.6256103515625,54413300
29/10/2004,75.55876556530588,75.90609851698747,75.41181524480042,75.61219787597656,75.61219787597656,48820200
01/11/2004,75.85273052522055,76.0397565238997,75.61226707089702,75.8193359375,75.8193359375,36720900
02/11/2004,75.92617461408933,76.52733300335284,75.62559796749466,75.84602355957031,75.84602355957031,56210000
03/11/2004,76.83458017740368,77.05500573956951,76.30689705710068,76.80118560791016,76.80118560791016,76960200
04/11/2004,76.66757492510517,77.93000454137392,76.60078070495696,77.849853515625,77.849853515625,55350300
05/11/2004,78.18386762525448,78.57795728248097,77.80981063810711,78.33749389648438,78.33749389648438,63287200
08/11/2004,78.13712883810419,78.30411705531189,77.9634596653069,78.22396087646484,78.22396087646484,33863800
09/11/2004,78.20388317501553,78.48442201362364,77.9901385699703,78.0702896118164,78.0702896118164,44658100
10/11/2004,78.1905225230701,78.51782293609543,77.99013981917184,78.13040924072266,78.13040924072266,45265400
11/11/2004,78.27063819108092,78.8985148833358,78.21720079257607,78.72484588623047,78.72484588623047,37863200
12/11/2004,78.79838643383177,79.48637694834883,78.60467952553788,79.34610748291016,79.34610748291016,55583700
15/11/2004,79.38695949969474,79.56783893064974,79.20608006873975,79.54104614257812,79.54104614257812,35297900
16/11/2004,79.29317308828283,79.32667174169215,78.8711176556805,78.97160339355469,78.97160339355469,40028700
17/11/2004,79.29986662641141,79.8157121082154,79.09888494659475,79.4405517578125,79.4405517578125,54494000
18/11/2004,79.40704437625543,79.58792889043657,79.20606782971356,79.5477294921875,79.5477294921875,31854300
19/11/2004,79.52094156649291,79.53434307131468,78.47584908216119,78.6634292602539,78.6634292602539,54276500
22/11/2004,78.4959637452277,79.13240247569904,78.40217363525132,79.03861236572266,79.03861236572266,37560200
23/11/2004,79.00506259682771,79.226141332112,78.6299023996236,79.15914916992188,79.15914916992188,41968800
24/11/2004,79.2328407897568,79.4472187858034,79.08546007030414,79.34673309326172,79.34673309326172,29724800
26/11/2004,79.39363718352307,79.70850601923047,79.25295208672989,79.28644561767578,79.28644561767578,15487700
29/11/2004,79.5812181872803,79.72860403635268,78.70360895475417,78.9246826171875,78.9246826171875,61460800
30/11/2004,79.05195676594437,79.21273897569544,78.81078089573059,78.97826385498047,78.97826385498047,53685200
01/12/2004,79.15919505445873,80.05690179274448,79.11899564490365,79.87602233886719,79.87602233886719,49898300
02/12/2004,79.78888369878551,80.30473409450407,79.7285922846019,79.9429702758789,79.9429702758789,60163500
03/12/2004,79.9295985879888,80.48564346721962,79.78221270566966,79.889404296875,79.889404296875,49067900
06/12/2004,79.86262512207031,80.15069620199957,79.61474834267801,79.86262512207031,79.86262512207031,33030500
07/12/2004,80.05018562276341,80.13728006737853,79.07878611707791,79.11898040771484,79.11898040771484,52047200
08/12/2004,79.19266074925119,79.6013196763009,79.0586763943261,79.58122253417969,79.58122253417969,43895100
09/12/2004,79.14579779915485,80.03010818921109,78.87112822685631,79.86262512207031,79.86262512207031,60922800
10/12/2004,79.66829575924379,80.09705174179781,79.62140073337615,79.9429702758789,79.9429702758789,47828600
13/12/2004,80.23103539882517,80.65979135048005,79.95636090198501,80.63969421386719,80.63969421386719,38541000
14/12/2004,80.51240745936381,81.03495346849252,80.51240745936381,80.92106628417969,80.92106628417969,41500700
15/12/2004,80.86078868599199,81.13546325368502,80.59951562028056,80.98137664794922,80.98137664794922,46699200
16/12/2004,80.87418733650048,81.22254970810798,80.4186333975213,80.93447875976562,80.93447875976562,51641800
17/12/2004,80.40813588374492,80.75141665877676,80.206209943089,80.3946762084961,80.3946762084961,70761900
20/12/2004,80.60331454626082,80.96678731160127,80.2129173017856,80.41484832763672,80.41484832763672,47187400
21/12/2004,80.50236401554307,81.094692396107,80.40813088869339,81.03411102294922,81.03411102294922,33094200
22/12/2004,81.02739324094587,81.49856409554583,80.97354939825773,81.22932434082031,81.22932434082031,31500700
23/12/2004,81.35721552451785,81.63318255388671,81.21586580674534,81.28990173339844,81.28990173339844,25646100
27/12/2004,81.57931851319954,81.68701645084943,81.03411182597782,81.12161254882812,81.12161254882812,29944100
28/12/2004,81.20239170089164,81.66683010279078,81.1754672145896,81.56586456298828,81.56586456298828,23422900
29/12/2004,81.49856069768515,81.71395146542119,81.411054828238,81.68702697753906,81.68702697753906,22650600
30/12/2004,81.71394266411565,81.82836787379937,81.47162743459695,81.5322036743164,81.5322036743164,21076900
31/12/2004,81.64665538087476,81.88897067379142,81.31010693352626,81.35722351074219,81.35722351074219,28648800
03/01/2005,81.82163175992365,81.95625417873212,80.70429392807432,80.9735336303711,80.9735336303711,55748000
04/01/2005,81.08120769415807,81.13505664923825,79.72155495795711,79.98406219482422,79.98406219482422,69167600
05/01/2005,79.92348653425815,80.26676722821793,79.42539650255527,79.43212890625,79.43212890625,65667300
06/01/2005,79.7215733307295,80.19947136273552,79.60041572153641,79.83599853515625,79.83599853515625,47814700
07/01/2005,80.07832096028933,80.25332755272267,79.51291702139729,79.7215805053711,79.7215805053711,55847700
10/01/2005,79.65424926198253,80.40811930348248,79.65424926198253,80.09849548339844,80.09849548339844,56563300
11/01/2005,79.85620135534882,79.92351000610509,79.41868742245175,79.54657745361328,79.54657745361328,63099700
12/01/2005,79.69463396001429,79.99079295524804,79.10230569890832,79.8090591430664,79.8090591430664,72720500
13/01/2005,79.85615751776739,79.91673886491611,79.08882802267075,79.16960144042969,79.16960144042969,55537500
14/01/2005,79.40520313643421,79.78213557210363,79.26385347305818,79.5869369506836,79.5869369506836,42032500
18/01/2005,79.45905242728922,80.51581384056229,79.39173866179263,80.41484832763672,80.41484832763672,57391700
19/01/2005,80.3879249462315,80.44850117362245,79.56674629502503,79.57347869873047,79.57347869873047,54378900
20/01/2005,79.35135154190989,79.56000982824852,78.94749464063678,79.0888442993164,79.0888442993164,72049300
21/01/2005,79.28404651072506,79.42539617581659,78.5167168229029,78.60421752929688,78.60421752929688,63160400
24/01/2005,78.81286179427715,78.9811359087601,78.32823665823376,78.44939422607422,78.44939422607422,58441900
25/01/2005,78.69174415237003,79.06867669215656,78.5638541255193,78.67154693603516,78.67154693603516,68245000
26/01/2005,78.96773415864035,79.15620048344239,78.77926783383832,78.90715789794922,78.90715789794922,57195100
27/01/2005,78.88021388574242,79.25714644207933,78.73886417711607,79.04175567626953,79.04175567626953,55878800
28/01/2005,79.08213984007108,79.12252913919356,78.48981651792437,79.04175567626953,79.04175567626953,60738900
31/01/2005,79.39177197245859,79.59370308303461,79.23023016519065,79.53312683105469,79.53312683105469,52532700
01/02/2005,79.59366428881418,80.15233563849763,79.4926987827371,80.03791046142578,80.03791046142578,49841200
02/02/2005,80.13890845796591,80.49564896298737,80.03121563348839,80.28025817871094,80.28025817871094,52468900
03/02/2005,80.13890289081903,80.20621667867782,79.80908689865919,80.07159423828125,80.07159423828125,48837100
04/02/2005,80.09847312486679,81.06100120060353,80.08501345615046,80.92638397216797,80.92638397216797,50024600
07/02/2005,80.93989084571143,81.12162472361997,80.74469215591567,80.81873321533203,80.81873321533203,45412000
08/02/2005,80.88600887213963,81.20909746645752,80.81870024612478,80.91293334960938,80.91293334960938,39263500
09/02/2005,81.05430481425483,81.10142137867486,80.26678289381131,80.30716705322266,80.30716705322266,55279400
10/02/2005,80.54272905921707,80.78503907293157,80.27348943414475,80.59657287597656,80.59657287597656,45858600
11/02/2005,80.56968833218343,81.47164075290686,80.40814653120358,81.28990173339844,81.28990173339844,53133000
14/02/2005,81.23605674690178,81.35048197368073,81.09470703111815,81.22932434082031,81.22932434082031,32432100
15/02/2005,81.31008566002463,81.73413474402214,81.22931220507824,81.5322036743164,81.5322036743164,43852700
16/02/2005,81.39754762413631,81.75428789346306,81.22254112274882,81.58601379394531,81.58601379394531,55523000
17/02/2005,81.59948038498197,81.66678899919975,80.91965157015076,80.92638397216797,80.92638397216797,58124000
18/02/2005,80.93314549123306,81.094692396107,80.70429507897536,81.03411102294922,81.03411102294922,47723300
22/02/2005,80.70428176717178,81.08794661615318,79.81579447819804,79.82925415039062,79.82925415039062,80697600
23/02/2005,80.05137449285156,80.48215588261428,79.84271620149379,80.40138244628906,80.40138244628906,68292600
24/02/2005,80.26006206552634,80.98700785170762,80.08506059262135,80.93315887451172,80.93315887451172,68563600
25/02/2005,80.95332112494013,81.89565733732262,80.89274489940858,81.73411560058594,81.73411560058594,60899900
28/02/2005,81.54566133210697,81.64662685810416,80.79852362917573,81.19564819335938,81.19564819335938,69381300
01/03/2005,81.32354570144514,81.7947113524552,81.29662121634165,81.59951782226562,81.59951782226562,47294400
02/03/2005,81.28316842813048,82.0706904266785,81.2091273716529,81.55913543701172,81.55913543701172,64226500
03/03/2005,81.88892228065926,82.05046400203163,81.24274512453226,81.59275817871094,81.59275817871094,61230800
04/03/2005,82.15144782217634,82.676462385196,81.97644125606315,82.6091537475586,82.6091537475586,56168500
07/03/2005,82.56202017665537,82.95914465161677,82.38701364660042,82.64952087402344,82.64952087402344,43442400
08/03/2005,82.56875515440483,82.79087825537148,82.19182271784514,82.33990478515625,82.33990478515625,44362000
09/03/2005,82.09759613641964,82.31298685091114,81.41776710758222,81.42449951171875,81.42449951171875,73263600
10/03/2005,81.57934534315834,81.7812764750032,81.04087088377538,81.60626983642578,81.60626983642578,65149000
11/03/2005,81.65335875233856,81.92933086334136,80.87930165826201,81.03411102294922,81.03411102294922,57976500
14/03/2005,81.18219237543691,81.55239760990275,80.96006923475741,81.53893280029297,81.53893280029297,36336400
15/03/2005,81.72740005119704,81.75432453542547,80.82545293848544,80.86583709716797,80.86583709716797,62438500
16/03/2005,80.56968300342226,80.87931204319366,80.0312086573296,80.17929077148438,80.17929077148438,74874200
17/03/2005,80.30717105049622,80.5966028564315,80.08505302735756,80.34082794189453,80.34082794189453,62584200
18/03/2005,80.48745154270503,80.77126131600524,79.83874127995134,80.10227966308594,80.10227966308594,60232000
21/03/2005,80.21714899041056,80.26445061615654,79.5751976187881,79.80494689941406,79.80494689941406,61244300
22/03/2005,79.98738822580538,80.36580117744346,78.99404907226562,78.99404907226562,78.99404907226562,92472400
23/03/2005,79.0278792960229,79.54820256485031,78.89273320711577,79.0616683959961,79.0616683959961,70817300
24/03/2005,79.37247912606054,79.7306207689557,79.10218189286897,79.15624237060547,79.15624237060547,51932500
28/03/2005,79.34542712350535,79.69681497691934,79.2710952758789,79.2710952758789,79.2710952758789,46765500
29/03/2005,79.15622823108286,79.66979236686076,78.5548197012928,78.74402618408203,78.74402618408203,71160300
30/03/2005,78.91299371892279,79.87254422207565,78.90623486876197,79.8590316772461,79.8590316772461,62002100
31/03/2005,79.86578026679432,80.04822795376009,79.64954348885752,79.71035766601562,79.71035766601562,64575400
01/04/2005,80.16311299067642,80.40638004178051,79.00084338100282,79.35222625732422,79.35222625732422,95255300
04/04/2005,79.30487235593839,79.6427424647638,78.88591156501894,79.48731994628906,79.48731994628906,71581200
05/04/2005,79.58868955429986,79.99413269222482,79.5143577108732,79.8657455444336,79.8657455444336,46853900
06/04/2005,80.04144492004073,80.37931510569813,79.8589972882013,80.14280700683594,80.14280700683594,53268200
07/04/2005,80.01442623043586,80.58880456081428,79.95360691130692,80.57528686523438,80.57528686523438,46734600
08/04/2005,80.52798073869042,80.55501097284842,79.73736572265625,79.73736572265625,79.73736572265625,63772900
11/04/2005,79.93337665071746,80.02122109522328,79.62253651382039,79.79822540283203,79.79822540283203,44945000
12/04/2005,79.66302492216475,80.45363984942009,79.10891807287177,80.21037292480469,80.21037292480469,86144800
13/04/2005,80.11580321622226,80.27798467081989,79.14949396008399,79.26437377929688,79.26437377929688,65949000
14/04/2005,79.3319057602088,79.39947875358214,78.2304458618164,78.2304458618164,78.2304458618164,96119800
15/04/2005,78.2102130076115,78.52105305464744,77.10199887279072,77.13578796386719,77.13578796386719,128677300
18/04/2005,77.11551962067234,77.68313925366292,77.00739864934556,77.37229919433594,77.37229919433594,100035200
19/04/2005,77.7777300752268,78.06829869478892,77.59528240968353,77.98721313476562,77.98721313476562,64930100
20/04/2005,77.9669506206732,78.13588577511211,76.73034920835406,76.89928436279297,76.89928436279297,107735900
21/04/2005,77.5682502096172,78.52780045256043,77.29119413856827,78.39265441894531,78.39265441894531,86952200
22/04/2005,78.21021921344577,78.72378353670794,77.216879660679,78.09534454345703,78.09534454345703,88845800
25/04/2005,78.29129548525268,78.72376899691663,78.19669222679437,78.60889434814453,78.60889434814453,52284100
26/04/2005,78.35887063888123,78.90621881422419,77.81152246353827,77.84530639648438,77.84530639648438,72626000
27/04/2005,77.61557828348806,78.43322392309092,77.33176842289714,78.1494140625,78.1494140625,84131900
28/04/2005,77.89258232199775,78.1696383203775,77.16954040527344,77.16954040527344,77.16954040527344,72481500
29/04/2005,77.7574609646113,78.29805543957093,77.01414742816006,78.21696472167969,78.21696472167969,103993800
02/05/2005,78.43320098805587,78.66295544289287,78.06154164441854,78.65619659423828,78.65619659423828,56026400
03/05/2005,78.43321722727421,78.96029411065882,78.17643763563588,78.7913589477539,78.7913589477539,86000300
04/05/2005,78.82511966980627,79.56843308793736,78.57509386272545,79.39949798583984,79.39949798583984,81055700
05/05/2005,79.51437954988431,79.73737514141109,78.8859407090756,79.37247467041016,79.37247467041016,96906700
06/05/2005,79.69007647671032,79.73061925649816,79.10218039233266,79.12245178222656,79.12245178222656,67415400
09/05/2005,79.20355860657214,79.79145481052251,79.0954427866512,79.61576080322266,79.61576080322266,43750500
10/05/2005,79.30492328652262,79.39952656531001,78.64945402957282,78.7913589477539,78.7913589477539,74613500
11/05/2005,79.01433800970754,79.33193687416225,78.28453702187431,79.22381591796875,79.22381591796875,91647400
12/05/2005,79.27787819169036,79.4603258650356,78.35211181640625,78.35211181640625,78.35211181640625,95086800
13/05/2005,78.58862415742908,78.80486091656175,77.57501338234009,78.19669342041016,78.19669342041016,85267000
16/05/2005,78.18318724019055,78.9535311302985,78.15616215237252,78.92650604248047,78.92650604248047,49207000
17/05/2005,78.66294482086293,79.5346454264302,78.4940097157469,79.45355987548828,79.45355987548828,61071800
18/05/2005,79.79820347123075,80.46719036454131,79.744148142426,80.27122497558594,80.27122497558594,77944900
19/05/2005,80.42663226043645,80.69017579920519,80.21039550606767,80.60908508300781,80.60908508300781,61768100
20/05/2005,80.64287551071217,80.67666460072223,80.23743220804799,80.49421691894531,80.49421691894531,46345500
23/05/2005,80.55502890527652,81.1158947890575,80.54151636293449,80.94020080566406,80.94020080566406,51047900
24/05/2005,80.7104719166983,80.97401038071659,80.54829043461591,80.75101470947266,80.75101470947266,50654100
25/05/2005,80.64965285725384,81.00104091418252,80.29826995581763,80.69020080566406,80.69020080566406,47608800
26/05/2005,80.94698662213645,81.23079650529115,80.83211192973947,81.1226806640625,81.1226806640625,43256200
27/05/2005,81.12942774512896,81.25782012939453,80.95373887301999,81.25782012939453,81.25782012939453,24596100
31/05/2005,81.14291577960867,81.20372994645227,80.68341205999167,80.73747253417969,80.73747253417969,43377200
01/06/2005,80.76451449523123,81.71055236927724,80.71721285930352,81.42674255371094,81.42674255371094,69611000
02/06/2005,81.2442905756238,81.65648757812106,81.15644100246764,81.60243225097656,81.60243225097656,39704500
03/06/2005,81.46052858502594,81.69027790647267,80.90642151834041,81.19023132324219,81.19023132324219,60999400
06/06/2005,81.05505592952801,81.22399102329985,80.78476390388502,81.11587524414062,81.11587524414062,36046400
07/06/2005,81.35239838027078,81.9335356226937,81.09561884625472,81.17670440673828,81.17670440673828,66501300
08/06/2005,81.37945143256005,81.48756726201057,80.86588706506622,81.02806854248047,81.02806854248047,46881200
09/06/2005,80.91316396797527,81.48078865438976,80.71044491642711,81.41321563720703,81.41321563720703,56653300
10/06/2005,81.46728895160265,81.52810828934399,80.81857856348245,81.2240219116211,81.2240219116211,36465300
13/06/2005,81.04832327409818,81.81866708920388,80.96047370302162,81.48079681396484,81.48079681396484,49383200
14/06/2005,81.39299531075544,81.8998010229158,81.34569365050692,81.67005157470703,81.67005157470703,33857100
15/06/2005,81.87273861791881,81.92679395107756,81.2442996149572,81.82543182373047,81.82543182373047,53195600
16/06/2005,81.80518044233148,82.19711134769389,81.71057714179479,82.0349349975586,82.0349349975586,46564500
17/06/2005,82.46099926086562,82.70524814880783,82.24388971339478,82.33887481689453,82.33887481689453,51529400
20/06/2005,82.14886498352635,82.66449667485553,82.05387992584478,82.36597442626953,82.36597442626953,41019400
21/06/2005,82.43384350263509,82.53561471505861,82.11496278598086,82.41349029541016,82.41349029541016,39879800
22/06/2005,82.55593983536475,82.73234286513033,82.14207417493233,82.48130798339844,82.48130798339844,46310100
23/06/2005,82.31172955477928,82.50169974811202,81.30081378237321,81.3211669921875,81.3211669921875,62185600
24/06/2005,81.33470737536507,81.42291149067357,80.6291003343863,80.72409057617188,80.72409057617188,58572500
27/06/2005,80.71732259892657,81.01585011546764,80.56805884065605,80.83944702148438,80.83944702148438,48183800
28/06/2005,81.00907050884946,81.57898107579872,80.98871729950119,81.5179214477539,81.5179214477539,41174200
29/06/2005,81.66716973650331,81.68752294199325,81.25330397054638,81.30079650878906,81.30079650878906,42316500
30/06/2005,81.56539407138598,81.63323981140765,80.7037371265865,80.85978698730469,80.85978698730469,62288800
01/07/2005,81.04298085235115,81.28044873573431,80.88015002125029,81.09725952148438,81.09725952148438,49737500
05/07/2005,80.90727478833004,81.85713062194317,80.86656838195877,81.74857330322266,81.74857330322266,51549000
06/07/2005,81.68072689679713,81.85712995012126,81.01583144213339,81.06332397460938,81.06332397460938,52363600
07/07/2005,80.25594088442611,81.38219451904297,80.23558768264049,81.38219451904297,81.38219451904297,103268800
08/07/2005,81.39577612329491,82.31170654296875,81.22615918719612,82.31170654296875,82.31170654296875,64491200
11/07/2005,82.3185026807222,82.84092062986778,82.3049304254568,82.73236846923828,82.73236846923828,49688300
12/07/2005,82.76628893701907,83.20050793309046,82.5288262323392,82.94947814941406,82.94947814941406,51871100
13/07/2005,82.95622389786446,83.1258407829864,82.76625381473535,83.06478118896484,83.06478118896484,41182300
14/07/2005,83.43796494685978,83.7500594861193,83.10551202730888,83.39047241210938,83.39047241210938,63638800
15/07/2005,83.3090667742938,83.47868373445573,83.01732539576331,83.34298706054688,83.34298706054688,56075900
18/07/2005,83.11229976268747,83.20049870713156,82.80699134428258,83.01052856445312,83.01052856445312,56598400
19/07/2005,83.25477979621836,83.5261679406537,83.05124257011558,83.46510314941406,83.46510314941406,59165700
20/07/2005,83.17334415070563,83.9468020099239,82.97659309344613,83.75004577636719,83.75004577636719,69477000
21/07/2005,83.82469565757562,83.86540206765326,83.0919492183881,83.26156616210938,83.26156616210938,101110900
22/07/2005,83.3701180262232,83.8314763186022,83.20050108308824,83.81790924072266,83.81790924072266,52607100
25/07/2005,83.72970807013998,84.09607610243927,83.3497626077251,83.5804443359375,83.5804443359375,57301600
26/07/2005,83.60758613658273,83.81112336317169,83.41761081161538,83.68221282958984,83.68221282958984,42758800
27/07/2005,83.79076966532048,84.05537168173869,83.48546123908358,83.9875259399414,83.9875259399414,43181600
28/07/2005,84.10286550174169,84.56422379981953,83.88575601889909,84.51673126220703,84.51673126220703,47880700
29/07/2005,84.40815233730311,84.55741085367482,83.79074436786482,83.95357513427734,83.95357513427734,62358100
01/08/2005,84.01464146098641,84.15711903127003,83.75682046840923,83.89251708984375,83.89251708984375,40418200
02/08/2005,84.0417989750554,84.53707751567188,83.95359485795808,84.39459991455078,84.39459991455078,45147400
03/08/2005,84.2996190808268,84.6320668334722,84.21142013559792,84.61849975585938,84.61849975585938,36837200
04/08/2005,84.28604530866309,84.34031879110184,83.83825413853326,83.94002532958984,83.94002532958984,50855600
05/08/2005,83.75685893647474,84.11645126620809,83.22765481056794,83.37013244628906,83.37013244628906,53595500
08/08/2005,83.55333004827632,83.72973316668924,83.03090682198028,83.21409606933594,83.21409606933594,47616000
09/08/2005,83.4922375235895,83.85182459368673,83.36333217426849,83.71613311767578,83.71613311767578,47170000
10/08/2005,84.00787039203465,84.46922863500465,83.32940269215509,83.67542266845703,83.67542266845703,72863700
11/08/2005,83.63474459776215,84.15038170564199,83.45834665204785,84.00790405273438,84.00790405273438,58570200
12/08/2005,83.8382992178605,83.91971724974329,83.2819556074129,83.49227905273438,83.49227905273438,54776900
15/08/2005,83.60082430495548,84.04182952184088,83.3362222100842,84.00790405273438,84.00790405273438,36208500
16/08/2005,83.75006020753962,83.80433369322326,82.83412460956644,82.91554260253906,82.91554260253906,71942100
17/08/2005,82.90197149121207,83.36332974301119,82.79341417253093,82.90875244140625,82.90875244140625,62275100
18/08/2005,82.80696960447668,83.15298434081474,82.66448685857652,82.9019546508789,82.9019546508789,53388600
19/08/2005,83.20048633679323,83.3293968471434,82.90874503925686,83.09193420410156,83.09193420410156,39842100
22/08/2005,83.16656605995719,83.60757106920485,82.69163559757611,83.09193420410156,83.09193420410156,69912000
23/08/2005,83.1122932491154,83.18692511021843,82.1963628893847,82.9358901977539,82.9358901977539,55168600
24/08/2005,82.73234011839334,83.26833013913043,82.15563852210991,82.19635009765625,82.19635009765625,79104600
25/08/2005,82.33208034382146,82.54918986928952,82.2370952499479,82.49491119384766,82.49491119384766,35631100
26/08/2005,82.42029097774764,82.42707193048747,81.87751453317323,81.93179321289062,81.93179321289062,61956800
29/08/2005,81.69432887536922,82.62382666008182,81.67397048864511,82.5627670288086,82.5627670288086,56179200
30/08/2005,82.26423154635123,82.29815701132301,81.68074874767112,82.1285400390625,82.1285400390625,74160200
31/08/2005,82.22350287439228,83.22085122954462,81.91818930118156,83.16657257080078,83.16657257080078,102945200
01/09/2005,83.12589825602467,83.55333641489139,82.18961426627394,83.10554504394531,83.10554504394531,74578700
02/09/2005,83.34976560584673,83.37011881100678,82.80020836133183,82.95625305175781,82.95625305175781,47653400
06/09/2005,83.22088104303953,83.99433409018285,83.214094914191,83.92648315429688,83.92648315429688,57251300
07/09/2005,83.87897912012392,84.21821304790679,83.76364082698949,84.06895446777344,84.06895446777344,41749700
08/09/2005,83.899344093204,84.13002069758983,83.66187618406647,83.79078674316406,83.79078674316406,39068700
09/09/2005,84.01466097835284,84.6320639263435,83.99430777448363,84.53707885742188,84.53707885742188,43093900
12/09/2005,84.43532316778165,84.58458692529784,84.31319874584102,84.36747741699219,84.36747741699219,33017600
13/09/2005,84.21819799680239,84.41495426090891,83.80433226476762,83.89932250976562,83.89932250976562,58427500
14/09/2005,83.95358114801314,84.07570552564468,83.46508363748694,83.593994140625,83.593994140625,57694600
15/09/2005,83.85184419063002,83.89255578398638,83.38370486557518,83.5533218383789,83.5533218383789,73156900
16/09/2005,84.01119944207117,84.31099255634935,83.71821614520046,84.14746856689453,84.14746856689453,75424100
19/09/2005,84.12699100853865,84.18150071336787,83.56146451718149,83.86807250976562,83.86807250976562,53355300
20/09/2005,83.9430322430025,84.22239061541103,83.03683298230067,83.15947723388672,83.15947723388672,84480300
21/09/2005,82.98233515220105,83.0368448714511,82.29416424208463,82.38274383544922,82.38274383544922,94469100
22/09/2005,82.40998423189556,82.8937514379367,82.06249650699147,82.67571258544922,82.67571258544922,84597200
23/09/2005,82.607599278356,83.0504817142371,82.37594073553636,82.7438735961914,82.7438735961914,59368100
26/09/2005,83.13903405081523,83.28893316147298,82.49856312118524,82.83924102783203,82.83924102783203,70415400
27/09/2005,82.79836446622446,83.11860256239271,82.45768652533617,82.81880950927734,82.81880950927734,66150800
28/09/2005,83.07774301700786,83.20720232940224,82.58035081544065,82.90058898925781,82.90058898925781,58620500
29/09/2005,82.81882109748648,83.7113957640385,82.49858295650974,83.57512664794922,83.57512664794922,66607700
30/09/2005,83.54785431900977,83.83402252197266,82.9482578575647,83.83402252197266,83.83402252197266,47824200
03/10/2005,83.77951398365933,84.03842733306992,83.43202104756503,83.53422546386719,83.53422546386719,50994800
04/10/2005,83.6636767293823,83.82720066081357,82.55306868098302,82.59394836425781,82.59394836425781,60776300
05/10/2005,82.61440329338834,82.65528298412882,81.46972516765797,81.51060485839844,81.51060485839844,106052100
06/10/2005,81.61281618401866,81.93986933259411,80.51583267084558,81.2176284790039,81.2176284790039,140941800
07/10/2005,81.55829065978742,81.79676935862622,81.16991804515347,81.4969711303711,81.4969711303711,75661400
10/10/2005,81.54467298056018,81.56511282549118,80.604403725404,80.80880737304688,80.80880737304688,52677000
11/10/2005,81.07455853493721,81.34710200670919,80.61805120876137,80.69300079345703,80.69300079345703,75629800
12/10/2005,80.66572487982921,81.16992679213799,79.99799900645628,80.05931854248047,80.05931854248047,100510400
13/10/2005,80.03205178077829,80.45449424889881,79.63686416850416,80.01161193847656,80.01161193847656,99052900
14/10/2005,80.48175611398482,80.9518881228655,80.10019329723706,80.85649871826172,80.85649871826172,88651000
17/10/2005,80.94504668800664,81.26527945075298,80.70656807131994,81.15626525878906,81.15626525878906,68109300
18/10/2005,81.04046415163975,81.05408898098491,80.26371892065485,80.27734375,80.27734375,74996900
19/10/2005,80.05932510367646,81.6264458871669,79.8004117109114,81.6128158569336,81.6128158569336,116563800
20/10/2005,81.41526203251857,81.6332958384455,79.92309528503006,80.1751937866211,80.1751937866211,131966700
21/10/2005,80.59759824669428,80.93146121617752,80.0661414222787,80.48857879638672,80.48857879638672,96579500
24/10/2005,80.69979209424937,81.82402513763303,80.67935224958171,81.7354507446289,81.7354507446289,71308400
25/10/2005,81.57192993164062,81.92623271563997,81.04047315647507,81.57192993164062,81.57192993164062,76594500
26/10/2005,81.42885499794167,82.13065082881963,81.21082129127733,81.33346557617188,81.33346557617188,80855800
27/10/2005,81.21760708028192,81.33344151387617,80.35228752499174,80.4681167602539,80.4681167602539,66623100
28/10/2005,80.69296738192284,81.72862590783292,80.46811872093616,81.62642669677734,81.62642669677734,72322000
31/10/2005,81.9603072882506,82.64847824857316,81.85128784179688,81.85128784179688,81.85128784179688,77698900
01/11/2005,82.15788997646568,82.37592364142371,81.91260145359632,82.09656524658203,82.09656524658203,66365100
02/11/2005,81.87854212082375,82.95508575439453,81.85128725940424,82.95508575439453,82.95508575439453,74012300
03/11/2005,83.22762782243007,83.57512080198472,82.95508441098197,83.30938720703125,83.30938720703125,84897600
04/11/2005,83.39797227426907,83.43885196925066,82.8188207359177,83.20037841796875,83.20037841796875,59156000
07/11/2005,83.37752442111939,83.54786339829869,83.02321643751996,83.28213500976562,83.28213500976562,46765400
08/11/2005,83.07772615781727,83.41158909755542,82.9823367464635,83.28213500976562,83.28213500976562,42152800
09/11/2005,83.17994036454519,83.77271674789787,83.03004121526817,83.39115905761719,83.39115905761719,57666800
10/11/2005,83.35708096792922,84.16108116349122,82.95508346931479,84.03843688964844,84.03843688964844,79048100
11/11/2005,84.04525703834608,84.37912000484941,83.41841079967314,84.32461547851562,84.32461547851562,34867000
14/11/2005,84.3450510571254,84.50176000969614,84.06569263109371,84.27691650390625,84.27691650390625,45092200
15/11/2005,84.18149968295113,84.54942719021588,83.711362581634,83.97027587890625,83.97027587890625,69592500
16/11/2005,84.0588961201069,84.18154041464776,83.79316768165737,84.14065551757812,84.14065551757812,51133000
17/11/2005,84.27009333135382,84.93100935009964,83.90216054158812,84.9241943359375,84.9241943359375,55717500
18/11/2005,85.21039243900415,85.36029161315366,84.71300539569114,85.25808715820312,85.25808715820312,72437200
21/11/2005,85.27169698439722,85.78952895465683,85.15586772212423,85.68732452392578,85.68732452392578,50021200
22/11/2005,85.55105255210894,86.20515364897597,85.45566313371167,86.05525970458984,86.05525970458984,66438800
23/11/2005,86.02115569922924,86.81153079332815,85.9939008478812,86.5526123046875,86.5526123046875,50854700
25/11/2005,86.51857408954461,86.68209804929369,86.40273963631994,86.62077331542969,86.62077331542969,15270000
28/11/2005,86.70253379541244,86.71615862544198,85.87809382280804,86.00755310058594,86.00755310058594,54498500
29/11/2005,86.29374860877675,86.51859736287369,85.91218566894531,85.91218566894531,85.91218566894531,51738900
30/11/2005,85.95986950368173,86.20515286423225,85.3670879533234,85.4488525390625,85.4488525390625,56007200
01/12/2005,85.86444869864759,86.55261945663862,85.83719904337926,86.32096099853516,86.32096099853516,65468200
02/12/2005,86.37546770840291,86.58669152960339,86.191503939829,86.42997741699219,86.42997741699219,46699400
05/12/2005,86.3277920974703,86.34823714146002,85.97348930997808,86.24603271484375,86.24603271484375,59273400
06/12/2005,86.56624473967999,87.03637664311161,86.28007139172375,86.40953063964844,86.40953063964844,57935200
07/12/2005,86.37548942018435,86.44362917221486,85.63281394771748,85.90535736083984,85.90535736083984,66816500
08/12/2005,86.00072918459773,86.4095416214938,85.49652735237032,85.850830078125,85.850830078125,62608600
09/12/2005,85.95986196891714,86.38229929570716,85.72819826212942,86.07569122314453,86.07569122314453,50744500
12/12/2005,86.33459415186574,86.43679856313942,85.82357729382969,86.15744018554688,86.15744018554688,48389900
13/12/2005,86.1370246644155,87.00915951665125,86.04845025541253,86.7434310913086,86.7434310913086,88630900
14/12/2005,86.66167665555157,87.27489293475583,86.62760677411399,87.08411407470703,87.08411407470703,64375000
15/12/2005,87.10455425039598,87.21357371273726,86.6548619640734,86.83201599121094,86.83201599121094,55900300
16/12/2005,87.18271284939487,87.2375115352148,86.55254364013672,86.55254364013672,86.55254364013672,46238300
19/12/2005,86.80595449074353,86.90184954577897,86.09358749198846,86.10728454589844,86.10728454589844,48733000
20/12/2005,86.21003183664854,86.71005531199074,85.94974600194223,86.18948364257812,86.18948364257812,46603200
21/12/2005,86.45662258403934,86.82650576338703,86.16893740873184,86.32647705078125,86.32647705078125,51806900
22/12/2005,86.51827336795513,86.778564453125,86.36073371461569,86.778564453125,86.778564453125,32247900
23/12/2005,86.8402351454321,86.89503383519191,86.59364626740371,86.8265380859375,86.8265380859375,27977300
27/12/2005,86.96347890213426,87.0251286986572,85.88122892662159,85.94287872314453,85.94287872314453,44499500
28/12/2005,86.12782293314645,86.29906482991039,85.96343217550168,86.13467407226562,86.13467407226562,30764300
29/12/2005,86.11413063786439,86.27852140459034,85.66204949700774,85.7510986328125,85.7510986328125,32788900
30/12/2005,85.48396534352524,85.6620531709963,85.18257790336116,85.28532409667969,85.28532409667969,44645600
03/01/2006,85.7511331410271,86.99092336872161,85.20315673023806,86.78543090820312,86.78543090820312,73256700
04/01/2006,86.89499318842581,87.32652091017496,86.78539586017243,87.19638061523438,87.19638061523438,51899600
05/01/2006,87.09363529817708,87.3950175021139,86.90869111137047,87.25117492675781,87.25117492675781,47307500
06/01/2006,87.68957918741532,88.07315947659072,87.23749793869618,87.97726440429688,87.97726440429688,62885900
09/01/2006,87.96356519048163,88.40194417222828,87.93617107677593,88.20330810546875,88.20330810546875,43527400
10/01/2006,87.94302093180492,88.34714945068852,87.85397176765844,88.29235076904297,88.29235076904297,44960800
11/01/2006,88.37453748445193,88.66222267043655,88.17589099417678,88.57317352294922,88.57317352294922,49598900
12/01/2006,88.41564421135253,88.55263567996346,87.97726524073009,88.2238540649414,88.2238540649414,40509200
13/01/2006,88.06631854099435,88.29234872635564,87.8128733377748,88.14165496826172,88.14165496826172,44856700
17/01/2006,87.8128825912253,87.96357636519886,87.54574552859593,87.90193176269531,87.90193176269531,52066600
18/01/2006,87.38819098248895,88.29234302084596,87.10050576793087,87.55258178710938,87.55258178710938,75067600
19/01/2006,87.76492492787764,88.20330388866637,87.54573022159384,87.88821411132812,87.88821411132812,81530400
20/01/2006,87.86767444248767,87.88822264172381,86.285400390625,86.285400390625,86.285400390625,114957800
23/01/2006,86.44977008550488,86.86760078750508,86.39497141700582,86.59361267089844,86.59361267089844,67017400
24/01/2006,86.73747167563901,87.09365786242009,86.59362906301617,86.68267822265625,86.68267822265625,53008800
25/01/2006,87.01828905507551,87.11418410598992,86.1963247568098,86.75800323486328,86.75800323486328,87747700
26/01/2006,87.16214854975011,87.44983375833348,86.82651580640284,87.23749542236328,87.23749542236328,71294000
27/01/2006,87.44298894230148,88.12795671947424,87.29914111031252,88.0457534790039,88.0457534790039,65771200
30/01/2006,87.97726440429688,88.23069914140655,87.91561981177489,87.97726440429688,87.97726440429688,33709600
31/01/2006,87.89507553998527,88.0457588445094,87.32654577018283,87.3333969116211,87.3333969116211,72937000
01/02/2006,87.55255423039978,87.97037963857467,87.4840585188574,87.94298553466797,87.94298553466797,63561000
02/02/2006,87.74438119977327,87.7717753135646,86.85392095075402,86.92241668701172,86.92241668701172,83626900
03/02/2006,86.70321879963404,87.9430087512807,86.40183131821705,86.49087524414062,86.49087524414062,86040400
06/02/2006,86.60733443893767,86.85392327678103,86.42239019761021,86.71692657470703,86.71692657470703,45511900
07/02/2006,86.56622726621292,86.75802263682185,85.89496175969488,85.94976043701172,85.94976043701172,71208100
08/02/2006,86.203200808942,87.74438366035247,86.03195885055082,86.73062896728516,86.73062896728516,59422200
09/02/2006,86.93609886690581,87.40187710999716,86.55936976901161,86.5867691040039,86.5867691040039,62023300
10/02/2006,86.6004811163311,87.07995649678995,85.929210357799,86.74432373046875,86.74432373046875,64508700
13/02/2006,86.71690941285628,86.84705494759747,86.27167936453696,86.5867691040039,86.5867691040039,52308700
14/02/2006,86.6210446650401,87.69644411683534,86.44980268083137,87.50465393066406,87.50465393066406,90964400
15/02/2006,87.45667767072045,87.89506181418581,87.15529020517832,87.81285858154297,87.81285858154297,85471300
16/02/2006,87.90874236878624,88.50467130896273,87.7991450405036,88.47042083740234,88.47042083740234,61017900
17/02/2006,88.39508601725082,88.47043288423288,88.0731503539436,88.2306900024414,88.2306900024414,40342600
21/02/2006,88.43617409785456,88.63481011844485,87.87449560553557,88.0114974975586,88.0114974975586,46456300
22/02/2006,88.20330012147534,88.80606463445379,88.12109688424042,88.54578399658203,88.54578399658203,42326700
23/02/2006,88.5457720531494,88.79920674197491,87.8676503092659,88.4156265258789,88.4156265258789,43423200
24/02/2006,88.43619305553173,88.68962779690354,88.19645014487575,88.64168548583984,88.64168548583984,36777400
27/02/2006,88.6348117396766,89.07319062754871,88.55261896438094,88.67591857910156,88.67591857910156,35858600
28/02/2006,88.49782404083629,88.98415570272326,87.76491404263078,87.83340454101562,87.83340454101562,74394800
01/03/2006,88.08687060538311,88.69649158014207,88.01836963895984,88.61428833007812,88.61428833007812,48641600
02/03/2006,88.29232453271837,88.64851063168275,88.0936885160859,88.60741424560547,88.60741424560547,60642300
03/03/2006,88.13481231089312,89.09377357528628,88.12111002734723,88.19645690917969,88.19645690917969,73402500
06/03/2006,88.45671678145479,88.4841108870869,87.57310793700744,87.79229736328125,87.79229736328125,57478400
07/03/2006,87.57995710156844,87.71694853019258,87.2648726350225,87.65530395507812,87.65530395507812,61780800
08/03/2006,87.4703445592381,87.97722425391048,87.11416377125342,87.8402328491211,87.8402328491211,66692400
09/03/2006,87.86764683963267,88.1416297112319,87.25117492675781,87.25117492675781,87.25117492675781,56313600
10/03/2006,87.47723966020322,88.25125141543965,87.29230064820504,88.08000946044922,88.08000946044922,60490800
13/03/2006,88.25123067957546,88.47042534731449,88.03889237756391,88.244384765625,88.244384765625,45479100
14/03/2006,88.16219736648146,89.20334074639075,88.09369641569215,89.1690902709961,89.1690902709961,69877300
15/03/2006,89.14859056597336,89.63492249683753,88.94310850539462,89.56642150878906,89.56642150878906,53398900
16/03/2006,89.73764048898889,90.05273032062293,89.62119720062736,89.7513427734375,89.7513427734375,65526400
17/03/2006,89.86753850600144,90.01883150631525,89.66123940861141,89.82627868652344,89.82627868652344,47286800
20/03/2006,89.84004328913127,90.01883935356948,89.54434089486705,89.68187713623047,89.68187713623047,45538500
21/03/2006,89.65434136372512,90.08071724758466,89.02166641563998,89.1179428100586,89.1179428100586,87102700
22/03/2006,89.06291802467645,89.75060949099007,89.02165821563187,89.66121673583984,89.66121673583984,51605700
23/03/2006,89.578697325461,89.66810058463035,89.16608869238611,89.47554779052734,89.47554779052734,46704200
24/03/2006,89.39303379256856,89.79189617499956,89.22111089462456,89.54432678222656,89.54432678222656,43209200
27/03/2006,89.42053890995857,89.59246181188395,89.22111296079525,89.41366577148438,89.41366577148438,32523000
28/03/2006,89.35176529563286,89.76438445640703,88.74660381806287,88.86351013183594,88.86351013183594,82079900
29/03/2006,88.99417441254067,89.7437557544634,88.91164428327139,89.42053985595703,89.42053985595703,61505700
30/03/2006,89.47557289762818,90.07386135480537,89.09046720136041,89.26239013671875,89.26239013671875,70571700
31/03/2006,89.4136678481748,89.5649608448503,88.96666199678211,89.28300476074219,89.28300476074219,62925600
03/04/2006,89.4480718294421,89.99821684011914,89.04920935136083,89.21424865722656,89.21424865722656,61624700
04/04/2006,89.21424876176496,89.90194051926053,88.9598061693615,89.7850341796875,89.7850341796875,54809300
05/04/2006,89.81943276794867,90.28018504732246,89.6612665809027,90.0945053100586,90.0945053100586,50607200
06/04/2006,89.98447607030597,90.2320455376077,89.53059696469545,89.99822235107422,89.99822235107422,57906200
07/04/2006,90.12885120378598,90.36266380807722,88.95290455121888,89.08355712890625,89.08355712890625,80180900
10/04/2006,89.22113037109375,89.45494304493576,88.89103077977691,89.22113037109375,89.22113037109375,41496500
11/04/2006,89.29676452474591,89.44117389428705,88.19645369264714,88.46465301513672,88.46465301513672,72799400
12/04/2006,88.55403796302178,88.8016073243486,88.44400480391218,88.62968444824219,88.62968444824219,43033700
13/04/2006,88.43022625198452,88.88410505149945,88.23767351764553,88.51275634765625,88.51275634765625,51051800
17/04/2006,88.59533805135945,88.925427185413,88.03830935847394,88.47843170166016,88.47843170166016,64167700
18/04/2006,88.66411475344684,90.04638223687935,88.66411475344684,89.88133239746094,89.88133239746094,92531800
19/04/2006,89.91568642005029,90.13575279264359,89.56496744373972,90.05322265625,90.05322265625,87269000
20/04/2006,90.08760630999137,90.67902154977537,89.81253384683959,90.17700958251953,90.17700958251953,86005500
21/04/2006,90.56210946637401,90.63087233111608,89.82627440957965,90.19075012207031,90.19075012207031,72342600
24/04/2006,90.01194666102502,90.13573659670124,89.661227747733,90.02570343017578,90.02570343017578,52546400
25/04/2006,90.11509472365512,90.17011130601877,89.34488355724426,89.65434265136719,89.65434265136719,84359800
26/04/2006,89.74378406167921,90.18390641435519,89.60624779397008,89.67501068115234,89.67501068115234,67262400
27/04/2006,89.33115084281452,90.52086508177406,89.11796808708853,90.10824584960938,90.10824584960938,124478600
28/04/2006,89.94316905956393,90.60335753418806,89.8881629722401,90.41080474853516,90.41080474853516,55854400
01/05/2006,90.41084597808033,90.63778554180547,89.62000456874438,89.67501068115234,89.67501068115234,64990300
02/05/2006,90.0944849263869,90.40395458292483,89.90881572447512,90.34893798828125,90.34893798828125,49063500
03/05/2006,90.19075894846144,90.3076757673131,89.7093768747924,90.011962890625,90.011962890625,60821300
04/05/2006,90.14260651388817,90.51395532096821,90.06696002627224,90.33515930175781,90.33515930175781,42921400
05/05/2006,90.80970332946994,91.32547217402201,90.67216706959152,91.13291931152344,91.13291931152344,62588200
08/05/2006,91.12601484339953,91.30482138436992,91.02286529541016,91.02286529541016,91.02286529541016,30016700
09/05/2006,91.06415440116294,91.30485074833575,90.98850787719533,91.20169067382812,91.20169067382812,29864000
10/05/2006,91.05720417109268,91.29101668601211,90.6996017702337,91.15348052978516,91.15348052978516,64378200
11/05/2006,91.12601998928679,91.15353353253205,89.75752027308775,90.05322265625,90.05322265625,80626900
12/05/2006,89.64753103087766,89.89510057472947,88.8429326366961,88.8773193359375,88.8773193359375,91726500
15/05/2006,88.56778755810554,89.22110290647282,88.44400811947173,89.0560531616211,89.0560531616211,84029300
16/05/2006,89.2348742158026,89.39992400695738,88.71910542345478,88.9254150390625,88.9254150390625,62137600
17/05/2006,88.48527926043751,88.78099211282053,87.17866413643706,87.23368072509766,87.23368072509766,144789500
18/05/2006,87.5775396143233,87.85261735203972,86.72480334940673,86.79357147216797,86.79357147216797,87906300
19/05/2006,87.24743537125508,87.67380080631666,86.51160556751564,87.40560150146484,87.40560150146484,124309400
22/05/2006,86.84171835537698,87.45376362841652,86.30531959893084,86.73856353759766,86.73856353759766,110852800
23/05/2006,87.46062317977555,87.77008231979615,86.07836151123047,86.07836151123047,86.07836151123047,92006500
24/05/2006,86.42908481433258,87.2611910622894,85.79640976993628,86.76605224609375,86.76605224609375,168405000
25/05/2006,87.28181815513179,87.83885192871094,86.94485073424508,87.83885192871094,87.83885192871094,78977900
26/05/2006,88.03142792832325,88.28588104248047,87.68758725785658,88.28588104248047,88.28588104248047,62989700
30/05/2006,88.00388047799237,88.02451038314626,86.68351408144589,86.7178955078125,86.7178955078125,72419900
31/05/2006,87.07551590541287,87.68756103515625,86.78668143392022,87.68756103515625,87.68756103515625,86926200
01/06/2006,87.59815999068118,88.67096252632437,87.52251348987714,88.52654266357422,88.52654266357422,73721700
02/06/2006,88.88413449960161,89.0079139441129,88.24458638294564,88.71221160888672,88.71221160888672,91702600
05/06/2006,88.60905059926178,88.6159237363979,87.17864582784237,87.41934204101562,87.41934204101562,86105100
06/06/2006,87.48123150771312,87.5981377987313,86.48408097216111,87.2061538696289,87.2061538696289,130498600
07/06/2006,87.27497311619784,87.78386360396804,86.50475637380246,86.55289459228516,86.55289459228516,108599400
08/06/2006,86.3603199343086,86.99299500239773,85.18436782514154,86.47722625732422,86.47722625732422,204957200
09/06/2006,86.89668002806893,87.30929379169025,86.1608504881658,86.20211029052734,86.20211029052734,94972200
12/06/2006,86.56662061282405,86.60100729303893,85.14997753204034,85.26688385009766,85.26688385009766,95815900
13/06/2006,85.0949530963482,85.85141277129051,84.27660369873047,84.27660369873047,84.27660369873047,185688800
14/06/2006,84.47606774171068,85.01934495471656,84.13222180284666,84.92994689941406,84.92994689941406,163566400
15/06/2006,85.2393718040241,86.89671108003377,85.17748207836591,86.7316665649414,86.7316665649414,134057000
16/06/2006,86.541707412078,86.72820250598616,85.96839928621205,86.09963989257812,86.09963989257812,94253500
19/06/2006,86.61768909631029,86.67294885424577,85.3398374957503,85.42272186279297,85.42272186279297,95804400
20/06/2006,85.65757510054227,86.21015688258187,85.45726242597493,85.71282958984375,85.71282958984375,65494700
21/06/2006,85.65068749686839,86.82492868525162,85.6230576104537,86.34832763671875,86.34832763671875,75008200
22/06/2006,86.30685583874823,86.38283668750104,85.67829322708299,85.96839904785156,85.96839904785156,74566100
23/06/2006,85.87863948285832,86.54864980943975,85.67141794705655,85.95462036132812,85.95462036132812,54107000
26/06/2006,86.0236685967816,86.38284652006526,85.82335590634725,86.3344955444336,86.3344955444336,37899600
27/06/2006,86.34829650511911,86.54170037043103,85.49178614465193,85.58849334716797,85.58849334716797,69780200
28/06/2006,85.78190864847305,86.18252873580197,85.40891317141994,86.16871643066406,86.16871643066406,62368100
29/06/2006,86.47958686028673,87.96466072801101,86.45886575722649,87.9094009399414,87.9094009399414,110634800
30/06/2006,88.09588191977069,88.17877158353932,87.69525644968239,87.91629028320312,87.91629028320312,54227800
03/07/2006,88.01987160535337,88.42049167158359,87.93698196930893,88.27544403076172,88.27544403076172,23914000
05/07/2006,87.92315613243693,88.03367036029285,87.39129027193502,87.77119445800781,87.77119445800781,69653400
06/07/2006,87.86101513506149,88.30999151299567,87.7781307556567,88.02679443359375,88.02679443359375,50100300
07/07/2006,87.85410130512072,88.10966847143763,87.23244218324318,87.45347595214844,87.45347595214844,81626500
10/07/2006,87.68139307742665,88.01984978511504,87.31530649790625,87.61922454833984,87.61922454833984,60964100
11/07/2006,87.4534555521753,88.00604248046875,86.99066702989874,88.00604248046875,88.00604248046875,73640800
12/07/2006,87.82647657460195,87.99915938136687,86.83873070911227,87.0666732788086,87.0666732788086,82561300
13/07/2006,86.652215655526,86.8110861295901,85.6506576538086,85.6506576538086,85.6506576538086,102405700
14/07/2006,85.74043813338055,85.83023653713839,84.84249098481773,85.319091796875,85.319091796875,103242500
17/07/2006,85.31912554259327,85.71975095049127,85.0635583412381,85.19479370117188,85.19479370117188,81159000
18/07/2006,85.4503598815832,85.68521124025021,84.53859486823703,85.62995147705078,85.62995147705078,122771000
19/07/2006,85.77500280875832,87.21172500607258,85.45726708105899,86.81800842285156,86.81800842285156,133565300
20/07/2006,87.11502771534347,87.23935955194885,86.10656071614926,86.22398376464844,86.22398376464844,112259800
21/07/2006,86.44501528914864,86.47264517098789,85.52634147997298,85.61613464355469,85.61613464355469,101560000
24/07/2006,85.9546382745535,87.25321172926542,85.9546382745535,87.17723083496094,87.17723083496094,92884000
25/07/2006,87.01833957097676,87.93010476082486,86.83874794074335,87.488037109375,87.488037109375,95480700
26/07/2006,87.43965133730015,88.03368053150511,87.15645431393843,87.60543060302734,87.60543060302734,84525800
27/07/2006,87.98532580464563,88.19945602959778,87.1702628941486,87.52253723144531,87.52253723144531,87257100
28/07/2006,87.75050641329793,88.51030980169811,87.62617456647887,88.39979553222656,88.39979553222656,82137000
31/07/2006,88.17878504643485,88.38600133270023,88.0337267952271,88.31002044677734,88.31002044677734,49593100
01/08/2006,87.95770125901727,87.98533113713275,87.44656168853196,87.87481689453125,87.87481689453125,65225600
02/08/2006,88.12349879766316,88.73134570250298,88.10277770224572,88.46886444091797,88.46886444091797,64770900
03/08/2006,87.95772895831223,88.7935185423928,87.8264935832611,88.70372009277344,88.70372009277344,63693800
04/08/2006,89.1595970972843,89.40134672744314,88.05442807586131,88.55175018310547,88.55175018310547,96294200
07/08/2006,88.34452056884766,88.46885239428381,87.99915497262062,88.34452056884766,88.34452056884766,45377300
08/08/2006,88.47573451870082,88.73131216512147,87.68830157129133,88.00604248046875,88.00604248046875,90901300
09/08/2006,88.53793083106875,88.82804724500026,87.45348819698359,87.70906066894531,87.70906066894531,78910600
10/08/2006,87.43278376904486,88.0682554060312,87.22556223661509,87.97846221923828,87.97846221923828,69322300
11/08/2006,87.84026581389526,87.860986902088,87.30149644144525,87.72975158691406,87.72975158691406,47482200
14/08/2006,88.15804427140021,88.52413633006233,87.6676256232096,87.79886627197266,87.79886627197266,57839000
15/08/2006,88.58628126906903,89.01453126389649,88.34452638975336,88.84876251220703,88.84876251220703,68143000
16/08/2006,89.32535891533398,89.7190701969592,89.13194449345995,89.58782958984375,89.58782958984375,71737600
17/08/2006,89.50496129830958,90.05063437673283,89.4427980121075,89.81578826904297,89.81578826904297,70992800
18/08/2006,89.92629426011578,90.27165985107423,89.51185133507708,90.27165985107422,90.27165985107422,58288400
21/08/2006,89.9194158363141,89.98849319776846,89.65694505018381,89.8848876953125,89.8848876953125,42133600
22/08/2006,89.78814180918383,90.15422845848937,89.57400630927191,89.8779296875,89.8779296875,60839900
23/08/2006,89.9193782863929,90.09897513528519,89.2355611762913,89.6292724609375,89.6292724609375,66592100
24/08/2006,89.78815557647715,89.86413643268438,89.38061614424451,89.55329895019531,89.55329895019531,57983000
25/08/2006,89.54638007744096,89.96772647330012,89.4842168074913,89.66380310058594,89.66380310058594,41756000
28/08/2006,89.55330200344548,90.36146683780436,89.54639848527201,90.09207153320312,90.09207153320312,52681500
29/08/2006,90.13354593084225,90.36839208186942,89.663843089063,90.19570922851562,90.19570922851562,61817800
30/08/2006,90.39600898590278,90.51343205139466,90.17498043313101,90.25096130371094,90.25096130371094,50052200
31/08/2006,90.38215684337415,90.47885876315222,90.19565651961689,90.23709869384766,90.23709869384766,37510300
01/09/2006,90.58250549609743,90.88642896530955,90.37528399075065,90.77590942382812,90.77590942382812,48794500
05/09/2006,90.83810407758556,91.07296081925449,90.62397897936063,90.94862365722656,90.94862365722656,52348300
06/09/2006,90.56177420181814,90.5963128721073,90.02300467241886,90.14733123779297,90.14733123779297,53795600
07/09/2006,89.83652327869484,90.18880303451515,89.34610989195718,89.73291778564453,89.73291778564453,86269400
08/09/2006,89.85033545192715,90.1128167381622,89.67765261408282,89.98847961425781,89.98847961425781,45096300
11/09/2006,89.69835044703771,90.271658584753,89.4358692288805,90.07825469970703,90.07825469970703,68496600
12/09/2006,90.18184238270472,91.06597726569443,90.05060179949669,90.96237182617188,90.96237182617188,69875600
13/09/2006,90.92786580146267,91.48735645513034,90.84498142009649,91.3284912109375,91.3284912109375,62898400
14/09/2006,91.14890595270204,91.3423098713328,91.00384774386744,91.33539581298828,91.33539581298828,57805400
15/09/2006,91.79257935119593,91.84808214433956,91.35550147148697,91.54976654052734,91.54976654052734,76703100
18/09/2006,91.43179823376877,91.8480638061978,91.33467101167842,91.67462158203125,91.67462158203125,64154100
19/09/2006,91.66076067482929,91.66770514020375,90.93231166362978,91.44569396972656,91.44569396972656,92089100
20/09/2006,91.75097453125944,92.11173747083382,91.6191566926028,91.93135070800781,91.93135070800781,75204100
21/09/2006,92.00072051924701,92.09784776953454,91.17513359876484,91.4873275756836,91.4873275756836,88932500
22/09/2006,91.34855238694068,91.35548626515121,90.88372848106863,91.20980072021484,91.20980072021484,65966800
25/09/2006,91.39021842252903,92.16724716477319,90.91846042373653,91.9105453491211,91.9105453491211,92299100
26/09/2006,91.92441122356,92.68756151343166,91.85503007499821,92.6736831665039,92.6736831665039,73962700
27/09/2006,92.61127902823627,92.94428536898256,92.4586489166274,92.78472137451172,92.78472137451172,82432200
28/09/2006,92.78466767821153,92.95810992411258,92.4655292878808,92.7499771118164,92.7499771118164,58597500
29/09/2006,92.82631322447824,92.92344048081856,92.60430201794213,92.6736831665039,92.6736831665039,47966600
02/10/2006,92.64587942371921,92.84707830072611,92.23655837887289,92.32675170898438,92.32675170898438,51687400
03/10/2006,92.19498477143541,92.87487559536127,92.02847635929793,92.52105712890625,92.52105712890625,73108100
04/10/2006,92.43085342752975,93.65882768798468,92.3267922978625,93.60332489013672,93.60332489013672,80890500
05/10/2006,93.60330004189551,93.94325061869124,93.48536059755578,93.78367614746094,93.78367614746094,60505900
06/10/2006,93.62413177609314,93.72820348590079,93.24255667894974,93.66575622558594,93.66575622558594,64983600
09/10/2006,93.55475465512255,93.86694859047941,93.4090585060494,93.72125244140625,93.72125244140625,41176800
10/10/2006,93.72821377740594,93.97102662146703,93.54782702836286,93.84615325927734,93.84615325927734,56403700
11/10/2006,93.54780971536488,93.95713088600218,93.17317911205232,93.7351303100586,93.7351303100586,104071800
12/10/2006,93.97103007135041,94.62317477182081,93.93633949633188,94.54685974121094,94.54685974121094,59158600
13/10/2006,94.46361574315706,94.84519091605252,94.38035624156676,94.78968811035156,94.78968811035156,53944000
16/10/2006,94.71334793294892,95.08104466029008,94.64396679772138,94.93534851074219,94.93534851074219,42273000
17/10/2006,94.6786865322834,94.8382504891725,94.12366903770776,94.6370620727539,94.6370620727539,90500600
18/10/2006,95.07411874092512,95.30306382854567,94.42198463852117,94.76192474365234,94.76192474365234,86848600
19/10/2006,94.62316902373392,94.96311970054096,94.5121634248488,94.91455078125,94.91455078125,64063200
20/10/2006,94.93534851074219,95.01166352506252,94.58153012766154,94.93534851074219,94.93534851074219,48094500
23/10/2006,94.74114959167481,95.6014274770193,94.62321006148811,95.37248229980469,95.37248229980469,66219900
24/10/2006,95.24062515741836,95.69157085672015,95.1990007034615,95.65689086914062,95.65689086914062,53234900
25/10/2006,95.55973358539902,96.0245574853102,95.40015911394075,95.9829330444336,95.9829330444336,78105400
26/10/2006,96.19803923102091,96.43391821693605,95.72627067311285,96.28128814697266,96.28128814697266,66843700
27/10/2006,96.16332479800528,96.26045203787977,95.48343411888384,95.67768859863281,95.67768859863281,80238000
30/10/2006,95.50425338735994,95.87888402991669,95.32386665280492,95.60831451416016,95.60831451416016,49717800
31/10/2006,95.78867879193425,95.92048599295487,95.21978320259618,95.59441375732422,95.59441375732422,71274100
01/11/2006,95.89275264895834,95.95518931870542,94.85209914220745,94.94922637939453,94.94922637939453,83005600
02/11/2006,94.70643239828149,95.05331700823413,94.60237124972699,94.89375305175781,94.89375305175781,60693100
03/11/2006,95.2336853116126,95.31693421431156,94.08895996912119,94.72722625732422,94.72722625732422,71346400
06/11/2006,95.01862103006341,95.93439074150761,95.01167656394267,95.79563903808594,95.79563903808594,63303300
07/11/2006,95.87889743578708,96.42003654296269,95.74014571862774,96.16334533691406,96.16334533691406,63318900
08/11/2006,95.74012001398127,96.46857956608518,94.9492237938305,96.37145233154297,96.37145233154297,87517800
09/11/2006,96.44085812015307,96.53105150878478,95.67077384127819,95.86502838134766,95.86502838134766,95916300
10/11/2006,95.83726558225227,95.97601728870234,95.54588382288411,95.90664672851562,95.90664672851562,48991500
13/11/2006,95.86501072305806,96.46165258224988,95.7887062834446,96.14252471923828,96.14252471923828,59398200
14/11/2006,96.41310607559541,96.9473113209529,95.82339802419368,96.86405181884766,96.86405181884766,96704000
15/11/2006,96.82939221679308,97.43990203967599,96.80163551488747,97.14158630371094,97.14158630371094,76509600
16/11/2006,97.43293609859036,97.59943391092058,96.77385755727123,97.39131164550781,97.39131164550781,76728800
17/11/2006,97.07906345283878,97.42594785408996,96.94031180955268,97.41901397705078,97.41901397705078,56353800
20/11/2006,97.33579665159283,97.64105671739001,97.08603937831109,97.47454833984375,97.47454833984375,69174200
21/11/2006,97.46761703919864,97.5924903861056,97.32885476120133,97.5716781616211,97.5716781616211,51367900
22/11/2006,97.64800595170743,97.93245383829982,97.47456366760139,97.76594543457031,97.76594543457031,45505300
24/11/2006,97.29416838498354,97.71042343339852,97.26641169677764,97.3704833984375,97.3704833984375,30998000
27/11/2006,97.32192023931223,97.3704891535058,96.00376329564307,96.03150939941406,96.03150939941406,84545100
28/11/2006,95.90661501975305,96.5448811272604,95.81642167664585,96.44775390625,96.44775390625,106652900
29/11/2006,96.76001178016118,97.49540559502299,96.48944215797466,97.45378112792969,97.45378112792969,90034900
30/11/2006,97.4329322803425,97.85613184689154,96.96116379638275,97.49536895751953,97.49536895751953,83994300
01/12/2006,97.49536303583697,97.58555639922083,96.41308501953257,97.2802963256836,97.2802963256836,126080000
04/12/2006,97.30109845143102,98.20300023343634,97.28722010787186,98.02261352539062,98.02261352539062,87813200
05/12/2006,98.20997517824647,98.48748923509869,98.00184228212701,98.44585418701172,98.44585418701172,73374400
06/12/2006,98.4250007537893,98.56376301716682,98.16830962147485,98.36256408691406,98.36256408691406,53253200
07/12/2006,98.5359943685824,98.72331493254329,97.89772826160898,97.93241882324219,97.93241882324219,62857400
08/12/2006,97.91162749425163,98.44582203030303,97.66880409708253,98.1128158569336,98.1128158569336,79625500
11/12/2006,98.11279190890764,98.57761577950727,98.05728912921433,98.3972396850586,98.3972396850586,39779400
12/12/2006,98.30015639950237,98.42502977006625,97.74513894059314,98.32096862792969,98.32096862792969,77451600
13/12/2006,98.67477560867317,98.75109063271388,98.20995158445294,98.42501831054688,98.42501831054688,55520200
14/12/2006,98.41809858142831,99.37550345958381,98.40422023340463,99.29224395751953,99.29224395751953,64755200
15/12/2006,99.5105848989599,99.6849935243889,99.23153535629662,99.3012924194336,99.3012924194336,70857400
18/12/2006,99.44082240383098,99.67802623709339,98.88969580240862,99.02922058105469,99.02922058105469,48954600
19/12/2006,98.75019163003833,99.45479882851974,98.49904271804468,99.21760559082031,99.21760559082031,65023600
20/12/2006,99.25942681820317,99.5245313106104,99.07106253964767,99.16175842285156,99.16175842285156,41469600
21/12/2006,99.25244179730832,99.36405520288876,98.58969129487315,98.7989730834961,98.7989730834961,48698400
22/12/2006,98.81293366533549,98.81990617695124,98.1362274616525,98.1920394897461,98.1920394897461,62069100
26/12/2006,98.23393648587022,98.79204635262295,98.21300829730977,98.7711181640625,98.7711181640625,32696900
27/12/2006,98.97340569157188,99.48268655430454,98.94550499466912,99.41989135742188,99.41989135742188,39727100
28/12/2006,99.35018769141851,99.55249712661032,99.05718231369397,99.21066284179688,99.21066284179688,37288800
29/12/2006,99.1059339002169,99.44079540706898,98.66642085399798,98.7989730834961,98.7989730834961,45461200
03/01/2007,99.23851746940902,99.66407498242641,98.06649650277284,98.62459564208984,98.62459564208984,94807600
04/01/2007,98.52694710546743,99.09901267725476,98.09441699171859,98.83390808105469,98.83390808105469,69620600
05/01/2007,98.59670004355578,98.64552893049552,97.9339492975387,98.04556274414062,98.04556274414062,76645300
08/01/2007,98.24090967081641,98.65251153079484,97.8432528384222,98.49903106689453,98.49903106689453,71655000
09/01/2007,98.58275448910882,98.78507450664277,97.94790437831804,98.41532897949219,98.41532897949219,75680100
10/01/2007,98.07344102841911,98.76410288705475,97.87810425639088,98.7431640625,98.7431640625,72428000
11/01/2007,98.77109853737248,99.49663376843856,98.71528649728153,99.17572784423828,99.17572784423828,54476800
12/01/2007,99.16874658419806,99.9291763305664,99.14084588614764,99.9291763305664,99.9291763305664,55370600
16/01/2007,99.81057353418237,100.06869489408167,99.57336971272755,99.73383331298828,99.73383331298828,44871300
17/01/2007,99.65710682563333,100.08266435725469,99.57338343502869,99.77570343017578,99.77570343017578,50241400
18/01/2007,99.88036258863518,99.94314715925142,99.28039629760401,99.44084930419922,99.44084930419922,68177300
19/01/2007,99.44084481357989,99.83152918491413,99.3850434055928,99.63619232177734,99.63619232177734,56973000
22/01/2007,99.81057790577361,99.83150609019248,99.01526431762414,99.32920837402344,99.32920837402344,60253600
23/01/2007,99.24549425556823,99.8175597365729,99.1059694647322,99.62222290039062,99.62222290039062,54064400
24/01/2007,99.74081300027224,100.44542006733184,99.69895663025702,100.42449188232422,100.42449188232422,55834700
25/01/2007,100.3617337539444,100.403590134981,99.07110523165558,99.24551391601562,99.24551391601562,73583800
26/01/2007,99.46176131534818,99.51756271080595,98.77109928965268,99.15480041503906,99.15480041503906,67255600
29/01/2007,99.19665216974361,99.62220964445645,98.88271877087037,99.09898376464844,99.09898376464844,66114600
30/01/2007,99.30829171560633,99.66408153707913,99.10597171599792,99.61524200439453,99.61524200439453,70407600
31/01/2007,99.50363337361942,100.55008534691255,99.34316973993798,100.28498077392578,100.28498077392578,91868600
01/02/2007,100.564032102654,100.91983259252298,100.3966065968899,100.88494873046875,100.88494873046875,69312400
02/02/2007,100.96864779615825,101.12212825234313,100.72448208499772,101.02445983886719,101.02445983886719,49607000
05/02/2007,100.94773183819926,101.11516798660696,100.69658293811769,101.05238342285156,101.05238342285156,45705300
06/02/2007,101.13610380172518,101.17796018071871,100.68961801735946,101.08029174804688,101.08029174804688,57081300
07/02/2007,101.24070212733852,101.40813821788363,100.85701171805579,101.30349731445312,101.30349731445312,55669700
08/02/2007,101.00352335828063,101.24071653651939,100.64773359092248,101.17095947265625,101.17095947265625,70641000
09/02/2007,101.19884283735882,101.38720710313893,100.03379468430401,100.41749572753906,100.41749572753906,79084400
12/02/2007,100.41751307709704,100.48727014106545,99.89428719457365,100.07566833496094,100.07566833496094,65657000
13/02/2007,100.29895107879581,101.08727110836669,100.29196791845014,100.91984558105469,100.91984558105469,64081800
14/02/2007,101.01746027527736,101.78485170565334,101.00350460707246,101.5825424194336,101.5825424194336,66039400
15/02/2007,101.62443775645822,101.81977460602376,101.45700160894779,101.71513366699219,101.71513366699219,38715200
16/02/2007,101.46394285598515,101.68718031539187,101.31743495679986,101.66625213623047,101.66625213623047,39841800
20/02/2007,101.5476762619344,101.99416191677027,101.15700264458523,101.88253784179688,101.88253784179688,56911800
21/02/2007,101.58254640050994,101.90346291146447,101.4011652869612,101.84066772460938,101.84066772460938,63971600
22/02/2007,101.88954156294612,102.14766297399055,101.27561967174873,101.76396179199219,101.76396179199219,79067400
23/02/2007,101.67327104868747,101.70814426285018,101.17794579587765,101.3663101196289,101.3663101196289,71966200
26/02/2007,101.73605326040325,101.81976600455667,100.98260662784541,101.2756118774414,101.2756118774414,69192800
27/02/2007,100.37568114604467,100.5989187081715,96.97122050186212,97.32003784179688,97.32003784179688,274466500
28/02/2007,97.94091659953376,99.0501530081094,97.52931475912777,98.31763458251953,98.31763458251953,177536300
01/03/2007,97.20838896611642,98.54087341991819,96.30844514224839,98.02462005615234,98.02462005615234,212828600
02/03/2007,97.70372114391473,98.12927864646889,96.73400954236459,96.74098205566406,96.74098205566406,162574000
05/03/2007,96.2246945177638,97.37579750731379,95.8061203220631,95.82007598876953,95.82007598876953,143750400
06/03/2007,96.81773399148582,97.75256184948127,96.07824298008467,97.45955657958984,97.45955657958984,143333300
07/03/2007,97.38281325762551,97.98976261072129,97.25026097769587,97.36188507080078,97.36188507080078,115144900
08/03/2007,98.04552321290349,98.4780637324287,97.71764487406817,98.18505859375,98.18505859375,117891600
09/03/2007,98.58277355275246,98.65951380785334,97.72468571485155,98.21302795410156,98.21302795410156,107765100
12/03/2007,97.96182507803499,98.60364747422886,97.78044395902039,98.35948181152344,98.35948181152344,80366900
13/03/2007,97.79441244721708,98.20602494863722,96.30147483926535,96.44798278808594,96.44798278808594,190605200
14/03/2007,96.57354841072829,97.22235409622697,95.40152744281406,97.16654205322266,97.16654205322266,231853800
15/03/2007,96.95027786585347,97.66186811389841,96.83168126535578,97.2990951538086,97.2990951538086,132435900
16/03/2007,97.57293894498792,97.79707257254623,96.73945938433485,97.02662658691406,97.02662658691406,121531600
19/03/2007,97.53790235825991,98.28733704179459,97.46085777104867,98.19628143310547,98.19628143310547,96161200
20/03/2007,98.11223882470107,98.79162910298402,98.02819406855167,98.735595703125,98.735595703125,82147400
21/03/2007,98.82664169299032,100.61265671096518,98.63053015621445,100.36051177978516,100.36051177978516,152368700
22/03/2007,100.49364623485934,100.63372445595762,100.01036728787956,100.28352355957031,100.28352355957031,118942200
23/03/2007,100.35354316293693,100.72475516620055,100.26248753249395,100.43058776855469,100.43058776855469,74416800
26/03/2007,100.50759263294567,100.6126485593936,99.52002417522964,100.29747009277344,100.29747009277344,113787500
27/03/2007,100.24148780145973,100.26950985431445,99.73019755332,100.05938720703125,100.05938720703125,99864600
28/03/2007,99.55505550992271,99.78618925658162,98.93869885216559,99.3309326171875,99.3309326171875,152907900
29/03/2007,99.83528156782303,99.8843148304468,98.88974542045764,99.4360580444336,99.4360580444336,139432700
30/03/2007,99.62512384597655,100.04535837848441,98.44844364293877,99.45702362060547,99.45702362060547,128194100
02/04/2007,99.569091796875,99.77921440963755,99.09281316212788,99.569091796875,99.569091796875,79416400
03/04/2007,100.1364189097964,100.84382068757908,100.09439652321453,100.64070892333984,100.64070892333984,82417800
04/04/2007,100.64071027569818,100.82281084909346,100.26949827286283,100.75277709960938,100.75277709960938,63995200
05/04/2007,100.62667546574171,101.16598757696653,100.58465308852799,101.02590942382812,101.02590942382812,46822800
09/04/2007,101.31315510991624,101.41822183274654,100.96295407505681,101.16607666015625,101.16607666015625,50967400
10/04/2007,101.08897596961901,101.45318783642433,101.04695357869562,101.28508758544922,101.28508758544922,56620000
11/04/2007,101.43218019170337,101.46019155753902,100.53565617573385,100.87185668945312,100.87185668945312,106365700
12/04/2007,100.67574584373011,101.50221473328408,100.39557874680185,101.32011413574219,101.32011413574219,115534400
13/04/2007,101.48814778313597,101.7823257446289,101.10993576979317,101.7823257446289,101.7823257446289,84287000
16/04/2007,102.13958579822469,102.86099872676554,102.13258562833055,102.74893188476562,102.74893188476562,83064600
17/04/2007,102.93801181747179,103.23917933991419,102.71387820211827,103.02205657958984,103.02205657958984,108424100
18/04/2007,102.67887978912047,103.44931514391207,102.65786859590764,103.14814758300781,103.14814758300781,88345300
19/04/2007,102.64387964014726,103.23921472131084,102.51080159633345,103.12014770507812,103.12014770507812,102947700
20/04/2007,103.81347171112512,104.0936279296875,102.98699269799914,104.0936279296875,104.0936279296875,124114100
23/04/2007,103.91859222885194,104.1707372572299,103.63843583611256,103.70146942138672,103.70146942138672,77270800
24/04/2007,103.8205214676733,103.9395884518004,103.18316416290817,103.74347686767578,103.74347686767578,114471000
25/04/2007,104.17072086450759,104.82209987168093,103.67344174255685,104.6960220336914,104.6960220336914,108418800
26/04/2007,104.70303024048741,104.9201530082928,104.42987406691299,104.8150863647461,104.8150863647461,88741600
27/04/2007,104.42287017534275,104.87813761984701,104.24776977836727,104.73104858398438,104.73104858398438,108191100
30/04/2007,104.80811836201714,104.87816281254469,103.80654898062575,103.8625717163086,103.8625717163086,100874100
01/05/2007,103.95359224706911,104.6890159800378,103.42829110741707,104.12869262695312,104.12869262695312,134342700
02/05/2007,104.28975018346948,105.02517369218923,104.18469426248485,104.73800659179688,104.73800659179688,87129800
03/05/2007,105.0392029243723,105.34037040826738,104.87110273437281,105.30535888671875,105.30535888671875,86569700
04/05/2007,105.58550763328718,105.84465272297261,105.21429575828165,105.70457458496094,105.70457458496094,96409000
07/05/2007,105.67659390182126,105.90071685022973,105.62756066128443,105.72561645507812,105.72561645507812,63461400
08/05/2007,105.46645854085925,105.70459248453137,105.15128000514277,105.58552551269531,105.58552551269531,80584000
09/05/2007,105.50845372881282,107.03533415383268,105.3193423812096,105.87266540527344,105.87266540527344,102070100
10/05/2007,105.57154040681911,105.77466287538128,104.5489599565947,104.76608276367188,104.76608276367188,153617800
11/05/2007,104.88515136554834,105.71162021636339,104.86414017017381,105.66259765625,105.66259765625,113408900
14/05/2007,105.66255311151949,105.97073143013402,104.91311850149987,105.4314193725586,105.4314193725586,108027500
15/05/2007,105.5504870517787,106.22287708677294,105.19328619125876,105.45944213867188,105.45944213867188,180673300
16/05/2007,105.62053913810517,106.20187361494548,105.32637181620005,106.18086242675781,106.18086242675781,114166500
17/05/2007,106.0267975705996,106.43303178085357,105.83768614626337,105.97076416015625,105.97076416015625,101132800
18/05/2007,106.46799557200299,106.8952407836914,106.32791745234418,106.8952407836914,106.8952407836914,99182000
21/05/2007,106.86727070434507,107.32252744086472,106.81123729738765,106.83924865722656,106.83924865722656,174664600
22/05/2007,106.95133775682932,107.27352724214997,106.7272147695782,106.7552261352539,106.7552261352539,82148800
23/05/2007,107.12637347328686,107.51159631414768,106.71313928367043,106.76917266845703,106.76917266845703,133786600
24/05/2007,106.83228004512635,107.30855880130756,105.57856559188141,105.80268859863281,105.80268859863281,187593000
25/05/2007,106.11078802103096,106.47499965882061,105.88665449399892,106.24386596679688,106.24386596679688,83309200
29/05/2007,106.41903537381529,106.81125861351295,106.07583469543897,106.62915802001953,106.62915802001953,82020000
30/05/2007,106.08280123050048,107.5396267443446,105.99874579476838,107.49760437011719,107.49760437011719,129013600
31/05/2007,107.63069318546941,107.78478236467207,107.24547023746277,107.38555908203125,107.38555908203125,114866700
01/06/2007,107.7778142570967,108.14201543693119,107.51865836737879,107.91789245605469,107.91789245605469,107771700
04/06/2007,107.53966611770319,108.13501180330402,107.49764372809018,107.93190002441406,107.93190002441406,78008800
05/06/2007,107.67975434450737,107.79181048703346,107.06339746784894,107.50465393066406,107.50465393066406,126917900
06/06/2007,107.06338107740869,107.12641465179495,106.28593493147312,106.34896850585938,106.34896850585938,164096800
07/06/2007,106.15284459954758,106.81122368831218,104.40184093252607,104.42986297607422,104.42986297607422,232414600
08/06/2007,104.76608529653765,105.893732436575,104.42288462355879,105.78866577148438,105.78866577148438,175886000
11/06/2007,105.7116083009458,106.42602092499799,105.55051892547138,105.97076416015625,105.97076416015625,102015600
12/06/2007,105.52949892920203,106.13884485011127,104.74505262299434,104.8150863647461,104.8150863647461,233898000
13/06/2007,105.41039949416647,106.51003470516092,104.8640873152253,106.38395690917969,106.38395690917969,193208200
14/06/2007,106.50303884481426,107.24546264443859,106.48202765707225,107.06336212158203,107.06336212158203,146396500
15/06/2007,107.72180312316179,108.08758474837072,107.57408011169576,107.67256927490234,107.67256927490234,154030800
18/06/2007,107.89058580363637,107.89761614111858,107.38412243808658,107.54590606689453,107.54590606689453,88537500
19/06/2007,107.30674616637663,107.89058617962392,107.17309462037139,107.8132095336914,107.8132095336914,110851700
20/06/2007,108.03128086578657,108.03128086578657,106.18832328669218,106.31493377685547,106.31493377685547,177119700
21/06/2007,106.27274114230661,106.99726319898168,105.68890100019468,106.90581512451172,106.90581512451172,205262000
22/06/2007,106.58225911886026,106.75811421408454,105.40754837076335,105.89994049072266,105.89994049072266,204964700
25/06/2007,105.68186037883754,106.39231095493051,104.82368683015363,105.3934555053711,105.3934555053711,232014400
26/06/2007,105.66076467244771,105.83661974193339,104.30315795468059,104.31018829345703,104.31018829345703,198445700
27/06/2007,104.19766183845832,105.91400924205014,104.14841726102829,105.79441833496094,105.79441833496094,213638000
28/06/2007,105.78033447265625,106.50485642931768,105.28090140155595,105.78033447265625,105.78033447265625,157705000
29/06/2007,106.1461143667544,106.67367956884233,104.91512889521591,105.81550598144531,105.81550598144531,199701800
02/07/2007,106.12504074786469,106.86363437323485,106.05470514228071,106.77218627929688,106.77218627929688,103357000
03/07/2007,107.04649253814343,107.27159217865344,106.91285170159993,107.15904235839844,107.15904235839844,54048400
05/07/2007,107.20124685122295,107.31379667252108,106.65962096124137,107.04649353027344,107.04649353027344,89279000
06/07/2007,107.18717671947908,107.74287397144492,106.87062903333039,107.60922241210938,107.60922241210938,81109000
09/07/2007,107.73580699720247,107.87648884690643,107.35595419633097,107.693603515625,107.693603515625,72348100
10/07/2007,107.12384601508994,107.34894560688585,106.05465515407727,106.16016387939453,106.16016387939453,180362600
11/07/2007,106.04062713932001,106.95507582185022,105.87884344984998,106.91287231445312,106.91287231445312,175607600
12/07/2007,107.18013942857307,108.85428304841332,107.15903767986426,108.6010513305664,108.6010513305664,133882500
13/07/2007,108.72763432353398,109.35367769288499,108.6010131424646,108.92459106445312,108.92459106445312,111794300
16/07/2007,109.02307223959738,109.40291432590244,108.73466745678304,108.9105224609375,108.9105224609375,98378700
17/07/2007,108.98088905149064,109.36777231745086,108.80503399726696,108.85427856445312,108.85427856445312,126201300
18/07/2007,108.48850102238418,108.88945571271249,107.83432534870043,108.6573257446289,108.6573257446289,237887400
19/07/2007,109.17082882016038,109.40295880802645,108.85429183064919,109.07939147949219,109.07939147949219,145212700
20/07/2007,108.95279059503895,109.02313693177793,107.50374621830589,107.97503662109375,107.97503662109375,245502500
23/07/2007,108.45335344945477,108.8332064807835,107.83435078854039,108.3056411743164,108.3056411743164,121183900
24/07/2007,107.70769411697631,108.52366409867221,106.04762206916124,106.42747497558594,106.42747497558594,256732400
25/07/2007,106.93395084183535,107.19421290315023,105.68889397733253,106.64554595947266,106.64554595947266,265214500
26/07/2007,105.64671367362983,106.07580055541274,102.97371395432695,104.12029266357422,104.12029266357422,467592500
27/07/2007,104.25394125363783,104.71819055605285,102.03113023395512,102.07333374023438,102.07333374023438,422987600
30/07/2007,102.65012167567517,103.97255530589075,102.19993310226977,103.67008972167969,103.67008972167969,283017500
31/07/2007,104.33833837110954,105.13320677513065,102.0240794850692,102.50241088867188,102.50241088867188,316976700
01/08/2007,102.12256322963206,103.40982378294797,101.25735918778932,103.00183868408203,103.00183868408203,467670000
02/08/2007,103.23397071543386,103.9373910927808,102.17884014941345,103.8248519897461,103.8248519897461,294758400
03/08/2007,103.59976326465191,103.81079154682455,100.72980653379928,101.15186309814453,101.15186309814453,359398200
06/08/2007,101.44025100792645,103.28320884686735,100.25849926641064,102.84709167480469,102.84709167480469,324980000
07/08/2007,102.6571745045034,104.80963920301562,102.15774129972395,103.9444351196289,103.9444351196289,232568700
08/08/2007,104.39460005581167,105.92805102203441,103.64193524944913,105.3934555053711,105.3934555053711,274930600
09/08/2007,103.70525164725615,104.7744535289053,102.1999326059908,102.27027893066406,102.27027893066406,357622100
10/08/2007,101.56683917255236,103.05105617893409,100.67349254027346,101.79193878173828,101.79193878173828,411018400
13/08/2007,103.05106152235082,103.32539497693335,102.01000260923516,102.15771484375,102.15771484375,181917200
14/08/2007,102.48834041438613,102.74157216370597,100.39215082650348,100.59613800048828,100.59613800048828,264134500
15/08/2007,100.39216295582933,101.61611834764322,98.91497578410028,99.21041107177734,99.21041107177734,323834000
16/08/2007,98.33112184355652,100.54690229231512,96.36858387275997,99.9560317993164,99.9560317993164,546743700
17/08/2007,102.3476360002383,102.56569453829958,99.45657863646497,101.79193878173828,101.79193878173828,388218100
20/08/2007,102.11548754973731,102.32651571177536,100.7930544187479,101.74267578125,101.74267578125,187320400
21/08/2007,101.71454373119526,102.67822576699639,101.39096578486522,101.94666290283203,101.94666290283203,157066400
22/08/2007,102.70638952153803,103.26209754422611,102.22806889104645,103.15657806396484,103.15657806396484,173156700
23/08/2007,103.64193880388119,103.85999736771775,102.42502475622915,103.06513977050781,103.06513977050781,203915300
24/08/2007,103.03700883146405,104.33834075927734,102.89632690954055,104.33834075927734,104.33834075927734,128901900
27/08/2007,104.00069947941995,104.33833823052181,103.21286141572574,103.36761474609375,103.36761474609375,113024300
28/08/2007,102.81188199971763,102.87518723124326,100.91264992057779,101.09553527832031,101.09553527832031,219790700
29/08/2007,101.55280260928517,103.2199163034994,101.26440839440217,103.0792236328125,103.0792236328125,207654200
30/08/2007,102.31250133001743,103.5364567653478,102.21402289729045,102.80489349365234,102.80489349365234,191817300
31/08/2007,103.85998303356686,104.45789446694934,103.28318407979992,103.81777954101562,103.81777954101562,185477500
04/09/2007,103.71931962483322,105.49897210005463,103.68414646366112,104.86589813232422,104.86589813232422,120062000
05/09/2007,104.24687808179547,104.35942789691039,103.40277593511581,103.9584732055664,103.9584732055664,166261800
06/09/2007,104.0710639665416,104.53532408654394,103.48722364593479,104.19768524169922,104.19768524169922,127878400
07/09/2007,103.03699032287511,103.32539518768469,102.17881679995051,102.74859619140625,102.74859619140625,235447600
10/09/2007,103.06517860178126,103.20586056048542,101.52468593060887,102.55167388916016,102.55167388916016,192305900
11/09/2007,102.86818407475403,103.8951716575435,102.79080741577607,103.7474594116211,103.7474594116211,162081900
12/09/2007,103.60678539018635,104.41572528548325,103.38872678479073,104.0147705078125,104.0147705078125,149554600
13/09/2007,104.4930832758576,105.12615722564634,104.24688188797225,104.7463150024414,104.7463150024414,154079000
14/09/2007,104.07805945755739,104.87291699972396,103.92330615200127,104.73926544189453,104.73926544189453,121911000
17/09/2007,104.32427171294175,104.56343205896962,103.845951020886,104.17655944824219,104.17655944824219,109870800
18/09/2007,104.69004253406933,107.27159369767801,104.19765048015819,107.24346160888672,107.24346160888672,263759500
19/09/2007,107.9117295642692,108.60107857280751,107.41933741531325,107.87655639648438,107.87655639648438,193779900
20/09/2007,107.86245262510303,107.9257578681185,106.9972487705365,107.11682891845703,107.11682891845703,175186800
21/09/2007,107.92891095638669,108.21867325047144,107.24335551945312,107.4059066772461,107.4059066772461,141457500
24/09/2007,107.7239299136881,108.00663926105173,106.97476901562756,107.20800018310547,107.20800018310547,139450200
25/09/2007,106.58603601076723,107.18678385656895,106.34574118614952,106.99595642089844,106.99595642089844,142289900
26/09/2007,107.6037669201209,107.97128362640238,106.99595539153351,107.56136322021484,107.56136322021484,135547000
27/09/2007,108.07026810252135,108.2045537234169,107.56140195189676,108.19747924804688,108.19747924804688,102713300
28/09/2007,108.02790949140397,108.26820450056599,107.41302301185141,107.83708190917969,107.83708190917969,133372100
01/10/2007,107.85117277795132,109.37069672242602,107.78049273130834,109.05265808105469,109.05265808105469,148162300
02/10/2007,109.27176033106589,109.30002588154713,108.70635226308384,108.90424346923828,108.90424346923828,112978800
03/10/2007,108.70635200536051,109.13041075140715,108.14094393871896,108.68515014648438,108.68515014648438,119055900
04/10/2007,108.91835714939339,109.02436642019224,108.55084037019154,108.85475158691406,108.85475158691406,76864400
05/10/2007,109.56858614701241,110.32482165371908,109.2858875335162,110.14813232421875,110.14813232421875,134579700
08/10/2007,109.8230278441433,109.8937078952027,109.38484172350772,109.56153106689453,109.56153106689453,71280400
09/10/2007,109.9714522595165,110.6075295856012,109.5685953778709,110.59339141845703,110.59339141845703,94054300
10/10/2007,110.2824002752644,110.56510965538301,109.83715052600034,110.40962219238281,110.40962219238281,101711100
11/10/2007,110.91142203509767,111.32841705363526,109.22227245668293,109.87956237792969,109.87956237792969,233529100
12/10/2007,109.87245241176068,110.50146573584746,109.738166850845,110.4873275756836,110.4873275756836,124546700
15/10/2007,110.44500290146901,110.50860849133078,108.79825655248581,109.55448150634766,109.55448150634766,161151900
16/10/2007,109.13041075140715,109.20815449537365,108.46605708192297,108.68515014648438,108.68515014648438,166525700
17/10/2007,109.53324855960501,109.61099229768413,107.75929153431358,109.01731872558594,109.01731872558594,216687300
18/10/2007,108.45188776015569,108.97489195880416,108.19039105296085,108.62151336669922,108.62151336669922,148367500
19/10/2007,108.1974658856632,110.59337255551739,105.77329367060344,105.78035736083984,105.78035736083984,297169900
22/10/2007,105.20790122268072,106.55073589529542,105.06655190728888,106.39524841308594,106.39524841308594,261989800
23/10/2007,107.04549632976708,107.39180060489166,106.19031500462057,107.25751495361328,107.25751495361328,180085100
24/10/2007,106.86881457259099,107.24339521377539,105.19379183494483,107.05963134765625,107.05963134765625,326694200
25/10/2007,107.17974788622823,107.63207215916346,105.92879514055097,107.31403350830078,107.31403350830078,237374500
26/10/2007,108.1762544398165,108.57203674316406,107.35641350616285,108.57203674316406,108.57203674316406,176484000
29/10/2007,108.79115028301919,109.15160342209509,108.52258983177435,108.93251037597656,108.93251037597656,106841000
30/10/2007,108.45190444412448,108.66393378885726,108.04198392011055,108.17626953125,108.17626953125,132981600
31/10/2007,108.82646939786353,109.73819221467235,108.02076663040351,109.29999542236328,109.29999542236328,220954400
01/11/2007,108.33886059527559,108.42367883496748,106.43061735830662,106.74159240722656,106.74159240722656,333040800
02/11/2007,107.09491787714161,107.42709462457675,105.45524677752857,106.86168670654297,106.86168670654297,331228200
05/11/2007,105.75916946408168,106.83344365609591,105.28564333350744,106.04894256591797,106.04894256591797,226841000
06/11/2007,106.6214270352641,107.50487382868097,105.94293515284441,107.47660827636719,107.47660827636719,177800500
07/11/2007,106.32456350392327,106.81222773689704,104.28203546188436,104.53646850585938,104.53646850585938,306639700
08/11/2007,104.59301088244287,104.88277316326214,102.52928097552481,104.00640106201172,104.00640106201172,374509900
09/11/2007,102.96747692732114,104.27497151465049,102.40206890759934,102.5787582397461,102.5787582397461,277745100
12/11/2007,102.62823030183719,103.61768618907973,101.56101989746094,101.56101989746094,101.56101989746094,243087800
13/11/2007,102.74133674274428,104.81920556714309,102.63532742895408,104.65665435791016,104.65665435791016,191117400
14/11/2007,105.46232780588574,105.58953894662164,103.7378382252822,104.36685180664062,104.36685180664062,230558800
15/11/2007,103.58942780151702,104.23964325581987,102.14057310743756,102.86145782470703,102.86145782470703,263111100
16/11/2007,103.4056638059075,103.51874756756342,102.17591294674773,103.03814697265625,103.03814697265625,308770600
19/11/2007,102.67774443243877,102.73428633519332,101.20062361987137,101.60346984863281,101.60346984863281,267746000
20/11/2007,101.78717865612542,102.85437818450696,100.43726976693262,102.2253646850586,102.2253646850586,414767500
21/11/2007,101.12283613989712,101.70944599510709,100.12630575510931,100.13336944580078,100.13336944580078,259012400
23/11/2007,101.11578336195728,102.0133574683701,100.85427579850175,101.86494445800781,101.86494445800781,77688400
26/11/2007,102.07698292527009,102.3950324350863,99.41251485290155,99.61746978759766,99.61746978759766,214232000
27/11/2007,100.17579547278012,101.22885707282633,99.61745110033223,100.76240539550781,100.76240539550781,293897900
28/11/2007,101.90733090752838,104.22549385446311,101.87199088772402,103.98519897460938,103.98519897460938,258596900
29/11/2007,103.62475595198839,104.40219332627966,103.25724990619705,104.02053833007812,104.02053833007812,199409900
30/11/2007,105.33512696846799,105.92173695368423,104.12657775248779,105.06656646728516,105.06656646728516,222908000
03/12/2007,104.73434679658642,104.91809977853896,104.09825887273487,104.37389373779297,104.37389373779297,146430400
04/12/2007,103.65300066502644,104.27493959047652,103.40563136204966,103.44097137451172,103.44097137451172,136533900
05/12/2007,104.55062688257665,105.44821188496596,104.47995760645769,105.17257690429688,105.17257690429688,171130000
06/12/2007,105.04534788218301,106.86878313062758,105.00294416686637,106.6779556274414,106.6779556274414,154457400
07/12/2007,107.0171652830043,107.07370714854686,106.40229001964852,106.65672302246094,106.65672302246094,148980100
10/12/2007,106.91828016365523,107.60383584260211,106.62144328992528,107.48368835449219,107.48368835449219,123914300
11/12/2007,107.52604868437089,108.05611662729719,104.47992663116939,104.53646850585938,104.53646850585938,250346400
12/12/2007,106.76274264091253,107.26454500613845,104.0346593732236,105.56832122802734,105.56832122802734,322435600
13/12/2007,104.82625724681326,105.58248201733662,104.10536171702736,105.34925079345703,105.34925079345703,237551300
14/12/2007,104.5506358668866,105.37755166421597,103.96403660921249,104.01350402832031,104.01350402832031,159152900
17/12/2007,103.61764450737998,103.8013974455905,102.38081975372731,102.52924346923828,102.52924346923828,177269400
18/12/2007,103.25727890035436,103.5258394270338,101.7448182255276,103.10179138183594,103.10179138183594,245569300
19/12/2007,103.14419510792933,103.81561260102393,102.4374375816689,103.10179138183594,103.10179138183594,198917200
20/12/2007,103.78028734955096,103.79442552168383,102.60706710063052,103.75202178955078,103.75202178955078,214813800
21/12/2007,104.70764145161284,105.45367759675305,104.5086999251088,105.24763488769531,105.24763488769531,146084400
24/12/2007,105.73782892404951,106.20675606722659,105.49624791160146,106.02912902832031,106.02912902832031,45601400
26/12/2007,105.61704396218727,106.34886657113908,105.51047206437688,106.25650787353516,106.25650787353516,67093100
27/12/2007,105.87994396683789,105.88704514650118,104.67208209284018,104.9207534790039,104.9207534790039,122981700
28/12/2007,105.53893688512474,105.58867768831696,104.37370327869569,104.65791320800781,104.65791320800781,116398100
31/12/2007,104.51574409874964,104.8780993207523,103.77680961587085,103.88339233398438,103.88339233398438,108126800
02/01/2008,104.11073990465559,104.43757836599998,102.22789797737653,102.97392272949219,102.97392272949219,204935600
03/01/2008,102.95979059422197,103.37188683023408,102.36296604889387,102.92426300048828,102.92426300048828,125133300
04/01/2008,101.84425508617726,101.91531025135677,100.11772515557485,100.40192413330078,100.40192413330078,232330900
07/01/2008,100.75720796471475,101.05562023170417,99.54224450922212,100.31669616699219,100.31669616699219,234991000
08/01/2008,100.94903425341637,101.53164550083893,98.36278412438718,98.69672393798828,98.69672393798828,326365700
09/01/2008,98.82458205665834,100.03244381761132,97.83697610110626,99.7340316772461,99.7340316772461,301824900
10/01/2008,99.24379180158357,101.46058501756636,99.0235359684129,100.38771057128906,100.38771057128906,335701200
11/01/2008,100.02539026287565,100.82115634939781,98.76068594329587,99.57776641845703,99.57776641845703,267076600
14/01/2008,100.29535770470005,100.79271136363165,99.75536443943432,100.380615234375,100.380615234375,170365500
15/01/2008,99.32194891356816,100.52982167763354,97.97908868149776,98.17092895507812,98.17092895507812,239940100
16/01/2008,97.59539786675663,98.84588828154055,96.8280477799027,97.32540130615234,97.32540130615234,378802600
17/01/2008,97.91511410202499,97.96485487018619,94.44783129682892,94.80308532714844,94.80308532714844,397892600
18/01/2008,95.73389511144507,95.93283657408215,93.14764525566628,93.82972717285156,93.82972717285156,348561500
22/01/2008,90.38375428276123,94.09260281282944,89.5240399464635,92.87763977050781,92.87763977050781,435923700
23/01/2008,90.29849829554628,95.3431116208323,90.12087121847982,95.108642578125,95.108642578125,511913000
24/01/2008,95.54912532799301,96.24543106513173,94.71783216001452,95.91149139404297,95.91149139404297,259949300
25/01/2008,96.9914808195193,97.16910788845648,94.21340170087869,94.52601623535156,94.52601623535156,269603900
28/01/2008,94.68232767242989,96.28808329296476,93.82971992109492,96.08914184570312,96.08914184570312,217934600
29/01/2008,96.7001838583633,96.94885525818721,95.83336286601383,96.565185546875,96.565185546875,168968300
30/01/2008,96.33070687546473,98.43380515959309,95.63441184748258,95.85466766357422,95.85466766357422,334939200
31/01/2008,94.78179010683446,98.43380184288414,94.63969063428871,97.60250854492188,97.60250854492188,343680800
01/02/2008,98.0075191718888,99.19406676260274,97.70910697914906,99.1727523803711,99.1727523803711,206843600
04/02/2008,98.90983942741377,98.97378255578467,97.79433648330773,97.92223358154297,97.92223358154297,124694300
05/02/2008,96.5864865536633,96.80674236127732,94.97362990219082,95.30046844482422,95.30046844482422,286882500
06/02/2008,95.62018817498044,96.09622733473516,94.07838678970187,94.53311157226562,94.53311157226562,250792900
07/02/2008,93.64498816389039,95.7694008621074,93.59524738319196,95.15836334228516,95.15836334228516,297368100
08/02/2008,94.56156564416611,95.3644436503614,93.8581692273741,94.54736328125,94.54736328125,221643500
11/02/2008,94.56866099273908,95.37152801587412,93.81551307254236,95.03048706054688,95.03048706054688,188576300
12/02/2008,95.85464944561369,96.84935643939312,95.1938712814299,95.91149139404297,95.91149139404297,256654400
13/02/2008,96.63626056476926,97.38229668418379,96.01812161741137,96.89204406738281,96.89204406738281,181967800
14/02/2008,97.3041097322356,97.33963731561356,95.76940919887704,96.0394058227539,96.0394058227539,215207200
15/02/2008,95.56334923872599,96.07491599044614,95.14415201874523,96.01807403564453,96.01807403564453,154110300
19/02/2008,97.1406860153007,97.26147111334963,95.64151321723013,96.28807830810547,96.28807830810547,145190000
20/02/2008,95.20099763215052,97.01989688972557,95.03757294025505,96.57227325439453,96.57227325439453,220085700
21/02/2008,97.09809028130485,97.34676174133871,95.25787594275891,95.7694320678711,95.7694320678711,201051200
22/02/2008,95.89730480728723,96.5225555720181,94.3981318811229,96.359130859375,96.359130859375,205491000
25/02/2008,96.30230346460922,97.8014766175813,95.76232098523693,97.5741195678711,97.5741195678711,190107000
26/02/2008,97.16199718700543,98.72511307217198,96.98437013547525,98.30591583251953,98.30591583251953,212420700
27/02/2008,97.73754373979679,98.86014842729607,97.63097180552427,98.20648193359375,98.20648193359375,168395800
28/02/2008,97.51015647299705,98.02172328210074,97.01990404414805,97.24726104736328,97.24726104736328,170831100
29/02/2008,96.3449269525809,96.40175807437478,94.34128840222428,95.0802230834961,95.0802230834961,252715200
03/03/2008,94.59709889797078,95.07313828012288,93.9576456005125,94.8528823852539,94.8528823852539,189483500
04/03/2008,93.95048540738992,94.78177860446954,93.06946227962699,94.490478515625,94.490478515625,282513100
05/03/2008,94.79603786609528,95.75522862808492,94.02868742480332,95.08734893798828,95.08734893798828,270681400
06/03/2008,94.48336834300977,94.65389419760092,92.75683878643595,93.11919403076172,93.11919403076172,247911700
07/03/2008,92.20265530911456,93.60235737839754,91.35714878750254,92.16002655029297,92.16002655029297,326434600
10/03/2008,92.25240111508174,92.31634426431265,90.6537573353271,90.945068359375,90.945068359375,235683600
11/03/2008,92.8776578078706,94.29867459092677,91.62005491924656,94.21341705322266,94.21341705322266,341440600
12/03/2008,94.31284869830935,95.04467117089673,93.19024460407503,93.33234405517578,93.33234405517578,229161100
13/03/2008,92.08895178506808,94.24179037916959,91.37134253419852,93.53838348388672,93.53838348388672,351504200
14/03/2008,94.33419046890371,94.36260603077858,90.7887501323423,92.08898162841797,92.08898162841797,484687800
17/03/2008,89.92905167482573,91.84031566343036,89.57379746019488,91.15823364257812,91.15823364257812,405311100
18/03/2008,92.80658417552178,94.98784970764004,92.35185932903559,94.94522094726562,94.94522094726562,334416600
19/03/2008,95.30756512690867,95.66992038928973,92.39447730441317,92.59342956542969,92.59342956542969,345971600
20/03/2008,92.85906115492287,94.90117545978804,92.2949746492377,94.30853271484375,94.30853271484375,245320700
24/03/2008,95.18677118544798,96.97183556412689,95.13679504833249,96.19355010986328,96.19355010986328,208977300
25/03/2008,96.29352854829976,96.78620813816512,95.51524297062525,96.28639221191406,96.28639221191406,192947200
26/03/2008,96.00792543900558,96.4577543385333,95.04398613470117,95.10824584960938,95.10824584960938,196934300
27/03/2008,95.82224956685553,95.99361966213394,94.50844485522461,94.80833435058594,94.80833435058594,225153200
28/03/2008,94.95830113020776,95.22248720662989,93.58022558268823,93.90153503417969,93.90153503417969,180896100
31/03/2008,93.74447523661608,94.77267449103202,93.60167220576339,94.23001861572266,94.23001861572266,166692100
01/04/2008,95.40101285271484,97.70731374718018,95.32960589572613,97.5430908203125,97.5430908203125,254547300
02/04/2008,97.85723607584842,98.29992857637743,97.0932232557289,97.6073226928711,97.6073226928711,210910800
03/04/2008,97.07894418772902,98.13569922992473,96.90043775312719,97.85008239746094,97.85008239746094,175884800
04/04/2008,97.9071961807491,98.50698602263127,97.19317051223099,97.74297332763672,97.74297332763672,204446800
07/04/2008,98.44274692406543,98.94257376805683,97.6359050692441,97.7929916381836,97.7929916381836,154245500
08/04/2008,97.24322187338595,97.76445790559944,97.07185167730547,97.69306182861328,97.69306182861328,148937300
09/04/2008,97.54306903632431,97.67873568720168,96.31494373756128,96.98612976074219,96.98612976074219,195610600
10/04/2008,96.6933758017269,97.58590808193982,96.32207932251089,97.12179565429688,97.12179565429688,192967800
11/04/2008,96.02933975311805,96.4791686264566,94.97257365869125,95.23677062988281,95.23677062988281,222973300
14/04/2008,95.10109709947209,95.35099958988543,94.64412102782336,94.91544342041016,94.91544342041016,160522000
15/04/2008,95.37957648231986,95.45811976338223,94.48704414987021,95.13681030273438,95.13681030273438,172389200
16/04/2008,96.06504557071882,97.75729446422855,96.05077289638311,97.7144546508789,97.7144546508789,189268900
17/04/2008,97.1217930618802,98.00004175151967,96.86474333623337,97.85723876953125,97.85723876953125,179665700
18/04/2008,99.20675258079123,99.64944511793911,98.72120934102959,98.8782958984375,98.8782958984375,218530600
21/04/2008,98.69980541328259,99.23532488335384,98.42848295716313,98.92829895019531,98.92829895019531,118587400
22/04/2008,98.6712203661395,98.75689996988571,97.75012104519433,98.49271392822266,98.49271392822266,162166000
23/04/2008,98.59978777956873,99.0924671632626,97.90718210903756,98.33560180664062,98.33560180664062,193309000
24/04/2008,98.59271369602999,99.77799949862549,97.85012053734532,98.76408386230469,98.76408386230469,229381300
25/04/2008,99.53517991584958,99.8850564370642,98.47128857765122,99.67799377441406,99.67799377441406,190788100
28/04/2008,99.87790061929134,100.14208659479966,99.52088783285711,99.69939422607422,99.69939422607422,105610200
29/04/2008,99.52805554369547,99.77082170016584,98.9711162928898,99.30670928955078,99.30670928955078,125514100
30/04/2008,99.45665239334537,100.38488814509364,98.72120666503906,98.72120666503906,98.72120666503906,208395900
01/05/2008,98.80691957933122,100.76334381103516,98.72837628494496,100.76334381103516,100.76334381103516,187279500
02/05/2008,101.63441356204319,101.65583346101647,100.36344871218087,101.0417709350586,101.0417709350586,181585500
05/05/2008,100.71333806850043,101.11319076056661,100.25636200682928,100.5562515258789,100.5562515258789,118504500
06/05/2008,99.97789664602726,101.53446767715114,99.74226682206307,101.4273681640625,101.4273681640625,179339800
07/05/2008,101.31310998436444,101.42020948536434,99.34240289979094,99.6208724975586,99.6208724975586,199267300
08/05/2008,99.77796682792184,100.19210308943745,99.23530025999233,99.36383056640625,99.36383056640625,178321200
09/05/2008,98.96397786116268,99.52805343574039,98.8568674566338,99.17817687988281,99.17817687988281,152588200
12/05/2008,99.42809247112524,100.36346452421542,99.05679600514588,100.29206848144531,100.29206848144531,147865900
13/05/2008,100.53485186181798,100.5991115798708,99.77083889662048,100.30635833740234,100.30635833740234,159132200
14/05/2008,100.72763768072541,101.53447952890096,100.29208145137541,100.513427734375,100.513427734375,181910800
15/05/2008,100.70621611587941,101.84152566710102,100.55627676630299,101.7701187133789,101.7701187133789,166927000
16/05/2008,102.00571036843742,102.01284670306731,101.11317825716912,101.86290740966797,101.86290740966797,204236800
19/05/2008,101.97001021686884,103.03391245031571,101.60586102590432,102.1413803100586,102.1413803100586,165664400
20/05/2008,101.58442066582096,101.63439679012234,100.67760514331637,101.3130874633789,101.3130874633789,178552100
21/05/2008,101.25602190335496,101.47736821266567,99.24961065422015,99.5994873046875,99.5994873046875,252724800
22/05/2008,99.55663851525821,100.08502166990381,99.24961256936646,99.61376190185547,99.61376190185547,170820400
23/05/2008,99.28529004400617,99.72084621945791,98.1928314374938,98.27851104736328,98.27851104736328,181376400
27/05/2008,98.39277321511098,99.24960213363336,98.19998316751293,99.0068359375,99.0068359375,168322900
28/05/2008,99.37097930252584,99.96362208372837,98.5355703396751,99.46380615234375,99.46380615234375,181288100
29/05/2008,99.34242401868106,100.62766188457609,99.30672054570168,99.963623046875,99.963623046875,173927200
30/05/2008,100.29923401665936,100.49202408908562,99.9208011047829,100.21355438232422,100.21355438232422,117362000
02/06/2008,99.84222652342166,99.86364642529368,98.53555803338477,99.17817687988281,99.17817687988281,181069900
03/06/2008,99.46382982023941,99.69231248816799,97.9857906837561,98.599853515625,98.599853515625,271965700
04/06/2008,98.32137218653254,99.3638548785469,98.15001292961124,98.54986572265625,98.54986572265625,246637700
05/06/2008,98.94967644088295,100.59907395843197,98.764033693099,100.5205307006836,100.5205307006836,237867100
06/06/2008,99.64230636489535,99.82081282169553,97.26459905289659,97.3145751953125,97.3145751953125,384276300
09/06/2008,97.72158681605829,98.17856296423042,96.6862514220151,97.55021667480469,97.55021667480469,228263900
10/06/2008,96.8718843501039,97.89294696620951,96.6434017469225,97.0646743774414,97.0646743774414,260234900
11/06/2008,97.08611433826383,97.2931770806486,95.62949522327361,95.63664245605469,95.63664245605469,283890100
12/06/2008,96.10789625615635,97.01470135896271,95.33674693053422,96.00078582763672,96.00078582763672,252791800
13/06/2008,96.5149104600143,97.4788500913401,95.97939086376087,97.21465301513672,97.21465301513672,244726900
16/06/2008,96.78620380843026,97.77155204891132,96.72194409832336,97.27173614501953,97.27173614501953,185832500
17/06/2008,97.87149155687334,97.9071841197687,96.65763935379081,96.80045318603516,96.80045318603516,191707700
18/06/2008,96.17215196574992,96.76479478096381,95.47240962165371,95.85797882080078,95.85797882080078,265893000
19/06/2008,95.78654959728172,96.56484594180141,95.32243721982181,95.97933959960938,95.97933959960938,304204900
20/06/2008,95.32565486201898,95.50505424753904,94.16315034774323,94.4214859008789,94.4214859008789,289275700
23/06/2008,94.78741731567222,94.88788049182827,94.23487532164641,94.32815551757812,94.32815551757812,165096400
24/06/2008,94.04110026152587,95.03855977256276,93.423966329899,94.14156341552734,94.14156341552734,267300600
25/06/2008,94.52189807102305,95.72745603479947,94.17745450275315,94.58647918701172,94.58647918701172,287853900
26/06/2008,93.69667235445914,94.30662340918242,91.90985137133339,92.01748657226562,92.01748657226562,297775000
27/06/2008,92.05338814262795,92.46959592393118,91.16356895229578,91.51519012451172,91.51519012451172,303423400
30/06/2008,91.77352526859522,92.50547763640755,91.35014545717765,91.8381118774414,91.8381118774414,258842600
01/07/2008,90.79039302879362,92.18971081814709,90.36701331946784,92.12512969970703,92.12512969970703,388622000
02/07/2008,92.41936430111697,92.68488278481311,90.38139031363318,90.54644012451172,90.54644012451172,288064600
03/07/2008,91.21374341261314,91.21374341261314,89.69243599673527,90.63966369628906,90.63966369628906,239352500
07/07/2008,90.98416243444464,91.37883766502407,88.92465621000431,89.7140121459961,89.7140121459961,372427300
08/07/2008,89.69248163593906,91.41471618642477,89.12557913318408,91.30707550048828,91.30707550048828,375973700
09/07/2008,91.49363004559356,91.66585181625602,89.26190263159297,89.54894256591797,89.54894256591797,336729400
10/07/2008,89.29064343904346,90.26657632723725,88.68068675263075,89.91495513916016,89.91495513916016,436475700
11/07/2008,88.96053205225289,90.34549496520617,87.89848571220699,88.86724090576172,88.86724090576172,481124600
14/07/2008,89.88624310250971,90.05846492878278,87.83391430040896,88.06354522705078,88.06354522705078,322720800
15/07/2008,87.40337836890669,88.61611443044012,86.12605021012313,86.8221206665039,86.8221206665039,502502500
16/07/2008,87.15219821277014,89.39110397338852,86.9010402287665,88.953369140625,88.953369140625,371642900
17/07/2008,89.80013133604139,90.60384233356687,89.04665193368416,89.84318542480469,89.84318542480469,375490600
18/07/2008,90.53924044548589,90.71863975150049,89.80729368587257,90.40290069580078,90.40290069580078,267030100
21/07/2008,90.7832190395107,90.99132287471281,89.83599099900941,90.453125,90.453125,222863000
22/07/2008,89.8073209865298,91.70895530333155,89.59203956393564,91.47932434082031,91.47932434082031,296904200
23/07/2008,91.77347710342582,92.67764535407412,91.52949675875799,91.97440338134766,91.97440338134766,311698400
24/07/2008,92.09645521646902,92.14669229441597,89.81450055377185,90.06565856933594,90.06565856933594,248634500
25/07/2008,90.33831755599586,90.76887481194197,89.8216466589275,90.04410552978516,90.04410552978516,219131000
28/07/2008,90.0656177164019,90.46029285474327,88.5658368611761,88.72370910644531,88.72370910644531,205201300
29/07/2008,88.96773890263908,90.68996849264505,88.72375290999315,90.61820983886719,90.61820983886719,261505600
30/07/2008,91.21377851027664,92.2830022564804,90.6181715335052,92.2327651977539,92.2327651977539,354710000
31/07/2008,91.42189338449589,92.2614863521093,90.86934042013638,91.01286315917969,91.01286315917969,277402100
01/08/2008,91.22096669502976,91.33577941101682,90.02975260202206,90.53207397460938,90.53207397460938,248690900
04/08/2008,90.44596901785164,90.51772765658927,89.52744530241019,89.69248962402344,89.69248962402344,188239600
05/08/2008,90.43156852001461,92.25426549630475,89.67809498000106,92.11074829101562,92.11074829101562,251577600
06/08/2008,91.86678559743747,92.78530902735696,91.47928249890928,92.51979064941406,92.51979064941406,209555400
07/08/2008,91.82374401029807,92.16819310131484,90.80475722307365,91.14202880859375,91.14202880859375,246312500
08/08/2008,90.83348684399937,93.23743173987735,90.68996406861064,92.83557891845703,92.83557891845703,260811700
11/08/2008,92.90734771870245,94.37124177749274,92.73512037956941,93.79717254638672,93.79717254638672,249425800
12/08/2008,93.48856530045404,93.78995482003819,92.37628741529957,92.82120513916016,92.82120513916016,213200800
13/08/2008,92.419351200046,93.03648531436924,91.61564573010533,92.26148986816406,92.26148986816406,256393200
14/08/2008,91.7376368205634,93.48857599627637,91.67305569104921,92.95755004882812,92.95755004882812,239555300
15/08/2008,93.23739492991135,93.64643057215712,92.78531615912752,93.40962219238281,93.40962219238281,181000800
18/08/2008,93.5962180090417,93.63210006682174,91.60848121409497,92.13232421875,92.13232421875,172275100
19/08/2008,91.43623731456837,91.62999163168861,90.7975762207751,91.12767028808594,91.12767028808594,194673700
20/08/2008,91.4147106825704,91.81656337938384,90.6612314012128,91.55105590820312,91.55105590820312,225498200
21/08/2008,90.95548193176742,92.16822344280465,90.84784121321266,91.7089614868164,91.7089614868164,180609800
22/08/2008,92.3332263467131,93.03646850585938,91.70892031407965,93.03646850585938,93.03646850585938,167715300
25/08/2008,92.42652814546186,93.03647923918919,90.95545159055342,91.14920043945312,91.14920043945312,171936900
26/08/2008,91.14922087330947,91.75918305344338,90.83348173488181,91.41473388671875,91.41473388671875,159117200
27/08/2008,91.52952859215665,92.44805216773068,91.35012928521384,92.30453491210938,92.30453491210938,171032800
28/08/2008,92.77097978864842,93.53163118880967,92.64898955934576,93.42399597167969,93.42399597167969,167537100
29/08/2008,93.09389287137418,93.38811038663137,92.21842330625053,92.41934967041016,92.41934967041016,189195800
02/09/2008,93.30918276270368,93.79715465567129,91.50801187703884,91.84528350830078,91.84528350830078,252364900
03/09/2008,91.7663345336914,92.21124680047778,91.08461933482711,91.7663345336914,91.7663345336914,251947000
04/09/2008,91.1133312872581,91.29990812073063,88.95336185213927,89.00359344482422,89.00359344482422,340042500
05/09/2008,88.47258703586775,89.66379591244309,87.54688570220048,89.2834701538086,89.2834701538086,289503400
08/09/2008,91.88114409124141,92.02467229631698,89.28344563441154,91.12767028808594,91.12767028808594,364075300
09/09/2008,91.20657660461481,91.39315335552088,88.12091282335896,88.42230224609375,88.42230224609375,377326800
10/09/2008,88.903125781625,89.6279005608596,87.94154806299309,88.78113555908203,88.78113555908203,298916600
11/09/2008,87.63300362246619,90.23070291892056,87.25984987805602,90.06565856933594,90.06565856933594,375369400
12/09/2008,89.19017017004197,90.56795568901373,88.86007606496537,90.48184204101562,90.48184204101562,297851200
15/09/2008,87.28137018927195,90.16611481634015,86.0327522405287,86.17626953125,86.17626953125,483607000
16/09/2008,84.10238693531181,87.7764864516545,83.9588696898773,87.61861419677734,87.61861419677734,581744300
17/09/2008,85.85334274161208,87.43923215841107,83.2412889404334,83.67902374267578,83.67902374267578,624095600
18/09/2008,84.71235931511212,87.39617155300328,81.66257093915269,86.16190338134766,86.16190338134766,776114700
19/09/2008,91.4458770792509,92.38415586486335,89.01357899979718,89.5837631225586,89.5837631225586,501087800
22/09/2008,89.82190832020714,90.03843581937598,86.86994942024202,87.55561065673828,87.55561065673828,249966500
23/09/2008,87.22360737246512,88.06805472209784,85.36870752009396,85.56358337402344,85.56358337402344,327470400
24/09/2008,86.1409865970424,86.61012588019817,85.01505672268735,85.83785247802734,85.83785247802734,311818400
25/09/2008,86.17707201387029,87.98866859749361,85.48419170249174,87.18030548095703,87.18030548095703,328253000
26/09/2008,85.76565277685413,87.69272617872254,85.53469273063605,87.22358703613281,87.22358703613281,285917400
29/09/2008,85.98941551896905,86.13376351941413,80.09271104576344,80.38862609863281,80.38862609863281,459562300
30/09/2008,81.92593481859615,84.30049561047356,79.77511501254652,83.71587371826172,83.71587371826172,328154400
01/10/2008,83.19622693450968,84.22111743583258,82.24351593110666,83.76641082763672,83.76641082763672,332783000
02/10/2008,82.96527896667365,83.08076177498177,80.157667891332,80.72785186767578,80.72785186767578,365337800
03/10/2008,81.4568316487708,83.32616440196537,79.16166287240289,79.63801574707031,79.63801574707031,461798000
06/10/2008,77.33562714586586,77.67485102495857,72.63702620553163,75.58177185058594,75.58177185058594,610637500
07/10/2008,77.11189349215235,77.46555553534391,71.92250624807636,72.19676971435547,72.19676971435547,540012100
08/10/2008,70.38514323158728,73.74850496772214,69.87270076875772,70.3779296875,70.3779296875,725414800
09/10/2008,71.92971660223216,72.62259699102523,65.13803617107004,65.46282196044922,65.46282196044922,534485200
10/10/2008,62.619064331483514,67.80123226531903,60.32389790938883,63.874908447265625,63.874908447265625,871026300
13/10/2008,67.75076565727596,73.14945983886719,64.92149766486445,73.14945983886719,73.14945983886719,455584000
14/10/2008,75.56731661111151,76.16637117637684,70.0892299534195,72.06682586669922,72.06682586669922,546268300
15/10/2008,70.34184398653407,70.58724216267036,64.7482743577971,64.97201538085938,64.97201538085938,484627500
16/10/2008,65.88864204269498,68.40033215664403,62.460325178152495,67.67858123779297,67.67858123779297,708811200
17/10/2008,66.3938693793921,71.15742462203842,66.14847669571347,67.27440643310547,67.27440643310547,476649000
20/10/2008,68.81895768205051,71.52552396875824,67.9095498678902,71.31621551513672,71.31621551513672,321294200
21/10/2008,69.98817846415383,71.1935010217656,68.72511451890846,69.1870346069336,69.1870346069336,356502000
22/10/2008,67.26718283192615,69.18704290200826,63.17485648025319,65.41950225830078,65.41950225830078,516168000
23/10/2008,65.1669003741459,66.72587971676623,61.93345337584241,66.17735290527344,66.17735290527344,634666400
24/10/2008,60.67037377171422,64.89983412929611,60.627070483455896,62.82119369506836,62.82119369506836,545812600
27/10/2008,62.04893592931112,64.60393519508247,60.41055803398463,60.59099578857422,60.59099578857422,397288600
28/10/2008,63.037747439033055,68.01783184199746,61.009628320300216,67.67139434814453,67.67139434814453,639939500
29/10/2008,67.67856918122627,70.13252296946591,66.47324668303203,67.1805648803711,67.1805648803711,531270100
30/10/2008,69.12930222171936,69.67783446262793,67.05066155491359,69.5046157836914,69.5046157836914,414582100
31/10/2008,68.62409681325,71.14300664359386,68.19104724885213,69.88716125488281,69.88716125488281,411394000
03/11/2008,69.85105426947725,70.50785026027263,69.25199967476723,70.0892333984375,70.0892333984375,205419400
04/11/2008,71.49664021029481,72.79579399326192,69.80052674835376,72.47100830078125,72.47100830078125,346793400
05/11/2008,71.59768278898687,72.68752812453593,68.56633139316119,69.42521667480469,69.42521667480469,387844100
06/11/2008,68.17660314021073,68.88392158811784,65.00089743670011,65.57830047607422,65.57830047607422,477721900
07/11/2008,66.14847657173648,67.84459022608401,65.31846186660216,67.74354553222656,67.74354553222656,380391000
10/11/2008,68.71790013385879,68.94886019355049,65.62158821996184,66.85578155517578,66.85578155517578,301773000
11/11/2008,65.50610989011108,66.50212409904378,63.98321512813844,64.79157257080078,64.79157257080078,418498200
12/11/2008,63.680092550093995,64.19974863969566,61.435446520819276,61.940670013427734,61.940670013427734,454330600
13/11/2008,62.164378209042845,66.20618604014757,59.24850507672651,65.802001953125,65.802001953125,753141900
14/11/2008,64.53174425011414,66.44437954133453,62.44587928875356,62.51805877685547,62.51805877685547,540352300
17/11/2008,62.344847472123696,63.91826482378944,61.46431590479845,61.68805694580078,61.68805694580078,415254900
18/11/2008,61.45709519833665,62.951119461702945,59.84037459362925,62.850074768066406,62.850074768066406,523811800
19/11/2008,62.00562070787061,62.698500891485,58.40407985406913,58.822696685791016,58.822696685791016,558327600
20/11/2008,57.83388257231928,59.55165279111525,54.16739314018162,54.45608901977539,54.45608901977539,814180400
21/11/2008,55.90682584196198,58.38965077948738,53.65496097956528,57.39363098144531,57.39363098144531,718536500
24/11/2008,59.125837466804455,62.78511462272806,57.9999077285273,61.3704833984375,61.3704833984375,523305300
25/11/2008,63.008862662717064,63.16042970750845,60.49716683318973,61.825191497802734,61.825191497802734,454112400
26/11/2008,60.84363344620219,64.37299666856471,60.800324626146896,64.2142105102539,64.2142105102539,370134200
28/11/2008,63.96878906301681,65.05141556158442,63.86053081837855,65.02254486083984,65.02254486083984,118308100
01/12/2008,63.16041800678603,63.18928870137735,59.082524630004286,59.262962341308594,59.262962341308594,369927100
02/12/2008,60.24454529558299,61.70247961306753,59.21244134328914,61.54369354248047,61.54369354248047,469508400
03/12/2008,60.19402650425263,63.39138322973008,60.00636972735722,63.02328872680664,63.02328872680664,519863500
04/12/2008,62.11388780506929,63.55017622524623,60.439425745574184,61.56536102294922,61.56536102294922,444173800
05/12/2008,60.37447967691859,63.8172299474812,59.356807998621406,63.46357345581055,63.46357345581055,471905300
08/12/2008,65.20298585107109,66.67535862308009,63.571832476860514,65.6793441772461,65.6793441772461,412859300
09/12/2008,65.224650922792,66.49492893369697,64.2214173030371,64.59672546386719,64.59672546386719,370790000
10/12/2008,65.18853906946966,65.93916064324303,64.23582813093466,65.03697204589844,65.03697204589844,396187400
11/12/2008,64.62557205331281,65.67932763815328,63.05937402350675,63.47077178955078,63.47077178955078,365061000
12/12/2008,61.74578797582384,64.28634856781933,61.49317077083268,64.22860717773438,64.22860717773438,415060400
15/12/2008,64.25027387597872,64.34410503348157,62.27989665974572,63.33365249633789,63.33365249633789,256694200
16/12/2008,66.31448364257812,66.41552834776249,63.644006994379616,66.31448364257812,66.31448364257812,377699500
17/12/2008,65.56384777713166,66.71143454814342,65.00088296764457,65.67211151123047,65.67211151123047,281819800
18/12/2008,65.96805525710325,66.16292564191384,63.6656673598186,64.44515991210938,64.44515991210938,374673300
19/12/2008,64.83005284658972,65.93602320571725,64.09516515872957,64.16793060302734,64.16793060302734,301451300
22/12/2008,64.45167693614248,64.51715915306798,62.20335978425639,63.345706939697266,63.345706939697266,243759500
23/12/2008,63.687713588012834,63.97875874933151,62.428951175804805,62.69089126586914,62.69089126586914,221625200
24/12/2008,62.90185406588229,63.20745434774019,62.57443193323179,63.054656982421875,63.054656982421875,62061600
26/12/2008,63.47669594560393,63.520356321192644,62.93826609061647,63.41849136352539,63.41849136352539,74767700
29/12/2008,63.47669460457208,63.54218239095972,62.28341465320208,63.23658752441406,63.23658752441406,127795900
30/12/2008,63.673156013520966,64.79367613878263,63.21475813655426,64.73546600341797,64.73546600341797,168256300
31/12/2008,64.81548325783963,66.19066535571852,64.66268586376667,65.65950775146484,65.65950775146484,193987200
02/01/2009,65.80505873216983,67.98788901597493,65.3757658897181,67.63863372802734,67.63863372802734,227566300
05/01/2009,67.39849581278234,68.14793859246207,66.8600660988497,67.5585708618164,67.5585708618164,240349700
06/01/2009,68.13340459536727,68.72276695910762,67.43489961395024,68.00971221923828,68.00971221923828,328260900
07/01/2009,66.94009625137302,67.12927633859944,65.63039649553136,65.97237396240234,65.97237396240234,280899200
08/01/2009,65.6013053803378,66.27797719763325,65.24477256435027,66.2416000366211,66.2416000366211,263834400
09/01/2009,66.32891150954644,66.4453261899929,62.10877248233569,64.82275390625,64.82275390625,330953600
12/01/2009,64.64085677116258,64.69179479012135,62.87277015494154,63.26567459106445,63.26567459106445,277858500
13/01/2009,63.105628376944814,63.94237557697241,62.71999034893008,63.382118225097656,63.382118225097656,356432300
14/01/2009,62.23976449493269,62.39256193965842,60.50805457015021,61.38846206665039,61.38846206665039,435491600
15/01/2009,61.20656744124368,62.02876490726263,59.46030198170333,61.41029739379883,61.41029739379883,532647300
16/01/2009,62.47258158063904,62.56716886181399,60.427999697658244,61.8904914855957,61.8904914855957,399237200
20/01/2009,61.28657436343027,61.89048626339428,58.24516525346341,58.62351989746094,58.62351989746094,419855200
21/01/2009,59.62036680364779,61.29386651858942,58.55077918625906,61.15562438964844,61.15562438964844,364360700
22/01/2009,59.96961180623368,61.148341944499585,59.06009935266465,60.20972442626953,60.20972442626953,427940300
23/01/2009,58.86365079095952,61.11196305237219,58.62353815588909,60.4716682434082,60.4716682434082,386800600
26/01/2009,60.820891483035396,62.1087637464184,60.25335681153295,60.88637924194336,60.88637924194336,317978800
27/01/2009,61.2138110765174,61.955976188487945,60.60989915551748,61.50485610961914,61.50485610961914,273789700
28/01/2009,62.865502190966474,63.99329430786106,62.62538956982285,63.58583450317383,63.58583450317383,330007000
29/01/2009,62.6544903164492,63.658590002178485,61.46121049820056,61.5194206237793,61.5194206237793,294392500
30/01/2009,61.83231103390196,62.1379059549426,59.81682787346187,60.267948150634766,60.267948150634766,383383600
02/02/2009,59.35113770470705,60.522590055904026,59.16195758151635,60.08602523803711,60.08602523803711,288233300
03/02/2009,60.46441030072005,61.381200764543564,59.824115283016276,60.93008041381836,60.93008041381836,278385800
04/02/2009,61.33753471156538,62.116077309984384,60.420744415363004,60.631752014160156,60.631752014160156,322989300
05/02/2009,60.17332615769243,62.057838361129456,56.55711023982945,61.533958435058594,61.533958435058594,417679400
06/02/2009,61.74499358001143,63.5494635207844,61.61402353985658,63.28752899169922,63.28752899169922,366101700
09/02/2009,63.27292529955668,63.84045985585601,62.80725563535106,63.37479019165039,63.37479019165039,240075200
10/02/2009,62.77091298336092,63.323898144098436,59.99144297326735,60.4716682434082,60.4716682434082,536212800
11/02/2009,60.71906248006231,61.15563299438336,59.95507518244985,60.82820510864258,60.82820510864258,324442500
12/02/2009,59.78770627368169,60.988263761556354,58.97278670952779,60.871849060058594,60.871849060058594,469302200
13/02/2009,60.791800008536065,61.293846987430356,60.20243230541873,60.21698760986328,60.21698760986328,293998400
17/02/2009,58.3252326346829,60.36253773603708,57.60489458502657,57.64127731323242,57.64127731323242,478910100
18/02/2009,58.05599872863003,58.16514133166043,56.95730614691125,57.503013610839844,57.503013610839844,362964800
19/02/2009,58.09238175735608,58.317944640039094,56.76813173331364,56.884552001953125,56.884552001953125,316867500
20/02/2009,55.829514942250086,57.00096187636697,55.13100449220896,56.33156204223633,56.33156204223633,477176600
23/02/2009,56.95002637592769,56.95002637592769,54.272421630409305,54.31608200073242,54.31608200073242,379641400
24/02/2009,54.781738861338,56.717177913860674,54.35244622128036,56.375205993652344,56.375205993652344,426260900
25/02/2009,56.127848790257985,57.0591889316183,55.02915586511021,55.931396484375,55.931396484375,461985800
26/02/2009,56.622609423252825,57.96868679982135,54.95638187342902,55.02186965942383,55.02186965942383,363353900
27/02/2009,53.850396846862196,55.07278139658886,53.704871572358066,53.79218673706055,53.79218673706055,470510900
02/03/2009,52.76628034021925,53.78493555823936,51.201923115686725,51.36927032470703,51.36927032470703,426452600
03/03/2009,52.10414337356975,52.16962559745723,50.67075103765647,50.98362350463867,50.98362350463867,443761000
04/03/2009,51.82764713591808,53.0209267324934,50.983617125489545,52.19145202636719,52.19145202636719,462753100
05/03/2009,51.005448323173184,52.191455907003665,49.601161119576545,50.0595588684082,50.0595588684082,485549400
06/03/2009,50.49613251339577,51.260119643372185,48.8226273789691,50.14687728881836,50.14687728881836,490470000
09/03/2009,49.44110154543586,50.932704394625304,49.281031994652544,49.55752182006836,49.55752182006836,379905300
10/03/2009,50.57616856683562,52.65713344275237,50.47430361916613,52.5116081237793,52.5116081237793,406227900
11/03/2009,53.115543473580175,53.66125111200737,52.2642408899278,52.85360336303711,52.85360336303711,356648300
12/03/2009,52.839032911736396,55.11644989923136,52.366085366712916,54.934547424316406,54.934547424316406,409702700
13/03/2009,55.30562980829089,56.011412296359346,54.3742900286132,55.363834381103516,55.363834381103516,337474700
16/03/2009,55.99686494608238,56.73175260058553,55.160112335654894,55.196495056152344,55.196495056152344,360644900
17/03/2009,55.349294404419574,57.015522028560575,54.89817419027749,56.884552001953125,56.884552001953125,356814300
18/03/2009,56.61532480855974,58.86364229675719,56.0768950343729,58.157859802246094,58.157859802246094,473273200
19/03/2009,58.885488389239235,58.936420876589764,57.25564324279747,57.43754577636719,57.43754577636719,428520400
20/03/2009,57.71674517752843,57.82666899178149,56.08255863605852,56.2144660949707,56.2144660949707,371078200
23/03/2009,57.70207275199747,60.30357821198931,57.38696087028823,60.252281188964844,60.252281188964844,419933300
24/03/2009,59.534123698401714,60.35488174629552,58.99916977071338,59.065120697021484,59.065120697021484,330271000
25/03/2009,59.52679213573066,60.60402960137719,57.93657326643548,59.68800735473633,59.68800735473633,441775100
26/03/2009,60.27425630616133,61.04371713368597,59.59273561608262,60.90447998046875,60.90447998046875,422025200
27/03/2009,60.12769748287966,60.47944686526954,59.585408332682185,59.80525588989258,59.80525588989258,322332300
30/03/2009,58.47886754527725,58.53016457190994,57.13047977371458,57.73871994018555,57.73871994018555,324108500
31/03/2009,58.302983580051844,59.416869789935554,57.9292505198406,58.2736701965332,58.2736701965332,364238300
01/04/2009,57.54816727750599,59.66600976945347,57.40160598868211,59.40219497680664,59.40219497680664,377018300
02/04/2009,60.88249578895972,62.00370597413856,59.45349792100298,61.138980865478516,61.138980865478516,476230700
03/04/2009,61.18295012279174,61.761876794828986,60.582039813619176,61.747222900390625,61.747222900390625,284646300
06/04/2009,61.073023270246246,61.76187368422198,60.30356805448582,61.26355743408203,61.26355743408203,264866600
07/04/2009,60.2742460097987,60.56737416025609,59.73196256557292,59.834556579589844,59.834556579589844,258947800
08/04/2009,60.13503256212077,60.77991586527916,59.75396973012807,60.47945785522461,60.47945785522461,230402800
09/04/2009,62.047690455517404,62.890432161484256,61.79853505235614,62.88310241699219,62.88310241699219,269653500
13/04/2009,62.23089909381819,63.418066187883454,61.98174367399063,62.89776611328125,62.89776611328125,224847500
14/04/2009,62.31152225145626,62.846481925362326,61.61534729168875,61.81320571899414,61.81320571899414,276598800
15/04/2009,61.43946401584522,62.597317902823285,61.270918991475405,62.472740173339844,62.472740173339844,250726100
16/04/2009,62.97105355945657,63.865092450864225,62.12098196075491,63.38875961303711,63.38875961303711,335202900
17/04/2009,63.630596288714244,64.23150690069085,63.12495001598037,63.81380081176758,63.81380081176758,262649000
20/04/2009,62.68522665800585,63.79178294922163,61.073024365256344,61.138980865478516,61.138980865478516,293690100
21/04/2009,60.69194451410657,62.38475113292445,60.640647513262195,62.33345413208008,62.33345413208008,114090900
22/04/2009,61.76921102227207,63.27148410879807,61.60799021696697,61.952415466308594,61.952415466308594,340395200
23/04/2009,62.07698749990478,62.59728740272737,61.285543031827274,62.56064987182617,62.56064987182617,324903700
24/04/2009,63.044321673610526,63.98232767069117,62.795166276679566,63.50600051879883,63.50600051879883,287703000
27/04/2009,62.78783475180499,63.76248385183324,62.6852406982185,62.90508270263672,62.90508270263672,289581600
28/04/2009,62.26751724978319,63.454678276673455,62.11362621262908,62.70720672607422,62.70720672607422,247926300
29/04/2009,63.403423676805076,64.75181197582533,63.242208380721976,64.04097747802734,64.04097747802734,311505700
30/04/2009,64.89098398116501,65.23540346793826,63.69648802301148,64.06289672851562,64.06289672851562,301419800
01/05/2009,64.07756771622391,64.64183476402523,63.549938190981344,64.40733337402344,64.40733337402344,236110300
04/05/2009,64.89100411745423,66.64243782597414,64.76642086979908,66.59846496582031,66.59846496582031,287120000
05/05/2009,66.37132263183594,66.63513754558012,65.83636305925539,66.37132263183594,66.37132263183594,243036300
06/05/2009,67.18472460906787,67.56578733971538,66.40060992113965,67.52182006835938,67.52182006835938,291941000
07/05/2009,68.15936788824864,68.26196190699946,66.15877334069827,66.58380889892578,66.58380889892578,317728000
08/05/2009,67.44121753973093,68.31327246299738,67.00885774510843,68.13739776611328,68.13739776611328,299081700
11/05/2009,67.19936191661812,67.49981977260668,66.71570527821092,66.86226654052734,66.86226654052734,247923600
12/05/2009,67.14812392132522,67.29469090338941,65.84370853122681,66.66446685791016,66.66446685791016,282431300
13/05/2009,65.76307514358574,65.96093910259644,64.85438253567246,64.98628997802734,64.98628997802734,269619100
14/05/2009,65.01559085214085,66.04153680735432,64.85437005462728,65.54322052001953,65.54322052001953,260098700
15/05/2009,65.49190197969213,65.953574991892,64.59786373524943,65.00823974609375,65.00823974609375,271502700
18/05/2009,65.62382368815129,66.93556237948626,64.90565992134455,66.8549575805664,66.8549575805664,241447400
19/05/2009,66.81832030168043,67.39724697458733,66.54717573104132,66.77435302734375,66.77435302734375,206102200
20/05/2009,67.3826084806613,68.0055082129104,66.25407375411046,66.32735443115234,66.32735443115234,285722200
21/05/2009,65.55789167825023,65.80705268300733,64.67851239418822,65.37468719482422,65.37468719482422,258988400
22/05/2009,65.55786942693994,65.95359164774102,64.98627252721236,65.23542785644531,65.23542785644531,166811900
26/05/2009,64.75179397330518,67.09680915751184,64.72248058463295,66.90628051757812,66.90628051757812,236318500
27/05/2009,67.00886748776621,67.2360392372273,65.60918267938656,65.71177673339844,65.71177673339844,246015800
28/05/2009,66.29069684473217,66.93557448944729,65.29406419956402,66.62779235839844,66.62779235839844,289095000
29/05/2009,66.9942268269537,68.66505113722239,66.45194301892714,67.80765533447266,67.80765533447266,258641500
01/06/2009,68.6430515117548,69.74227836432635,68.46717678081129,69.44915008544922,69.44915008544922,276246800
02/06/2009,69.1780085455297,69.88884277911369,69.05343084856007,69.50777435302734,69.50777435302734,230874500
03/06/2009,68.9141936044092,68.98014452946985,67.97618761939111,68.6283950805664,68.6283950805664,235310500
04/06/2009,68.88486191869146,69.37584842245289,68.37189177908328,69.27325439453125,69.27325439453125,210102300
05/06/2009,69.97679377100701,70.10870124315895,68.73833507292503,69.28794860839844,69.28794860839844,284257900
08/06/2009,68.76761392793738,69.69096584432793,68.18136309144857,69.00212097167969,69.00212097167969,238565100
09/06/2009,69.39054023217794,69.72030610540916,68.89954790873531,69.35389709472656,69.35389709472656,225125500
10/06/2009,69.96943053588446,69.9767546867769,68.29127747395889,69.17798614501953,69.17798614501953,296100400
11/06/2009,69.30991172420283,70.4311221098891,69.29525223666285,69.48578643798828,69.48578643798828,275414200
12/06/2009,69.17801414721988,69.72029785337774,68.88488585517663,69.67633056640625,69.67633056640625,184361800
15/06/2009,68.85556627973124,68.89953356275197,67.71237219353928,68.07878112792969,68.07878112792969,224190500
16/06/2009,68.32057824453442,68.36454550559621,67.11142824675072,67.1553955078125,67.1553955078125,227319000
17/06/2009,67.12611507760852,67.6610745771811,66.56184778358177,67.0894775390625,67.0894775390625,223445200
18/06/2009,67.19205946292642,67.91021770749947,66.86961787257208,67.58045196533203,67.58045196533203,211725100
19/06/2009,68.22750932011206,68.31594059916105,67.44633074577142,67.82955169677734,67.82955169677734,215655600
22/06/2009,67.1662963148482,67.20314643349536,65.77344729257327,65.7955551147461,65.7955551147461,251913600
23/06/2009,65.93557435641696,66.23772394322899,65.47865877979146,65.84713745117188,65.84713745117188,188309800
24/06/2009,66.44407552550132,67.12207491922156,66.03137559766176,66.41459655761719,66.41459655761719,211577700
25/06/2009,66.08295439960645,67.9253475006719,66.00925980007135,67.85902404785156,67.85902404785156,279411000
26/06/2009,67.6305650113372,67.9769358217863,67.26208638278074,67.6821517944336,67.6821517944336,167579000
29/06/2009,67.88113873986721,68.40437775885437,67.50528893487656,68.3159408569336,68.3159408569336,168481300
30/06/2009,68.33070509233012,68.58126796108566,67.26211326885526,67.76324462890625,67.76324462890625,228888200
01/07/2009,68.05064708132282,68.70654437344714,67.95484463855992,68.04328155517578,68.04328155517578,173041100
02/07/2009,67.15890228147846,68.06536203944906,66.14927459603653,66.18611907958984,66.18611907958984,212309900
06/07/2009,65.54498064845812,66.27456676315985,65.33863351480815,66.17876434326172,66.17876434326172,174499600
07/07/2009,66.1124499932789,66.19351575991936,64.85225346987576,64.89646911621094,64.89646911621094,197088900
08/07/2009,65.28706666000653,65.4418326933519,64.11530685424805,64.85226440429688,64.85226440429688,248050500
09/07/2009,65.30180214991991,65.51552049185219,64.78593416769671,64.9775390625,64.9775390625,163777600
10/07/2009,64.63115867578588,65.21335566896933,64.37322472248651,64.82276916503906,64.82276916503906,173520300
13/07/2009,65.08070222710124,66.45144335733625,64.55009203184403,66.39985656738281,66.39985656738281,217413500
14/07/2009,66.60616272197197,66.83462318472134,66.12714523410753,66.77566528320312,66.77566528320312,181487400
15/07/2009,67.66006879518223,68.91289996535644,66.82730881328774,68.7286605834961,68.7286605834961,220877900
16/07/2009,68.53704488502812,69.64985224188098,68.40439231518778,68.61811065673828,68.61811065673828,231174500
17/07/2009,69.31819471334492,69.50980516595929,68.93497943065358,69.36978149414062,69.36978149414062,138561700
20/07/2009,69.77511433740513,70.2246587205481,69.41400685050819,70.10674285888672,70.10674285888672,164179400
21/07/2009,70.65208151271305,70.67418932683054,69.58349030922892,70.43099212646484,70.43099212646484,217718300
22/07/2009,69.98145211208053,70.84369065063015,69.92986533513835,70.416259765625,70.416259765625,196068100
23/07/2009,70.46048026182896,72.28076549503712,70.40152233481344,71.97124481201172,71.97124481201172,258795500
24/07/2009,71.63226833229952,72.32501019680475,71.25642404723104,72.26605224609375,72.26605224609375,154003100
27/07/2009,72.13338833845954,72.51660933534993,71.73543066747588,72.4797592163086,72.4797592163086,159259400
28/07/2009,71.97121198864315,72.49445070156723,71.5290333602252,72.14070892333984,72.14070892333984,186685200
29/07/2009,71.80908402095652,72.28810152050782,71.4700845127584,71.9638442993164,71.9638442993164,194399300
30/07/2009,72.83350732341025,73.57046478545618,72.6640046332224,72.71559143066406,72.71559143066406,225575400
31/07/2009,72.70086108183708,73.30516602840036,72.50187940114712,72.81877136230469,72.81877136230469,207358000
03/08/2009,73.58518130643445,74.08631246827176,73.18722371122207,74.01998901367188,74.01998901367188,175776900
04/08/2009,73.6883925274922,74.31480539424854,73.53363209847289,74.21163177490234,74.21163177490234,176714600
05/08/2009,74.26319377498312,74.32952286385559,73.38621830351742,73.99789428710938,73.99789428710938,184726400
06/08/2009,74.33689818644226,74.44743730320583,73.26830653656934,73.61467742919922,73.61467742919922,193203800
07/08/2009,74.3884580514933,75.19173866271109,73.9831293616349,74.58006286621094,74.58006286621094,220640900
10/08/2009,74.24108414317375,74.5948261559471,73.89471327843738,74.42532348632812,74.42532348632812,130898700
11/08/2009,74.09368345821478,74.14527024141796,73.29776826947621,73.49674987792969,73.49674987792969,157301000
12/08/2009,73.37147760543445,74.84539241870579,73.33463310862595,74.28530883789062,74.28530883789062,219052400
13/08/2009,74.62425208525828,74.88218585783642,73.88729523644385,74.85270690917969,74.85270690917969,176449500
14/08/2009,74.81589155539176,74.87484948007987,73.47462969269138,74.27791595458984,74.27791595458984,199616100
17/08/2009,72.84825224388027,72.92194687391796,72.30290523455352,72.4502944946289,72.4502944946289,237667500
18/08/2009,72.61238363467383,73.28301730807979,72.47973112908456,73.02507781982422,73.02507781982422,173461500
19/08/2009,72.45027144851714,73.91682054570175,72.37657684192139,73.66625213623047,73.66625213623047,192812800
20/08/2009,73.76206072646468,74.5948261559471,73.59993482742122,74.42532348632812,74.42532348632812,174131300
21/08/2009,75.03696634950416,76.0023782824913,74.8895771890226,75.88446807861328,75.88446807861328,224605000
24/08/2009,76.19402048864654,76.60671480826133,75.6044523555925,75.87712860107422,75.87712860107422,191279000
25/08/2009,76.17927359371869,76.83516510190105,75.86238174866693,76.0245132446289,76.0245132446289,215310600
26/08/2009,75.78870119148478,76.37826939841798,75.53076720940366,76.03189849853516,76.03189849853516,194620700
27/08/2009,75.98767481559123,76.43721926076945,75.12543604272356,76.2013931274414,76.2013931274414,196230100
28/08/2009,76.81307141824362,76.90150270683142,75.66341406375402,76.18665313720703,76.18665313720703,147024400
31/08/2009,75.44233589136604,75.59709628056798,75.01489922259545,75.50865936279297,75.50865936279297,176051600
01/09/2009,75.13283080566393,76.08350685693122,73.68839447411897,73.84315490722656,73.84315490722656,321276800
02/09/2009,73.53360086632892,74.01999539883654,73.37884050304146,73.56307983398438,73.56307983398438,171805000
03/09/2009,73.99050435147977,74.26317491833461,73.39356519335516,74.17474365234375,74.17474365234375,143572300
04/09/2009,74.322172063649,75.23599790384755,74.10108815946916,75.2138900756836,75.2138900756836,142687900
08/09/2009,75.90659661715588,75.94344672860645,75.45705224563963,75.86238098144531,75.86238098144531,132909100
09/09/2009,75.99503569369779,76.70251399807395,75.75920959223907,76.444580078125,76.444580078125,154612500
10/09/2009,76.49616765376291,77.27734056870334,76.06873108340245,77.22575378417969,77.22575378417969,162902400
11/09/2009,77.37314529943981,77.60160588560841,76.84990629150447,77.21101379394531,77.21101379394531,152360100
14/09/2009,76.5551268798999,77.71952083297045,76.01715116733605,77.58686828613281,77.58686828613281,149593800
15/09/2009,77.71215878706367,78.19855338994888,77.20366198341158,77.91114044189453,77.91114044189453,196795900
16/09/2009,78.19117449111698,79.10500003992945,77.91850386731933,79.09026336669922,79.09026336669922,206406300
17/09/2009,78.97970896926839,79.635600487214,78.53753573349594,78.97234344482422,78.97234344482422,229170900
18/09/2009,79.34111403989752,79.34852029860029,78.75614388742075,79.02271270751953,79.02271270751953,153799100
21/09/2009,78.40812431951298,79.23004391865209,78.2378199120922,78.82278442382812,78.82278442382812,151892000
22/09/2009,79.28926660887174,79.50400287628743,78.93383969917568,79.2818603515625,79.2818603515625,143126700
23/09/2009,79.46699652948669,79.99272793968207,78.48217309309852,78.62286376953125,78.62286376953125,225947400
24/09/2009,78.79317915382461,78.96348357954518,77.41590863156225,77.75652313232422,77.75652313232422,228636800
25/09/2009,77.58618302113132,78.01565552295475,77.07525864312349,77.34182739257812,77.34182739257812,204059000
28/09/2009,77.63802842399375,78.8968267610491,77.62322155737127,78.72651672363281,78.72651672363281,118285800
29/09/2009,78.86722603183127,79.24486053787679,78.32668205849026,78.48958587646484,78.48958587646484,133733900
30/09/2009,78.75611430312289,78.83015991437547,77.46770258951027,78.18595123291016,78.18595123291016,254383000
01/10/2009,76.26814665212066,78.2896252578235,76.23112102023214,76.24593353271484,76.24593353271484,281840600
02/10/2009,75.5424747502456,76.34218082490966,75.52026163416895,75.89049530029297,75.89049530029297,224748800
05/10/2009,76.19411740104817,77.2455800404018,75.97197486064638,77.0234375,77.0234375,149875000
06/10/2009,77.57879697619943,78.5710266130818,77.53437072282205,78.12674713134766,78.12674713134766,202491100
07/10/2009,77.94903903882782,78.42294360521302,77.80094774574043,78.34149169921875,78.34149169921875,159200300
08/10/2009,78.8968121623537,79.35589838385815,78.37848153736287,78.94123840332031,78.94123840332031,183305800
09/10/2009,78.96344691330657,79.42253875732422,78.75611693514318,79.42253875732422,79.42253875732422,135008300
12/10/2009,79.79277451882773,80.03712448545359,79.43734765478905,79.73353576660156,79.73353576660156,118031000
13/10/2009,79.5188080625327,79.75575744755382,79.05231554964331,79.57064056396484,79.57064056396484,157692700
14/10/2009,80.50361007451954,81.02193495257254,79.54100027320115,80.94048309326172,80.94048309326172,191421600
15/10/2009,80.54806685230955,81.23670196533203,80.51104686087714,81.23670196533203,81.23670196533203,173873600
16/10/2009,80.5628543598951,80.91086928806257,80.14078817321068,80.6294937133789,80.6294937133789,192069400
19/10/2009,80.76281417974711,81.54770815696563,80.51105786604322,81.29595184326172,81.29595184326172,159530400
20/10/2009,81.4144301712276,81.44404956035336,80.47403857609827,80.86648559570312,80.86648559570312,180921100
21/10/2009,80.74059271976154,81.68098414357239,80.08157696740375,80.14081573486328,80.14081573486328,225379300
22/10/2009,80.11118212247901,81.21447713618596,79.6002577301962,80.95531463623047,80.95531463623047,238444000
23/10/2009,81.22192363726764,81.2737561629409,79.69655596157143,80.02976989746094,80.02976989746094,240033200
26/10/2009,80.11859703457986,80.94051657355578,78.94125618915588,79.16339874267578,79.16339874267578,242028200
27/10/2009,79.25224568184366,79.51881446762893,78.60804249062878,78.8005599975586,78.8005599975586,253266300
28/10/2009,78.60063739255533,78.84499305801695,77.26779344396418,77.31222534179688,77.31222534179688,248821400
29/10/2009,77.88978894946628,79.12636849035565,77.7046720487588,78.97087097167969,78.97087097167969,198110600
30/10/2009,78.71170848147118,78.94865788852717,76.59397068433103,76.68282318115234,76.68282318115234,325608100
02/11/2009,77.10489953922958,78.05270294031419,76.3274118441042,77.24559020996094,77.24559020996094,254222900
03/11/2009,76.81609346302128,77.6009928197643,76.66800222931347,77.48992156982422,77.48992156982422,228362600
04/11/2009,78.12674396699451,78.73392721894658,77.48994133088384,77.68986511230469,77.68986511230469,247996700
05/11/2009,78.23780496618966,79.14117064240183,78.07490119937985,79.11895751953125,79.11895751953125,180015300
06/11/2009,78.6820604629606,79.5261927714567,78.52656300079737,79.32626342773438,79.32626342773438,170954100
09/11/2009,79.9334967705649,81.17748290085356,79.87426364003382,81.133056640625,81.133056640625,159495700
10/11/2009,80.94048955127948,81.39958137226857,80.6887333473718,81.14781951904297,81.14781951904297,171899800
11/11/2009,81.6809565868413,82.05859654034153,81.17003792550112,81.56248474121094,81.56248474121094,169466200
12/11/2009,81.45140083326451,81.87346695706421,80.52581673288651,80.73314666748047,80.73314666748047,157144500
13/11/2009,80.9404951941557,81.51805890156758,80.52583522972014,81.1700439453125,81.1700439453125,150963000
16/11/2009,81.73280741859918,82.70282376586718,81.68838117268372,82.34739685058594,82.34739685058594,210922200
17/11/2009,82.1326466951253,82.48066729414741,81.82165172765293,82.44364166259766,82.44364166259766,147134100
18/11/2009,82.38440694944174,82.51028505533915,81.8734826205053,82.39180755615234,82.39180755615234,156486800
19/11/2009,81.82909319894478,82.42146401343987,80.80724408132865,81.31816864013672,81.31816864013672,208734600
20/11/2009,80.89608115241157,81.2737211908592,80.71837051933235,81.02936553955078,81.02936553955078,134196000
23/11/2009,81.98457863287472,82.7398531457611,81.89572048163876,82.05862426757812,82.05862426757812,148010200
24/11/2009,82.1919079061467,82.33999917417762,81.45884652555006,82.18450164794922,82.18450164794922,138420100
25/11/2009,82.31776149232672,82.56211709607071,82.05859902592464,82.47325897216797,82.47325897216797,109564800
27/11/2009,80.26671067024209,81.688407490766,80.18525876027573,81.133056640625,81.133056640625,126001800
30/11/2009,81.06639850803394,81.59953045548156,80.05936208065566,81.40701293945312,81.40701293945312,160874800
01/12/2009,82.13267353723171,82.68062368679111,81.99198851986489,82.41405487060547,82.41405487060547,159613700
02/12/2009,82.39921201965196,82.939755711626,82.13264330159872,82.37699890136719,82.37699890136719,132315100
03/12/2009,82.59918548318845,83.06567816418664,81.6661944718711,81.73283386230469,81.73283386230469,167324900
04/12/2009,82.8138633748277,83.21371641045958,81.48102557203886,82.19927978515625,82.19927978515625,274907800
07/12/2009,82.12526344782317,82.58434973989931,81.8142627652936,82.07342529296875,82.07342529296875,127973800
08/12/2009,81.48103702546442,82.02157508807042,80.9108739382947,81.16263580322266,81.16263580322266,169863700
09/12/2009,81.14043043959971,81.58470981211103,80.72576479584627,81.46623229980469,81.46623229980469,155063400
10/12/2009,81.96974972840421,82.28075037089286,81.7846328539956,81.92532348632812,81.92532348632812,138014600
11/12/2009,82.27332305908203,82.45843988611635,81.90308940501338,82.27332305908203,82.27332305908203,124854000
14/12/2009,82.83609008789062,82.93234881615493,82.28814014427498,82.83609008789062,82.83609008789062,107141500
15/12/2009,82.53250167650545,82.87311602714489,82.191887325866,82.4510498046875,82.4510498046875,120408800
16/12/2009,82.78430105835182,83.02865113520376,82.39184838480713,82.57696533203125,82.57696533203125,155358200
17/12/2009,81.98455462759009,82.1400521097331,81.51065592506329,81.58470153808594,81.58470153808594,183390100
18/12/2009,82.0388337764249,82.11328372497434,81.3539374157456,82.04627990722656,82.04627990722656,174591200
21/12/2009,82.45574254206123,83.15552557488186,82.45574254206123,82.88008117675781,82.88008117675781,118039600
22/12/2009,83.05874868529929,83.35653147908425,82.95452555943471,83.17786407470703,83.17786407470703,91707500
23/12/2009,83.37888453410261,83.46077496436318,83.00665737100394,83.34165954589844,83.34165954589844,111783100
24/12/2009,83.52026800930606,83.82549109327009,83.3788199793271,83.73616027832031,83.73616027832031,39677500
28/12/2009,84.0488731876448,84.1158713336899,83.61708842512873,83.91487121582031,83.91487121582031,87508500
29/12/2009,84.13073825935417,84.14562483852491,83.78829014110126,83.79573059082031,83.79573059082031,80572500
30/12/2009,83.55006642408053,83.86273570915371,83.50539532640386,83.76595306396484,83.76595306396484,73138400
31/12/2009,83.95208711357598,83.97442550775365,82.92474249103303,82.96196746826172,82.96196746826172,90637900
04/01/2010,83.6543127528519,84.4136534674585,83.0140817457544,84.36898803710938,84.36898803710938,118944600
05/01/2010,84.31687129727766,84.6295406499893,84.0116423960111,84.59231567382812,84.59231567382812,111579900
06/01/2010,84.5104074049198,84.86030165982645,84.44340927767354,84.65185546875,84.65185546875,116074400
07/01/2010,84.49552599058522,85.11342415171399,84.25730094625924,85.00920104980469,85.00920104980469,131091100
08/01/2010,84.78587002544477,85.32932397285725,84.61464877716978,85.29209899902344,85.29209899902344,126402800
11/01/2010,85.67178217335754,85.70900147181273,85.04643775412771,85.41122436523438,85.41122436523438,106375700
12/01/2010,84.84543349125168,85.02410088241076,84.28709292411234,84.61465454101562,84.61465454101562,163333500
13/01/2010,84.83054188390845,85.56755552763238,84.3987628252508,85.32933044433594,85.32933044433594,161822000
14/01/2010,85.23253516974111,85.71643139603663,85.1804236179698,85.56009674072266,85.56009674072266,115718800
15/01/2010,85.41121216832657,85.49309688512832,84.27219274735535,84.5997543334961,84.5997543334961,212283100
19/01/2010,84.58485817630762,85.70897952924045,84.56251978727234,85.65686798095703,85.65686798095703,139172700
20/01/2010,85.076187078882,85.20274287323574,84.10840045886057,84.78585052490234,84.78585052490234,216490200
21/01/2010,84.80819096482128,85.06874870628681,83.05127922274973,83.15550231933594,83.15550231933594,344859600
22/01/2010,82.78328845275091,83.1852943230897,81.21248994595315,81.30182647705078,81.30182647705078,345942400
25/01/2010,82.04629640554879,82.19519065285452,81.45073645553018,81.71873474121094,81.71873474121094,186937500
26/01/2010,81.39861445413882,82.23985128300338,81.17528161582874,81.37628173828125,81.37628173828125,211168800
27/01/2010,81.27206235574852,81.94951839322557,80.64672356398634,81.7634048461914,81.7634048461914,271863600
28/01/2010,82.03138057356128,82.07604599196078,80.3340265175868,80.82536315917969,80.82536315917969,316104000
29/01/2010,81.17526490983118,81.74105154063228,79.82035885588112,79.94691467285156,79.94691467285156,310677600
01/02/2010,80.51273507560258,81.19763168032993,80.02883863627333,81.190185546875,81.190185546875,187865000
02/02/2010,81.33905139960092,82.32917097323156,81.05615522450616,82.17283630371094,82.17283630371094,216327900
03/02/2010,81.80062414775742,82.2473012044272,81.52517973317704,81.7634048461914,81.7634048461914,172730700
04/02/2010,81.13058326486576,81.16780254961492,79.22477754211931,79.23966979980469,79.23966979980469,356715700
05/02/2010,79.32901532823642,79.56724037776105,77.85499960921933,79.4034652709961,79.4034652709961,493585800
08/02/2010,79.46304621627182,79.90227718365483,78.77070352646169,78.83026123046875,78.83026123046875,224166900
09/02/2010,79.753354463336,80.51270071911217,79.11312357306717,79.82035827636719,79.82035827636719,337820500
10/02/2010,79.69379556243214,80.10324181652426,78.99400704997971,79.66401672363281,79.66401672363281,240511500
11/02/2010,79.55977977552119,80.58712397642952,79.09821637409364,80.49778747558594,80.49778747558594,223591600
12/02/2010,79.6491376220434,80.47548207610177,79.29180285688683,80.43081665039062,80.43081665039062,304622100
16/02/2010,81.04125556975427,81.77826337281714,80.26702279816253,81.69637298583984,81.69637298583984,159317500
17/02/2010,82.09095180419366,82.19518060443302,81.69639203660454,82.08351135253906,82.08351135253906,168845100
18/02/2010,81.94948472705272,82.73860402477956,81.9197058901927,82.5673828125,82.5673828125,193708600
19/02/2010,82.35151855059814,83.05874770774618,82.15795888495585,82.73863220214844,82.73863220214844,222684900
22/02/2010,83.04383847148839,83.06617118071401,82.50783073114253,82.75350189208984,82.75350189208984,132346900
23/02/2010,82.53016832746376,82.78327995331932,81.53259704502966,81.74848937988281,81.74848937988281,207497000
24/02/2010,81.99417533521576,82.63440632508615,81.78572909288292,82.50040435791016,82.50040435791016,176350700
25/02/2010,81.32415580173563,82.44828296567883,81.10082300289666,82.38872528076172,82.38872528076172,259634700
26/02/2010,82.46315912510372,82.7237225437519,81.97182248596779,82.44082641601562,82.44082641601562,173589300
01/03/2010,82.78329900239038,83.37886459280416,82.76096628670338,83.2969741821289,83.2969741821289,147709700
02/03/2010,83.65430962205319,83.92975400520992,83.37885955916241,83.52774810791016,83.52774810791016,160992400
03/03/2010,83.74363051090495,84.10097093699085,83.3937362152903,83.60218811035156,83.60218811035156,150785000
04/03/2010,83.71383758803611,83.9744009931024,83.40116831763548,83.85528564453125,83.85528564453125,135770400
05/03/2010,84.39876880800338,85.12088456062531,84.1977630073813,85.05388641357422,85.05388641357422,176118800
08/03/2010,85.0613385391033,85.25489254182344,84.91989042349375,85.06877899169922,85.06877899169922,114631200
09/03/2010,84.81566814482525,85.60478778779192,84.77100270986031,85.2102279663086,85.2102279663086,154556700
10/03/2010,85.24742612123397,85.82065318191736,85.17298185980837,85.58987426757812,85.58987426757812,186088800
11/03/2010,85.38887171799662,85.96955061026391,85.12831395336384,85.94721221923828,85.94721221923828,160791100
12/03/2010,86.31943937946026,86.33433164017151,85.71643345452044,85.95465850830078,85.95465850830078,162074800
15/03/2010,85.80576850898197,86.03654742845141,85.31442614913105,85.97698974609375,85.97698974609375,146816800
16/03/2010,86.21521879329298,86.74378046932512,85.97699373254986,86.66189575195312,86.66189575195312,168673000
17/03/2010,86.92246358489689,87.45847145353866,86.669346233712,87.17557525634766,87.17557525634766,177468100
18/03/2010,87.18303961102045,87.30214934020741,86.78103362551073,87.13092803955078,87.13092803955078,196509100
19/03/2010,86.6898422241211,87.67656779173082,86.35345500824776,86.6898422241211,86.6898422241211,226641100
22/03/2010,86.1965337236999,87.31034268614266,86.144207549185,87.15335845947266,87.15335845947266,184477800
23/03/2010,87.28037706106416,87.84101667735521,86.9963160054792,87.76626586914062,87.76626586914062,182941600
24/03/2010,87.43736827046962,87.78122660109598,86.3983164857381,87.3401870727539,87.3401870727539,196072600
25/03/2010,87.93074732345963,88.33440867827014,87.09352884218434,87.19818115234375,87.19818115234375,223396300
26/03/2010,87.3626631339336,87.77379570585042,86.80202314239935,87.14588165283203,87.14588165283203,205808500
29/03/2010,87.58687603880682,87.85598356910901,87.22806980048546,87.69900512695312,87.69900512695312,134513500
30/03/2010,87.80368420655824,88.08026861460922,87.39255169543411,87.75883483886719,87.75883483886719,145772500
31/03/2010,87.42243770801991,87.84852376286962,87.16828371532377,87.4598159790039,87.4598159790039,161078700
01/04/2010,88.05782318115234,88.3942047658197,87.53455596785314,88.05782318115234,88.05782318115234,161215200
05/04/2010,88.39420737459729,88.83524127431616,88.14752449689543,88.77544403076172,88.77544403076172,105847600
06/04/2010,88.52129973654469,89.14174258407667,88.4241242086552,88.9847640991211,88.9847640991211,110384200
07/04/2010,88.8053432957162,89.22395250580195,88.06529468101392,88.47643280029297,88.47643280029297,184576300
08/04/2010,88.16995485230544,88.93242821372066,87.90832407265249,88.78292083740234,88.78292083740234,158704000
09/04/2010,88.96979182563958,89.40335461863964,88.80534228292619,89.36598205566406,89.36598205566406,133006500
12/04/2010,89.47810939068609,89.73974585865793,89.37345708474652,89.50801086425781,89.50801086425781,110279000
13/04/2010,89.4183160289041,89.73227296035373,88.95485172310475,89.5752944946289,89.5752944946289,125043600
14/04/2010,89.90418887995524,90.59191131591797,89.76216401970679,90.59191131591797,90.59191131591797,161609000
15/04/2010,90.44239071364737,90.87595343077332,90.4124892466261,90.6666488647461,90.6666488647461,144615300
16/04/2010,90.34524053992264,90.66667427157213,88.76797335707548,89.22396087646484,89.22396087646484,366786700
19/04/2010,88.96230575812591,89.65002239482457,88.55864450533625,89.56031799316406,89.56031799316406,217947800
20/04/2010,90.12097001901249,90.43493261627947,89.60518532238159,90.36017608642578,90.36017608642578,157708000
21/04/2010,90.4125231121265,90.62183345967605,89.69490474418518,90.19574737548828,90.19574737548828,192910100
22/04/2010,89.56033036951469,90.57695758300126,89.04454567227522,90.46482849121094,90.46482849121094,115360300
23/04/2010,90.40506594673953,91.0927829424017,90.1733308806063,91.05540466308594,91.05540466308594,177335500
26/04/2010,91.08529251750932,91.28712607061605,90.62183386083609,90.71153259277344,90.71153259277344,143457300
27/04/2010,90.1882478809548,90.70403256686663,88.39419956107801,88.56613159179688,88.56613159179688,355853300
28/04/2010,88.99220684910752,89.46314212381024,88.40913679546193,89.23888397216797,89.23888397216797,300674100
29/04/2010,89.7771135418125,90.53211002485887,89.75468886363375,90.34523010253906,90.34523010253906,193775000
30/04/2010,90.36018610222276,90.4573673205554,88.79039575437758,88.81282043457031,88.81282043457031,270000900
03/05/2010,89.23889428061426,90.21067211249029,89.10434051471024,89.9639892578125,89.9639892578125,182747900
04/05/2010,88.96235780807032,88.97730569886522,87.40003802468713,87.84854888916016,87.84854888916016,360353400
05/05/2010,87.13089961715995,88.05782820683578,86.68986570528638,87.32525634765625,87.32525634765625,328973200
06/05/2010,86.9066541355836,87.4598171944689,78.48957953349773,84.42488861083984,84.42488861083984,647356600
07/05/2010,84.20061191682308,85.04530705813774,81.7861266698309,83.16903686523438,83.16903686523438,637558800
10/05/2010,86.57028027408721,87.19819997370061,85.8975169073131,86.83191680908203,86.83191680908203,396159600
11/05/2010,86.01712642654067,87.72894791598375,85.89752619181158,86.58524322509766,86.58524322509766,317849800
12/05/2010,86.9290835577251,87.92328632144905,86.77957616668174,87.79620361328125,87.79620361328125,235607100
13/05/2010,87.55696771562174,87.96810577227227,86.63004501886276,86.70479583740234,86.70479583740234,234452500
14/05/2010,86.05448455053372,86.2114630298529,84.37256493952633,85.1350326538086,85.1350326538086,345601400
17/05/2010,85.36675818334093,85.60596428926739,83.55028485601323,85.17987823486328,85.17987823486328,325739800
18/05/2010,85.87507084865807,86.12923054118512,83.74464060200836,84.02122497558594,84.02122497558594,360556800
19/05/2010,83.55029488409086,84.29781476772212,82.49629481379533,83.5428237915039,83.5428237915039,394742700
20/05/2010,81.76371651827881,82.14495322642988,80.3359566161816,80.3882827758789,80.3882827758789,530418300
21/05/2010,79.16982105218541,81.76370984622777,78.75868290016776,81.56188201904297,81.56188201904297,500909400
24/05/2010,81.12086256523152,81.77120697566295,80.44062237551269,80.51537322998047,80.51537322998047,269823000
25/05/2010,78.57177978644945,80.63493532634841,78.02608800953678,80.5975570678711,80.5975570678711,396505200
26/05/2010,81.09092596868364,81.83096875072471,79.87246541198701,80.1116714477539,80.1116714477539,349719300
27/05/2010,81.62165975728557,82.82516666349392,81.31517401079161,82.7952651977539,82.7952651977539,300870500
28/05/2010,82.70554987127996,82.76535279485722,81.3674893976224,81.7562026977539,81.7562026977539,297933500
01/06/2010,80.99376431079743,82.18979477813104,80.26119814467195,80.38079833984375,80.38079833984375,277909400
02/06/2010,80.79194212819283,82.48133278615875,80.36585606622819,82.47386169433594,82.47386169433594,240243700
03/06/2010,82.7130394458912,83.01951949613024,81.91319375457064,82.75788879394531,82.75788879394531,226618300
04/06/2010,81.18813606134584,81.7263512969805,79.58096715024908,79.8500747680664,79.8500747680664,398475600
07/06/2010,80.1340926945538,80.44057844455286,78.79603773189507,78.8558349609375,78.8558349609375,264609100
08/06/2010,78.91566346800106,79.85753999390012,78.22794663460577,79.7005615234375,79.7005615234375,357774300
09/06/2010,80.16401975938646,80.94144101640683,78.93808777415676,79.27447509765625,79.27447509765625,268023300
10/06/2010,80.62746537868472,81.68894185334224,79.26697992018961,81.59176635742188,81.59176635742188,317890600
11/06/2010,80.87414300928157,82.04027169770792,80.82181686821427,81.98794555664062,81.98794555664062,214128200
14/06/2010,82.61591492512511,83.06443152581497,81.7786961038384,81.86092376708984,81.86092376708984,207196100
15/06/2010,82.43647883581745,83.79696458105069,82.29444825535757,83.72221374511719,83.72221374511719,238268700
16/06/2010,83.2886527811034,84.03617256345713,83.12419751648584,83.69231414794922,83.69231414794922,216374000
17/06/2010,83.93149554419307,83.96887380355747,83.01204967629414,83.82684326171875,83.82684326171875,263185800
18/06/2010,83.99284633631387,84.21816574076335,83.64735199861973,83.91773986816406,83.91773986816406,174006600
21/06/2010,84.96173824212234,85.02181998060641,83.21172939428648,83.67739868164062,83.67739868164062,213140700
22/06/2010,83.67739319539034,84.04541888934774,82.17524095690425,82.29541015625,82.29541015625,239355400
23/06/2010,82.3479849197961,82.64090414668668,81.47673960475788,82.04004669189453,82.04004669189453,254639900
24/06/2010,81.63448843763875,81.73963866579973,80.47031782981084,80.68061828613281,80.68061828613281,268523600
25/06/2010,80.9209492598097,81.43168131181291,80.19240441927869,81.01859283447266,81.01859283447266,238726500
28/06/2010,81.13875983547557,81.35657261806305,80.47030248523589,80.76322174072266,80.76322174072266,169218600
29/06/2010,79.62911498812878,80.74822291592425,77.77396114989183,78.26966857910156,78.26966857910156,373649500
30/06/2010,78.05182825730066,78.77286063786913,77.27070841245416,77.52607727050781,77.52607727050781,284101700
01/07/2010,77.47351467074175,77.72887783973754,75.9563374693609,77.18059539794922,77.18059539794922,382924800
02/07/2010,77.44348437823942,77.6763162174804,76.32438219995022,76.76000213623047,76.76000213623047,233385200
06/07/2010,77.8415556621269,78.38984394152611,76.5196596272015,77.26322937011719,77.26322937011719,256935300
07/07/2010,77.45848389667785,79.79433126030794,77.37586505897339,79.69669342041016,79.69669342041016,253769400
08/07/2010,80.36516134930068,80.57546178926142,79.54649096084528,80.48533630371094,80.48533630371094,210842100
09/07/2010,80.46278705183576,81.09369400670555,80.31257411176294,81.086181640625,81.086181640625,144999900
12/07/2010,80.8157624276048,81.2964505257564,80.4777805783668,81.13872528076172,81.13872528076172,131283600
13/07/2010,81.97998655794844,82.68599444595557,81.8147488404602,82.363037109375,82.363037109375,213025900
14/07/2010,82.10016082514565,82.67849287177484,81.76217873158916,82.35552978515625,82.35552978515625,184426800
15/07/2010,82.32546139509286,82.66344338746704,81.243909851085,82.37803649902344,82.37803649902344,232337900
16/07/2010,81.93490438130796,82.02503559312171,79.9520635634609,80.10979461669922,80.10979461669922,282693400
19/07/2010,80.40271297421499,80.83833283403176,79.77931832603271,80.58296966552734,80.58296966552734,186709000
20/07/2010,79.51645123110376,81.53684261423477,79.47889512339283,81.47676086425781,81.47676086425781,258162400
21/07/2010,81.89734556854359,81.9198769366111,80.08724926370101,80.417724609375,80.417724609375,264527000
22/07/2010,81.37159167654772,82.57331816478947,81.36408504043223,82.21279907226562,82.21279907226562,274781300
23/07/2010,82.04756700894214,83.04649978530085,81.81473520778219,82.92633056640625,82.92633056640625,222020800
26/07/2010,83.0690521524784,83.87270370472763,82.8362202924672,83.79008483886719,83.79008483886719,184445700
27/07/2010,84.24821054366487,84.33834174474266,83.45207165670801,83.78254699707031,83.78254699707031,204855600
28/07/2010,83.60979357819693,83.8651624391241,82.9638676555798,83.24176788330078,83.24176788330078,163056200
29/07/2010,83.76003286900489,83.9853580683632,82.17526702648082,82.83621215820312,82.83621215820312,220149100
30/07/2010,81.99499945534384,83.26432025397744,81.85229885290076,82.82118225097656,82.82118225097656,220070600
02/08/2010,84.11302096861652,84.82654678773693,83.7750389749982,84.69135284423828,84.69135284423828,188263200
03/08/2010,84.48104800533945,84.69885504655431,84.00786636273594,84.2857666015625,84.2857666015625,146657300
04/08/2010,84.51862276998037,84.95424843866053,84.24072818119932,84.8490982055664,84.8490982055664,158171700
05/08/2010,84.30831987682093,84.80403301592999,84.18063827320476,84.75896453857422,84.75896453857422,140473800
06/08/2010,83.9252363105851,84.54863080800051,83.30935417814912,84.41343688964844,84.41343688964844,239728300
09/08/2010,84.81153011548851,85.00681154804761,84.36088550441586,84.86410522460938,84.86410522460938,120800400
10/08/2010,84.14303886673915,84.85656446676298,83.64733171296132,84.40591430664062,84.40591430664062,242916300
11/08/2010,83.10656472515143,83.13660845429283,81.95741930420627,82.09261322021484,82.09261322021484,273406900
12/08/2010,80.85334981683485,81.88232048926618,80.81579371671059,81.58940124511719,81.58940124511719,239542600
13/08/2010,81.33404868413814,81.83726840184586,81.2514298373196,81.34906768798828,81.34906768798828,158698500
16/08/2010,80.79327136588354,81.57439134754522,80.50035208904254,81.31151580810547,81.31151580810547,147895300
17/08/2010,82.0100369648214,82.91132638585447,81.77719937568544,82.31046295166016,82.31046295166016,172270300
18/08/2010,82.27285571766966,82.90375673038683,81.79967995813178,82.46062469482422,82.46062469482422,182922100
19/08/2010,82.03254526835562,82.23533332546151,80.68811815342934,81.0261001586914,81.0261001586914,265847600
20/08/2010,80.78575310956677,81.0711657289432,80.17738322974914,80.76322174072266,80.76322174072266,209714200
23/08/2010,81.14627284319751,81.54434230994077,80.4177280167776,80.45528411865234,80.45528411865234,163490300
24/08/2010,79.57649790006072,79.90697316540395,78.84044664757529,79.26104736328125,79.26104736328125,280677800
25/08/2010,78.82543081321825,79.86942608625463,78.32972358952563,79.56900024414062,79.56900024414062,272234800
26/08/2010,79.94455286054003,80.04970307051258,78.77287008758539,79.03575134277344,79.03575134277344,224439500
27/08/2010,79.53146487509878,80.34262861281398,78.34476300661807,80.260009765625,80.260009765625,272649000
30/08/2010,80.04970280808959,80.29755932946522,79.08832618848837,79.09583282470703,79.09583282470703,167238600
31/08/2010,78.80291356499279,79.5990582339336,78.47995056963394,79.09583282470703,79.09583282470703,273933100
01/09/2010,80.16237222843823,81.57439354275353,80.10979711913545,81.46173095703125,81.46173095703125,256828100
02/09/2010,81.65699171138795,82.23531776726273,81.48424169299352,82.22029876708984,82.22029876708984,156112200
03/09/2010,83.0239363915597,83.36191827773506,82.58079860030816,83.28681182861328,83.28681182861328,212197300
07/09/2010,82.8962954366341,83.00144566293149,82.2804130839248,82.34800720214844,82.34800720214844,141973700
08/09/2010,82.51323634151898,83.2568002160591,82.47568023734487,82.92633056640625,82.92633056640625,149924400
09/09/2010,83.8576447443686,83.88017610973056,83.08403730557792,83.30935668945312,83.30935668945312,147017900
10/09/2010,83.459592568088,83.82761831555584,83.27182351097588,83.72998046875,83.72998046875,127819000
13/09/2010,84.55616570126371,84.83406024673116,84.21817795020577,84.66131591796875,84.66131591796875,178503500
14/09/2010,84.49607155606664,85.08942243506893,84.18062093085224,84.60873413085938,84.60873413085938,209823600
15/09/2010,84.36088969768166,85.02934714555498,84.10552650647494,84.93170928955078,84.93170928955078,168608400
16/09/2010,84.66881267255752,84.9617318979744,84.38340008248038,84.9091567993164,84.9091567993164,199962900
17/09/2010,85.35617790677493,85.43923904965337,84.70679393205295,84.94087219238281,84.94087219238281,195836900
20/09/2010,85.23538137612218,86.42843649591082,84.9635458865264,86.23966217041016,86.23966217041016,214555200
21/09/2010,86.3075945691394,86.71534190391858,85.71106721213042,86.06596374511719,86.06596374511719,268389100
22/09/2010,85.93005276923381,86.41331445508591,85.40148133969113,85.64311218261719,85.64311218261719,191322400
23/09/2010,84.94086508005392,85.83187982465141,84.70678683932405,84.94841766357422,84.94841766357422,202354300
24/09/2010,85.89229505238215,86.76065786883473,85.81678649463272,86.70024871826172,86.70024871826172,209671800
27/09/2010,86.73045290928815,86.82861345783412,86.20188724645031,86.28494262695312,86.28494262695312,128761800
28/09/2010,86.39822367833033,86.86638603489041,85.46190472614485,86.58699798583984,86.58699798583984,209207500
29/09/2010,86.36800475659466,86.76821106124656,86.09616933804388,86.43596649169922,86.43596649169922,179665800
30/09/2010,86.87392344492285,87.43269368448208,85.77147661202262,86.17922973632812,86.17922973632812,287106700
01/10/2010,86.82862951673171,86.92679584436715,86.0282282904197,86.54169464111328,86.54169464111328,174638700
04/10/2010,86.36048113015879,86.72292461162432,85.46191349076106,85.89231872558594,85.89231872558594,166153200
05/10/2010,86.6851714492461,87.83291679858276,86.58700511426125,87.62149047851562,87.62149047851562,229634100
06/10/2010,87.60637716325333,87.84046121951322,87.25903313243904,87.61392974853516,87.61392974853516,148626600
07/10/2010,87.96882662557981,87.99147862055788,86.97965110530627,87.50821685791016,87.50821685791016,164860000
08/10/2010,87.62901224870696,88.24063899680603,87.29676771347629,87.99900817871094,87.99900817871094,177760100
11/10/2010,88.13496412831648,88.32373846691863,87.78006744999476,88.08210754394531,88.08210754394531,103098300
12/10/2010,87.79514393867242,88.61065025112686,87.32698738817513,88.35391998291016,88.35391998291016,182210000
13/10/2010,88.84473266255041,89.51676865933844,88.63330062320227,89.04105377197266,89.04105377197266,194347200
14/10/2010,88.95799317680448,89.1090160629894,88.13494005059937,88.69371032714844,88.69371032714844,217764300
15/10/2010,89.31288906056359,89.36574563008195,88.16514393919333,88.87493133544922,88.87493133544922,243705000
18/10/2010,88.90513595083176,89.60737652384105,88.58044394909768,89.3128890991211,89.3128890991211,141204800
19/10/2010,88.48986118303687,88.98822244337981,87.60639289630987,88.14251708984375,88.14251708984375,280604700
20/10/2010,88.30106294486966,89.43370867474871,88.24820637457934,89.00330352783203,89.00330352783203,200051800
21/10/2010,89.40350256191009,89.92451567127151,88.50493512147227,89.19962310791016,89.19962310791016,221585500
22/10/2010,89.33552571382971,89.5016479783447,89.10144748343113,89.36573028564453,89.36573028564453,108212400
25/10/2010,89.96230298515626,90.43046544298222,89.56210228842022,89.63005828857422,89.63005828857422,151145700
26/10/2010,89.17696407880169,89.7357343054603,89.00329497636285,89.64512634277344,89.64512634277344,158982900
27/10/2010,89.01840882966306,89.4865711696113,88.5426996655552,89.3884048461914,89.3884048461914,190024000
28/10/2010,89.90188755541196,89.93964472682754,88.97312105231813,89.40352630615234,89.40352630615234,168576000
29/10/2010,89.31288872709558,89.64513331193274,89.15431901913257,89.4714584350586,89.4714584350586,144305500
01/11/2010,89.90942401964456,90.42289034977166,88.98820450727524,89.50167083740234,89.50167083740234,174074800
02/11/2010,90.17372201603284,90.42290551824834,89.9320911002002,90.21147918701172,90.21147918701172,158345900
03/11/2010,90.37003223764049,90.626762517867,89.44126015596389,90.57390594482422,90.57390594482422,226702800
04/11/2010,91.57819368746486,92.36349551988508,90.5890181320683,92.31819152832031,92.31819152832031,215039400
05/11/2010,92.37857912105736,92.81653683435057,92.25776657724803,92.66551971435547,92.66551971435547,180654100
08/11/2010,92.37858607764787,92.6428746989424,92.07655181491288,92.49185180664062,92.49185180664062,156107100
09/11/2010,92.74104430336902,92.83920487223817,91.45738127874549,91.82737731933594,91.82737731933594,186621600
10/11/2010,91.80468641953136,92.2426440229267,91.10999862437956,92.19733428955078,92.19733428955078,221387400
11/11/2010,91.4045395644081,91.98596200844993,91.12515146167144,91.85004425048828,91.85004425048828,158017600
12/11/2010,91.23084238606673,91.63104297554672,90.3473800552221,90.76268005371094,90.76268005371094,239068800
15/11/2010,91.04959059537299,91.40448707965322,90.59653358262625,90.63428497314453,90.63428497314453,163940800
16/11/2010,90.07553241670445,90.22654953009511,88.79186390914951,89.22227478027344,89.22227478027344,299566200
17/11/2010,89.26007131359852,89.63762004892087,88.99578835106017,89.26762390136719,89.26762390136719,172308900
18/11/2010,90.12840187947405,90.90615107050233,90.1208492944437,90.58145904541016,90.58145904541016,197723700
19/11/2010,90.53615525365079,90.86839410356019,90.04534092243179,90.83064270019531,90.83064270019531,156852900
22/11/2010,90.37760117670335,90.79290125120787,89.68290725551877,90.7551498413086,90.7551498413086,181361000
23/11/2010,89.68286156573463,89.87163580186443,89.09388687075885,89.44123077392578,89.44123077392578,222309000
24/11/2010,90.0075828627119,90.7853378086258,89.99248345370304,90.76268005371094,90.76268005371094,140046100
26/11/2010,89.977371299802,90.46817979568306,89.70553588867188,89.70553588867188,89.70553588867188,76007800
29/11/2010,89.47900437556903,90.21900205205117,88.90512897917066,89.97737121582031,89.97737121582031,223642300
30/11/2010,89.08636304183442,89.98492472029147,88.9579921498257,89.4714584350586,89.4714584350586,233930700
01/12/2010,90.76265797296202,91.54795955186489,90.75511115076077,91.3742904663086,91.3742904663086,221037200
02/12/2010,91.51778317417889,92.61267762862671,91.46492659782173,92.54471588134766,92.54471588134766,191213600
03/12/2010,92.22758418790669,92.8996203271417,92.2049321905515,92.79390716552734,92.79390716552734,151288900
06/12/2010,92.5975657955739,92.90715840691631,92.49940523538291,92.69573211669922,92.69573211669922,103050500
07/12/2010,93.58673150106603,93.63958806485194,92.69571673943675,92.74857330322266,92.74857330322266,206581000
08/12/2010,92.86185321008182,93.1638874716394,92.43144805033457,93.08837890625,93.08837890625,138019200
09/12/2010,93.60939062629593,93.64714202563002,92.99021122006532,93.45082092285156,93.45082092285156,123705100
10/12/2010,93.73777077901764,94.08511481761002,93.4281839067453,93.9945068359375,93.9945068359375,117571700
13/12/2010,94.4248952227321,94.53815517966089,94.0246889181601,94.05489349365234,94.05489349365234,133812700
14/12/2010,94.19835622865688,94.56080534454772,93.851012279767,94.13794708251953,94.13794708251953,147249600
15/12/2010,93.96430136209722,94.33429739259154,93.54899558026248,93.70756530761719,93.70756530761719,160823100
16/12/2010,93.7679666056015,94.31919007336367,93.44327459274088,94.25122833251953,94.25122833251953,185035200
17/12/2010,94.18517693286817,94.47362074346633,93.98781759339029,94.3521728515625,94.3521728515625,141075300
20/12/2010,94.61025844198383,94.8076177923103,94.10927644959285,94.57989501953125,94.57989501953125,119085500
21/12/2010,94.8759445827964,95.24029991258546,94.78486009377276,95.17957305908203,95.17957305908203,94965500
22/12/2010,95.24788420166159,95.5059646204856,95.19474965712541,95.47560119628906,95.47560119628906,78878100
23/12/2010,95.36935268856166,95.47562180056761,95.10367990854681,95.3389892578125,95.3389892578125,70053700
27/12/2010,94.98221908720276,95.46802236041911,94.91390571654662,95.37693786621094,95.37693786621094,58126000
28/12/2010,95.5666767116242,95.60462664258644,95.2630483077757,95.51354217529297,95.51354217529297,55309100
29/12/2010,95.6274037989209,95.79439391980252,95.5666769597475,95.58185577392578,95.58185577392578,58033100
30/12/2010,95.49078055599311,95.74126865719384,95.28582890173807,95.4300537109375,95.4300537109375,76616900
31/12/2010,95.28583913678247,95.54392536037562,95.13402779906744,95.45283508300781,95.45283508300781,91218900
03/01/2011,96.18154997990378,96.85712034843078,95.41488932448937,96.43963623046875,96.43963623046875,138725200
04/01/2011,96.65215494957143,96.68251837241031,95.78681766797055,96.38648223876953,96.38648223876953,137409700
05/01/2011,96.08286354256352,96.94820091189291,95.99177326481202,96.8874740600586,96.8874740600586,133975300
06/01/2011,96.9253926945181,97.03166174894069,96.4092262339387,96.69766998291016,96.69766998291016,122519000
07/01/2011,96.82672652871824,96.98613013731563,95.75644350206997,96.50791931152344,96.50791931152344,156034600
10/01/2011,96.08285380161134,96.52311474592918,95.79440418025722,96.38648223876953,96.38648223876953,122401700
11/01/2011,96.73565779462308,96.96337479055636,96.36371018950594,96.72806549072266,96.72806549072266,110287000
12/01/2011,97.32016919828098,97.70728993064499,96.75086208050213,97.60102081298828,97.60102081298828,107929200
13/01/2011,97.63896980660473,97.68451205638807,97.19870875459189,97.44160461425781,97.44160461425781,129048400
14/01/2011,97.30498605096629,98.17032361704173,97.23667267054422,98.14755249023438,98.14755249023438,117677900
18/01/2011,98.05644500374487,98.40562154498281,97.94258938294118,98.31453704833984,98.31453704833984,114401300
19/01/2011,98.23102395446902,98.32969494983209,97.09242159173031,97.35050201416016,97.35050201416016,151958400
20/01/2011,97.13039865333691,97.4643848349708,96.50037044678682,97.22148895263672,97.22148895263672,175745700
21/01/2011,97.82873690234487,98.04886163711913,97.3353355039419,97.44160461425781,97.44160461425781,151462900
24/01/2011,97.38088003458775,98.10959079558211,97.35810890916274,97.99573516845703,97.99573516845703,113715500
25/01/2011,97.7376074145669,98.13232608188547,97.24421776726398,98.048828125,98.048828125,167552200
26/01/2011,98.29175614216784,98.71683252748325,98.09439097579796,98.42838287353516,98.42838287353516,141281500
27/01/2011,98.45115125448541,98.83828348084042,98.27656879733338,98.6712875366211,98.6712875366211,123302700
28/01/2011,98.78515570751482,98.9445651590769,96.78880800959178,96.94821166992188,96.94821166992188,295637300
31/01/2011,97.21385185667963,97.75278369228687,96.97094451826666,97.67687225341797,97.67687225341797,149249200
01/02/2011,98.26899402123279,99.41518306394092,98.20826716313076,99.2406005859375,99.2406005859375,167194300
02/02/2011,98.98243345924026,99.31642513421664,98.92930473774224,99.0507583618164,99.0507583618164,118323600
03/02/2011,98.87621636427126,99.42274637719126,98.35246905247898,99.27093505859375,99.27093505859375,145886700
04/02/2011,99.30888492175768,99.58973642370778,98.85343941038843,99.5517807006836,99.5517807006836,134634800
07/02/2011,99.77191965992405,100.50061859899297,99.76432156563615,100.17422485351562,100.17422485351562,112439100
08/02/2011,100.26532334529861,100.68281320338244,99.99205830932216,100.62968444824219,100.62968444824219,99072800
09/02/2011,100.35638953400188,100.6751967173149,99.90094408214958,100.40193176269531,100.40193176269531,146436700
10/02/2011,99.89339602782219,100.55378176302591,99.66567321422882,100.43992614746094,100.43992614746094,162708500
11/02/2011,100.04520368470537,101.16862151919506,100.02243256243257,101.03958129882812,101.03958129882812,137710300
14/02/2011,100.97883282406701,101.36595340227898,100.86497723708129,101.28245544433594,101.28245544433594,101690700
15/02/2011,100.97124402899283,101.12305533569415,100.43989866430813,100.9636459350586,100.9636459350586,119575400
16/02/2011,101.30525930074394,101.72273759518458,101.1003076189071,101.6012954711914,101.6012954711914,130183500
17/02/2011,101.3052332677464,102.04151866557962,101.2141372200823,101.90489196777344,101.90489196777344,109810500
18/02/2011,101.99599320419794,102.23890059463018,101.76068390875538,102.11744689941406,102.11744689941406,130002400
22/02/2011,101.04718634881155,102.14024674827617,99.79472806419633,100.0679931640625,100.0679931640625,233116400
23/02/2011,100.00724924931814,100.2501566666597,98.83828915513551,99.45313262939453,99.45313262939453,227584000
24/02/2011,99.34685962416005,99.77193600533302,98.45115303600613,99.38480377197266,99.38480377197266,260431400
25/02/2011,99.80229707611917,100.50823661966369,99.74157022208048,100.447509765625,100.447509765625,141686900
28/02/2011,100.81945631534785,101.19899046214715,100.48546441297039,101.06993865966797,101.06993865966797,141585500
01/03/2011,101.38875513886697,101.47983962555755,99.35444613723003,99.38480377197266,99.38480377197266,258565500
02/03/2011,99.24815937450249,100.06036784445237,98.94453675127411,99.59733581542969,99.59733581542969,200277400
03/03/2011,100.50063471107107,101.42669893071755,100.49304819802772,101.3128433227539,101.3128433227539,176480100
04/03/2011,101.23693644568594,101.43430161837495,99.89339388103924,100.55377960205078,100.55377960205078,277202300
07/03/2011,100.84980155220696,101.0775243287826,99.24058067400571,99.76432800292969,99.76432800292969,216790400
08/03/2011,99.92372692114054,100.95606002833775,99.49106411532705,100.63725280761719,100.63725280761719,174615000
09/03/2011,100.4399132392396,100.8042627446859,99.89338318983918,100.4930419921875,100.4930419921875,153806000
10/03/2011,99.43794949075526,99.57457622818305,98.53465634066036,98.63333892822266,98.63333892822266,301291800
11/03/2011,98.31450341743832,99.67323021825355,98.291732301067,99.31646728515625,99.31646728515625,225621800
14/03/2011,98.67126989940843,99.04320586849055,97.96533051912735,98.71681213378906,98.71681213378906,234974100
15/03/2011,96.0904800535953,98.17033194398371,96.0221666673788,97.58584594726562,97.58584594726562,359585400
16/03/2011,97.27460323590842,97.59342213159731,95.0960808043044,95.77924346923828,95.77924346923828,468670300
17/03/2011,97.16072111951893,97.45675722838153,96.47755864090125,97.04685974121094,97.04685974121094,254303700
18/03/2011,98.22320721372313,98.25370836018291,97.20926511673552,97.39985656738281,97.39985656738281,230435400
21/03/2011,98.61203293056147,99.11518557911972,98.49767106692249,98.90935516357422,98.90935516357422,153992600
22/03/2011,98.89411522744416,99.02371604728634,98.4748116145538,98.56629180908203,98.56629180908203,129538600
23/03/2011,98.29183029884965,99.10756739886727,97.82679826544732,98.8483657836914,98.8483657836914,148603100
24/03/2011,99.41248778452068,99.9385220060563,98.85596405182527,99.79367065429688,99.79367065429688,159129800
25/03/2011,100.05288509940411,100.53316761104661,99.78605243410858,100.09862518310547,100.09862518310547,155642800
28/03/2011,100.31210711821275,100.57130873389653,99.82419340460423,99.85468292236328,99.85468292236328,109762400
29/03/2011,99.77080454259955,100.55604035464589,99.4429928454133,100.52555084228516,100.52555084228516,129798800
30/03/2011,101.05160839536386,101.51665208739689,100.90675700448422,101.21932983398438,101.21932983398438,135835000
31/03/2011,101.08970049925412,101.36415262749594,100.97533866003295,101.08206939697266,101.08206939697266,132537100
01/04/2011,101.70721759631934,101.98166973189208,101.26504406496446,101.50899505615234,101.50899505615234,153850100
04/04/2011,101.72251161847058,101.9054836855245,101.30321953474677,101.59291076660156,101.59291076660156,100768900
05/04/2011,101.39469517752886,102.02746046066105,101.34895507102503,101.57766723632812,101.57766723632812,120791500
06/04/2011,102.06554857403557,102.15702875789626,101.48614305550397,101.8978271484375,101.8978271484375,120411600
07/04/2011,101.71483280265983,102.14175574392786,101.13543904419289,101.63860321044922,101.63860321044922,170731500
08/04/2011,102.08840448712452,102.14939514551499,100.86861458487252,101.28791809082031,101.28791809082031,147945400
11/04/2011,101.39465889419978,101.73772120300013,100.73902379242985,100.98298645019531,100.98298645019531,121385400
12/04/2011,100.41880185698972,100.61701273327203,99.86227820347587,100.22821044921875,100.22821044921875,161187400
13/04/2011,100.69327463816364,100.76950423726852,99.83942867840497,100.22061157226562,100.22061157226562,162059000
14/04/2011,99.6412397361126,100.44934588241465,99.31342792056023,100.296875,100.296875,161220400
15/04/2011,100.4798356354868,100.91437818269307,100.18251337704628,100.66279602050781,100.66279602050781,170006700
18/04/2011,99.55736253961626,100.65517132388237,98.73400595141669,99.53449249267578,99.53449249267578,210759300
19/04/2011,99.68692825519173,100.13673282982303,99.4429772961157,100.10623168945312,100.10623168945312,124258800
20/04/2011,101.30318768478105,101.69199011814769,101.23456591072038,101.47090911865234,101.47090911865234,156133800
21/04/2011,101.99691542968465,102.03503604630251,101.47089279836229,101.98929595947266,101.98929595947266,135935400
25/04/2011,101.91305787394364,102.05028977145074,101.54712553522354,101.882568359375,101.882568359375,65757100
26/04/2011,102.19514170465972,102.96512700415407,102.08841095391021,102.75928497314453,102.75928497314453,146600000
27/04/2011,102.95749747713539,103.58263134681322,102.53819398558294,103.43016052246094,103.43016052246094,143031000
28/04/2011,103.24720253825528,103.90283764127534,103.23196359670072,103.76561737060547,103.76561737060547,124791100
29/04/2011,103.8037520855767,104.11632492158657,103.66652016349228,104.00958251953125,104.00958251953125,115094100
02/05/2011,104.49746460948226,104.5813136630194,103.64360717625817,103.84944915771484,103.84944915771484,126278700
03/05/2011,103.6512665233087,103.82660741237284,102.94987970149273,103.47591400146484,103.47591400146484,138375000
04/05/2011,103.43016412735203,103.47590421297409,102.33235554130808,102.78977966308594,102.78977966308594,182678500
05/05/2011,102.21795469908197,102.88120887765177,101.40984923260085,101.8596420288086,101.8596420288086,226900000
06/05/2011,102.87363358842913,103.39966780399223,101.9130453225216,102.30947875976562,102.30947875976562,222787200
09/05/2011,102.30186443134018,103.00323954307864,102.14176250138387,102.70591735839844,102.70591735839844,114104500
10/05/2011,103.04898025702013,103.76560594569516,102.91937947139698,103.58263397216797,103.58263397216797,114806900
11/05/2011,103.43013805786492,103.44538862682127,102.01976869795988,102.492431640625,102.492431640625,193564200
12/05/2011,102.21802651690662,103.19385398839366,101.69199215764948,102.98039245605469,102.98039245605469,171550700
13/05/2011,103.0337418328641,103.17859320822161,101.82158290136685,102.18751525878906,102.18751525878906,157444900
16/05/2011,101.82157663462071,102.62206306884845,101.3717835945578,101.53950500488281,101.53950500488281,141675400
17/05/2011,101.15830630863663,101.66147046108257,100.72375227713037,101.52423858642578,101.52423858642578,192686200
18/05/2011,101.57763434205705,102.53821116592206,101.35654172184053,102.43148040771484,102.43148040771484,135217900
19/05/2011,102.76690684061056,102.94224770834533,102.11127182127801,102.6754150390625,102.6754150390625,119489500
20/05/2011,102.40854604996045,102.6753669615266,101.6690506779301,101.8596420288086,101.8596420288086,182594900
23/05/2011,100.617026008131,101.18118083736405,100.3197038380923,100.67801666259766,100.67801666259766,168700000
24/05/2011,100.96771774825191,101.1887986884769,100.4035629280419,100.59415435791016,100.59415435791016,147199600
25/05/2011,100.19010027746222,101.34889941459399,100.1596107674645,100.92959594726562,100.92959594726562,151050100
26/05/2011,100.65512725467885,101.57759473092952,100.46453585843311,101.39462280273438,101.39462280273438,164850000
27/05/2011,101.67672414715119,102.05790705136369,101.36416300660903,101.78345489501953,101.78345489501953,120921900
31/05/2011,102.7440400067685,102.85839022130145,102.03503377832818,102.8431396484375,102.8431396484375,164731200
01/06/2011,102.54584894828638,102.85842180770149,100.44934239766381,100.533203125,100.533203125,233094300
02/06/2011,100.60178987670676,100.81525135690838,99.83942412376432,100.42643737792969,100.42643737792969,200466800
03/06/2011,99.22189237638577,100.19010008402418,99.1685328257984,99.427734375,99.427734375,234690200
06/06/2011,99.17618082621823,99.38202288404936,98.24609346301781,98.37569427490234,98.37569427490234,179951200
07/06/2011,98.87889421670508,99.16097762214933,98.23088992373332,98.31475067138672,98.31475067138672,161660500
08/06/2011,98.1622167181667,98.49004006287477,97.72004315599014,97.90301513671875,97.90301513671875,198696400
09/06/2011,98.16984108301025,99.05417651388547,97.9335095612773,98.6501235961914,98.6501235961914,160964400
10/06/2011,98.23084090232672,98.29181993129343,97.0186762197812,97.27787780761719,97.27787780761719,238629400
13/06/2011,97.49896208158991,97.76579476575486,96.85857759892878,97.35411071777344,97.35411071777344,207599800
14/06/2011,98.24608316646872,98.93221940973599,98.20797418027027,98.58915710449219,98.58915710449219,160570400
15/06/2011,97.76580171092031,98.57390765827276,96.57650701859437,96.83570861816406,96.83570861816406,300958000
16/06/2011,96.86620707772038,97.5599628220074,96.30205795379241,97.04917907714844,97.04917907714844,308032800
17/06/2011,98.01298916629314,98.02065225757477,97.0093404817623,97.33878326416016,97.33878326416016,233284900
20/06/2011,97.00932135197124,98.04361635244437,96.97867483811409,97.83675384521484,97.83675384521484,159479000
21/06/2011,98.34244775819583,99.36908003638668,97.87509848372778,99.17754364013672,99.17754364013672,193157300
22/06/2011,98.87106452509792,99.45333081062415,98.51863250329859,98.57992553710938,98.57992553710938,176703000
23/06/2011,97.42305011068858,98.55694200888932,96.67988815087064,98.29645538330078,98.29645538330078,334286500
24/06/2011,98.27347706288724,98.35008459121367,97.00933594098659,97.15489959716797,97.15489959716797,226129300
27/06/2011,97.21617499342548,98.39603359153027,97.02463867168807,98.0206298828125,98.0206298828125,168904700
28/06/2011,98.4113707957515,99.31542841466853,98.27347024006706,99.30010223388672,99.30010223388672,165556300
29/06/2011,99.75216706668306,100.31145015023327,99.31547009993866,100.15056610107422,100.15056610107422,244295500
30/06/2011,100.4722828840571,101.26906876272245,100.1428460534925,101.10818481445312,101.10818481445312,223322700
01/07/2011,101.20012560876252,102.74008507878742,100.96262244623803,102.6021728515625,102.6021728515625,202385700
05/07/2011,102.49493801934348,102.7247839938995,102.19614175955623,102.5179214477539,102.5179214477539,165936000
06/07/2011,102.27274879907833,102.77073860925543,101.98160981995606,102.64049530029297,102.64049530029297,143331600
07/07/2011,103.55220235405406,103.96591567545383,103.33768260363202,103.70542907714844,103.70542907714844,170464200
08/07/2011,102.53324337342696,103.70544493550068,102.19613751680026,102.96994018554688,102.96994018554688,194100500
11/07/2011,101.7057771460642,102.03521397662877,100.87068166861387,101.10818481445312,101.10818481445312,195918600
12/07/2011,100.89367458046314,101.72877013646759,100.64084523323761,100.6714859008789,100.6714859008789,214675700
13/07/2011,101.20013466170327,102.06588263262819,100.76343789906555,101.00859832763672,101.00859832763672,204062600
14/07/2011,101.26141807308657,101.72876715143559,100.11985742191959,100.31139373779297,100.31139373779297,226111800
15/07/2011,100.8706704510035,101.03155438138128,100.18880175407396,100.8936538696289,100.8936538696289,220012800
18/07/2011,100.42632763064556,100.57955435301916,99.31541928037494,100.06623840332031,100.06623840332031,196872100
19/07/2011,100.62550362964369,101.81303097896202,100.60252020982345,101.69044494628906,101.69044494628906,166554900
20/07/2011,101.95097991188788,102.01226125985087,101.45297835868766,101.62918853759766,101.62918853759766,137145400
21/07/2011,102.20377218312863,103.29170873114501,101.64448942116722,103.03887939453125,103.03887939453125,245246300
22/07/2011,103.06188989365447,103.21511664658449,102.47961186588769,103.10785675048828,103.10785675048828,126019400
25/07/2011,102.12720793884044,103.0389230476093,102.01994802548256,102.53326416015625,102.53326416015625,136653800
26/07/2011,102.46428414490852,102.63283705850552,101.92031579821813,102.15016174316406,102.15016174316406,131278200
27/07/2011,101.58320786593336,101.61386022619781,99.92833112515672,100.05858612060547,100.05858612060547,249020100
28/07/2011,100.05858739927517,100.95497605603845,99.60655275797379,99.76744842529297,99.76744842529297,207939900
29/07/2011,98.76380688087737,100.02028487639853,98.04362833031318,99.08558654785156,99.08558654785156,307038400
01/08/2011,100.24244966964496,100.33439505645617,97.70651056110881,98.66419219970703,98.66419219970703,325790900
02/08/2011,97.92104231028289,98.44968451003072,96.14358520507812,96.14358520507812,96.14358520507812,346653800
03/08/2011,96.27382848664836,96.77181829314057,94.64193513325473,96.66455841064453,96.66455841064453,370830800
04/08/2011,95.32376464157072,95.47699715697384,91.98337179367891,92.13660430908203,92.13660430908203,520721800
05/08/2011,93.28585018505115,93.52335334948403,89.53173717396368,91.99872589111328,91.99872589111328,655619200
08/08/2011,89.57006966859002,92.02939592490688,85.8236129441384,86.00749206542969,86.00749206542969,702263900
09/08/2011,87.39419374711323,90.12933222209615,84.48283928201795,90.00675201416016,90.00675201416016,717828700
10/08/2011,88.30590119078246,89.08736675653087,85.7699564948419,86.03044891357422,86.03044891357422,662607400
11/08/2011,86.77361927271723,91.10999867907766,86.05344081229393,89.89183044433594,89.89183044433594,487979700
12/08/2011,90.71160532154887,91.33218114840403,89.85352047528481,90.49708557128906,90.49708557128906,313731600
15/08/2011,91.31685709256206,92.50437876030978,91.17128762000785,92.41244506835938,92.41244506835938,258810600
16/08/2011,91.53139545194756,92.46609381172865,90.64266394749151,91.62332916259766,91.62332916259766,294095200
17/08/2011,92.1289358132468,92.85677122170738,90.95673490403942,91.6845703125,91.6845703125,238201100
18/08/2011,89.25595891946561,91.71528549813698,86.8732457287613,87.73133087158203,87.73133087158203,512956300
19/08/2011,86.5437731368751,88.78091602941635,86.19134699724667,86.2986068725586,86.2986068725586,428281300
22/08/2011,88.23695187808678,88.28292457036027,86.1223950806974,86.36756134033203,86.36756134033203,275090600
23/08/2011,86.68933477578011,89.3095500846809,86.25263222429665,89.20995330810547,89.20995330810547,331136600
24/08/2011,89.01843165348792,90.58902614149162,88.81156913202155,90.46644592285156,90.46644592285156,246869700
25/08/2011,90.96443905108696,91.47775502750571,88.7732629047822,89.0873794555664,89.0873794555664,312365400
26/08/2011,88.63534613161764,90.79587550984455,87.22563582751016,90.38215637207031,90.38215637207031,314495900
29/08/2011,91.60035920809855,93.03305347712526,90.45114089413187,92.97942352294922,92.97942352294922,190977200
30/08/2011,92.57331851160156,93.7991495644719,91.37047087765635,93.22454071044922,93.22454071044922,241315700
31/08/2011,93.82214072889418,94.62659552902721,92.93341533415318,93.63826751708984,93.63826751708984,301828400
01/09/2011,93.69191837563135,94.54234020737044,92.53503722561435,92.65762329101562,92.65762329101562,254585900
02/09/2011,90.72694775274942,92.60400771513959,89.96846535239159,90.29024505615234,90.29024505615234,255517200
06/09/2011,87.63935588902295,89.76158153412848,87.63169279975439,89.63133239746094,89.63133239746094,285130500
07/09/2011,90.98742077595897,92.19792595164193,90.68096147576107,92.15962219238281,92.15962219238281,209803200
08/09/2011,91.60801386762434,92.65763526871064,90.9950951518376,91.20195770263672,91.20195770263672,250568200
09/09/2011,90.15999443673276,91.21727302585764,88.32124423567693,88.81157684326172,88.81157684326172,380195100
12/09/2011,87.70067459306239,89.45514845493699,87.37889489225381,89.38619232177734,89.38619232177734,305793500
13/09/2011,89.67730399796585,90.54304602760783,89.04140203656695,90.20594024658203,90.20594024658203,272514700
14/09/2011,90.66561563445633,92.55033787613051,89.42446421338272,91.45475006103516,91.45475006103516,319389500
15/09/2011,92.43545796796799,93.06369705927386,91.47777606992693,93.03305053710938,93.03305053710938,326777200
16/09/2011,93.40654212123667,93.93021659290307,92.65953528476744,93.58366394042969,93.58366394042969,284528300
19/09/2011,92.05114836662761,93.12930238225793,91.42736181760915,92.6518325805664,92.6518325805664,241517000
20/09/2011,93.04457075200042,93.9455968874508,92.42078433137563,92.54399871826172,92.54399871826172,218932200
21/09/2011,92.59020714364871,92.8751437117766,89.6714933447186,89.81781005859375,89.81781005859375,316251300
22/09/2011,87.21486236602084,87.95416645453112,85.713151854276,86.91452026367188,86.91452026367188,513911300
23/09/2011,86.3369304135291,87.91565639572123,86.26761754029626,87.43818664550781,87.43818664550781,307242500
26/09/2011,88.26220324181003,89.64069921744856,87.00692754074895,89.5174789428711,89.5174789428711,260673700
27/09/2011,91.28102201412129,92.07423337171676,89.97953587857205,90.51861572265625,90.51861572265625,311753900
28/09/2011,90.70345980869796,91.25023663065525,88.53945485658338,88.67037200927734,88.67037200927734,286696800
29/09/2011,90.14127150601449,90.58793031370922,87.7385290254799,89.37116241455078,89.37116241455078,298108900
30/09/2011,88.1389785117323,88.90908756251359,87.0762301368218,87.1378402709961,87.1378402709961,288392300
03/10/2011,86.62955817843519,87.75391659278914,84.56566586121234,84.6580810546875,84.6580810546875,365136800
04/10/2011,83.44131968544056,86.6988837587865,82.73282072460928,86.51405334472656,86.51405334472656,459177500
05/10/2011,86.72972003960517,88.34694855409877,85.92880558351528,88.11591339111328,88.11591339111328,284108000
06/10/2011,88.06969143861944,89.84094500625766,87.41509977248084,89.71002197265625,89.71002197265625,257800800
07/10/2011,90.23371105685646,90.29532121491927,88.60877985962516,89.1093521118164,89.1093521118164,312657900
10/10/2011,90.62644446381373,92.12815494712602,90.61874172722926,92.08965301513672,92.08965301513672,230666300
11/10/2011,91.5428741310197,92.44390040037733,91.4504589205216,92.18206024169922,92.18206024169922,209088000
12/10/2011,92.87517457582851,94.06114352845024,92.6672476630843,92.99069213867188,92.99069213867188,281544900
13/10/2011,92.4438873595161,93.08307925549255,91.73538847204283,92.80583953857422,92.80583953857422,212538800
14/10/2011,93.88398881754242,94.41536001981567,93.36031447475433,94.39225769042969,94.39225769042969,211397600
17/10/2011,93.94559760435503,94.3768626504111,92.35917490499797,92.5902099609375,92.5902099609375,202311600
18/10/2011,92.52091047890923,95.10847762772514,91.79700601600645,94.39997863769531,94.39997863769531,318857900
19/10/2011,94.24596169443,94.78504165921592,92.9598807417211,93.2833251953125,93.2833251953125,226601300
20/10/2011,93.5143472382583,94.030318919575,92.27447113060907,93.69147491455078,93.69147491455078,262075600
21/10/2011,94.79272868146403,95.58594600979373,94.50779206760026,95.47042846679688,95.47042846679688,278999400
24/10/2011,95.62443231571588,96.87971373545719,95.53971985639105,96.64097595214844,96.64097595214844,203215600
25/10/2011,96.17894586255211,96.22515053841147,94.55401483953399,94.76194763183594,94.76194763183594,268596800
26/10/2011,95.76306552840076,96.0865099406891,94.11503252239883,95.72456359863281,95.72456359863281,289053800
27/10/2011,98.28903561613961,99.6675317967033,97.50352681306698,99.05915069580078,99.05915069580078,393220200
28/10/2011,98.57394828860704,99.22854561433321,98.41992884459216,99.03601837158203,99.03601837158203,225906500
31/10/2011,97.9270808897816,99.05143365167467,96.51007701944006,96.64869689941406,96.64869689941406,228146700
01/11/2011,93.97642570042021,95.11618991332324,93.58366835925854,93.95332336425781,93.95332336425781,416565800
02/11/2011,95.36257970739715,95.80154151412495,94.56166580336561,95.48579406738281,95.48579406738281,244717600
03/11/2011,96.47158580034795,97.41882278895613,95.18550472779171,97.2262954711914,97.2262954711914,291174800
04/11/2011,96.44078871804585,96.80273514800031,95.50125444664415,96.63331604003906,96.63331604003906,249401600
07/11/2011,96.5639660742284,97.33407506652655,95.64753449324469,97.23396301269531,97.23396301269531,196617200
08/11/2011,97.74224807407765,98.58937280622354,96.81041674418348,98.48155212402344,98.48155212402344,224426300
09/11/2011,96.17891928429574,96.87972134366132,94.61559884474583,94.84663391113281,94.84663391113281,337982000
10/11/2011,96.10193489588214,96.21745245953738,94.73883822059148,95.73998260498047,95.73998260498047,231866500
11/11/2011,96.90282315418675,97.7961465967839,96.8720180871364,97.5420150756836,97.5420150756836,189924400
14/11/2011,97.18009466796364,98.15042815783173,96.20205256447942,96.61791229248047,96.61791229248047,159258300
15/11/2011,96.39453495592215,97.6113084956042,96.0479882818634,97.0953369140625,97.0953369140625,184709400
16/11/2011,96.1173139816988,97.29557995347926,95.41651776256987,95.55513763427734,95.55513763427734,235782500
17/11/2011,95.37799764678998,95.6167354300336,93.36031584460629,94.03800964355469,94.03800964355469,331219600
18/11/2011,94.33835081616317,94.53087806272677,93.54513950039559,93.93789672851562,93.93789672851562,215580400
21/11/2011,92.56711413152397,92.68263167493883,91.37344851748054,92.15126037597656,92.15126037597656,229611600
22/11/2011,91.95104413423589,92.49011825030863,91.27334424492477,91.78932189941406,91.78932189941406,216494900
23/11/2011,90.92678241729826,91.78930673599449,89.763916015625,89.763916015625,89.763916015625,224329100
25/11/2011,89.62528748836877,90.64183118080045,89.48666762687964,89.594482421875,89.594482421875,99557000
28/11/2011,92.05883354725742,92.55170285318646,91.50435410922086,92.18975067138672,92.18975067138672,210686000
29/11/2011,92.45160675048828,93.18320810026238,92.11275684088346,92.45160675048828,92.45160675048828,199241500
30/11/2011,95.10078708375248,96.43307863568381,92.41310751855205,96.25595092773438,96.25595092773438,324439500
01/12/2011,96.1481014731988,96.75648825027825,95.82465712350039,96.24051666259766,96.24051666259766,176954800
02/12/2011,97.12616957200594,97.41880893823344,96.09422024026344,96.15583038330078,96.15583038330078,221109700
05/12/2011,97.6806499880482,97.94249017633122,96.60250178766827,97.20318603515625,97.20318603515625,225263900
06/12/2011,97.19545521289427,97.88855448105568,96.84890851654623,97.23396301269531,97.23396301269531,178842100
07/12/2011,96.910529480084,98.00408890305474,96.2405383015612,97.59593200683594,97.59593200683594,237802500
08/12/2011,96.95672555556101,97.17235513833428,95.22398028267735,95.45500946044922,95.45500946044922,240862800
09/12/2011,95.8862816965007,97.31868503293865,95.80156922898811,97.07225036621094,97.07225036621094,209111400
12/12/2011,96.22516033723925,96.24056581440608,94.84666977967596,95.65528106689453,95.65528106689453,215826100
13/12/2011,96.15584352462244,96.70262039900535,94.29987737137269,94.76194763183594,94.76194763183594,245159800
14/12/2011,94.38453311250825,94.74648519036435,93.54511733659844,93.75304412841797,93.75304412841797,238618800
15/12/2011,94.7465411576915,94.8774583215582,93.94562682358821,94.09194946289062,94.09194946289062,199109200
16/12/2011,94.72743119249901,95.2854213872678,94.00668720576866,94.23143005371094,94.23143005371094,220481400
19/12/2011,94.59569665291205,94.79719660129736,93.02246092807954,93.22396087646484,93.22396087646484,183903000
20/12/2011,94.68865348554584,96.20763919251966,93.28591792156412,96.04489135742188,96.04489135742188,225418100
21/12/2011,96.044906914211,96.37815422464425,95.13041470739854,96.23090362548828,96.23090362548828,194230900
22/12/2011,96.58740172974629,97.1841498131678,96.27740917562126,97.0833969116211,97.0833969116211,119465400
23/12/2011,97.39339706001594,97.98239356593493,97.19190307890157,97.9513931274414,97.9513931274414,92187200
27/12/2011,97.78088730861553,98.28463405407628,97.69563758648854,98.02888488769531,98.02888488769531,86075700
28/12/2011,98.04438991601447,98.05988717818116,96.66490298675582,96.74240112304688,96.74240112304688,119107100
29/12/2011,97.06017424758738,97.84291925720962,96.76567887662394,97.74217224121094,97.74217224121094,123507200
30/12/2011,97.66464396229013,97.90489588355538,97.26165008544922,97.26165008544922,97.26165008544922,95599000
03/01/2012,99.01313013097764,99.49362803018268,98.75738096304292,98.81163024902344,98.81163024902344,193697900
04/01/2012,98.579140028808,99.05188638909269,98.19939498804351,98.96663665771484,98.96663665771484,127186500
05/01/2012,98.43188171151287,99.37736838853606,97.98238426511806,99.23011779785156,99.23011779785156,173895000
06/01/2012,99.35413316285002,99.3696363391154,98.64889237373738,98.9743881225586,98.9743881225586,148050000
09/01/2012,99.19913458044113,99.33862768722486,98.74189140759441,99.21463775634766,99.21463775634766,99530200
10/01/2012,100.27637649586521,100.47787048440621,99.93537757259693,100.07488250732422,100.07488250732422,115282000
11/01/2012,99.76490252666868,100.2608978567745,99.60216052602694,100.129150390625,100.129150390625,111540700
12/01/2012,100.41590193306378,100.51664303517386,99.61764784036076,100.36939239501953,100.36939239501953,118983700
13/01/2012,99.69514712296427,100.01289724430201,98.98215463819253,99.85014343261719,99.85014343261719,179836200
17/01/2012,100.81111671694109,100.99711934181416,99.89661859313736,100.23761749267578,100.23761749267578,132209200
18/01/2012,100.2143454426216,101.40008381622083,100.03610035929398,101.34584045410156,101.34584045410156,163395200
19/01/2012,101.69459737105076,101.96584969114917,101.36910168220655,101.88059997558594,101.88059997558594,126328900
20/01/2012,101.71009175900697,102.26033020019531,101.46208830771529,102.26033020019531,102.26033020019531,138230200
23/01/2012,101.91937550917682,102.49287486958262,101.50862996235257,101.99687957763672,101.99687957763672,129295800
24/01/2012,101.36910168220655,101.9115944969469,101.21410542448879,101.88059997558594,101.88059997558594,103083300
25/01/2012,101.72562998864056,102.97336984254997,101.33038760962363,102.73312377929688,102.73312377929688,198613200
26/01/2012,103.1903409534587,103.38408925553088,101.80310831382337,102.20610809326172,102.20610809326172,184880500
27/01/2012,101.71010946895186,102.33785205433635,101.64035109521998,102.15960693359375,102.15960693359375,135259100
30/01/2012,101.14435743132131,101.8651072505485,100.79561285932128,101.81085205078125,101.81085205078125,147311800
31/01/2012,102.3146258559768,102.43861580520624,101.27612577477697,101.77213287353516,101.77213287353516,157212000
01/02/2012,102.52385565627091,103.1826046734796,102.39986571900323,102.66336059570312,102.66336059570312,166234500
02/02/2012,102.86482471064876,103.08957931848599,102.46183683703639,102.8260726928711,102.8260726928711,113090400
03/02/2012,103.84910220497112,104.32959426684714,103.67085705709118,104.26759338378906,104.26759338378906,160598500
06/02/2012,103.83361287215348,104.2443584299018,103.71736859183258,104.19786071777344,104.19786071777344,107694500
07/02/2012,103.98084220104674,104.6395911890902,103.57009672747655,104.46133422851562,104.46133422851562,135528100
08/02/2012,104.5155750032679,104.79457300580485,104.089326412523,104.77132415771484,104.77132415771484,139361400
09/02/2012,104.94185109218185,105.08134421727364,104.28310202246638,104.9030990600586,104.9030990600586,148602900
10/02/2012,103.97313171548272,104.21337781052847,103.72512811707261,104.12812805175781,104.12812805175781,167907500
13/02/2012,104.87210452963595,105.02710083266902,104.42260697301809,104.9030990600586,104.9030990600586,115841900
14/02/2012,104.62407356950689,104.83332502777381,104.04282871634297,104.77132415771484,104.77132415771484,165329500
15/02/2012,105.11233712870639,105.26733341191458,104.07383719774884,104.28308868408203,104.28308868408203,195195100
16/02/2012,104.29085652276652,105.53083873680544,104.10485386920388,105.4378433227539,105.4378433227539,186567800
17/02/2012,105.80206948377726,105.88731920437094,105.36807520637572,105.7168197631836,105.7168197631836,129869400
21/02/2012,105.9648301816839,106.21283371293029,105.43784041597416,105.76333618164062,105.76333618164062,134042300
22/02/2012,105.6005855455707,105.82534023066965,105.23633773906654,105.4223403930664,105.4223403930664,124455300
23/02/2012,105.36806227908816,105.96479842457495,105.0115602661281,105.8873062133789,105.8873062133789,137704300
24/02/2012,106.11981201171876,106.32906348450426,105.8873235146878,106.11981201171875,106.11981201171875,105539100
27/02/2012,105.41459614977738,106.58483182193373,105.24409667099172,106.29808807373047,106.29808807373047,145728900
28/02/2012,106.32908754729081,106.73208740910803,106.11983602715067,106.60808563232422,106.60808563232422,129355900
29/02/2012,106.76307028516852,107.09632354571096,105.8175775349677,106.18958282470703,106.18958282470703,185934700
01/03/2012,106.41431141309717,106.94131292354336,106.11981022121672,106.73980712890625,106.73980712890625,145023500
02/03/2012,106.67005579703172,106.80956071209764,106.174060658216,106.414306640625,106.414306640625,120638300
05/03/2012,106.25158380005693,106.32907603306005,105.6160836319526,105.98033142089844,105.98033142089844,140765000
06/03/2012,104.89533665895303,104.95732570991458,104.12808911690094,104.43033599853516,104.43033599853516,202129900
07/03/2012,104.67055645544838,105.32930525934133,104.56980357767635,105.15880584716797,105.15880584716797,143692200
08/03/2012,105.80205971587222,106.422056551545,105.58506259720515,106.20504760742188,106.20504760742188,116968900
09/03/2012,106.40654751677388,106.89478509415001,106.27480011808792,106.61579895019531,106.61579895019531,122836800
12/03/2012,106.60028631298474,106.76302821584159,106.24378434049342,106.62353515625,106.62353515625,104003500
13/03/2012,107.19708946730351,108.59982558608769,107.01883247645414,108.54557037353516,108.54557037353516,184090500
14/03/2012,108.57654135705569,108.84778185506799,108.09603757906667,108.42929077148438,108.42929077148438,145163600
15/03/2012,108.59202913502125,109.10352741793984,108.31303114665259,109.0570297241211,109.0570297241211,165118500
16/03/2012,109.25474742771101,109.34815036418772,108.97452674100006,109.20804595947266,109.20804595947266,152893500
19/03/2012,109.13798542283666,109.97085592314075,109.06014173019669,109.63615417480469,109.63615417480469,125291100
20/03/2012,109.01346801482417,109.44936429909329,108.69432542195466,109.3170394897461,109.3170394897461,121729700
21/03/2012,109.37928404805673,109.48046659557353,108.91224564760412,109.13798522949219,109.13798522949219,122388400
22/03/2012,108.33628129612354,108.62429358441027,107.99379977800949,108.35185241699219,108.35185241699219,135216700
23/03/2012,108.4452597684135,108.82666312369128,107.84589636789708,108.70211791992188,108.70211791992188,120521000
26/03/2012,109.48051617009135,110.22777557373047,109.44160618350116,110.22777557373047,110.22777557373047,120164000
27/03/2012,110.32894166117397,110.39899387175704,109.81520169566691,109.88525390625,109.88525390625,119868500
28/03/2012,109.83079000119275,110.00203668316188,108.69433582787799,109.34040069580078,109.34040069580078,148562100
29/03/2012,108.69437064526359,109.35600684456246,108.26625380320479,109.15361785888672,109.15361785888672,164963700
30/03/2012,109.69068774405201,109.79188221744884,109.01349242771477,109.60506439208984,109.60506439208984,135486800
02/04/2012,109.4727188619388,110.69479630193653,109.25477071218995,110.40678405761719,110.40678405761719,151741100
03/04/2012,110.25108354600924,110.43790129376663,109.30922706566,109.95529174804688,109.95529174804688,155806700
04/04/2012,109.14576020367343,109.23916312887769,108.46077374609712,108.86553955078125,108.86553955078125,146896000
05/04/2012,108.49197303275005,109.13024648613717,108.39855818113595,108.81110382080078,108.81110382080078,137439400
09/04/2012,107.44110860178398,108.84999178646603,107.2932126869664,107.58900451660156,107.58900451660156,127555900
10/04/2012,107.3788121704037,107.68238355231061,105.67413753458825,105.78311157226562,105.78311157226562,235360300
11/04/2012,106.86510153428523,107.05969893169271,106.4447763818894,106.63937377929688,106.63937377929688,154133000
12/04/2012,106.74054403873764,108.1182847485362,106.66270034650141,108.03266143798828,108.03266143798828,154321500
13/04/2012,107.78361167103414,108.05605278904707,106.64715759941365,106.74835205078125,106.74835205078125,169246700
16/04/2012,107.29319849899542,107.44887401290316,106.31243207182432,106.67827606201172,106.67827606201172,147825300
17/04/2012,107.29327599964803,108.47643213907521,107.1843018734698,108.25848388671875,108.25848388671875,147877600
18/04/2012,107.7758244411139,108.25842217088604,107.71355185061391,107.892578125,107.892578125,123884200
19/04/2012,107.90812817127127,108.31288211456364,106.69384258683446,107.19979095458984,107.19979095458984,198666700
20/04/2012,107.67467532188259,108.06387026837507,107.31661074510315,107.3788833618164,107.3788833618164,143199600
23/04/2012,106.2813165907852,106.56932883514375,105.8142899315241,106.47591400146484,106.47591400146484,171844900
24/04/2012,106.56930995971423,107.15310208835258,106.48368663908937,106.88066101074219,106.88066101074219,137484200
25/04/2012,107.92373332127143,108.39077191887354,107.83033035266497,108.34407043457031,108.34407043457031,150252200
26/04/2012,108.1105475664688,109.22365104051427,108.04827496369214,109.09910583496094,109.09910583496094,136291600
27/04/2012,109.42600260193633,109.58945775352595,108.8188597128971,109.27810668945312,109.27810668945312,130725000
30/04/2012,109.06013926494818,109.13798295582853,108.57754163787301,108.87332153320312,108.87332153320312,115092200
01/05/2012,108.81111066424303,110.2667077436933,108.68657731640138,109.55059051513672,109.55059051513672,138832200
02/05/2012,108.91227745822462,109.33261451685814,108.55422487360845,109.22364044189453,109.22364044189453,121081000
03/05/2012,109.23918884674244,109.32481217409753,108.1883700589651,108.3907470703125,108.3907470703125,143759700
04/05/2012,107.82252928117344,108.42967221090217,106.57710118685259,106.63937377929688,106.63937377929688,193927300
07/05/2012,106.2579652079368,107.07527670329638,106.21905522786331,106.71722412109375,106.71722412109375,127765900
08/05/2012,106.07892451820528,106.46033966487721,105.02031427912071,106.28909301757812,106.28909301757812,213377700
09/05/2012,105.16043102575053,106.33579494885586,104.68561293387427,105.65859985351562,105.65859985351562,220752500
10/05/2012,106.39028450419121,106.52262118779859,105.63525752158154,105.87655639648438,105.87655639648438,150600000
11/05/2012,105.21491787901265,106.53817778673503,105.1682164046774,105.55741119384766,105.55741119384766,153032400
14/05/2012,104.54548416789773,105.55739281904987,104.23413314167259,104.38980865478516,104.38980865478516,163910000
15/05/2012,104.31980041715487,104.93472311013379,103.62703399617519,103.79048919677734,103.79048919677734,207629300
16/05/2012,104.2574989041492,104.73231700782276,103.37013528648019,103.39348602294922,103.39348602294922,207265500
17/05/2012,103.41684081668949,103.54138600093181,101.80556867342085,101.86006164550781,101.86006164550781,247992900
18/05/2012,102.25704062523073,102.43607878955603,100.84037769237284,100.98827362060547,100.98827362060547,319615900
21/05/2012,101.3151694831821,102.76297427554974,101.15170247942191,102.72405242919922,102.72405242919922,177861100
22/05/2012,102.98871475234135,103.70483168033256,102.23367597317294,102.90309143066406,102.90309143066406,197531200
23/05/2012,102.16360482448586,103.1054611882992,101.18283849399131,102.95756530761719,102.95756530761719,204958400
24/05/2012,103.23780922059962,103.40126437387708,102.29595264453873,103.15996551513672,103.15996551513672,167357600
25/05/2012,103.12107453391592,103.40908682852584,102.57620406440253,102.8252944946289,102.8252944946289,135465600
29/05/2012,103.6503535870039,104.24970497879053,102.10135413270885,104.0706787109375,104.0706787109375,152883500
30/05/2012,103.18336033503289,104.06294469797051,102.3504893416998,102.5606460571289,102.5606460571289,162370400
31/05/2012,102.52169478549672,103.09769546187398,101.45529300538014,102.33487701416016,102.33487701416016,196186000
01/06/2012,100.73140993802683,102.35824149604709,99.7584228515625,99.7584228515625,99.7584228515625,253240900
04/06/2012,99.93743581678729,100.20987691556337,98.96444886013298,99.71170806884766,99.71170806884766,202545800
05/06/2012,99.51713157224069,100.61465806718564,99.46264452552204,100.4667739868164,100.4667739868164,164149400
06/06/2012,101.1672735934181,102.77075389390787,101.13613136542573,102.72405242919922,102.72405242919922,184202800
07/06/2012,103.89165821409978,103.93835968854417,102.57617792326467,102.78634643554688,102.78634643554688,184772700
08/06/2012,102.5217070635481,103.62701895244392,102.19477295523478,103.60366821289062,103.60366821289062,143915400
11/06/2012,104.43649729524559,104.49876986829904,102.18695255678453,102.28814697265625,102.28814697265625,169756100
12/06/2012,102.58394755348482,103.53358369898545,102.09357024228983,103.46353149414062,103.46353149414062,181931800
13/06/2012,103.15997058704183,103.80603536684599,102.45163321526205,102.80191802978516,102.80191802978516,172223900
14/06/2012,103.01207853423264,104.30420814236507,102.73185779846034,103.89166259765625,103.89166259765625,230615500
15/06/2012,104.35954091740165,105.04806475765677,104.14046352202647,104.95417785644531,104.95417785644531,169444500
18/06/2012,104.51605036319278,105.41583190500126,104.2813211100349,105.15763092041016,105.15763092041016,131360900
19/06/2012,105.68971381516147,106.60514740980082,105.13418816089533,106.17481231689453,106.17481231689453,137382600
20/06/2012,106.18257504475518,106.48771937759767,105.05588460385326,106.00260925292969,106.00260925292969,206451800
21/06/2012,106.12780395740418,106.23734264691777,103.5379869891159,103.62405395507812,103.62405395507812,205272200
22/06/2012,104.16395631821311,104.6177629972382,103.76491302969835,104.42215728759766,104.42215728759766,130029200
25/06/2012,103.31893754233053,103.35806107176708,102.38003252997831,102.74777221679688,102.74777221679688,146375700
26/06/2012,103.04509033556809,103.5771440992006,102.44262137844508,103.26416778564453,103.26416778564453,141634000
27/06/2012,103.60841914343521,104.39866182311957,103.25633129362828,104.19523620605469,104.19523620605469,108088000
28/06/2012,103.50670729988317,104.05441281274696,102.7164645672568,103.89791870117188,103.89791870117188,169242100
29/06/2012,105.78358982924333,106.62078819059222,105.50974893576522,106.48777770996094,106.48777770996094,212250900
02/07/2012,106.78505335810327,106.9180637926716,106.03393420538515,106.80852508544922,106.80852508544922,129524500
03/07/2012,106.785028488378,107.59092277643019,106.67548980666666,107.51268768310547,107.51268768310547,80450000
05/07/2012,107.11366249428303,107.81785008520885,106.63638417133504,107.02759552001953,107.02759552001953,126177500
06/07/2012,105.99483098724876,106.22956024450271,105.50973261072961,106.01048278808594,106.01048278808594,151192100
09/07/2012,105.92441538733452,106.07307764765534,105.39236161033503,105.87747192382812,105.87747192382812,103780500
10/07/2012,106.41730444816295,106.5894383929324,104.59425817043031,104.95417785644531,104.95417785644531,167884800
11/07/2012,105.00896452942743,105.3141089301829,104.35955220190702,104.96984100341797,104.96984100341797,141733400
12/07/2012,104.3595587165799,105.024610944961,103.7492698769715,104.46126556396484,104.46126556396484,143583200
13/07/2012,104.73511905436152,106.32343642221177,104.71946725510679,106.21389770507812,106.21389770507812,129642600
16/07/2012,105.97132521448373,106.27646956924526,105.5488102993849,105.96349334716797,105.96349334716797,97525200
17/07/2012,106.38605576533423,106.91027774021228,105.27501654321289,106.69120025634766,106.69120025634766,138860300
18/07/2012,106.44079105201756,107.69267229100039,106.37820773501029,107.48141479492188,107.48141479492188,113349700
19/07/2012,107.7004739076441,108.11515696054471,107.35621796734382,107.76306915283203,107.76306915283203,129847300
20/07/2012,107.15278887095182,107.31710289485792,106.65987067687998,106.77722930908203,106.77722930908203,142904500
23/07/2012,105.21240377958038,106.70683431943368,104.71947355341949,105.69750213623047,105.69750213623047,145210900
24/07/2012,105.77574690556136,105.82269036630666,104.08571068577956,104.78988647460938,104.78988647460938,173301200
25/07/2012,105.00895253166748,105.28279330479823,104.25782151010748,104.81334686279297,104.81334686279297,129122300
26/07/2012,106.32345639908246,106.76944322045223,105.83052610995313,106.54253387451172,106.54253387451172,156526500
27/07/2012,107.1058392130594,108.81152684812662,106.51902220839902,108.5063705444336,108.5063705444336,236768900
30/07/2012,108.38119199027784,109.02277237385213,108.1855863220577,108.5063705444336,108.5063705444336,106782000
31/07/2012,108.35771760882282,108.65503009882953,107.74742889404297,107.74742889404297,107.74742889404297,120575900
01/08/2012,108.5220389718832,108.54551070056088,107.50488695349438,107.65354919433594,107.65354919433594,138293800
02/08/2012,106.83982499373222,107.63789951242175,106.0808739988769,106.91024017333984,106.91024017333984,199556600
03/08/2012,108.41248091968214,109.2574988178163,106.94152251120909,109.03060150146484,109.03060150146484,157825000
06/08/2012,109.32012939035558,109.67221731031911,109.19493886006708,109.24188232421875,109.24188232421875,86326200
07/08/2012,109.67998490661202,110.2589818788031,109.56262630223158,109.78953552246094,109.78953552246094,109545100
08/08/2012,109.42187238759354,110.04780129981015,109.39056877868548,109.92262268066406,109.92262268066406,89754700
09/08/2012,109.76609844482643,110.23555693921573,109.65655972131232,110.0164794921875,110.0164794921875,90291700
10/08/2012,109.57049333793809,110.235557552217,109.39053942091253,110.1964340209961,110.1964340209961,99792700
13/08/2012,110.00862167153952,110.19639545356044,109.57045498957422,110.14163208007812,110.14163208007812,79426900
14/08/2012,110.54851426389445,110.61894139074205,109.828686706847,110.15730285644531,110.15730285644531,102379400
15/08/2012,110.0399368158052,110.47027172284861,109.9695216325137,110.28248596191406,110.28248596191406,71085900
16/08/2012,110.4389852574149,111.22924001079099,110.16514441141858,111.09622955322266,111.09622955322266,112014200
17/08/2012,111.2839736801911,111.33874899805515,110.99448111097406,111.2448501586914,111.2448501586914,90813700
20/08/2012,111.088379145032,111.27616490375722,110.78323474886835,111.25269317626953,111.25269317626953,78255700
21/08/2012,111.52650260994255,111.95683739089215,110.67366491421906,110.91621398925781,110.91621398925781,105581100
22/08/2012,110.63453732525707,111.14311911631077,110.3763484050165,110.96316528320312,110.96316528320312,133243500
23/08/2012,110.68935596428663,110.69717589441531,109.88346142452122,110.05559539794922,110.05559539794922,111466400
24/08/2012,109.78172958717145,110.97101546069567,109.71131440791083,110.72063446044922,110.72063446044922,99481200
27/08/2012,111.01793989900096,111.16660210008236,110.58760509029725,110.74408721923828,110.74408721923828,68785900
28/08/2012,110.4624485431741,110.97885047224554,110.29814643590355,110.63458251953125,110.63458251953125,75689600
29/08/2012,110.72846632847141,111.01795891353606,110.41549007816336,110.72063446044922,110.72063446044922,65421300
30/08/2012,110.24340706958502,110.27471067849308,109.68789336916848,109.92262268066406,109.92262268066406,96589900
31/08/2012,110.54851470927387,110.9632097865594,109.82086721912277,110.44680786132812,110.44680786132812,151970400
04/09/2012,110.35289744403282,110.68152549935225,109.64090182770335,110.34507751464844,110.34507751464844,120226200
05/09/2012,110.3920358251485,110.68936032529737,110.03212800385522,110.25120544433594,110.25120544433594,100660300
06/09/2012,110.91627484159092,112.49677256836434,110.90845490994535,112.48895263671875,112.48895263671875,158272500
07/09/2012,112.67669723353727,112.9740217024018,112.57499039326032,112.92707824707031,112.92707824707031,107272100
10/09/2012,112.81756865319595,113.0131743934397,112.24640323455574,112.28551483154297,112.28551483154297,86458500
11/09/2012,112.35592342755686,112.95838041211863,112.32461982854134,112.59847259521484,112.59847259521484,88760000
12/09/2012,112.97400665283202,113.09919714292158,112.59061525399107,112.97400665283203,112.97400665283203,87640900
13/09/2012,112.95834109223512,115.04740789339803,112.66102863802946,114.69532012939453,114.69532012939453,225470200
14/09/2012,114.92231431438678,115.88469143112486,114.82841541943529,115.20398712158203,115.20398712158203,169777000
17/09/2012,114.9692263376255,115.16483206858271,114.5232395404064,114.812744140625,114.812744140625,119427800
18/09/2012,114.61710420381338,114.86747325652982,114.42931846015897,114.71881103515625,114.71881103515625,98326600
19/09/2012,114.85188646911017,115.14921108015102,114.55457379689886,114.7814712524414,114.7814712524414,128318300
20/09/2012,114.25720712137036,114.85184418570326,113.94424275884255,114.78926086425781,114.78926086425781,154009800
21/09/2012,115.34693397499157,115.3705309964679,114.69405504151999,114.74124908447266,114.74124908447266,108737500
24/09/2012,114.17491465949215,114.8277936964384,114.08838823284732,114.5682144165039,114.5682144165039,95682000
25/09/2012,114.81203601513964,115.03228285300014,113.31749018388335,113.34896087646484,113.34896087646484,133165200
26/09/2012,113.3254117665395,113.35687046986766,112.444412040103,112.71185302734375,112.71185302734375,146502200
27/09/2012,113.18382345431695,114.03335251884504,112.88491174571685,113.77377319335938,113.77377319335938,111830300
28/09/2012,113.34105399957905,113.71075651251869,112.8455047608368,113.24666595458984,113.24666595458984,150696100
01/10/2012,113.67934423179476,114.59966405372994,113.27817087174726,113.54562377929688,113.54562377929688,135911200
02/10/2012,113.99399797384028,114.17491249792491,113.13660740040027,113.66362762451172,113.66362762451172,113422200
03/10/2012,113.97038333066824,114.39514171341236,113.37257212466253,114.12770080566406,114.12770080566406,121283100
04/10/2012,114.56033985363851,115.11095705099642,114.40302236904408,114.9457778930664,114.9457778930664,124311600
05/10/2012,115.55935941787332,115.75600933370148,114.60756854413937,114.95367431640625,114.95367431640625,124842100
08/10/2012,114.52888981246791,114.9379129028116,114.30076924039584,114.56034851074219,114.56034851074219,78415400
09/10/2012,114.47384467216796,114.56823278816852,113.38833332792967,113.42766571044922,113.42766571044922,148872900
10/10/2012,113.41189891223588,113.52203435377758,112.55450842279717,112.70396423339844,112.70396423339844,124247500
11/10/2012,113.49055381534643,113.65574496078155,112.74328682968601,112.76688385009766,112.76688385009766,123601500
12/10/2012,112.84556901217132,113.23099508369478,112.15335761465948,112.39720153808594,112.39720153808594,124181900
15/10/2012,112.6646755311615,113.45127525811729,112.30284637819506,113.33329010009766,113.33329010009766,107689100
16/10/2012,113.86811243052503,114.56032366800731,113.7894597006176,114.48165893554688,114.48165893554688,108815500
17/10/2012,114.56036065432087,115.09525460212812,114.38730778907943,115.0008544921875,115.0008544921875,128834100
18/10/2012,114.70194244384766,115.25255968178007,114.31650437601718,114.70194244384766,114.70194244384766,148108500
19/10/2012,114.48953906284031,114.49740073550822,112.52304066602943,112.79048156738281,112.79048156738281,185645200
22/10/2012,112.60172033266335,113.01075545774884,111.91738256770913,112.80624389648438,112.80624389648438,125578600
23/10/2012,111.58705739931385,111.7443749719007,110.77686049805826,111.24095153808594,111.24095153808594,192056300
24/10/2012,111.6420659845106,111.77579846740258,110.75321667374357,110.92626953125,110.92626953125,120179400
25/10/2012,111.71287453673999,111.91738610446734,110.57230755825381,111.24877166748047,111.24877166748047,134457400
26/10/2012,111.14655017924909,111.5713087749841,110.430741506146,111.18588256835938,111.18588256835938,146023500
31/10/2012,111.57918245434216,111.72076465206717,110.65885015888963,111.18588256835938,111.18588256835938,103438500
01/11/2012,111.42180490170037,112.49158061085801,111.31955513713089,112.3499984741211,112.3499984741211,100995600
02/11/2012,113.01859238762728,113.05006308404324,111.23302044902418,111.35100555419922,111.35100555419922,137702200
05/11/2012,111.18581716665294,111.83082235892866,110.85543489451202,111.57911682128906,111.57911682128906,98378500
06/11/2012,111.91739178933065,112.892779628732,111.79940664860197,112.45228576660156,112.45228576660156,107068100
07/11/2012,111.42969152137779,111.44541487002732,109.38452795665357,109.9036865234375,109.9036865234375,264304500
08/11/2012,109.88794953916462,110.44644047438499,108.49566504077373,108.58219146728516,108.58219146728516,181517300
09/11/2012,108.25181191416884,109.68342866706853,108.19675619427925,108.67658233642578,108.67658233642578,201055300
12/11/2012,109.01480523076792,109.18785805463126,108.51925578293563,108.76309967041016,108.76309967041016,97677500
13/11/2012,108.18885586322541,109.53394586557005,108.04727375905864,108.38550567626953,108.38550567626953,123018300
14/11/2012,108.71590482063225,108.8889456406565,106.6786033189262,106.92244720458984,106.92244720458984,191505000
15/11/2012,106.9618470401774,107.3630206558104,106.33256474320447,106.7416000366211,106.7416000366211,178128400
16/11/2012,106.89888242738014,107.48097046095,105.95496529386602,107.26858520507812,107.26858520507812,239483900
19/11/2012,108.47206444336666,109.45531380199962,107.30003888951178,109.43959045410156,109.43959045410156,151495800
20/11/2012,109.26654660380191,109.66770805423583,108.61366753560479,109.4867935180664,109.4867935180664,119807400
21/11/2012,109.58116074353849,109.78568426963976,109.36091387124047,109.6912841796875,109.6912841796875,81710800
23/11/2012,110.22622988635655,111.22520295490965,110.15542678493405,111.18588256835938,111.18588256835938,65409200
26/11/2012,110.63520501624801,111.19369589261038,110.27337599991868,110.9498519897461,110.9498519897461,100124400
27/11/2012,110.83975889765793,111.21732336667824,110.31273857562425,110.38352966308594,110.38352966308594,128646200
28/11/2012,109.93511049590825,111.33525624702312,109.33729936705045,111.2723388671875,111.2723388671875,177086500
29/11/2012,111.68921603297322,112.09823894329043,111.20151640520987,111.79146575927734,111.79146575927734,151085900
30/11/2012,111.80723232147605,112.027479181621,111.42966799016381,111.81509399414062,111.81509399414062,136568300
03/12/2012,112.32640996585022,112.42079806416292,111.17796942530416,111.26449584960938,111.26449584960938,124656300
04/12/2012,111.25662591791983,111.59485791347328,110.80825847910172,111.10717010498047,111.10717010498047,127512200
05/12/2012,111.20158647331195,111.8230069059148,110.414986838919,111.30384826660156,111.30384826660156,147300500
06/12/2012,111.20155510386068,111.72857526992702,111.03637594866687,111.68138122558594,111.68138122558594,103220600
07/12/2012,112.11401088938457,112.23986967328766,111.43753492909825,112.01962280273438,112.01962280273438,108726400
10/12/2012,111.86233717472534,112.33428974490974,111.815131115405,112.06684875488281,112.06684875488281,98840700
11/12/2012,112.53093755249455,113.35686953812102,112.47588182148343,112.82984924316406,112.82984924316406,152570400
12/12/2012,113.27034107451183,113.70297324996065,112.72758543645396,112.88490295410156,112.88490295410156,145880100
13/12/2012,112.81409629810187,113.13660496642088,111.9095116945838,112.19268798828125,112.19268798828125,135715000
14/12/2012,111.94882491140245,112.15333642085872,111.60271927805069,111.77577209472656,111.77577209472656,137701700
17/12/2012,112.06682716560574,113.15233827225805,112.03535646545491,113.08940887451172,113.08940887451172,143238200
18/12/2012,113.2703164322584,114.4502155617611,113.10512527300399,114.34795379638672,114.34795379638672,177762800
19/12/2012,114.47378519508527,114.51311755716893,113.45907746761652,113.49839782714844,113.49839782714844,150895400
20/12/2012,113.56920748067738,114.16701861041852,113.25456056827221,114.15128326416016,114.15128326416016,168487000
21/12/2012,112.62400370288607,114.14498480771712,112.44180605216073,113.11515045166016,113.11515045166016,245883800
24/12/2012,112.86964526348689,112.93302102543483,112.6399187031549,112.76667022705078,112.76667022705078,53874600
26/12/2012,112.99632858877551,113.05178687989225,111.97442375239793,112.29129028320312,112.29129028320312,106947700
27/12/2012,112.32297524381703,112.55271375960932,110.84160543494735,112.14077758789062,112.14077758789062,167920600
28/12/2012,111.41195544198739,112.0298535479385,110.80197476745766,110.92872619628906,110.92872619628906,148806700
31/12/2012,110.63561208790335,112.93292406968573,110.54054248275578,112.81410217285156,112.81410217285156,243935200
02/01/2013,114.95302971987427,115.77689009218804,114.65199800321858,115.70559692382812,115.70559692382812,192059000
03/01/2013,115.65011166253893,115.95113118987209,115.13518852697835,115.44413757324219,115.44413757324219,144761800
04/01/2013,115.63424441794226,116.14123794559214,115.39658855767657,115.95111083984375,115.95111083984375,116817700
07/01/2013,115.53922743077138,115.74518946847434,115.20650185709853,115.63428497314453,115.63428497314453,110002500
08/01/2013,115.42831088329424,115.58674413326823,114.85001199375007,115.30155944824219,115.30155944824219,121265100
09/01/2013,115.55510757903288,115.91159767799805,115.37290985552475,115.59471893310547,115.59471893310547,90745600
10/01/2013,116.23632831774066,116.52151301315298,115.63427711084022,116.51359558105469,116.51359558105469,130735400
11/01/2013,116.48190742609226,116.56904753420456,116.14127651381533,116.50568389892578,116.50568389892578,113917300
14/01/2013,116.36307691843082,116.50567530649923,115.99866956019582,116.42645263671875,116.42645263671875,89567200
15/01/2013,115.8877736219675,116.61658839218842,115.8164804665165,116.50568389892578,116.50568389892578,93172600
16/01/2013,116.26799819915641,116.6720047309836,116.14124678567647,116.48980712890625,116.48980712890625,104849500
17/01/2013,117.0047604175791,117.57512989672172,116.56905983105567,117.24241638183594,117.24241638183594,133833500
18/01/2013,117.21863762205521,117.63057377041412,116.79085452130631,117.50382232666016,117.50382232666016,169906000
22/01/2013,117.50380531466952,118.1375503540039,117.22653808256035,118.1375503540039,118.1375503540039,111797300
23/01/2013,118.13756741723442,118.43066955409235,117.92367586693332,118.32768249511719,118.32768249511719,104596100
24/01/2013,118.15343134895595,118.93769250120803,118.04252683034629,118.35940551757812,118.35940551757812,146426400
25/01/2013,118.73170102522172,119.02480316162108,118.32768230998698,119.0248031616211,119.0248031616211,147211600
28/01/2013,119.05653137673418,119.0882252938053,118.43863295841187,118.88226318359375,118.88226318359375,113357700
29/01/2013,118.6445634466114,119.50011757702272,118.56534077080762,119.34960174560547,119.34960174560547,105694400
30/01/2013,119.3337987565119,119.57145478379456,118.77134656153252,118.88226318359375,118.88226318359375,137447700
31/01/2013,118.73962716737603,119.12779895872428,118.50990073588183,118.589111328125,118.589111328125,108975800
01/02/2013,119.34167992475231,119.95166072228137,119.13571787713134,119.80907440185547,119.80907440185547,131173000
04/02/2013,119.08023618389409,119.83280307757884,118.37518596184033,118.46232604980469,118.46232604980469,159073600
05/02/2013,119.10401640649772,119.99916969718797,119.05647555318215,119.65853881835938,119.65853881835938,113912400
06/02/2013,119.23871849279179,119.82492288250425,119.15157836895813,119.74571228027344,119.74571228027344,138762800
07/02/2013,119.78529434455386,119.89619883071548,118.71584873053067,119.58724975585938,119.58724975585938,162490000
08/02/2013,119.79318261545609,120.3239405334338,119.79318261545609,120.25264739990234,120.25264739990234,103133700
11/02/2013,120.20514796987418,120.3318873200678,119.92788071048061,120.22891235351562,120.22891235351562,73775000
12/02/2013,120.23685949055009,120.64879572157672,120.10219058741714,120.42698669433594,120.42698669433594,65392700
13/02/2013,120.67253614057549,120.89434512375591,120.18930683700033,120.52993774414062,120.52993774414062,82322600
14/02/2013,120.16548565840345,120.78338354632376,120.03081684566978,120.64078521728516,120.64078521728516,80834300
15/02/2013,120.75171308078303,120.87846448947725,120.05460450832406,120.49822235107422,120.49822235107422,215226500
19/02/2013,120.70419307108392,121.42507816163055,120.53784241183808,121.40131378173828,121.40131378173828,95105400
20/02/2013,121.31414463106891,121.35375595062696,119.8248460469653,119.88822174072266,119.88822174072266,160574800
21/02/2013,119.58732160674755,119.95171709978068,118.77929581484199,119.15953826904297,119.15953826904297,183257000
22/02/2013,119.73776584418223,120.32398223876952,119.21493726272186,120.32398223876953,120.32398223876953,106356600
25/02/2013,120.91021119557547,121.09240887035232,118.03459930419922,118.03459930419922,118.03459930419922,245824800
26/02/2013,118.60494965600681,118.98519189909862,117.82068869742717,118.84260559082031,118.84260559082031,186596200
27/02/2013,118.7395870345003,120.6725037296468,118.63660000294061,120.33979034423828,120.33979034423828,150781900
28/02/2013,120.33187634685811,121.10029024834577,119.94371672432275,120.1021499633789,120.1021499633789,126866000
01/03/2013,119.69019723024807,120.6804199462724,119.15152187481708,120.49822235107422,120.49822235107422,170634800
04/03/2013,120.22095536561088,121.13988494873047,120.03084033991695,121.13988494873047,121.13988494873047,99010200
05/03/2013,121.72614027722646,122.55000052464356,121.71029332409819,122.22520446777344,122.22520446777344,121431900
06/03/2013,122.66087058710211,122.72424629414047,122.12219520879631,122.39153289794922,122.39153289794922,94469900
07/03/2013,122.55001233058854,122.77182134501834,122.40742600174855,122.61338806152344,122.61338806152344,86101400
08/03/2013,123.15203164136439,123.30253534980814,122.51828664658511,123.13618469238281,123.13618469238281,123477800
11/03/2013,123.04116722644555,123.61152461096228,122.89065138132523,123.60360717773438,123.60360717773438,83746800
12/03/2013,123.5164287022897,123.65902706989685,122.9539889256719,123.32630157470703,123.32630157470703,105755800
13/03/2013,123.38968298908125,123.67486764980109,122.96982947297721,123.5005874633789,123.5005874633789,92550900
14/03/2013,123.82538289209647,124.21355459421378,123.50851642059574,124.15809631347656,124.15809631347656,126329900
15/03/2013,124.010080942442,124.16125402535312,123.58039534255249,123.9941635131836,123.9941635131836,138601100
18/03/2013,122.80853401464782,123.84294811850347,122.69713631985955,123.30982971191406,123.30982971191406,126704300
19/03/2013,123.57247360303398,123.73956415699139,122.21181838501742,123.0234375,123.0234375,167567300
20/03/2013,123.74749130645698,124.0896370976496,123.54060116160522,123.88275909423828,123.88275909423828,113759300
21/03/2013,123.14281507092737,123.84303659064902,122.61766107258292,122.82453918457031,122.82453918457031,128605000
22/03/2013,123.21442666224998,123.81120300292969,123.11893419155813,123.81120300292969,123.81120300292969,111163600
25/03/2013,124.1374176883755,124.34430790063709,122.81656209555128,123.29397583007812,123.29397583007812,151322300
26/03/2013,123.80323661367245,124.31248526547641,123.66796876850765,124.2806625366211,124.2806625366211,86856600
27/03/2013,123.54065357019526,124.32045005377441,123.33377547902182,124.2806625366211,124.2806625366211,99950600
28/03/2013,124.20105875768347,124.80579973898547,123.9305231299656,124.66256713867188,124.66256713867188,102932800
01/04/2013,124.59894702373188,124.85357743799858,123.86690279488475,124.16927337646484,124.16927337646484,99194100
02/04/2013,124.61487205525225,125.09229804037818,124.42389923291245,124.78197479248047,124.78197479248047,101504300
03/04/2013,124.85354684423037,124.94902715546094,123.19053333593288,123.51676177978516,123.51676177978516,154167400
04/04/2013,123.67589314788107,124.26471669940958,123.40535751938532,124.01805114746094,124.01805114746094,131885000
05/04/2013,122.4983007395319,123.6122906449584,122.35508023049753,123.46110534667969,123.46110534667969,159666000
08/04/2013,123.54857035458284,124.30448432100859,123.13480219155704,124.2965316772461,124.2965316772461,86571200
09/04/2013,124.52731663948802,125.17979786447005,124.11354835392488,124.72624206542969,124.72624206542969,101922200
10/04/2013,125.06043759600658,126.41312808869534,125.02861486951335,126.25399017333984,126.25399017333984,135711100
11/04/2013,126.27780368301093,127.08146982890956,126.15048855118393,126.6677017211914,126.6677017211914,110142500
12/04/2013,126.2619217991343,126.54837485566249,125.65719296488261,126.35741424560547,126.35741424560547,116359900
15/04/2013,125.72084648508785,125.82429157315356,123.41331681757137,123.4292221069336,123.4292221069336,217259000
16/04/2013,124.36017937431654,125.31503086659706,124.05782106710606,125.25137329101562,125.25137329101562,147507800
17/04/2013,124.36016356245784,124.38404577402531,122.76080815668897,123.4212417602539,123.4212417602539,226834800
18/04/2013,123.62819260337429,123.66002747659837,122.1800215492924,122.64948272705078,122.64948272705078,167583200
19/04/2013,122.93588364221063,123.77137265835862,122.63351318229536,123.71566772460938,123.71566772460938,149687600
22/04/2013,123.9544167955156,124.55914575045743,123.1348449699392,124.26473999023438,124.26473999023438,106553500
23/04/2013,124.88535787178108,125.66514200383743,124.26471162401998,125.54579162597656,125.54579162597656,166141300
24/04/2013,125.58556345068227,125.95954410987083,125.35480322704296,125.62535095214844,125.62535095214844,96781200
25/04/2013,125.99138044463724,126.7313891992853,125.8004198432639,126.13461303710938,126.13461303710938,131060600
26/04/2013,125.98342205086038,126.19826485904325,125.50599628632992,125.91181182861328,125.91181182861328,95918800
29/04/2013,126.25395320248931,127.03373725839896,126.05502783118494,126.7552490234375,126.7552490234375,88572800
30/04/2013,126.73144965919519,127.08951309903404,126.20628347199266,127.05767822265625,127.05767822265625,116010700
01/05/2013,126.77916912704278,126.84282672795406,125.80045931360435,125.94367980957031,125.94367980957031,138874200
02/05/2013,126.26191293211808,127.224717125497,126.14256255921408,127.11331939697266,127.11331939697266,96407600
03/05/2013,128.21939675764233,128.8082205027722,127.13724174641112,128.40240478515625,128.40240478515625,144202300
06/05/2013,128.4978742814895,128.91163043130516,128.44216933356546,128.72862243652344,128.72862243652344,66882100
07/05/2013,129.0070466654225,129.42080257075762,128.64101875069343,129.3810272216797,129.3810272216797,90359200
08/05/2013,129.2379262697616,130.0097582341507,129.16631599878525,129.969970703125,129.969970703125,97419200
09/05/2013,129.91422027281934,130.25636617675355,129.27765648299084,129.60389709472656,129.60389709472656,106738600
10/05/2013,129.69142624519347,130.13701726071676,129.30948068207815,130.02561950683594,130.02561950683594,103203000
13/05/2013,129.85847747566933,130.3438558580268,129.55611917324924,130.12901306152344,130.12901306152344,81843200
14/05/2013,130.23249272020504,131.56927785832775,130.23249272020504,131.47378540039062,131.47378540039062,119000900
15/05/2013,131.25895632525717,132.44454407464497,131.21916881240753,132.1819610595703,132.1819610595703,120718500
16/05/2013,131.9114357875824,132.37294426180858,131.36239963477118,131.5613250732422,131.5613250732422,109913600
17/05/2013,132.04667792595225,132.91398975491722,131.87162260285658,132.8344268798828,132.8344268798828,129801000
20/05/2013,132.70715714422508,133.34372106965102,132.5718892830572,132.82650756835938,132.82650756835938,85071200
21/05/2013,132.94592206617935,133.51882860871063,132.48441334350403,133.0175323486328,133.0175323486328,95804200
22/05/2013,133.15271928614405,134.52929196611092,131.4260480577212,132.03077697753906,132.03077697753906,244031800
23/05/2013,130.62239959248325,132.01487762725077,130.447344239654,131.6488494873047,131.6488494873047,211064400
24/05/2013,130.8691496469925,131.59324160632855,130.47925117470706,131.53753662109375,131.53753662109375,151573900
28/05/2013,132.9139608206911,133.50278424668957,131.93525146658027,132.3251495361328,132.3251495361328,143679800
29/05/2013,131.62495820540883,131.92732870094565,130.76559901396962,131.4658203125,131.4658203125,160363400
30/05/2013,131.5692842254678,132.5559465874949,131.46583911663154,131.9512176513672,131.9512176513672,107793800
31/05/2013,131.58521069047038,132.33317237006253,129.80284632185587,130.05746459960938,130.05746459960938,176850100
03/06/2013,130.35980655948987,130.86110249879934,129.42883705894656,130.77357482910156,130.77357482910156,168390700
04/06/2013,130.84513380297486,131.37029961541108,129.48447913283363,130.14491271972656,130.14491271972656,157631500
05/06/2013,129.77095484162413,130.03353779384105,128.21138669938227,128.32278442382812,128.32278442382812,211737800
06/06/2013,128.26707479011318,129.49246185555046,127.5111608204021,129.4844970703125,129.4844970703125,200225500
07/06/2013,130.37572341544052,131.25098796709995,129.8107698878113,131.1316375732422,131.1316375732422,188337800
10/06/2013,131.5374410538025,131.60905129011715,130.78947954177673,131.1316375732422,131.1316375732422,105667100
11/06/2013,129.93809910445526,130.9247615107732,129.49250806399615,129.77896118164062,129.77896118164062,159505400
12/06/2013,130.67008001137083,130.8053477873588,128.5853463062956,128.70469665527344,128.70469665527344,177361500
13/06/2013,128.63312881906873,130.8929185413375,128.34667574572174,130.66217041015625,130.66217041015625,163587800
14/06/2013,130.5189722724086,131.02822096602273,129.62779009394555,129.84262084960938,129.84262084960938,141197500
17/06/2013,130.72583703588583,131.46584598752648,129.87444246475428,130.84519958496094,130.84519958496094,136295600
18/06/2013,130.91680372567353,132.0785335853687,130.9088510793508,131.87960815429688,131.87960815429688,114695600
19/06/2013,131.768230857313,131.99897905094733,130.0017717838135,130.05746459960938,130.05746459960938,206149500
20/06/2013,128.79223929088482,130.07331913201273,126.50061519211177,126.83480834960938,126.83480834960938,321255900
21/06/2013,127.69792490553506,127.7939104199564,125.96211768752842,127.24198150634766,127.24198150634766,271956800
24/06/2013,125.91417518619379,126.73007679579644,124.5703164194933,125.63420104980469,125.63420104980469,222329000
25/06/2013,126.77005491549346,128.0659207021085,125.9221501178164,126.84205627441406,126.84205627441406,162262200
26/06/2013,127.88196644368519,128.38591506283746,127.38602475860975,128.0979461669922,128.0979461669922,134848000
27/06/2013,128.86585517658216,129.4417929141293,128.74586102794007,128.849853515625,128.849853515625,129483700
28/06/2013,128.48990160668265,129.10582521744956,127.87396579022413,128.32191467285156,128.32191467285156,160402900
01/07/2013,128.99376492873316,129.96965824410515,128.84978667188386,129.07376098632812,129.07376098632812,131954800
02/07/2013,128.88182554349913,129.82572810911566,128.38588397849932,128.95382690429688,128.95382690429688,154863700
03/07/2013,128.36990970154008,129.40180330095782,128.16193691830242,129.0098419189453,129.0098419189453,75216400
05/07/2013,129.96168785791218,130.4496346069736,129.0257923960771,130.40164184570312,130.40164184570312,122416900
08/07/2013,131.07353394639208,131.49748617836423,130.4496037859167,131.14552307128906,131.14552307128906,108092500
09/07/2013,131.9694529211857,132.2494269495298,131.40152234577147,132.08944702148438,132.08944702148438,119298000
10/07/2013,131.9614543356792,132.58538458078098,131.68948724539092,132.13743591308594,132.13743591308594,121410100
11/07/2013,133.67329868582414,134.07325469742605,132.1294621340825,133.93727111816406,133.93727111816406,135592200
12/07/2013,133.89728532827615,134.3292324898289,133.68931257726035,133.99327087402344,133.99327087402344,104212700
15/07/2013,134.36120969764048,134.6971712481565,134.12922839958026,134.50518798828125,134.50518798828125,69450600
16/07/2013,134.59317824295937,134.67317431900415,133.64129328987667,134.00125122070312,134.00125122070312,88702100
17/07/2013,134.5132170082266,134.76918252440572,134.16924847017674,134.34523010253906,134.34523010253906,92873900
18/07/2013,134.63322785401908,135.40114897887366,134.5452370189388,135.0811767578125,135.0811767578125,103620100
19/07/2013,134.8011680608935,135.3690987221285,134.6331811773651,135.32110595703125,135.32110595703125,103831700
22/07/2013,135.51307860701718,135.77705100006054,135.19310652195534,135.58506774902344,135.58506774902344,79428600
23/07/2013,135.82504868706852,135.8490450686075,135.22511473721897,135.29710388183594,135.29710388183594,80829700
24/07/2013,135.8170882105456,135.8730879237488,134.5292290694792,134.80120849609375,134.80120849609375,112914000
25/07/2013,134.56121961297177,135.24914453365335,134.3372451928141,135.129150390625,135.129150390625,111088600
26/07/2013,134.5612262397982,135.31314563265374,134.00129016182845,135.2731475830078,135.2731475830078,107814600
29/07/2013,134.929151626928,135.23312209573476,134.47320812940643,134.85716247558594,134.85716247558594,79695000
30/07/2013,135.26512541123475,135.40910371391882,134.53720255471777,134.85716247558594,134.85716247558594,85209600
31/07/2013,135.1371165757964,135.86503932466417,134.7771586666301,134.95314025878906,134.95314025878906,142388700
01/08/2013,135.97706085156668,136.632982419751,135.90505948699496,136.51300048828125,136.51300048828125,110438400
02/08/2013,136.2090249825881,136.7609662584473,136.02504862586483,136.74496459960938,136.74496459960938,91116700
05/08/2013,136.44100264473096,136.75296785238507,136.26502101931692,136.54498291015625,136.54498291015625,54072700
06/08/2013,136.281001411337,136.57697714659477,135.46509997214196,135.76905822753906,135.76905822753906,87495000
07/08/2013,135.33704745509277,135.52901843014857,134.82510451213975,135.32904052734375,135.32904052734375,84854700
08/08/2013,135.9690057325591,136.12898565305295,135.12909589285945,135.8250274658203,135.8250274658203,102181300
09/08/2013,135.64911570327564,136.0650734751804,134.96119070599508,135.43313598632812,135.43313598632812,91757700
12/08/2013,134.753209554684,135.43312757590044,134.68921511638874,135.2731475830078,135.2731475830078,68593300
13/08/2013,135.51313096042085,135.90508013322545,134.71321874726308,135.67311096191406,135.67311096191406,80806000
14/08/2013,135.60911337357896,135.82509308371377,134.94518478738047,134.97718811035156,134.97718811035156,79829200
15/08/2013,133.91330986873078,133.92929932529407,132.85741986233742,133.0894012451172,133.0894012451172,152931800
16/08/2013,132.83340569267855,133.28936146323693,132.38545685502217,132.64942932128906,132.64942932128906,130868200
19/08/2013,132.49740258021797,132.9533582080191,131.79347622390182,131.80148315429688,131.80148315429688,96437600
20/08/2013,132.01748826053245,132.9453892304458,131.873509940558,132.44944763183594,132.44944763183594,89294400
21/08/2013,132.08147847406084,132.80940139473992,131.33756609991102,131.63352966308594,131.63352966308594,159530500
22/08/2013,131.9054732491215,133.0253572819576,131.89747852381598,132.8333740234375,132.8333740234375,101471400
23/08/2013,133.22532355156542,133.44929789730156,132.60139327334525,133.28131103515625,133.28131103515625,90888900
26/08/2013,133.4173408714586,133.82530387575844,132.69742482551513,132.78541564941406,132.78541564941406,89702100
27/08/2013,131.47355141944533,132.78540675700987,130.55365739948897,130.64964294433594,130.64964294433594,158619400
28/08/2013,130.59363627232278,131.5775368772733,130.4256615778019,131.11358642578125,131.11358642578125,108113000
29/08/2013,130.82560693949227,132.01746797959473,130.70561281892404,131.32154846191406,131.32154846191406,119200500
30/08/2013,131.5935340190338,131.6095356784862,130.52165474383108,130.90560913085938,130.90560913085938,134928900
03/09/2013,132.1694972109413,132.44947137978835,130.94563244896142,131.49757385253906,131.49757385253906,142375100
04/09/2013,131.52946841592026,132.80933195439644,131.28950468242886,132.58535766601562,132.58535766601562,97389400
05/09/2013,132.66542714920274,133.1053690412489,132.56942939698482,132.75341796875,132.75341796875,63090500
06/09/2013,133.19329652217027,133.56925600820776,131.56947670191659,132.8173370361328,132.8173370361328,159756500
09/09/2013,133.1453916312095,134.16927833521433,133.1453916312095,134.08929443359375,134.08929443359375,87559300
10/09/2013,134.89720035925995,135.10517314868056,134.59322980067492,135.0811767578125,135.0811767578125,105847200
11/09/2013,134.89715248104827,135.5050811767578,134.66518338309095,135.5050811767578,135.5050811767578,94545900
12/09/2013,135.45712211422267,135.633103765708,134.96118048132269,135.14515686035156,135.14515686035156,83209000
13/09/2013,135.28910148448165,135.5530738721284,134.97713633647854,135.44908142089844,135.44908142089844,72727800
16/09/2013,136.9129930858301,136.97698753492853,136.017083004145,136.23306274414062,136.23306274414062,106299200
17/09/2013,136.35304122094166,136.87297927720059,136.35304122094166,136.8409881591797,136.8409881591797,82523300
18/09/2013,136.7929619321282,138.80074908695843,136.44900559262382,138.42478942871094,138.42478942871094,203460600
19/09/2013,138.80079704423218,138.86479149813937,138.05687219754344,138.19285583496094,138.19285583496094,146616900
20/09/2013,138.52079062256598,138.52079062256598,137.11412097123537,137.22665405273438,137.22665405273438,132867100
23/09/2013,137.04183483179577,137.17043535755332,136.1576372255144,136.59169006347656,136.59169006347656,104616500
24/09/2013,136.567547885843,137.07395297761852,136.01292833912245,136.2701416015625,136.2701416015625,106333100
25/09/2013,136.35851226123285,136.63180508707487,135.75565394618994,135.876220703125,135.876220703125,117306500
26/09/2013,136.10130596595192,136.78453806506747,135.88427352732253,136.39871215820312,136.39871215820312,77146900
27/09/2013,135.71542534944464,135.95657106526167,135.41801925020602,135.77169799804688,135.77169799804688,99141800
30/09/2013,134.62229039022063,135.47432826212312,134.35703123412523,135.04830932617188,135.04830932617188,143937000
01/10/2013,135.1527997252179,136.24598332688464,135.01615330815758,136.11737060546875,136.11737060546875,127160000
02/10/2013,135.3215107577683,136.11727535113985,134.90352583826294,135.98866271972656,135.98866271972656,113350000
03/10/2013,135.6752596886019,135.7958387033951,134.10783061775498,134.73480224609375,134.73480224609375,176698000
04/10/2013,134.8393319705919,135.89232270492207,134.66249252121887,135.75567626953125,135.75567626953125,96878000
07/10/2013,134.57404333140406,135.401967724382,134.43739692593212,134.5820770263672,134.5820770263672,96295000
08/10/2013,134.55794873793147,134.73478812895294,132.91817978912897,133.01463317871094,133.01463317871094,178015000
09/10/2013,133.27187425857335,133.59339377181377,132.25103079300098,133.11111450195312,133.11111450195312,168973000
10/10/2013,134.46954420250222,136.0530529409671,134.42131750227415,135.980712890625,135.980712890625,195955000
11/10/2013,135.77173493993493,136.9051115270269,135.65920187729213,136.85687255859375,136.85687255859375,105040000
14/10/2013,136.01288311642134,137.516005965015,135.90838374741864,137.40347290039062,137.40347290039062,112106000
15/10/2013,137.05783862742908,137.57227728729643,136.22188040458903,136.40675354003906,136.40675354003906,155485000
16/10/2013,137.22661779913605,138.38410762600887,137.16231144595614,138.311767578125,138.311767578125,161676000
17/10/2013,137.74907463967065,139.3165157595174,137.72496129307436,139.2361297607422,139.2361297607422,129389000
18/10/2013,139.75061678416625,140.27308916206078,139.46927795595496,140.1766357421875,140.1766357421875,138316000
21/10/2013,140.22485487640535,140.4660006782462,139.87117600239677,140.18466186523438,140.18466186523438,104104000
22/10/2013,140.5946154090336,141.41449397570304,140.2087772145225,140.99652099609375,140.99652099609375,126663000
23/10/2013,140.514256967593,140.57856334596778,139.8310246945877,140.32135009765625,140.32135009765625,105484000
24/10/2013,140.60264822766283,140.96436080072215,140.27308270468623,140.7875213623047,140.7875213623047,70350000
25/10/2013,141.07686319227096,141.47073499493845,140.80357039785633,141.4305419921875,141.4305419921875,93625000
28/10/2013,141.38236202248737,141.84857402508237,141.2296359206665,141.65565490722656,141.65565490722656,84979000
29/10/2013,141.97717172753073,142.46749703475837,141.77621893383392,142.41122436523438,142.41122436523438,87401000
30/10/2013,142.5800055140093,142.68449260838202,141.19744955064704,141.70384216308594,141.70384216308594,140002000
31/10/2013,141.5913133903343,142.1861379905255,141.09295445772054,141.30194091796875,141.30194091796875,133795000
01/11/2013,141.4868308159703,141.96107641314663,140.84377949402446,141.63955688476562,141.63955688476562,142805000
04/11/2013,142.02539112626462,142.19418459577932,141.45467982485582,142.13792419433594,142.13792419433594,85677000
05/11/2013,141.58332104133785,142.07364642200147,141.12515498098594,141.6878204345703,141.6878204345703,85825000
06/11/2013,142.29869129137157,142.6764835247364,141.90481940025916,142.41122436523438,142.41122436523438,87348000
07/11/2013,142.67650340904373,142.78903649858987,140.4740560677129,140.61070251464844,140.61070251464844,157000000
08/11/2013,140.56249878689044,142.52380060988378,140.54643138946116,142.50772094726562,142.50772094726562,136713000
11/11/2013,142.37099679075237,142.7005622360526,142.2022033535279,142.53176879882812,142.53176879882812,62614000
12/11/2013,142.2263519827922,142.5639512061692,141.7681737234472,142.242431640625,142.242431640625,83990000
13/11/2013,141.54307033703523,143.42398505752234,141.54307033703523,143.38380432128906,143.38380432128906,103844000
14/11/2013,143.5123913464666,144.2197488567057,143.27929158432732,144.09918212890625,144.09918212890625,103435000
15/11/2013,144.33230920296162,144.78244142549903,144.14743609695876,144.72618103027344,144.72618103027344,102818000
18/11/2013,144.96735364424748,145.08792041719036,143.89828328514068,144.2198028564453,144.2198028564453,104796000
19/11/2013,144.1474568362629,144.58150946610692,143.65713153791387,143.90631103515625,143.90631103515625,93891000
20/11/2013,144.1956968805923,144.62974955058328,143.06232009619066,143.45619201660156,143.45619201660156,124909000
21/11/2013,143.85804794021962,144.7261652455092,143.76962824435174,144.61363220214844,144.61363220214844,92841000
22/11/2013,144.669902040752,145.35314630483012,144.50110859727653,145.33706665039062,145.33706665039062,81296000
25/11/2013,145.59428830684658,145.6264353497141,144.9833841057231,145.1923828125,145.1923828125,79486000
26/11/2013,145.26470324902124,145.6666086891159,145.01552383859146,145.2325439453125,145.2325439453125,86994000
27/11/2013,145.38530516588185,145.68272360386567,145.2084657482213,145.5862579345703,145.5862579345703,58800000
29/11/2013,145.7470631362428,146.09269608977093,145.3290778479786,145.48983764648438,145.48983764648438,55870900
02/12/2013,145.5621623235885,145.83545517866767,144.88696388215106,145.11203002929688,145.11203002929688,99726000
03/12/2013,144.63778773429433,144.99950031736563,144.01884968270144,144.4850616455078,144.4850616455078,116563000
04/12/2013,143.9626013878,145.07185258485333,143.35974294357166,144.468994140625,144.468994140625,123033000
05/12/2013,144.21176133785423,144.4770204891262,143.69732269255897,143.83396911621094,143.83396911621094,106934000
06/12/2013,145.22451120577446,145.5781899578095,144.80652611108022,145.44154357910156,145.44154357910156,127728000
09/12/2013,145.8675824714785,146.02834221769288,145.61840302506886,145.81130981445312,145.81130981445312,70124000
10/12/2013,145.47372198622432,145.77917411342457,145.20042916987848,145.28884887695312,145.28884887695312,80976000
11/12/2013,145.3450816407873,145.36919498471727,143.48023460900293,143.65707397460938,143.65707397460938,130591000
12/12/2013,143.59284644146203,143.7696859041204,142.88548859082852,143.1829071044922,143.1829071044922,115565000
13/12/2013,143.4802490735368,143.608861764249,142.89347053678654,143.16676330566406,143.16676330566406,107808000
16/12/2013,143.8419885728678,144.53326658391256,143.80179556631728,144.05902099609375,144.05902099609375,96195000
17/12/2013,144.1876362595194,144.21174961083918,143.27932580919415,143.60084533691406,143.60084533691406,89886000
18/12/2013,143.81786606492324,146.07657306615513,142.53177579347852,146.05245971679688,146.05245971679688,234906000
19/12/2013,145.63449050500734,146.0524757149736,145.2567105686192,145.88368225097656,145.88368225097656,136531200
20/12/2013,146.02917608144992,147.07980628780638,145.93219900546381,146.73228454589844,146.73228454589844,197087000
23/12/2013,147.45148833565517,147.60504351921983,147.14439030029453,147.51614379882812,147.51614379882812,85598000
24/12/2013,147.52425926434861,147.9041025013804,147.51618195377606,147.83944702148438,147.83944702148438,45368800
26/12/2013,148.170794760669,148.67187162334656,148.1546401402839,148.59104919433594,148.59104919433594,63365000
27/12/2013,148.78503632257278,148.84967947664833,148.42943731629225,148.58299255371094,148.58299255371094,61814000
30/12/2013,148.59911469983726,148.7203483337224,148.36474940515842,148.5587158203125,148.5587158203125,56857000
31/12/2013,148.760776272867,149.2618408203125,148.6476199358085,149.2618408203125,149.2618408203125,86119900
02/01/2014,148.68808472308427,148.7608298705132,147.4758218017669,147.8314208984375,147.8314208984375,119636900
03/01/2014,148.0819054534093,148.3809385963976,147.59700784049974,147.80712890625,147.80712890625,81390600
06/01/2014,148.29197975811906,148.34854557445348,147.15245047444813,147.3787384033203,147.3787384033203,108028200
07/01/2014,147.96873258504658,148.5344525223262,147.85558859759067,148.28392028808594,148.28392028808594,86144200
08/01/2014,148.2596907556656,148.56680118002456,147.8071147608867,148.31626892089844,148.31626892089844,96582300
09/01/2014,148.79309701375345,148.809263966353,147.73438975625828,148.4132537841797,148.4132537841797,90683400
10/01/2014,148.66376657719735,148.88197724749855,147.90408021759097,148.81732177734375,148.81732177734375,102026400
13/01/2014,148.43744748735375,148.84961214996602,146.5543989334768,146.83726501464844,146.83726501464844,149892000
14/01/2014,147.32222970376193,148.51833769938668,147.04745313656696,148.43751525878906,148.43751525878906,105016100
15/01/2014,148.78503380178216,149.4638978940308,148.46984602096867,149.23760986328125,149.23760986328125,98525800
16/01/2014,148.93048087662248,149.23759130807258,148.56680461040443,149.0436248779297,149.0436248779297,72290600
17/01/2014,148.7850197033395,149.06787354908758,148.15464420144508,148.4132537841797,148.4132537841797,107848700
21/01/2014,149.26987897107765,149.3264571247641,147.93639552061362,148.84962463378906,148.84962463378906,88621200
22/01/2014,149.10022577135757,149.1648812579271,148.63148274255832,148.94667053222656,148.94667053222656,61270900
23/01/2014,148.19507669568804,148.2193209642001,146.9424150499832,147.72633361816406,147.72633361816406,132496900
24/01/2014,146.76465411661025,146.81314266638392,144.52600485842945,144.57449340820312,144.57449340820312,208677100
27/01/2014,144.7117910405496,145.08355690876155,143.14392981109177,143.8632049560547,143.8632049560547,180843100
28/01/2014,143.96831565123787,144.90580175180682,143.9521486959112,144.7199249267578,144.7199249267578,110463200
29/01/2014,143.5157413292985,144.29967219338292,142.95002120361227,143.32986450195312,143.32986450195312,216597300
30/01/2014,144.52594755498018,145.31795566140642,144.06528185122528,144.84921264648438,144.84921264648438,118938100
31/01/2014,143.05507743289996,144.89771576994954,142.9823446297524,144.00064086914062,144.00064086914062,194677900
03/02/2014,143.8308938732055,144.15415891383347,140.48505014244537,140.75982666015625,140.75982666015625,254837100
04/02/2014,141.39022010282054,142.10949539169636,140.71135603210521,141.74581909179688,141.74581909179688,165012400
05/02/2014,141.25288157618184,141.8832573398338,140.38814039549078,141.5680694580078,141.5680694580078,164230500
06/02/2014,141.89934813572768,143.43487548828125,141.60840468314413,143.43487548828125,143.43487548828125,132877600
07/02/2014,144.105664440629,145.36641531149948,143.63692151883376,145.21286010742188,145.21286010742188,170787200
10/02/2014,145.22902098722184,145.52805407331402,144.8330231951235,145.47955322265625,145.47955322265625,92218800
11/02/2014,145.60079856990993,147.44343642657122,145.50380919255824,147.07167053222656,147.07167053222656,117814100
12/02/2014,147.2898747416641,147.75861766098362,146.85346572396404,147.1444091796875,147.1444091796875,94717700
13/02/2014,146.15039044133337,148.0576842791424,146.14231312931213,147.9041290283203,147.9041290283203,100542200
14/02/2014,147.76675999888067,148.99518983384377,147.6293716859627,148.7204132080078,148.7204132080078,96498400
18/02/2014,148.84967723809916,149.10022186640924,148.42134544109558,148.89817810058594,148.89817810058594,80460900
19/02/2014,148.51024257168766,149.47197285312586,147.7909672713152,147.91220092773438,147.91220092773438,126524300
20/02/2014,148.11421701692268,149.12443563947429,147.57274131504744,148.78500366210938,148.78500366210938,104998100
21/02/2014,149.06788672757,149.4234857255673,148.54257787347478,148.6153106689453,148.6153106689453,118116400
24/02/2014,148.93046684787228,150.44174993692593,148.86581137724832,149.4396209716797,149.4396209716797,114063900
25/02/2014,149.56091722616122,149.98924914341032,148.89013025550523,149.38311767578125,149.38311767578125,117085000
26/02/2014,149.6012801257392,149.99729032942503,148.97090458960082,149.3911590576172,149.3911590576172,98677200
27/02/2014,149.1729076261922,150.2154477031331,149.00318549043632,150.175048828125,150.175048828125,93880800
28/02/2014,150.15082887899678,151.24994737999018,149.55278726712885,150.55491638183594,150.55491638183594,150842000
03/03/2014,149.229501345065,149.87604377904566,148.50214881419376,149.49620056152344,149.49620056152344,167748500
04/03/2014,150.95902316151282,151.92075351416247,150.926701583138,151.5974884033203,151.5974884033203,167545900
05/03/2014,151.72681648626715,151.99351578207808,151.49243877247503,151.73489379882812,151.73489379882812,88376900
06/03/2014,152.10660827758403,152.42987331533766,151.75908664681666,152.0823516845703,152.0823516845703,82516500
07/03/2014,152.71276610378933,152.71276610378933,151.47624690590666,152.14703369140625,152.14703369140625,114513500
10/03/2014,151.91268315252438,152.1228042510075,151.1934077659862,152.0662384033203,152.0662384033203,74939200
11/03/2014,152.2925489863817,152.51075976093884,150.96714204438524,151.3146514892578,151.3146514892578,99009100
12/03/2014,150.57920026365733,151.41161968380678,150.23975584780248,151.35504150390625,151.35504150390625,104824400
13/03/2014,151.80756984304514,151.92880347677726,149.23757958729226,149.65782165527344,149.65782165527344,155014300
14/03/2014,149.39116509809833,150.1589289404109,149.05981036315336,149.23760986328125,149.23760986328125,153919600
17/03/2014,149.98921101252145,150.9428640250065,149.9245555259315,150.58726501464844,150.58726501464844,98359500
18/03/2014,150.8943456626554,151.86415310623653,150.73270081224965,151.662109375,151.662109375,101804600
19/03/2014,151.6782110930018,151.88834439253174,149.89215203759605,150.8538818359375,150.8538818359375,176267300
20/03/2014,150.52263099883749,151.84803783355625,150.25593170302656,151.73489379882812,151.73489379882812,117241000
21/03/2014,152.37206992232737,153.43544977665977,151.00833715731488,151.14633178710938,151.14633178710938,163128000
24/03/2014,151.66589112178235,151.85260072300804,149.863822667336,150.52133178710938,150.52133178710938,121411000
25/03/2014,151.28432875124116,151.74702756374853,150.3914201235818,151.23562622070312,151.23562622070312,103852000
26/03/2014,151.82821820001527,152.07174327720705,150.10732912393993,150.14791870117188,150.14791870117188,119843000
27/03/2014,149.96932398968804,150.44824876343554,149.27933838356438,149.83132934570312,149.83132934570312,142383000
28/03/2014,150.26155667060135,151.32493667027694,150.17226455838892,150.5700225830078,150.5700225830078,101642000
31/03/2014,151.5278894553723,152.0392909187867,150.59439103714698,151.8038787841797,151.8038787841797,99745000
01/04/2014,152.2989929880635,152.89968638081265,151.79571703420692,152.81039428710938,152.81039428710938,89193000
02/04/2014,153.00524425580738,153.5247586071414,152.72112961949384,153.3218231201172,153.3218231201172,78774000
03/04/2014,153.55724701422892,153.59783659526482,152.64809985279007,153.11891174316406,153.11891174316406,77435000
04/04/2014,153.95498735125653,153.98745158062394,151.0651878757686,151.30870056152344,151.30870056152344,169381000
07/04/2014,150.94339474396224,151.1950327360269,149.32803638734177,149.63648986816406,149.63648986816406,140803000
08/04/2014,149.57157579584833,150.4969611762853,149.0277101446108,150.25344848632812,150.25344848632812,112660000
09/04/2014,150.65931730171053,151.91750746892643,150.22096969373877,151.86880493164062,151.86880493164062,100254000
10/04/2014,151.86066108989175,151.93371488096494,148.4919251069936,148.6786346435547,148.6786346435547,172959000
11/04/2014,147.85066526308356,148.88969387672773,147.17691801754586,147.33926391601562,147.33926391601562,167251000
14/04/2014,148.49190517330706,148.84907350775902,147.2824179516894,148.50003051757812,148.50003051757812,132382000
15/04/2014,148.80850283451122,149.62835753900904,147.33923986972394,149.5228271484375,149.5228271484375,157093000
16/04/2014,150.55375548581534,151.09762101576325,149.8881212518451,151.08950805664062,151.08950805664062,105197000
17/04/2014,150.8866141636987,151.72270747292166,150.62685076585828,151.30059814453125,151.30059814453125,105255000
21/04/2014,151.34116357999335,151.87691621291924,151.15446640895505,151.8282012939453,151.8282012939453,68329000
22/04/2014,151.98245104318767,152.93218769591462,151.90128427498706,152.51820373535156,152.51820373535156,85790000
23/04/2014,152.46140952281195,152.54257630234505,152.0393001561542,152.1610565185547,152.1610565185547,73869000
24/04/2014,152.90780229488436,152.92404059937977,151.738892095159,152.46946716308594,152.46946716308594,88170000
25/04/2014,151.9743172658214,152.06360936895146,150.87846076251643,151.21939086914062,151.21939086914062,100380000
28/04/2014,151.83629783473972,152.35581206278187,150.13976053852986,151.69830322265625,151.69830322265625,135121000
29/04/2014,152.18539770920023,152.63997128031673,151.86070584017443,152.40457153320312,152.40457153320312,84098000
30/04/2014,152.15287373276558,153.0133179954046,151.9418129531927,152.8590850830078,152.8590850830078,101508000
01/05/2014,152.7860435993198,153.28931955507173,152.38828565565322,152.87533569335938,152.87533569335938,93019000
02/05/2014,152.85912445211727,153.53287175620926,152.42890220999334,152.65618896484375,152.65618896484375,98122000
05/05/2014,151.9094268399739,153.05398625459333,151.48731744999037,152.94845581054688,152.94845581054688,75883000
06/05/2014,152.6074370544312,152.7129674372534,151.58464698852217,151.6171112060547,151.6171112060547,85454000
07/05/2014,152.12858156145975,152.58315513065057,150.99213525228194,152.51010131835938,152.51010131835938,106500000
08/05/2014,152.37206567677944,153.4597967656976,151.8606643558742,152.3477020263672,152.3477020263672,93618000
09/05/2014,152.37207673305127,152.63994065885026,151.65773990105828,152.57501220703125,152.57501220703125,83679000
12/05/2014,153.256823768826,154.13350622442206,152.60742798102953,154.06044006347656,154.06044006347656,86940000
13/05/2014,154.2633689802297,154.57183475334372,154.0442076652008,154.1984405517578,154.1984405517578,66454000
14/05/2014,154.06050947892402,154.13357567279115,153.24876747497834,153.4679412841797,153.4679412841797,72367000
15/05/2014,153.15948169801686,153.19195831579083,151.37365169266494,152.12045288085938,152.12045288085938,154956000
16/05/2014,152.20969328387758,152.7129815987667,151.56842274203342,152.64804077148438,152.64804077148438,97458000
19/05/2014,152.35581381135444,153.32990145183842,152.21781919768722,153.20814514160156,153.20814514160156,63839000
20/05/2014,153.1350654129052,153.15130371489806,151.85252443795997,152.24215698242188,152.24215698242188,111644000
21/05/2014,152.6805464171219,153.59781882033832,152.6561951485586,153.52476501464844,153.52476501464844,89093000
22/05/2014,153.5652999716622,154.21469585588756,153.30554904968983,153.8981170654297,153.8981170654297,61549000
23/05/2014,154.0361233373915,154.62057843881334,153.89812871430541,154.5150604248047,154.5150604248047,61092800
27/05/2014,155.09139128377007,155.51350050139808,155.00209918746793,155.4647979736328,155.4647979736328,72010000
28/05/2014,155.4648244097828,155.708349476217,155.0914176564238,155.35118103027344,155.35118103027344,66723000
29/05/2014,155.70836745106047,156.17916694466268,155.31060938376112,156.15481567382812,156.15481567382812,64377000
30/05/2014,156.00868747681875,156.50385056216197,155.87880579202726,156.40643310546875,156.40643310546875,76316000
02/06/2014,156.62562681137751,156.6581034298036,155.83012306674956,156.5850372314453,156.5850372314453,64656000
03/06/2014,156.20349228075082,156.58501197541577,156.05738468000192,156.50384521484375,156.50384521484375,65047000
04/06/2014,156.23597935578314,156.90972668326003,156.07363343756936,156.8204345703125,156.8204345703125,55529000
05/06/2014,156.9990401387674,158.00559240024415,156.4226978066305,157.84324645996094,157.84324645996094,92103000
06/06/2014,158.18413299486167,158.6387064566823,158.11107919982575,158.59812927246094,158.59812927246094,78696000
09/06/2014,158.57380085947904,159.14201776864044,158.42768086215202,158.760498046875,158.760498046875,65119000
10/06/2014,158.5657030372616,158.80922815094604,158.22477283258414,158.77676391601562,158.77676391601562,57129000
11/06/2014,158.20852365344007,158.38710789879352,157.86759347218373,158.22476196289062,158.22476196289062,68772000
12/06/2014,158.03807937509217,158.1273715060288,156.7555253062762,157.1045684814453,157.1045684814453,106350000
13/06/2014,157.4129790778597,157.7376832516662,156.90970309120675,157.5834503173828,157.5834503173828,82017000
16/06/2014,157.38865654179597,158.0461655827497,157.2019593491523,157.71334838867188,157.71334838867188,87424000
17/06/2014,157.49416342062435,158.26531573131825,157.32369217546974,158.15167236328125,158.15167236328125,84834000
18/06/2014,158.15169959540015,159.40177685905795,157.8026440851981,159.31248474121094,159.31248474121094,105267000
19/06/2014,159.45048402888924,159.58849107646066,158.93909496291542,159.49107360839844,159.49107360839844,85929000
20/06/2014,159.88826897277923,159.9453691612935,159.61910903882145,159.8148651123047,159.8148651123047,100587000
23/06/2014,159.8556348869542,159.90457078956075,159.47228705580287,159.7659149169922,159.7659149169922,70611000
24/06/2014,159.48042718071758,160.2715907362299,158.62401161133783,158.80345153808594,158.80345153808594,96237000
25/06/2014,158.46908359033011,159.68437935030542,158.43646379712285,159.52125549316406,159.52125549316406,82782000
26/06/2014,159.5456993369236,159.56201545383763,158.33856804185126,159.40704345703125,159.40704345703125,84312000
27/06/2014,159.0318400031828,159.7659158833713,158.95843614882898,159.71697998046875,159.71697998046875,71445100
30/06/2014,159.61913615022513,160.00248408077223,159.48048024170538,159.6354522705078,159.6354522705078,70201200
01/07/2014,160.02689704543636,161.19325655654282,159.96980931239491,160.70387268066406,160.70387268066406,90470000
02/07/2014,160.72022718161168,161.0709428348352,160.64682331636286,160.86703491210938,160.86703491210938,52475000
03/07/2014,161.32377590831155,161.73159172656415,161.20143614105623,161.65818786621094,161.65818786621094,52938800
07/07/2014,161.3482694902469,161.47876110413068,160.85888549013833,161.0954132080078,161.0954132080078,61696000
08/07/2014,160.80178570562933,160.85888589885965,159.66805813319752,160.0595703125,160.0595703125,108143000
09/07/2014,160.4592173741469,160.92413340692283,160.11665356104706,160.77731323242188,160.77731323242188,72992000
10/07/2014,159.22757948312903,160.56521462058768,159.09707545860897,160.14108276367188,160.14108276367188,99040000
11/07/2014,160.0432323012992,160.47551605028872,159.68435240880592,160.361328125,160.361328125,64243000
14/07/2014,161.17694455938098,161.38085243861477,161.03828869496792,161.16879272460938,161.16879272460938,58658000
15/07/2014,161.2666989210507,161.57664294617058,160.15743932360007,160.86703491210938,160.86703491210938,111307000
16/07/2014,161.58480316066414,161.70714294242205,161.02201527347265,161.46246337890625,161.46246337890625,79986400
17/07/2014,160.9649089498326,161.57663267913946,159.39888525072203,159.6272735595703,159.6272735595703,145398000
18/07/2014,160.1493308007832,161.42171459143066,160.05961079269625,161.2585906982422,161.2585906982422,124330000
21/07/2014,160.75281818800568,161.08723010832705,160.21449838147123,160.95672607421875,160.95672607421875,67592000
22/07/2014,161.50321586398678,161.95181575317483,161.3890279326981,161.65818786621094,161.65818786621094,67678000
23/07/2014,161.90288664887447,162.18836271186643,161.57663895878505,162.01707458496094,162.01707458496094,65612000
24/07/2014,162.1720276748297,162.35961945246922,161.86208369351644,162.02520751953125,162.02520751953125,56888000
25/07/2014,161.56847284742753,161.70712873642307,160.94859726505604,161.26669311523438,161.26669311523438,76837000
28/07/2014,161.29930746239643,161.56846739508748,160.36948789744145,161.33193969726562,161.33193969726562,69259000
29/07/2014,161.63369755315998,161.86207338414494,160.61415814856653,160.6386260986328,160.6386260986328,80466000
30/07/2014,161.209526915928,161.4215990262458,159.99424420299886,160.66305541992188,160.66305541992188,104222000
31/07/2014,159.54567497440098,159.6843308331207,157.39240835592946,157.4902801513672,157.4902801513672,183479000
01/08/2014,157.05799961940616,158.03675493011372,156.2505323997082,157.00906372070312,157.00906372070312,189261000
04/08/2014,157.31082895103688,158.47718836042625,156.64201765424787,158.1427764892578,158.1427764892578,91340000
05/08/2014,157.49846868886766,157.90628449340065,156.0384811391311,156.6094207763672,156.6094207763672,152690000
06/08/2014,155.87538950675955,157.32721307516695,155.8509215490771,156.6584014892578,156.6584014892578,94818000
07/08/2014,157.36800995528552,157.5229819969171,155.41865034616276,155.81015014648438,155.81015014648438,135733000
08/08/2014,156.16081726191618,157.71866401614216,155.7448372189896,157.61264038085938,157.61264038085938,117014000
11/08/2014,158.20805284277233,158.77084060389336,157.99599312004474,158.06939697265625,158.06939697265625,74544000
12/08/2014,157.91443415019725,158.3548697369735,157.3679624731293,157.84918212890625,157.84918212890625,73632000
13/08/2014,158.4690636892523,159.09710352820534,158.19991620382342,158.91766357421875,158.91766357421875,69047000
14/08/2014,159.1786735282631,159.6680450439453,159.03185336167263,159.6680450439453,159.6680450439453,57371000
15/08/2014,160.24717610279959,160.39398384868406,158.48540847886647,159.6354522705078,159.6354522705078,139951000
18/08/2014,160.51630127407412,161.04645683554003,160.42658130030523,160.97305297851562,160.97305297851562,75424000
19/08/2014,161.36457146559817,161.93551116268256,161.0383237659934,161.81317138671875,161.81317138671875,59135000
20/08/2014,161.59296024280363,162.44122424236778,161.5603404484602,162.24546813964844,162.24546813964844,72763000
21/08/2014,162.38410914046244,162.93058087581412,162.25360508396156,162.71852111816406,162.71852111816406,67791000
22/08/2014,162.5880227621875,162.87349884009836,162.098651201479,162.46568298339844,162.46568298339844,76107000
25/08/2014,163.24049281075685,163.60752450766108,162.43301312112808,163.2894287109375,163.2894287109375,63855000
26/08/2014,163.3955535888672,163.79521773345522,163.35476950136945,163.3955535888672,163.3955535888672,47298000
27/08/2014,163.4769926120419,163.5911929537304,163.07734119832125,163.33018493652344,163.33018493652344,47874000
28/08/2014,162.79190916105082,163.3465451244984,162.6287853290547,163.24050903320312,163.24050903320312,58330000
29/08/2014,163.4933873673491,163.7217632694839,162.97954781032246,163.70545959472656,163.70545959472656,65907000
02/09/2014,163.9174681781425,163.94193612818935,163.01211668976188,163.62384033203125,163.62384033203125,72426000
03/09/2014,164.25187836765798,164.27634631744831,163.30574282393454,163.53411865234375,163.53411865234375,57462000
04/09/2014,163.81149278513803,164.41506481618143,162.8490532052744,163.2976531982422,163.2976531982422,85236000
05/09/2014,163.26499671176148,164.0969445346753,162.6451210970612,164.0316925048828,164.0316925048828,102177000
08/09/2014,163.87671915772555,164.1132593194945,163.1263394895399,163.60755920410156,163.60755920410156,64146000
09/09/2014,163.46075187406367,163.57493981416485,162.23730432488603,162.57171630859375,162.57171630859375,88591000
10/09/2014,162.66140971330194,163.28944955206072,162.12310229705966,163.1834259033203,163.1834259033203,67251000
11/09/2014,162.53088751483514,163.3954548870837,162.40853532625084,163.37098693847656,163.37098693847656,66774400
12/09/2014,163.20789647614876,163.2242001481853,161.95181677847015,162.41673278808594,162.41673278808594,117409300
15/09/2014,162.44117744593615,162.5716814768198,161.80498585231507,162.2943572998047,162.2943572998047,76401000
16/09/2014,161.99261024857515,163.81146543027336,161.90289026496393,163.51783752441406,163.51783752441406,116201000
17/09/2014,163.7543532254724,164.49656849297907,162.922405542205,163.738037109375,163.738037109375,151266000
18/09/2014,164.2356132369977,164.6352772835579,164.02355345780114,164.61080932617188,164.61080932617188,94990000
19/09/2014,165.1343830434694,165.44576330744155,164.1264577702575,164.46243286132812,164.46243286132812,121649000
22/09/2014,164.17568025751956,164.20026258768138,162.84817191013886,163.1923370361328,163.1923370361328,125553000
23/09/2014,162.60226739755998,163.2824074200118,162.20893777744294,162.2581024169922,162.2581024169922,111393000
24/09/2014,162.28274619727253,163.6348368155626,161.85664415732163,163.52830505371094,163.52830505371094,107276000
25/09/2014,163.10216043198275,163.11036287598358,160.83230910691128,160.88966369628906,160.88966369628906,150300000
26/09/2014,161.18466874597425,162.569531419712,160.95522537439086,162.16799926757812,162.16799926757812,103547000
29/09/2014,160.77493372077427,162.15979628311524,160.65202210435788,161.87298583984375,161.87298583984375,95112000
30/09/2014,161.99592552635377,162.49578698735422,161.11092429194022,161.4468994140625,161.4468994140625,131302000
01/10/2014,161.18465837729127,161.2420254683598,158.89841474903852,159.25897216796875,159.25897216796875,177798000
02/10/2014,159.11971622043185,159.84083133273654,157.62014389038086,159.2836151123047,159.2836151123047,157285000
03/10/2014,160.34879742328758,161.38130487536176,159.85713852090663,161.03713989257812,161.03713989257812,121569000
06/10/2014,161.70914342495,161.922206956224,160.26692588459017,160.84872436523438,160.84872436523438,104778000
07/10/2014,160.02109533496304,160.38165285782262,158.33304193587384,158.36581420898438,158.36581420898438,147913000
08/10/2014,158.45591216051469,161.3649414098457,157.6282780657793,161.135498046875,161.135498046875,186461000
09/10/2014,160.88149927159859,161.10275273137614,157.80858317807332,157.939697265625,157.939697265625,210705000
10/10/2014,157.89869906381168,158.68535846465582,156.09592439117432,156.1368865966797,156.1368865966797,221909000
13/10/2014,156.07135949951424,156.63676553664666,153.48191263306643,153.57205200195312,153.57205200195312,230939000
14/10/2014,154.39967796092162,155.54690736765764,153.268840939579,153.80967712402344,153.80967712402344,215847000
15/10/2014,151.7282664535594,153.80145894286636,149.07326317501716,152.76895141601562,152.76895141601562,380715000
16/10/2014,150.00742697747162,153.7113176137753,149.868122988318,152.63784790039062,152.63784790039062,270391000
17/10/2014,154.39968385615117,155.48954620748617,153.74412595637554,154.44065856933594,154.44065856933594,214625000
20/10/2014,154.16203893748428,156.06314294983048,154.11287428684895,155.9402313232422,155.9402313232422,130011000
21/10/2014,157.07108752663473,159.1360907965207,156.90720115683743,159.02957153320312,159.02957153320312,154949000
22/10/2014,159.30817264229537,159.71789480072704,157.83317037119576,157.8987274169922,157.8987274169922,151822000
23/10/2014,159.4802272266529,160.774950571412,159.18522681260995,159.7342529296875,159.7342529296875,154944000
24/10/2014,159.99650165661532,161.01261710317735,159.37372848185478,160.96343994140625,160.96343994140625,117927000
27/10/2014,160.38977429362376,160.97977498743901,159.81616598122653,160.7421417236328,160.7421417236328,82954000
28/10/2014,161.28297872700034,162.59408166252837,161.20921926204636,162.5858917236328,162.5858917236328,106736000
29/10/2014,162.70064533239935,163.1677220156245,161.26661800953158,162.340087890625,162.340087890625,142557000
30/10/2014,161.9058264332072,163.8479056645811,161.7583199389211,163.38082885742188,163.38082885742188,113330000
31/10/2014,165.34742902197053,165.380213787962,164.51979498469262,165.2490997314453,165.2490997314453,146903000
03/11/2014,165.46214500736863,165.89644936389092,164.96228362484166,165.3392333984375,165.3392333984375,93600000
04/11/2014,164.89674181917516,165.19994465539864,163.93799366984507,164.76564025878906,164.76564025878906,93343000
05/11/2014,165.97019123976463,166.0111659427266,165.07700023232354,165.80630493164062,165.80630493164062,91709000
06/11/2014,165.84727404569645,166.56018633905947,165.23269103314948,166.4700469970703,166.4700469970703,107089000
07/11/2014,166.48650467878446,166.83887224612195,166.02761785002446,166.6258087158203,166.6258087158203,89540000
10/11/2014,166.6585485514635,167.1993721659655,166.45368752217072,167.15020751953125,167.15020751953125,66319000
11/11/2014,167.21574237544397,167.42060337757084,166.8797673310623,167.31407165527344,167.31407165527344,54499400
12/11/2014,166.63400383201974,167.36330876073302,166.60121905784848,167.1338653564453,167.1338653564453,90120300
13/11/2014,167.297713819382,167.84673987696982,166.51924440948062,167.32229614257812,167.32229614257812,85357900
14/11/2014,167.2485748150435,167.56815756931522,166.93718200185114,167.36329650878906,167.36329650878906,80417500
17/11/2014,167.04374654595566,167.6419374590761,166.87984766237918,167.4698486328125,167.4698486328125,80441000
18/11/2014,167.527153610452,168.73992737600364,167.527153610452,168.43673706054688,168.43673706054688,76068100
19/11/2014,168.2400983005495,168.43676942345024,167.4124641028305,168.16635131835938,168.16635131835938,82373000
20/11/2014,167.37969224228925,168.5678965088488,167.31413519626523,168.46136474609375,168.46136474609375,72840300
21/11/2014,170.14944990583146,170.31333629971647,168.78916907949827,169.36277770996094,169.36277770996094,142327300
24/11/2014,169.76425046070045,169.94452918186283,169.55119947374766,169.83799743652344,169.83799743652344,65880800
25/11/2014,170.06741231208963,170.27227332420023,169.46103171862558,169.71505737304688,169.71505737304688,79108300
26/11/2014,169.86255785661763,170.24769757454973,169.64950689713953,170.1493682861328,170.1493682861328,62167800
28/11/2014,170.02647943528194,170.3378597248582,169.55120030477224,169.78883361816406,169.78883361816406,57890100
01/12/2014,169.13330005779574,169.24802176069073,168.29747586687284,168.60885620117188,168.60885620117188,103968400
02/12/2014,168.64981235337908,169.9035610054865,168.62523002715943,169.69869995117188,169.69869995117188,74507200
03/12/2014,169.87079420282367,170.56731430766314,169.70690785484538,170.35426330566406,170.35426330566406,68952000
04/12/2014,170.06744493595394,170.66564820875078,169.3791148041144,170.16578674316406,170.16578674316406,91316600
05/12/2014,170.3378652233559,170.8295367545753,170.07564957610492,170.44439697265625,170.44439697265625,91025500
08/12/2014,170.0511020533535,170.54276118147166,168.74817598007724,169.30540466308594,169.30540466308594,108588200
09/12/2014,167.4698055059784,169.29717505669166,167.09286817977173,169.19064331054688,169.19064331054688,125180100
10/12/2014,168.73175829411525,168.78911288620185,166.28980557440164,166.47828674316406,166.47828674316406,159856400
11/12/2014,167.06827046706843,168.96118437551786,166.92896646771555,167.32229614257812,167.32229614257812,159012800
12/12/2014,166.05214540483456,167.01909590681004,164.58534602505827,164.6181182861328,164.6181182861328,202330200
15/12/2014,165.51133282276095,165.96202962481365,162.88911393408057,163.4873046875,163.4873046875,189965800
16/12/2014,162.72526524365017,165.85553624951172,162.13526429423763,162.17623901367188,162.17623901367188,259543800
17/12/2014,162.61056610093513,165.80639460070938,162.48764192557115,165.35569763183594,165.35569763183594,253910100
18/12/2014,167.7730109550758,174.5170332580484,167.10106070549944,169.44467163085938,169.44467163085938,257633900
19/12/2014,170.09146758490033,170.83304527947857,169.41582131853647,170.16563415527344,170.16563415527344,245084600
22/12/2014,170.35512246158166,170.94837951660156,170.11617764043442,170.94837951660156,170.94837951660156,148318900
23/12/2014,171.52515693368989,171.57459292707966,170.89069901547305,171.17909240722656,171.17909240722656,122167900
24/12/2014,171.40160941442906,171.6652723020745,171.1544168135041,171.19561767578125,171.19561767578125,42963400
26/12/2014,171.64054568327762,172.08549485715466,171.5911096801218,171.74766540527344,171.74766540527344,57326700
29/12/2014,171.5663948317118,172.18437002799178,171.5004759687134,171.97837829589844,171.97837829589844,79643900
30/12/2014,171.55817763276545,171.6900027998129,170.98139066438497,171.05555725097656,171.05555725097656,73540800
31/12/2014,171.37692962025866,171.54172053336958,169.23461003159417,169.3582000732422,169.3582000732422,130333800
02/01/2015,170.05029571624917,170.4622791732047,168.23755844745486,169.26751708984375,169.26751708984375,121465900
05/01/2015,168.22930272544193,168.39409357351823,165.90572285027358,166.21058654785156,166.21058654785156,169632600
06/01/2015,166.51547647443184,167.03457967173875,163.8540667692118,164.64508056640625,164.64508056640625,209151400
07/01/2015,165.9634319564337,167.0345915730801,165.51849530756698,166.69676208496094,166.69676208496094,125346700
08/01/2015,168.09748816790014,169.869024603716,168.0810178817393,169.65478515625,169.65478515625,147217800
09/01/2015,170.06676614689192,170.0832490055506,167.68550226657175,168.2952423095703,168.2952423095703,158567300
12/01/2015,168.4270726875914,168.5836284061777,166.37539063350323,166.9768829345703,166.9768829345703,144396100
13/01/2015,168.1881504357171,169.30874612804578,165.2136288785406,166.50726318359375,166.50726318359375,214553300
14/01/2015,164.50494787840606,165.69970966068993,163.61507489963677,165.501953125,165.501953125,192991100
15/01/2015,166.13645505534498,166.44955393727855,163.8705460123544,163.98590087890625,163.98590087890625,176613900
16/01/2015,163.77989833968851,166.29299980880108,163.59862462239275,166.13644409179688,166.13644409179688,211879600
20/01/2015,166.77089890804422,167.0345743562975,164.9334562042021,166.49075317382812,166.49075317382812,130991100
21/01/2015,166.02935314471333,167.80912491052092,165.56793362900146,167.3312225341797,167.3312225341797,122942700
22/01/2015,168.08102454992158,169.95142049511813,166.71323638005796,169.81959533691406,169.81959533691406,174356000
23/01/2015,169.56415037861913,169.8195906901065,168.75666630098573,168.8885040283203,168.8885040283203,117516800
26/01/2015,168.67432993973392,169.37469451150378,167.9657176494634,169.2840576171875,169.2840576171875,92009700
27/01/2015,167.24058005329104,168.18813705752373,166.22710418148955,167.0510711669922,167.0510711669922,134044600
28/01/2015,168.2293383965425,168.32821041180577,164.7192435545721,164.90875244140625,164.90875244140625,168514300
29/01/2015,165.1065029059678,166.68851795505324,163.70574902054628,166.43309020996094,166.43309020996094,173585400
30/01/2015,165.26306151853458,166.58140112937033,164.07654706786562,164.3402099609375,164.3402099609375,197729700
02/02/2015,164.83456751474483,166.4660183242982,163.0300781381961,166.37538146972656,166.37538146972656,163107000
03/02/2015,167.265291155787,168.7896350451689,166.89450854215673,168.78138732910156,168.78138732910156,124212900
04/02/2015,168.02331701995527,169.2263141420528,167.68548759706135,168.138671875,168.138671875,134306700
05/02/2015,168.79788093032147,169.98439542763512,168.72372691742405,169.83607482910156,169.83607482910156,97953200
06/02/2015,170.1985500610674,170.7588539236827,168.84724525123838,169.36634826660156,169.36634826660156,125672000
09/02/2015,168.72372279474547,169.4405700473822,168.2046195716701,168.60836791992188,168.60836791992188,87219000
10/02/2015,169.63828844574928,170.65999922902105,168.64951822966802,170.40457153320312,170.40457153320312,96164200
11/02/2015,170.23984658181436,170.93197594278112,169.59715323623945,170.50350952148438,170.50350952148438,91087800
12/02/2015,171.2944882673973,172.20085693903096,170.5364401841845,172.14317321777344,172.14317321777344,97545900
13/02/2015,172.26678186905983,172.90122738880424,172.01134154515972,172.85179138183594,172.85179138183594,93670400
17/02/2015,172.53869612122853,173.29675687510698,172.2915160631589,173.12371826171875,173.12371826171875,76968200
18/02/2015,172.75290179082833,173.21432123923566,172.48922635017442,173.14016723632812,173.14016723632812,80652900
19/02/2015,172.54693165380414,173.37913379359748,172.40685877320954,173.01658630371094,173.01658630371094,91462500
20/02/2015,172.60454381247052,174.1288872632071,171.98656877666934,174.0547332763672,174.0547332763672,140896400
23/02/2015,173.80756998498592,174.03004455566406,173.42853970059855,174.03004455566406,174.03004455566406,74411100
24/02/2015,173.9559205595038,174.72221645817518,173.65929191691157,174.5244598388672,174.5244598388672,72472300
25/02/2015,174.40087767490456,174.8787800968967,174.03833014285948,174.37615966796875,174.37615966796875,73061700
26/02/2015,174.28550563543217,174.442061379114,173.56864578661225,174.17015075683594,174.17015075683594,72697900
27/02/2015,174.07121578143355,174.3348911834696,173.52740726702078,173.57684326171875,173.57684326171875,108076000
02/03/2015,173.67573928656043,174.73041589519372,173.62630328502087,174.67274475097656,174.67274475097656,87491400
03/03/2015,174.24428028315134,174.72218259095698,173.09896680206552,173.9558868408203,173.9558868408203,110325800
04/03/2015,173.3625917536773,173.4367583132826,172.25847937337255,173.22251892089844,173.22251892089844,114497200
05/03/2015,173.54387346502355,173.69219401836128,172.90942811768707,173.41204833984375,173.41204833984375,76873000
06/03/2015,172.55514418880782,172.98361049096536,170.6435475463317,170.97312927246094,170.97312927246094,188128000
09/03/2015,171.17090718432462,172.03606246641996,171.0143514444442,171.6817626953125,171.6817626953125,89818900
10/03/2015,170.32221566618426,170.40460481846046,168.85554291190695,168.89674377441406,168.89674377441406,157121300
11/03/2015,169.15216429988467,169.32520288593318,168.41883424041714,168.50123596191406,168.50123596191406,110145700
12/03/2015,169.1274308715226,170.70944571261202,169.0779948722286,170.64353942871094,170.64353942871094,93993500
13/03/2015,170.37163782391494,171.32742986360563,168.5671483183235,169.59710693359375,169.59710693359375,162410900
16/03/2015,170.32222285394192,171.9536739816204,169.6218458799786,171.863037109375,171.863037109375,136099200
17/03/2015,171.12965253724616,171.73114473108768,170.54463062567154,171.3521270751953,171.3521270751953,94510400
18/03/2015,170.88246437363733,174.07945939802633,170.24800645356598,173.41204833984375,173.41204833984375,228808500
19/03/2015,173.00009353333743,173.4203121205103,172.23379778880226,172.62106323242188,172.62106323242188,117917300
20/03/2015,173.5653352084648,174.64954749257305,173.3832524065234,174.14468383789062,174.14468383789062,177715100
23/03/2015,174.15305982486876,174.72413689693036,173.80545043945312,173.80545043945312,173.80545043945312,71784500
24/03/2015,173.68130020424437,174.1364948299341,172.7626137919206,172.82882690429688,172.82882690429688,77805300
25/03/2015,173.0357187365326,173.26745828942722,170.25483147293886,170.29620361328125,170.29620361328125,159521700
26/03/2015,169.63408764432745,170.8010572410851,168.93885639849546,169.89065551757812,169.89065551757812,153067200
27/03/2015,169.77479920123068,170.45346143952418,169.5844317850146,170.2796630859375,170.2796630859375,118939000
30/03/2015,171.3059127415639,172.6549777719399,171.28936893876872,172.35702514648438,172.35702514648438,96180400
31/03/2015,171.53765469925668,172.2328859210729,170.79277943949455,170.8507080078125,170.8507080078125,126768700
01/04/2015,170.81764381892094,170.84247215756182,169.26166724350648,170.24656677246094,170.24656677246094,137303600
02/04/2015,170.18034913276153,171.30594676035847,169.99826623499885,170.85902404785156,170.85902404785156,86900900
06/04/2015,169.97343313110727,172.52258099944964,169.84101954187773,172.0094451904297,172.0094451904297,114368200
07/04/2015,172.0342652822478,172.7791406227922,171.52112949782202,171.55422973632812,171.55422973632812,81236300
08/04/2015,171.77769420945268,172.57222620747424,171.3887001127006,172.13357543945312,172.13357543945312,89351900
09/04/2015,171.96809161178513,173.12678965808885,171.4797840514758,172.89505004882812,172.89505004882812,85548900
10/04/2015,173.14329760228338,173.87990100302758,172.94467092361134,173.83851623535156,173.83851623535156,72722900
13/04/2015,173.69780801958015,174.3268261423891,173.00258942697187,173.05224609375,173.05224609375,74436600
14/04/2015,172.85363907821247,173.56541418362028,172.23290541520072,173.38333129882812,173.38333129882812,75099900
15/04/2015,173.84686512705426,174.66622573763271,173.76409556105963,174.16136169433594,174.16136169433594,99529300
16/04/2015,173.83026756672515,174.61652774222532,173.63162823264585,174.11166381835938,174.11166381835938,68934900
17/04/2015,172.9280917001795,173.1681031148959,171.33073080618294,172.1087188720703,172.1087188720703,191113200
20/04/2015,173.02745832216522,174.0123578736731,172.94470140108723,173.68130493164062,173.68130493164062,92189500
21/04/2015,174.35995399162735,174.51720854723484,173.17642781644966,173.47438049316406,173.47438049316406,72559800
22/04/2015,173.81371006782535,174.50894141841778,172.89502367522857,174.3268585205078,174.3268585205078,78264600
23/04/2015,173.92954311314637,175.4110343214699,173.81367335066773,174.76547241210938,174.76547241210938,102585900
24/04/2015,175.1793508169855,175.43591875674608,174.72414352280015,175.1710662841797,175.1710662841797,61327400
27/04/2015,175.73382715305146,175.85796882521973,174.2523358446019,174.4427032470703,174.4427032470703,79358100
28/04/2015,174.41791967652122,175.04692535836938,173.25093714320545,174.9972686767578,174.9972686767578,86863500
29/04/2015,174.11162159184946,174.87305324453058,173.47434422867968,174.27716064453125,174.27716064453125,125684900
30/04/2015,173.70612282130784,174.0951169506686,171.83563718765157,172.53086853027344,172.53086853027344,161304900
01/05/2015,173.3088999782792,174.44278249088663,173.20958659542967,174.40139770507812,174.40139770507812,103399700
04/05/2015,174.8234668223573,175.47731350813137,174.7158815495155,174.89796447753906,174.89796447753906,70927200
05/05/2015,174.6579380889331,175.0138320359945,172.75435190240992,172.89505004882812,172.89505004882812,113326200
06/05/2015,173.4413127172941,173.74753737644474,171.12390381021717,172.18328857421875,172.18328857421875,135060200
07/05/2015,172.08391812981014,173.2922851845941,171.7528652366723,172.87017822265625,172.87017822265625,88244900
08/05/2015,174.5337909840612,175.34487959139798,174.45102142808634,175.146240234375,175.146240234375,155877300
11/05/2015,175.1048014549009,175.36964120129437,174.23577196328995,174.3102569580078,174.3102569580078,75708100
12/05/2015,173.48262434692913,174.3268255659375,172.6632514612277,173.78884887695312,173.78884887695312,119727600
13/05/2015,174.19444394936284,174.81517769861114,173.59026663617541,173.82200622558594,173.82200622558594,94667900
14/05/2015,174.83173533709504,175.72559345762346,174.5586109700841,175.63455200195312,175.63455200195312,95934000
15/05/2015,175.82484436035156,175.96554244570675,175.34480891268657,175.82484436035156,175.82484436035156,76510100
18/05/2015,175.6593491846397,176.61940762185802,175.59313608054563,176.37112426757812,176.37112426757812,74549700
19/05/2015,176.4869976258911,176.76012195000274,176.03179041903832,176.3131866455078,176.3131866455078,72114600
20/05/2015,176.4125267125117,176.9339471037886,175.87456251401304,176.18907165527344,176.18907165527344,76857500
21/05/2015,176.04837547205562,176.90912072496616,175.8828363671192,176.70220947265625,176.70220947265625,64764600
22/05/2015,176.32144721122995,176.73526962196954,176.21386197206093,176.2800750732422,176.2800750732422,57433500
26/05/2015,175.79177471205736,176.21388170073925,173.97095842671845,174.38478088378906,174.38478088378906,124308600
27/05/2015,174.84001729759882,176.2718397019903,174.43446667558356,176.04010009765625,176.04010009765625,93214000
28/05/2015,175.73383279215875,175.94901590710802,175.15448392201986,175.8414306640625,175.8414306640625,74974600
29/05/2015,175.77521603787758,175.81658817699767,174.48409210164976,174.74893188476562,174.74893188476562,124919600
01/06/2015,175.4110677211803,175.74212064019534,174.3185703564839,175.10484313964844,175.10484313964844,93338800
02/06/2015,174.64966450089207,175.61800770786652,174.02893070445757,174.93106079101562,174.93106079101562,91531000
03/06/2015,175.46069857346305,176.01521907707667,174.90617806984946,175.3944854736328,175.3944854736328,87820900
04/06/2015,174.69101312012216,175.34484702699578,173.59851580268213,173.91302490234375,173.91302490234375,151882800
05/06/2015,173.76402126999574,174.28544152933597,172.9612048127622,173.61505126953125,173.61505126953125,121704700
08/06/2015,173.50755691237143,173.65653963056963,172.4730003068958,172.5474853515625,172.5474853515625,89063300
09/06/2015,172.52261352539062,173.06059040197962,171.89360781417042,172.52261352539062,172.52261352539062,105034700
10/06/2015,173.28403988801946,174.97244286033785,173.22611130159058,174.5917205810547,174.5917205810547,134551300
11/06/2015,175.0303409262258,175.53520482329432,174.79860136319687,175.1544952392578,175.1544952392578,73876400
12/06/2015,174.33518700444986,175.0304059518176,173.54064204398406,173.8137664794922,173.8137664794922,135382400
15/06/2015,172.67980781976254,173.35019807648044,171.9763046994113,173.0688018798828,173.0688018798828,124384200
16/06/2015,172.9198470045364,174.0951139038621,172.74604864356712,174.01234436035156,174.01234436035156,85308200
17/06/2015,174.29376220703125,174.89795216606163,173.27576236573117,174.29376220703125,174.29376220703125,126708600
18/06/2015,174.88966878237264,176.5697871782919,174.3268762253908,176.10630798339844,176.10630798339844,165867900
19/06/2015,175.86510226832593,175.9399495901097,174.95025936778484,175.3245086669922,175.3245086669922,130478700
22/06/2015,176.2393695139098,176.80489958980397,176.01481483540366,176.2227325439453,176.2227325439453,70696000
23/06/2015,176.43058423778723,176.68008793273884,175.95653863863575,176.347412109375,176.347412109375,68476800
24/06/2015,176.08135086351967,176.45560020261894,175.04176231586064,175.06671142578125,175.06671142578125,92307300
25/06/2015,175.56568477605794,175.69043030134037,174.4595612541665,174.53440856933594,174.53440856933594,97107400
26/06/2015,174.89201794529356,175.13320954385787,173.95223872653727,174.5011444091797,174.5011444091797,104174800
29/06/2015,173.02912582620755,174.50949894918622,170.76698006047354,170.84182739257812,170.84182739257812,202621300
30/06/2015,172.3720477826697,172.42195867960908,170.72534351169384,171.19940185546875,171.19940185546875,182925100
01/07/2015,172.76295124025881,173.01245498872441,171.789898042502,172.57167053222656,172.57167053222656,135979900
02/07/2015,173.0457283654755,173.21205996715375,171.99781516335582,172.4136505126953,172.4136505126953,104373700
06/07/2015,171.1329345465305,172.69646729958498,170.93332895047834,171.9230194091797,171.9230194091797,117975400
07/07/2015,172.12255107713486,173.128865385568,169.75228481694515,173.00411987304688,173.00411987304688,173820200
08/07/2015,171.67351160055927,171.9562766706822,169.86878720789298,170.10165405273438,170.10165405273438,164020100
09/07/2015,172.18909176169095,172.4469203319704,170.30120845774883,170.40931701660156,170.40931701660156,144113100
10/07/2015,172.39700373915278,172.97085851904532,170.45089746061146,172.55502319335938,172.55502319335938,129456900
13/07/2015,173.81084688390231,174.56765750105313,173.76926081497862,174.4595489501953,174.4595489501953,106069400
14/07/2015,174.41801846476596,175.52414226114598,174.35979541166097,175.21641540527344,175.21641540527344,81709600
15/07/2015,175.25793849896726,175.71535985792673,174.68408376593501,175.15814208984375,175.15814208984375,97914100
16/07/2015,176.20604996168944,176.5636749267578,175.96487106593966,176.5636749267578,176.5636749267578,106683300
17/07/2015,176.555420430425,176.77166299925895,176.1479097866224,176.71343994140625,176.71343994140625,89030000
20/07/2015,176.9379867736105,177.29559917492722,176.48889006423516,176.80491638183594,176.80491638183594,70446800
21/07/2015,176.6718687032874,176.9296973793566,175.8069364261377,176.10633850097656,176.10633850097656,77965000
22/07/2015,175.42430027659478,176.12291333158248,175.3910390312564,175.7902374267578,175.7902374267578,88667900
23/07/2015,175.92332831501918,176.0231247529665,174.44295526411543,174.80056762695312,174.80056762695312,90509100
24/07/2015,174.9003790266702,174.95858938613225,172.65487031166467,172.98753356933594,172.98753356933594,117755000
27/07/2015,172.10598994723267,172.61330973883602,171.54044709727387,171.98123168945312,171.98123168945312,132361100
28/07/2015,172.8128328075997,174.234995153678,171.9894870143371,174.09361267089844,174.09361267089844,123544800
29/07/2015,174.21836698588396,175.51577119011958,174.07698449596467,175.29122924804688,175.29122924804688,105791300
30/07/2015,174.78390378320347,175.4991410372666,174.16846294449763,175.3328094482422,175.3328094482422,91304400
31/07/2015,175.83184707402353,175.85679618394414,174.78394638648757,175.06671142578125,175.06671142578125,103266900
03/08/2015,175.03347276634796,175.09168313357893,173.52813769521094,174.4762420654297,174.4762420654297,113965700
04/08/2015,174.40133614408694,174.85875754850196,173.65283762070766,174.1352081298828,174.1352081298828,81820800
05/08/2015,175.02510217498823,175.74033950870202,174.42629823558653,174.70907592773438,174.70907592773438,85786800
06/08/2015,174.89205626640072,175.00017753705393,172.69644574503167,173.27862548828125,173.27862548828125,116030800
07/08/2015,173.1205487372491,173.27024334837387,172.04768659637824,172.94589233398438,172.94589233398438,117858000
10/08/2015,174.0520157883577,175.20803737247493,174.0520157883577,175.1248779296875,175.1248779296875,80270700
11/08/2015,173.7942272588926,174.21006260904733,172.78790012779152,173.5447235107422,173.5447235107422,126081400
12/08/2015,172.2473178456554,173.93560833830855,170.79189413196906,173.7526397705078,173.7526397705078,172123700
13/08/2015,173.59467887509606,174.27665516521583,172.99587475850524,173.53646850585938,173.53646850585938,89383300
14/08/2015,173.3451441216115,174.24335013626597,173.2037616040672,174.1685028076172,174.1685028076172,72786500
17/08/2015,173.57803838892946,175.14157104492188,173.12061685780503,175.14157104492188,175.14157104492188,79072600
18/08/2015,174.86706781860337,175.21636797180136,174.40133428100603,174.6342010498047,174.6342010498047,71692700
19/08/2015,173.89403946974545,174.6591750606617,172.44694044161014,173.253662109375,173.253662109375,172946000
20/08/2015,171.7483330321831,173.22870604693054,169.57767172781692,169.63589477539062,169.63589477539062,194327900
21/08/2015,167.7729763340102,169.6109747078585,164.27164875894206,164.5294647216797,164.5294647216797,346588500
24/08/2015,155.92998481904203,164.23836915926898,151.6967702062879,157.6016387939453,157.6016387939453,507244300
25/08/2015,162.53338624367746,162.55002320967176,155.45587370236655,155.74696350097656,155.74696350097656,369833100
26/08/2015,159.7473344527929,162.00115529416996,156.66183009162816,161.72671508789062,161.72671508789062,339257000
27/08/2015,163.855746143709,165.85175051951322,162.3504243791661,165.7270050048828,165.7270050048828,274143900
28/08/2015,165.08661897299652,166.2010545642235,164.60424848792363,165.73532104492188,165.73532104492188,160414400
31/08/2015,164.7622841872376,165.610591861225,163.84744133388966,164.39634704589844,164.39634704589844,163298800
01/09/2015,160.6122344759003,161.98449868486193,158.6245420977261,159.48948669433594,159.48948669433594,256000400
02/09/2015,161.85977286453277,162.5583860063134,160.03009957669445,162.5167999267578,162.5167999267578,160269300
03/09/2015,163.22368832369426,164.7123859952052,162.142526557246,162.63320922851562,162.63320922851562,152087800
04/09/2015,160.38773608328512,161.22771911300313,159.35645961201206,160.17149353027344,160.17149353027344,207081000
08/09/2015,162.9575352677576,164.34642361175145,162.3171453686945,164.19671630859375,164.19671630859375,116025700
09/09/2015,165.7686715296689,165.893417104845,161.63526560159934,162.00119018554688,162.00119018554688,149347700
10/09/2015,161.80984341832135,164.02209044473517,161.55202754123692,162.88270568847656,162.88270568847656,158611100
11/09/2015,162.49185196038175,163.68945999438665,161.78492667383196,163.6229248046875,163.6229248046875,119691200
14/09/2015,163.7975654478636,163.84746366661327,162.53342224828344,163.0157928466797,163.0157928466797,79452000
15/09/2015,163.51474911626377,165.49412910761953,162.97416832901592,165.0533447265625,165.0533447265625,113806200
16/09/2015,165.3527809302056,166.6751343476377,165.01179288461722,166.4838409423828,166.4838409423828,99581600
17/09/2015,166.35079551829418,168.73768663258204,165.73535456315815,166.10960388183594,166.10960388183594,276046600
18/09/2015,163.61247780284123,166.09536955900396,162.98548197154713,163.39511108398438,163.39511108398438,223657500
21/09/2015,164.22271746071192,165.25934219794968,163.19444807397244,164.23944091796875,164.23944091796875,105726200
22/09/2015,162.08263297513628,162.5675113614586,160.97911400841684,162.1077117919922,162.1077117919922,153890900
23/09/2015,162.27487856604756,162.7430334036775,161.2716878059459,161.84852600097656,161.84852600097656,92790600
24/09/2015,160.6363402979542,161.72313571426344,159.30711208604234,161.26333618164062,161.26333618164062,159378800
25/09/2015,162.71796688143738,163.01892540782544,160.3521009460491,161.22154235839844,161.22154235839844,155054800
28/09/2015,160.32697967158322,160.43566300840956,156.86596391285235,157.17527770996094,157.17527770996094,178515900
29/09/2015,157.39263395848164,158.62154647135236,156.27239201897913,157.26722717285156,157.26722717285156,159045600
30/09/2015,159.14820777397165,160.3687648880636,158.37073931050713,160.20156860351562,160.20156860351562,163452000
01/10/2015,160.57785713923238,160.92061801414465,158.68851378440803,160.61965942382812,160.61965942382812,131079000
02/10/2015,158.64665856270764,163.04398445078434,158.10325455681826,163.01890563964844,163.01890563964844,211003300
05/10/2015,164.23950106479637,166.1455676897734,164.13081768721608,165.9198455810547,165.9198455810547,126320800
06/10/2015,165.78605429593955,166.3461690364086,164.6909036275402,165.35133361816406,165.35133361816406,110274500
07/10/2015,166.27927740156187,167.05675880972396,165.09216691041397,166.7056427001953,166.7056427001953,124307300
08/10/2015,166.32113885633336,168.49473012450835,166.02018026160553,168.2104949951172,168.2104949951172,153055200
09/10/2015,168.35257803347145,168.78728599294183,167.68377987609506,168.31077575683594,168.31077575683594,107069200
12/10/2015,168.3860304474352,168.6702655493343,167.95967779458655,168.46963500976562,168.46963500976562,56395600
13/10/2015,167.74226006682724,169.00461969061865,167.2406711140473,167.40786743164062,167.40786743164062,88038700
14/10/2015,167.34939663882656,167.9262349666992,166.31277147570756,166.60536193847656,166.60536193847656,99106200
15/10/2015,167.26581694880204,169.17188379691905,166.89797724894325,169.1635284423828,169.1635284423828,134142200
16/10/2015,169.56476231562704,169.94931263384134,168.80400427550015,169.93260192871094,169.93260192871094,114580100
19/10/2015,169.28893924965502,170.01625061035156,168.9796252698218,170.01625061035156,170.01625061035156,76523900
20/10/2015,169.5814741668147,170.40910048332756,169.3306732881316,169.798828125,169.798828125,78448500
21/10/2015,170.21687520116285,170.36734811869508,168.5783200358582,168.7455291748047,168.7455291748047,102038000
22/10/2015,169.69017062421008,171.80523582065535,168.74550545453735,171.5962371826172,171.5962371826172,174911700
23/10/2015,173.25983416517303,173.8450276762397,172.46564206042098,173.47718811035156,173.47718811035156,144442300
26/10/2015,173.30162787765764,173.36014084774408,172.68298747864267,173.0508270263672,173.0508270263672,69033000
27/10/2015,172.38205574263753,173.05085386438054,172.03929495125809,172.71646118164062,172.71646118164062,77905800
28/10/2015,173.0508286008205,174.70609382437954,172.39039868413275,174.68101501464844,174.68101501464844,135906700
29/10/2015,174.1794756854417,174.94858916758312,174.06243695459986,174.58074951171875,174.58074951171875,90525500
30/10/2015,174.77301653548977,175.09069854277453,173.66951037566886,173.82833862304688,173.82833862304688,131076900
02/11/2015,174.15437055226596,176.07714758893806,174.02896373057234,175.88487243652344,175.88487243652344,86270800
03/11/2015,175.53374794198606,176.9465805411502,175.3080258786919,176.3948211669922,176.3948211669922,95246100
04/11/2015,176.68741072610385,176.81280477592261,175.32473585551978,175.85977172851562,175.85977172851562,96224500
05/11/2015,175.91831205270597,176.37811156730345,174.79808251260556,175.68423461914062,175.68423461914062,78408700
06/11/2015,175.34151223970306,175.8263906391281,174.2714401707186,175.59230041503906,175.59230041503906,110471500
09/11/2015,174.98200500452802,175.1324906462806,173.00905749400297,173.9537353515625,173.9537353515625,131008700
10/11/2015,173.4771990275669,174.38844264814023,173.20968744407082,174.35499572753906,174.35499572753906,75874600
11/11/2015,174.62254315060736,174.67270078187678,173.60262879391465,173.6695098876953,173.6695098876953,67846000
12/11/2015,172.6328557922242,173.10101064828578,171.22839122403954,171.24510192871094,171.24510192871094,121315200
13/11/2015,170.83551826650861,171.10302993132922,169.23876536334453,169.32235717773438,169.32235717773438,153577100
16/11/2015,169.13839960000348,171.95569675375208,169.02134813351492,171.8971710205078,171.8971710205078,117645200
17/11/2015,172.20654085384277,173.0843250227058,171.2785862912092,171.77182006835938,171.77182006835938,121123700
18/11/2015,172.2483040638369,174.6392488842945,172.20651454314515,174.49713134765625,174.49713134765625,121342500
19/11/2015,174.3801138593773,174.76467699542673,174.05407646944508,174.3466796875,174.3466796875,88220500
20/11/2015,175.09907914753092,175.6591940394965,174.60584535917909,174.98204040527344,174.98204040527344,94011500
23/11/2015,175.04052831813067,175.54211735241194,174.32157255502375,174.7813720703125,174.7813720703125,64931200
24/11/2015,173.7781912351542,175.41674624331006,173.39364086749754,175.01547241210938,175.01547241210938,98874400
25/11/2015,175.14084458837866,175.3414878570116,174.7312026985185,174.99037170410156,174.99037170410156,51980100
27/11/2015,175.08231090258715,175.39163752221893,174.60580070108003,175.1909942626953,175.1909942626953,37317800
30/11/2015,175.34983615940328,175.46687487233424,174.35500072135858,174.46368408203125,174.46368408203125,112822700
01/12/2015,175.09072463319487,176.24440135260087,174.81484486306445,176.12734985351562,176.12734985351562,97858400
02/12/2015,176.07713550346458,176.39481745576794,174.0791094084104,174.3299102783203,174.3299102783203,108441300
03/12/2015,174.5807276920756,174.84823929073755,171.16986870435804,171.88882446289062,171.88882446289062,166224200
04/12/2015,171.88881680030758,175.53375305796652,171.88881680030758,175.24114990234375,175.24114990234375,192913900
07/12/2015,174.9151251015423,175.33312235019997,173.21805729249317,174.17945861816406,174.17945861816406,102027100
08/12/2015,172.62452860908843,174.12930867590688,172.03096683355412,173.0090789794922,173.0090789794922,103372400
09/12/2015,172.37373224132259,174.45535067510497,170.69337489596222,171.6631317138672,171.6631317138672,162401500
10/12/2015,171.7299909343548,173.41033530936133,171.4959134917548,172.10618591308594,172.10618591308594,116128900
11/12/2015,169.99952785720936,170.6599580594321,168.46128790983457,168.77061462402344,168.77061462402344,211173300
14/12/2015,168.9294571495133,169.74872839344607,167.1571396902951,169.62332153320312,169.62332153320312,182385200
15/12/2015,171.12806621577792,172.30682148520253,169.5981947981496,171.40394592285156,171.40394592285156,154069600
16/12/2015,172.52420268027265,174.212915355384,171.2116977827036,173.91195678710938,173.91195678710938,197017000
17/12/2015,174.22125585920915,174.2881369527101,171.2451173578712,171.2618408203125,171.2618408203125,173092500
18/12/2015,170.52349829427862,170.65804374797423,168.0510443280171,168.21083068847656,168.21083068847656,251393500
21/12/2015,169.37975636885284,169.775013261799,168.26966990385102,169.59840393066406,169.59840393066406,99094300
22/12/2015,170.48141938163064,171.43171947619464,169.49748613718208,171.1373748779297,171.1373748779297,111026200
23/12/2015,172.13811564780246,173.29865811337848,172.0456084537032,173.25660705566406,173.25660705566406,110987200
24/12/2015,173.00431858744722,173.51731070929043,172.75202506598336,172.97067260742188,172.97067260742188,48539600
28/12/2015,172.28114055247207,172.61752347005012,171.50744957629388,172.5754852294922,172.5754852294922,65899900
29/12/2015,173.66869730253606,174.745137796761,173.63506415117155,174.4171600341797,174.4171600341797,92640700
30/12/2015,174.17330529829204,174.25740743506952,173.03799061271798,173.1809539794922,173.1809539794922,63317700
31/12/2015,172.50813170157173,173.14726410227843,171.44850158691406,171.44850158691406,171.44850158691406,114877900
04/01/2016,168.6060143947127,169.06013237206923,167.0081643163703,169.05172729492188,169.05172729492188,222353500
05/01/2016,169.3713254091288,169.79181034096098,168.23602379249098,169.3376922607422,169.3376922607422,110845800
06/01/2016,166.79797009851558,168.24443938094666,166.17566057312766,167.20164489746094,167.20164489746094,152112600
07/01/2016,164.2666411794823,166.04108806372946,162.80334903123807,163.19020080566406,163.19020080566406,213436100
08/01/2016,164.14891619534833,164.70395940691208,161.11301435487553,161.39894104003906,161.39894104003906,209817200
11/01/2016,162.31556821009647,162.65196381226903,159.63288546378357,161.55870056152344,161.55870056152344,187941300
12/01/2016,162.99680192411364,163.61070639481204,160.74299578460875,162.86224365234375,162.86224365234375,172330500
13/01/2016,163.52655378276137,163.87135443565572,158.42187443317707,158.80030822753906,158.80030822753906,221168900
14/01/2016,159.40586404289417,162.52585551726517,157.81643127635823,161.40736389160156,161.40736389160156,240795600
15/01/2016,157.06793245834035,158.74145414049227,156.0167202128959,157.94253540039062,157.94253540039062,324846400
19/01/2016,159.7506674780919,159.87680784571734,156.588612052986,158.15281677246094,158.15281677246094,195244400
20/01/2016,155.6046860535825,157.68188308668587,152.23240080022165,156.12608337402344,156.12608337402344,286547800
21/01/2016,156.5969942115082,158.833964157154,155.27666544829353,157.0006561279297,157.0006561279297,195772900
22/01/2016,159.5992809918334,160.42342797516326,158.84241314643424,160.2216033935547,160.2216033935547,168319600
25/01/2016,159.71701684850765,159.91043635063804,157.6061868211118,157.7996063232422,157.7996063232422,130371700
26/01/2016,158.45552839379948,160.22997518752416,158.11914560620974,159.95245361328125,159.95245361328125,141036800
27/01/2016,159.43101219351783,161.09612834464914,157.31176528978338,158.21160888671875,158.21160888671875,185681700
28/01/2016,159.75064189917398,159.95246645505898,157.39592370045483,159.0358123779297,159.0358123779297,143798800
29/01/2016,159.8010732268703,163.0472169292255,159.68333797682342,162.91265869140625,162.91265869140625,210529300
01/02/2016,161.91192342078782,163.63591417149198,161.3316521739096,162.8538055419922,162.8538055419922,136061600
02/02/2016,161.43257147696843,161.44097655554074,159.39741323054122,159.9188232421875,159.9188232421875,182564900
03/02/2016,160.97004015467195,161.28119488917497,157.34546219740864,160.87753295898438,160.87753295898438,205054900
04/02/2016,160.38138953068196,162.0969626330107,159.75066204961968,161.12985229492188,161.12985229492188,139531800
05/02/2016,160.61682760894226,161.18868091665482,157.42954486331232,158.06027221679688,158.06027221679688,180788300
08/02/2016,156.22697703496567,156.5213087914604,153.7292954834269,155.93263244628906,155.93263244628906,191526700
09/02/2016,154.2002088682213,157.2108820153618,154.0656506328656,155.94100952148438,155.94100952148438,184513100
10/02/2016,156.76517780220183,158.3882432977866,155.68031961359517,155.8064727783203,155.8064727783203,148214100
11/02/2016,153.34249234893878,154.82260800891328,152.29127967324595,153.77980041503906,153.77980041503906,219058900
12/02/2016,155.5457773093388,156.9670054690548,154.70480752309757,156.9501953125,156.9501953125,127632400
16/02/2016,158.74989866451398,159.62450175318617,157.7911934492347,159.59927368164062,159.59927368164062,120250700
17/02/2016,160.75976890066923,162.57626650944246,160.6336157479555,162.20623779296875,162.20623779296875,136009500
18/02/2016,162.47540840568837,162.53428246766302,161.23077634529034,161.54193115234375,161.54193115234375,102343000
19/02/2016,160.76818011475066,161.61755491385702,160.1626808887134,161.4661865234375,161.4661865234375,114793000
22/02/2016,163.03880682917304,163.94705572969033,162.9715277070406,163.80409240722656,163.80409240722656,103640300
23/02/2016,163.14819035148213,163.4173069280054,161.61761869492165,161.73536682128906,161.73536682128906,111455300
24/02/2016,160.3140563629119,162.7528633348726,159.21238812042944,162.475341796875,162.475341796875,150812200
25/02/2016,162.92105370829415,164.45162469656563,162.16418612361468,164.44320678710938,164.44320678710938,110728300
26/02/2016,165.30944868764604,165.40194305175584,163.90501775335608,164.06480407714844,164.06480407714844,129833700
29/02/2016,164.0816585428192,165.02354084415234,162.58473295726452,162.7781524658203,162.7781524658203,125918100
01/03/2016,163.99748122862272,166.68859428250045,163.52654029384752,166.6044921875,166.6044921875,141799700
02/03/2016,166.29333396927436,167.40340717285216,165.88125424409031,167.3529510498047,167.3529510498047,102415000
03/03/2016,167.17639213163855,168.02577989932098,166.6045387886515,168.0089569091797,168.0089569091797,95172200
04/03/2016,168.20241241060234,169.32932201217227,167.37826536769782,168.5556182861328,168.5556182861328,129293600
07/03/2016,167.63889712662322,169.09378394860045,167.56321293325217,168.6901092529297,168.6901092529297,100219000
08/03/2016,167.62212277197764,168.12669700106255,166.6886456911612,166.84841918945312,166.84841918945312,123974900
09/03/2016,167.65576917113228,168.01738008894603,166.8736604475755,167.67259216308594,167.67259216308594,94801200
10/03/2016,168.16033226714995,169.0938092884853,165.99062857344666,167.80711364746094,167.80711364746094,156838700
11/03/2016,169.25360551473076,170.55711148824372,167.7903260316421,170.5150604248047,170.5150604248047,137964500
14/03/2016,170.0104600627481,170.75050477050704,169.6824823497622,170.29638671875,170.29638671875,73612000
15/03/2016,169.33767639070157,170.32160949911452,169.07697781054694,170.01885986328125,170.01885986328125,93169100
16/03/2016,169.53957366347828,171.40652827208655,169.49752259294144,171.0028533935547,171.0028533935547,129303200
17/03/2016,170.91871418375794,172.5922359457373,170.52345733404252,172.08766174316406,172.08766174316406,134278500
18/03/2016,172.58641104437726,173.1020490765055,172.27365143252433,172.76393127441406,172.76393127441406,138372400
21/03/2016,172.50185659245642,173.2372697720266,172.2736200235548,173.009033203125,173.009033203125,72926700
22/03/2016,172.2398433714082,173.48244636922675,172.07924578866994,172.9160919189453,172.9160919189453,97471900
23/03/2016,172.53570440818353,172.72167307934697,171.6058610523664,171.77493286132812,171.77493286132812,81052500
24/03/2016,170.752036408349,171.7325957526377,170.53226120291723,171.6987762451172,171.6987762451172,84360900
28/03/2016,172.11299145548446,172.32431824559737,171.3522201704235,171.80023193359375,171.80023193359375,62408200
29/03/2016,171.39453917293912,173.499359431378,171.0902279656753,173.38946533203125,173.38946533203125,92922900
30/03/2016,174.38695364156405,174.8687722475735,173.78677959374645,174.1502685546875,174.1502685546875,86365300
31/03/2016,174.05722364175384,174.4798772781633,173.566943875715,173.72755432128906,173.72755432128906,94584100
01/04/2016,172.7385622989475,175.09696413244765,172.4257898082557,174.91099548339844,174.91099548339844,114423500
04/04/2016,174.83491480390006,175.03779320441413,174.04032385817757,174.34463500976562,174.34463500976562,63497000
05/04/2016,173.00901531062104,174.3530506026861,172.34967675608485,172.603271484375,172.603271484375,99662200
06/04/2016,172.60329540527508,174.54750472712718,172.42577520136052,174.4883270263672,174.4883270263672,91839800
07/04/2016,173.40635424047946,173.7613817898661,171.6734715435659,172.4004364013672,172.4004364013672,113859000
08/04/2016,173.5754268590138,174.00654190892814,172.33282388873346,172.86537170410156,172.86537170410156,95040600
11/04/2016,173.49933441929358,174.19249264083268,172.3666256604711,172.45960998535156,172.45960998535156,83757500
12/04/2016,172.62865402950032,174.3446267787749,172.18909063165515,174.065673828125,174.065673828125,115350600
13/04/2016,174.9785607411311,175.90840366286844,174.84330851644896,175.82386779785156,175.82386779785156,96336400
14/04/2016,175.8830809528281,176.3310927513701,175.4857855241792,175.8323516845703,175.8323516845703,65212900
15/04/2016,175.83235650917135,175.96760876484055,175.3167185705019,175.637939453125,175.637939453125,75761600
18/04/2016,175.6379465195816,176.90590744617305,174.97860786962326,176.87210083007812,176.87210083007812,82531000
19/04/2016,177.29472281960233,177.68355687791993,176.6184745331453,177.42996215820312,177.42996215820312,88316100
20/04/2016,177.47228672666824,178.29223593966242,176.998916644603,177.59909057617188,177.59909057617188,81100300
21/04/2016,177.6159733995986,177.72586748080948,176.37337058320233,176.6438751220703,176.6438751220703,85695000
22/04/2016,176.28884758858086,176.91436676257194,175.74785140921125,176.6438751220703,176.6438751220703,99251700
25/04/2016,176.04372158929198,176.38185230196618,175.4350992048462,176.33958435058594,176.33958435058594,66166500
26/04/2016,176.70302576233865,177.10878253811143,176.1282230108752,176.60159301757812,176.60159301757812,75864200
27/04/2016,176.22121334134943,177.35392202438942,175.866185824204,176.965087890625,176.965087890625,77329400
28/04/2016,176.21276214228232,177.31165129306655,174.9448012159631,175.35899353027344,175.35899353027344,97216200
29/04/2016,174.74194659142722,175.08852572070128,173.3133750230655,174.4122772216797,174.4122772216797,142424100
02/05/2016,174.91096307443323,175.97604549570423,174.47986104880636,175.7985382080078,175.7985382080078,62188000
03/05/2016,174.57285054359738,174.80953553313523,173.52466494824083,174.26853942871094,174.26853942871094,106422100
04/05/2016,173.27953563715295,174.00650037892598,172.79770431951002,173.2964324951172,173.2964324951172,92243800
05/05/2016,173.7613624771199,174.11638998704692,172.83998063718795,173.26263427734375,173.26263427734375,67619200
06/05/2016,172.49342360262426,173.93890491198147,172.3412744639378,173.89663696289062,173.89663696289062,89315000
09/05/2016,173.76983733588003,174.47143108260832,173.59231711791074,174.0403289794922,174.0403289794922,74374900
10/05/2016,174.74189167967697,176.22117916339243,174.67426556118923,176.2042694091797,176.2042694091797,77472200
11/05/2016,175.747840344403,176.28037516192643,174.5559539794922,174.5559539794922,174.5559539794922,81727000
12/05/2016,175.22379085124507,175.3928626746213,173.60080195411265,174.60671997070312,174.60671997070312,89586300
13/05/2016,174.31085013034456,174.86029479833752,172.76393599172155,173.08514404296875,173.08514404296875,96474600
16/05/2016,173.2542259340366,175.26604895576818,173.19504821950733,174.7926788330078,174.7926788330078,77486800
17/05/2016,174.5221851606471,174.8095866035693,172.63714022404778,173.16123962402344,173.16123962402344,114924900
18/05/2016,172.81464906527623,174.38692136473108,172.1299521265143,173.21194458007812,173.21194458007812,120062100
19/05/2016,172.49341286002985,172.89915676962522,171.41142050219796,172.61175537109375,172.61175537109375,115430500
20/05/2016,173.2204237483252,174.21789337685868,173.16970735843483,173.70225524902344,173.70225524902344,104990400
23/05/2016,173.71911228682396,173.99806526563853,173.27956174296477,173.4655303955078,173.4655303955078,58682600
24/05/2016,174.27698484825916,176.02677695323382,174.25162666398688,175.71400451660156,175.71400451660156,93537800
25/05/2016,176.39026111291548,177.32010424095265,175.7140127378307,176.90589904785156,176.90589904785156,76621400
26/05/2016,177.04115514830409,177.26939172075558,176.64385970300023,176.9566192626953,176.9566192626953,55280700
27/05/2016,177.11723338236027,177.72585565595264,177.0665170092885,177.7174072265625,177.7174072265625,64211200
31/05/2016,177.98784878697742,178.09774282996705,176.82132094097014,177.3792266845703,177.3792266845703,109879400
01/06/2016,176.7706258615914,177.92024409359868,176.5762088299738,177.74273681640625,177.74273681640625,69936200
02/06/2016,177.3454608924536,178.30064929932263,176.8720909034982,178.28375244140625,178.28375244140625,63044700
03/06/2016,177.7258320023859,178.09776921989842,176.55085555526068,177.75119018554688,177.75119018554688,101757100
06/06/2016,178.10622799488203,179.01071290804657,177.9456175599564,178.6556854248047,178.6556854248047,64887000
07/06/2016,178.80784042031084,179.4925372247059,178.78248223484178,178.93463134765625,178.93463134765625,60974800
08/06/2016,179.0698867439369,179.64470238750525,178.94309581436713,179.5178985595703,179.5178985595703,66170900
09/06/2016,178.790965217098,179.39113915204098,178.52047355369749,179.27279663085938,179.27279663085938,73786900
10/06/2016,177.9033539751604,178.2414716862888,177.03267571719513,177.5736846923828,177.5736846923828,113829200
13/06/2016,176.97350199631893,177.82725755779538,176.11974643484245,176.2042694091797,176.2042694091797,117751200
14/06/2016,175.8239356895269,176.44946779644985,174.9110021679503,175.8577423095703,175.8577423095703,125059300
15/06/2016,175.8577586106169,176.97357065098475,175.4266564486757,175.6126251220703,175.6126251220703,109124500
16/06/2016,175.61258658998682,176.3057447475261,173.78671977820883,176.1366729736328,176.1366729736328,149533100
17/06/2016,176.03303010509904,176.05852016671878,174.82645298180685,175.48072814941406,175.48072814941406,117055700
20/06/2016,177.43502243949953,178.1062822399764,176.52583382287239,176.61080932617188,176.61080932617188,82789600
21/06/2016,176.9932094086812,177.52002133379412,176.5513600388268,177.11216735839844,177.11216735839844,72461700
22/06/2016,177.29059917623738,178.01285221148314,176.6788117256736,176.82327270507812,176.82327270507812,95560500
23/06/2016,178.2762427665224,179.17692616715493,177.81740870098164,179.12594604492188,179.12594604492188,102731400
24/06/2016,173.02504824469295,179.15990572926566,172.25181530375218,172.69366455078125,172.69366455078125,333444400
27/06/2016,171.29171639705177,171.30022172948782,168.79358616465717,169.60081481933594,169.60081481933594,230775800
28/06/2016,171.19817759408187,172.6851580246095,170.89228395832714,172.65966796875,172.65966796875,159382400
29/06/2016,174.05320432763637,175.82908094424613,173.9512440902631,175.59967041015625,175.59967041015625,137328600
30/06/2016,176.06700220207614,178.04679920829113,175.51468735402474,177.99581909179688,177.99581909179688,165021900
01/07/2016,177.99581846783693,178.85402697728696,177.83437278921002,178.36968994140625,178.36968994140625,106055300
05/07/2016,177.54545810943563,177.65592366010577,176.49183457543833,177.0866241455078,177.0866241455078,109803700
06/07/2016,176.59378455500314,178.26770058289569,175.9395095831541,178.14874267578125,178.14874267578125,96021500
07/07/2016,178.32724136980346,178.9900089584059,177.27361749327875,178.03834533691406,178.03834533691406,85593800
08/07/2016,179.32987466035493,180.93581329457842,179.10045115105365,180.68939208984375,180.68939208984375,133971000
11/07/2016,181.14824498624836,181.89598802426735,180.94431153075868,181.32667541503906,181.32667541503906,73633900
12/07/2016,182.28680301556167,182.94107802574163,181.35212442959033,182.6436767578125,182.6436767578125,101275600
13/07/2016,183.06004383663773,183.06853620035284,182.13387053950225,182.61819458007812,182.61819458007812,87324100
14/07/2016,183.87574847601795,184.10517194686253,183.24697647024917,183.63783264160156,183.63783264160156,91230900
15/07/2016,184.19867977283846,184.394107900916,182.94961488842702,183.39146423339844,183.39146423339844,107155400
18/07/2016,183.51036016838736,184.0456772138071,183.2554466722142,183.8842315673828,183.8842315673828,58725900
19/07/2016,183.4679184183314,183.73132434308258,183.22151018837002,183.6973419189453,183.6973419189453,54345700
20/07/2016,183.69730855690793,184.69995195489125,183.69730855690793,184.4620361328125,184.4620361328125,58159500
21/07/2016,184.35160181558447,184.57251996784868,183.3234552954601,183.7653045654297,183.7653045654297,67777300
22/07/2016,183.88432892280778,184.6405644837236,183.62092292463257,184.58958435058594,184.58958435058594,62787500
25/07/2016,184.3855665444508,184.43654665427843,183.5103734179036,184.08816528320312,184.08816528320312,55873100
26/07/2016,183.98620576578415,184.53001521508753,183.331930767806,184.1731414794922,184.1731414794922,70080500
27/07/2016,184.54711353544135,184.61509137435073,183.21307275705774,183.97781372070312,183.97781372070312,84083900
28/07/2016,183.7823338581247,184.47909683608788,183.32349974894834,184.19020080566406,184.19020080566406,65035700
29/07/2016,183.9267241626998,184.8443920284275,183.6463206060566,184.48751831054688,184.48751831054688,79519400
01/08/2016,184.5470816095191,184.9379379088227,183.88431400161755,184.33465576171875,184.33465576171875,73311400
02/08/2016,184.08819970987324,184.24115303340008,182.32082839994354,183.15353393554688,183.15353393554688,92295500
03/08/2016,183.09403788081178,183.7483129607529,182.79664954661428,183.68882751464844,183.68882751464844,53993600
04/08/2016,183.79925608017874,184.1986175322476,182.04886995346283,183.8842315673828,183.8842315673828,46585500
05/08/2016,183.88427924586267,185.4307323835247,183.88427924586267,185.38824462890625,185.38824462890625,71892200
08/08/2016,185.57515931378427,185.67713250638295,185.0143650989755,185.27777099609375,185.27777099609375,39906500
09/08/2016,185.34576983973014,185.88107405850735,185.06536621777903,185.38824462890625,185.38824462890625,51251700
10/08/2016,185.49872776314322,185.5751979494322,184.58104663134466,184.92942810058594,184.92942810058594,57941100
11/08/2016,185.45622916171774,186.0340341214879,185.1928232251601,185.78761291503906,185.78761291503906,72504300
12/08/2016,185.48171396682633,185.8386007360844,185.22681336798837,185.6261749267578,185.6261749267578,61313500
15/08/2016,185.99154570606294,186.50986521228654,185.9830533410386,186.16148376464844,186.16148376464844,49813500
16/08/2016,185.74513401953985,185.81309886935878,185.20132446289062,185.20132446289062,185.20132446289062,53213600
17/08/2016,185.2352813509182,185.6856229701783,184.40257591828794,185.54966735839844,185.54966735839844,75134300
18/08/2016,185.52421510752194,186.00004688027445,185.4137624952037,185.966064453125,185.966064453125,52989300
19/08/2016,185.4987247040344,185.87259622920638,185.0144005667477,185.69415283203125,185.69415283203125,75443000
22/08/2016,185.45619969450132,185.9150466433893,185.09083357357272,185.6856231689453,185.6856231689453,61368800
23/08/2016,186.2974251342365,186.59482643807337,186.00002383039967,186.05950927734375,186.05950927734375,53399200
24/08/2016,185.9150799012492,186.00854778048802,184.6915051059202,185.1078643798828,185.1078643798828,71728900
25/08/2016,184.72544841585486,185.39672112427334,184.57250808154606,184.98036193847656,184.98036193847656,69224800
26/08/2016,185.1673209524872,186.18696220581037,183.74831815541748,184.6320037841797,184.6320037841797,122506300
29/08/2016,184.7594733108918,185.80460465858852,184.72547792087752,185.54119873046875,185.54119873046875,70502200
30/08/2016,185.45622396033679,185.73662758458175,184.6830038679016,185.2353057861328,185.2353057861328,58114500
31/08/2016,184.90393948528794,185.02289743114943,183.93527822171734,184.70851135253906,184.70851135253906,85269500
01/09/2016,184.69995177120478,185.0058453943504,183.56135277161167,184.71694946289062,184.71694946289062,97844200
02/09/2016,185.5666650512311,185.97451892112989,184.98036782019116,185.54966735839844,185.54966735839844,79293900
06/09/2016,185.83010051851176,186.18697433214592,185.11635289124345,186.11050415039062,186.11050415039062,56702100
07/09/2016,185.94905786137406,186.27194924834248,185.49022380686773,186.093505859375,186.093505859375,76554900
08/09/2016,185.76215380602926,186.03406511838986,185.36279216940278,185.66868591308594,185.66868591308594,74102900
09/09/2016,184.36015443857627,184.41113456995873,181.19925663841033,181.22474670410156,181.22474670410156,221589100
12/09/2016,180.46845834859815,184.2241448580641,180.40048053816923,183.8247833251953,183.8247833251953,168110900
13/09/2016,182.5502278367942,182.81363374777334,180.56192550994362,181.1822052001953,181.1822052001953,182828800
14/09/2016,181.2331852212836,182.43126981456757,180.56192541512283,181.11422729492188,181.11422729492188,134185500
15/09/2016,180.95281320717464,183.30648191855082,180.77436981654438,182.9241180419922,182.9241180419922,134427900
16/09/2016,182.31093525496496,182.49028002347347,181.53380934059015,182.2169952392578,182.2169952392578,155236400
19/09/2016,182.8660833232675,183.50658002790968,181.9266829440835,182.25120544433594,182.25120544433594,80250500
20/09/2016,183.1051494339888,183.2588623449213,182.22553525004807,182.2596893310547,182.2596893310547,69665300
21/09/2016,182.95996619560697,184.48861211944993,182.27676731793207,184.3092803955078,184.3092803955078,110284400
22/09/2016,185.31699021745638,185.76960670869244,185.0693373005467,185.470703125,185.470703125,76678700
23/09/2016,185.0778348243264,185.2144771793484,184.36048200685923,184.4544219970703,184.4544219970703,73630900
26/09/2016,183.62606092623957,183.80539263007168,182.76351739041235,182.95994567871094,182.95994567871094,89827300
27/09/2016,182.79776347434967,184.18976746178166,182.43053858486124,184.09584045410156,184.09584045410156,78494800
28/09/2016,184.31786345899306,185.16332375535865,183.36139260075672,185.0095977783203,185.0095977783203,87411000
29/09/2016,184.8046123697199,185.20599127847757,182.78918256246698,183.3357391357422,183.3357391357422,128070600
30/09/2016,184.16414857350068,185.4195231660117,183.9164955795557,184.71925354003906,184.71925354003906,117202900
03/10/2016,184.30928307819204,184.49715006712572,183.6431547153356,184.27511596679688,184.27511596679688,83512100
04/10/2016,184.38616293403305,184.60819706254165,182.74649321420745,183.3357391357422,183.3357391357422,119948100
05/10/2016,183.9591231730412,184.5740008063559,183.89080198812474,184.14700317382812,184.14700317382812,72816000
06/10/2016,183.92497474513854,184.49715006712572,183.3869665345465,184.27511596679688,184.27511596679688,62927400
07/10/2016,184.5484039938564,184.71920046104418,182.91726971570253,183.64315795898438,183.64315795898438,89788300
10/10/2016,184.599609375,185.0607610589214,184.45443175171116,184.599609375,184.599609375,51855000
11/10/2016,184.17266881930584,184.2409900215945,181.54236117040844,182.26824951171875,182.26824951171875,130367400
12/10/2016,182.40486643174575,183.028292428927,181.9095475575587,182.50735473632812,182.50735473632812,73866100
13/10/2016,181.18368806096598,182.40489536878093,180.37239494370476,181.90957641601562,181.90957641601562,101357000
14/10/2016,182.8831391414146,183.3443040289851,181.92666830932427,182.00352478027344,182.00352478027344,93346200
17/10/2016,181.9778809646954,182.234082196945,181.19220674181636,181.37155151367188,181.37155151367188,58275700
18/10/2016,182.95997123618378,183.01974413549965,182.13159469170796,182.50735473632812,182.50735473632812,76869700
19/10/2016,182.7721217434871,183.30159478701952,182.41344519487444,182.99415588378906,182.99415588378906,66519200
20/10/2016,182.6439938203751,183.2076339173306,181.99496200114302,182.6525421142578,182.6525421142578,73639800
21/10/2016,182.6525538288874,182.8233503153305,181.69607004912004,182.73794555664062,182.73794555664062,89089100
24/10/2016,183.60900043463656,183.8822852017601,183.1649192035282,183.5150604248047,183.5150604248047,60146600
25/10/2016,183.33572522123944,183.59192644603485,182.73793105067392,182.9001922607422,182.9001922607422,66542300
26/10/2016,182.08037296255412,183.11370014460235,181.84124225159334,182.53298950195312,182.53298950195312,75705500
27/10/2016,183.25032493308078,183.2844790136868,181.9693318999274,182.0461883544922,182.0461883544922,77220200
28/10/2016,182.02059647118577,182.69524716820135,180.79938918705093,181.50819396972656,181.50819396972656,140623200
31/10/2016,181.84121773548517,182.0632648590971,181.3544471778253,181.51670837402344,181.51670837402344,61272500
01/11/2016,181.84122284602958,181.89247351279658,178.9974298098665,180.20155334472656,180.20155334472656,122781800
02/11/2016,179.89411499958456,180.2784233312652,178.68144316808676,179.1169891357422,179.1169891357422,103330800
03/11/2016,179.3304744269453,179.54397324800323,178.02386268454555,178.29713439941406,178.29713439941406,88939300
04/11/2016,178.4081773824272,179.24508920344076,177.95556087497548,178.10073852539062,178.10073852539062,109122100
07/11/2016,178.10072783000038,182.06326562110294,178.10072783000038,182.0290985107422,182.0290985107422,109794900
08/11/2016,181.6362662008972,183.41257802536992,181.37152973736798,182.84893798828125,182.84893798828125,106772100
09/11/2016,181.3630215587675,185.40242968708276,181.33740273604562,184.7875518798828,184.7875518798828,258429000
10/11/2016,185.57321017854778,186.43574087465458,183.7968981143729,185.24868774414062,185.24868774414062,172113300
11/11/2016,184.53140665199246,185.06087985692804,183.8823745610733,184.82176208496094,184.82176208496094,100552700
14/11/2016,185.34264854530025,185.54761216331917,184.2239164876894,184.96688842773438,184.96688842773438,94580000
15/11/2016,185.35112116725438,186.4100799560547,185.1461706494392,186.4100799560547,186.4100799560547,91652600
16/11/2016,185.7952457984158,186.2905647172134,185.67568695808095,186.0599822998047,186.0599822998047,65617700
17/11/2016,186.21372163613847,187.076252401182,186.10269805108655,187.0164794921875,187.0164794921875,69797200
18/11/2016,187.08477556849542,187.25557203960201,186.4186471785894,186.59799194335938,186.59799194335938,86265800
21/11/2016,187.17016824377677,188.03269889737496,187.0249905910485,188.007080078125,188.007080078125,72402600
22/11/2016,188.3145274195932,188.55364509731695,187.64841202722897,188.3743133544922,188.3743133544922,67429000
23/11/2016,187.86189841231175,188.52801376045227,187.66548312527937,188.47677612304688,188.47677612304688,56620200
25/11/2016,188.81838648715674,189.21121707036835,188.74151699832356,189.17706298828125,189.17706298828125,37872300
28/11/2016,188.86964889000694,189.1429206753413,188.1864498802652,188.28892517089844,188.28892517089844,76572500
29/11/2016,188.32308547503106,189.108759746981,188.02418184691524,188.65614318847656,188.65614318847656,69886700
30/11/2016,189.27101604264698,189.4332772633448,188.14373579207478,188.20352172851562,188.20352172851562,113291800
01/12/2016,188.50238922501075,188.50238922501075,187.153075013537,187.5117645263672,187.5117645263672,79040500
02/12/2016,187.59714711113205,188.09246595181148,187.24700590861025,187.60568237304688,187.60568237304688,74840300
05/12/2016,188.4340371391209,189.0745335441226,188.23762189024822,188.73294067382812,188.73294067382812,67837800
06/12/2016,188.92089633214803,189.36497766614937,188.44266090981026,189.330810546875,189.330810546875,59877400
07/12/2016,189.17705058798379,191.8671306855542,189.05749176211253,191.80735778808594,191.80735778808594,110738100
08/12/2016,191.7817936402401,192.74679978452545,191.51704406447283,192.277099609375,192.277099609375,99714400
09/12/2016,192.4991198920252,193.45559063795153,192.46495277627835,193.43850708007812,193.43850708007812,88005800
12/12/2016,193.344524742737,193.8227730419672,192.79796828883624,193.2164306640625,193.2164306640625,102016100
13/12/2016,193.87403320914964,195.00130032531882,193.85694965302935,194.5059814453125,194.5059814453125,110477500
14/12/2016,194.2070940773172,194.90736351854272,192.46493619058313,192.90048217773438,192.90048217773438,142501800
15/12/2016,193.139610329148,194.54869758176667,192.90902791348702,193.6947021484375,193.6947021484375,124972600
16/12/2016,194.14911601109662,194.2092543255151,192.99802043664093,193.31585693359375,193.31585693359375,156420200
19/12/2016,193.49627408622837,194.15773005848882,193.35024073531872,193.73680114746094,193.73680114746094,90341100
20/12/2016,194.26940412582675,194.63020784253237,194.03747573218476,194.48416137695312,194.48416137695312,89838800
21/12/2016,194.3552928572959,194.52709601948894,193.94296264648438,193.94296264648438,193.94296264648438,67909000
22/12/2016,193.79692808337322,193.91719160692546,193.2127816063045,193.60794067382812,193.60794067382812,56219100
23/12/2016,193.65087830631836,193.90000402722998,193.4619040077609,193.89141845703125,193.89141845703125,36697800
27/12/2016,194.15772506438944,194.76762827263357,194.14054081538862,194.3724822998047,194.3724822998047,42672500
28/12/2016,194.63023325805088,194.64740440280875,192.65446366813657,192.76612854003906,192.76612854003906,64095000
29/12/2016,192.83480937821537,193.1870143832582,192.28503139062656,192.72314453125,192.72314453125,48696100
30/12/2016,193.04960058020293,193.13550873090074,191.331542428195,192.01876831054688,192.01876831054688,108998300
03/01/2017,193.31590037085448,193.99454069132435,192.3194365897589,193.4877166748047,193.4877166748047,91366500
04/01/2017,193.81412033132852,194.78482730354813,193.80553476004727,194.6387939453125,194.6387939453125,78744400
05/01/2017,194.37249651963222,194.63879341379015,193.69385626573714,194.48416137695312,194.48416137695312,78379000
06/01/2017,194.59581569011266,195.64383199684897,194.0546232885752,195.17996215820312,195.17996215820312,71559900
09/01/2017,194.92229655809248,195.05974436018457,194.5013675795894,194.53573608398438,194.53573608398438,46939700
10/01/2017,194.552907228438,195.38616650547345,194.14916250213238,194.53573608398438,194.53573608398438,63771900
11/01/2017,194.44977838564157,195.08546447753906,193.78832247588585,195.08546447753906,195.08546447753906,74650000
12/01/2017,194.57005537567014,194.78481261118412,193.24715657231022,194.5958251953125,194.5958251953125,72113200
13/01/2017,194.76763068865978,195.34317851378316,194.7332752979734,195.0425262451172,195.0425262451172,62717900
17/01/2017,194.40682528050235,194.81056990593012,193.96872526700736,194.35528564453125,194.35528564453125,61240800
18/01/2017,194.6044339487009,194.8277898891978,194.054655884601,194.7848358154297,194.7848358154297,54793300
19/01/2017,194.862153693498,194.99960149239072,193.633748398721,194.06326293945312,194.06326293945312,66608800
20/01/2017,194.74186135988379,195.26586954642843,194.1147738932784,194.77622985839844,194.77622985839844,129168600
23/01/2017,194.77620037162023,194.8363255733062,193.51342695107874,194.2693634033203,194.2693634033203,75061600
24/01/2017,194.4840934230749,195.92726846241644,194.37242860477033,195.5149383544922,195.5149383544922,95555300
25/01/2017,196.45994171913372,197.20730590820312,196.29672410189164,197.20730590820312,197.20730590820312,84437700
26/01/2017,197.06123910305723,197.32754909240646,196.72621833139917,197.00111389160156,197.00111389160156,59970700
27/01/2017,197.07839385048746,197.22442717958108,196.51143167324878,196.69183349609375,196.69183349609375,59711100
30/01/2017,196.00460906777474,196.0303788843842,194.49272302648026,195.47201538085938,195.47201538085938,79737300
31/01/2017,194.98238071531566,195.514987559318,194.41543158963867,195.45484924316406,195.45484924316406,75880800
01/02/2017,195.4548408148971,196.36540933417217,194.94801691948786,195.5321502685547,195.5321502685547,79117700
02/02/2017,195.53211804867354,195.9444612823822,194.8449055413025,195.66098022460938,195.66098022460938,69657600
03/02/2017,196.56301895450204,197.19010644438944,196.25376799509664,197.00970458984375,197.00970458984375,80563200
06/02/2017,196.60593106874376,197.00109011190023,196.32244997190676,196.657470703125,196.657470703125,57790100
07/02/2017,197.0440973342747,197.2846244314358,196.4771349876478,196.66612243652344,196.66612243652344,57931200
08/02/2017,196.6661015444172,197.05266197323664,196.12490907942458,196.92381286621094,196.92381286621094,51566200
09/02/2017,196.92377652459453,198.39270850457046,196.92377652459453,198.09205627441406,198.09205627441406,65955200
10/02/2017,198.43570971957402,199.09716575547398,198.10927448746233,198.87380981445312,198.87380981445312,66015900
13/02/2017,199.36339903137048,200.21384223466117,199.33762921682276,199.9561309814453,199.9561309814453,55182100
14/02/2017,199.7757582406565,200.763649337106,199.4321519248641,200.7550506591797,200.7550506591797,71109000
15/02/2017,200.54031168469666,201.99207275035496,200.48877204341161,201.80308532714844,201.80308532714844,86785800
16/02/2017,201.82884434590395,202.0092461884885,200.88392038818566,201.6312713623047,201.6312713623047,84722400
17/02/2017,200.96975872434143,201.9490509033203,200.95257448043301,201.9490509033203,201.9490509033203,77204100
21/02/2017,202.31848957816084,203.32355181515192,202.30989090023309,203.15174865722656,203.15174865722656,88946100
22/02/2017,202.74804692871916,203.1947326122965,202.58482930644365,202.9713897705078,202.9713897705078,62115200
23/02/2017,203.48676997916627,203.50394111958892,202.35284553971434,203.10879516601562,203.10879516601562,74615900
24/02/2017,202.2669449416613,203.4094418121065,202.22399087630657,203.3665008544922,203.3665008544922,82381600
27/02/2017,203.2805968021621,203.85614458778943,203.03148419049145,203.68434143066406,203.68434143066406,56515400
28/02/2017,203.30637042107935,203.54689746709954,202.74800687304838,203.1345672607422,203.1345672607422,96961900
01/03/2017,204.78390138887448,206.44183400167162,204.76671714050212,205.9779510498047,205.9779510498047,149158200
02/03/2017,205.78895814761938,205.7975568254465,204.6292770143903,204.68081665039062,204.68081665039062,70246000
03/03/2017,204.59490464746935,204.97287944797426,204.2169298469644,204.80966186523438,204.80966186523438,81974300
06/03/2017,204.0193357371922,204.55192938758756,203.59840691520102,204.19973754882812,204.19973754882812,55391500
07/03/2017,203.89912523381324,204.25133027186428,203.38370258750723,203.58987426757812,203.58987426757812,65103700
08/03/2017,203.88194037727087,204.13965169965755,203.07445101740572,203.21189880371094,203.21189880371094,78168800
09/03/2017,203.3321262127252,203.7960091321492,202.50746585690035,203.46957397460938,203.46957397460938,90683900
10/03/2017,204.42312899634726,204.46608306722703,203.23766480032393,204.18260192871094,204.18260192871094,81991700
13/03/2017,204.12244220245708,204.32861385641445,203.7960201350338,204.28565979003906,204.28565979003906,57256800
14/03/2017,203.7444943594069,203.79604711052556,202.89406402821444,203.50396728515625,203.50396728515625,59880800
15/03/2017,204.07091913324487,205.68589778433662,203.83897764218042,205.2649688720703,205.2649688720703,96081800
16/03/2017,205.40239844996398,205.47970790422042,204.53478398969114,204.8612060546875,204.8612060546875,78344000
17/03/2017,205.12262693094203,205.31243651377542,204.50143432617188,204.50143432617188,204.50143432617188,89002100
20/03/2017,204.501459845826,204.7861742556055,203.88890325050352,204.2771453857422,204.2771453857422,52537000
21/03/2017,204.88106201136898,205.00184873594333,201.52490248773285,201.65431213378906,201.65431213378906,131809300
22/03/2017,201.68883923366832,202.41355961375712,201.0676465750876,202.12884521484375,202.12884521484375,97569200
23/03/2017,202.12885377022735,203.04338378830042,201.5421791038283,201.9131622314453,201.9131622314453,100410300
24/03/2017,202.21512154769727,202.78453716514386,200.98999527263658,201.7664794921875,201.7664794921875,112504900
27/03/2017,200.10131057152168,201.8182196380576,199.82523229925408,201.55938720703125,201.55938720703125,87454500
28/03/2017,201.2574499256847,203.44887000641816,201.14528612102265,203.026123046875,203.026123046875,93483900
29/03/2017,202.74140106431437,203.44886238743723,202.51707346339117,203.21591186523438,203.21591186523438,61950400
30/03/2017,203.15556040447396,204.06146755740394,202.9830097955272,203.86302185058594,203.86302185058594,56737900
31/03/2017,203.52655188105265,204.05283981696786,203.33674225401649,203.38851928710938,203.38851928710938,73733100
03/04/2017,203.44026066489053,203.63869319312118,201.80963316908782,203.03475952148438,203.03475952148438,85546500
04/04/2017,202.75006047335296,203.2504664576976,202.37044123248683,203.1641845703125,203.1641845703125,56466200
05/04/2017,203.83708588832562,204.81201565937246,202.3531273481406,202.56019592285156,202.56019592285156,108800600
06/04/2017,202.69824042526162,203.64727509961673,202.2582213522318,203.12962341308594,203.12962341308594,69135800
07/04/2017,202.87942071232564,203.61277708212893,202.43941478930236,202.9225616455078,202.9225616455078,74412300
10/04/2017,203.06060922611044,203.83709337144512,202.51706242551742,203.04335021972656,203.04335021972656,67615300
11/04/2017,202.6637730974857,202.90534657790053,201.317859945241,202.80181884765625,202.80181884765625,88045300
12/04/2017,202.52573199408363,202.71554160139317,201.68884777042805,201.9131622314453,201.9131622314453,81864400
13/04/2017,201.57669086568936,202.31004738858752,200.6017608642578,200.6017608642578,200.6017608642578,92880400
17/04/2017,201.1193993230347,202.37904357910156,200.92096681285324,202.37904357910156,202.37904357910156,68405400
18/04/2017,201.64566056275982,202.30999403591392,201.09349087676208,201.7750701904297,201.7750701904297,83225800
19/04/2017,202.3359486943594,202.7069318702114,201.17983189094747,201.40415954589844,201.40415954589844,68699900
20/04/2017,202.01665655850178,203.48336931154554,201.69743734660534,203.04335021972656,203.04335021972656,92572200
21/04/2017,202.96573006922685,203.01749393015078,201.99943622593705,202.39630126953125,202.39630126953125,110389800
24/04/2017,204.63086108102416,204.82930676634282,202.37041806974946,204.6222381591797,204.6222381591797,119209900
25/04/2017,205.26068118771292,206.15795211813352,205.17439931383385,205.81285095214844,205.81285095214844,76698300
26/04/2017,205.7783001659891,206.65832511330024,205.64026762043648,205.6833953857422,205.6833953857422,84702500
27/04/2017,206.00267146917838,206.1579630526786,205.32107885777282,205.8560028076172,205.8560028076172,57410300
28/04/2017,206.1147793456623,206.1406612708753,205.2778953244058,205.40731811523438,205.40731811523438,63532800
01/05/2017,205.9250030517578,206.3477631731403,205.51087901668387,205.9250030517578,205.9250030517578,66882500
02/05/2017,206.06307233410743,206.18385907333953,205.5971843870029,206.002685546875,206.002685546875,57375700
03/05/2017,206.00269676199866,206.09760157404546,205.07953057529195,205.7524871826172,205.7524871826172,73137700
04/05/2017,206.05443376088857,206.1320795520473,205.14852670307175,205.99403381347656,205.99403381347656,61462700
05/05/2017,206.36504769207525,206.8223127209225,205.92502850844568,206.8050537109375,206.8050537109375,62001300
08/05/2017,206.84815359486905,206.9948222387099,206.34774772277183,206.7705078125,206.7705078125,48385700
09/05/2017,207.0293304725549,207.22776296193527,206.23557418550524,206.5806884765625,206.5806884765625,51363200
10/05/2017,206.53759710752405,206.95172119140625,206.33052848319932,206.95172119140625,206.95172119140625,54293800
11/05/2017,206.5031097645792,206.69291939511479,205.4505338733431,206.52899169921875,206.52899169921875,62358300
12/05/2017,206.27872742194222,206.57206471326526,205.9163672682905,206.18382263183594,206.18382263183594,53912700
15/05/2017,206.60658023464333,207.4434643287316,206.58932122807815,207.3226776123047,207.3226776123047,61918900
16/05/2017,207.615989824933,207.6418717492725,206.74460098772246,207.13284301757812,207.13284301757812,51241800
17/05/2017,207.13291412029378,207.13291412029378,203.3971348360046,203.45753479003906,203.45753479003906,172174100
18/05/2017,203.37986121587352,205.12265252811457,203.12102873745883,204.2771453857422,204.2771453857422,107047700
19/05/2017,204.76026688843976,206.270107466075,204.70850303214038,205.60577392578125,205.60577392578125,115011400
22/05/2017,206.114780138584,206.8136316163142,206.04577044759293,206.6497039794922,206.6497039794922,61010600
23/05/2017,207.0207127572947,207.27092228610908,206.64109358582823,207.10699462890625,207.10699462890625,48341700
24/05/2017,207.33996779319827,207.6936919099978,207.00347635602546,207.5901641845703,207.5901641845703,46927700
25/05/2017,208.09914382535894,208.8583820715962,207.89208842348594,208.58229064941406,208.58229064941406,64071700
26/05/2017,208.39254850321635,208.70314487126794,208.31490270239541,208.5392303466797,208.5392303466797,46629900
30/05/2017,208.2199254836617,208.60816751752535,208.06463393602158,208.35797119140625,208.35797119140625,35201900
31/05/2017,208.65137562977858,208.6858936502107,207.6160588178628,208.3062744140625,208.3062744140625,91796000
01/06/2017,208.76352414554896,209.98002756363837,208.4788097393089,209.9627685546875,209.9627685546875,68962000
02/06/2017,210.0145464449187,210.81692585514858,209.72120909699268,210.66162109375,210.66162109375,88666100
05/06/2017,210.48910390219547,210.7738183726518,210.3079171792616,210.50636291503906,210.50636291503906,44698800
06/06/2017,209.94546361000724,210.49763329272264,209.75565404737722,209.83331298828125,209.83331298828125,50375400
07/06/2017,210.16987004095023,210.44594840351363,209.5055363224801,210.2216339111328,210.2216339111328,54144300
08/06/2017,210.31649609686164,210.7996430069901,209.79883117042922,210.3251190185547,210.3251190185547,65950700
09/06/2017,210.59256449448196,211.38630769016876,208.7462456520709,210.00588989257812,210.00588989257812,132256400
12/06/2017,209.76433602843528,210.0145324167736,209.117261422826,209.9627685546875,209.9627685546875,86108100
13/06/2017,210.49767317183907,211.04122003732482,210.15257199154834,210.9894561767578,210.9894561767578,60067000
14/06/2017,211.25692619678506,211.26554911922136,209.9023769825641,210.72201538085938,210.72201538085938,78602300
15/06/2017,209.3760879304886,210.43729979879853,209.10000960161716,210.31651306152344,210.31651306152344,66464900
16/06/2017,210.4751986017491,210.5272149045806,209.4868491610462,210.36248779296875,210.36248779296875,84553100
19/06/2017,211.18602544553738,212.1743744899548,211.0906578522619,212.1136932373047,212.1136932373047,65123800
20/06/2017,211.75826411538486,211.7669290874146,210.66588233621394,210.68321228027344,210.68321228027344,56906400
21/06/2017,211.0733905719172,211.18608813999887,210.163065680216,210.6312255859375,210.6312255859375,55977600
22/06/2017,210.63987344553215,211.1340414287775,210.36243559398292,210.53582763671875,210.53582763671875,44148100
23/06/2017,210.59654198799345,211.11671816525634,210.215071520621,210.7872772216797,210.7872772216797,66986800
26/06/2017,211.45484928203297,211.87100612216315,210.71792968194868,210.92599487304688,210.92599487304688,56700500
27/06/2017,210.70921698887196,211.00399800962012,209.20935665635997,209.22669982910156,209.22669982910156,82247700
28/06/2017,210.24105677624263,211.29876541916607,210.00697024603113,211.099365234375,211.099365234375,70042600
29/06/2017,211.24675564066692,211.29877193143605,208.0389564965759,209.24404907226562,209.24404907226562,106949700
30/06/2017,210.0503752159697,210.42318076515832,209.44349630574547,209.6342315673828,209.6342315673828,86820700
03/07/2017,210.5704945890348,211.00398127043258,209.9896240234375,209.9896240234375,209.9896240234375,39153800
05/07/2017,210.35372193153322,210.68316276778634,209.54742993744446,210.47509765625,210.47509765625,54427600
06/07/2017,209.71214065920023,209.83351637447677,208.36832959287827,208.55039978027344,208.55039978027344,65400800
07/07/2017,209.12272885125728,210.05038381723588,208.55918801735513,209.9029998779297,209.9029998779297,57972300
10/07/2017,209.90293335006723,210.50114712110005,209.59948736422132,210.1283416748047,210.1283416748047,36663300
11/07/2017,210.12832363116158,210.284385711013,208.810533682673,209.97227478027344,209.97227478027344,50354600
12/07/2017,210.93464241773597,211.7149132288822,210.93464241773597,211.55018615722656,211.55018615722656,59610400
13/07/2017,211.55887080924606,212.01836569210465,211.3334492394899,211.90565490722656,211.90565490722656,39471600
14/07/2017,211.9056631814736,213.24947476430907,211.81029556646038,212.89401245117188,212.89401245117188,60262700
17/07/2017,212.81594941384432,213.19741980471335,212.69457367392815,212.8679656982422,212.8679656982422,33531900
18/07/2017,212.46052349975758,213.0327291839186,212.12240436438347,212.980712890625,212.980712890625,42742500
19/07/2017,213.29280851214529,214.142438775647,213.2841303112444,214.13377380371094,214.13377380371094,51034300
20/07/2017,214.38522064366933,214.50659641278904,213.68297417740766,214.2291717529297,214.2291717529297,47135200
21/07/2017,213.65696640632223,214.06444503815098,213.4315448140113,214.03843688964844,214.03843688964844,82340800
24/07/2017,213.9603372726422,214.12506431811352,213.51818564713727,213.98635864257812,213.98635864257812,46622300
25/07/2017,214.73200015497065,214.8360459755248,214.28118343877938,214.506591796875,214.506591796875,54915600
26/07/2017,214.79266611748264,214.8273392337501,214.2551468270668,214.51522827148438,214.51522827148438,47575400
27/07/2017,214.9747346806394,215.0094077966364,212.99802311573262,214.31582641601562,214.31582641601562,70766600
28/07/2017,213.83897055329027,214.1944328001912,213.38815393811012,214.06439208984375,214.06439208984375,50088400
31/07/2017,214.4632150657075,214.5585826730198,213.73496055293967,213.9430389404297,213.9430389404297,65838700
01/08/2017,214.54128238511666,214.57595550667546,213.89971719006266,214.41990661621094,214.41990661621094,55050400
02/08/2017,214.54990340675474,214.66261417942312,213.59622739716988,214.52389526367188,214.52389526367188,47211200
03/08/2017,214.41117504181935,214.43718318375602,213.83030449029465,214.1077423095703,214.1077423095703,40856000
04/08/2017,214.59329242240065,214.82736575126967,214.11645433383487,214.4979248046875,214.4979248046875,60191800
07/08/2017,214.56730279938967,214.89674377441406,214.46325697083216,214.89674377441406,214.89674377441406,31995000
08/08/2017,214.58464808036481,215.79841915450763,213.99511233527105,214.36790466308594,214.36790466308594,61719400
09/08/2017,213.6829840630195,214.411238711429,213.3275217123789,214.35922241210938,214.35922241210938,62632600
10/08/2017,213.52693841074486,213.65699239804556,211.28147979041705,211.33349609375,211.33349609375,120479500
11/08/2017,211.55890993918783,212.23514831560266,211.32482335382338,211.64559936523438,211.64559936523438,74869900
14/08/2017,212.92001492033617,213.96038045612352,212.88534180169498,213.74363708496094,213.74363708496094,73291900
15/08/2017,214.1250994302894,214.1424426034363,213.41418807884588,213.71762084960938,213.71762084960938,55242700
16/08/2017,214.2378227507355,214.63663638266544,213.66561706408348,214.09043884277344,214.09043884277344,56715500
17/08/2017,213.48352220429825,213.79563313907357,210.75254821777344,210.75254821777344,210.75254821777344,128490400
18/08/2017,210.5879164131165,211.7063199473133,209.9810374401648,210.42320251464844,210.42320251464844,136748000
21/08/2017,210.36243651498586,210.84793952835773,209.66019014000403,210.5878448486328,210.5878448486328,65469700
22/08/2017,211.16874181507407,212.94602690749204,211.1513986409579,212.78997802734375,212.78997802734375,63140100
23/08/2017,211.8276231274505,212.45184506535176,211.68023922946892,212.0270233154297,212.0270233154297,50203800
24/08/2017,212.4085058976072,212.56455477652642,211.32478903078268,211.53286743164062,211.53286743164062,50741700
25/08/2017,212.3217911113928,212.9373480772828,211.87963941744812,212.0270233154297,212.0270233154297,64445900
28/08/2017,212.55588170528304,212.58188985077862,211.61954878054664,212.03570556640625,212.03570556640625,40565600
29/08/2017,210.72656773509016,212.53853909724913,210.6138569516661,212.27845764160156,212.27845764160156,51135700
30/08/2017,212.26114196008922,213.55293734929995,212.07907168858918,213.28416442871094,213.28416442871094,62030800
31/08/2017,213.89967228009607,214.80999697024225,213.31880170593672,214.56724548339844,214.56724548339844,103803900
01/09/2017,214.94008701250172,215.29554935301522,214.7233436188667,214.8707275390625,214.8707275390625,62007000
05/09/2017,214.36783428767083,214.59325583417635,212.3651278861229,213.3274688720703,213.3274688720703,91398800
06/09/2017,214.0036935557126,214.38516393746374,213.47483929536907,214.0557098388672,214.0557098388672,57916900
07/09/2017,214.35919353648387,214.37653671024327,213.6222607848127,214.0297393798828,214.0297393798828,58034700
08/09/2017,213.74361870908626,214.2377999027549,213.53555355719578,213.77830505371094,213.77830505371094,63832800
11/09/2017,215.044085856404,216.13648085540885,215.02675591248934,216.05845642089844,216.05845642089844,71364800
12/09/2017,216.42255492060934,216.82135524109322,216.24048470197934,216.78668212890625,216.78668212890625,56896000
13/09/2017,216.5006421250822,216.92546393909893,216.3879313271056,216.89077758789062,216.89077758789062,59228000
14/09/2017,216.5699793839034,217.02080930059907,216.39658733254828,216.82139587402344,216.82139587402344,95446300
15/09/2017,216.67762799637953,217.2003856134073,216.5730791318973,217.11326599121094,217.11326599121094,95432400
18/09/2017,217.4792170853588,217.92356308829662,217.1916943912399,217.57505798339844,217.57505798339844,46235200
19/09/2017,217.81901441542607,217.8800101208788,217.4705093102084,217.79287719726562,217.79287719726562,47108100
20/09/2017,217.8799981241204,217.98454699100557,216.87802273620898,217.87127685546875,217.87127685546875,59574100
21/09/2017,217.71446667763573,217.80158630708547,217.11328406757664,217.28753662109375,217.28753662109375,48211400
22/09/2017,216.99127286562393,217.49661450000565,216.9651356513124,217.33106994628906,217.33106994628906,51214000
25/09/2017,217.0784310696796,217.42694948014497,216.14617257274787,216.88674926757812,216.88674926757812,57064400
26/09/2017,217.31365618348264,217.55761239750964,216.78217729693458,217.01742553710938,217.01742553710938,54082000
27/09/2017,217.71441826705015,218.2458970786002,216.83442113134413,217.86253356933594,217.86253356933594,81001400
28/09/2017,217.58376221603876,218.20237405540473,217.49664258862123,218.12396240234375,218.12396240234375,44778800
29/09/2017,218.1152356503722,218.96909572207406,217.93227513116253,218.8906707763672,218.8906707763672,85578000
02/10/2017,219.11720188713397,219.84036254882812,218.94293605473234,219.84036254882812,219.84036254882812,59023000
03/10/2017,219.84042976061505,220.3370503098654,219.7620047942109,220.3109130859375,220.3109130859375,66810200
04/10/2017,220.16276478522528,220.81622187491448,220.0494946354012,220.572265625,220.572265625,55953600
05/10/2017,220.90329703403205,221.89655107859585,220.60706640372368,221.87913513183594,221.87913513183594,63522800
06/10/2017,221.4347983118458,221.91400278857896,221.1734261378252,221.62648010253906,221.62648010253906,80646000
09/10/2017,221.85295723467326,221.9139396263819,220.9990973938449,221.26048278808594,221.26048278808594,35803100
10/10/2017,221.82688336786683,222.2189549238786,221.28668318694972,221.84429931640625,221.84429931640625,43057400
11/10/2017,221.74851170150012,222.19287109375,221.58298038289962,222.19287109375,222.19287109375,47674300
12/10/2017,221.8791540963811,222.22765918598844,221.62647660599134,221.86172485351562,221.86172485351562,47065100
13/10/2017,222.29736525116894,222.41063538908594,221.86172723717084,222.13182067871094,222.13182067871094,54800400
16/10/2017,222.3583491714976,222.61972133035232,222.01855207037005,222.42803955078125,222.42803955078125,38221700
17/10/2017,222.3757888583203,222.62846636500922,222.1579698396109,222.58489990234375,222.58489990234375,31561000
18/10/2017,222.9595118893441,223.00307834608037,222.61100682468611,222.8026885986328,222.8026885986328,40888300
19/10/2017,222.02726047930824,222.89853646284217,221.60905172970456,222.86367797851562,222.86367797851562,61903800
20/10/2017,223.65659412906825,224.03995775498825,222.84630041162484,224.0137939453125,224.0137939453125,89176400
23/10/2017,224.33615704313655,224.3622942599157,223.06407492192818,223.14248657226562,223.14248657226562,63915300
24/10/2017,223.56937385757166,223.76975027290646,223.17728911493276,223.53451538085938,223.53451538085938,66935900
25/10/2017,223.20347464282193,223.31674477473658,221.30409938385668,222.42803955078125,222.42803955078125,103715300
26/10/2017,223.03795734568504,223.30803749521493,222.59359805856283,222.715576171875,222.715576171875,69798000
27/10/2017,223.45615581425676,224.6933794281526,222.72428716813948,224.53652954101562,224.53652954101562,85562500
30/10/2017,223.4561627955605,224.4407089563266,223.40388836129273,223.7001190185547,223.7001190185547,54285700
31/10/2017,224.0747822391044,224.30132253489603,223.75241433462344,224.04864501953125,224.04864501953125,60304800
01/11/2017,224.82408167752484,225.16386551408445,223.97894283684508,224.34486389160156,224.34486389160156,54202700
02/11/2017,224.27516827162728,224.5713989340232,223.2122104410375,224.43199157714844,224.43199157714844,56449500
03/11/2017,224.58880179335614,225.2248428365465,224.17930101553856,225.18128967285156,225.18128967285156,59589700
06/11/2017,225.05055220346011,225.6604559633775,224.9808618313813,225.52976989746094,225.52976989746094,49652600
07/11/2017,225.6344191231039,225.96550836353012,224.86769174300989,225.373046875,225.373046875,57502200
08/11/2017,225.198729532487,225.85218659269393,224.9199148053821,225.75633239746094,225.75633239746094,50469600
09/11/2017,224.55399905935963,225.12904447666784,223.3603284661559,224.93736267089844,224.93736267089844,95085500
10/11/2017,224.5539833932708,225.04189584860146,224.24031019242418,224.8676300048828,224.8676300048828,59984700
13/11/2017,224.18807482410824,225.3033072862376,224.15321633144313,225.07676696777344,225.07676696777344,50228600
14/11/2017,224.27515563886934,224.65851920137254,223.4997072454137,224.55397033691406,224.55397033691406,61315200
15/11/2017,223.58689230298575,224.10966333642224,222.72433738082103,223.43006896972656,223.43006896972656,80811500
16/11/2017,224.3709825760484,225.69533909325546,224.32742941239627,225.3293914794922,225.3293914794922,67777000
17/11/2017,224.9808942619812,225.30326213412084,224.58880941848312,224.66722106933594,224.66722106933594,75756800
20/11/2017,224.9112021225821,225.24226467162944,224.66721931396768,225.0505828857422,225.0505828857422,48075500
21/11/2017,225.8173093322673,226.7060278773804,225.01575029501927,226.52304077148438,226.52304077148438,69176800
22/11/2017,226.5317448121529,226.66243088554435,226.15710253868687,226.32264709472656,226.32264709472656,45033400
24/11/2017,226.81059656768687,226.9500039318348,226.67118920353894,226.84542846679688,226.84542846679688,27856500
27/11/2017,226.88903158180037,227.18526229014694,226.53180515987808,226.73220825195312,226.73220825195312,52274900
28/11/2017,227.19396878868554,229.0584858527543,227.09811458940757,229.0323486328125,229.0323486328125,98971700
29/11/2017,229.1630378087075,229.69453007364146,228.44861159096217,228.8929443359375,228.8929443359375,77512100
30/11/2017,229.80778600995802,231.80298907710585,229.72937435393015,230.89688110351562,230.89688110351562,127894400
01/12/2017,230.67906235051507,231.1582535565381,227.19395804711638,230.41766357421875,230.41766357421875,164390900
04/12/2017,232.029493622884,232.45641032524014,230.08653870314865,230.1388397216797,230.1388397216797,94040600
05/12/2017,229.31118774414062,231.01888167006166,229.18050163054153,229.31118774414062,229.31118774414062,77994500
06/12/2017,229.40698024798462,229.7816491686028,228.8929305536896,229.35470581054688,229.35470581054688,75898600
07/12/2017,230.07781982421875,230.39146636702534,229.09327386058337,230.07781982421875,230.07781982421875,77218600
08/12/2017,231.02758282536652,231.34122947069542,230.0430365399105,231.33253479003906,231.33253479003906,76563900
11/12/2017,232.02951049804688,232.0905061997429,231.3063631139898,232.02951049804688,232.02951049804688,83077500
12/12/2017,232.81363763596883,232.90949181624418,232.06435308668742,232.43899536132812,232.43899536132812,85195800
13/12/2017,232.6829962995612,233.1186343554788,232.32576990300038,232.41290283203125,232.41290283203125,102905400
14/12/2017,232.70912949653976,232.82239964339814,231.4109366209028,231.4632110595703,231.4632110595703,100666700
15/12/2017,232.46238447340687,233.85479103966375,232.40984284638893,233.39065551757812,233.39065551757812,144610300
18/12/2017,234.78310346051757,235.22096824626072,234.6780201879625,234.8706817626953,234.8706817626953,83653600
19/12/2017,235.11589260270347,235.15966839263996,233.89861563076957,233.96868896484375,233.96868896484375,82382900
20/12/2017,234.93193480685355,234.98447643693277,233.54829400619622,233.84603881835938,233.84603881835938,76751500
21/12/2017,234.4678024189318,235.0370479610358,234.08247930972732,234.3276824951172,234.3276824951172,67032300
22/12/2017,234.34524617275827,234.38028283977948,233.73222476304568,234.2664337158203,234.2664337158203,78720900
26/12/2017,233.86351482231504,234.20506210067137,233.7234216428828,233.9861297607422,233.9861297607422,45244400
27/12/2017,234.15254773320353,234.45905838981105,233.82853210841412,234.10000610351562,234.10000610351562,57751000
28/12/2017,234.59918147383397,234.62545228903213,234.21385836749923,234.58164978027344,234.58164978027344,45116100
29/12/2017,235.15966952902252,235.17717450005242,233.504554474286,233.6971893310547,233.6971893310547,96007400
02/01/2018,234.55537477120606,235.40483341428163,234.17005167176094,235.3697967529297,235.3697967529297,86655700
03/01/2018,235.53614545169597,237.00739098934096,235.53614545169597,236.85850524902344,236.85850524902344,90070400
04/01/2018,237.49784698792118,238.3385398103603,236.9198623208871,237.85687255859375,237.85687255859375,80636400
05/01/2018,238.64506898392446,239.56457432430008,238.15466257237145,239.44198608398438,239.44198608398438,83524000
08/01/2018,239.3455824682156,240.03741612607018,239.05660354665721,239.87979125976562,239.87979125976562,57319200
09/01/2018,240.30017556615664,241.0445510051159,240.0199357049953,240.42279052734375,240.42279052734375,57254000
10/01/2018,239.66962381248553,240.317681763306,239.00408761927,240.05494689941406,240.05494689941406,69574300
11/01/2018,240.60671222051525,241.80645751953125,240.44032145530824,241.80645751953125,241.80645751953125,62361500
12/01/2018,242.06909652494534,243.54905440382936,241.77132505508374,243.3826904296875,243.3826904296875,90816100
16/01/2018,244.63503695893434,245.2830682257334,241.85896273265797,242.55079650878906,242.55079650878906,106555100
17/01/2018,243.47906062865408,245.24802451632235,242.5507895393176,244.86270141601562,244.86270141601562,113258800
18/01/2018,244.74890145278448,245.16923452787907,243.9607234866928,244.45115661621094,244.45115661621094,100728000
19/01/2018,245.02916073392507,245.56336975097656,244.45120264683936,245.56336975097656,245.56336975097656,140920100
22/01/2018,245.35319887956612,247.56002807617188,245.30063051105597,247.56002807617188,247.56002807617188,91322400
23/01/2018,247.60373620966402,248.37438240190056,247.2797205890968,248.0854034423828,248.0854034423828,97084700
24/01/2018,248.7247455001078,249.32026202093385,246.8156611241849,247.9891357421875,247.9891357421875,134816100
25/01/2018,248.8472879654413,248.94360537851676,247.30599555509468,248.09414672851562,248.09414672851562,84587300
26/01/2018,248.92612985752962,251.01037050667838,248.67216079961221,250.96656799316406,250.96656799316406,107743100
29/01/2018,250.3973812172114,250.83524605761158,249.14509418770263,249.30271911621094,249.30271911621094,90118300
30/01/2018,247.4811692868912,249.35521657465551,246.27265826550448,246.7455596923828,246.7455596923828,131796400
31/01/2018,247.59498867120385,248.09413412976593,245.7997273241509,246.8681182861328,246.8681182861328,108364800
01/02/2018,246.14128677161807,247.88397985230313,245.7997394527131,246.587890625,246.587890625,90102500
02/02/2018,245.2743010896956,245.40568189185825,241.18465938266897,241.21969604492188,241.21969604492188,173174800
05/02/2018,239.46831202192797,241.5700580873804,230.5883994845662,231.13134765625,231.13134765625,294681800
06/02/2018,227.63716219013648,236.18429193210724,226.55126600084088,235.68511962890625,235.68511962890625,355026800
07/02/2018,235.13338368290727,238.51368691076328,234.32770073952963,234.4065399169922,234.4065399169922,167376100
08/02/2018,234.70432094114412,234.84444089747083,225.57920588334198,225.61424255371094,225.61424255371094,246449500
09/02/2018,228.39022881983215,230.85102642500632,221.48948987210917,229.0032501220703,229.0032501220703,283565300
12/02/2018,231.04374379103615,233.82858441314198,229.14342540024649,232.36610412597656,232.36610412597656,143736000
13/02/2018,231.16634649666958,233.48702462091063,230.58836174636198,232.94407653808594,232.94407653808594,81223600
14/02/2018,231.46413012595892,236.4470345854193,231.45536427633326,236.08798217773438,236.08798217773438,120735700
15/02/2018,237.82186053714875,239.10918393763797,235.36980196590403,239.1004180908203,239.1004180908203,111200300
16/02/2018,238.4786793423682,241.10586801299468,238.43487682943731,239.1704864501953,239.1704864501953,160420100
20/02/2018,238.22471806525743,239.66092741349146,236.8848528685006,237.67300415039062,237.67300415039062,86369700
21/02/2018,238.11091963201227,240.58048400278005,236.39449676214926,236.49081420898438,236.49081420898438,98883700
22/02/2018,237.41023192789297,239.11788812385572,236.13167456102045,236.79721069335938,236.79721069335938,110511300
23/02/2018,238.01449468417462,240.5716094970703,237.54159333790062,240.5716094970703,240.5716094970703,92766400
26/02/2018,241.63998550578174,243.46151746237553,241.05326182587535,243.36517333984375,243.36517333984375,86491400
27/02/2018,243.5492175435614,244.25858331441134,240.26523058195042,240.3265380859375,240.3265380859375,99099200
28/02/2018,241.4210335158573,241.86766398593704,237.57659600081163,237.891845703125,237.891845703125,121907800
01/03/2018,237.681795699694,239.2230884888262,232.94409492300156,234.43284606933594,234.43284606933594,176855100
02/03/2018,232.76888944879605,236.2017608336842,231.91069164643153,235.6412811279297,235.6412811279297,139083200
05/03/2018,234.4591362105326,238.9779049395382,234.35402619112688,238.36488342285156,238.36488342285156,97307400
06/03/2018,239.33687714106907,239.41571631929486,237.4803347570045,238.96908569335938,238.96908569335938,79213200
07/03/2018,236.81482163392596,239.23181727361526,236.6221600436107,238.88153076171875,238.88153076171875,87063500
08/03/2018,239.5558539816856,240.16010962590673,238.5663018481794,240.0375213623047,240.0375213623047,66901200
09/03/2018,241.4386435020961,244.21469116210938,241.1233669724046,244.21469116210938,244.21469116210938,113625300
12/03/2018,244.50370427918602,245.12546478485694,243.52286472111044,243.90818786621094,243.90818786621094,71924800
13/03/2018,245.06411968115552,245.56329186865372,241.72759270179995,242.33184814453125,242.33184814453125,91968900
14/03/2018,243.28637664689475,243.47027233344934,240.53660029385185,241.08828735351562,241.08828735351562,105895100
15/03/2018,241.59634536489168,242.2356110250205,240.3265264445171,240.82569885253906,240.82569885253906,83433000
16/03/2018,241.35047597736937,242.13300952573812,241.03396364241675,241.0867156982422,241.0867156982422,100343700
19/03/2018,240.33936858147553,241.26255642689597,236.18056913587742,237.82473754882812,237.82473754882812,109208400
20/03/2018,238.22044709160454,238.86229968619318,237.55221846338517,238.229248046875,238.229248046875,59757300
21/03/2018,238.1852761168424,240.26906332282726,237.56102541703248,237.77203369140625,237.77203369140625,78709600
22/03/2018,235.55632442999936,236.40038420959462,231.55578105845223,231.828369140625,231.828369140625,148785900
23/03/2018,232.26800641032418,232.59331974598862,226.69362126645365,226.88705444335938,226.88705444335938,183534800
26/03/2018,230.47429818776675,233.37576828445668,228.08277352163142,233.0944061279297,233.0944061279297,141956100
27/03/2018,234.02649096831001,234.55401162788922,227.5816696445901,229.12913513183594,229.12913513183594,129941400
28/03/2018,229.26098175686968,230.92275208797474,227.35302620991678,228.4520721435547,228.4520721435547,146452300
29/03/2018,229.58630518351373,233.22635835567246,228.46088317113092,231.37115478515625,231.37115478515625,111601600
02/04/2018,230.84358584435384,231.35355815856366,223.91520974151334,226.3770751953125,226.3770751953125,186286300
03/04/2018,227.60803509251616,229.75337511563475,225.82318539146522,229.27857971191406,229.27857971191406,119956900
04/04/2018,225.74411767191958,232.43509889367112,225.61223747788634,231.73171997070312,231.73171997070312,123715300
05/04/2018,233.48134616595655,234.43973799149228,232.399901960335,233.5605010986328,233.5605010986328,82652600
06/04/2018,231.60854853458864,233.09443390544112,226.84307370714194,228.35536193847656,228.35536193847656,179521200
09/04/2018,229.80617888738539,232.8571324633948,228.5488763706566,229.48086547851562,229.48086547851562,105442900
10/04/2018,232.35598201382675,233.91224887523705,231.22178545810578,233.1297149658203,233.1297149658203,103529000
11/04/2018,231.6525760100446,233.56053212718132,231.58224885543234,231.90756225585938,231.90756225585938,91140200
12/04/2018,233.22637129322584,234.75623479887636,233.0505131934638,233.81544494628906,233.81544494628906,68890500
13/04/2018,235.11679942596865,235.2311045437205,232.12739861051028,233.1297149658203,233.1297149658203,85079200
16/04/2018,234.75621987041131,235.81131473753118,233.93853610609082,235.04635620117188,235.04635620117188,63405300
17/04/2018,236.8048470013346,238.15887925189176,236.29490143880682,237.56100463867188,237.56100463867188,64682000
18/04/2018,238.0006683290504,238.53699002557937,237.27968754129108,237.73690795898438,237.73690795898438,57303900
19/04/2018,237.08617039501203,237.28840449525921,235.38925000655078,236.41796875,236.41796875,77655900
20/04/2018,236.34766193363552,236.56747115211715,233.5340932041984,234.413330078125,234.413330078125,99953100
23/04/2018,234.98483410364858,235.538757576906,233.30548860758378,234.37815856933594,234.37815856933594,65558000
24/04/2018,235.39811619816612,235.61792543371928,229.727027188022,231.22174072265625,231.22174072265625,112885500
25/04/2018,231.16022215972177,232.2328924624285,229.34899593530997,231.79327392578125,231.79327392578125,103840900
26/04/2018,232.81312110759345,234.97603613487092,232.37350270509603,234.14955139160156,234.14955139160156,67731900
27/04/2018,234.75622057834568,235.05515786408978,233.4373654065572,234.36935424804688,234.36935424804688,57053600
30/04/2018,234.984887819717,235.53881141959786,232.49663209837655,232.56698608398438,232.56698608398438,82182300
01/05/2018,232.00424241401504,233.08571348812194,230.45677684433647,232.98020935058594,232.98020935058594,74203400
02/05/2018,232.7867838895088,233.59566685895032,231.02830998632697,231.41517639160156,231.41517639160156,86368900
03/05/2018,230.58869996761013,231.55583918408507,227.76632993031865,230.90521240234375,230.90521240234375,136311500
04/05/2018,229.93799620325126,234.57159127006764,229.6126828833328,233.89456176757812,233.89456176757812,91222100
07/05/2018,234.65953705358106,235.65305216045982,233.9737065479549,234.6859130859375,234.6859130859375,55304900
08/05/2018,234.316621800768,235.04637658408237,233.1296466803695,234.6859130859375,234.6859130859375,67499200
09/05/2018,235.3541584090988,237.27968962403472,234.83541178862617,236.95437622070312,236.95437622070312,59666100
10/05/2018,237.6929170304401,239.49536890141917,237.58741288817453,239.17002868652344,239.17002868652344,72063900
11/05/2018,239.29311991959236,240.16355587155402,238.78314748731788,239.89979553222656,239.89979553222656,59871500
14/05/2018,240.3306268052169,240.9812535676364,239.46896492705878,240.0141143798828,240.0141143798828,54790600
15/05/2018,238.79193197053002,238.80950704787915,237.42032463628027,238.36111450195312,238.36111450195312,87036100
16/05/2018,238.39629475901697,239.82065417703188,238.36989189436235,239.36343383789062,239.36343383789062,53942600
17/05/2018,239.09973236540478,240.23395570537244,238.3875524811006,239.16128540039062,239.16128540039062,56536400
18/05/2018,238.81829490037902,239.17878520760263,238.211619362878,238.5633087158203,238.5633087158203,64368000
21/05/2018,240.04043649829885,240.89329722901473,239.65357017722093,240.35694885253906,240.35694885253906,58025900
22/05/2018,240.87568036338124,241.130666521025,239.3633921563981,239.68870544433594,239.68870544433594,52966400
23/05/2018,238.42265587545916,240.3745626530419,238.26437285833137,240.34815979003906,240.34815979003906,64694200
24/05/2018,239.95254971554198,240.22511101264362,238.07977079326324,239.85581970214844,239.85581970214844,76043800
25/05/2018,239.28439331054688,239.90864419569905,238.78322167792825,239.28439331054688,239.28439331054688,56374800
29/05/2018,237.66658730633534,238.42274519355385,235.42454334976165,236.53236389160156,236.53236389160156,115908600
30/05/2018,237.8335288748852,240.12832379715456,237.76320174459116,239.68870544433594,239.68870544433594,69678400
31/05/2018,239.28432817016724,239.58326551029967,237.62258430411012,238.220458984375,238.220458984375,93519900
01/06/2018,239.5129405032286,240.85817196194657,239.44258652128468,240.55923461914062,240.55923461914062,71258400
04/06/2018,241.37691136313123,241.9572109520894,241.13952705354075,241.7022247314453,241.7022247314453,45385200
05/06/2018,241.83411958605708,242.2561629942454,241.06918770986454,241.8780975341797,241.8780975341797,51135000
06/06/2018,242.48477095061952,244.0058337328688,241.8692943400629,243.90032958984375,243.90032958984375,62732200
07/06/2018,244.38396546977256,244.67410190992493,242.96837976986342,243.87399291992188,243.87399291992188,72969400
08/06/2018,243.41675065452628,244.64767699624716,243.24969349041612,244.5949249267578,244.5949249267578,72139700
11/06/2018,244.81472291664812,245.63240678836053,244.70041782727702,244.92022705078125,244.92022705078125,58892500
12/06/2018,245.33347381049114,245.59723415049666,244.59491802629464,245.2367706298828,245.2367706298828,72329000
13/06/2018,245.47411096754055,245.72909713866116,244.25195900266613,244.45419311523438,244.45419311523438,79070600
14/06/2018,245.31590267258005,245.59723809571156,244.4806168621763,245.06971740722656,245.06971740722656,77097600
15/06/2018,244.28897784465636,245.09267943376045,243.18499658808494,244.75706481933594,244.75706481933594,120041600
18/06/2018,243.30863241102696,244.37730569060352,242.8317319063907,244.25364685058594,244.25364685058594,52917600
19/06/2018,241.99265130072453,243.53822480355763,241.57755333899996,243.3174285888672,243.3174285888672,97531500
20/06/2018,243.9975650176636,244.39500913794558,243.39700555149494,243.7326202392578,243.7326202392578,53785500
21/06/2018,243.72376089800395,243.74144185031133,241.71009987995905,242.20468139648438,242.20468139648438,71061400
22/06/2018,243.45873637045227,243.5735547121451,242.4253982478793,242.6461944580078,242.6461944580078,54898500
25/06/2018,241.498113246504,241.65708008095126,237.66509350638052,239.3431396484375,239.3431396484375,137854200
26/06/2018,239.90836656004487,240.72088159957022,239.15765398139763,239.87303161621094,239.87303161621094,68547400
27/06/2018,240.45596646380378,241.8778814341139,237.73574146013553,237.88589477539062,237.88589477539062,105110700
28/06/2018,237.83284010485002,240.00546714569805,237.12627609988988,239.24594116210938,239.24594116210938,76650500
29/06/2018,240.33228043700777,241.69239278499663,239.47558997110553,239.5904083251953,239.5904083251953,97592500
02/07/2018,238.02722819898696,240.26168545460638,237.78875096899867,240.10269165039062,240.10269165039062,63554800
03/07/2018,240.99458979476458,241.09175412110642,238.83080358587463,239.2547149658203,239.2547149658203,42187100
05/07/2018,240.3764046200083,241.2684028873001,239.30773166946832,241.20657348632812,241.20657348632812,56925900
06/07/2018,241.23318056910415,243.61776406289744,240.853390508735,243.24684143066406,243.24684143066406,66493700
09/07/2018,244.2447981447375,245.49009221465826,244.2006496763149,245.43710327148438,245.43710327148438,50550400
10/07/2018,245.8875452052918,246.41746160901664,245.59607905454257,246.32029724121094,246.32029724121094,51966800
11/07/2018,244.77473167559435,245.56077930884817,244.21832078062482,244.5186004638672,244.5186004638672,77054700
12/07/2018,245.77262249640373,246.7882794499528,245.1720634050633,246.73529052734375,246.73529052734375,60124700
13/07/2018,246.55879537036097,247.2299977162154,246.10836234606992,246.92971801757812,246.92971801757812,48216000
16/07/2018,246.97380339117655,247.1150892368199,246.26723939965785,246.70883178710938,246.70883178710938,48201000
17/07/2018,245.9405845501079,248.09555860157684,245.88759559414336,247.7069549560547,247.7069549560547,52315500
18/07/2018,247.7863890538206,248.33395945821087,247.3447965402584,248.2279815673828,248.2279815673828,44593500
19/07/2018,247.56554845882513,247.94531148383393,246.814835929686,247.29176330566406,247.29176330566406,61412100
20/07/2018,247.08871500148035,247.7157959027055,246.85026469918776,247.0092315673828,247.0092315673828,82337700
23/07/2018,246.80608651802618,247.67159066471092,246.4616313923837,247.46847534179688,247.46847534179688,47047600
24/07/2018,248.87269311489285,249.55273581935538,247.84819534471634,248.7136993408203,248.7136993408203,68026900
25/07/2018,248.46635734108233,251.15124656546112,248.42220888402736,250.83331298828125,250.83331298828125,78882900
26/07/2018,250.1181435584968,250.92181864249312,250.02097913842144,250.2417755126953,250.2417755126953,57919500
27/07/2018,250.56843391946245,250.66559829458888,247.62743943383978,248.54595947265625,248.54595947265625,76768700
30/07/2018,248.62544727019025,248.78441412028107,246.7265777343142,247.2476806640625,247.2476806640625,63742500
31/07/2018,248.00719938564396,249.0758457823659,247.62743627106826,248.46644592285156,248.46644592285156,68570500
01/08/2018,248.66957085844885,249.1729927860263,247.4066227546677,248.05133056640625,248.05133056640625,53853300
02/08/2018,246.75301818910185,249.5703529500938,246.54987597886742,249.40257263183594,249.40257263183594,63426400
03/08/2018,249.52623809426015,250.52424138118405,249.34959032655735,250.47125244140625,250.47125244140625,53935400
06/08/2018,250.5065551706273,251.69883311496747,250.11795169378726,251.38973999023438,251.38973999023438,39400900
07/08/2018,252.05223608866834,252.5998065979017,251.9197367470956,252.2200164794922,252.2200164794922,43196600
08/08/2018,252.0521959432252,252.511442469155,251.65475188715615,252.11399841308594,252.11399841308594,42114600
09/08/2018,252.1758346161004,252.56443820720855,251.63710465500523,251.7695770263672,251.7695770263672,35717000
10/08/2018,250.3389102411942,250.8776403932385,249.37621444518072,250.08277893066406,250.08277893066406,77076000
13/08/2018,250.35655079660654,250.965950840801,248.85512492920725,249.14659118652344,249.14659118652344,65732900
14/08/2018,249.87067162686614,250.97465269822771,249.48206813353383,250.73617553710938,250.73617553710938,43842000
15/08/2018,249.393792750599,249.5351055895304,247.43312090851205,248.86387634277344,248.86387634277344,102925400
16/08/2018,250.29459716866356,251.74303335293288,250.25926222564948,250.87750244140625,250.87750244140625,69967900
17/08/2018,250.6743996197218,252.20231945148672,250.26814204551533,251.76072692871094,251.76072692871094,65618500
20/08/2018,252.2112061180319,252.5644748104182,251.76077303745205,252.29953002929688,252.29953002929688,39807500
21/08/2018,252.81175192152355,253.74792603443402,252.3348243886177,252.8912353515625,252.8912353515625,67272000
22/08/2018,252.484911914563,253.2621189648161,252.21994026415945,252.7410430908203,252.7410430908203,44993300
23/08/2018,252.56434703727442,253.42103733306237,252.08741971986157,252.40538024902344,252.40538024902344,49204900
24/08/2018,252.97951560301087,254.06584286476027,252.92652665879552,253.92453002929688,253.92453002929688,57487400
27/08/2018,255.1167488947083,256.035268635268,254.95778209903293,255.92929077148438,255.92929077148438,57072400
28/08/2018,256.38856613797486,256.49457096639844,255.59370511711555,256.052978515625,256.052978515625,46943500
29/08/2018,256.26506654510155,257.66048755065657,256.0266162015606,257.4308776855469,257.4308776855469,61485500
30/08/2018,256.95380104294685,257.32472358447484,255.79683105183867,256.3885498046875,256.3885498046875,61229500
31/08/2018,255.9823323995439,256.8390229116999,255.49659143965482,256.3974304199219,256.3974304199219,66140800
04/09/2018,255.9823507965463,256.30912495152,254.9578529076725,255.9558563232422,255.9558563232422,57594400
05/09/2018,255.60259767562948,255.80573994733908,254.26016605468752,255.26698303222656,255.26698303222656,72452400
06/09/2018,255.3729254168747,255.67320506851195,253.47408314620807,254.4985809326172,254.4985809326172,65909900
07/09/2018,253.45647312213768,254.97555259274915,253.2179958922097,254.00404357910156,254.00404357910156,73524800
10/09/2018,255.01084209101677,255.27581377697265,254.25131588714777,254.44561767578125,254.44561767578125,50210900
11/09/2018,253.8008474701149,255.72618413710512,253.45641936490634,255.2845916748047,255.2845916748047,50530500
12/09/2018,255.29335507087617,255.94690309290917,254.5603236639465,255.34634399414062,255.34634399414062,59810800
13/09/2018,256.4062834173273,257.0421777146509,256.1236577401461,256.856689453125,256.856689453125,51034200
14/09/2018,257.0597846781716,257.2452459530958,256.1236108773846,256.90081787109375,256.90081787109375,55079900
17/09/2018,256.847910461356,256.8832184612494,255.26700150429582,255.54078674316406,255.54078674316406,68244000
18/09/2018,255.75277770087604,257.5191482344768,255.72628322097904,256.92742919921875,256.92742919921875,61930400
19/09/2018,256.9804060862509,257.6163005265803,256.8567472174241,257.2012023925781,257.2012023925781,49080600
20/09/2018,258.45526183517813,259.60339151190027,257.2187813185035,259.2854309082031,259.2854309082031,100360600
21/09/2018,260.02449080659574,260.1398289412236,258.8888975247424,259.048583984375,259.048583984375,105479700
24/09/2018,258.4718933406768,258.61384587039015,257.61132474312956,258.18798828125,258.18798828125,53409600
25/09/2018,258.6404880631462,258.7469457031988,257.7089566380067,257.948486328125,257.948486328125,44370000
26/09/2018,258.0903413542007,259.2702825185177,256.75956720701475,257.1765441894531,257.1765441894531,79739700
27/09/2018,257.6468534809221,258.97762816274417,257.37182887932,257.895263671875,257.895263671875,59249500
28/09/2018,257.27422158236874,258.4186953759681,257.2387537517138,257.921875,257.921875,70091400
01/10/2018,259.1550084024449,259.88250494708444,258.1525143734769,258.8179016113281,258.8179016113281,62078900
02/10/2018,258.6670227050781,259.37675813634576,258.29442107979753,258.6670227050781,258.6670227050781,47258200
03/10/2018,259.7139378922632,260.13091497744125,258.4541532176749,258.80902099609375,258.80902099609375,64694600
04/10/2018,258.32997537119405,258.3832041926231,255.2071005237411,256.7862854003906,256.7862854003906,111545900
05/10/2018,257.00802678106885,257.52258097086235,253.92950091153634,255.3489990234375,255.3489990234375,105951700
08/10/2018,254.66585083523077,255.70386678274414,253.29072811491454,255.3489990234375,255.3489990234375,87742200
09/10/2018,254.96760226693354,256.2717356274364,254.41752591987046,254.97645568847656,254.97645568847656,74339000
10/10/2018,254.47073213325152,254.54172194738862,246.5304591502504,246.90306091308594,246.90306091308594,214731000
11/10/2018,245.82065967789862,247.43533927490867,239.85878869058828,241.46461486816406,241.46461486816406,274840500
12/10/2018,245.54566110620283,245.82956620105847,241.64206081331795,244.8181915283203,244.8181915283203,183186500
15/10/2018,244.46324812946958,245.78516911999583,243.35426945518478,243.4429931640625,243.4429931640625,102263700
16/10/2018,245.39478348063147,249.1386962174045,244.9245776497542,248.7660675048828,248.7660675048828,118255800
17/10/2018,248.80160534585232,249.43149770167693,246.2465139465882,248.81048583984375,248.81048583984375,110626000
18/10/2018,247.8789411434179,248.47336570550362,243.94872669197238,245.21739196777344,245.21739196777344,134557500
19/10/2018,245.86501487749734,247.7901867141416,244.39228793386016,245.08428955078125,245.08428955078125,139901600
22/10/2018,245.74980025585006,246.0691732819927,243.45199851325077,243.98431396484375,243.98431396484375,82415800
23/10/2018,240.38222841148024,243.85997037429763,238.30619650626488,242.7421112060547,242.7421112060547,146352700
24/10/2018,242.49373869531894,242.8752479954551,234.83737147811587,235.38742065429688,235.38742065429688,177806700
25/10/2018,237.2150494501252,241.14526454646239,236.19479418032128,239.6104278564453,239.6104278564453,138061500
26/10/2018,235.91974787880403,240.42662622883205,232.6992688117605,235.3962860107422,235.3962860107422,201574600
29/10/2018,238.47478839901248,239.76121462650954,230.53451649985132,234.09210205078125,234.09210205078125,160749100
30/10/2018,233.92354560397084,237.8714935755172,233.43557872568383,237.56097412109375,237.56097412109375,157116000
31/10/2018,240.11607680886604,242.40502414189297,239.64587089544221,240.0983428955078,240.0983428955078,128296300
01/11/2018,240.95890437208678,242.84860846389773,239.8765400463614,242.65342712402344,242.65342712402344,99495000
02/11/2018,243.75350135846932,244.17935889662405,239.17563435333128,241.21617126464844,241.21617126464844,122634100
05/11/2018,241.7041775138362,243.09706154551438,240.73715113745226,242.54701232910156,242.54701232910156,65622500
06/11/2018,242.48491398679906,244.24151936070007,242.42280466608807,244.0818328857422,244.0818328857422,60085900
07/11/2018,246.24648958436512,249.3871247081338,245.82063203506075,249.30728149414062,249.30728149414062,102752100
08/11/2018,248.50885923276533,249.49364660842488,247.7192803078386,248.85487365722656,248.85487365722656,65584900
09/11/2018,247.55070880501097,247.7370096822464,245.02223145809336,246.4239959716797,246.4239959716797,98812600
12/11/2018,245.91819226494155,246.15772186409302,241.30483106704241,241.8194122314453,241.8194122314453,99673600
13/11/2018,242.2807558502829,244.2680367260355,240.64834269167596,241.36695861816406,241.36695861816406,98176600
14/11/2018,243.23018791079673,243.6294041692594,238.16437861682186,239.71694946289062,239.71694946289062,125335900
15/11/2018,238.45704177005678,242.68004144511647,236.88673763253698,242.21868896484375,242.21868896484375,135101400
16/11/2018,241.12746518011798,243.75351917061937,240.61288389957744,242.84860229492188,242.84860229492188,126668000
19/11/2018,242.24524622430246,242.53803170227891,237.82709332638234,238.7408905029297,238.7408905029297,103061700
20/11/2018,235.42286741896882,236.87786053193852,233.46220057375243,234.32276916503906,234.32276916503906,136021300
21/11/2018,235.86643094270022,237.01090445560573,235.11234714337104,235.12120056152344,235.12120056152344,75563700
23/11/2018,233.4888397822827,234.9438330498042,233.3912626379554,233.5509490966797,233.5509490966797,42807900
26/11/2018,235.795501037842,237.54325266330042,235.40513834461535,237.3214569091797,237.3214569091797,79981400
27/11/2018,236.29226338849242,238.11985778808594,235.68898558321638,238.11985778808594,238.11985778808594,75502400
28/11/2018,239.18462761345887,243.602783203125,238.0578874733744,243.602783203125,243.602783203125,127629600
29/11/2018,242.8308320751664,244.4632454166376,241.69523900828753,243.0703887939453,243.0703887939453,82346400
30/11/2018,242.91955807864937,245.11090101841376,242.60018521682522,244.55197143554688,244.55197143554688,98204200
03/12/2018,248.65967132888062,248.76612896599661,246.20218395652398,247.79022216796875,247.79022216796875,103176300
04/12/2018,246.96512140499067,247.3909789815745,239.45068049374675,239.76119995117188,239.76119995117188,177986000
06/12/2018,235.91974876320864,239.51282959339935,232.8323417380475,239.39749145507812,239.39749145507812,204185400
07/12/2018,239.06031726102623,240.62176796352492,233.00086944453446,233.83482360839844,233.83482360839844,161018900
10/12/2018,233.65741861541554,235.24548401261418,229.44329871185786,234.27845764160156,234.27845764160156,151445900
11/12/2018,237.46338922000294,237.64969005669067,232.86778808387422,234.33163452148438,234.33163452148438,121504400
12/12/2018,237.29484321205325,238.6522321483486,235.43175345692626,235.5115966796875,235.5115966796875,97976700
13/12/2018,236.45204844224932,237.31261719912018,234.3228142517004,235.43179321289062,235.43179321289062,96662700
14/12/2018,233.2936874970852,234.24298002228866,230.53456073140043,231.08460998535156,231.08460998535156,116961100
17/12/2018,230.13531584334234,231.24429483938263,224.9275548098864,226.5511016845703,226.5511016845703,165492300
18/12/2018,228.18346461499536,228.84885182471092,224.7056955526917,226.30262756347656,226.30262756347656,134515100
19/12/2018,226.38246266332683,230.13524260112197,221.21906514046967,222.91357421875,222.91357421875,214992800
20/12/2018,221.67152791499083,223.23296500175658,217.04929888317656,219.28500366210938,219.28500366210938,252053400
21/12/2018,220.18184659021884,222.83216813756005,214.14945865139123,214.79196166992188,214.79196166992188,255345600
24/12/2018,213.31060741420234,214.91686475649684,209.05404247760833,209.1165008544922,209.1165008544922,147311600
26/12/2018,210.5710868788151,219.68211364746094,208.59895689050683,219.68211364746094,219.68211364746094,218485400
27/12/2018,216.46066729671128,221.56497508769397,213.23923382404874,221.36866760253906,221.36866760253906,186267300
28/12/2018,222.7161572592034,224.3402522831674,219.9230542277577,221.0831298828125,221.0831298828125,153100200
31/12/2018,222.69834072493202,223.2605343594227,220.83330337470466,223.01959228515625,223.01959228515625,144299400
02/01/2019,219.50366137573045,224.1707342291096,219.47689154888744,223.2515869140625,223.2515869140625,126925200
03/01/2019,221.51145639556273,221.81487042798517,217.4422797539412,217.92416381835938,217.92416381835938,144140700
04/01/2019,220.94034498117475,225.866196858448,220.56555382761132,225.22369384765625,225.22369384765625,142628800
07/01/2019,225.4914450069322,228.40054653433256,224.59908107156352,226.99954223632812,226.99954223632812,103139100
08/01/2019,229.1768824554094,229.6141320120839,226.66040995079652,229.1322479248047,229.1322479248047,102512600
09/01/2019,229.83722205027829,231.04191864728134,228.61468798077402,230.20309448242188,230.20309448242188,95006600
10/01/2019,228.67716310716855,231.26501275988133,227.998957883904,231.01515197753906,231.01515197753906,96823900
11/01/2019,229.94428092089964,231.13113993995213,229.36424993914574,231.1043701171875,231.1043701171875,73858100
14/01/2019,229.2125282055441,230.49753411942797,228.8109808779423,229.6944122314453,229.6944122314453,70908200
15/01/2019,230.0692251323306,232.63923705127664,230.06029278047396,232.326904296875,232.326904296875,85208300
16/01/2019,232.75526852366238,233.77257646093233,232.5500422517043,232.88914489746094,232.88914489746094,77636700
17/01/2019,232.02350340495772,235.5126488760363,231.97886887854872,234.6559600830078,234.6559600830078,96118400
18/01/2019,236.4585701004151,238.24329770473705,234.69167996833485,237.7792510986328,237.7792510986328,127900300
22/01/2019,236.31577927521437,236.5299378647704,232.96048279733822,234.5667266845703,234.5667266845703,115531200
23/01/2019,235.59304106293965,236.28908393117433,232.60361605512537,235.0576171875,235.0576171875,86030300
24/01/2019,234.87909465890846,235.76255343882323,233.8707190939541,235.1824951171875,235.1824951171875,59204100
25/01/2019,237.02072575323166,237.99342621865938,235.28063275699907,237.1724395751953,237.1724395751953,96883400
28/01/2019,235.0397180517145,235.43233307573223,233.6119305026941,235.36988830566406,235.36988830566406,85613700
29/01/2019,235.51273156654216,236.07489804132476,234.2277251586028,235.0576171875,235.0576171875,66136300
30/01/2019,236.56564179420482,239.61751064912445,235.80712714019668,238.7786865234375,238.7786865234375,92473700
31/01/2019,238.7161972256877,241.35758587725948,238.5020114417176,240.87570190429688,240.87570190429688,104012100
01/02/2019,241.07211551779636,242.0091140044702,240.20652139744502,240.99180603027344,240.99180603027344,85782500
04/02/2019,241.0363925076302,242.74974312510167,240.36711960331522,242.68727111816406,242.68727111816406,60744800
05/02/2019,243.11562639382325,244.00799030593308,242.6159047816646,243.70458984375,243.70458984375,79552800
06/02/2019,243.42790478897015,243.91869393779575,242.65155271624124,243.38327026367188,243.38327026367188,58347800
07/02/2019,241.77711275360616,242.3214417408131,239.41235351785903,241.063232421875,241.063232421875,95482000
08/02/2019,239.8227232038639,241.45573664828157,239.00173668991644,241.3575897216797,241.3575897216797,75788900
11/02/2019,242.00910242961137,242.26786835499118,240.96502467617663,241.49151611328125,241.49151611328125,68021400
12/02/2019,243.09785016667615,244.97179306800902,243.02644578535757,244.59701538085938,244.59701538085938,72270200
13/02/2019,245.4268765025575,246.22999867783255,245.00746432184434,245.39117431640625,245.39117431640625,65277200
14/02/2019,244.31137799198922,245.971188942763,243.49932360650095,244.8468017578125,244.8468017578125,83234400
15/02/2019,246.61368782804527,247.55068631399297,246.40846154879682,247.51498413085938,247.51498413085938,97088700
19/02/2019,246.7207642365391,248.59470651392925,246.71183188365032,247.94329833984375,247.94329833984375,59120800
20/02/2019,247.90758469716386,248.8981226746034,247.4078631485972,248.44300842285156,248.44300842285156,76610800
21/02/2019,247.8094005316777,248.16634055093212,246.60470413801352,247.55953979492188,247.55953979492188,64214700
22/02/2019,248.17529101841103,249.29074580289446,247.54172032600366,249.09445190429688,249.09445190429688,78114600
25/02/2019,250.51329725249707,251.03085626968215,249.35320798266986,249.4335174560547,249.4335174560547,69030700
26/02/2019,249.08552986387414,250.12958033501678,248.8802763712297,249.2550811767578,249.2550811767578,56844100
27/02/2019,248.54121255193894,249.49604857194083,247.6131735955296,249.14804077148438,249.14804077148438,56921600
28/02/2019,248.9337443878462,249.37102107392283,248.36264583994105,248.6838836669922,248.6838836669922,69268300
01/03/2019,250.25448603032754,250.64712824922503,248.80886114837762,250.2366485595703,250.2366485595703,78880500
04/03/2019,251.28973473029404,251.5306632322656,247.04207292137414,249.32652282714844,249.32652282714844,106494600
05/03/2019,249.4514888160524,249.647810023637,248.44311294222223,248.98744201660156,248.98744201660156,59114600
06/03/2019,249.1033874649968,249.11231981885473,247.158040619002,247.47927856445312,247.47927856445312,75039800
07/03/2019,247.03315492722297,247.17593645873336,244.57024839884838,245.40907287597656,245.40907287597656,94885100
08/03/2019,243.56181425633898,245.08774895787133,243.09779481459196,244.91819763183594,244.91819763183594,85795800
11/03/2019,245.63204697829752,248.63037601426655,245.60527715593278,248.46975708007812,248.46975708007812,65098900
12/03/2019,249.0229826948177,249.92427864044683,248.83559396500522,249.4066925048828,249.4066925048828,79667500
13/03/2019,250.29021263711815,251.985698439076,250.12956645350215,251.05763244628906,251.05763244628906,80639200
14/03/2019,251.08445302283354,251.50386518997368,250.4598145657403,250.89706420898438,250.89706420898438,67518400
15/03/2019,251.4465206487271,252.94331746740397,251.25827906935984,252.13665771484375,252.13665771484375,81309000
18/03/2019,252.35165750836913,253.34655843745105,252.12758392601302,253.05076599121094,253.05076599121094,62199800
19/03/2019,254.10841104901942,254.87023933773344,252.22618750919187,253.11351013183594,253.11351013183594,90268100
20/03/2019,252.89853014441118,254.0995618280415,251.2493510854228,252.35177612304688,252.35177612304688,84609200
21/03/2019,251.53609370694923,255.60525091513992,251.4912625717152,255.20193481445312,255.20193481445312,79550400
22/03/2019,253.848543137442,254.36838194040203,250.2275055024903,250.29025268554688,250.29025268554688,122659300
25/03/2019,249.94951617037833,251.13263087546227,248.84709199981137,250.10189819335938,250.10189819335938,85575200
26/03/2019,251.84978593086444,252.91637858733375,250.56809134459888,251.96630859375,251.96630859375,68125900
27/03/2019,251.95727892582767,252.5398921062087,249.10706960084804,250.64869689941406,250.64869689941406,72224700
28/03/2019,251.27613255591731,252.04693258620367,250.12887685434526,251.59878540039062,251.59878540039062,56238500
29/03/2019,253.1045937427433,253.50790981906596,251.98422572062216,253.1852569580078,253.1852569580078,82186800
01/04/2019,255.1749851271893,256.4835670796357,254.90608043927517,256.1877746582031,256.1877746582031,77617900
02/04/2019,256.37610167557364,256.5463998289137,255.5246109088733,256.3133544921875,256.3133544921875,40070400
03/04/2019,257.523364972723,257.91773677565595,256.11617591920054,256.7167053222656,256.7167053222656,68243200
04/04/2019,257.0392843728794,257.64875794671855,256.34914759244964,257.3977966308594,257.3977966308594,48997500
05/04/2019,258.06109087920464,258.6974522325927,257.77427011188774,258.6436767578125,258.6436767578125,58621700
08/04/2019,258.2223142115442,258.94831018396576,257.568009725963,258.84075927734375,258.84075927734375,53566300
09/04/2019,257.8818883722807,258.2045413051788,256.9676777096618,257.514404296875,257.514404296875,66142300
10/04/2019,257.9265791751795,258.48230457074334,257.51429149061323,258.3926696777344,258.3926696777344,52601500
11/04/2019,258.87677375036355,258.88574544981117,257.7564054290951,258.3210754394531,258.3210754394531,55093100
12/04/2019,259.92534573388645,260.3466051469437,258.3658024123571,260.0687561035156,260.0687561035156,69727800
15/04/2019,260.140488185737,260.23909479705657,259.10078335831236,259.89849853515625,259.89849853515625,49596700
16/04/2019,260.7768362558313,260.8306117253508,259.4771985860694,260.0687561035156,260.0687561035156,52153200
17/04/2019,261.18022253460333,261.20711027659587,259.0201494187386,259.4324645996094,259.4324645996094,58268300
18/04/2019,260.0150172111129,260.21220307800036,258.72435105561925,259.94329833984375,259.94329833984375,68708500
22/04/2019,259.18148687000274,260.3197710128511,259.091851951437,260.1673889160156,260.1673889160156,40160100
23/04/2019,260.5349460689099,262.73985080306267,260.30192803851355,262.5068054199219,262.5068054199219,52246600
24/04/2019,262.4260254214715,262.7576499482489,261.7806924075933,261.9241027832031,261.9241027832031,50392900
25/04/2019,261.82553404227406,262.41709166992746,260.5796989626639,261.7627868652344,261.7627868652344,57770900
26/04/2019,261.80766774254926,263.0535030588638,261.03684013482405,262.9818115234375,262.9818115234375,50916400
29/04/2019,263.0714205795363,263.9139396398111,262.98178565451457,263.3940734863281,263.3940734863281,57197700
30/04/2019,263.05349888175925,263.8153547781804,261.6463371185243,263.5285339355469,263.5285339355469,81111700
01/05/2019,264.1559192830297,264.3620768674727,261.53872727662645,261.5476989746094,261.5476989746094,71671900
02/05/2019,261.4311489173669,262.34538672821753,259.49514969482624,260.9830017089844,260.9830017089844,65030200
03/05/2019,262.45302766375016,263.8153857973326,261.0906421774235,263.53753662109375,263.53753662109375,56543700
06/05/2019,259.2531340651493,262.89208684427564,258.9394255801766,262.4529113769531,262.4529113769531,107198100
07/05/2019,260.0598124870552,260.6513700683735,256.1698981063263,258.0700378417969,258.0700378417969,144729900
08/05/2019,257.7115173339844,259.41447115468867,257.11995977153765,257.7115173339844,257.7115173339844,91568300
09/05/2019,255.64997713847424,257.53217287474973,253.92010872963175,256.9316711425781,256.9316711425781,103471100
10/05/2019,255.9995922364823,258.97529609388704,253.02388837907756,258.222412109375,258.222412109375,112429300
13/05/2019,253.1314596676614,254.0904738238759,250.8996681600601,251.73321533203125,251.73321533203125,127290500
14/05/2019,252.74606346082595,255.53355342659626,252.62059646112044,254.0098419189453,254.0098419189453,77003200
15/05/2019,252.3875832066253,256.1340879226377,252.1814256097458,255.4977264404297,255.4977264404297,73956400
16/05/2019,256.1968305524886,259.2173388055751,256.1251390237881,257.86395263671875,257.86395263671875,76749600
17/05/2019,255.56941814436465,258.67058934984783,255.55147474922455,256.1968078613281,256.1968078613281,100353000
20/05/2019,254.60134107847247,256.3042946736405,253.75882229984825,254.5027618408203,254.5027618408203,62877600
21/05/2019,256.1878013017382,257.1737305545002,255.93683997855635,256.79730224609375,256.79730224609375,46847100
22/05/2019,255.8472185127596,256.9586146903073,255.53351003765886,256.008544921875,256.008544921875,49482500
23/05/2019,253.7947494674691,253.83955325059122,251.4733500353622,252.8805389404297,252.8805389404297,98733800
24/05/2019,254.3145670546218,254.7268821770515,252.83568674916825,253.45413208007812,253.45413208007812,55268100
28/05/2019,253.73195501539803,254.68202480356717,251.0789314948162,251.0968475341797,251.0968475341797,70029400
29/05/2019,249.98553744195934,250.38885361205,248.01367832348953,249.41189575195312,249.41189575195312,104972900
30/05/2019,250.16469382953431,250.99826833289026,248.99952215787044,250.09300231933594,250.09300231933594,62523800
31/05/2019,247.55653604567522,248.38111161552996,246.69607368660633,246.72296142578125,246.72296142578125,86862800
03/06/2019,246.7587843148919,247.8701805064944,244.7690098524455,246.0955352783203,246.0955352783203,96428000
04/06/2019,248.38111733847322,251.57192344018316,247.93297010674164,251.43748474121094,251.43748474121094,77231900
05/06/2019,253.05083906616554,253.6423967767411,251.249305543641,253.61550903320312,253.61550903320312,71169700
06/06/2019,253.91123206198466,255.93683867710504,253.26589904097955,255.26461791992188,255.26461791992188,69430400
07/06/2019,256.2775249265868,258.89471736243144,256.10722675339446,257.81915283203125,257.81915283203125,74272200
10/06/2019,259.36070955978926,260.6603473979614,258.9125623539002,259.002197265625,259.002197265625,60799100
11/06/2019,260.8127666619331,261.18025074401487,258.2941809298953,258.93951416015625,258.93951416015625,58641300
12/06/2019,258.70652607688,259.2622244375095,257.97155782771114,258.4824523925781,258.4824523925781,47096300
13/06/2019,259.3876542480068,259.907520438509,258.68854554743615,259.5489807128906,259.5489807128906,48945200
14/06/2019,259.2621765136719,259.8626785590629,258.50032065732336,259.2621765136719,259.2621765136719,52324700
17/06/2019,259.4952175357084,260.12263473256604,259.19048063666787,259.36077880859375,259.36077880859375,39205700
18/06/2019,261.17132954327616,263.1252454529044,260.8127897758908,262.0765686035156,262.0765686035156,85434800
19/06/2019,262.210941361261,263.19687076799914,261.2429553500235,262.6680603027344,262.6680603027344,78674400
20/06/2019,265.33905767145455,265.58104736339334,262.7308371362649,265.1777038574219,265.1777038574219,116570000
21/06/2019,264.9092951972342,266.1611896327849,264.57605770329127,264.7922058105469,264.7922058105469,83309500
24/06/2019,264.9994306460424,265.3146375506765,264.31492482523606,264.4680480957031,264.4680480957031,47582700
25/06/2019,264.52207026113314,264.5490887796047,261.7660714339262,261.8741455078125,261.8741455078125,82028700
26/06/2019,262.7657201720802,263.27008405135524,261.5048104738926,261.6128845214844,261.6128845214844,51584900
27/06/2019,262.36949245202936,263.04498289515925,261.99123319591143,262.5406188964844,262.5406188964844,40355200
28/06/2019,263.5133148180543,264.3869502298254,262.99996296700357,263.8916015625,263.8916015625,59350900
01/07/2019,267.2059494156182,267.42212500712554,265.08940759438184,266.28729248046875,266.28729248046875,78705600
02/07/2019,266.2423225829656,267.0349025210408,265.40472093804595,266.9808654785156,266.9808654785156,61504500
03/07/2019,267.6562105656125,269.1332955541426,267.5121027019195,269.1152648925781,269.1152648925781,40898900
05/07/2019,267.8904556118029,268.97125111423253,266.6025273362104,268.8091125488281,268.8091125488281,51677300
08/07/2019,267.5031881847624,268.6290054105684,266.79166400203684,267.3320617675781,267.3320617675781,45841800
09/07/2019,266.1792707477013,267.96254794208653,266.12523371064583,267.66534423828125,267.66534423828125,41101300
10/07/2019,268.727974274822,269.8898249593652,268.1965920202201,268.9441223144531,268.9441223144531,58448500
11/07/2019,269.58363080958173,269.8177820454118,268.5749032177327,269.5746154785156,269.5746154785156,50826100
12/07/2019,270.0611040142744,270.8536839220709,269.75488495640366,270.7816162109375,270.7816162109375,40326000
15/07/2019,271.2139264803352,271.2139264803352,270.36730957434435,270.8716735839844,270.8716735839844,33900000
16/07/2019,270.78155022134894,270.9887104831493,269.6917668565987,269.99798583984375,269.99798583984375,36650100
17/07/2019,269.97090595616555,270.13301700119024,268.16058349609375,268.16058349609375,268.16058349609375,36036300
18/07/2019,267.6653065540941,269.52065119386003,267.22399498501346,269.1423645019531,269.1423645019531,51392600
19/07/2019,270.23214960844706,270.2591681205926,267.4761514265193,267.64727783203125,267.64727783203125,58678600
22/07/2019,268.0435817376525,268.8451768651962,267.5302299272995,268.3047790527344,268.3047790527344,43638100
23/07/2019,269.42154655627746,270.2231140136719,268.59293310299523,270.2231140136719,270.2231140136719,44564500
24/07/2019,269.4665409634946,271.4930114746094,269.37647011029196,271.4930114746094,271.4930114746094,47213200
25/07/2019,271.0426920080247,271.09672902425126,269.394480555815,270.1960754394531,270.1960754394531,55394100
26/07/2019,270.88065244844626,272.2046146669419,270.75454772012597,272.0064697265625,272.0064697265625,45084100
29/07/2019,271.88933399800305,272.0064233726971,270.961661818355,271.51104736328125,271.51104736328125,38126500
30/07/2019,270.1151075682067,271.24994024875394,269.7368208460993,270.8446350097656,270.8446350097656,45849000
31/07/2019,271.08782613710844,271.27698325812787,265.87305950785264,267.8815002441406,267.8815002441406,104245200
01/08/2019,268.0345188041901,270.9796462027079,264.7561264832074,265.5487060546875,265.5487060546875,142646600
02/08/2019,264.6570998538528,264.900266462213,262.0001603982473,263.5492858886719,263.5492858886719,116749700
05/08/2019,259.46936295661266,259.5774370203091,253.73220236060624,255.6235809326172,255.6235809326172,178745400
06/08/2019,257.5058783257292,259.42427492312476,256.03780853576865,259.2080993652344,259.2080993652344,120711700
07/08/2019,256.14592653629853,260.1268282910362,254.02039683355144,259.36126708984375,259.36126708984375,140572300
08/08/2019,260.8473662533496,264.4499816894531,260.2979805925156,264.4499816894531,264.4499816894531,87713900
09/08/2019,263.51324043844005,264.10767516291054,260.87433176426345,262.64862060546875,262.64862060546875,93730000
12/08/2019,261.1536071415826,262.6396806362952,258.5056823753921,259.4513854980469,259.4513854980469,65527600
13/08/2019,259.1541843961102,264.9273800846099,258.81193146355264,263.486328125,263.486328125,94299800
14/08/2019,259.4512943212401,260.0547168532412,255.56947942671005,255.695556640625,255.695556640625,135622100
15/08/2019,256.57825401490027,257.2627596852036,254.33563489141036,256.37109375,256.37109375,99556600
16/08/2019,258.019294138563,260.5861353169893,256.42511942287445,260.1538391113281,260.1538391113281,83018300
19/08/2019,263.1619477052563,263.96351502565324,262.48645758194687,263.28802490234375,263.28802490234375,53571800
20/08/2019,262.78375220434907,263.3151346538664,261.14458315961394,261.2706604003906,261.2706604003906,51596400
21/08/2019,263.4232587515526,263.76548414054434,262.73875300201854,263.396240234375,263.396240234375,49524700
22/08/2019,264.09868577575924,264.7291268538394,261.54982049544003,263.3150939941406,263.3150939941406,51666400
23/08/2019,262.0181206424606,263.6753197356501,255.3082412696047,256.5511474609375,256.5511474609375,149161500
26/08/2019,258.7307271459625,259.3882141113281,257.20862049623975,259.3882141113281,259.3882141113281,72423800
27/08/2019,260.7753021102791,261.1445734568892,257.6139985597237,258.37054443359375,258.37054443359375,66668900
28/08/2019,257.71305228068184,260.3519609162439,256.91145732757764,260.1898498535156,260.1898498535156,59696700
29/08/2019,262.73872607625174,264.035669739417,261.7389860715827,263.5132751464844,263.5132751464844,57899400
30/08/2019,264.99038771940667,265.0083909022667,262.4685678302421,263.396240234375,263.396240234375,62901200
03/09/2019,261.70295284664036,262.6125943955452,260.5320865423105,261.8560485839844,261.8560485839844,69101400
04/09/2019,264.01772500798256,264.8463112904694,263.27016680088786,264.82830810546875,264.82830810546875,46887300
05/09/2019,267.30502430433256,269.1423380968448,264.792192738452,268.2326965332031,268.2326965332031,83258100
06/09/2019,268.547981925724,269.079364421444,267.8724915096057,268.43988037109375,268.43988037109375,49584300
09/09/2019,269.4215066427357,269.5115500059495,267.6382027817239,268.57489013671875,268.57489013671875,51260300
10/09/2019,267.81838089006624,268.57495421337273,266.5664864936177,268.51190185546875,268.51190185546875,57947100
11/09/2019,268.8181022138992,270.50232018051446,268.1696304715146,270.4212646484375,270.4212646484375,68821100
12/09/2019,271.32190683250764,272.4116900319859,270.56536107938297,271.3579406738281,271.3579406738281,72908700
13/09/2019,271.79924860741954,272.150516712728,270.8085241273065,271.17779541015625,271.17779541015625,62104800
16/09/2019,270.05205515889173,271.2229216903592,269.700814439494,270.34027099609375,270.34027099609375,58191200
17/09/2019,270.142038313085,271.1147320905333,269.9709119331818,271.0246887207031,271.0246887207031,41475500
18/09/2019,270.6374155757433,271.29490265718533,268.6109447952342,271.18682861328125,271.18682861328125,73375800
19/09/2019,271.5741589935935,272.56488374290353,270.83561622721925,271.1688537597656,271.1688537597656,76560500
20/09/2019,271.7696332635808,272.0501507115491,269.100451345295,269.88763427734375,269.88763427734375,89565000
23/09/2019,269.2270389853923,270.53902859724644,268.97369250459167,269.82421875,269.82421875,43476800
24/09/2019,270.9100462786687,271.29910921668215,266.74790122291455,267.7070007324219,267.7070007324219,94869400
25/09/2019,267.7883822298212,269.73372418132254,266.31353298263394,269.2903747558594,269.2903747558594,71854000
26/09/2019,269.2994676970623,269.507556991821,267.3269822031937,268.72943115234375,268.72943115234375,56179700
27/09/2019,269.48039634070557,269.588997076313,265.73448553679964,267.2817077636719,267.2817077636719,84746600
30/09/2019,267.7975229006122,269.22711538810705,267.75229329262123,268.5213623046875,268.5213623046875,51662400
01/10/2019,269.3989896786448,270.0504560848609,265.110185278463,265.32733154296875,265.32733154296875,88242400
02/10/2019,263.7529700767548,263.7620270421523,259.35559247468234,260.6404113769531,260.6404113769531,122539500
03/10/2019,260.41421121100484,262.8029306373284,257.70882934443205,262.7757873535156,262.7757873535156,85278800
04/10/2019,263.42719336876263,266.5849809832063,263.3728792008926,266.3316345214844,266.3316345214844,65091200
07/10/2019,265.5353853258112,267.15500779739347,264.9020053879857,265.1824951171875,265.1824951171875,59610500
08/10/2019,263.3367631205743,264.06965938553134,261.02947357933596,261.065673828125,261.065673828125,95708100
09/10/2019,263.0743985044532,264.47684770935257,262.45007528092935,263.5448913574219,263.5448913574219,62359400
10/10/2019,263.4634191387641,266.20500117894466,263.3005594403848,265.32733154296875,265.32733154296875,55296300
11/10/2019,268.06894596333944,270.3038352478275,267.9513434643262,268.0780029296875,268.0780029296875,98720400
14/10/2019,267.76124398211886,268.4308242275137,267.4355246297877,267.77935791015625,267.77935791015625,40394800
15/10/2019,268.8199151174833,271.1724341538124,268.7022850237621,270.43048095703125,270.43048095703125,46754500
16/10/2019,269.9690725325945,270.68388259277367,269.5619232168243,269.9962158203125,269.9962158203125,48928200
17/10/2019,271.154339092206,271.66103213680316,270.1047527533405,270.79241943359375,270.79241943359375,45736600
18/10/2019,270.2585525385415,270.90096193087385,268.75655989311184,269.6070861816406,269.6070861816406,64304000
21/10/2019,270.91909208308124,271.633874396673,270.48477194824056,271.434814453125,271.434814453125,39048600
22/10/2019,271.96869222968974,272.2582390304072,270.4576699114692,270.54815673828125,270.54815673828125,48594700
23/10/2019,270.2947369187683,271.3895526721118,270.08662003478764,271.33526611328125,271.33526611328125,34352200
24/10/2019,272.2672627207654,272.4120361034301,270.95527292409713,271.7786560058594,271.7786560058594,35453100
25/10/2019,271.2086047238799,273.4344642972805,271.1543181599138,272.8915710449219,272.8915710449219,45205400
28/10/2019,274.10402913693105,274.92741221048794,274.0768858537456,274.42974853515625,274.42974853515625,42147000
29/10/2019,274.1582941517787,275.27122390029245,274.03160709840614,274.3482971191406,274.3482971191406,44284900
30/10/2019,274.54735182453754,275.56073778143866,273.2444191334657,275.1897888183594,275.1897888183594,49643900
31/10/2019,275.18074553352045,275.18074553352045,273.0092001446827,274.4568786621094,274.4568786621094,69053800
01/11/2019,275.89554738047116,277.0446497636023,275.7326600812259,276.9994201660156,276.9994201660156,71141500
04/11/2019,278.5466859006218,278.6824023272669,277.74138908135876,278.11236572265625,278.11236572265625,60606900
05/11/2019,278.3113499124113,278.6099535824334,277.515110275944,277.8046569824219,277.8046569824219,42933200
06/11/2019,277.80475948454966,278.13953590688425,276.92708969043014,277.86810302734375,277.86810302734375,46487100
07/11/2019,279.1980439936019,280.1752294988642,278.3746611746068,278.84515380859375,278.84515380859375,54272300
08/11/2019,278.5014892098723,279.5872760844092,277.80479299321394,279.5329895019531,279.5329895019531,49032100
11/11/2019,278.1576150386581,279.171001145757,278.0218710031677,278.99908447265625,278.99908447265625,35797300
12/11/2019,279.36101598647036,280.4829752793879,278.8181226595838,279.58721923828125,279.58721923828125,46484600
13/11/2019,278.6010045783601,280.0758543475074,278.3748013036493,279.677734375,279.677734375,53917700
14/11/2019,279.3971693561255,280.16626580577037,278.76378931225406,280.0848083496094,280.0848083496094,51219900
15/11/2019,281.41494010951646,282.156893425013,280.7273009797878,282.1116638183594,282.1116638183594,62023600
18/11/2019,281.8763831472396,282.5549928740358,281.4239766627088,282.3197326660156,282.3197326660156,49228000
19/11/2019,282.9169521068603,282.92600907388174,281.5959327188336,282.23834228515625,282.23834228515625,67804700
20/11/2019,281.6501535927217,282.16590356395267,279.64146788455196,281.1886901855469,281.1886901855469,79406200
21/11/2019,281.29733539676613,281.4059085420427,279.94011585540426,280.736328125,280.736328125,54664700
22/11/2019,281.47819526115194,281.6139116511986,280.35623628650774,281.3605651855469,281.3605651855469,44850200
25/11/2019,282.28352322604525,283.54119873046875,282.28352322604525,283.54119873046875,283.54119873046875,48647200
26/11/2019,283.57741508601435,284.3645978931575,283.2607250475997,284.1836242675781,284.1836242675781,37569000
27/11/2019,284.66316801468287,285.45037841796875,284.4460217587132,285.45037841796875,285.45037841796875,44444600
29/11/2019,284.88942079536815,285.13373798853377,284.1655814077503,284.39178466796875,284.39178466796875,36592700
02/12/2019,284.6450416588715,284.70838517885187,281.5505974957822,281.9758605957031,281.9758605957031,75767800
03/12/2019,279.27048230227246,280.16626580577037,277.8951767026078,280.0848083496094,280.0848083496094,73941700
04/12/2019,281.1254102128774,282.4102292100744,280.78157685476225,281.81304931640625,281.81304931640625,49080000
05/12/2019,282.5097632706629,282.52784958947194,281.01679978155096,282.3197326660156,282.3197326660156,40709000
06/12/2019,284.21985826013315,285.296587950962,284.2108012939693,284.8984680175781,284.8984680175781,48927000
09/12/2019,284.50943972031905,285.1789925931911,283.93034606930155,284.00274658203125,284.00274658203125,34838500
10/12/2019,283.94843867294895,284.6089345289355,283.03456865414756,283.68603515625,283.68603515625,52649800
11/12/2019,284.1384121824113,284.7446490140432,283.6045758505534,284.4913024902344,284.4913024902344,53429100
12/12/2019,284.5003834172899,287.7215159236564,284.2651507821318,286.9433898925781,286.9433898925781,96389600
13/12/2019,286.7080880016024,288.33676795280417,285.93899143681557,287.1152648925781,287.1152648925781,81503900
16/12/2019,288.8343915151686,289.67586093311127,287.051908896003,289.0877380371094,289.0877380371094,82749700
17/12/2019,289.4678131479023,289.7663893151713,289.0696931830743,289.151123046875,289.151123046875,61097700
18/12/2019,289.54013554774133,289.766338778638,289.11487236914763,289.1691589355469,289.1691589355469,48133000
19/12/2019,289.3591315184229,290.42683164173593,289.1057850309427,290.35443115234375,290.35443115234375,85310500
20/12/2019,291.3819535421016,292.75494738566266,290.40906475574155,291.6274719238281,291.6274719238281,147142100
23/12/2019,292.4093592772884,292.46391273935615,291.92745186338635,292.07293701171875,292.07293701171875,52990000
24/12/2019,292.3003367139843,292.3457886960071,291.782050926303,292.0821228027344,292.0821228027344,20270000
26/12/2019,292.4638556005282,293.64591179411906,292.45478185759276,293.6368103027344,293.6368103027344,30911200
27/12/2019,294.3643636924412,294.4189171726763,293.0368494259481,293.564208984375,293.564208984375,42528800
30/12/2019,293.6459596835143,293.78234333428065,291.46371027743766,291.94561767578125,291.94561767578125,49729100
31/12/2019,291.4456015823898,292.900425602452,291.10007775592334,292.6549072265625,292.6549072265625,57077300
02/01/2020,294.1824790593536,295.4099876573277,293.2641160474281,295.39178466796875,295.39178466796875,59151200
03/01/2020,292.0183915235131,294.2733697615571,291.96383805995566,293.15496826171875,293.15496826171875,77709700
06/01/2020,291.4092412616516,294.35526771417256,291.291032813915,294.2734375,294.2734375,55653900
07/01/2020,293.7096192068169,294.18245291277395,293.00039639633826,293.4459533691406,293.4459533691406,40496400
08/01/2020,293.63692440584015,296.2192238536559,293.39143377910256,295.0099182128906,295.0099182128906,68296000
09/01/2020,296.56472466503584,297.08301036305517,295.98278400442655,297.01025390625,297.01025390625,48473300
10/01/2020,297.59219676942917,297.74675568148257,295.69184361108466,296.1555480957031,296.1555480957031,53029300
13/01/2020,296.7739064212936,298.20142604195183,296.3465523601067,298.1923522949219,298.1923522949219,47086800
14/01/2020,297.75590717675266,298.80155250187863,297.1830679099241,297.73773193359375,297.73773193359375,62832800
15/01/2020,297.6467461600431,299.1651972676741,297.56491595799633,298.4105224609375,298.4105224609375,72056600
16/01/2020,299.7835221460508,300.892822265625,299.5562067752238,300.892822265625,300.892822265625,54050300
17/01/2020,301.602060838024,302.0384886137536,300.8291829872231,301.8293762207031,301.8293762207031,95846000
21/01/2020,300.8745822511255,302.03843569659693,300.8018535507326,301.23828125,301.23828125,77742400
22/01/2020,302.09304908519476,302.7386447658529,301.1201603136158,301.27471923828125,301.27471923828125,48914900
23/01/2020,300.62911709140155,302.02938749135257,299.51981701453644,301.6202087402344,301.6202087402344,51963000
24/01/2020,302.27492953861935,302.3567597530786,297.6558650559744,298.93792724609375,298.93792724609375,87578400
27/01/2020,293.71870316935264,295.6190561282533,293.3822808977061,294.14605712890625,294.14605712890625,84062500
28/01/2020,295.5645514816852,298.10139892647504,294.23703741404154,297.228515625,297.228515625,63834000
29/01/2020,298.58324954537295,298.8105648851513,296.78290206488504,296.9829406738281,296.9829406738281,53888900
30/01/2020,294.92805295887075,298.155948000126,294.1824796021824,297.9468078613281,297.9468078613281,75491800
31/01/2020,297.3285417837924,297.4831284643793,291.6274815683934,292.5367431640625,292.5367431640625,113845600
03/02/2020,294.0096870424728,296.5647094244046,293.8914786175827,294.7098083496094,294.7098083496094,69083000
04/02/2020,298.3014999305734,300.06546989192543,297.9832527780369,299.20166015625,299.20166015625,62573200
05/02/2020,302.1202469180403,302.8658478554075,300.6654510138987,302.6567077636719,302.6567077636719,65951100
06/02/2020,303.6115159327302,303.86610804710017,302.6022212214516,303.6751708984375,303.6751708984375,50359700
07/02/2020,302.62037823914807,303.68419851140686,301.51107824895325,302.056640625,302.056640625,64139400
10/02/2020,301.17464943831084,304.3752394273112,301.138271214443,304.31158447265625,304.31158447265625,42070000
11/02/2020,305.6573801762899,306.4393318263524,304.31166303033257,304.83905029296875,304.83905029296875,54864500
12/02/2020,306.2665812903475,307.0121824833329,305.9028821896233,306.8030700683594,306.8030700683594,43992700
13/02/2020,305.3845221871912,307.43946184215287,305.1117548650529,306.47564697265625,306.47564697265625,54501900
14/02/2020,306.88487511244955,307.084913763709,305.69374469991504,306.9667053222656,306.9667053222656,64582200
18/02/2020,305.97562052387593,307.0303672773859,304.79356383100367,306.1756591796875,306.1756591796875,57226200
19/02/2020,307.1393522477595,308.3122792311209,306.8574834922122,307.6394348144531,307.6394348144531,48814700
20/02/2020,307.0939373986902,307.9122948602321,303.4023383220383,306.3756408691406,306.3756408691406,74163400
21/02/2020,305.02997213526146,305.33911773127744,302.40219294643487,303.2205505371094,303.2205505371094,113788200
24/02/2020,293.81882355212537,303.29331442700584,292.0912042145217,293.1641540527344,293.1641540527344,161088400
25/02/2020,294.54617947757,295.15536915780245,283.40772583983846,284.2806091308594,284.2806091308594,218913200
26/02/2020,285.67179975370436,289.2451911436134,282.5075871787762,283.2349853515625,283.2349853515625,194773800
27/02/2020,277.7430167478903,283.28951758192875,270.514404296875,270.514404296875,270.514404296875,284353500
28/02/2020,262.5037634964114,270.8598775435434,259.63049429346006,269.3777770996094,269.3777770996094,384975800
02/03/2020,271.15081146386314,281.1072340538252,267.7410815013355,281.0435791015625,281.0435791015625,238703600
03/03/2020,281.41641279396447,285.36260407327984,270.5689305856393,272.99664306640625,272.99664306640625,300139100
04/03/2020,278.3431734580503,284.68982980097513,275.8063256703997,284.4715881347656,284.4715881347656,176613400
05/03/2020,277.3065850334191,280.4798988206558,272.78755422327566,275.0152282714844,275.0152282714844,186366800
06/03/2020,266.550048117172,271.669195665043,263.895019628656,270.4689636230469,270.4689636230469,228667200
09/03/2020,250.3196139238083,258.4029598491535,248.63750279059389,249.3467254638672,249.3467254638672,309417300
10/03/2020,258.8121992811534,262.3401104916032,248.6830131414344,262.24920654296875,262.24920654296875,276444100
11/03/2020,255.22969239890026,256.3571676833108,246.30073857018888,249.46495056152344,249.46495056152344,255316300
12/03/2020,232.7709352018375,242.46366575529143,225.2058731481479,225.59686279296875,225.59686279296875,392220700
13/03/2020,239.21762975002818,246.84634785297558,225.96969552263758,244.88233947753906,244.88233947753906,329566100
16/03/2020,219.29568561096787,233.5892777421095,215.8223138369543,218.0863800048828,218.0863800048828,297240000
17/03/2020,222.80541986754847,232.92551813203102,215.55861886674538,229.86129760742188,229.86129760742188,262070500
18/03/2020,214.81304740905762,225.83329327447962,207.32982852060815,218.2227783203125,218.2227783203125,327597100
19/03/2020,217.5407676330186,224.93306649641346,211.14866175670753,218.68643188476562,218.68643188476562,289322000
20/03/2020,221.81991016314782,223.59425218036205,208.98795912832034,209.26234436035156,209.26234436035156,347158800
23/03/2020,208.7044789871797,210.06723647976997,199.62241092920152,203.91192626953125,203.91192626953125,326025200
24/03/2020,214.40243776362843,223.2558517852743,213.8353851846469,222.386962890625,222.386962890625,235494500
25/03/2020,223.96014018194805,234.45985399358887,219.2773499379762,225.7161865234375,225.7161865234375,299430300
26/03/2020,228.21302993098874,240.35901111388173,227.78316298320365,238.89566040039062,238.89566040039062,257632800
27/03/2020,231.64281313729845,238.53895253940948,229.6123819008434,231.77999877929688,231.77999877929688,224341200
30/03/2020,233.8653195877224,240.02062901450944,231.88062142056566,239.30723571777344,239.30723571777344,171369500
31/03/2020,238.31029629114397,240.84375080740338,234.3409002868605,235.74024963378906,235.74024963378906,194881100
01/04/2020,226.80450224256688,235.65791549819306,223.07289969242476,225.13076782226562,225.13076782226562,189554600
02/04/2020,224.2527626516447,231.1031684005244,223.70399220839067,230.3257598876953,230.3257598876953,177660400
03/04/2020,229.34711754420925,231.68852595625552,224.28019491212171,226.99658203125,226.99658203125,135561200
06/04/2020,235.822623231847,244.20043940890423,226.97836180136105,242.2431640625,242.2431640625,188061200
07/04/2020,250.79471214197147,251.5446975810157,242.27058474607313,242.49008178710938,242.49008178710938,201427200
08/04/2020,245.07847736891054,252.43193726985555,242.59989623488835,250.63015747070312,250.63015747070312,153774500
09/04/2020,253.8769349662577,257.1878401363403,251.94712503834012,254.4440155029297,254.4440155029297,189999200
13/04/2020,253.47457156857448,253.8129721922828,248.2338556738121,252.12094116210938,252.12094116210938,114839100
14/04/2020,256.986684742042,260.57193412967735,251.98377555177996,259.5567321777344,259.5567321777344,134143400
15/04/2020,253.86783290758441,259.6938833213936,251.9379948776648,254.04161071777344,254.04161071777344,121775000
16/04/2020,255.3128853851821,256.1177451046748,252.21237795625973,255.2671661376953,255.2671661376953,131798300
17/04/2020,261.01094510010387,262.7669775669255,258.28540206750915,262.1633605957031,262.1633605957031,146684800
20/04/2020,258.477384853948,262.3004679707895,257.3249976139845,257.54449462890625,257.54449462890625,100109300
21/04/2020,253.09951557714862,254.29764998369734,248.79169122738585,249.724609375,249.724609375,126385700
22/04/2020,254.58120995562248,257.0049162166208,253.26417185311237,255.2671661376953,255.2671661376953,92951600
23/04/2020,256.53848723165555,259.69389720469235,254.94707763393185,255.24888610839844,255.24888610839844,104709700
24/04/2020,256.7580183558884,259.47440633757606,254.71843163785363,258.8067321777344,258.8067321777344,85063200
27/04/2020,260.77308193998005,263.6540921481232,260.31577784625483,262.53826904296875,262.53826904296875,77896600
28/04/2020,266.16934385989936,266.5168995404028,261.0292487828998,261.3310852050781,261.3310852050781,105270000
29/04/2020,266.63573659846855,269.6996797561553,265.61137984510384,268.1722717285156,268.1722717285156,118745600
30/04/2020,266.8003346785692,268.2728683089117,263.94676172651174,265.6753845214844,265.6753845214844,122901700
01/05/2020,260.9468927193291,265.84005272314266,257.48051943539275,258.64208984375,258.64208984375,125180000
04/05/2020,256.76699091395704,259.657154979716,255.294485718701,259.3553466796875,259.3553466796875,80873200
05/05/2020,262.1633243825663,264.5504385375619,259.4835009746892,261.7517395019531,261.7517395019531,79569900
06/05/2020,263.44375944285997,263.82787926465915,259.54751949484415,259.9773864746094,259.9773864746094,73632600
07/05/2020,263.1784701811811,265.0351234329796,262.6114176478668,263.11444091796875,263.11444091796875,75250400
08/05/2020,266.2332909565574,267.9344766802259,265.1083128503956,267.468017578125,267.468017578125,76452400
11/05/2020,265.54736149059846,268.89483110476766,265.12664950208534,267.5229187011719,267.5229187011719,79514200
12/05/2020,268.70270925473403,269.1142661339823,262.05349080766416,262.1907043457031,262.1907043457031,95870800
13/05/2020,261.63291826997175,262.66643039215865,255.1391920151608,257.55377197265625,257.55377197265625,144721100
14/05/2020,255.1299635672098,260.7639254068416,249.67887870539946,260.6358947753906,260.6358947753906,121977900
15/05/2020,258.257984049645,261.87982570324516,257.31593846082666,261.8341064453125,261.8341064453125,111146300
18/05/2020,268.0260115259406,271.4100741628873,267.7059208781411,269.80950927734375,269.80950927734375,119703800
19/05/2020,269.21494963691697,270.9161076201453,267.01989537303587,267.0381774902344,267.0381774902344,95189300
20/05/2020,270.5594137391396,272.4343494490496,270.33076168126627,271.5746154785156,271.5746154785156,85861700
21/05/2020,271.4466122793838,272.25147207031785,268.611320892823,269.69970703125,269.69970703125,78293900
22/05/2020,269.4161179191645,270.3856002837618,268.18139138715867,270.2118225097656,270.2118225097656,63958200
26/05/2020,276.1477162650946,276.385523388354,270.2301986130867,273.54107666015625,273.54107666015625,88951400
27/05/2020,276.32142205120357,277.6476150920947,271.51972905102286,277.61102294921875,277.61102294921875,104817400
28/05/2020,278.63538150701766,280.63837569046694,276.4311724038547,277.0988464355469,277.0988464355469,90405200
29/05/2020,276.6323411356739,278.9188612453655,273.8976720162019,278.3335266113281,278.3335266113281,119090800
01/06/2020,277.6933394698057,280.06217137761803,277.1811611065829,279.4585266113281,279.4585266113281,55758300
02/06/2020,280.37311161244173,281.8182080910608,279.04694656843077,281.7724609375,281.7724609375,74267200
03/06/2020,283.7480576450486,286.473600307981,283.47368633170566,285.52239990234375,285.52239990234375,92567600
04/06/2020,284.5437173559386,286.2723400914508,282.68706399832803,284.7723693847656,284.7723693847656,75794400
05/06/2020,290.1412952153416,293.8362938500879,290.0772659147712,292.07110595703125,292.07110595703125,150524700
08/06/2020,292.87586716507536,295.79346983737577,292.33625162443076,295.6014099121094,295.6014099121094,73641200
09/06/2020,292.9490397309873,295.6745826285939,292.08930565964937,293.397216796875,293.397216796875,77479200
10/06/2020,293.9733738449627,294.86054489707874,291.04661650084495,291.760009765625,291.760009765625,95000800
11/06/2020,284.86384198436707,285.4949238306077,274.39159558292613,274.9403381347656,274.9403381347656,209243600
12/06/2020,281.91877952210046,282.68704694321315,273.10197233651155,278.23291015625,278.23291015625,194678900
15/06/2020,272.57150356014085,281.9553918611026,271.4008062757648,280.8304138183594,280.8304138183594,135782700
16/06/2020,288.5406401343892,288.6869808136118,281.3975514551438,286.2358093261719,286.2358093261719,137627500
17/06/2020,287.25102322318884,287.5437045654918,284.3151106090864,285.04681396484375,285.04681396484375,83398900
18/06/2020,283.53761761058155,285.63204970567585,283.08031363864694,285.1564636230469,285.1564636230469,80828700
19/06/2020,288.606893993327,288.7997990416287,281.5885255828859,283.52685546875,283.52685546875,135549600
22/06/2020,282.92975500160884,285.740769602764,281.7906591077808,285.34576416015625,285.34576416015625,74649400
23/06/2020,287.9821963081801,288.9100244355788,286.2551621058514,286.65936279296875,286.65936279296875,68471200
24/06/2020,284.6292467086996,285.2447431567849,277.5190362259304,279.34710693359375,279.34710693359375,132813500
25/06/2020,278.7775875200807,282.60829987594445,276.7657787916315,282.3418884277344,282.3418884277344,89468000
26/06/2020,281.2487273580822,281.4600230740783,275.0571489247479,275.6358642578125,275.6358642578125,127961000
29/06/2020,276.8851014827709,279.82470947209464,274.6068821626264,279.6869201660156,279.6869201660156,79773300
30/06/2020,279.2552015830545,284.95993198050036,279.0990496919848,283.2696228027344,283.2696228027344,113394800
01/07/2020,284.3812825777224,286.51251830095595,283.9219659839804,285.25396728515625,285.25396728515625,72396500
02/07/2020,288.6712011809494,290.01242543532555,286.1633512394865,286.82476806640625,286.82476806640625,69344200
06/07/2020,290.6279302554761,291.83133729460695,289.8838397361495,291.2525939941406,291.2525939941406,61713800
07/07/2020,289.71850628424903,291.68436650450917,287.87204481586895,288.2486877441406,288.2486877441406,82910000
08/07/2020,289.0111086325023,290.5636006128082,287.25654430949635,290.453369140625,290.453369140625,54638600
09/07/2020,291.0597259556873,291.298579547416,285.400942347233,288.7998962402344,288.7998962402344,83354200
10/07/2020,288.7355420447275,292.01506865179886,287.31167207863734,291.7486572265625,291.7486572265625,57550400
13/07/2020,294.081988558485,296.45204937769444,288.57019052506786,289.222412109375,289.222412109375,102997500
14/07/2020,287.8076578345248,293.7420461714256,286.6134463551581,292.97039794921875,292.97039794921875,93657000
15/07/2020,296.1765111680916,296.7552545262097,293.29198967983916,295.6620788574219,295.6620788574219,87196500
16/07/2020,293.76966043976955,295.13841466446394,293.12660611390436,294.68829345703125,294.68829345703125,54622500
17/07/2020,295.6896482450568,296.32350737296974,293.723759811365,295.54266357421875,295.54266357421875,62774900
20/07/2020,295.2762584601807,298.6752124646105,294.5321678217421,297.9311218261719,297.9311218261719,56308800
21/07/2020,299.88771395693493,300.3286397959149,297.58193646428316,298.56488037109375,298.56488037109375,57292200
22/07/2020,298.20667510548435,300.57676422399317,298.09644361801094,300.264404296875,300.264404296875,57792900
23/07/2020,299.9061432651097,300.6043133781374,295.32217315904694,296.6817321777344,296.6817321777344,75738000
24/07/2020,294.8352766153247,295.7906347636458,293.27358928008266,294.7709655761719,294.7709655761719,73766600
27/07/2020,295.45993962173293,297.09510525887373,294.6699006548691,296.9205627441406,296.9205627441406,48293000
28/07/2020,296.19484259327356,297.3064087498554,294.7434147338862,295.0373840332031,295.0373840332031,57495000
29/07/2020,295.910055607234,299.2263352942239,295.8733024378187,298.66595458984375,298.66595458984375,48454200
30/07/2020,295.70796004076783,298.0137378647775,293.631868503502,297.600341796875,297.600341796875,61861700
31/07/2020,299.38247841301813,300.05309057149844,295.1843190245131,299.9520263671875,299.9520263671875,84986800
03/08/2020,301.6055644080118,302.79977597987823,301.0635743540446,302.0373229980469,302.0373229980469,53077900
04/08/2020,301.18291522501505,303.20391845703125,301.18291522501505,303.20391845703125,303.20391845703125,41917900
05/08/2020,304.49927818527294,305.344432870868,304.2328667686408,305.0871887207031,305.0871887207031,42697700
06/08/2020,304.5084142775808,307.24592211226786,304.1868871868465,307.1264953613281,307.1264953613281,43679400
07/08/2020,306.16194069300275,307.6317587906,305.2616704500429,307.34698486328125,307.34698486328125,57308300
10/08/2020,307.79711328642304,308.4493347450377,305.86797873960825,308.265625,308.265625,44282100
11/08/2020,309.4414882495584,310.0753471733993,304.99530851738695,305.72100830078125,305.72100830078125,69601100
12/08/2020,308.14622417854946,310.75513826700785,308.1186663127522,309.9834899902344,309.9834899902344,53774400
13/08/2020,309.22102584901387,310.72759735332505,308.50449326474353,309.4231262207031,309.4231262207031,41816100
14/08/2020,309.0373065810643,309.9651348090941,308.31157871851264,309.43231201171875,309.43231201171875,47260400
17/08/2020,310.4428410719962,310.8102886684304,309.4415344570698,310.415283203125,310.415283203125,35481000
18/08/2020,310.8103002489864,311.5084703323429,309.22105499298743,311.0859069824219,311.0859069824219,38733900
19/08/2020,311.46254034452477,311.97697263612196,309.2302686469379,309.7906494140625,309.7906494140625,68054200
20/08/2020,308.0727973930236,311.23289764783453,307.9442033309167,310.7552185058594,310.7552185058594,42207800
21/08/2020,310.42447869422375,312.07800689641704,310.0845609319981,311.8575439453125,311.8575439453125,55106600
24/08/2020,314.282655050301,315.09105641524553,311.8299211267681,315.017578125,315.017578125,48588700
25/08/2020,315.57797452610504,316.2026382005386,314.4204880441908,316.1199645996094,316.1199645996094,38463400
26/08/2020,316.7079196553296,319.55565950622474,316.1659295535639,319.2892761230469,319.2892761230469,50790200
27/08/2020,320.1528325405538,321.42971797916806,318.33392889941973,319.9874572753906,319.9874572753906,58034100
28/08/2020,321.0071551601329,322.1830044157413,319.8221106024278,322.05438232421875,322.05438232421875,48588900
31/08/2020,321.8429896697085,322.7156739618125,320.657945572194,320.8876037597656,320.8876037597656,66099200
01/09/2020,321.71445732028485,324.0110398362748,320.8233821827026,323.9100036621094,323.9100036621094,54908700
02/09/2020,325.8115446408763,329.55955455684506,324.67242077563617,328.5950012207031,328.5950012207031,69540000
03/09/2020,326.91390709312424,327.38241887389745,314.71446250184243,317.2866516113281,317.2866516113281,148011100
04/09/2020,317.9664987849258,319.5281583295149,307.62268047691174,314.6961669921875,314.6961669921875,139156300
08/09/2020,309.3129638670282,314.7604798192922,305.7946111946916,306.0977478027344,306.0977478027344,114465300
09/09/2020,310.0845162424743,314.59500703013146,309.22099909582585,312.14227294921875,312.14227294921875,91462300
10/09/2020,314.0071344529514,314.6593560242993,305.76699543534016,306.7223815917969,306.7223815917969,90569500
11/09/2020,308.4953737805765,309.5517962366656,304.0675555187705,306.8785705566406,306.8785705566406,84680200
14/09/2020,310.0294874826099,312.68435069692356,307.0255672262538,310.9205627441406,310.9205627441406,65605700
15/09/2020,313.3641397614204,314.19090400039585,310.9297674888142,312.491455078125,312.491455078125,52920900
16/09/2020,313.72237632422525,315.1462463127431,310.9756444899073,311.2512512207031,311.2512512207031,82096000
17/09/2020,306.419220280496,310.2223743451593,305.89559274386187,308.5137023925781,308.5137023925781,91523300
18/09/2020,309.3151581691173,309.42583088639304,302.49006851927624,304.96185302734375,304.96185302734375,105877900
21/09/2020,300.3963948738727,301.7152914916219,296.734822845481,301.5677185058594,301.5677185058594,99450800
22/09/2020,303.04342914695485,305.19239924460896,300.5439485694505,304.6390075683594,304.6390075683594,63612100
23/09/2020,305.19242034775965,305.4691302783531,297.07610235711314,297.57415771484375,297.57415771484375,93112200
24/09/2020,296.26450432799584,301.4109832200537,294.9548113676943,298.36737060546875,298.36737060546875,76681300
25/09/2020,297.5188098317548,303.97498118619103,296.65186414481286,303.1910400390625,303.1910400390625,71069400
28/09/2020,307.3322255987747,308.9370364423363,306.3453468665424,308.22686767578125,308.22686767578125,64584600
29/09/2020,308.0239196318029,308.7617564876497,305.8564851660792,306.5482177734375,306.5482177734375,51304000
30/09/2020,307.2123221968008,312.0083468241908,307.0186449225947,308.87249755859375,308.87249755859375,104081100
01/10/2020,311.4549953869998,312.4234100301672,308.9832103165565,310.8554992675781,310.8554992675781,88698700
02/10/2020,305.9303234212104,310.82778863279594,305.45993618333404,307.904052734375,307.904052734375,89431100
05/10/2020,309.95163697043023,313.54864197302436,309.90553270818015,313.36419677734375,313.36419677734375,45713100
06/10/2020,313.5024469624945,315.58687691174333,308.402072950753,308.9093322753906,308.9093322753906,90128900
07/10/2020,311.8516163527998,315.08893515864236,311.82394816414654,314.2865295410156,314.2865295410156,56999600
08/10/2020,316.21406610772175,317.1363763322467,315.30095984570346,317.0718078613281,317.0718078613281,45242500
09/10/2020,318.7135625963804,320.36450600551524,318.09563042343444,319.9033508300781,319.9033508300781,59528600
12/10/2020,322.4303560592616,326.51618268689634,321.94153287521806,325.0497131347656,325.0497131347656,80388500
13/10/2020,324.911520163135,325.08676139819215,321.9693476124568,322.9285583496094,322.9285583496094,73255500
14/10/2020,323.50033584861643,324.5886552411015,320.1708091953333,320.8994140625,320.8994140625,57727900
15/10/2020,317.00718356557996,320.9823376815257,316.47225611409266,320.50274658203125,320.50274658203125,60357700
16/10/2020,321.849416126788,323.5003595562706,320.13393236342415,320.3091735839844,320.3091735839844,89501900
19/10/2020,321.5634874612231,322.19065172366453,314.54471943593575,315.4393615722656,315.4393615722656,68425600
20/10/2020,316.7766838154975,319.9309973867883,316.02041077038155,316.7029113769531,316.7029113769531,60051900
21/10/2020,316.6567571723614,318.81498786798693,315.7990154182925,316.1033935546875,316.1033935546875,63575000
22/10/2020,316.31550456028447,318.41837073196325,314.184970207926,317.8373107910156,317.8373107910156,55399300
23/10/2020,319.05475325093767,319.1100896099065,316.47229601014976,318.9164123535156,318.9164123535156,49143900
26/10/2020,315.54997848902946,316.33394775174224,309.54573036057326,313.0228576660156,313.0228576660156,91473000
27/10/2020,313.3640603755734,313.69607847128503,311.7315536316538,311.9436950683594,311.9436950683594,65994100
28/10/2020,306.29929226016867,311.97149564251475,300.793097996132,301.28192138671875,301.28192138671875,127094300
29/10/2020,301.5123433057497,307.4981257586488,299.83373247398697,304.3438415527344,304.3438415527344,90597700
30/10/2020,302.7759531166456,304.07641371211474,297.53723859702774,301.171142578125,301.171142578125,120287300
02/11/2020,304.5469055175781,306.5390712136703,301.816846466365,304.5469055175781,304.5469055175781,86068300
03/11/2020,307.76568671307086,311.9714188889306,304.62983772534005,309.92388916015625,309.92388916015625,93294200
04/11/2020,314.3786207831499,320.90859233592846,313.2072970382518,316.8504333496094,316.8504333496094,126959700
05/11/2020,322.10759705001647,324.8284233294965,321.75711467946127,323.0299072265625,323.0299072265625,82039700
06/11/2020,322.7440352568417,324.20130128726,320.64116890696374,322.9561767578125,322.9561767578125,74973000
09/11/2020,335.6932240544699,336.07137459090427,326.553127154814,327.0142822265625,327.0142822265625,172304200
10/11/2020,326.02741100790297,327.5861174374779,323.2789447318522,326.5346984863281,326.5346984863281,85552000
11/11/2020,328.7114074071208,329.78129080470626,327.47551489956834,328.96044921875,328.96044921875,58649000
12/11/2020,327.9550663459089,329.00651354142656,323.97070745695135,325.7691955566406,325.7691955566406,67546200
13/11/2020,327.6691431786953,331.01713379560016,327.15265170494035,330.279296875,330.279296875,62892200
16/11/2020,332.93559901843656,334.59574638349557,331.65357412637275,334.4020690917969,334.4020690917969,74541100
17/11/2020,332.00398913327604,333.802505202386,330.5006190703116,332.6034851074219,332.6034851074219,66111000
18/11/2020,332.8709782269809,333.4151378683076,328.5637772011029,328.6006774902344,328.6006774902344,70591300
19/11/2020,327.973683437647,330.35323260750647,326.63632169297045,329.98431396484375,329.98431396484375,59940900
20/11/2020,329.7258822189603,329.9287915800389,327.650684358841,327.7244567871094,327.7244567871094,70417300
23/11/2020,329.52295577874605,330.9433212326786,327.3001850306235,329.68896484375,329.68896484375,63230600
24/11/2020,332.2253630547063,335.5456855418986,331.37685339761396,335.00152587890625,335.00152587890625,62415900
25/11/2020,334.918533340122,334.9462015223956,333.3967270217236,334.48504638671875,334.48504638671875,45330900
27/11/2020,335.57337244610363,335.88695456701845,334.41125247407854,335.4165954589844,335.4165954589844,28514100
30/11/2020,334.6418399539096,334.90931782692627,331.26620896255025,333.9316711425781,333.9316711425781,83872700
01/12/2020,337.16899213449574,339.11505340908474,336.5787000163199,337.5840148925781,337.5840148925781,74231400
02/12/2020,336.4772371080401,338.45096643579234,335.90540924809943,338.294189453125,338.294189453125,45927000
03/12/2020,338.19276373886237,339.5854614210643,337.1044442445208,338.2019958496094,338.2019958496094,62882000
04/12/2020,338.7831021741017,341.1165466308594,338.6908654940685,341.1165466308594,341.1165466308594,50749900
07/12/2020,340.35086732798777,340.90425902440904,339.1518754413008,340.4154357910156,340.4154357910156,48944300
08/12/2020,339.15188893607467,341.97415573878243,339.10578468731796,341.41156005859375,341.41156005859375,42458900
09/12/2020,342.0663652650748,342.22314221575647,337.51938334859,338.3494567871094,338.3494567871094,74098300
10/12/2020,336.9845044596191,339.2810480632366,336.1175305396437,338.2388610839844,338.2388610839844,57735400
11/12/2020,336.5509954355729,338.2480428717824,335.03842130301246,337.84222412109375,337.84222412109375,57698600
14/12/2020,340.00048656717314,341.070341758888,336.15444018565523,336.3296813964844,336.3296813964844,69216200
15/12/2020,338.8568165510045,340.8766784667969,337.4918152485287,340.8766784667969,340.8766784667969,63865300
16/12/2020,341.0887458772807,342.32463809868386,340.2125399775271,341.41156005859375,341.41156005859375,58420500
17/12/2020,343.04408843782375,343.52367965151916,342.2232187766809,343.3207702636719,343.3207702636719,64119500
18/12/2020,343.6078092959657,343.7745259814416,339.94914407590966,341.9498291015625,341.9498291015625,136542300
21/12/2020,338.05044054116735,350.5454322565791,335.3272876322013,340.7272644042969,340.7272644042969,96386700
22/12/2020,341.0514095788478,341.16255404751814,339.03220968693654,340.1529541015625,340.1529541015625,47949000
23/12/2020,341.11636406536365,342.3575248130481,340.13454991769294,340.458740234375,340.458740234375,46201400
24/12/2020,340.93107872570647,341.8110197666795,340.3475701195771,341.7832336425781,341.7832336425781,26457900
28/12/2020,344.32108544977285,345.1083965593925,343.70051933120067,344.7193908691406,344.7193908691406,39000400
29/12/2020,346.2384721497358,346.41446036686983,343.47826119327533,344.0617980957031,344.0617980957031,53680500
30/12/2020,344.87689416495385,345.5808470308338,344.16369810171034,344.5527038574219,344.5527038574219,49455300
31/12/2020,344.35813994007736,347.0257205730323,343.8487183090097,346.3032531738281,346.3032531738281,78520700
04/01/2021,347.6277697833951,347.7574571892461,337.91150340640877,341.58868408203125,341.58868408203125,110210800
05/01/2021,340.9495418737346,345.02499929937693,340.90321283330127,343.9412841796875,343.9412841796875,66426200
06/01/2021,342.44088464548366,349.17468134346575,341.8944053169438,345.9976501464844,345.9976501464844,107997700
07/01/2021,348.3594891696927,351.87919612243684,348.1835009953903,351.1382141113281,351.1382141113281,68766800
08/01/2021,352.51835210952186,353.351964049799,349.28577737519294,353.1389465332031,353.1389465332031,71677200
11/01/2021,349.9805355731948,352.50915807186885,349.8601195938938,350.7585754394531,350.7585754394531,51034700
12/01/2021,350.94375332137713,351.8421806908139,348.60033453721564,350.83258056640625,350.83258056640625,52547700
13/01/2021,350.7585330833306,352.7684620951219,349.98049331102504,351.77740478515625,351.77740478515625,45303600
14/01/2021,352.51834010082484,353.01851855461456,350.2120072157381,350.5454406738281,350.5454406738281,49989100
15/01/2021,348.93383121899916,349.7303856428167,346.13659100513945,347.98907470703125,347.98907470703125,107160000
19/01/2021,350.43427237101565,351.25864103080227,348.96155149790013,350.7214050292969,350.7214050292969,51233300
20/01/2021,352.99994173082,356.40853248612547,352.6109360670709,355.5749206542969,355.5749206542969,61836100
21/01/2021,356.13069985378786,356.55679143284385,354.98216906964274,355.8991394042969,355.8991394042969,47840100
22/01/2021,354.0558675399395,355.79720634900036,353.6761050748442,354.639404296875,354.639404296875,52860500
25/01/2021,355.3711907354322,356.3900340645269,350.5454507834374,356.0380859375,356.0380859375,70402000
26/01/2021,356.98289873234944,357.3904474350038,355.2508308793983,355.4823913574219,355.4823913574219,42665300
27/01/2021,352.1756209612476,352.268250784751,344.57118450473314,346.7941589355469,346.7941589355469,123351100
28/01/2021,348.6003576792307,353.7595313987344,348.1650511599813,349.7767028808594,349.7767028808594,94198100
29/01/2021,347.9242248487391,348.8875242713741,341.1070702475137,342.7743225097656,342.7743225097656,126765100
01/02/2021,346.1550740721614,349.5080647438886,343.0614299643618,348.4799499511719,348.4799499511719,75817600
02/02/2021,351.64767805001776,354.95436791269526,348.563305430762,353.40753173828125,353.40753173828125,64450700
03/02/2021,354.2318734911407,355.3989470635839,352.4164476969592,353.6853942871094,353.6853942871094,52427100
04/02/2021,354.7135208194631,357.75159252733863,353.79655056291546,357.7052917480469,357.7052917480469,47142600
05/02/2021,359.56703683096254,359.8171119122872,357.6589812031138,359.1131591796875,359.1131591796875,48669800
08/02/2021,360.55816692019795,361.75302686161535,359.7060402188195,361.70672607421875,361.70672607421875,38365200
09/02/2021,360.8730425291398,362.05865913101644,360.4655221555642,361.4658508300781,361.4658508300781,35551100
10/02/2021,363.19798262205444,363.34618472348745,358.9187494098211,361.3084411621094,361.3084411621094,59154400
11/02/2021,362.3828137358075,362.79963383055735,359.4744293353658,361.89190673828125,361.89190673828125,42913300
12/02/2021,361.09531279474186,363.920338519712,361.0211976334396,363.6795349121094,363.6795349121094,50593300
16/02/2021,364.9022500003414,365.09678115079834,362.65148897356323,363.36468505859375,363.36468505859375,50972400
17/02/2021,361.62339184114336,363.69816474823375,360.61376324856224,363.4480895996094,363.4480895996094,52290600
18/02/2021,360.854465504746,362.64210502833146,359.1409128726459,361.901123046875,361.901123046875,59712800
19/02/2021,363.1515647766669,363.4386974223099,360.817417764793,361.26202392578125,361.26202392578125,83241000
22/02/2021,358.5110624838278,360.8822386592953,358.21465839523194,358.4832763671875,358.4832763671875,67414200
23/02/2021,356.2881475310484,360.2617324705037,352.157117326697,358.9186706542969,358.9186706542969,107284100
24/02/2021,357.83490071995925,363.2997487095845,356.85308689673474,362.8736572265625,362.8736572265625,72433900
25/02/2021,361.614054243243,362.9756307811768,352.6943414403151,354.1300048828125,354.1300048828125,146670500
26/02/2021,356.00102164898425,357.1402809088511,350.33242667147107,352.3052978515625,352.3052978515625,152701600
01/03/2021,357.1495196515627,362.08640354754476,352.4997966765975,360.84521484375,360.84521484375,105348800
02/03/2021,361.0676132242538,361.2991736921879,357.5293624902229,358.029541015625,358.029541015625,79595300
03/03/2021,357.3348735423533,358.29814477451754,353.18529961920825,353.2872009277344,353.2872009277344,119940200
04/03/2021,353.10191667693744,355.6768678709619,344.45082125144995,348.9153137207031,348.9153137207031,183433000
05/03/2021,352.3978775655479,356.3807334772414,345.15468960580324,355.3340759277344,355.3340759277344,152039600
08/03/2021,356.28824770946767,359.08548834675565,353.2872327034592,353.5650939941406,353.5650939941406,123149200
09/03/2021,357.3904216073474,361.1509612373541,356.8902430962981,358.6130676269531,358.6130676269531,113633600
10/03/2021,360.9471161253984,362.5309814553855,359.53923897281567,360.84521484375,360.84521484375,109899400
11/03/2021,363.29983372649673,366.46756487354185,362.8459560202513,364.5039367675781,364.5039367675781,86245000
12/03/2021,363.15153929676364,365.13368155879493,362.3457136531662,364.9947509765625,364.9947509765625,64653600
15/03/2021,365.24491005005603,367.4308553577761,363.11456525466946,367.1715087890625,367.1715087890625,73427200
16/03/2021,367.7827566296584,368.48668101999846,365.9395166356945,366.70831298828125,366.70831298828125,73722500
17/03/2021,365.43015115301284,368.75535559488856,364.2908636411773,367.95880126953125,367.95880126953125,97959300
18/03/2021,365.3838583264933,367.458630815987,361.92896639831395,362.6051330566406,362.6051330566406,115349100
19/03/2021,362.30590860111545,363.8763863440196,359.7689764719853,361.9342041015625,361.9342041015625,113624500
22/03/2021,362.4451850855128,366.19946462655867,362.3894308453332,364.8241271972656,364.8241271972656,73778600
23/03/2021,364.1922851409189,365.6326505079344,361.1721404249181,361.9527282714844,361.9527282714844,90686600
24/03/2021,363.3466815716018,364.9729135223698,360.0663405424219,360.11279296875,360.11279296875,97588600
25/03/2021,358.6817356717282,362.928502774503,356.7488269231494,362.1386413574219,362.1386413574219,116128600
26/03/2021,363.28159933715943,368.3740383743186,362.68687787049055,367.9744567871094,367.9744567871094,114409100
29/03/2021,366.506230599657,368.6900335718035,365.02868604213734,367.78863525390625,367.78863525390625,108107600
30/03/2021,366.5249150979024,367.482067884983,365.2239064978576,366.81298828125,366.81298828125,76262200
31/03/2021,367.379739547907,369.85161555750506,367.35186241979716,368.2997131347656,368.2997131347656,112734200
01/04/2021,370.2232869937267,372.3327601495362,370.01884528609827,372.2769775390625,372.2769775390625,99682900
05/04/2021,374.92552877258004,378.1594180969661,374.851199202024,377.62042236328125,377.62042236328125,91684800
06/04/2021,377.062782829176,378.43809222549146,376.72822894950895,377.3973083496094,377.3973083496094,62021000
07/04/2021,377.2300221296708,378.1778727378527,376.77468630209785,377.83404541015625,377.83404541015625,55836300
08/04/2021,379.07938583255554,379.6834092961356,378.1501102395892,379.6276550292969,379.6276550292969,57863100
09/04/2021,379.50675096516443,382.5547727954049,379.3859406394559,382.3874816894531,382.3874816894531,61104600
12/04/2021,381.79281150001924,382.796416474297,381.1887881496238,382.5269470214844,382.5269470214844,56704900
13/04/2021,382.42472067416116,384.2832715540899,382.04371434066746,383.66064453125,383.66064453125,56551000
14/04/2021,383.6327485367833,384.68283426978144,381.81137670460754,382.3503723144531,382.3503723144531,61659900
15/04/2021,384.4784328546867,386.7272920226282,384.43198042379737,386.4577941894531,386.4577941894531,60229800
16/04/2021,387.74014885492164,388.3534740033724,386.32766049921406,387.74945068359375,387.74945068359375,82037300
19/04/2021,386.82023873772533,387.26627283938177,384.52492705882344,385.844482421875,385.844482421875,78498500
20/04/2021,384.63636975752553,385.7329078820872,381.55116873929074,383.0194396972656,383.0194396972656,81851800
21/04/2021,382.40615242461456,386.84808797516496,382.2667384186611,386.6436462402344,386.6436462402344,66793000
22/04/2021,386.4763357663494,387.3033760742911,382.0529760615345,383.1123352050781,383.1123352050781,97582800
23/04/2021,383.6700044272526,388.66951158839044,383.5956748588698,387.26629638671875,387.26629638671875,73209200
26/04/2021,387.91677659109115,388.6416103646639,387.3313284741211,388.0747375488281,388.0747375488281,52182400
27/04/2021,388.37206467020457,388.56723292463965,386.8573412168641,387.9910583496094,387.9910583496094,51303100
28/04/2021,388.26058398462,389.37572589844,387.41493989916654,387.87957763671875,387.87957763671875,51238900
29/04/2021,390.59306111989224,390.96476562535156,386.9874678625414,390.3514404296875,390.3514404296875,78544300
30/04/2021,388.0933589466871,388.93900311437784,386.8945855266376,387.78668212890625,387.78668212890625,85527000
03/05/2021,389.7659458311173,390.1469521204787,388.13044053050237,388.6229553222656,388.6229553222656,68128300
04/05/2021,386.64367972036484,387.13619462090406,382.5548730269321,386.2254943847656,386.2254943847656,101591200
05/05/2021,387.8609452628347,388.0932640974251,385.7886510489646,386.3462219238281,386.3462219238281,60162200
06/05/2021,386.4206161525747,389.5615718594526,384.42267951252586,389.4314880371094,389.4314880371094,74321400
07/05/2021,390.1934202611164,392.9161900904021,389.5150390811732,392.26568603515625,392.26568603515625,67733800
10/05/2021,392.61884104470386,392.8418580569698,388.2605373215281,388.38134765625,388.38134765625,81852400
11/05/2021,383.8836790361329,385.90019080250545,381.058673838158,384.9151611328125,384.9151611328125,116888000
12/05/2021,382.14593854145664,383.4097394915113,375.42726709184967,376.737548828125,376.737548828125,134811000
13/05/2021,378.2801563667472,383.1867295062854,378.23367557967265,381.26312255859375,381.26312255859375,106394000
14/05/2021,383.98593025886146,387.9632283561021,383.95805312758887,387.1175842285156,387.1175842285156,82201600
17/05/2021,386.01175585096786,386.9410313324155,384.1252993987615,386.1325378417969,386.1325378417969,65129200
18/05/2021,386.39274546912407,386.6343661765269,382.6477663005699,382.8057556152344,382.8057556152344,59810200
19/05/2021,378.1408045892193,381.9786886398152,376.66323156600845,381.8021240234375,381.8021240234375,106467100
20/05/2021,382.67553575598805,387.1639510846834,382.55475379550967,385.909423828125,385.909423828125,78022200
21/05/2021,387.3870310910262,388.6229832530187,385.1382005063425,385.5935363769531,385.5935363769531,76578700
24/05/2021,387.8237936745519,390.5930445875986,387.582172994574,389.5243835449219,389.5243835449219,51376700
25/05/2021,390.6022772028169,390.9554063568541,388.08394906214374,388.66009521484375,388.66009521484375,57451400
26/05/2021,389.2456215946333,389.93327638516723,388.2141394088324,389.4314880371094,389.4314880371094,43088600
27/05/2021,390.453631092409,390.9647211844155,389.3570646409822,389.6358642578125,389.6358642578125,56707700
28/05/2021,391.19704397355315,391.4572399363522,390.10050587027376,390.33282470703125,390.33282470703125,58520200
01/06/2021,392.68393734755085,392.8233229944938,389.5522835895408,389.9890441894531,389.9890441894531,54216600
02/06/2021,390.63944335593305,391.4386348403412,389.635838535603,390.6022644042969,390.6022644042969,49097100
03/06/2021,388.29767053815266,390.2863048348229,386.8387015832235,389.152587890625,389.152587890625,58138800
04/06/2021,390.99259643637595,393.0091363874435,389.2176771468902,392.7117614746094,392.7117614746094,55938800
07/06/2021,392.70245396777017,392.8790185472602,391.4014741919741,392.33074951171875,392.33074951171875,51555000
08/06/2021,393.18571484226,393.27864805740666,390.59305680285246,392.4144287109375,392.4144287109375,47134300
09/06/2021,393.2507697660974,393.32512768168914,391.6059624638834,391.8289794921875,391.8289794921875,48436300
10/06/2021,393.0462453239848,394.59814744397846,391.73596383996403,393.6502685546875,393.6502685546875,51020100
11/06/2021,394.19863560369777,394.4123507955599,392.91623101558656,394.30084228515625,394.30084228515625,45570800
14/06/2021,394.41240125927584,395.285922514848,393.17647729852365,395.1837158203125,395.1837158203125,42358500
15/06/2021,395.33244468684984,395.3695952928033,393.58540199283766,394.45892333984375,394.45892333984375,51508500
16/06/2021,394.59823144884797,394.82124847769757,390.22135210226025,392.2564392089844,392.2564392089844,80386100
17/06/2021,391.84760199223103,393.10210119599844,389.66379895429577,392.1263732910156,392.1263732910156,90949700
18/06/2021,388.85953482830837,389.5494393113769,386.6313151981734,386.83642578125,386.83642578125,118676300
21/06/2021,388.58912956449535,392.5608031135424,387.7780195471861,392.37432861328125,392.37432861328125,72822000
22/06/2021,392.3649408938295,395.30172870679206,391.6470398281665,394.4719543457031,394.4719543457031,57700300
23/06/2021,394.54664482628675,395.34842259301394,393.91267704068656,393.99658203125,393.99658203125,49445400
24/06/2021,396.1316447586806,396.74694810360864,395.8799013019191,396.3274230957031,396.3274230957031,45110300
25/06/2021,397.0732018408674,398.1826596628426,396.7468856958135,397.7351379394531,397.7351379394531,58129500
28/06/2021,398.25724298746064,398.70473623877365,397.0638802306052,398.53692626953125,398.53692626953125,53159600
29/06/2021,398.91924432286936,399.5532121672935,398.2200075512794,398.7514343261719,398.7514343261719,35970500
30/06/2021,398.29453168040874,399.75827397212026,398.26656335103905,399.0870056152344,399.0870056152344,64827900
01/07/2021,399.8422206763837,401.4551370436827,399.77695175037366,401.296630859375,401.296630859375,53441000
02/07/2021,402.45274727158574,404.71826768717443,401.38056141092403,404.3639831542969,404.3639831542969,57697700
06/07/2021,404.4198543106815,404.63429713848,400.9050347893744,403.62738037109375,403.62738037109375,68710400
07/07/2021,404.3079918986779,405.33354476274883,402.303519022366,405.0538330078125,405.0538330078125,63549500
08/07/2021,399.75821872515706,402.5085606918011,398.5834921499517,401.7533874511719,401.7533874511719,97595200
09/07/2021,403.25449948236826,406.3404621035636,401.55767811817753,406.0421142578125,406.0421142578125,76238600
12/07/2021,405.9581450244714,407.74820336371283,405.52928784657445,407.4964599609375,407.4964599609375,52889600
13/07/2021,406.71342143365604,408.2051323525151,405.84637459810114,406.107421875,406.107421875,52911300
14/07/2021,407.7948378993106,408.2796602207777,405.47338115910287,406.7133483886719,406.7133483886719,64130400
15/07/2021,405.3801859332363,406.0514543731517,403.4316495407636,405.3242492675781,405.3242492675781,55126400
16/07/2021,406.49891518452205,406.54551958157515,401.75343241278944,402.1449890136719,402.1449890136719,75874700
19/07/2021,397.3436335763946,402.21032270665535,393.40926015344803,396.2062072753906,396.2062072753906,147987000
20/07/2021,396.86807940233047,403.15190560272424,396.0756054886236,401.8839416503906,401.8839416503906,99608200
21/07/2021,403.0773770798175,405.27765698558056,401.8374096846167,405.1377868652344,405.1377868652344,64724400
22/07/2021,405.3149375806969,406.22861725285645,404.3360174299691,405.9862060546875,405.9862060546875,47878500
23/07/2021,407.9067473953741,410.49858385610935,407.2261751560549,410.1629638671875,410.1629638671875,63766600
26/07/2021,409.5755177575135,411.1791015467012,409.5289133635764,411.1697692871094,411.1697692871094,43719200
27/07/2021,410.1349462433999,410.1629145724487,406.48025668627827,409.2958679199219,409.2958679199219,67397100
28/07/2021,409.92058688005255,410.49861809942547,407.71100307927964,409.12811279296875,409.12811279296875,52472400
29/07/2021,410.0510501972417,411.8970168587412,410.0417179366842,410.8248596191406,410.8248596191406,47435300
30/07/2021,408.2703168786377,410.27478967456426,408.1397790411661,408.8297119140625,408.8297119140625,68951200
02/08/2021,410.5359142126354,411.08597709125746,407.61776136087985,407.9720458984375,407.9720458984375,58783300
03/08/2021,408.76444835011597,411.4122212036647,406.5828332901923,411.291015625,411.291015625,58053900
04/08/2021,410.013724347072,411.2630237482158,409.03480441731386,409.26788330078125,409.26788330078125,46732200
05/08/2021,410.4239368348036,411.94361567540324,410.1069529741895,411.8597106933594,411.8597106933594,38969700
06/08/2021,412.1766644565728,412.95980601714183,411.8969527515063,412.5402526855469,412.5402526855469,46930000
09/08/2021,412.51236355148603,412.8293474498061,411.44020627292963,412.2047119140625,412.2047119140625,41222600
10/08/2021,412.6521688276481,413.4260066614601,411.97159669055037,412.7174377441406,412.7174377441406,43339300
11/08/2021,413.78031206478073,413.8362487240308,412.6615219757521,413.7430114746094,413.7430114746094,44034300
12/08/2021,413.5938605071988,415.1228718168817,412.6988454575395,414.9830017089844,414.9830017089844,38909400
13/08/2021,415.4305706025511,415.7568868046491,414.9457766564748,415.7382507324219,415.7382507324219,39470300
16/08/2021,414.4423104279769,416.84767249312245,412.8946629015271,416.7171630859375,416.7171630859375,73740000
17/08/2021,414.17191970261024,414.84318814832017,411.0113842575715,413.9854736328125,413.9854736328125,92673900
18/08/2021,412.978558984422,414.5355387391959,409.2120240010242,409.45440673828125,409.45440673828125,89351900
19/08/2021,406.7412780804755,411.2816785225219,406.6014364441112,410.0882873535156,410.0882873535156,92812200
20/08/2021,410.4333164331078,413.67775658772473,409.94849410047595,413.3514404296875,413.3514404296875,72008700
23/08/2021,415.02961932645024,417.89183507049324,413.42603534317016,416.98748779296875,416.98748779296875,54973000
24/08/2021,417.64947509765625,418.18090188764904,417.1367128313938,417.64947509765625,417.64947509765625,38744700
25/08/2021,417.83588293403466,419.03854953793854,417.4629339431671,418.5257873535156,418.5257873535156,40529700
26/08/2021,418.2460947166087,418.4791736205417,415.9619385292738,416.05517578125,416.05517578125,57829600
27/08/2021,416.85693316240236,420.14800598686645,416.80099650435585,419.77508544921875,419.77508544921875,77235100
30/08/2021,420.4463974226872,422.4042660135,420.203986244658,421.6211242675781,421.6211242675781,48357400
31/08/2021,421.5278561630646,421.8634761216063,420.39976225528045,420.9964294433594,420.9964294433594,59300200
01/09/2021,421.9287838685606,422.4415461141893,420.987135922643,421.22021484375,421.22021484375,48721400
02/09/2021,422.6373493891215,423.31792162382027,421.3227808707356,422.5161437988281,422.5161437988281,42501000
03/09/2021,421.387988849166,422.92630380282,420.9870715426401,422.41351318359375,422.41351318359375,47170500
07/09/2021,422.06856215515467,422.16179940000075,420.2318993945348,420.9031677246094,420.9031677246094,51671500
08/09/2021,420.37183634098136,421.09904144321104,418.47920817085276,420.3904724121094,420.3904724121094,56181900
09/09/2021,420.194679042839,421.9381047734719,418.3486837946311,418.5910949707031,418.5910949707031,57970400
10/09/2021,420.51165319314345,420.93117815889764,415.16947434641764,415.2906799316406,415.2906799316406,89948200
13/09/2021,418.2741120636888,418.5351593108477,414.0506948028417,416.353515625,416.353515625,83738600
14/09/2021,417.7893195077674,417.99443010602226,413.2209781306569,414.106689453125,414.106689453125,78197100
15/09/2021,414.5261935331129,418.05967793066094,413.426067858019,417.5655517578125,417.5655517578125,78792200
16/09/2021,417.04346715334754,418.013054999152,413.9668082618026,416.90362548828125,416.90362548828125,77786700
17/09/2021,416.13478169530885,416.55565067502687,412.4870792787578,412.8424987792969,412.8424987792969,118425000
20/09/2021,406.74432982392835,408.31563107334745,401.1137908654286,405.95867919921875,405.95867919921875,166445500
21/09/2021,408.2875359159857,409.5782577328852,405.05139775953694,405.5751647949219,405.5751647949219,92526100
22/09/2021,407.83859908430554,411.561112902549,405.68741498694294,409.531494140625,409.531494140625,102350100
23/09/2021,411.39280997305156,416.1067425610066,411.15898434825647,414.5073547363281,414.5073547363281,76396000
24/09/2021,412.8799262600289,415.90096352552064,412.66479641554514,415.19012451171875,415.19012451171875,62094800
27/09/2021,414.16127425016805,415.32104015057223,413.31014559826434,414.0022888183594,414.0022888183594,61371100
28/09/2021,411.2431812029925,411.57054280469146,404.9298889795922,405.659423828125,405.659423828125,130436300
29/09/2021,407.03430833854253,408.7646237192778,405.78100637960586,406.3421936035156,406.3421936035156,82329200
30/09/2021,407.81058970767697,408.5120665894425,401.03900867618046,401.375732421875,401.375732421875,140506000
01/10/2021,403.0966548978282,407.819920791209,399.5892707562588,406.1457214355469,406.1457214355469,129240100
04/10/2021,404.98598629215144,405.8838687084721,398.77556393327893,400.9080810546875,400.9080810546875,128570000
05/10/2021,402.40457906385245,407.31491768424513,401.609594693182,405.0795593261719,405.0795593261719,90682500
06/10/2021,401.49724350728303,406.96876815418193,399.8791886529931,406.76300048828125,406.76300048828125,113032200
07/10/2021,410.0272637647416,413.10438834176847,409.8495540118839,410.27978515625,410.27978515625,72437500
08/10/2021,411.04670800109915,411.4301854093212,408.90485751836167,409.531494140625,409.531494140625,74557400
11/10/2021,408.8768180412666,411.7762613135145,406.5011418518959,406.5666198730469,406.5666198730469,65233300
12/10/2021,407.48321348221907,407.8853866681187,404.78017581687527,405.5658264160156,405.5658264160156,71181200
13/10/2021,406.58527857778154,407.8385803077712,403.6203860978582,407.0248718261719,407.0248718261719,72974000
14/10/2021,410.6725909235282,414.0209897091665,410.20493969427326,413.871337890625,413.871337890625,70236800
15/10/2021,415.97587253361814,417.3881887332587,415.3585693313217,417.0234069824219,417.0234069824219,66260200
18/10/2021,415.24619873026535,418.5945686911891,414.5914756470946,418.25787353515625,418.25787353515625,62213200
19/10/2021,419.87598933410356,421.5501601721971,419.26801990573733,421.4847106933594,421.4847106933594,46996800
20/10/2021,421.94292042936127,423.43940977991457,421.8306887231228,423.1401062011719,423.1401062011719,49571600
21/10/2021,422.5415781375362,424.468298903712,422.1113470020355,424.24383544921875,424.24383544921875,41305400
22/10/2021,423.8136529308841,425.2540268631663,421.8682076248878,423.8042907714844,423.8042907714844,58845100
25/10/2021,424.8891720800844,426.40435739743305,423.1214653908989,426.0769958496094,426.0769958496094,45214500
26/10/2021,427.62030473700503,428.82682438361206,426.0863949710087,426.46051025390625,426.46051025390625,56075100
27/10/2021,426.91878511269175,427.58284181405264,424.496326817205,424.5711669921875,424.5711669921875,72438000
28/10/2021,425.9928363723962,428.742627797446,425.98350275745725,428.6678161621094,428.6678161621094,51437900
29/10/2021,426.3763014877547,429.8275696350324,426.08636002655044,429.5376281738281,429.5376281738281,70162400
01/11/2021,430.5196484527775,430.8937922170224,428.55553640630086,430.2764892578125,430.2764892578125,48433600
02/11/2021,430.4448731294371,432.32484009362486,430.31391709227427,432.01617431640625,432.01617431640625,48908400
03/11/2021,431.45500068055804,435.05592075419565,431.0154073955712,434.65374755859375,434.65374755859375,52509800
04/11/2021,435.2523818386185,436.78629172441015,434.90632446133264,436.7021179199219,436.7021179199219,52847100
05/11/2021,438.91876204081126,440.20012191636965,436.7114618114456,438.21728515625,438.21728515625,66390600
08/11/2021,439.3115707807346,439.8072799359265,437.9086171102104,438.59136962890625,438.59136962890625,50405200
09/11/2021,438.9560903412489,439.18991592053965,435.73864808675563,437.1416015625,437.1416015625,51149100
10/11/2021,435.45812386633844,437.14168548634404,432.1471735790114,433.62493896484375,433.62493896484375,69429700
11/11/2021,435.1120661491066,435.1869063329562,433.7465324971055,433.7652282714844,433.7652282714844,34848500
12/11/2021,435.0278324259744,437.59055177805936,434.0831679013753,437.0387268066406,437.0387268066406,53466700
15/11/2021,438.32012144161854,438.47910686218404,436.06603927869656,437.1883850097656,437.1883850097656,46980500
16/11/2021,436.926563287216,440.0504702557984,436.8517516451615,438.91876220703125,438.91876220703125,48857500
17/11/2021,438.65688553568276,438.8345952994172,437.23523596897536,437.8525390625,437.8525390625,47858300
18/11/2021,438.8813734885716,439.6015747427725,436.16900171530943,439.3396911621094,439.3396911621094,50625600
19/11/2021,439.2273454032156,440.4713135766684,438.1891734422036,438.553955078125,438.553955078125,57315600
22/11/2021,440.42460812441726,442.90315404190204,437.11362928083673,437.31939697265625,437.31939697265625,72762000
23/11/2021,436.99201694576334,438.7503901392518,434.4012394044777,437.8992614746094,437.8992614746094,73206500
24/11/2021,435.9070933030563,439.1900143055321,435.09338467174774,439.06842041015625,439.06842041015625,61858800
26/11/2021,432.4277214537044,433.88679095900204,428.1533825042478,429.2757568359375,429.2757568359375,112669600
29/11/2021,434.04579477237445,436.37468863148496,431.8571905656505,434.54150390625,434.54150390625,86268800
30/11/2021,432.10971456592034,434.0083773215289,425.8431769850362,426.08636474609375,426.08636474609375,148559600
01/12/2021,431.77298036427726,434.6069452761653,421.1572932336897,421.35369873046875,421.35369873046875,131939200
02/12/2021,421.56889106102784,429.369310207567,421.1760514660489,427.8073425292969,427.8073425292969,127637800
03/12/2021,429.4628587252186,430.51972656716913,419.8760081618024,424.0848693847656,424.0848693847656,137331600
06/12/2021,426.61954425695245,430.9780574380259,424.21580992319184,429.1074523925781,429.1074523925781,98977500
07/12/2021,434.3638433156849,438.5446466888678,428.9764917091224,437.98345947265625,437.98345947265625,95484700
08/12/2021,438.3761707807467,439.5920522740282,436.6271316177857,439.1430969238281,439.1430969238281,72238800
09/12/2021,437.8617553378509,439.2460129835665,435.9818171701339,436.17822265625,436.17822265625,61272600
10/12/2021,438.871953514165,440.43389253118346,436.32792985552976,440.28424072265625,440.28424072265625,77159800
13/12/2021,439.7698232123747,440.115880522037,436.10342536649597,436.384033203125,436.384033203125,87724700
14/12/2021,433.1292229901505,435.60776885896564,430.4729673662913,433.3817443847656,433.3817443847656,97264100
15/12/2021,433.4378558520737,440.39647953000116,430.9312236978613,440.1533203125,440.1533203125,116899300
16/12/2021,441.99589716215934,442.276476487203,434.7285786686983,436.2718505859375,436.2718505859375,116568600
17/12/2021,433.2054531879676,436.19955239682724,429.9297889238789,431.6286315917969,431.6286315917969,135511600
20/12/2021,426.5696462517917,427.4331314987916,423.43476458066107,427.0389404296875,427.0389404296875,107134800
21/12/2021,430.4460420910775,434.76355475782685,428.28730007942625,434.6227722167969,434.6227722167969,69806300
22/12/2021,434.36936703944747,439.0810708579234,434.1722428370173,438.96844482421875,438.96844482421875,58890200
23/12/2021,439.96328236392037,443.19202853023717,439.8600513958449,441.6996765136719,441.6996765136719,56439700
27/12/2021,443.07010328785805,447.99769311603984,443.0231853183026,447.9507751464844,447.9507751464844,56808600
28/12/2021,448.3824616482978,449.4055195900255,446.8244014321464,447.58465576171875,447.58465576171875,47274600
29/12/2021,447.6878408773432,449.1707977326842,446.6929396080829,448.1571350097656,448.1571350097656,54503000
30/12/2021,448.5795345178264,449.5838309519996,446.45834427104364,446.9182434082031,446.9182434082031,55329000
31/12/2021,446.430131900379,447.5751820751698,445.51970014618337,445.7918701171875,445.7918701171875,65237400
03/01/2022,447.0496642498278,448.5044935235423,444.7501397489699,448.3730773925781,448.3730773925781,72668200
04/01/2022,449.79032507237594,450.50366140781244,446.3738496168056,448.2228698730469,448.2228698730469,71178700
05/01/2022,447.8567704426278,448.6264196779899,439.5221022436826,439.615966796875,439.615966796875,104538900
06/01/2022,439.1561460016045,441.9062031753526,436.8471978839519,439.20306396484375,439.20306396484375,86858900
07/01/2022,439.21246416672096,440.3856996959157,436.11510518357954,437.4666748046875,437.4666748046875,85111600
10/01/2022,434.2849014246999,437.1381897824005,428.5595059644335,436.9223327636719,436.9223327636719,119362000
11/01/2022,436.65950709740383,440.9957810759172,433.6747741107534,440.90191650390625,440.90191650390625,74303100
12/01/2022,442.6289048560433,444.1400470908077,440.1416512981123,442.0939025878906,442.0939025878906,67605400
13/01/2022,443.1920625646944,443.8396908575435,434.9794139965531,436.0024719238281,436.0024719238281,91173100
14/01/2022,432.8676006358353,436.52808978679013,431.6568135400959,436.1808166503906,436.1808166503906,95890900
18/01/2022,431.50661955919577,431.71311015183727,427.34867984369737,428.4562072753906,428.4562072753906,109709100
19/01/2022,429.9954611015999,431.38455344940263,423.7350645572912,424.00726318359375,424.00726318359375,109357600
20/01/2022,425.8844492805024,430.56799582128895,417.202507339247,419.3143310546875,419.3143310546875,122379700
21/01/2022,418.1973719649646,420.5438425539786,411.0547292408569,411.0828857421875,411.0828857421875,202271200
24/01/2022,405.4983919140663,413.3356116835618,394.92050974188936,412.8287658691406,412.8287658691406,251783900
25/01/2022,406.4651000702844,412.7161024030997,400.9180390545414,407.78851318359375,407.78851318359375,167997300
26/01/2022,413.65470828881433,416.77082885836546,402.5230342303155,406.7654724121094,406.7654724121094,186391100
27/01/2022,411.3457755828655,414.4712624598946,403.07681378422694,404.7568664550781,404.7568664550781,149878300
28/01/2022,406.10844039096463,414.85609154872685,401.5469143096676,414.8091735839844,414.8091735839844,164457400
31/01/2022,414.1427300497246,422.62757707476004,412.800555532894,422.2803039550781,422.2803039550781,152251400
01/02/2022,423.0030224285111,425.77186972605006,419.49271090214194,425.1336364746094,425.1336364746094,123155400
02/02/2022,427.52703339584536,429.98613051980317,425.2274802659756,429.263427734375,429.263427734375,117361000
03/02/2022,423.25641842670075,425.1523565396717,418.338196105121,419.1735534667969,419.1735534667969,118024400
04/02/2022,418.9389343536051,424.9740508376599,416.57367327477516,421.1446228027344,421.1446228027344,118454400
07/02/2022,421.904914890702,423.2940075029743,418.4696776323214,419.7930908203125,419.7930908203125,84472900
08/02/2022,419.29565126198895,424.16692787247695,417.8783734599183,423.2471008300781,423.2471008300781,81012000
09/02/2022,427.26417963134577,429.7608280199488,427.0670841027158,429.44171142578125,429.44171142578125,92589900
10/02/2022,423.6225314818853,429.6013356626919,419.73678997428686,421.7265930175781,421.7265930175781,140103700
11/02/2022,421.8109911505724,423.87586832148435,411.98397004230856,413.4106140136719,413.4106140136719,153214600
14/02/2022,412.9038039524639,414.48062552290673,408.6050532231465,412.0590515136719,412.0590515136719,123006300
15/02/2022,416.47977406549893,418.87316264321703,415.9635333424537,418.7042236328125,418.7042236328125,88482700
16/02/2022,416.667510025212,420.54388440699483,414.79972841637374,419.1735534667969,419.1735534667969,84863600
17/02/2022,416.00115999955716,419.1454369302685,409.6187702110395,410.2194519042969,410.2194519042969,102259100
18/02/2022,410.4727719418629,411.7211103095957,405.30117034871625,407.56317138671875,407.56317138671875,132642900
22/02/2022,405.36695455226914,408.7552449000615,399.70723904825377,403.1894226074219,403.1894226074219,124391800
23/02/2022,406.08965770586263,406.6528164705641,395.47422526850164,396.0373840332031,396.0373840332031,132578000
24/02/2022,385.7785700815535,402.4291467489523,385.42193057202616,401.99737548828125,401.99737548828125,213942900
25/02/2022,403.22697217896933,410.95156547095496,401.5844423836347,410.8670959472656,410.8670959472656,121804500
28/02/2022,405.4983445727152,411.2894475933548,404.2500346060891,409.81585693359375,409.81585693359375,145615000
01/03/2022,408.3234425116689,410.32264007794714,400.8804158798424,403.5741882324219,403.5741882324219,137785900
02/03/2022,405.8175082648305,412.71613952126535,405.06664891646875,410.99853515625,410.99853515625,117726500
03/03/2022,413.42002135958006,414.02070302306777,407.1596243152398,408.95233154296875,408.95233154296875,105501700
04/03/2022,405.23554101174136,406.7560496342077,401.6032084928617,405.6297607421875,405.6297607421875,113978200
07/03/2022,405.04777437562143,405.7517156092554,393.6063805668149,393.6720886230469,393.6720886230469,137896600
08/03/2022,393.85044666663845,400.97432894741854,389.62679900774907,390.6874084472656,390.6874084472656,164772700
09/03/2022,399.0314934618867,403.1331202623526,396.85396145942144,401.1620788574219,401.1620788574219,116990800
10/03/2022,396.57234376713836,400.2422276939095,394.620092580412,399.3505859375,399.3505859375,93972700
11/03/2022,401.82845214023683,402.4385288577548,393.76598140373204,394.2728271484375,394.2728271484375,95636300
14/03/2022,395.04244919429476,398.4776572170098,390.2556430646185,391.3913269042969,391.3913269042969,95729200
15/03/2022,393.9912112622118,400.627037600933,392.7241399369661,399.9981994628906,399.9981994628906,106219100
16/03/2022,403.48973577211655,408.92414137534934,398.7122961456911,408.8678283691406,408.8678283691406,144954800
17/03/2022,406.96250340047624,413.983154296875,406.58707380377643,413.983154296875,413.983154296875,102676900
18/03/2022,412.3788286596397,418.83753350872564,411.6444565524196,418.5174255371094,418.5174255371094,106345500
21/03/2022,418.3479881152232,420.34397249520026,414.9020791690174,418.39508056640625,418.39508056640625,88349800
22/03/2022,419.7789815550135,424.2228818162196,419.7789815550135,423.2908020019531,423.2908020019531,74650400
23/03/2022,420.7676007482886,422.2551645839134,417.7547761355378,417.8395080566406,417.8395080566406,79426100
24/03/2022,419.8543815321978,424.1476383476217,418.7434134818091,424.1382141113281,424.1382141113281,64736900
25/03/2022,424.7690942601519,426.4826390256011,422.19877711197813,426.2095947265625,426.2095947265625,77101300
28/03/2022,425.6163532676359,429.24114990234375,423.73334501401365,429.24114990234375,429.24114990234375,68529800
29/03/2022,433.11073878007403,435.04083957177517,430.4368703799773,434.5512390136719,434.5512390136719,86581500
30/03/2022,433.41200225218296,434.22171073456144,429.7683859125433,431.8679504394531,431.8679504394531,79666900
31/03/2022,431.10541007140074,431.9245142006821,424.7690759011227,425.22100830078125,425.22100830078125,121699900
01/04/2022,426.7933192033268,426.9345391042458,422.86726229562163,426.4261474609375,426.4261474609375,89048800
04/04/2022,426.6237972828837,430.1826819640368,425.80469323655575,430.0791015625,430.0791015625,59601000
05/04/2022,428.59151104712674,431.0488230339406,423.50739449351903,424.6466064453125,424.6466064453125,74214500
06/04/2022,420.74883235488153,422.6694802657768,417.5288752979102,420.40045166015625,420.40045166015625,106898000
07/04/2022,419.52485288651064,424.3265300513527,417.58535653376873,422.5188293457031,422.5188293457031,78097200
08/04/2022,421.76560347137945,424.27000788847994,419.8543512494377,421.3890075683594,421.3890075683594,79272700
11/04/2022,418.13139944100146,418.9693519364392,413.68752738112,414.1865234375,414.1865234375,89770500
12/04/2022,417.16163958908623,419.67546827237953,411.1077748954318,412.65185546875,412.65185546875,84363600
13/04/2022,412.4070937143792,418.1314267488248,412.22820561338756,417.37823486328125,417.37823486328125,74070400
14/04/2022,417.60422818757394,418.7152251179499,412.0776024456247,412.1811828613281,412.1811828613281,97869500
18/04/2022,411.2584680800119,414.02649286644555,410.1286514899628,412.3506164550781,412.3506164550781,66002500
19/04/2022,412.2470573939194,419.72260380527314,412.0775935163657,419.007080078125,419.007080078125,77821000
20/04/2022,420.77709519303664,421.3890672136186,417.53831825026737,418.69635009765625,418.69635009765625,65224400
21/04/2022,422.30230774795746,423.68632009037725,411.53149725254485,412.4353332519531,412.4353332519531,85417300
22/04/2022,411.35261559680123,412.4541594531157,400.55356095514185,401.11846923828125,401.11846923828125,132471800
25/04/2022,398.88709289400344,403.6134335850115,394.33961156529534,403.4439697265625,403.4439697265625,119647700
26/04/2022,400.9207048061077,401.11844136754604,391.73164371973945,391.7598876953125,391.7598876953125,103996300
27/04/2022,392.83317570300943,398.1809410211438,390.7336398727966,392.8614196777344,392.8614196777344,122030000
28/04/2022,397.58781923542455,404.5078808966821,393.17216221026155,402.784912109375,402.784912109375,105449100
29/04/2022,398.81181190653876,400.95844060924014,387.1559838147255,387.8997802734375,387.8997802734375,145491100
02/05/2022,387.96568189359846,391.59047917730305,381.32805937170104,390.2347106933594,390.2347106933594,158312500
03/05/2022,390.73364246013386,394.42432259994985,389.1801376426985,392.02349853515625,392.02349853515625,100028200
04/05/2022,392.6825019390418,404.5266391412948,389.50963784403865,403.96173095703125,403.96173095703125,144247900
05/05/2022,399.7156285575717,400.13931697439904,385.4895127503543,389.6038818359375,389.6038818359375,172929100
06/05/2022,387.052429506514,390.53597823132685,381.9965559339357,387.27838134765625,387.27838134765625,151770800
09/05/2022,381.40334006214687,382.63670821024124,373.3063985587751,374.87872314453125,374.87872314453125,155586100
10/05/2022,380.8291132331161,382.32610181137966,371.72478159187983,375.7449951171875,375.7449951171875,132497200
11/05/2022,374.78456583577383,380.4053467898081,369.03196050848914,369.7757568359375,369.7757568359375,142361000
12/05/2022,366.5935017624292,372.6473671369606,362.62035271566276,369.3897705078125,369.3897705078125,125090800
13/05/2022,373.50415422453636,379.59568805484594,372.4684937718504,378.2210998535156,378.2210998535156,104174400
16/05/2022,376.5828496996567,380.33944215793855,374.3420651693036,376.6864013671875,376.6864013671875,78622400
17/05/2022,382.7496666304879,384.67034306970953,379.03071388415356,384.4349670410156,384.4349670410156,83029700
18/05/2022,379.8969587790726,380.17939855656863,367.7044674442447,368.9378356933594,368.9378356933594,117674500
19/05/2022,365.8873321136663,371.08445332431154,364.4656516763447,366.6781921386719,366.6781921386719,98510700
20/05/2022,370.24649717138874,373.8053816147372,358.2799877872286,366.8382568359375,366.8382568359375,131432200
23/05/2022,369.85112637485844,374.46452049127714,367.5444580490805,373.701904296875,373.701904296875,76414900
24/05/2022,369.59687394240024,372.03536628996494,364.3244448543885,370.8490905761719,370.8490905761719,91448800
25/05/2022,369.3615701104793,376.08392497670934,368.96615437272027,374.1255798339844,374.1255798339844,91472900
26/05/2022,375.34953113826674,383.2299175155968,375.1423990434027,381.6011047363281,381.6011047363281,82168300
27/05/2022,384.0489633714319,391.08200055963175,383.85125554393176,390.9690246582031,390.9690246582031,84768700
31/05/2022,389.35905760743515,392.0988383279228,386.04497310590705,388.77532958984375,388.77532958984375,95937000
01/06/2022,390.8843163808003,391.89170405110434,383.1263021350257,385.6307067871094,385.6307067871094,86585800
02/06/2022,385.47063713429924,393.02148998349895,383.229852686857,392.97442626953125,392.97442626953125,79609600
03/06/2022,388.2763611795485,389.82044199768814,385.55542873821975,386.5251770019531,386.5251770019531,71874300
06/06/2022,390.517176236762,392.2401165686381,386.53460246104265,387.70208740234375,387.70208740234375,57508900
07/06/2022,384.22791205148525,391.87292239964444,383.76655540466106,391.4209899902344,391.4209899902344,59272400
08/06/2022,389.7168124827089,391.4962691477678,386.37448418684187,387.16534423828125,387.16534423828125,64350000
09/06/2022,385.39533612934156,387.6549405235344,377.95745849609375,377.95745849609375,377.95745849609375,86289800
10/06/2022,371.78117890548924,372.6285269294592,366.9512578167044,366.9983215332031,366.9983215332031,132893900
13/06/2022,357.63038818463684,359.47572843382756,351.4635182270805,353.0640869140625,353.0640869140625,170004900
14/06/2022,354.8058760643675,355.8321122307695,348.91205036955256,352.00018310546875,352.00018310546875,104011800
15/06/2022,355.28600909693944,361.4434545749502,350.3525363114145,357.0184020996094,357.0184020996094,125666800
16/06/2022,348.8366741811118,349.24151402615854,342.7827813130142,345.20245361328125,345.20245361328125,134473300
17/06/2022,345.61575893672597,349.2751150795737,342.45755440518343,345.9466857910156,345.9466857910156,111113900
21/06/2022,351.6485465469434,356.0359826472647,351.57288467855716,354.65545654296875,354.65545654296875,76811900
22/06/2022,350.4476289196659,358.10676218449237,350.03157524112396,354.012451171875,354.012451171875,90059400
23/06/2022,356.13997099447135,358.2107454929241,352.5940787916053,357.482666015625,357.482666015625,79292100
24/06/2022,360.6408975327615,368.8579146543749,360.6125315472774,368.84844970703125,368.84844970703125,98050300
27/06/2022,369.7656112640716,370.05873603154885,366.3521130366236,367.43951416015625,367.43951416015625,66009600
28/06/2022,368.99025938902804,371.7607760766396,359.8182072157404,359.9316711425781,359.9316711425781,86548900
29/06/2022,360.48015261997824,361.4635259830783,357.82309960843037,359.6385803222656,359.6385803222656,65676000
30/06/2022,355.7617301279105,359.94116789384236,352.2820347335468,356.7167663574219,356.7167663574219,112508300
01/07/2022,356.06435688635764,360.9246076353703,353.45457064095484,360.4896240234375,360.4896240234375,74839700
05/07/2022,355.42128921408255,361.18927901231945,352.60347679290015,361.17034912109375,361.17034912109375,81438000
06/07/2022,361.31226305640257,364.8676206487518,358.9388985354465,362.3902282714844,362.3902282714844,70426200
07/07/2022,364.15839292566767,368.61202540572873,362.4090803527021,367.8177490234375,367.8177490234375,64525900
08/07/2022,366.191344484654,369.3779436355089,364.6689887193885,367.5151672363281,367.5151672363281,72397800
11/07/2022,364.8487461657154,365.8132186468721,362.6266475087584,363.3169250488281,363.3169250488281,58366900
12/07/2022,362.7684468745156,365.1418402247089,358.362080869492,360.1019287109375,360.1019287109375,62219200
13/07/2022,354.6838524314908,361.1326565690661,354.2677986899343,358.2108154296875,358.2108154296875,84224600
14/07/2022,353.27490712624945,358.4188177084197,350.8448106264778,357.34088134765625,357.34088134765625,89704800
15/07/2022,361.7282870982627,364.2813411355363,359.82770841913714,364.1678771972656,364.1678771972656,79060400
18/07/2022,367.24099693727663,367.912344500235,359.94118513181706,361.1609802246094,361.1609802246094,63203600
19/07/2022,365.06616172189337,371.4865990503367,364.41374406055814,370.91925048828125,370.91925048828125,78506000
20/07/2022,371.10833981504896,374.6920628374867,369.74671494258035,373.28314208984375,373.28314208984375,71843800
21/07/2022,372.7064417602145,377.13170916798924,370.3141471744408,377.0844421386719,377.0844421386719,64903900
22/07/2022,377.2073085647602,378.3987087577949,371.3731210571291,373.58575439453125,373.58575439453125,72197300
25/07/2022,374.20980770925064,374.89062013717165,371.8080487473427,374.03961181640625,374.03961181640625,53631500
26/07/2022,372.40379790822186,372.6118247488071,368.7255405509069,369.6143798828125,369.6143798828125,52946400
27/07/2022,372.8954459743451,380.9517310966384,372.60232120977315,379.2118835449219,379.2118835449219,82342100
28/07/2022,380.0156283887417,384.6583576476985,376.47917243204495,383.9681091308594,383.9681091308594,73966600
29/07/2022,385.39594499465454,390.5493202190506,384.63003453579483,389.56591796875,389.56591796875,87003700
01/08/2022,386.880471670519,390.90861443486426,386.17129323209457,388.41229248046875,388.41229248046875,69997500
02/08/2022,386.85206507545166,390.520885762128,384.67726296854556,385.8497619628906,385.8497619628906,63435400
03/08/2022,387.9678546966585,393.0550324074595,387.6841948771705,391.8919982910156,391.8919982910156,67820600
04/08/2022,391.81629417270625,392.49710652258676,389.99134886557505,391.627197265625,391.627197265625,45656600
05/08/2022,387.362738241362,391.60834410065166,387.3060062724685,390.9653625488281,390.9653625488281,56814900
08/08/2022,392.6485056258635,394.8895051228033,389.4146388910765,390.5115051269531,390.5115051269531,53886100
09/08/2022,389.7833662144508,390.28451780261275,387.8922237902104,388.9607238769531,388.9607238769531,44931800
10/08/2022,395.98626864703226,397.2722603631877,394.0383944672068,397.1304016113281,397.1304016113281,68665700
11/08/2022,399.9671149438748,401.82045509784757,396.3928572991276,397.1304016113281,397.1304016113281,59489700
12/08/2022,399.05946211792985,403.9575146188211,398.11389080007996,403.853515625,403.853515625,61694500
15/08/2022,401.6502565276743,406.0377206189218,401.59352456585145,405.51763916015625,405.51763916015625,54048300
16/08/2022,404.4491439128755,408.23142837760344,403.64540269281275,406.3119201660156,406.3119201660156,59289000
17/08/2022,402.7282345419043,406.1228316979683,401.43280661081104,403.4279479980469,403.4279479980469,63563400
18/08/2022,403.62652829890396,405.28127797974213,402.3405652552225,404.6004943847656,404.6004943847656,49023200
19/08/2022,401.8488402510194,402.11359902042835,398.2934834704918,399.1634216308594,399.1634216308594,68016900
22/08/2022,394.3504946497515,394.52071941279587,389.95359392592934,390.8518981933594,390.8518981933594,77695600
23/08/2022,390.4263025639095,392.80916021108453,389.3578026007289,389.90625,389.90625,49105200
24/08/2022,389.67939265365226,392.51610668513507,388.9986089883818,391.1545104980469,391.1545104980469,49177800
25/08/2022,392.6389673027772,396.7238417233846,391.55156621776786,396.67657470703125,396.67657470703125,50942300
26/08/2022,396.5631721445434,397.1021258692278,383.1927797477306,383.24951171875,383.24951171875,103087000
29/08/2022,380.3088043159643,383.75066898657906,379.36323297639854,380.71539306640625,380.71539306640625,65370800
30/08/2022,381.86898583766924,382.1053786692072,374.4462451560691,376.53594970703125,376.53594970703125,85652400
31/08/2022,378.1622699284396,379.40096584880325,373.53844192677496,373.6708068847656,373.6708068847656,76029700
01/09/2022,371.5055182868605,375.1837756026024,368.8106343368199,374.8433837890625,374.8433837890625,78740100
02/09/2022,378.4933014446806,379.70363162679985,369.08485490441115,370.8908996582031,370.8908996582031,99632100
06/09/2022,371.73239306497686,372.66849927504563,367.2787610013706,369.49139404296875,369.49139404296875,76637400
07/09/2022,369.1793490313916,376.8952133261025,368.9618861280906,376.1293029785156,376.1293029785156,70964200
08/09/2022,373.86940805077325,379.0416547769603,372.6685141668355,378.5877990722656,378.5877990722656,80821700
09/09/2022,380.81934883699086,385.329742082949,380.5545900462263,384.4692687988281,384.4692687988281,76706900
12/09/2022,386.530576252988,389.32002270766344,386.2279865572964,388.60137939453125,388.60137939453125,69256300
13/09/2022,379.95888974243803,381.1597837204144,370.5883038747845,371.7040710449219,371.7040710449219,122947100
14/09/2022,372.99947713125925,374.63532571628434,369.8318077999259,373.1224060058594,373.1224060058594,85023700
15/09/2022,371.5717106828295,374.4084247409728,367.61922935405465,368.88629150390625,368.88629150390625,87633800
16/09/2022,364.72387185360486,366.7272091723702,362.7964492553366,366.07208251953125,366.07208251953125,103084800
19/09/2022,362.9388950406954,368.91094970703125,362.86292236913584,368.91094970703125,368.91094970703125,73278500
20/09/2022,365.5973340819425,366.6037545982577,361.9324497442443,364.6763610839844,364.6763610839844,77274900
21/09/2022,366.59425728558,369.63252654265,358.3055291317483,358.3150329589844,358.3150329589844,106746600
22/09/2022,357.5459378785754,359.1790024904426,354.5646626886457,355.30523681640625,355.30523681640625,89472600
23/09/2022,351.8491243421104,351.8871106662699,344.92761622420255,349.3520812988281,349.3520812988281,122346900
26/09/2022,347.8899804357397,351.49789961299837,344.6808163277676,345.8961181640625,345.8961181640625,92581200
27/09/2022,349.41864254939213,351.6783515332495,342.63004074479505,345.01318359375,345.01318359375,108294100
28/09/2022,345.9625820630532,353.4822530130937,344.2725525183402,351.8017272949219,351.8017272949219,110802200
29/09/2022,348.26980398508965,348.55462907314757,341.51918862235004,344.4530029296875,344.4530029296875,112952300
30/09/2022,343.51297496490554,347.4152519853497,338.9935866635343,339.1264953613281,339.1264953613281,153711200
03/10/2022,342.82943689733025,349.92187183515944,341.0539594494883,348.0799255371094,348.0799255371094,89756500
04/10/2022,353.57718804598346,358.8941441243227,348.0418757679158,358.86566162109375,358.86566162109375,103602800
05/10/2022,354.517213813191,360.2803868520497,352.2005400048697,358.0301818847656,358.0301818847656,88065700
06/10/2022,356.6343965661121,359.5777138028147,353.8429956550219,354.33673095703125,354.33673095703125,82333500
07/10/2022,350.32063154436236,354.4222866629077,342.6965042864364,344.4530029296875,344.4530029296875,107789500
10/10/2022,345.5638554657178,345.8012193680551,339.59180054497295,341.822998046875,341.822998046875,76042800
11/10/2022,340.1329308775536,344.68083086003986,337.7308096086358,339.658203125,339.658203125,92482800
12/10/2022,340.066449523059,341.63304512033494,338.29094360606194,338.5378112792969,338.5378112792969,76991800
13/10/2022,331.5593165001294,348.9343679346623,330.5149097513193,347.4721984863281,347.4721984863281,147254500
14/10/2022,349.9218097110879,351.54539946318886,338.91762404448093,339.55377197265625,339.55377197265625,123737000
17/10/2022,345.6113290586685,349.380668806043,339.22148268311986,348.279296875,348.279296875,93168200
18/10/2022,356.1692206517508,356.4730533438476,348.94384975105197,352.37139892578125,352.37139892578125,97162900
19/10/2022,350.33955250549025,353.05501012296355,347.0734234834684,349.87432861328125,349.87432861328125,79746900
20/10/2022,349.4280591595853,353.83354599069514,346.18090904052775,346.94049072265625,346.94049072265625,88283100
21/10/2022,346.6652142635387,355.8559372584329,345.1650872068647,355.3717346191406,355.3717346191406,131038400
24/10/2022,356.8908558861546,360.85006925134127,354.2513416759188,359.72021484375,359.72021484375,85436900
25/10/2022,359.64424976923016,365.77772406360737,359.53031974752065,365.46441650390625,365.46441650390625,78846300
26/10/2022,362.33113065355525,367.9898761863748,362.0747881509625,362.7109069824219,362.7109069824219,104087300
27/10/2022,363.70792288491305,365.54036503352893,360.15693963581714,360.77410888671875,360.77410888671875,81971800
28/10/2022,360.66966547964233,369.83190549665636,360.4892666119688,369.357177734375,369.357177734375,100302000
31/10/2022,366.90762472118575,368.7685495858821,365.7872740661706,366.6892395019531,366.6892395019531,96631300
01/11/2022,370.4206205564319,370.6579844557042,363.91684392135363,365.08465576171875,365.08465576171875,85407600
02/11/2022,364.4959449170633,368.9868796691869,355.8179370887984,355.92236328125,355.92236328125,126990400
03/11/2022,352.694279312725,355.2863035789503,350.1497452124156,352.2575378417969,352.2575378417969,87100100
04/11/2022,357.94474652084614,359.72022378402096,351.29855759340336,357.3276062011719,357.3276062011719,103505200
07/11/2022,358.61880558333354,361.33426320464076,356.5489996813044,360.74560546875,360.74560546875,68286900
08/11/2022,361.8469568156974,365.65428248614427,358.62831787010947,362.6919860839844,362.6919860839844,84641100
09/11/2022,360.72655587582796,361.8754176849635,354.7259912478047,355.2197265625,355.2197265625,78495500
10/11/2022,368.43611202808063,375.07282417821534,366.1479502875966,374.7405090332031,374.7405090332031,141455800
11/11/2022,375.59503977722073,379.16500117805555,373.7151077464471,378.3674621582031,378.3674621582031,93839900
14/11/2022,376.61103437675337,379.9531074146063,374.87351452909996,375.14886474609375,375.14886474609375,71903500
15/11/2022,380.8740658346402,381.9754376853018,374.55068876407796,378.3485107421875,378.3485107421875,93194500
16/11/2022,376.7249517855088,377.67440728463805,374.8355446142679,375.4621887207031,375.4621887207031,68508500
17/11/2022,370.7243833730803,374.9874582361336,370.42057963663734,374.3133239746094,374.3133239746094,74496300
18/11/2022,377.63640863793864,377.7028774747301,373.1739853225882,376.0128479003906,376.0128479003906,92922500
21/11/2022,374.693181084185,375.8135317656495,372.8132485190349,374.64569091796875,374.64569091796875,51243200
22/11/2022,376.5825770145296,379.84870657702646,375.1773723038927,379.6872863769531,379.6872863769531,60429000
23/11/2022,379.3549636956731,382.5641281776776,379.12710362952333,382.0799255371094,382.0799255371094,68261600
25/11/2022,381.5196875372828,382.54511569451665,381.2443663067082,381.9944152832031,381.9944152832031,30545400
28/11/2022,378.9181872794732,380.5512518780544,375.13934400569946,375.89892578125,375.89892578125,67881600
29/11/2022,376.031857943791,377.218677377997,373.4208551885378,375.2533264160156,375.2533264160156,52310000
30/11/2022,375.50014044810706,387.0740051269531,373.5917546265289,387.0740051269531,387.0740051269531,144566700
01/12/2022,388.1087901558029,389.27663047826405,384.29199069774967,386.7890625,386.7890625,76398200
02/12/2022,381.9185505939232,387.2449830968987,381.81412437625926,386.343017578125,386.343017578125,85342700
05/12/2022,383.5325548004845,384.4630026318405,378.04470325554814,379.3929138183594,379.3929138183594,77289800
06/12/2022,379.2315543699302,379.7727220207001,371.84479123618274,373.924072265625,373.924072265625,77972200
07/12/2022,373.0790519775326,375.64259345528575,372.15807896997796,373.2879333496094,373.2879333496094,65927900
08/12/2022,375.16787185342383,377.27563531293924,373.3923656741001,376.2122497558594,376.2122497558594,60737900
09/12/2022,374.9779857119684,377.5225196894714,373.27845212602426,373.4018859863281,373.4018859863281,81447700
12/12/2022,374.18991841017703,378.7853088378906,373.5253169004451,378.7853088378906,378.7853088378906,75405800
13/12/2022,389.4855949322845,389.741937458983,378.89917302857265,381.652587890625,381.652587890625,123782500
14/12/2022,381.31081297545614,385.00420881267286,376.27871036892407,379.2125244140625,379.2125244140625,108111300
15/12/2022,374.37025027855924,375.2722444929256,368.28426670085497,369.9363098144531,369.9363098144531,117705900
16/12/2022,367.39060804195844,368.72594377762675,363.4418274301868,365.5688171386719,365.5688171386719,119858000
19/12/2022,365.75960801740996,366.09344924310705,360.80930355412653,362.46893310546875,362.46893310546875,79878100
20/12/2022,361.7154089937889,364.5768550701663,360.39913914135377,362.96490478515625,362.96490478515625,74427200
21/12/2022,365.5497703655622,369.5176461213456,365.01563604345074,368.39215087890625,368.39215087890625,78167400
22/12/2022,365.35897373224327,368.3730338595665,357.4613834622674,363.1365966796875,363.1365966796875,100120900
23/12/2022,362.1159860434873,365.36849982820587,360.57080985837734,365.2254333496094,365.2254333496094,59857300
27/12/2022,365.11097351314567,365.45433305552007,362.11597944447993,363.78515625,363.78515625,51638200
28/12/2022,363.71843147410067,365.6833180737436,359.03522324607314,359.2641296386719,359.2641296386719,70911500
29/12/2022,362.09698333590643,366.5989936653744,361.57236734542374,365.73101806640625,365.73101806640625,66970900
30/12/2022,363.0603304456531,364.9107056574417,360.952377322475,364.76763916015625,364.76763916015625,84022200
03/01/2023,366.61802772104494,368.5828851543406,360.38006673429567,363.23199462890625,363.23199462890625,74850700
04/01/2023,365.48293416385536,368.05824707832414,362.4498085414863,366.0361633300781,366.0361633300781,85934100
05/01/2023,364.0904452321647,364.2048984321615,361.26715956907026,361.8585205078125,361.8585205078125,76970500
06/01/2023,364.9392756207187,371.27262349109685,361.88708397790117,370.1566467285156,370.1566467285156,104189600
09/01/2023,372.3409551357516,375.5171770773959,369.7656707294841,369.9468688964844,369.9468688964844,73978100
10/01/2023,369.3649760616946,372.607942270048,368.4302265858901,372.5411682128906,372.5411682128906,65358100
11/01/2023,374.1150200893582,377.32937328940335,373.3042711879849,377.2530517578125,377.2530517578125,68881100
12/01/2023,378.35000138117096,380.0859234423217,374.2962855684355,378.6265869140625,378.6265869140625,90157700
13/01/2023,375.4407746169057,380.6676929521993,375.1737074965992,380.09539794921875,380.09539794921875,63903900
17/01/2023,380.07639986503904,381.74557694149377,378.7219690868492,379.399169921875,379.399169921875,62677300
18/01/2023,380.58192119114887,381.6406423942581,373.20891710602956,373.4092102050781,373.4092102050781,99632300
19/01/2023,371.3775149775483,373.0180784744015,369.37452611387545,370.6907958984375,370.6907958984375,86958900
20/01/2023,372.08338384027553,377.749049499946,370.44282022993093,377.596435546875,377.596435546875,91806400
23/01/2023,378.3976232018816,384.05374118740224,377.4438078609924,382.1270446777344,382.1270446777344,84178800
24/01/2023,380.4579061003212,382.6230566629975,379.2751842732551,381.7169494628906,381.7169494628906,59524900
25/01/2023,377.66317340531896,382.1937960050659,375.3835409042795,381.8599548339844,381.8599548339844,84800300
26/01/2023,384.5115864864833,386.21892411230044,381.55475308151983,386.0567626953125,386.0567626953125,72287400
27/01/2023,385.01709018056243,389.3092590605459,384.80724964877123,386.94378662109375,386.94378662109375,68346200
30/01/2023,384.196790848311,386.4191967958499,381.79318677341877,382.0888671875,382.0888671875,74202000
31/01/2023,382.60390042409813,387.75449674427324,382.26051181175035,387.7068176269531,387.7068176269531,86811800
01/02/2023,386.49550726473996,394.5648060301805,383.7676093537023,391.82733154296875,391.82733154296875,101459200
02/02/2023,395.6998505537126,398.990525390848,393.811314654258,397.53118896484375,397.53118896484375,101654500
03/02/2023,392.580846652655,397.7123777653695,392.1039389895125,393.3057556152344,393.3057556152344,94736800
06/02/2023,390.8640289856019,392.294752115139,389.2520785976726,390.90216064453125,390.90216064453125,60295300
07/02/2023,389.98652766410515,397.25459690875016,388.746579192855,396.0146484375,396.0146484375,90990700
08/02/2023,394.04976837031427,395.38510413414,390.99754738888123,391.6842956542969,391.6842956542969,76227500
09/02/2023,395.2706939306048,395.42330790708826,387.06787462049056,388.28875732421875,388.28875732421875,78694900
10/02/2023,387.1155453391367,389.57640563275254,386.30482544964053,389.19488525390625,389.19488525390625,70769700
13/02/2023,389.84341318387385,393.8971284439127,389.38557133439986,393.7635803222656,393.7635803222656,64913500
14/02/2023,392.2470630392104,395.88109763709383,389.6431654454688,393.5824279785156,393.5824279785156,88389300
15/02/2023,391.39821014033924,394.9368576206739,390.5588478132416,394.8605651855469,394.8605651855469,61555700
16/02/2023,389.91022227936105,393.8399372390062,389.2902480643342,389.42376708984375,389.42376708984375,76431500
17/02/2023,387.3063070107498,388.6893510840452,385.38912860346915,388.4508972167969,388.4508972167969,89257800
21/02/2023,384.44488243382534,385.49408533092276,380.4007139302568,380.6582336425781,380.6582336425781,82655900
22/02/2023,381.06829584759197,382.60395368803114,378.68375748701857,380.1335754394531,380.1335754394531,83742300
23/02/2023,383.01409817857655,383.62455398812614,377.94934088551855,382.1556701660156,382.1556701660156,96242400
24/02/2023,377.1577095966057,378.90317902341906,375.45991929796907,378.0733642578125,378.0733642578125,108194400
27/02/2023,381.4021728412389,382.7566035647617,378.4262733452024,379.36102294921875,379.36102294921875,80444700
28/02/2023,378.8840949077096,380.8394047987781,377.8539579939496,377.9588928222656,377.9588928222656,96438600
01/03/2023,377.1481328157973,378.36901530523187,375.21188881048784,376.5090637207031,376.5090637207031,99706800
02/03/2023,374.54423904245056,380.27667913690243,374.2103978176706,379.43731689453125,379.43731689453125,85127800
03/03/2023,381.2495406253721,385.770645358477,380.6009531474197,385.52264404296875,385.52264404296875,90120000
06/03/2023,386.342872914107,388.6320529045699,385.35092596691464,385.7896728515625,385.7896728515625,72795900
07/03/2023,385.74205640878506,385.9805102708599,379.26564136455426,379.8760681152344,379.8760681152344,108310600
08/03/2023,379.99054222005736,381.24955646245974,378.2736569852848,380.4960632324219,380.4960632324219,74746600
09/03/2023,381.27812390527305,382.9377823434292,372.4934930227915,373.4759216308594,373.4759216308594,111945300
10/03/2023,372.9322526934048,375.00204480111273,366.57032063826443,368.0868835449219,368.0868835449219,189253000
13/03/2023,364.17625337042944,372.3600057541109,363.0698240200609,367.5622863769531,367.5622863769531,157790000
14/03/2023,372.4649191205908,375.27868623479475,369.17424429944623,373.63812255859375,373.63812255859375,149752400
15/03/2023,368.06778985522413,371.50150155324764,365.9884504368566,371.30120849609375,371.30120849609375,172996900
16/03/2023,368.95487198316505,378.1591845711939,368.4493509964938,377.8157958984375,377.8157958984375,143254200
17/03/2023,376.49078623874874,377.620577116328,372.01945461346247,373.398193359375,373.398193359375,140553400
20/03/2023,374.17363412671835,377.40028401988184,373.47471024400215,376.9885559082031,376.9885559082031,93055800
21/03/2023,380.33969578047333,382.4173875215719,378.7503158002034,381.93865966796875,381.93865966796875,91524200
22/03/2023,381.7662983699507,385.36631171212144,375.3896402926609,375.42791748046875,375.42791748046875,111746600
23/03/2023,378.2811390116393,382.30246432046795,373.74280870365055,376.4428405761719,376.4428405761719,119351300
24/03/2023,375.16943071668686,378.99925344252387,372.833236516388,378.9130859375,378.9130859375,107682400
27/03/2023,381.18220877571866,381.9481907671168,378.73112484169525,379.6215515136719,379.6215515136719,74010400
28/03/2023,378.9322213165427,379.62159057011246,376.9407263724681,378.76947021484375,378.76947021484375,62871700
29/03/2023,382.9151805733512,384.5141441543579,381.7183611687493,384.2747802734375,384.2747802734375,77497900
30/03/2023,386.89829489648224,387.14724274445774,384.6674358301581,386.52490234375,386.52490234375,69840000
31/03/2023,387.44394229612334,392.26952614967655,387.3386069981714,391.97271728515625,391.97271728515625,112062600
03/04/2023,391.4557374933837,393.86851514556844,391.06317718146,393.4664001464844,393.4664001464844,67391100
04/04/2023,394.1079241464662,394.3951783979073,389.91426336080593,391.283447265625,391.283447265625,66601500
05/04/2023,390.55578111492605,391.31217934389673,388.6121470981262,390.25897216796875,390.25897216796875,65200200
06/04/2023,389.4642249836437,392.05895083799805,388.4206018294357,391.7812805175781,391.7812805175781,63743300
10/04/2023,389.31104357827485,392.26002346239954,388.69828713147245,392.18341064453125,392.18341064453125,63681000
11/04/2023,392.8057915925013,393.68663448889265,391.52280443872803,392.28875732421875,392.28875732421875,59297900
12/04/2023,394.34727662483084,394.6345308679278,390.1057548634186,390.6897888183594,390.6897888183594,86420400
13/04/2023,391.7716578689955,396.23340427170086,390.6322834184287,395.879150390625,395.879150390625,85814800
14/04/2023,395.24728574948534,397.4302835798645,392.61428257068803,394.91217041015625,394.91217041015625,78161500
17/04/2023,394.82598073584927,396.348331709265,393.600438675659,396.3291931152344,396.3291931152344,66436400
18/04/2023,397.89944773956887,398.0335055698033,395.2185833271868,396.5877380371094,396.5877380371094,63560000
19/04/2023,394.6823936174116,397.4207029205089,394.62494861239765,396.5207214355469,396.5207214355469,55227300
20/04/2023,393.7153643600863,396.09944900781187,392.81535363221457,394.35687255859375,394.35687255859375,75840400
21/04/2023,394.6536546185458,395.122798546293,392.719604685716,394.6632385253906,394.6632385253906,73457400
24/04/2023,394.4621654970849,395.49623401848584,393.13131726469595,395.074951171875,395.074951171875,64332100
25/04/2023,393.11207770668204,393.6674182755135,388.7460828379071,388.80352783203125,388.80352783203125,97766700
26/04/2023,389.4163794213185,390.48872511908525,386.6014573550663,387.1567687988281,387.1567687988281,80447000
27/04/2023,389.68441963730396,395.1323442051522,389.4354718372607,394.8642578125,394.8642578125,92968400
28/04/2023,393.98336171566496,398.24405045806503,393.92591672212814,398.2344665527344,398.2344665527344,89433100
01/05/2023,397.794121569062,399.8526454839488,397.6026187410231,397.8324279785156,397.8324279785156,62122300
02/05/2023,397.1238469456253,397.1717372569502,390.4695480864417,393.3610534667969,393.3610534667969,103998500
03/05/2023,393.85893960371277,396.2621626197753,390.42167734881843,390.6610412597656,390.6610412597656,91531800
04/05/2023,389.617390281609,389.9429216709352,386.56310465857086,387.89398193359375,387.89398193359375,94901900
05/05/2023,391.5132147900382,396.1185743812244,391.25471226930256,395.074951171875,395.074951171875,87891800
08/05/2023,395.40043160090397,395.6589340882948,393.78232933496844,395.1802062988281,395.1802062988281,50046800
09/05/2023,393.6387379211536,394.55788714476665,393.21745510632536,393.4472351074219,393.4472351074219,49220100
10/05/2023,396.2717004907046,396.90362464850057,391.47483892243093,395.2855224609375,395.2855224609375,96142900
11/05/2023,394.42385640636445,394.8834164060592,392.52808374994316,394.59619140625,394.59619140625,70157100
12/05/2023,395.83138408475986,396.042025526545,391.6664455699177,394.0792236328125,394.0792236328125,70481500
15/05/2023,394.68235310668433,395.8408662145273,392.7770257910844,395.4387512207031,395.4387512207031,54289400
16/05/2023,394.33769327560117,395.25687179173696,392.7866197060623,392.79620361328125,392.79620361328125,57705500
17/05/2023,394.8067934195903,398.16744245894745,393.1695526455843,397.56427001953125,397.56427001953125,87287000
18/05/2023,397.24830507598523,401.81538678686417,397.0281089980014,401.39410400390625,401.39410400390625,97177200
19/05/2023,402.29419356642416,402.82078253891825,399.59416135067175,400.81011962890625,400.81011962890625,103793300
22/05/2023,400.8292573658007,402.5048047952054,399.59413136502695,400.9728698730469,400.9728698730469,60745400
23/05/2023,399.33559189738094,400.9058331974647,396.0802485128697,396.4728088378906,396.4728088378906,86383500
24/05/2023,394.87389632279877,395.2568727625146,392.4419506407974,393.6004638671875,393.6004638671875,89213700
25/05/2023,397.09513966858555,398.4547395231807,394.86428090134467,397.00897216796875,397.00897216796875,90961600
26/05/2023,397.6599829933487,402.8685432906365,397.58339940922235,402.15045166015625,402.15045166015625,93830000
30/05/2023,404.074979094816,404.60156797851874,400.9249420409186,402.3036804199219,402.3036804199219,72216000
31/05/2023,400.4846054699889,401.38461624742513,398.51224888604935,400.0729064941406,400.0729064941406,110811800
01/06/2023,400.30258169758037,404.9271083010471,399.05790118797984,403.8739013671875,403.8739013671875,88865000
02/06/2023,406.4399357427851,410.4995384716648,405.9133468070171,409.7144470214844,409.7144470214844,91426200
05/06/2023,410.0590507599155,411.3420376561127,408.23030720227825,408.92926025390625,408.92926025390625,65460200
06/06/2023,408.5176374533879,410.3463521322916,407.86654536905576,409.81976318359375,409.81976318359375,64022200
07/06/2023,410.2122539217262,411.34204444638556,407.981366150616,408.40264892578125,408.40264892578125,85373300
08/06/2023,408.4697322463781,411.32296065481773,407.70377939997076,410.8729553222656,410.8729553222656,61952800
09/06/2023,411.6676134571485,413.6112472123868,410.62399032938276,411.61016845703125,411.61016845703125,85742800
12/06/2023,412.586760311463,415.42082057078096,411.8686686457449,415.3442077636719,415.3442077636719,76104300
13/06/2023,416.7995935234062,418.72405947829276,416.13894679853814,418.08258056640625,418.08258056640625,95899700
14/06/2023,418.41766273627127,420.3804349424088,415.1431518715733,418.5804138183594,418.5804138183594,100612100
15/06/2023,417.7666315386717,425.0145781797127,417.6709093443267,423.7698974609375,423.7698974609375,110303100
16/06/2023,425.7475555946183,426.3145491951236,421.85546845226753,422.32635498046875,422.32635498046875,114165800
20/06/2023,420.39477647392715,421.278891227802,418.0691141682308,420.1352844238281,420.1352844238281,76160400
21/06/2023,419.1550103120077,419.9526373922898,417.3963418744523,417.9825744628906,417.9825744628906,76982300
22/06/2023,417.0312661321085,419.59715234538584,416.69490598831976,419.491455078125,419.491455078125,70637200
23/06/2023,416.0510471242086,418.09800801134094,415.60898967891455,416.32012939453125,416.32012939453125,92074500
26/06/2023,415.75312807727073,417.6655331304873,414.37888755488666,414.619140625,414.619140625,72823600
27/06/2023,415.493629733563,419.77973592551575,415.0419528273242,419.1647033691406,419.1647033691406,72813700
28/06/2023,418.08837741440095,420.3852108229733,417.4733448104481,419.37615966796875,419.37615966796875,75636000
29/06/2023,418.96288231167824,421.1924377171977,418.559273599848,421.029052734375,421.029052734375,67882300
30/06/2023,424.22923858544607,426.97771946925525,423.91208812792,425.99749755859375,425.99749755859375,104964000
03/07/2023,425.6515034890419,426.76625174608176,425.37280176090064,426.4875793457031,426.4875793457031,32793400
05/07/2023,424.6809269189928,426.5837417319984,424.6713074116075,425.8533630371094,425.8533630371094,58418400
06/07/2023,422.28795168497953,422.9414328771002,420.01994786888264,422.5185852050781,422.5185852050781,80658300
07/07/2023,421.5287711761449,425.38243934770526,421.21162073773354,421.4518737792969,421.4518737792969,86134200
10/07/2023,421.09627673302543,422.6915603451521,420.5292831109417,422.5185852050781,422.5185852050781,62443500
11/07/2023,423.27782759435644,425.69956773672544,422.3071959049608,425.2094421386719,425.2094421386719,64463800
12/07/2023,428.9862448970164,430.03374466313784,427.56393630005715,428.6306457519531,428.6306457519531,91924500
13/07/2023,430.4373699947139,432.8206908722752,430.0049320898392,432.03265380859375,432.03265380859375,72425200
14/07/2023,432.9168067475371,433.76247288793445,431.00437243683245,431.7635803222656,431.7635803222656,69815800
17/07/2023,431.6194032211896,434.3102255823968,431.5713350157398,433.2627258300781,433.2627258300781,52680200
18/07/2023,432.9359794712025,437.1259784249401,432.5035122667073,436.48211669921875,436.48211669921875,80668200
19/07/2023,437.27013362266524,438.6347544080096,436.40519925341147,437.4527282714844,437.4527282714844,65891700
20/07/2023,436.4629102357604,437.35664451536627,433.8393364531686,434.55047607421875,434.55047607421875,70591600
21/07/2023,436.2610765640321,436.4629102357604,434.54088589539646,434.55047607421875,434.55047607421875,71275600
24/07/2023,435.6940732292396,437.298976422026,434.6657831913127,436.4917297363281,436.4917297363281,54023400
25/07/2023,436.22271303443887,438.9327454121648,436.1746448231181,437.6834411621094,437.6834411621094,55191200
26/07/2023,436.7512104988631,439.17295065598853,435.7037107326863,437.75067138671875,437.75067138671875,71052900
27/07/2023,441.12385890292364,441.5274969763578,433.9450957916118,434.84844970703125,434.84844970703125,92194400
28/07/2023,438.1062519781901,439.93216931576706,434.8484065015939,439.105712890625,439.105712890625,80011800
31/07/2023,439.5766441259426,440.2974033582614,438.26965213423165,439.94183349609375,439.94183349609375,62040400
01/08/2023,438.48102764934566,439.42283016702106,437.7314393035273,438.682861328125,438.682861328125,55291500
02/08/2023,435.5787978326574,435.83826057949295,431.83085596175755,432.5804443359375,432.5804443359375,93933400
03/08/2023,430.5719307015857,433.21471435225743,429.92803959884134,431.3407287597656,431.3407287597656,64276100
04/08/2023,433.14742331097347,435.2424228845315,428.87090725675444,429.3898620605469,429.3898620605469,100128900
07/08/2023,431.21576252551705,433.29155233174345,430.5238325901082,433.1377868652344,433.1377868652344,58357500
08/08/2023,430.6102594234319,433.1281355886074,427.9098179532791,431.254150390625,431.254150390625,71361300
09/08/2023,431.5232426403963,431.68662759424745,427.6119165310236,428.3711242675781,428.3711242675781,78789600
10/08/2023,430.71607007168745,434.08923235537964,427.3621468022029,428.52496337890625,428.52496337890625,93005500
11/08/2023,426.6605919753528,429.28416586620887,426.06476909769503,428.27508544921875,428.27508544921875,68690900
14/08/2023,427.3621646686425,430.6391906738281,427.05463370611966,430.6391906738281,430.6391906738281,47867400
15/08/2023,428.8708770611947,429.22647618823385,425.0556576931614,425.6226806640625,425.6226806640625,75707500
16/08/2023,425.20945229682616,426.8623944636419,422.3936935729571,422.4994201660156,422.4994201660156,80107200
17/08/2023,423.96015411160533,424.2196168527754,418.76107448676936,419.280029296875,419.280029296875,95711300
18/08/2023,416.4738690425287,420.510132174717,416.1279187140494,419.4818420410156,419.4818420410156,98852000
21/08/2023,420.4908700639508,422.9510589127824,418.3478316599045,422.2110900878906,422.2110900878906,68719000
22/08/2023,423.9793707816351,423.9793707816351,420.5101306907519,421.0675048828125,421.0675048828125,64994200
23/08/2023,422.12460773274086,426.37229454971487,421.98046176867535,425.7572326660156,425.7572326660156,68441000
24/08/2023,427.3525738696318,427.86190922962817,419.8278309286685,419.856689453125,419.856689453125,88517300
25/08/2023,421.576814401286,424.09466161039535,418.0402966316632,422.8165283203125,422.8165283203125,102325100
28/08/2023,424.99799661992967,426.1127742143462,422.816509634439,425.49774169921875,425.49774169921875,61595400
29/08/2023,425.3920554264297,431.92695615148733,425.2094607575032,431.64825439453125,431.64825439453125,83081900
30/08/2023,431.9846290752829,434.0604190699575,431.2830795696017,433.4261474609375,433.4261474609375,69053900
31/08/2023,434.04117430376084,435.17516171345255,432.6092754445361,432.7918701171875,432.7918701171875,66084600
01/09/2023,435.50196656557677,435.98247272624644,432.1480136212197,433.5991516113281,433.5991516113281,58944100
05/09/2023,433.1570257317341,433.4741468434639,431.65784909348326,431.72509765625,431.72509765625,55166200
06/09/2023,430.91787558724553,431.0236021823755,426.5068329962555,428.8228759765625,428.8228759765625,70758500
07/09/2023,425.8340750379796,428.1789470044785,425.4881247451009,427.5062561035156,427.5062561035156,70355400
08/09/2023,427.5543540855631,429.67818299559536,427.1987842372508,428.1501770019531,428.1501770019531,61659700
11/09/2023,430.76410870034374,431.27344400453364,429.06312762659996,430.9659423828125,430.9659423828125,60180100
12/09/2023,429.5244300194834,431.04281644605425,428.02525327961035,428.6018371582031,428.6018371582031,67565400
13/09/2023,428.82283025526624,430.2547289321733,427.72726235885176,429.1015319824219,429.1015319824219,60199300
14/09/2023,431.5617375492493,433.4933520471616,430.26436526823954,432.8014221191406,432.8014221191406,83430800
15/09/2023,431.2227284727568,431.5506216241027,427.15295081713646,427.5869140625,427.5869140625,111848900
18/09/2023,427.2783378211123,429.1300027993312,426.8057902109989,427.83770751953125,427.83770751953125,55752200
19/09/2023,426.9214475367596,427.50974802962753,424.27899561562054,426.95037841796875,426.95037841796875,66514600
20/09/2023,428.2041638924205,428.61884971067485,422.8227839687489,423.02532958984375,423.02532958984375,82562600
21/09/2023,420.18995642926694,420.45033436985153,415.87907838119946,416.03338623046875,416.03338623046875,104095800
22/09/2023,417.055696495469,418.64695406116914,414.68324615845955,415.09796142578125,415.09796142578125,100829700
25/09/2023,413.89246826227424,416.88209127104136,413.45847553843805,416.8435363769531,416.8435363769531,70874500
26/09/2023,413.8152964968598,414.51932063009883,409.8901728584851,410.7195739746094,410.7195739746094,96168400
27/09/2023,411.88640908082164,412.445778671282,407.2572916755206,410.8834228515625,410.8834228515625,104705800
28/09/2023,410.3338331669803,414.9340207800413,409.7455325572833,413.2655944824219,413.2655944824219,92258300
29/09/2023,416.30341993440965,416.47700522910236,410.7484550545368,412.2625732421875,412.2625732421875,115111300
02/10/2023,411.4331625829839,413.34268907348576,409.350050801858,412.0986022949219,412.0986022949219,83798600
03/10/2023,409.9287826037436,412.1565492542185,405.2224953214738,406.5823059082031,406.5823059082031,103760600
04/10/2023,407.0451710291783,410.28554771633696,405.5889145488821,409.54296875,409.54296875,87453000
05/10/2023,409.25364146047264,410.22769695288724,406.17722598529116,409.388671875,409.388671875,70142700
06/10/2023,406.9487369471333,415.7826633161712,405.62751083875975,414.249267578125,414.249267578125,113273300
09/10/2023,412.3590425619845,417.47039142005065,411.8093557252524,416.9013977050781,416.9013977050781,80374400
10/10/2023,417.5282094394434,421.6558488736504,417.1328010827686,419.0712585449219,419.0712585449219,78607300
11/10/2023,420.13214698196236,421.0386578835823,417.7596966141307,420.7879333496094,420.7879333496094,62451700
12/10/2023,421.39548619007036,421.7715876841516,415.8791053042313,418.22259521484375,418.22259521484375,81154200
13/10/2023,419.7174193113071,420.9132978989336,414.5771691952751,416.1394958496094,416.1394958496094,95143100
16/10/2023,418.3769095461698,421.578731455087,418.135809030701,420.51788330078125,420.51788330078125,75433200
17/10/2023,417.40278278927536,422.543061383034,417.05561223325043,420.4985046386719,420.4985046386719,75324700
18/10/2023,418.7337779857061,419.6885267101767,413.8153210625451,414.89544677734375,414.89544677734375,93559800
19/10/2023,415.60908569425885,417.4125128642148,410.5749056891377,411.2499694824219,411.2499694824219,121323000
20/10/2023,410.81596589128515,411.35602864539834,406.0903726459754,406.19647216796875,406.19647216796875,123919900
23/10/2023,404.67274501676764,409.3404770106009,402.92717959630676,405.49249267578125,405.49249267578125,92035100
24/10/2023,407.60455792627596,409.6973235164309,405.7625463101056,408.5496826171875,408.5496826171875,78564200
25/10/2023,406.8716581551216,406.9005890438636,402.1749947203963,402.6861267089844,402.6861267089844,94223200
26/10/2023,401.6252048310319,402.47385382688697,396.9478494758642,397.864013671875,397.864013671875,115156800
27/10/2023,399.4457606971556,399.8411691419142,394.64302701215934,396.0606994628906,396.0606994628906,107367700
30/10/2023,398.8381024524088,401.84703208667196,397.5458072598068,400.79583740234375,400.79583740234375,86562700
31/10/2023,401.3648163745919,403.6311669556289,399.4649432617073,403.31292724609375,403.31292724609375,79665200
01/11/2023,404.27731320299,408.4242298564383,403.7468744665271,407.6141357421875,407.6141357421875,98068100
02/11/2023,411.3946192920617,415.5801501470598,411.3753418460295,415.42584228515625,415.42584228515625,94938900
03/11/2023,417.72110052299064,420.75896096668146,417.59572355276106,419.2159118652344,419.2159118652344,100167800
06/11/2023,419.96815874248256,420.62394506807493,418.24187084518337,420.1803283691406,420.1803283691406,67831700
07/11/2023,420.180249741543,422.01260739367797,419.042262607515,421.3760986328125,421.3760986328125,64256100
08/11/2023,421.97412330805065,422.4949086781329,419.38953276666115,421.684814453125,421.684814453125,61746000
09/11/2023,422.82275020857907,422.86133452826135,417.97180945877307,418.3961486816406,418.3961486816406,83174400
10/11/2023,420.4600141525394,425.23378661631307,418.38652621092507,424.9251708984375,424.9251708984375,89462200
13/11/2023,423.5943543234561,425.61957523316283,422.81319095971963,424.5201721191406,424.5201721191406,52236100
14/11/2023,430.4318608990323,434.0387145688406,430.2100378679161,432.7560729980469,432.7560729980469,97176900
15/11/2023,434.086926966247,435.31173622053814,432.82356282626,433.6722412109375,433.6722412109375,77327600
16/11/2023,433.22870327091186,434.52099852551896,432.16785509736394,434.2027587890625,434.2027587890625,66665800
17/11/2023,434.2123895584984,435.3504063975986,433.2962252275612,434.7428283691406,434.7428283691406,83133200
20/11/2023,434.4920338445369,438.92828895080976,434.482380406505,438.0892639160156,438.0892639160156,69936200
21/11/2023,437.0476678056294,437.96386142887025,435.87109625162043,437.13446044921875,437.13446044921875,49244600
22/11/2023,438.7835886690173,440.1337454477348,437.7323941259012,438.8221435546875,438.8221435546875,59394900
24/11/2023,438.87043049439643,439.2851162959046,438.54253734218906,439.09222412109375,439.09222412109375,29737400
27/11/2023,438.46535397413186,439.2754481049459,437.91563778247536,438.3014221191406,438.3014221191406,50506000
28/11/2023,437.9157258992695,440.0277690132792,437.3563855884956,438.7354736328125,438.7354736328125,62115000
29/11/2023,440.8763777024274,442.0047410159344,438.0314094012158,438.4267883300781,438.4267883300781,63146000
30/11/2023,439.2658427946925,440.5002762034089,437.2020083442997,440.153076171875,440.153076171875,79752700
01/12/2023,439.5455132066452,443.28739788218263,438.95724208115644,442.7569885253906,442.7569885253906,89183400
04/12/2023,439.3815750840775,442.7762596678929,438.1664190963143,440.4327697753906,440.4327697753906,72430900
05/12/2023,439.05368258007826,441.3007263857532,438.67755165712543,440.3459777832031,440.3459777832031,69793500
06/12/2023,442.47738094576545,442.50631183516515,438.1375709484873,438.5715637207031,438.5715637207031,69124700
07/12/2023,440.6449509609681,442.5641016519375,440.0470263897846,441.91796875,441.91796875,66995400
08/12/2023,441.17532857795476,444.3482193835821,440.9342280791031,443.81781005859375,443.81781005859375,83194400
11/12/2023,443.3259545711253,445.7176821092958,443.1137849553907,445.5440673828125,445.5440673828125,65002200
12/12/2023,445.19687499100826,447.6753950554409,444.20354216398823,447.5789489746094,447.5789489746094,68327600
13/12/2023,447.9551241192789,454.0019441507163,447.5983000495941,453.7511901855469,453.7511901855469,93278000
14/12/2023,455.6799755722313,456.8662007070536,452.54566886194607,455.2074279785156,455.2074279785156,119026000
15/12/2023,454.61284974570634,455.7845286924067,452.6181291338484,454.4579162597656,454.4579162597656,141553700
18/12/2023,456.05563220988086,457.9922563619539,455.00017559306576,457.0142517089844,457.0142517089844,70375300
19/12/2023,457.5565059029809,459.87078595804843,457.47905393883144,459.7933044433594,459.7933044433594,55761800
20/12/2023,458.9411749679152,460.81970272542947,452.9957542950649,453.42181396484375,453.42181396484375,102921000
21/12/2023,456.3945788621247,457.99231764179564,453.98349092636033,457.72119140625,457.72119140625,86667500
22/12/2023,458.8443284649097,460.31618167604864,456.7528004658334,458.6409912109375,458.6409912109375,67160400
26/12/2023,459.04768621247854,461.4781292872484,458.97020470261134,460.5776062011719,460.5776062011719,55387000
27/12/2023,460.3742993690924,461.5556412930502,459.8417395433534,461.410400390625,461.410400390625,68000300
28/12/2023,461.76869846768426,462.41745105376606,461.16834966842947,461.584716796875,461.584716796875,77158100
29/12/2023,461.3910754366393,461.9139723041347,458.3021571230311,460.24847412109375,460.24847412109375,122283100
02/01/2024,457.1982355112993,458.66039620914324,455.5811413344983,457.6726989746094,457.6726989746094,123623700
03/01/2024,455.5230138961187,456.258940483322,453.33464883768056,453.93499755859375,453.93499755859375,103585900
04/01/2024,453.4604458089231,456.0361589797864,452.25005594764525,452.4727783203125,452.4727783203125,84232200
05/01/2024,452.67622417899463,455.53275675735284,451.6498156943496,453.0926208496094,453.0926208496094,86118900
08/01/2024,453.58644474883687,459.7061845131588,453.4605594436324,459.5609436035156,459.5609436035156,74879100
09/01/2024,456.917483028303,459.8805160607343,456.4139713115423,458.8638000488281,458.8638000488281,65931400
10/01/2024,459.1348885576282,462.32064377730035,458.85406976244286,461.4588317871094,461.4588317871094,67310600
11/01/2024,462.4561601628175,462.9693643803347,457.2950698074294,461.2554626464844,461.2554626464844,77940700
12/01/2024,462.69828839912003,463.4342151118614,460.171007794378,461.5750427246094,461.5750427246094,58026400
16/01/2024,460.1999916518418,461.5071892712775,458.0696933340662,459.88043212890625,459.88043212890625,85014900
17/01/2024,456.8690193310164,457.80828324431627,454.9807989273028,457.3241271972656,457.3241271972656,68843900
18/01/2024,458.98962663985805,461.9429667160371,457.4500139514087,461.3910217285156,461.3910217285156,91856200
19/01/2024,462.51426116700225,467.4236105266518,461.43944893766223,467.1427917480469,467.1427917480469,110834500
22/01/2024,468.67274557207963,469.8443949304159,467.4817110595385,468.1304931640625,468.1304931640625,75844900
23/01/2024,468.67274693324026,469.737866598163,467.5882421140563,469.49578857421875,469.49578857421875,49945300
24/01/2024,472.3523626504235,473.28193407003323,469.5152150522186,470.0090637207031,470.0090637207031,81765000
25/01/2024,472.129646862115,472.8365254024004,470.009070342345,472.5653991699219,472.5653991699219,72525000
26/01/2024,472.13928542085506,473.6208017271318,471.122569553023,471.9649963378906,471.9649963378906,76641600
29/01/2024,472.27489403038163,475.8479682163698,471.7326415921786,475.70269775390625,475.70269775390625,61322800
30/01/2024,475.01512677475074,476.04153511864797,474.5793745596558,475.3346862792969,475.3346862792969,58618400
31/01/2024,473.1365924912047,473.5820077255496,467.55910605909446,467.5784912109375,467.5784912109375,126011100
01/02/2024,469.2730794881658,473.7273208849261,468.4693639281419,473.6982727050781,473.6982727050781,91891600
02/02/2024,474.1340406811921,480.33123256171854,473.7951255169084,478.68511962890625,478.68511962890625,99228200
05/02/2024,478.0556906983339,478.7141358274664,474.69564656369516,476.9421081542969,476.9421081542969,75757100
06/02/2024,477.88142888849836,478.65609638301095,476.4580087647838,478.3268737792969,478.3268737792969,55918600
07/02/2024,480.5636719721608,482.7326818528335,479.66311916407506,482.3163146972656,482.3163146972656,70556500
08/02/2024,482.3163280373736,482.90698431385846,481.50294930962457,482.52935791015625,482.52935791015625,52343600
09/02/2024,483.03279181896556,485.7537463849515,482.69387668269746,485.3180236816406,485.3180236816406,63979400
12/02/2024,485.28896212192205,487.5451161916344,484.3884094588291,485.10498046875,485.10498046875,56502300
13/02/2024,478.8593972990049,481.3382739920692,475.1701304413372,478.42364501953125,478.42364501953125,113099200
14/02/2024,481.0477679790003,483.2555183461787,478.73348791641325,482.7713623046875,482.7713623046875,68387800
15/02/2024,483.46854592163555,486.2863376159792,482.99405290883,486.10235595703125,486.10235595703125,61683000
16/02/2024,485.8022467252244,486.9351554606331,482.9457138905167,483.681640625,483.681640625,75532900
20/02/2024,481.94837030636216,482.6165081174358,478.781999912981,481.018798828125,481.018798828125,71736700
21/02/2024,479.7212407380355,481.6094317883095,477.9201646887193,481.4544982910156,481.4544982910156,59293400
22/02/2024,488.0389961871901,492.3770155291545,487.0803471035888,491.41839599609375,491.41839599609375,76402500
23/02/2024,493.1323109036816,493.9650747069926,491.03109011668937,491.75732421875,491.75732421875,61321800
26/02/2024,492.1930670722987,492.6288193715667,489.8303829996231,489.9562683105469,489.9562683105469,50386700
27/02/2024,490.64373169951057,491.089146972122,488.755511365846,490.8664245605469,490.8664245605469,48854500
28/02/2024,489.3171901171775,490.7987065984109,488.9589193319282,490.2177429199219,490.2177429199219,56506600
29/02/2024,491.9703784764342,493.58744327560555,489.33656815361434,491.98004150390625,491.98004150390625,83924800
01/03/2024,492.85151281479995,497.02490613181874,492.4448087227075,496.5988464355469,496.5988464355469,76844800
04/03/2024,495.80488009764395,497.90610083671146,495.7758023657051,496.0662841796875,496.0662841796875,49799300
05/03/2024,494.0715838516931,494.5170287187888,488.910493074669,491.1085510253906,491.1085510253906,72855600
06/03/2024,494.37174481528393,495.84359816125266,492.3092648064121,493.59710693359375,493.59710693359375,68382400
07/03/2024,496.8797308469733,499.5425893667193,493.6552347093042,498.4967956542969,498.4967956542969,58652100
08/03/2024,499.12617653924883,501.7986682913954,494.9333685962926,495.5046691894531,495.5046691894531,86532500
11/03/2024,494.30394494541804,495.6595759026315,492.38667645201275,495.0785827636719,495.0785827636719,62557200
12/03/2024,497.17989237365043,500.9853520856395,494.67193786467755,500.4043884277344,500.4043884277344,73114400
13/03/2024,500.72385457506516,500.89814366049285,498.18688160759467,499.6199645996094,499.6199645996094,55104100
14/03/2024,500.5882438210127,500.74320684304695,495.60147230683197,498.6322937011719,498.6322937011719,110171800
15/03/2024,495.5775416790132,497.02482972446626,493.5474849090623,495.20843505859375,495.20843505859375,107646300
18/03/2024,499.25883960128044,500.69637526560086,497.74358168127196,498.1515197753906,498.1515197753906,88893300
19/03/2024,497.46196123413176,501.20152252357065,496.46147237398134,500.91986083984375,500.91986083984375,60755300
20/03/2024,500.97803548207236,505.68891659025934,500.3078219091941,505.55291748046875,505.55291748046875,69594600
21/03/2024,508.37959846754006,509.0789209741204,506.9420033961542,507.2237243652344,507.2237243652344,60256100
22/03/2024,507.13623802282444,507.621898374332,506.02891819305677,506.2620849609375,506.2620849609375,79070800
25/03/2024,504.8925121146531,506.0095546868827,504.7079588014511,504.8634033203125,504.8634033203125,48512100
26/03/2024,506.28142646248074,506.62142424941175,503.5326318000847,503.93084716796875,503.93084716796875,65463700
27/03/2024,506.7477118115157,508.20469276971767,504.59134916532923,508.1658020019531,508.1658020019531,82999800
28/03/2024,508.2046941865004,509.5645075137889,507.7870334248163,508.0686950683594,508.0686950683594,96294900
01/04/2024,508.80690155295423,509.3411160418204,506.02887949837907,507.18475341796875,507.18475341796875,62477500
02/04/2024,503.37728547043406,504.0960533819684,501.6677513647756,503.9601135253906,503.9601135253906,74230300
03/04/2024,502.87204622290017,506.0094519100871,502.8234920523855,504.5135803222656,504.5135803222656,59155800
04/04/2024,508.50581204447843,508.845750562364,498.0543922336854,498.3554992675781,498.3554992675781,96858100
05/04/2024,499.7056529768442,505.5141316093866,499.26854681862443,503.561767578125,503.561767578125,74546500
08/04/2024,504.26116489557916,505.26159438808656,503.03729132856745,503.84344482421875,503.84344482421875,48401800
09/04/2024,505.5724514220362,505.81528161003905,499.5988050832793,504.4263000488281,504.4263000488281,68049200
10/04/2024,498.7537372482173,501.35686962666665,497.40364652298035,499.3753967285156,499.3753967285156,82652800
11/04/2024,500.89069371082206,504.5817008252079,497.393962609765,503.1441650390625,503.1441650390625,70099000
12/04/2024,499.61822644383983,501.0266533234711,494.47993161292834,496.1991882324219,496.1991882324219,92561100
15/04/2024,500.3564559239092,500.5215638494566,489.13768362770764,489.9827575683594,489.9827575683594,92101400
16/04/2024,490.45867707344763,491.97393499543114,487.80696088879887,489.089111328125,489.089111328125,73484000
17/04/2024,491.5368440989878,491.7019816659058,484.8055985468662,486.194580078125,486.194580078125,75910300
18/04/2024,487.5835926622845,489.6719263116465,484.26166270979206,485.1941223144531,485.1941223144531,74548100
19/04/2024,485.1163881622374,486.1071245547147,479.6964023315547,480.9591369628906,480.9591369628906,102212600
22/04/2024,483.5525564034497,487.9720832401042,481.22139272247443,485.38836669921875,485.38836669921875,67961000
23/04/2024,487.3892787074855,491.5756683731246,485.20380722643876,491.1482849121094,491.1482849121094,64633600
24/04/2024,492.0322045112339,492.81897189579723,488.7005816711836,490.9151916503906,490.9151916503906,55928100
25/04/2024,484.8638422405587,489.8078608662871,483.2223079459974,489.05023193359375,489.05023193359375,69122400
26/04/2024,491.8282151706386,495.25697586630093,491.19686267902955,493.6834411621094,493.6834411621094,64306100
29/04/2024,495.46093164580515,496.1020068122778,492.70238464126857,495.4317932128906,495.4317932128906,46415400
30/04/2024,493.9748031317947,494.9461237340898,487.5835266113281,487.5835266113281,487.5835266113281,77483600
01/05/2024,487.00079486473084,493.6154866987963,485.5340910693037,486.0003356933594,486.0003356933594,80242800
02/05/2024,489.6913450667022,491.38146331084295,485.22326373492274,490.5461120605469,490.5461120605469,62550200
03/05/2024,496.5003104757314,497.8504308833997,493.9748706361785,496.6265869140625,496.6265869140625,72756700
06/05/2024,499.01596519128117,501.7939279175934,498.57885905826015,501.7550964355469,501.7550964355469,47264700
07/05/2024,502.7166843877577,503.69772767350116,501.63853275647114,502.3087463378906,502.3087463378906,52561300
08/05/2024,500.4826581745873,502.89151427383246,500.3661044462176,502.3572998046875,502.3572998046875,42047200
09/05/2024,502.5418982172586,505.290752341684,501.89112996130467,505.2518615722656,505.2518615722656,43643700
10/05/2024,506.8448931772194,507.65110602328485,504.68858950510435,505.9027404785156,505.9027404785156,52233200
13/05/2024,507.57334496613424,507.6801760152973,504.8342134653113,505.97064208984375,505.97064208984375,36716400
14/05/2024,506.1648587577762,508.80688159235103,505.63064428986746,508.29205322265625,508.29205322265625,57535900
15/05/2024,510.7495145476232,514.8776269913382,510.1181324599974,514.5862426757812,514.5862426757812,59504900
16/05/2024,514.683461995483,516.2764423102767,513.3818660590745,513.527587890625,513.527587890625,50244800
17/05/2024,513.6440876053468,514.3337466322346,512.1968292743588,514.2657470703125,514.2657470703125,59187600
20/05/2024,514.3823386833988,516.3152574978291,513.9937866680089,514.8582763671875,514.8582763671875,37764200
21/05/2024,514.1006064390205,516.2763551432357,513.8966077662355,516.1209106445312,516.1209106445312,33437000
22/05/2024,515.4313778215733,516.1404229953789,512.468802117107,514.6348876953125,514.6348876953125,48390000
23/05/2024,517.6750993626108,517.7819304108156,509.67136703027006,510.8758544921875,510.8758544921875,57211200
24/05/2024,512.7115556042107,515.062194143986,511.7694030777515,514.2559814453125,514.2559814453125,41291100
28/05/2024,515.0623074329295,515.2954149429256,511.9929004587325,514.615478515625,514.615478515625,36269600
29/05/2024,510.6039026906956,512.1871603116153,510.3027956190019,511.0118408203125,511.0118408203125,45190300
30/05/2024,509.4771735375275,510.13766452658996,506.3786580054075,507.6219177246094,507.6219177246094,46377600
31/05/2024,508.57386073354985,512.3716988043419,503.49381286592205,512.2454223632812,512.2454223632812,90785800
03/06/2024,513.8481892705336,514.1298509823358,507.6122665558144,512.6631469726562,512.6631469726562,46835700
04/06/2024,511.36150323340104,513.974358217118,509.90452222280885,513.2361450195312,513.2361450195312,34632700
05/06/2024,515.5479441376007,519.355504956824,513.5664118243003,519.3360595703125,519.3360595703125,47610400
06/06/2024,519.6370626085396,520.0644460332289,517.4030371414061,519.3262329101562,519.3262329101562,30808500
07/06/2024,518.3550094881825,521.4924158492759,517.2671349822953,518.6950073242188,518.6950073242188,43224500
10/06/2024,517.8887511155715,520.6181598447974,517.2962597313128,520.297607421875,520.297607421875,35686100
11/06/2024,518.7531901267605,521.6088750080388,516.7911035808329,521.5505981445312,521.5505981445312,36383400
12/06/2024,526.0964430443454,528.5150221365492,524.8045698950608,525.8341674804688,525.8341674804688,63251300
13/06/2024,527.5728807070939,527.7477113251548,524.1149812633378,526.8929443359375,526.8929443359375,44760900
14/06/2024,525.367907030757,527.2425487322553,524.3674183253244,527.2134399414062,527.2134399414062,40089900
17/06/2024,526.533556163689,532.7985867082562,526.0770045940598,531.4095458984375,531.4095458984375,55839500
18/06/2024,531.4678314025467,532.8859810291509,531.0501705974204,532.7597045898438,532.7597045898438,41376400
20/06/2024,533.6824026084769,534.3428935144076,529.5445672911499,531.3123779296875,531.3123779296875,70328200
21/06/2024,530.4929829849066,531.7110509477889,529.1482311958065,530.6001586914062,530.6001586914062,64338600
24/06/2024,530.4247748607555,532.9778406049528,528.7584364421938,528.8753662109375,528.8753662109375,45528700
25/06/2024,530.0933585291979,531.2724695843536,528.5829663352164,530.9119262695312,530.9119262695312,37936200
26/06/2024,529.8010709636176,532.2859175813455,529.1579572826417,531.5745849609375,531.5745849609375,38550600
27/06/2024,531.4381433443106,532.9875518697215,530.6975485510812,532.41259765625,532.41259765625,35041500
28/06/2024,533.182464345906,536.2228169116169,529.0800492248655,530.3175659179688,530.3175659179688,76144500
01/07/2024,531.6915058832783,531.9351194589271,528.6609672764391,531.408935546875,531.408935546875,40297800
02/07/2024,529.8108789121317,534.9852294921875,529.7621680864318,534.9852294921875,534.9852294921875,40434800
03/07/2024,534.6733013066347,537.7331019058091,534.6343445482383,537.37255859375,537.37255859375,32789900
05/07/2024,537.6747560069358,540.870935705732,537.0413368180381,540.471435546875,540.471435546875,41488400
08/07/2024,541.2508572097279,542.0401627530802,540.0327894282602,541.094970703125,541.094970703125,36110500
09/07/2024,542.0499170234392,542.9463982576794,541.3288304126829,541.6211547851562,541.6211547851562,27289700
10/07/2024,542.8392819787523,547.3217481165079,542.5469575742852,546.980712890625,546.980712890625,38701200
11/07/2024,547.0975967198616,547.9648752769439,541.6309226493873,542.2642822265625,542.2642822265625,53054200
12/07/2024,543.3849335691044,549.270615886068,542.9172145567801,545.6846313476562,545.6846313476562,53084400
15/07/2024,547.6725909303428,550.4108051950651,545.3338767680585,547.1853637695312,547.1853637695312,40584300
16/07/2024,548.4910822924977,550.722561208659,547.7407334557406,550.4302368164062,550.4302368164062,36475300
17/07/2024,544.5250561904461,546.1913944708481,542.3909988738491,542.7125854492188,542.7125854492188,57119000
18/07/2024,544.2424632762184,545.2266716040288,536.3688561297039,538.5418701171875,538.5418701171875,56270400
19/07/2024,538.3080696139889,539.9256971843263,533.9132708630742,534.9656982421875,534.9656982421875,65509100
22/07/2024,538.8732057821688,541.0852359846874,536.9438053796708,540.4810791015625,540.4810791015625,43346700
23/07/2024,540.3738360482369,542.5176472841652,539.1460736583557,539.63330078125,539.63330078125,34439600
24/07/2024,534.83883673381,535.1409151109071,526.4877583706287,527.4037475585938,527.4037475585938,74515300
25/07/2024,527.5207202794586,533.4746802244538,523.7203848523121,524.6558227539062,524.6558227539062,61158300
26/07/2024,528.427065396124,533.2116094688655,527.6572084941715,530.5318603515625,530.5318603515625,53763800
29/07/2024,532.0715107948711,533.0751677112492,528.8557642968128,530.8436889648438,530.8436889648438,39515800
30/07/2024,532.3054207151831,533.3578480228961,524.7631538745112,528.1542358398438,528.1542358398438,46853600
31/07/2024,534.9558678357408,539.3604200179711,533.5916675899294,536.7391357421875,536.7391357421875,65663400
01/08/2024,538.4542082657176,540.6954412129795,525.6498647611072,529.138427734375,529.138427734375,76428700
02/08/2024,522.063852889589,523.2721666167066,515.0964813658185,519.2866821289062,519.2866821289062,82789100
05/08/2024,498.5697588887383,510.204744362721,497.23473166092106,504.1631164550781,504.1631164550781,146267400
06/08/2024,505.95616721920055,516.2172002386701,504.64067761587216,508.8113708496094,508.8113708496094,84826300
07/08/2024,514.9697939251986,518.0101458143887,504.8159975896984,505.410400390625,505.410400390625,70698300
08/08/2024,510.52630556896884,517.7177827712244,508.5092375881122,517.0941772460938,517.0941772460938,63276600
09/08/2024,516.2756321007693,520.8555792219031,515.05756422153,519.3743896484375,519.3743896484375,45619600
12/08/2024,520.5633284209126,522.0444587278029,517.3865974265898,519.6473388671875,519.6473388671875,42542100
13/08/2024,522.8240435638112,528.4271563186212,522.5804299657759,528.1932373046875,528.1932373046875,52333100
14/08/2024,528.9824644571885,531.0386081211183,526.3222233938623,529.8594970703125,529.8594970703125,42446900
15/08/2024,535.4625975238755,539.22397656437,534.8584406614526,538.94140625,538.94140625,60846800
16/08/2024,537.3334715360415,540.8415420362439,537.1775850470358,540.149658203125,540.149658203125,44430700
19/08/2024,540.5589895349276,545.3143310546875,539.7112190916396,545.3143310546875,545.3143310546875,39121800
20/08/2024,544.8661286211883,546.5129587158026,543.0926147134523,544.4276123046875,544.4276123046875,33732300
21/08/2024,545.4703825334594,547.7505726232929,540.5590940766256,546.2986450195312,546.2986450195312,41514600
22/08/2024,548.1889915317105,548.79314842079,540.8026115148097,542.0109252929688,542.0109252929688,56121500
23/08/2024,545.2364013003757,548.7054559638492,543.053573875613,547.7699584960938,547.7699584960938,50639400
26/08/2024,548.7931935686311,549.5045262116546,544.7686923459864,546.4642333984375,546.4642333984375,35788600
27/08/2024,545.197411094177,547.7017657101911,544.057316249273,547.2145385742188,547.2145385742188,32693900
28/08/2024,546.8734758569603,547.3022380940843,540.8610504788411,544.0377807617188,544.0377807617188,41066000
29/08/2024,545.9964997373786,549.2804060501943,542.9464529460971,544.0865478515625,544.0865478515625,38715200
30/08/2024,546.4446989296116,549.7870696872616,542.9074254374239,549.2803344726562,549.2803344726562,62700100
03/09/2024,546.1523100029519,546.4836505961764,535.4723301709399,537.9766845703125,537.9766845703125,60600100
04/09/2024,536.144708671945,540.2666308743978,535.4236220855641,536.8755493164062,536.8755493164062,47224900
05/09/2024,536.817154296066,539.6527901961324,533.1239343608661,535.56982421875,535.56982421875,44264300
06/09/2024,535.8913176846581,537.5088854044001,525.6595491086152,526.5560302734375,526.5560302734375,68493800
09/09/2024,530.7364876707761,533.7183150530045,528.8167820276888,532.4514770507812,532.4514770507812,40445800
10/09/2024,534.3517437427556,535.1216007015946,529.4989803786028,534.770751953125,534.770751953125,36394600
11/09/2024,534.683107736862,541.1729474655668,526.1663863296421,540.2569580078125,540.2569580078125,75248600
12/09/2024,540.831888043875,545.1097566752126,538.619857760852,544.8076782226562,544.8076782226562,51819600
13/09/2024,545.4118431545087,548.6470386001909,545.1584755178029,547.653076171875,547.653076171875,39310500
16/09/2024,547.3898567571744,548.7248541652143,545.5968944537451,548.4617919921875,548.4617919921875,36656100
17/09/2024,550.6640853659264,552.1063181322738,546.4641898322706,548.6859741210938,548.6859741210938,49321000
18/09/2024,549.3389057758787,554.1624668793891,546.5032696834501,547.0587158203125,547.0587158203125,59044900
19/09/2024,556.4231830771506,558.2454079377469,553.5680389935643,556.3939208984375,556.3939208984375,75315500
20/09/2024,555.0314034219361,556.4682163688195,552.4215869805491,555.43212890625,555.43212890625,77503100
23/09/2024,556.4974940475859,557.465153194272,555.2854144616904,556.8200073242188,556.8200073242188,44116900
24/09/2024,557.6118194350487,558.4719742881841,554.796778035406,558.413330078125,558.413330078125,46805700
25/09/2024,558.2568638249757,558.9899461465259,556.0771251545262,557.181640625,557.181640625,38428600
26/09/2024,561.4238456875147,561.7464186568862,557.0449191197562,559.3907470703125,559.3907470703125,48336000
27/09/2024,560.4562017753216,561.2674367221593,557.5531642883332,558.5794677734375,558.5794677734375,42100900
30/09/2024,557.5531235786384,561.4238200592039,555.2659399397932,560.8178100585938,560.8178100585938,63557400
01/10/2024,560.4660310099997,561.1111173600859,553.2329264823798,555.7938232421875,555.7938232421875,72668800
02/10/2024,554.904357347643,557.0449605610858,552.5193933091881,556.0283813476562,556.0283813476562,38097800
03/10/2024,554.5621954422553,556.9471593905891,552.7343813129046,555.0118408203125,555.0118408203125,40846500
04/10/2024,559.4396258955153,560.4268531332793,555.2854920412735,560.055419921875,560.055419921875,42939100
07/10/2024,558.413299806086,559.0584457401652,553.8486566717974,554.9922485351562,554.9922485351562,49964700
08/10/2024,557.553120131347,560.8373745453375,556.683241044493,560.2410888671875,560.2410888671875,37398700
09/10/2024,560.231378146855,564.6787929089692,559.6351520491386,564.1216430664062,564.1216430664062,37912200
10/10/2024,562.7824731556751,564.5516429072721,561.5313172618801,563.1343383789062,563.1343383789062,44138100
11/10/2024,563.0561277259117,567.2396131412746,562.9192713637127,566.5065307617188,566.5065307617188,42268000
14/10/2024,568.1094171371436,572.0681091902395,567.6304795911454,571.1395263671875,571.1395263671875,36217200
15/10/2024,571.4034640590625,571.7064690209895,565.4898858259329,566.7019653320312,566.7019653320312,54203600
16/10/2024,566.7021056174783,569.6832957534668,565.900594951752,569.1652221679688,569.1652221679688,30725400
17/10/2024,572.6937458614649,572.8990304200946,569.0283336899422,569.2140502929688,569.2140502929688,34393700
18/10/2024,570.8952139016382,572.1854459872815,569.4388331888846,571.4035034179688,571.4035034179688,37416800
21/10/2024,570.6802188403536,571.6576620923939,567.5035282712228,570.4652099609375,570.4652099609375,36439000
22/10/2024,567.9433552717076,571.3155462187071,567.288485036852,570.1621704101562,570.1621704101562,34183800
23/10/2024,568.1487123526306,568.5885737772464,561.4629738103232,564.9524536132812,564.9524536132812,49314600
24/10/2024,566.8974316514852,566.9756438040564,563.5643769207462,566.1741333007812,566.1741333007812,34979900
25/10/2024,568.3928919070939,571.2763607061805,565.0402695558583,565.9785766601562,565.9785766601562,47268200
28/10/2024,569.4388580651755,569.5659304498093,567.4253275234959,567.7283325195312,567.7283325195312,30174700
29/10/2024,566.7704218431865,569.7613956814984,565.382469188388,568.6471557617188,568.6471557617188,42899700
30/10/2024,568.1779150746601,570.1621533327376,566.2230287475197,566.9268188476562,566.9268188476562,41435800
31/10/2024,562.5772452055423,562.6456733933426,555.617853906816,555.8133544921875,555.8133544921875,60182500
01/11/2024,558.4328924373011,562.5674583510357,557.7486702212007,558.1591796875,558.1591796875,45667500
04/11/2024,558.2959404133777,559.5861724591027,555.0801741045641,556.9568481445312,556.9568481445312,38217000
05/11/2024,557.8659451341218,563.7306045728799,557.6509362573997,563.6915283203125,563.6915283203125,39478300
06/11/2024,575.9095457320777,578.57794657906,572.1854895240832,577.7080078125,577.7080078125,68182000
07/11/2024,579.7020264980958,583.1915058614667,579.6238143381844,582.1749267578125,582.1749267578125,47233200
08/11/2024,582.722322897382,586.1140819812399,582.722322897382,584.69677734375,584.69677734375,46444900
11/11/2024,586.2802708315078,586.6321361059588,583.5336575099662,585.2539672851562,585.2539672851562,37586800
12/11/2024,585.175669871058,585.7718958867575,580.9628921945897,583.4358520507812,583.4358520507812,43006100
13/11/2024,583.8952929846365,585.7133231848053,581.5396809070076,583.7193603515625,583.7193603515625,47388600
14/11/2024,583.846361756873,584.3252993650702,579.2817188550297,579.9658813476562,579.9658813476562,38904100
15/11/2024,576.4177743775998,576.886987680586,570.689971552463,572.537353515625,572.537353515625,75988800
18/11/2024,572.9967218779136,576.1929802203847,572.1366267509276,574.8832397460938,574.8832397460938,37001700
19/11/2024,571.5208668268807,577.7080396739373,570.856212572816,576.9847412109375,576.9847412109375,49412000
20/11/2024,577.0629483995475,577.463673880748,571.4426497345274,577.1802368164062,577.1802368164062,50032600
21/11/2024,580.0147564203452,581.6959299076706,574.1989580735773,580.2786254882812,580.2786254882812,46750300
22/11/2024,580.2689646034843,582.7028485393122,579.7705186323628,582.0772705078125,582.0772705078125,38226400
25/11/2024,585.9967380709614,587.3064784870423,581.7741764917598,584.0516357421875,584.0516357421875,42441400
26/11/2024,585.2928908378436,587.7658504090859,584.5793764966282,587.1011962890625,587.1011962890625,45621300
27/11/2024,586.9155026434518,587.2966601103464,583.8072407585437,585.322265625,585.322265625,34000200
29/11/2024,586.1335489255529,589.7403166328984,585.8598958585202,588.9583740234375,588.9583740234375,30177400
02/12/2024,589.3689531396692,590.6885373789082,588.8802314936704,590.0140991210938,590.0140991210938,31746000
03/12/2024,589.7794288278096,590.5320194756874,588.7531254655074,590.2876586914062,590.2876586914062,26906600
04/12/2024,591.9689462717889,594.1974858067216,591.3042920365143,593.953125,593.953125,42787600
05/12/2024,593.9530901421784,594.7546007001943,592.6237817496434,592.9756469726562,592.9756469726562,28762200
06/12/2024,593.7380822446739,595.3313193862531,593.3275728171593,594.0997314453125,594.0997314453125,31241500
09/12/2024,593.9825191407734,594.1486677967985,590.4539631589937,591.0404052734375,591.0404052734375,34742700
10/12/2024,591.7147950136848,592.1350884376395,588.5478885385655,589.2027587890625,589.2027587890625,37234500
11/12/2024,592.1155320836123,594.7057206012569,591.8418193692619,593.7576293945312,593.7576293945312,28677700
12/12/2024,592.8974892997352,593.4643633790662,590.6982421875,590.6982421875,590.6982421875,31543800
13/12/2024,592.7216579621548,593.4351725009043,589.2126101649385,590.5810546875,590.5810546875,35904700
16/12/2024,592.3306244931046,594.0705021581772,591.5584657830842,593.102783203125,593.102783203125,43695200
17/12/2024,590.5613981975558,591.5192734247074,589.2907339933267,590.6591186523438,590.6591186523438,55773500
18/12/2024,590.3561165933274,592.7312963771194,572.674202761188,573.055419921875,573.055419921875,108248700
19/12/2024,578.0207549395101,579.6237759904493,572.635033748792,572.87939453125,572.87939453125,85919500
20/12/2024,570.5609748943081,584.2716011168147,569.7174991420582,579.76025390625,579.76025390625,125716700
23/12/2024,579.5052825841503,583.8302883719545,576.3374745859168,583.2320556640625,583.2320556640625,57635800
24/12/2024,584.5757510081671,589.7540503475091,583.9970921591193,589.7147827148438,589.7147827148438,33160100
26/12/2024,587.949453201798,590.8720184847898,586.5568290557057,589.7540283203125,589.7540283203125,41219100
27/12/2024,586.0271215733671,586.2625477535164,579.3777835694219,583.5458984375,583.5458984375,64969300
30/12/2024,576.5630589676712,580.3388565581548,573.1500678896946,576.8866577148438,576.8866577148438,56578800
31/12/2024,578.5441892688881,579.2601650774656,573.1599745686183,574.7880249023438,574.7880249023438,57052700
02/01/2025,578.0341524534392,579.7406180456738,569.3154229960469,573.3756713867188,573.3756713867188,50204000
03/01/2025,576.2100986967752,581.1823624210723,575.1312564616488,580.544921875,580.544921875,37888500
06/01/2025,584.7815995417147,588.1455060566466,582.1629997160619,583.8890991210938,583.8890991210938,47679400
07/01/2025,585.9093771536865,586.2330357407637,575.4744255738375,577.2887573242188,577.2887573242188,60393100
08/01/2025,577.357566647636,579.2013495963691,573.9250009242365,578.13232421875,578.13232421875,47304700
10/01/2025,574.5918290616524,574.6604875516765,567.4030397334539,569.3056640625,569.3056640625,73105000
13/01/2025,564.6766400021115,570.5414039943755,564.2646890570356,570.1883544921875,570.1883544921875,47910100
14/01/2025,573.101074063849,573.7287574980859,567.2068596443902,570.972900390625,570.972900390625,48420600
15/01/2025,578.9561398854404,582.4965717179379,577.8479067851994,581.3589477539062,581.3589477539062,56900200
16/01/2025,582.7221292073649,582.8986539701259,579.5445637592774,580.2409057617188,580.2409057617188,43319700
17/01/2025,585.4583566167607,587.8120797540519,584.1343312340456,586.06640625,586.06640625,58070600
21/01/2025,589.0968201243991,591.4407861448484,587.1353543049476,591.4309692382812,591.4309692382812,42532900
22/01/2025,594.2456759945876,596.1090924921224,593.6964679520279,594.7556762695312,594.7556762695312,48196000
23/01/2025,594.1280457618639,598.001953125,593.8534716457165,598.001953125,598.001953125,41152100
24/01/2025,598.0608006812332,599.0121428376514,595.1087847128249,596.2562255859375,596.2562255859375,34604700
27/01/2025,583.3497595871564,588.1357411390088,583.1830517473746,587.8218994140625,587.8218994140625,70361100
28/01/2025,589.0477983536082,593.7062796977629,585.7427332202798,592.8726806640625,592.8726806640625,44433300
29/01/2025,592.0880784150642,592.4902124528912,587.6747800612517,590.2149047851562,590.2149047851562,37177400
30/01/2025,592.3234200043604,594.9125091757996,589.1457953617726,593.382568359375,593.382568359375,39281300
31/01/2025,595.7952259985301,598.2078504382997,589.4694869358445,590.2246704101562,590.2246704101562,66566900
03/02/2025,581.2509726905776,588.7241528776601,579.1129820721995,586.2527465820312,586.2527465820312,65857200
04/02/2025,586.3115788306599,590.695426254437,585.7721876960313,590.1854858398438,590.1854858398438,33457800
05/02/2025,589.0674493379312,592.7255640609287,587.0471418694162,592.5784301757812,592.5784301757812,30653100
06/02/2025,594.3143418590737,594.7655005585997,591.0190935628144,594.6380004882812,594.6380004882812,35771500
07/02/2025,595.1970270806008,596.4131263461926,588.4887874469584,589.1949462890625,589.1949462890625,50788500
10/02/2025,592.3921407355843,593.8337894109928,591.1269569453736,593.1962890625,593.1962890625,26048700
11/02/2025,590.940628411795,594.1868520894046,590.8229452462591,593.6474609375,593.6474609375,30056700
12/02/2025,587.6551628450902,592.9020598913557,586.9784547529548,591.7349853515625,591.7349853515625,45076100
13/02/2025,592.8334516677448,598.1882752794738,591.5781445820884,597.9822998046875,597.9822998046875,40921300
14/02/2025,598.1882471856823,599.2180047928703,597.3350143232245,597.952880859375,597.952880859375,26910400
18/02/2025,599.1100803238464,599.7083129882812,596.658248231066,599.7083129882812,599.7083129882812,26749000
19/02/2025,598.3255406648384,601.4148133650798,597.8155404050764,601.12060546875,601.12060546875,31011100
20/02/2025,599.7574359511714,599.8947529370754,595.3245635051746,598.6198120117188,598.6198120117188,36554000
21/02/2025,598.4040443652323,598.5413613568134,587.9200057904889,588.3809814453125,588.3809814453125,76519800
24/02/2025,590.420875386549,591.4114252530362,584.997393388531,585.7035522460938,585.7035522460938,50737200
25/02/2025,585.6446767168586,586.3704094872951,578.200887648266,582.7907104492188,582.7907104492188,58266500
26/02/2025,584.4481941378576,588.0278934374002,580.4566037497201,583.0849609375,583.0849609375,43321600
27/02/2025,585.350344974499,586.4978454436941,573.3854527582961,573.7777099609375,573.7777099609375,74196700
28/02/2025,574.2780799729966,583.2615689612778,571.218197445341,582.7319946289062,582.7319946289062,88744100
03/03/2025,584.6934544846823,585.8311384059384,568.7271506858531,572.5225830078125,572.5225830078125,74249200
04/03/2025,568.5407916793482,574.1113483546197,561.224501400552,565.7456665039062,565.7456665039062,109648200
05/03/2025,565.5789075488999,573.611113090913,562.0384758390375,571.826171875,571.826171875,71230500
06/03/2025,564.3921877543482,568.9918277562862,559.1354734261878,561.6755981445312,561.6755981445312,80094900
07/03/2025,559.9004310284239,566.2653779091431,554.7319495414885,564.8236694335938,564.8236694335938,81158800
10/03/2025,556.6542444695278,558.5666258451241,544.8854490052353,549.779296875,549.779296875,99326600
11/03/2025,548.6220982014372,553.1530801539794,541.3842834233875,545.2091064453125,545.2091064453125,88102100
12/03/2025,551.3385793423611,552.2604706321457,543.0219837811946,548.1021728515625,548.1021728515625,69588200
13/03/2025,547.7295658893665,548.337615563181,539.0893105175023,540.7957763671875,540.7957763671875,74079400
14/03/2025,545.3953858640715,552.9666753566005,540.8644044287432,551.96630859375,551.96630859375,62660300
17/03/2025,551.9467366903547,558.7334525568257,551.5152117500542,556.2227783203125,556.2227783203125,49008700
18/03/2025,553.9180162778352,554.1338086762437,548.2886181319476,550.2108764648438,550.2108764648438,66041400
19/03/2025,551.9859849662871,559.9495323368723,550.8090933649922,556.203125,556.203125,66556000
20/03/2025,552.4763694984304,559.5768672502725,551.760393662907,554.5947265625,554.5947265625,62958200
21/03/2025,550.1543857754978,555.6728342872004,548.9247817378139,554.7776489257812,554.7776489257812,83763000
24/03/2025,561.4863200959835,565.7653777464658,560.8961342321084,564.7128295898438,564.7128295898438,58766800
25/03/2025,565.9129505962637,567.0048245728844,564.3292350043083,566.0703735351562,566.0703735351562,38355700
26/03/2025,565.8047856022024,566.9261989456277,557.9353193986783,559.3125,559.3125,51848300
27/03/2025,557.9254317069114,561.5847644413973,555.7219909391279,557.8270874023438,557.8270874023438,42164200
28/03/2025,556.3023922676962,557.0303082338021,546.0130443195492,546.5933837890625,546.5933837890625,71662700
31/03/2025,540.8585640195936,551.5610423029548,537.9468400615768,550.2625732421875,550.2625732421875,95328200
01/04/2025,548.3541875419536,553.7545984642982,544.6456828297712,551.8167114257812,551.8167114257812,54609600
02/04/2025,545.993267113699,558.1614216885134,545.7571927870193,555.3087768554688,555.3087768554688,76014500
03/04/2025,536.2155597389653,539.02887941269,527.9428100585938,527.9428100585938,527.9428100585938,125986000
04/04/2025,515.1253487932553,517.2894637749819,496.8190194100305,497.0354309082031,497.0354309082031,217965100
07/04/2025,481.2080255942762,514.6335641978739,473.93859175396926,496.1501770019531,496.1501770019531,256611400
08/04/2025,513.3449138965836,516.4140007584771,481.17849041906084,488.3790588378906,488.3790588378906,165816600
09/04/2025,485.38869689536773,539.6683349609375,485.0050459934576,539.6683349609375,539.6683349609375,241867300
10/04/2025,523.4866909882965,524.7950065034121,501.0095530572283,516.0205688476562,516.0205688476562,162331200
11/04/2025,514.4761933704091,527.6772059586904,511.5841621734685,525.2278442382812,525.2278442382812,97866300
14/04/2025,535.1728543881914,535.3991423599505,525.1491197771261,530.3233032226562,530.3233032226562,68034000
15/04/2025,530.8642142693149,534.3661235223595,528.0508951584542,528.8378295898438,528.8378295898438,56892900
16/04/2025,523.0046160988867,529.1133096787019,511.80045133694625,517.0828247070312,517.0828247070312,83484800
17/04/2025,519.0305887702018,522.5029590498531,515.3614098145464,517.8206176757812,517.8206176757812,79868100
21/04/2025,512.6562685653938,513.1874958754851,500.1635109491862,505.4950866699219,505.4950866699219,69368100
22/04/2025,511.6529392279992,520.6634499571472,510.71842828029105,518.6469116210938,518.6469116210938,75948100
23/04/2025,531.6119173418257,536.5303334599773,525.1688042348989,526.6836547851562,526.6836547851562,90590700
24/04/2025,527.9624225863133,538.4976913582739,526.7131857388315,537.769775390625,537.769775390625,64150400
25/04/2025,537.7304480905381,542.0586181694788,534.8187241892716,541.6553344726562,541.6553344726562,61119600
28/04/2025,542.393043710064,544.5177728075638,536.1269871108482,541.86181640625,541.86181640625,47613800
29/04/2025,539.9535089190233,546.3868353532918,539.5993973829874,545.2752685546875,545.2752685546875,47775100
30/04/2025,538.6353953740775,547.4393716679848,532.6841242611865,545.4916381835938,545.4916381835938,93101500
01/05/2025,551.2265048528457,554.8661444027258,548.7574506167018,549.3574829101562,549.3574829101562,63186100
02/05/2025,555.5153624660799,559.105829955879,553.203731094349,557.5122680664062,557.5122680664062,60717300
05/05/2025,553.390643044351,557.4040871519024,552.5348434974896,554.3153076171875,554.3153076171875,38659200
06/05/2025,548.8263293740373,554.157875203981,547.872185543118,549.68212890625,549.68212890625,48264700
07/05/2025,551.0101522781708,554.6202527049248,546.9671688153295,551.9938354492188,551.9938354492188,55588000
08/05/2025,556.0171436814404,561.0044252601681,552.5349263835409,555.840087890625,555.840087890625,65130800
09/05/2025,557.2368724786456,558.2402486138279,553.5775995797053,555.1318359375,555.1318359375,37603400
12/05/2025,571.9822603015932,573.487324465949,567.6245507869492,573.4774780273438,573.4774780273438,78993600
13/05/2025,573.890562385163,579.4680890959,573.3299158219985,577.2646484375,577.2646484375,67947200
14/05/2025,578.2188839507223,579.3697766122316,575.9859036248392,578.0025024414062,578.0025024414062,66283500
15/05/2025,576.0054901792878,581.3271894858746,575.5529743261593,580.8255615234375,580.8255615234375,71268100
16/05/2025,581.6027001482121,584.7996705930015,579.664873035907,584.5045776367188,584.5045776367188,76052100
19/05/2025,578.5040593733968,585.8226647003453,578.5040593733968,585.1439208984375,585.1439208984375,68168500
20/05/2025,583.4127701733858,584.3570677411167,579.9796649330231,583.1766357421875,583.1766357421875,60614500
21/05/2025,578.8385787658873,582.9110418636186,572.3266004007668,573.349609375,573.349609375,95197700
22/05/2025,573.1528300863163,577.0482371941405,571.9232260794693,573.5758666992188,573.5758666992188,70860400
23/05/2025,566.5818940711587,572.3167845833995,566.2080896099602,569.6608276367188,569.6608276367188,76029000
27/05/2025,576.5072061511252,581.6616963869777,568.9918522772189,581.5043334960938,581.5043334960938,72588500
28/05/2025,581.9075989404909,583.0978771602481,577.412159762467,578.1400756835938,578.1400756835938,68445500
29/05/2025,583.383198499108,583.5209285665185,576.5072620387259,580.4223022460938,580.4223022460938,69973300
30/05/2025,579.3204944032111,581.4846092815853,573.7233350319688,579.7730102539062,579.7730102539062,90601200
02/06/2025,578.1696356443219,583.1175308206884,575.51367904973,583.0388793945312,583.0388793945312,61630500
03/06/2025,582.6748967264019,587.3375451970118,582.1928415555221,586.3637084960938,586.3637084960938,63606200
04/06/2025,587.2195213026215,588.1933580255613,585.77347583579,586.206298828125,586.206298828125,57314200
05/06/2025,587.8786382444381,589.2262795230108,581.4059855081334,583.3733520507812,583.3733520507812,92278700
06/06/2025,588.8917438854173,591.0263796061765,587.1211261759919,589.3639526367188,589.3639526367188,66588700
09/06/2025,589.9344062766999,591.4394702547755,588.7244952632093,589.8950805664062,589.8950805664062,53016400
10/06/2025,590.426305457828,593.6232758793388,589.3147986704665,593.2396850585938,593.2396850585938,66247000
11/06/2025,594.3315085062023,595.1873080200999,589.4918043518763,591.5476684570312,591.5476684570312,73658200
12/06/2025,590.2197163908625,593.898681640625,589.7377212700143,593.898681640625,593.898681640625,64129000
13/06/2025,588.7343748466453,592.0296894370186,585.7636324727854,587.2588500976562,587.2588500976562,89506000
16/06/2025,590.6034249017806,594.5873299052357,590.4263090889528,592.84619140625,592.84619140625,79984100
17/06/2025,590.4165373080118,591.9313878788944,587.0228181324287,587.7802734375,587.7802734375,82209400
18/06/2025,588.675394655937,591.4100028153547,586.7375074721152,587.6917114257812,587.6917114257812,76605000
20/06/2025,590.3564623402502,591.421997724495,584.9104595060545,586.3114624023438,586.3114624023438,94051400
23/06/2025,587.0611954614843,592.4874469643536,583.9534693671619,592.1027221679688,592.1027221679688,87426000
24/06/2025,596.2267600772981,599.6995206392156,595.3190526903905,598.6439208984375,598.6439208984375,67735300
25/06/2025,599.7586334214261,600.4492593088346,597.4204170810242,598.979248046875,598.979248046875,62114800
26/06/2025,600.8242007377552,604.0996909412141,600.2125189749694,603.6655883789062,603.6655883789062,78548400
27/06/2025,604.6620460106875,608.1249909093486,602.6395460052738,606.664794921875,606.664794921875,86258400
30/06/2025,609.1016996773074,610.9169938229498,606.7930496988761,609.5653686523438,609.5653686523438,92502500
01/07/2025,608.0954226976304,610.532334615444,607.2667196950123,609.3681640625,609.3681640625,70030100
02/07/2025,608.9635746030316,612.1699961712587,608.3420172970813,612.1305541992188,612.1305541992188,66510400
03/07/2025,614.1036930875782,617.882354174148,614.0839419945853,616.9549560546875,616.9549560546875,51065800
07/07/2025,615.0014790783108,615.6625385416997,609.5851029977032,612.357421875,612.357421875,74814500
08/07/2025,613.0184402574613,613.7682592313246,611.2130216520668,612.0220336914062,612.0220336914062,59024600
09/07/2025,614.4194576258184,616.3432624074327,612.5843521193799,615.692138671875,615.692138671875,66113300
10/07/2025,615.8303157415752,618.4644977127873,614.6562696587606,617.4285888671875,617.4285888671875,57529000
11/07/2025,614.38979053738,616.48135905139,613.1960537313187,615.2579956054688,615.2579956054688,63670200
14/07/2025,614.804168244691,616.7773507170579,613.4624186155016,616.4320678710938,616.4320678710938,51898500
15/07/2025,619.1057784945341,619.4411858079188,613.7189684346675,613.7979125976562,613.7979125976562,74317300
16/07/2025,615.3764310442137,616.3531467698953,609.7627242916457,615.8499755859375,615.8499755859375,88987500
17/07/2025,616.0275671883336,619.9739319743786,615.8104858123922,619.6187133789062,619.6187133789062,68885700
18/07/2025,620.861886140426,621.0295897988693,618.0600006009754,619.1649780273438,619.1649780273438,65621600
21/07/2025,620.3389892578125,623.0718060276608,619.9147622533486,620.3389892578125,620.3389892578125,63375000
22/07/2025,620.6645676893623,621.2861250306559,617.7936134788556,620.4277954101562,620.4277954101562,60046300
23/07/2025,623.0816274772815,625.7059936523438,621.2860243619085,625.7059936523438,625.7059936523438,70511000
24/07/2025,626.0908482604223,627.6201130303268,625.4890419873703,625.9132690429688,625.9132690429688,71307100
25/07/2025,626.5741923360653,629.0307946350387,626.327544551562,628.5571899414062,628.5571899414062,56865400
28/07/2025,628.9320905563593,629.4845791772158,627.0181013668307,628.3993530273438,628.3993530273438,54917100
29/07/2025,629.7904764849706,630.1061928990167,625.8342963044605,626.741943359375,626.741943359375,60556300
30/07/2025,627.3930824208583,629.129492632239,623.0718079865017,625.9526977539062,625.9526977539062,80418900
31/07/2025,630.8856625012866,631.2703873241156,622.3121821287813,623.6046142578125,623.6046142578125,103385200
01/08/2025,617.9020271938194,617.9415293786636,610.9860135753424,613.3834228515625,613.3834228515625,140103600
04/08/2025,617.2804141867587,622.7559825489172,617.191654712368,622.7066650390625,622.7066650390625,73218000
05/08/2025,623.3184684441039,624.1274805006751,618.6321599743907,619.5496826171875,619.5496826171875,68051400
06/08/2025,620.615200817688,624.9463507668227,619.7075537473198,624.2952270507812,624.2952270507812,64357500
07/08/2025,627.7088284528788,628.4388963678413,620.674427785601,623.7723388671875,623.7723388671875,74205800
08/08/2025,625.5580704635792,629.099959687417,625.2423540250035,628.63623046875,628.63623046875,64051600
11/08/2025,628.9123942278318,630.3824053553956,626.14989093076,627.3930053710938,627.3930053710938,58742300
12/08/2025,629.7312404986845,634.2300937128912,628.251353780633,634.072265625,634.072265625,64730800
13/08/2025,636.262488727692,637.5253543368295,634.0624096748859,636.2427978515625,636.2427978515625,60092800
14/08/2025,634.1709312549185,636.9630011917295,633.7270133914775,636.302001953125,636.302001953125,59327500
15/08/2025,637.3280514224831,637.4267466743545,633.9046087993034,634.812255859375,634.812255859375,68592500
18/08/2025,634.2400917394748,635.3648203144131,633.569216857079,634.6741943359375,634.6741943359375,43804900
19/08/2025,634.4966330719253,635.4733488874094,629.9188346918554,631.2310180664062,631.2310180664062,69750700
20/08/2025,630.8265133126017,631.0829764734092,624.4629872631401,629.5537719726562,629.5537719726562,88890300
21/08/2025,627.7483287539096,629.4156102095885,625.3114169787772,627.028076171875,627.028076171875,54805800
22/08/2025,629.2084140029245,637.8312114652382,628.70524285572,636.6571655273438,636.6571655273438,84083200
25/08/2025,635.4041800322128,636.6374190424261,633.7368384817344,633.855224609375,633.855224609375,51274300
26/08/2025,633.5888230904511,636.8544372569386,632.9672658736105,636.5090942382812,636.5090942382812,51581600
27/08/2025,635.9271580330511,638.6896016147832,635.7791452521487,637.9595336914062,637.9595336914062,48341100
28/08/2025,638.5612231189998,640.771177580125,636.6867361320689,640.2186889648438,640.2186889648438,61519500
29/08/2025,638.7882298477452,639.1533240222955,634.5163329434167,636.4006958007812,636.4006958007812,74522200
02/09/2025,628.9518765829083,631.9017745733,626.406454480519,631.6847534179688,631.6847534179688,81983500
03/09/2025,634.05255551225,635.5719445130327,631.8722274787872,635.1082153320312,635.1082153320312,70820900
04/09/2025,635.7791465574808,640.4457643382553,634.8813749728572,640.4161376953125,640.4161376953125,65219200
05/09/2025,642.7444777894012,643.4647303823592,634.7037948627997,638.5613403320312,638.5613403320312,85178900
08/09/2025,639.9228600617976,641.1265327903665,638.5514836687598,640.1300659179688,640.1300659179688,63133100
09/09/2025,640.268114410177,642.1327863823664,638.54157966928,641.6099243164062,641.6099243164062,66133900
10/09/2025,644.855788891868,645.7733115580726,641.9058905935132,643.4647216796875,643.4647216796875,78034500
11/09/2025,645.4081991313436,649.5025765403432,644.8261440671411,648.8119506835938,648.8119506835938,69934400
12/09/2025,648.7824254618777,650.272187984056,648.0918597139254,648.594970703125,648.594970703125,72780100
15/09/2025,650.7950437367242,652.1762353081463,650.499078415473,652.0479736328125,652.0479736328125,63772400
16/09/2025,652.6004677140577,652.9063688014267,650.3708221309846,651.1502075195312,651.1502075195312,61169000
17/09/2025,651.1601352003632,652.8471677889224,645.5266771850337,650.3412475585938,650.3412475585938,101952200
18/09/2025,653.0148488941834,655.9746224265324,651.4165760040546,653.3798828125,653.3798828125,90459200
19/09/2025,655.2606553211801,657.4569312262267,653.3215535907623,656.6160278320312,656.6160278320312,97945600
22/09/2025,655.1321051686223,660.1677438905001,655.1023963856023,659.7225952148438,659.7225952148438,69452200
23/09/2025,659.6036493922888,660.2170872955854,654.9142520529826,656.1311645507812,656.1311645507812,81708900
24/09/2025,657.4173382288552,657.5162467217733,652.6289715744526,654.043701171875,654.043701171875,68082200
25/09/2025,650.91749472694,652.3717757310584,647.4251431178142,651.0263061523438,651.0263061523438,89622100
26/09/2025,652.4707616041429,655.3002210405111,650.8581544995363,654.756103515625,654.756103515625,69179200
29/09/2025,657.2689261670223,658.1791500054463,654.7956099654933,656.59619140625,656.59619140625,73499000
30/09/2025,655.8541471878013,659.5344728182262,654.5482290856307,659.0694580078125,659.0694580078125,86288000
01/10/2025,656.0916347397471,662.2254710850941,655.9828233173913,661.3153076171875,661.3153076171875,72545400
02/10/2025,663.2938778298502,663.4125921637317,659.6630669539827,662.0769653320312,662.0769653320312,56896000
03/10/2025,662.8389040732001,665.5001949823258,661.0284195287326,662.0672607421875,662.0672607421875,70494400
06/10/2025,664.451431246289,665.3319462864663,662.314512664693,664.4415283203125,664.4415283203125,54623300
07/10/2025,665.3616291701808,665.8068381763353,660.5436138980969,661.9781494140625,661.9781494140625,72020100
08/10/2025,663.0960778489103,666.0245059882836,662.2749199573431,665.925537109375,665.925537109375,60702200
09/10/2025,666.3411584665431,666.7467557943302,662.0672604073742,663.9963989257812,663.9963989257812,66501900
10/10/2025,664.9560020556908,666.7565834688588,645.8719162752307,646.0499877929688,646.0499877929688,159422600
13/10/2025,653.5985682812151,658.030731623523,652.7279561413051,655.9630126953125,655.9630126953125,79560500
14/10/2025,650.1556923521978,658.7232938317348,646.1983862715207,655.1616821289062,655.1616821289062,88779600
15/10/2025,659.70272543157,663.076302337462,651.8969246006144,658.0703125,658.0703125,81702600
16/10/2025,659.702653099313,661.572494532197,650.0962717870328,653.588623046875,653.588623046875,110563300
17/10/2025,652.4608239631079,658.6540174880462,651.1153544209424,657.2986450195312,657.2986450195312,96500900
20/10/2025,660.1973267543179,665.035147534835,660.1478725090891,664.1348266601562,664.1348266601562,60493400
21/10/2025,664.2733620876278,665.8068060270512,662.8289237149189,664.1249389648438,664.1249389648438,56249000
22/10/2025,664.8273632729761,664.8273632729761,656.2202112252926,660.6721801757812,660.6721801757812,80564000
23/10/2025,660.988802941274,665.5298380529869,660.6722112216523,664.5899658203125,664.5899658203125,65604500
24/10/2025,669.2398161192735,671.2283116328227,668.4384640813665,670.0213623046875,670.0213623046875,74356500
27/10/2025,675.4428672302427,678.2228723013301,674.8393925526769,677.9260864257812,677.9260864257812,63339800
28/10/2025,679.7167206093349,681.5568533012904,677.520444889974,679.7266235351562,679.7266235351562,61738100
29/10/2025,681.3689223981395,682.338503435176,675.5813864900747,680.0531616210938,680.0531616210938,85657100
30/10/2025,676.6004800474726,678.6186845559015,672.5739135742188,672.5739135742188,672.5739135742188,76335800
31/10/2025,677.7282029402567,677.7678146457715,671.9901213244605,674.780029296875,674.780029296875,87164100
03/11/2025,678.3514739521635,678.4800912258883,672.6826525168186,676.04638671875,676.04638671875,57315000
04/11/2025,668.8934850512616,672.702428076588,667.3798469971412,668.0327758789062,668.0327758789062,78427000
05/11/2025,667.7755543304748,673.5927987432043,666.9742023136038,670.3478393554688,670.3478393554688,74402400
06/11/2025,669.2496813312496,670.150002278421,661.5824008089137,663.1554565429688,663.1554565429688,85035300
07/11/2025,660.781013040124,663.9172214121945,654.1525740278607,663.808349609375,663.808349609375,100592400
10/11/2025,670.011442763763,674.8987178962867,667.8250699305912,674.1666259765625,674.1666259765625,75842900
11/11/2025,672.692466598844,676.2738231702668,671.485457047231,675.7098999023438,675.7098999023438,58953400
12/11/2025,677.4808612736824,677.6490902522322,673.6818813898049,676.0859375,676.0859375,62312500
13/11/2025,673.2367288900627,673.5928719621189,663.3632690735044,664.8670043945312,664.8670043945312,103457800
14/11/2025,658.2779810319527,668.4482246562536,656.1905168956082,664.758056640625,664.758056640625,96846700
17/11/2025,662.5520175117457,666.5192267278557,655.1023594385355,658.5650024414062,658.5650024414062,90456100
18/11/2025,655.0330052616243,658.0207904035176,648.8596179987588,653.0346069335938,653.0346069335938,114467500
19/11/2025,653.7272041810384,660.2171837101976,651.7188423695233,655.5574340820312,655.5574340820312,94703000
20/11/2025,665.7276649913678,668.3494043558474,644.9320631333248,645.5652465820312,645.5652465820312,165293500
21/11/2025,648.0583498819193,657.4569521849606,643.9031662606766,651.9959106445312,651.9959106445312,123956200
24/11/2025,655.6167748873626,662.9081062970187,654.5285399004904,661.59228515625,661.59228515625,80437900
25/11/2025,661.4933747936815,668.9924864834618,657.3876457131933,667.815185546875,667.815185546875,81077100
26/11/2025,670.3973078307199,674.4238738525114,669.4969869185696,672.4254150390625,672.4254150390625,71879600
28/11/2025,673.5928610720755,676.3728662652451,673.2367180057771,676.0958862304688,676.0958862304688,49212000
01/12/2025,671.5647168500374,675.7000943604489,671.4954567492206,673.0091552734375,673.0091552734375,61201200
02/12/2025,674.6414676887413,676.5212120744054,672.0791460292079,674.2556762695312,674.2556762695312,62953800
03/12/2025,673.3059439079583,677.5995871066391,672.4353317565424,676.5905151367188,676.5905151367188,57238500
04/12/2025,677.9854656605314,678.0547257643626,674.0677712084201,677.085205078125,677.085205078125,61970300
05/12/2025,678.1535326146577,681.0424091541689,677.2730780178052,678.3712158203125,678.3712158203125,79241000
08/12/2025,679.2617413091358,679.3111955598065,674.2953027143022,676.3333129882812,676.3333129882812,55231500
09/12/2025,675.8584445640498,678.0745263345831,675.3044241214166,675.7495727539062,675.7495727539062,58310100
10/12/2025,675.2746659471688,681.6162219852988,674.0380078724895,680.231201171875,680.231201171875,85671300
11/12/2025,677.82719343181,681.8933109790751,674.8888622374254,681.8141479492188,681.8141479492188,86173700
12/12/2025,680.8248329648462,681.5272765513724,671.9208940415416,674.4832763671875,674.4832763671875,113160300
15/12/2025,678.4207075198718,678.4405133715769,671.999988545765,673.4641723632812,673.4641723632812,90811000
16/12/2025,671.9802275249427,673.8105178026394,667.7755898483048,671.6240844726562,671.6240844726562,122030600
17/12/2025,672.633259680502,673.1773772201019,664.0360093269767,664.23388671875,664.23388671875,110625200
18/12/2025,670.3675775068244,673.4740770479272,667.6964444022054,669.2496337890625,669.2496337890625,108650100
19/12/2025,671.3463691548195,675.8114935895343,671.2272434527378,675.3153686523438,675.3153686523438,103599500
22/12/2025,678.639344063116,680.0483218496023,675.3153313921905,679.5224609375,679.5224609375,69556700
23/12/2025,678.6195066727895,682.8663651395233,678.5699062922599,682.6282348632812,682.6282348632812,64840000
24/12/2025,682.6183200290311,685.4760045408373,682.4694583215327,685.0294799804688,685.0294799804688,39445600
26/12/2025,685.2874813951044,686.2995351048382,683.9281038851597,684.9600219726562,684.9600219726562,41613300
29/12/2025,682.2114479341877,683.8586166189733,680.7528697076866,682.51904296875,682.51904296875,62559500
30/12/2025,682.1221392108215,683.2235219572843,681.2588867271484,681.685546875,681.685546875,47160700
31/12/2025,681.8145855439083,682.0328514439952,676.4266760541103,676.635009765625,676.635009765625,74144800
02/01/2026,680.3956585252009,681.5466416904673,674.5512924418268,677.8753051757812,677.8753051757812,89377200
05/01/2026,681.2192280630002,684.0868448237256,681.0604947255163,682.3900756835938,682.3900756835938,71927200
06/01/2026,682.5984300063299,686.9544213697425,682.4496288665487,686.4483642578125,686.4483642578125,69273800
07/01/2026,686.8254142672773,688.5817158514149,683.9776620917838,684.2356567382812,684.2356567382812,75588300
08/01/2026,683.4815439165204,685.2675815209567,682.1618346683338,684.1661987304688,684.1661987304688,64019200
09/01/2026,685.2775150455628,689.9212370510019,683.8387406584166,688.6908569335938,688.6908569335938,80125500
12/01/2026,685.3270791782115,690.6951844685583,685.277478801028,689.7723388671875,689.7723388671875,63976000
13/01/2026,690.0998291255927,690.6952153647912,685.9919002674054,688.3931884765625,688.3931884765625,78309700
14/01/2026,685.6445758579941,686.3589666067269,680.7229953056234,685.009521484375,685.009521484375,94676700
15/01/2026,689.1869590187856,690.0601436981007,685.8926823763012,686.875,686.875,77862000
16/01/2026,688.28406040864,688.8695145151978,684.7516530771834,686.299560546875,686.299560546875,79289200
20/01/2026,676.2083446056304,679.4629532027941,671.3264922720098,672.3286743164062,672.3286743164062,111623300
21/01/2026,674.3826370735425,683.402154325963,672.8743979165272,680.0880737304688,680.0880737304688,127844500
22/01/2026,684.5035723961656,685.7736813437502,681.5962874434288,683.6403198242188,683.6403198242188,77112200
23/01/2026,682.8167194920136,685.6049389887335,681.8343413244536,683.8883056640625,683.8883056640625,63059600
26/01/2026,685.138576123168,688.7503800429489,684.5729864520383,687.3612060546875,687.3612060546875,60473800
27/01/2026,688.8000086063018,691.1318321418594,688.1947507195304,690.099853515625,690.099853515625,55506100
28/01/2026,691.6477676593287,692.4316838253299,688.5618850633444,690.0303955078125,690.0303955078125,61172200
29/01/2026,690.9928952881424,691.657685737667,679.5224893166136,688.6610717773438,688.6610717773438,97486200
30/01/2026,686.4285189892349,688.8298072906449,681.7947290319643,686.6071166992188,686.6071166992188,101835100
02/02/2026,684.2356737126761,691.5286859406688,684.0768798206813,690.0204467773438,690.0204467773438,79286500
03/02/2026,690.8142565672537,691.5584439188771,678.7286612443456,684.18603515625,684.18603515625,107904600
04/02/2026,684.9996196944911,686.0911308029831,676.476227895848,680.8718872070312,680.8718872070312,105204600
05/02/2026,675.6626239798336,678.3913111024622,670.5525129616972,672.3683471679688,672.3683471679688,113610800
06/02/2026,676.1785962582386,686.9444827733389,675.5732778299765,685.267578125,685.267578125,89127600
09/02/2026,684.0768565720822,690.4768800480663,683.0052703670985,688.57177734375,688.57177734375,73885200
10/02/2026,689.5640042757049,691.1416475283962,686.2994637039938,686.7559204101562,686.7559204101562,65185700
11/02/2026,690.9928885783248,691.7370759669038,683.8387453470867,686.5972290039062,686.5972290039062,76353900
12/02/2026,688.859502308346,689.9608850687785,675.0970022106213,675.9900512695312,675.9900512695312,118829000
13/02/2026,676.4068370573647,680.961290747747,672.2691719299015,676.4663696289062,676.4663696289062,96267500
17/02/2026,674.8688419019007,679.6316291710169,670.5426469985775,677.5578002929688,677.5578002929688,81354700
18/02/2026,678.7187643851827,683.8090109802145,677.53798463666,680.9711303710938,680.9711303710938,73570300
19/02/2026,678.5401160314528,680.86194660128,676.2678252760687,679.1751098632812,679.1751098632812,58649400
20/02/2026,677.0319706522042,684.71197532004,676.4465165538227,684.0868530273438,684.0868530273438,100034000
23/02/2026,682.4992209190492,684.6523861034582,675.0970153480879,677.1013793945312,677.1013793945312,90558100
24/02/2026,676.6151751251432,683.0151380016027,674.7298762460771,682.0228881835938,682.0228881835938,73798700
25/02/2026,684.8309407846423,688.3038149887374,684.7515438454409,687.7779541015625,687.7779541015625,56369500
26/02/2026,687.9069589925494,687.926762805978,679.0461151309984,683.957763671875,683.957763671875,71671000
27/02/2026,677.7959129218735,681.536653322228,676.3571386622976,680.6734008789062,680.6734008789062,83308900
02/03/2026,673.4400139353526,683.2831159083878,672.765291276125,681.0604858398438,681.0604858398438,87477200
03/03/2026,669.8281968363514,677.3196712649806,664.4700232973693,675.057373046875,675.057373046875,105003100
04/03/2026,676.3473157204403,681.7650220692323,674.3528836974749,679.8201904296875,679.8201904296875,79182200
05/03/2026,676.7937758642711,680.2170498641997,670.3738880206191,676.0297241210938,676.0297241210938,106606500
06/03/2026,668.1909311447467,670.8700177972564,664.5692556037578,667.1689453125,667.1689453125,100687000
09/03/2026,661.2253729422058,674.650481531912,657.2563736570586,673.0133056640625,673.0133056640625,102667700
10/03/2026,672.4674947413112,678.0637980596332,669.5304741395607,671.9317016601562,671.9317016601562,81505300
11/03/2026,672.3286301094125,674.8092545860501,668.1215006869746,671.0883178710938,671.0883178710938,68441700
12/03/2026,665.958337853126,666.444591119081,660.7093583022987,660.8978881835938,660.8978881835938,108882200
13/03/2026,664.0831110227487,667.1293254881115,656.2343803863124,657.1571655273438,657.1571655273438,97200200
16/03/2026,663.199923076128,666.8613272435379,661.9496786440191,663.8449096679688,663.8449096679688,82023100
17/03/2026,667.1788836379297,669.2129836950214,664.5097291491037,665.5912475585938,665.5912475585938,87128000
18/03/2026,663.1801174312507,664.5295627375546,656.0657027257738,656.3038330078125,656.3038330078125,82062600
19/03/2026,651.8783174953539,657.8417484417536,650.0922799802194,654.6864013671875,654.6864013671875,111272500
20/03/2026,653.2010079047443,653.380093364961,641.4703940766159,645.301025390625,645.301025390625,163617500
23/03/2026,654.7531040433624,659.2801583045331,650.6439158314106,652.07666015625,652.07666015625,134802700
24/03/2026,648.0371459178807,653.7183875512989,646.604401549905,649.8877563476562,649.8877563476562,96457500
25/03/2026,655.3500504609481,657.5588924447279,650.9423865337293,653.5093994140625,653.5093994140625,90653800
26/03/2026,648.773401781548,651.5493174066021,641.5699034672713,641.8385620117188,641.8385620117188,96494400
27/03/2026,639.2615657472361,639.4207325687934,629.9188801961861,630.8939819335938,630.8939819335938,103649400
30/03/2026,636.8836547011163,637.1423539459004,626.108284608157,628.78466796875,628.78466796875,99275900
31/03/2026,635.719508676349,648.255975728372,634.7643255692599,647.0620727539062,647.0620727539062,152534100
01/04/2026,650.6041659517412,655.2008748639518,649.7086779392242,651.9373779296875,651.9373779296875,97841500
02/04/2026,643.161809607987,654.8824636102106,641.858414876014,652.5244140625,652.5244140625,68358700
06/04/2026,652.5542919409455,656.3948220300638,652.2160396308291,655.6088256835938,655.6088256835938,39105800
07/04/2026,653.3402849463747,656.285326673986,647.7784337275787,655.8972778320312,655.8972778320312,69980400
08/04/2026,672.980811715349,673.6673363432215,668.0756676404139,672.6027221679688,672.6027221679688,93606100
09/04/2026,671.438579338256,677.7266707213284,670.3739652533407,676.4829711914062,676.4829711914062,57134400
10/04/2026,677.885949822129,678.5923930707559,675.0304203424645,676.0353393554688,676.0353393554688,42253500
13/04/2026,673.9956432299357,682.8408497944083,673.1698703787699,682.641845703125,682.641845703125,54185800
14/04/2026,684.2238203737314,691.0791070995066,684.193942434314,690.959716796875,690.959716796875,63480500
15/04/2026,691.7557051691649,696.7504224001667,690.7010502942645,696.412109375,696.412109375,58240400
16/04/2026,697.5264615426626,699.2378238459212,695.0092450197437,698.1234130859375,698.1234130859375,49972400
17/04/2026,702.5808909886877,708.7993894133457,702.2028014262665,706.5607299804688,706.5607299804688,70661900
20/04/2026,705.20752199003,706.3317705126415,702.5808139687996,705.1477661132812,705.1477661132812,43546800
21/04/2026,706.7000123508461,707.6949720613851,699.098505587723,700.53125,700.53125,58941400
22/04/2026,705.5756906371417,707.8640857857167,704.6503246823615,707.6253051757812,707.6253051757812,42518500
23/04/2026,705.9239069650033,708.7694771316526,698.7403270820959,704.8792114257812,704.8792114257812,56174000
24/04/2026,707.1676287635845,710.8688498134599,705.4364085481575,710.341552734375,710.341552734375,45182000
27/04/2026,709.5753882284523,712.023010938504,708.7097781525541,711.5653076171875,711.5653076171875,33135900
28/04/2026,708.2321938525355,709.2868486650957,705.6751402340362,708.1028442382812,708.1028442382812,43117400
29/04/2026,707.4163145996059,708.6102783309316,704.7995658491443,707.993408203125,707.993408203125,41859200
30/04/2026,711.0280636665188,716.1620290590424,706.8691393587039,715.0377197265625,715.0377197265625,67240900
01/05/2026,717.6146516977453,721.216400793299,716.8385540170647,717.0177001953125,717.0177001953125,43049800
04/05/2026,716.4406056700121,718.4802608161392,711.3861936216806,714.3909912109375,714.3909912109375,51950600
05/05/2026,718.1320898558575,721.3855668152729,717.8534719876392,720.1220092773438,720.1220092773438,36933200
06/05/2026,724.489821452625,730.8874657022126,724.1515691652952,730.1312866210938,730.1312866210938,53288900
07/05/2026,731.3451201928577,732.4196936796947,726.0718458933673,727.8926391601562,727.8926391601562,51724600
08/05/2026,731.2257166531052,734.359863963193,730.8675457398152,733.9021606445312,733.9021606445312,47227100
11/05/2026,732.7380586745534,737.0561496205491,732.7380586745534,735.5736694335938,735.5736694335938,44024000
12/05/2026,733.1758744234386,735.1160580011854,728.1413807257971,734.4593505859375,734.4593505859375,54185300
13/05/2026,734.7478704606156,740.1604537310201,731.7629913201908,738.5685424804688,738.5685424804688,44200200
14/05/2026,739.9018102364839,745.7521781705404,739.8122371427646,744.3989868164062,744.3989868164062,45307600
15/05/2026,738.0511867146383,739.712813256131,734.2405345152865,735.4443969726562,735.4443969726562,60410800
18/05/2026,736.1010471042457,737.682999009625,729.6935042484962,734.927001953125,734.927001953125,47843900
19/05/2026,731.0765556379026,733.9320852676053,727.8429364442825,730.0317993164062,730.0317993164062,54255900
20/05/2026,732.0018002736176,738.1307251173267,730.1909663879147,737.5138549804688,737.5138549804688,45768000
21/05/2026,734.9170485709385,741.1156280791548,733.3151780259534,738.9764404296875,738.9764404296875,43332200
22/05/2026,742.4787264390759,745.1651298094138,740.7275876279662,741.8817749023438,741.8817749023438,41762000
26/05/2026,746.2297301040182,748.3390397979183,744.5979816306177,746.8068237304688,746.8068237304688,41123600
27/05/2026,747.0953563113346,747.5928361692701,744.4487294597059,746.677490234375,746.677490234375,42106300
28/05/2026,746.4685193943138,751.3438462445121,745.4536410614309,750.7965698242188,750.7965698242188,41562600
29/05/2026,752.0900813404212,754.2590862562773,750.8861582097875,752.6671142578125,752.6671142578125,55075700
01/06/2026,751.5527711685265,756.4480167905853,750.8861651495049,754.7167358398438,754.7167358398438,43634900
02/06/2026,753.2144012702464,756.5674107365072,752.9357833937803,755.7415771484375,755.7415771484375,31581900
03/06/2026,754.3287420712209,754.9754294579049,749.7718095132926,750.4384155273438,750.4384155273438,51402500
04/06/2026,748.3091480570178,754.4878695071194,747.6823186029123,753.2740478515625,753.2740478515625,49923000
05/06/2026,748.5181345185488,749.0255736853693,731.82274221843,733.83251953125,733.83251953125,93989400
08/06/2026,739.6132273185567,741.5832888174093,734.4693026781229,735.4940795898438,735.4940795898438,49319100
09/06/2026,739.881873688386,743.1354112835509,718.9479438267383,733.3350219726562,733.3350219726562,87683500
10/06/2026,729.69352181897,734.6583610930755,721.6741489247238,721.7736206054688,721.7736206054688,60341300
11/06/2026,725.0868662900759,736.2702039965386,720.7587550057447,734.04150390625,734.04150390625,86330500
12/06/2026,736.9766163198905,740.6877965432628,731.3252525489901,738.0113525390625,738.0113525390625,57079500
15/06/2026,748.0604304424444,752.8661028247,747.9709180763429,751.0254516601562,751.0254516601562,60176400
16/06/2026,750.7468576807364,751.6323864215939,746.100412710964,746.5481567382812,746.5481567382812,67093100
17/06/2026,747.5032315039188,748.3589429763433,735.4940609532621,737.225341796875,737.225341796875,85945200
18/06/2026,745.907751654771,746.3765582049119,742.0173878962117,744.8902587890625,744.8902587890625,80875700
22/06/2026,745.8479411927095,748.321778689857,741.2892538871644,742.546142578125,742.546142578125,46628100
23/06/2026,731.9922892059834,737.7978798883457,730.4860198600484,731.7628784179688,731.7628784179688,66846800
24/06/2026,733.3489180103626,738.1171068570358,729.0296875445486,731.4237060546875,731.4237060546875,57439500
25/06/2026,737.0796452204372,737.5385276888334,727.7927091295785,732.4810791015625,732.4810791015625,53934400
26/06/2026,727.144386135875,734.7056273477464,714.8050317832251,727.1842651367188,727.1842651367188,71034000
29/06/2026,734.7055914816465,739.7231001504891,730.27658724538,739.1644897460938,739.1644897460938,58035200
30/06/2026,739.4537599262709,746.1671307285668,739.0547872797607,744.9202270507812,744.9202270507812,55626000
01/07/2026,743.1545925484338,747.5835968507926,740.541087308444,743.9127197265625,743.9127197265625,47100900
02/07/2026,745.5486859530862,749.4489739445169,738.1969465958291,742.9351806640625,742.9351806640625,57447800
06/07/2026,746.885320136641,750.5462122974698,745.5585975722108,749.4190673828125,749.4190673828125,50673300
07/07/2026,748.3616416292718,749.0998597580657,743.364102770238,745.85791015625,745.85791015625,43721500
08/07/2026,741.3191472958572,744.3017921335774,737.6782249675691,743.5536499023438,743.5536499023438,43767400
09/07/2026,745.4987759890873,750.1073272936331,743.7431866839036,749.8480224609375,749.8480224609375,41441700
10/07/2026,750.187115173852,753.5487626123848,746.2468873823584,753.0799560546875,753.0799560546875,42191300
13/07/2026,750.6060836597362,752.0425191788765,746.1471851864706,747.3142700195312,747.3142700195312,44013600
14/07/2026,749.0499474324819,751.4739818301254,746.8055207475287,749.9677124023438,749.9677124023438,35143100
15/07/2026,752.3717122204262,753.7084197839658,748.3417413555546,752.9403076171875,752.9403076171875,43844800
16/07/2026,750.8953984161742,752.7009125511715,746.0274814662645,748.8604125976562,748.8604125976562,46409800
17/07/2026,740.241827732839,745.438883195828,738.9649691671198,741.4487915039062,741.4487915039062,62651000
20/07/2026,745.2094908804986,746.8753371556621,739.6732506975046,740.2518310546875,740.2518310546875,50422300
21/07/2026,744.4413918284653,747.1845799829406,742.3366329839115,746.426513671875,746.426513671875,34324300
22/07/2026,744.7705725456777,748.1621748950539,744.5211918106933,745.55859375,745.55859375,32836200
23/07/2026,737.5385562389782,740.7206569606348,733.3888874570794,736.3515014648438,736.3515014648438,55437300
24/07/2026,736.6806667930385,741.8777222786117,735.4636571620507,737.099609375,737.099609375,44782000
27/07/2026,743.0648074406847,743.6833276942111,734.0472217265344,737.25927734375,737.25927734375,41461200
28/07/2026,737.3589950224286,740.9500533043114,734.156924420905,739.0248413085938,739.0248413085938,47322200
29/07/2026,738.1370526174048,740.8403618199718,727.2939826612791,727.6531372070312,727.6531372070312,70697200
30/07/2026,734.2267392747757,740.6109103701467,732.7703947650456,739.852783203125,739.852783203125,66811300
31/07/2026,742.835410914187,747.0449895804718,735.8527500027326,745.1796264648438,745.1796264648438,62445900
03/08/2026,747.5836183167282,756.7009928898597,746.9451890027125,755.793212890625,755.793212890625,59927500
04/08/2026,758.7458651152236,771.494176400126,758.6361522059436,769.4193725585938,769.4193725585938,69154800
05/08/2026,773.928165423025,774.9256883846499,767.6039039413469,767.8831787109375,767.8831787109375,44689100
06/08/2026,768.3021872511085,769.9081846177485,765.5589990885744,766.65625,766.65625,38416900
07/08/2026,769.1101628301597,772.0029428489042,767.703621378493,771.3446044921875,771.3446044921875,43586300
10/08/2026,770.6861849056471,773.1301282404592,769.7086319253093,771.1151733398438,771.1151733398438,39249500
11/08/2026,772.6115040483734,772.6912620504304,767.2946895097219,768.6513061523438,768.6513061523438,36740600
12/08/2026,772.7910096110111,772.9805414027246,769.369513273419,770.5764770507812,770.5764770507812,33179100
13/08/2026,772.9506321027081,777.4394855444215,772.1925048911166,775.9531860351562,775.9531860351562,35634500
14/08/2026,776.6114939657781,776.8708596736758,773.509212209858,774.4169921875,774.4169921875,31367900
17/08/2026,774.2573577843602,774.8559080861019,770.5964655970525,770.7560424804688,770.7560424804688,34356600
18/08/2026,766.7959149360092,767.5939211307613,765.0202948350139,765.5490112304688,765.5490112304688,43920900
19/08/2026,768.4517358705159,770.5564946026684,766.1973243479778,767.1549682617188,767.1549682617188,40306000
20/08/2026,764.0627220124634,766.2472997692572,760.1523881029335,760.7109985351562,760.7109985351562,45520300
21/08/2026,764.1524418077088,765.9479709365374,762.2770937955632,763.8232421875,763.8232421875,39188700
24/08/2026,762.8856098637509,763.3244615010249,760.1922857963137,761.5787963867188,761.5787963867188,32430900
25/08/2026,764.262137078792,764.8806573052586,761.159855395616,764.0127563476562,764.0127563476562,27422300
26/08/2026,762.8356805789958,765.449185749943,762.0376744224566,764.182373046875,764.182373046875,28751600
27/08/2026,766.5964060257239,770.4468300957561,765.2596984507333,769.18994140625,769.18994140625,34557100
28/08/2026,769.8483393622295,773.3795487683207,766.4068729286823,767.4442749023438,767.4442749023438,36744300
31/08/2026,765.4292990280279,766.097622354185,762.8257178677422,765.1499633789062,765.1499633789062,38810800
01/09/2026,760.1224772031874,762.7758614763637,757.5987149009983,759.89306640625,759.89306640625,41126300
02/09/2026,760.5614001563074,764.5315220914426,759.8431519587122,763.2646484375,763.2646484375,29566200
03/09/2026,765.99791709853,772.112737807933,765.5490195828438,771.2548217773438,771.2548217773438,43531600
04/09/2026,770.0977256925568,770.9555808433835,767.0951717806925,768.2822265625,768.2822265625,34054200
08/09/2026,767.1649647963771,767.7934091111229,763.2447069992287,764.0626831054688,764.0626831054688,44746100
09/09/2026,762.1873669257697,762.5763546117217,759.055130192088,760.5115356445312,760.5115356445312,32812400
10/09/2026,756.1523365872063,758.2271404471661,754.7657651010062,755.9528198242188,755.9528198242188,42740400
11/09/2026,762.8257171109622,764.4816392943262,761.7084962835214,762.3967895507812,762.3967895507812,45512700
14/09/2026,757.119891309806,761.6287143614769,756.0525344863368,758.9952392578125,758.9952392578125,43992400
15/09/2026,758.2371341657202,758.4665449596201,754.2769973083872,755.513916015625,755.513916015625,46195000
16/09/2026,757.6187023523285,759.7833101686804,747.7432005092232,752.1821899414062,752.1821899414062,59217700
17/09/2026,761.2596848801362,761.6786274833105,758.0775841455181,760.7109985351562,760.7109985351562,49652800
18/09/2026,761.3099975585938,762.0,757.969970703125,761.6900024414062,761.6900024414062,65395100
21/09/2026,766.25,774.8900146484375,766.030029296875,773.5,773.5,50484700
22/09/2026,774.030029296875,775.1400146484375,772.5700073242188,773.3800048828125,773.3800048828125,34802300
23/09/2026,772.7899780273438,773.0499877929688,766.5,767.8099975585938,767.8099975585938,54931700
24/09/2026,764.0700073242188,768.9500122070312,763.25,767.1799926757812,767.1799926757812,43983700
25/09/2026,768.780029296875,772.280029296875,766.2899780273438,771.3499755859375,771.3499755859375,36666700
28/09/2026,768.3499755859375,769.5399780273438,763.719970703125,765.6099853515625,765.6099853515625,42694500
29/09/2026,766.8300170898438,766.97998046875,762.3499755859375,764.2000122070312,764.2000122070312,36910500
30/09/2026,766.4500122070312,769.4099731445312,762.1799926757812,762.6300048828125,762.6300048828125,62110000
01/10/2026,764.3599853515625,765.6500244140625,758.7899780273438,763.989990234375,763.989990234375,47708100
02/10/2026,770.5800170898438,772.6500244140625,767.1500244140625,769.6400146484375,769.6400146484375,46335300
05/10/2026,769.6900024414062,776.6099853515625,769.6300048828125,774.8300170898438,774.8300170898438,44840200
06/10/2026,778.1500244140625,781.6199951171875,777.9600219726562,779.0900268554688,779.0900268554688,36054300
07/10/2026,775.77001953125,779.0999755859375,773.6099853515625,777.219970703125,777.219970703125,30989200
08/10/2026,774.8599853515625,777.0900268554688,770.4400024414062,773.9299926757812,773.9299926757812,40351800
