Date,Open,High,Low,Close,Adj Close,Volume
09/12/1993,2.886755339893294,3.0301965990184265,2.886755339893294,2.9046854972839355,2.9046854972839355,1600600
10/12/1993,2.9046861044368386,2.9046861044368386,2.88675594329834,2.88675594329834,2.88675594329834,194700
13/12/1993,2.88675594329834,2.9046861044368386,2.8688257821598406,2.88675594329834,2.88675594329834,89000
14/12/1993,2.8688247203826904,2.8867548748850824,2.8688247203826904,2.8688247203826904,2.8688247203826904,107000
15/12/1993,2.8688247203826904,2.8867548748850824,2.8688247203826904,2.8688247203826904,2.8688247203826904,48200
16/12/1993,2.886753921101733,2.940544366836548,2.868823772523461,2.940544366836548,2.940544366836548,92000
17/12/1993,2.922615654674577,2.940545812065219,2.9046854972839355,2.9046854972839355,2.9046854972839355,33000
20/12/1993,2.88675594329834,2.9046861044368386,2.88675594329834,2.88675594329834,2.88675594329834,29400
21/12/1993,2.9046861044368386,2.922616265575338,2.88675594329834,2.88675594329834,2.88675594329834,67800
22/12/1993,2.9046840696800045,2.940544366836548,2.9046840696800045,2.940544366836548,2.940544366836548,31500
23/12/1993,2.940545812065219,2.940545812065219,2.886755339893294,2.9046854972839355,2.9046854972839355,8800
27/12/1993,2.879775482931255,2.933771273236216,2.879775482931255,2.9157726764678955,2.9157726764678955,5500
28/12/1993,2.9157730570491056,2.9337716561666927,2.8977744579315186,2.8977744579315186,2.8977744579315186,9300
29/12/1993,2.9157726764678955,2.9157726764678955,2.9157726764678955,2.9157726764678955,2.9157726764678955,6100
30/12/1993,2.9157726764678955,2.9157726764678955,2.9157726764678955,2.9157726764678955,2.9157726764678955,8400
31/12/1993,2.9157730570491056,2.9157730570491056,2.8977744579315186,2.8977744579315186,2.8977744579315186,3000
03/01/1994,2.9157726764678955,2.933771273236216,2.9157726764678955,2.9157726764678955,2.9157726764678955,18500
04/01/1994,2.933771315217018,2.9517699122428893,2.8797755241394043,2.8797755241394043,2.8797755241394043,23500
05/01/1994,2.8977744579315186,2.9337716561666927,2.8977744579315186,2.8977744579315186,2.8977744579315186,8100
06/01/1994,2.8977744579315186,2.9157730570491056,2.8977744579315186,2.8977744579315186,2.8977744579315186,9400
07/01/1994,2.8977718221629325,2.951767570401993,2.8977718221629325,2.9337689876556396,2.9337689876556396,14600
10/01/1994,2.933771273236216,2.9517698700045365,2.9157726764678955,2.9157726764678955,2.9157726764678955,30300
11/01/1994,2.9337702558701295,3.041761799030993,2.9337702558701295,2.9877660274505615,2.9877660274505615,35200
12/01/1994,3.005767755959866,3.0417649745941158,3.005767755959866,3.041764974594116,3.041764974594116,23600
13/01/1994,3.0237632085041826,3.0237632085041826,2.969767436923751,2.9877660274505615,2.9877660274505615,18100
14/01/1994,3.023766365276991,3.0417649745941158,2.969770537325616,3.041764974594116,3.041764974594116,35300
17/01/1994,3.0237632085041826,3.0237632085041826,2.969767436923751,2.9877660274505615,2.9877660274505615,7600
18/01/1994,2.9877660274505615,3.0237632085041826,2.95176884639694,2.9877660274505615,2.9877660274505615,22800
19/01/1994,3.0057659232339193,3.1137575132902278,3.0057659232339193,3.0957589149475098,3.0957589149475098,63000
20/01/1994,3.1317567825317383,3.1497553847301965,3.11375818033328,3.1317567825317383,3.1317567825317383,69100
21/01/1994,3.131756111632946,3.149754709975664,3.0777603166047918,3.0957589149475098,3.0957589149475098,46400
24/01/1994,3.0957589149475098,3.1137575132902278,3.0777603166047918,3.0957589149475098,3.0957589149475098,15700
25/01/1994,3.095757570611425,3.095757570611425,2.9877660274505615,2.9877660274505615,2.9877660274505615,17900
26/01/1994,2.95176884639694,3.005764617977372,2.95176884639694,2.9877660274505615,2.9877660274505615,8500
27/01/1994,2.9517694176314118,3.0237637936712023,2.9517694176314118,3.005765199661255,3.005765199661255,11000
28/01/1994,3.0417629269992603,3.077760121401618,3.0417629269992603,3.0597615242004395,3.0597615242004395,32700
31/01/1994,3.0777603166047918,3.0957589149475098,3.0417631199193558,3.0957589149475098,3.0957589149475098,46700
01/02/1994,3.113756691503246,3.113756691503246,3.0597609107257333,3.0777595043182373,3.0777595043182373,27800
02/02/1994,3.0957587186027973,3.0957587186027973,3.059761524200439,3.0597615242004395,3.0597615242004395,22300
03/02/1994,3.077760121401618,3.077760121401618,3.059761524200439,3.0597615242004395,3.0597615242004395,18400
04/02/1994,3.077760121401618,3.0957587186027973,3.0417629269992603,3.0597615242004395,3.0597615242004395,35200
07/02/1994,3.0777595043182377,3.0777595043182377,2.987766536355716,3.0777595043182373,3.0777595043182373,29600
08/02/1994,3.0777591935225894,3.0957577852975753,3.023763418197632,3.023763418197632,3.023763418197632,37300
09/02/1994,3.059763583911241,3.059763583911241,3.023766365276991,3.041764974594116,3.041764974594116,20500
10/02/1994,3.0777595043182377,3.0777595043182377,3.041762317133229,3.0777595043182373,3.0777595043182373,9100
11/02/1994,3.095759578134822,3.1317567825317383,3.0777609759363633,3.1317567825317383,3.1317567825317383,29000
14/02/1994,3.0957574302499946,3.1677517890930176,3.0957574302499946,3.1677517890930176,3.1677517890930176,17000
15/02/1994,3.1677517890930176,3.2217475582252852,3.149753199382262,3.1677517890930176,3.1677517890930176,39700
16/02/1994,3.1857514591007443,3.275744438171387,3.1857514591007443,3.2757444381713867,3.2757444381713867,23300
17/02/1994,3.2757444585708377,3.383736034128118,3.2757444585708377,3.3657374382019043,3.3657374382019043,63200
18/02/1994,3.3657374382019047,3.401734630054331,3.329740246349478,3.3657374382019043,3.3657374382019043,28600
22/02/1994,3.365737299969856,3.4017344903438653,3.365737299969856,3.3837358951568604,3.3837358951568604,24300
23/02/1994,3.383736034128118,3.401734630054331,3.311741650423264,3.3657374382019043,3.3657374382019043,58400
24/02/1994,3.347738821427901,3.347738821427901,3.23974724654313,3.2757444381713867,3.2757444381713867,28100
25/02/1994,3.275743217468262,3.275743217468262,3.1497530937194824,3.1497530937194824,3.1497530937194824,38400
28/02/1994,3.1677523683019952,3.2037495543054266,3.1317551822985634,3.185750961303711,3.185750961303711,119900
01/03/1994,3.1677523683019952,3.185750961303711,3.1677523683019952,3.185750961303711,3.185750961303711,10300
02/03/1994,3.1677517890930176,3.2037489685145295,3.149753199382262,3.1677517890930176,3.1677517890930176,36400
03/03/1994,3.149753172745865,3.2397461205386042,3.149753172745865,3.203748941421509,3.203748941421509,17900
04/03/1994,3.2037489685145295,3.2037489685145295,3.149753199382262,3.1677517890930176,3.1677517890930176,54800
07/03/1994,3.2037495543054266,3.2217481473071428,3.185750961303711,3.185750961303711,3.185750961303711,5700
08/03/1994,3.1677523683019952,3.2397467403088585,3.1677523683019952,3.185750961303711,3.185750961303711,6700
09/03/1994,3.2397461205386042,3.2397461205386042,3.2037489414215083,3.203748941421509,3.203748941421509,9100
10/03/1994,3.2217475309800565,3.2397461205386042,3.2037489414215083,3.203748941421509,3.203748941421509,12400
11/03/1994,3.2217486507290016,3.311741629799644,3.2217486507290016,3.2757444381713867,3.2757444381713867,16000
14/03/1994,3.3117413520812993,3.3117413520812993,3.2937427577765095,3.311741352081299,3.311741352081299,27300
15/03/1994,3.347738162891285,3.347738162891285,3.2937423860704578,3.329739570617676,3.329739570617676,16800
16/03/1994,3.329740246349478,3.3657374382019047,3.311741650423264,3.3657374382019043,3.3657374382019043,6600
17/03/1994,3.383735729300458,3.383735729300458,3.3117413520812993,3.311741352081299,3.311741352081299,4700
18/03/1994,3.3477385406908784,3.3477385406908784,3.3117413520812993,3.311741352081299,3.311741352081299,3700
21/03/1994,3.3297395706176762,3.347738162891285,3.3297395706176762,3.329739570617676,3.329739570617676,4900
22/03/1994,3.3657367551648942,3.3657367551648942,3.3297395706176762,3.329739570617676,3.329739570617676,5900
23/03/1994,3.3477387047828513,3.383735895156861,3.3477387047828513,3.3837358951568604,3.3837358951568604,3400
24/03/1994,3.365736219618056,3.4197319878472223,3.365736219618056,3.4017333984375,3.4017333984375,7300
25/03/1994,3.3837345482791283,3.437730312347412,3.3837345482791283,3.437730312347412,3.437730312347412,10200
28/03/1994,3.4557303151776715,3.4557303151776715,3.3297401474368185,3.347738742828369,3.347738742828369,46000
29/03/1994,3.3477375005420886,3.437730444105048,3.3477375005420886,3.419731855392456,3.419731855392456,46200
30/03/1994,3.4017345290030203,3.4017345290030203,3.3297401474368185,3.347738742828369,3.347738742828369,33200
31/03/1994,3.3198597298728094,3.374885029262966,3.3015179634094234,3.301517963409424,3.301517963409424,153900
04/04/1994,3.3015169338746504,3.3015169338746504,3.228149890899658,3.228149890899658,3.228149890899658,47300
05/04/1994,3.228150591169085,3.228150591169085,3.1547835322788784,3.209808826446533,3.209808826446533,37900
06/04/1994,3.2281489854448298,3.301516007841303,3.2281489854448298,3.2648324966430664,3.2648324966430664,25400
07/04/1994,3.2831753382811675,3.411567669945794,3.2831753382811675,3.393225908279419,3.393225908279419,29000
08/04/1994,3.374885029262966,3.374885029262966,3.3015179634094234,3.301517963409424,3.301517963409424,20900
11/04/1994,3.33820082450825,3.3565425872802734,3.33820082450825,3.3565425872802734,3.3565425872802734,25800
12/04/1994,3.3565430351383774,3.393226565577048,3.301517739480371,3.319859504699707,3.319859504699707,12000
13/04/1994,3.319858861613918,3.393225908279419,3.319858861613918,3.393225908279419,3.393225908279419,11400
14/04/1994,3.411567892717278,3.448251418445421,3.356542604125064,3.3748843669891357,3.3748843669891357,12400
15/04/1994,3.3748848003577128,3.3748848003577128,3.3198595046997066,3.319859504699707,3.319859504699707,2400
18/04/1994,3.338200569152832,3.356542330521804,3.338200569152832,3.338200569152832,3.338200569152832,1400
19/04/1994,3.3565430351383774,3.3565430351383774,3.3198595046997066,3.319859504699707,3.319859504699707,4400
20/04/1994,3.3198588077838607,3.374884091890775,3.3198588077838607,3.338200569152832,3.338200569152832,7400
21/04/1994,3.3748843669891353,3.3748843669891353,3.3382008412609925,3.3748843669891357,3.3748843669891357,3200
22/04/1994,3.3748843500522967,3.3748843500522967,3.33820082450825,3.3565425872802734,3.3565425872802734,5100
25/04/1994,3.3748841466130437,3.393225908279419,3.3748841466130437,3.393225908279419,3.393225908279419,20000
26/04/1994,3.3932257269291166,3.484934530359633,3.3932257269291166,3.4482510089874268,3.4482510089874268,2900
28/04/1994,3.503275632858276,3.521617390098372,3.503275632858276,3.5032756328582764,3.5032756328582764,13200
29/04/1994,3.4849338756181805,3.503275632858276,3.4849338756181805,3.5032756328582764,3.5032756328582764,2500
02/05/1994,3.521618366241455,3.5766436532139774,3.521618366241455,3.521618366241455,3.521618366241455,14800
03/05/1994,3.503275632858276,3.521617390098372,3.503275632858276,3.5032756328582764,3.5032756328582764,3800
04/05/1994,3.5032768086383212,3.5032768086383212,3.484935045242309,3.4849350452423096,3.4849350452423096,7900
05/05/1994,3.4665930792689323,3.521618366241455,3.4665930792689323,3.521618366241455,3.521618366241455,15400
06/05/1994,3.521618572034334,3.521618572034334,3.484935045242309,3.4849350452423096,3.4849350452423096,400
09/05/1994,3.5032762910457365,3.5032762910457365,3.4482510089874263,3.4482510089874268,3.4482510089874268,16400
10/05/1994,3.484934530359633,3.5032762910457365,3.4482510089874263,3.4482510089874268,3.4482510089874268,14600
11/05/1994,3.484934530359633,3.484934530359633,3.4482510089874263,3.4482510089874268,3.4482510089874268,7800
12/05/1994,3.448251518450285,3.5032768086383212,3.448251518450285,3.4849350452423096,3.4849350452423096,7900
13/05/1994,3.484935045242309,3.5032768086383212,3.466593281846297,3.4849350452423096,3.4849350452423096,5200
16/05/1994,3.5032748646206326,3.5032748646206326,3.4665913581848145,3.4665913581848145,3.4665913581848145,700
17/05/1994,3.4849331114027238,3.5032748646206326,3.4665913581848145,3.4665913581848145,3.4665913581848145,2900
18/05/1994,3.5032748646206326,3.5032748646206326,3.4482496049669056,3.4665913581848145,3.4665913581848145,7700
19/05/1994,3.4665921183780846,3.521617390098372,3.4665921183780846,3.5032756328582764,3.5032756328582764,8500
20/05/1994,3.484935045242309,3.521618572034334,3.448251518450285,3.4849350452423096,3.4849350452423096,13400
23/05/1994,3.503275632858276,3.503275632858276,3.4849338756181805,3.5032756328582764,3.5032756328582764,1100
24/05/1994,3.4849338756181805,3.503275632858276,3.4849338756181805,3.5032756328582764,3.5032756328582764,5400
25/05/1994,3.484935045242309,3.484935045242309,3.484935045242309,3.4849350452423096,3.4849350452423096,52200
26/05/1994,3.4849338756181805,3.503275632858276,3.4665921183780846,3.5032756328582764,3.5032756328582764,9300
27/05/1994,3.5032768086383212,3.5032768086383212,3.484935045242309,3.4849350452423096,3.4849350452423096,18800
31/05/1994,3.5032766039172807,3.521618366241455,3.4849348415931063,3.521618366241455,3.521618366241455,28100
01/06/1994,3.521617390098372,3.521617390098372,3.4849338756181805,3.5032756328582764,3.5032756328582764,2000
02/06/1994,3.4849331114027238,3.4849331114027238,3.4665913581848145,3.4665913581848145,3.4665913581848145,9000
03/06/1994,3.5032768086383212,3.5032768086383212,3.484935045242309,3.4849350452423096,3.4849350452423096,5000
06/06/1994,3.503275632858276,3.503275632858276,3.4849338756181805,3.5032756328582764,3.5032756328582764,7400
07/06/1994,3.5032766039172807,3.521618366241455,3.4849348415931063,3.521618366241455,3.521618366241455,20200
08/06/1994,3.521618366241455,3.521618366241455,3.5032766039172807,3.521618366241455,3.521618366241455,6300
09/06/1994,3.521617390098372,3.521617390098372,3.503275632858276,3.5032756328582764,3.5032756328582764,7600
10/06/1994,3.521617390098372,3.521617390098372,3.503275632858276,3.5032756328582764,3.5032756328582764,34100
13/06/1994,3.466593281846297,3.5032768086383212,3.466593281846297,3.4849350452423096,3.4849350452423096,14300
14/06/1994,3.4849338756181805,3.503275632858276,3.4849338756181805,3.5032756328582764,3.5032756328582764,6000
15/06/1994,3.5032766039172807,3.521618366241455,3.4665930792689323,3.521618366241455,3.521618366241455,6500
16/06/1994,3.4849331114027238,3.5032748646206326,3.4665913581848145,3.4665913581848145,3.4665913581848145,2700
17/06/1994,3.484935045242309,3.5032768086383212,3.466593281846297,3.4849350452423096,3.4849350452423096,7000
20/06/1994,3.521618366241455,3.521618366241455,3.521618366241455,3.521618366241455,3.521618366241455,2200
21/06/1994,3.52161805173184,3.52161805173184,3.4482510089874263,3.4482510089874268,3.4482510089874268,10500
22/06/1994,3.4482518612350543,3.457422743844722,3.3198595046997066,3.319859504699707,3.319859504699707,26200
23/06/1994,3.3382004448708065,3.4665927696735297,3.3382004448708065,3.4482510089874268,3.4482510089874268,26800
24/06/1994,3.419845607545641,3.5506593739544905,3.419845607545641,3.5319716930389404,3.5319716930389404,8600
27/06/1994,3.4945963312078407,3.5319716930389404,3.4945963312078407,3.5319716930389404,3.5319716930389404,4200
28/06/1994,3.4945952892303467,3.531970639917302,3.457219938543391,3.4945952892303467,3.4945952892303467,7500
29/06/1994,3.4759076138868688,3.4945952892303467,3.4759076138868688,3.4945952892303467,3.4945952892303467,5500
30/06/1994,3.4759076138868688,3.4945952892303467,3.4759076138868688,3.4945952892303467,3.4945952892303467,29100
01/07/1994,3.513284431709038,3.513284431709038,3.401158332824707,3.401158332824707,3.401158332824707,5400
05/07/1994,3.4385330221040653,3.475908381039979,3.4198453426361084,3.4198453426361084,3.4198453426361084,22900
06/07/1994,3.4011576631681515,3.4198453426361084,3.4011576631681515,3.4198453426361084,3.4198453426361084,25500
07/07/1994,3.4385333932856077,3.4759087562561035,3.4198457118003596,3.4759087562561035,3.4759087562561035,5700
08/07/1994,3.4945963491564216,3.4945963491564216,3.4385333061218266,3.438533306121826,3.438533306121826,32400
11/07/1994,3.475908381039979,3.475908381039979,3.4011576631681515,3.4198453426361084,3.4198453426361084,37000
12/07/1994,3.419847627480825,3.419847627480825,3.3637845516204834,3.3637845516204834,3.3637845516204834,15900
13/07/1994,3.4011599355273776,3.4011599355273776,3.3637845516204834,3.3637845516204834,3.3637845516204834,2500
14/07/1994,3.38247013092041,3.38247013092041,3.363782450639082,3.38247013092041,3.38247013092041,3100
15/07/1994,3.363782450639082,3.4011578112017387,3.363782450639082,3.38247013092041,3.38247013092041,17900
18/07/1994,3.4011599355273776,3.4011599355273776,3.3637845516204834,3.3637845516204834,3.3637845516204834,17100
19/07/1994,3.3824706496773187,3.401158332824707,3.3637829665299304,3.401158332824707,3.401158332824707,23300
20/07/1994,3.3824706496773187,3.401158332824707,3.3824706496773187,3.401158332824707,3.401158332824707,14800
21/07/1994,3.363782450639082,3.38247013092041,3.363782450639082,3.38247013092041,3.38247013092041,31700
22/07/1994,3.38247013092041,3.38247013092041,3.363782450639082,3.38247013092041,3.38247013092041,828900
25/07/1994,3.3637845516204834,3.3824722435739303,3.3637845516204834,3.3637845516204834,3.3637845516204834,74200
26/07/1994,3.3637823042322377,3.4198453426361084,3.3637823042322377,3.4198453426361084,3.4198453426361084,157100
27/07/1994,3.4011599355273776,3.4011599355273776,3.3637845516204834,3.3637845516204834,3.3637845516204834,33700
28/07/1994,3.363782450639082,3.4011578112017387,3.363782450639082,3.38247013092041,3.38247013092041,33400
29/07/1994,3.3637845516204834,3.3824722435739303,3.3637845516204834,3.3637845516204834,3.3637845516204834,13500
01/08/1994,3.3824722435739303,3.4011599355273776,3.3637845516204834,3.3637845516204834,3.3637845516204834,29800
02/08/1994,3.3637845516204834,3.3824722435739303,3.3637845516204834,3.3637845516204834,3.3637845516204834,30100
03/08/1994,3.3824697992655155,3.3824697992655155,3.3450944423675537,3.3450944423675537,3.3450944423675537,30800
04/08/1994,3.3637818325771374,3.3637818325771374,3.3264064788818355,3.326406478881836,3.326406478881836,15800
05/08/1994,3.326409167713589,3.3637845516204834,3.326409167713589,3.3637845516204834,3.3637845516204834,12900
08/08/1994,3.382469509424788,3.382469509424788,3.3264064788818355,3.326406478881836,3.326406478881836,11000
09/08/1994,3.3077194097950975,3.38247013092041,3.3077194097950975,3.38247013092041,3.38247013092041,40600
10/08/1994,3.38247013092041,3.38247013092041,3.363782450639082,3.38247013092041,3.38247013092041,41000
11/08/1994,3.363782450639082,3.38247013092041,3.363782450639082,3.38247013092041,3.38247013092041,4700
12/08/1994,3.3824722435739303,3.3824722435739303,3.3637845516204834,3.3637845516204834,3.3637845516204834,13200
15/08/1994,3.38247013092041,3.38247013092041,3.363782450639082,3.38247013092041,3.38247013092041,14000
16/08/1994,3.3824722435739303,3.3824722435739303,3.3637845516204834,3.3637845516204834,3.3637845516204834,18900
17/08/1994,3.3824706496773187,3.401158332824707,3.3637829665299304,3.401158332824707,3.401158332824707,26800
18/08/1994,3.3824722435739303,3.3824722435739303,3.3637845516204834,3.3637845516204834,3.3637845516204834,4700
19/08/1994,3.363782450639082,3.4011578112017387,3.363782450639082,3.38247013092041,3.38247013092041,27100
22/08/1994,3.4011578112017387,3.4011578112017387,3.38247013092041,3.38247013092041,3.38247013092041,8000
23/08/1994,3.401158332824707,3.401158332824707,3.401158332824707,3.401158332824707,3.401158332824707,33300
24/08/1994,3.3824706496773187,3.438533699119484,3.3824706496773187,3.401158332824707,3.401158332824707,17700
25/08/1994,3.438533699119484,3.438533699119484,3.3824706496773187,3.401158332824707,3.401158332824707,10900
26/08/1994,3.3824706496773187,3.419846015972096,3.3824706496773187,3.401158332824707,3.401158332824707,55400
29/08/1994,3.401158332824707,3.401158332824707,3.3824706496773187,3.401158332824707,3.401158332824707,2600
30/08/1994,3.4011578112017387,3.4011578112017387,3.38247013092041,3.38247013092041,3.38247013092041,15600
31/08/1994,3.401158332824707,3.401158332824707,3.3824706496773187,3.401158332824707,3.401158332824707,11200
01/09/1994,3.38247013092041,3.4011578112017387,3.363782450639082,3.38247013092041,3.38247013092041,8500
02/09/1994,3.3824722435739303,3.3824722435739303,3.3637845516204834,3.3637845516204834,3.3637845516204834,4000
06/09/1994,3.3824722435739303,3.3824722435739303,3.3637845516204834,3.3637845516204834,3.3637845516204834,800
07/09/1994,3.363782450639082,3.38247013092041,3.363782450639082,3.38247013092041,3.38247013092041,3500
08/09/1994,3.3637829665299304,3.419846015972096,3.3637829665299304,3.401158332824707,3.401158332824707,28200
09/09/1994,3.38247013092041,3.4011578112017387,3.363782450639082,3.38247013092041,3.38247013092041,54900
12/09/1994,3.3450952833825416,3.401158332824707,3.3450952833825416,3.401158332824707,3.401158332824707,8500
13/09/1994,3.438533699119484,3.438533699119484,3.401158332824707,3.401158332824707,3.401158332824707,11000
14/09/1994,3.4198456251102947,3.457220987133358,3.4198456251102947,3.438533306121826,3.438533306121826,34900
15/09/1994,3.457220987133358,3.457220987133358,3.4198456251102947,3.438533306121826,3.438533306121826,22900
16/09/1994,3.4385330221040653,3.4385330221040653,3.4011576631681515,3.4198453426361084,3.4198453426361084,2500
19/09/1994,3.438534298458615,3.4572219848632812,3.4198466120539486,3.4572219848632812,3.4572219848632812,27300
20/09/1994,3.4572213822668725,3.4572213822668725,3.401158332824707,3.401158332824707,3.401158332824707,7500
21/09/1994,3.401157944098763,3.4385333061218266,3.401157944098763,3.438533306121826,3.438533306121826,14900
22/09/1994,3.401158332824707,3.419846015972096,3.401158332824707,3.401158332824707,3.401158332824707,4800
23/09/1994,3.4198456251102947,3.4385333061218266,3.4198456251102947,3.438533306121826,3.438533306121826,37600
26/09/1994,3.466723637027635,3.466723637027635,3.4286277728844743,3.4476757049560547,3.4476757049560547,18100
27/09/1994,3.4476757049560547,3.4476757049560547,3.4286277728844743,3.4476757049560547,3.4476757049560547,11000
28/09/1994,3.447675273968623,3.4667232036590576,3.447675273968623,3.4667232036590576,3.4667232036590576,5200
29/09/1994,3.48577094078064,3.48577094078064,3.48577094078064,3.4857709407806396,3.4857709407806396,5900
30/09/1994,3.4667258884595786,3.5429176662279214,3.4667258884595786,3.50482177734375,3.50482177734375,19100
03/10/1994,3.5429176662279214,3.5429176662279214,3.50482177734375,3.50482177734375,3.50482177734375,8200
04/10/1994,3.5238697217858355,3.5429176662279214,3.50482177734375,3.50482177734375,3.50482177734375,6400
05/10/1994,3.485772486655943,3.5429162979125977,3.485772486655943,3.5429162979125977,3.5429162979125977,21600
06/10/1994,3.542917937201423,3.542917937201423,3.5238699913024902,3.5238699913024902,3.5238699913024902,3400
07/10/1994,3.5429162979125977,3.581012172083701,3.5238683608270462,3.5429162979125977,3.5429162979125977,6000
10/10/1994,3.5429176662279214,3.5429176662279214,3.4857738329016645,3.50482177734375,3.50482177734375,130000
11/10/1994,3.48577094078064,3.5048188694187856,3.466723012142494,3.4857709407806396,3.4857709407806396,10500
12/10/1994,3.5048188694187856,3.523866798056931,3.48577094078064,3.4857709407806396,3.4857709407806396,1900
13/10/1994,3.5238697217858355,3.5238697217858355,3.4857738329016645,3.50482177734375,3.50482177734375,2000
14/10/1994,3.4857738329016645,3.50482177734375,3.447677944017493,3.50482177734375,3.50482177734375,11000
17/10/1994,3.4667231109407215,3.4667231109407215,3.352435535854764,3.4286272525787354,3.4286272525787354,14700
18/10/1994,3.4286273442781887,3.4667232036590576,3.4286273442781887,3.4667232036590576,3.4667232036590576,12200
19/10/1994,3.4476757049560547,3.4476757049560547,3.4476757049560547,3.4476757049560547,3.4476757049560547,3300
20/10/1994,3.428627252578736,3.428627252578736,3.428627252578736,3.4286272525787354,3.4286272525787354,3500
21/10/1994,3.3905310145879195,3.409578941636166,3.371483087539673,3.371483087539673,3.371483087539673,13200
24/10/1994,3.3714839978651563,3.3714839978651563,3.3333881334824995,3.352436065673828,3.352436065673828,20500
25/10/1994,3.3905327706363613,3.4095807075500484,3.3905327706363613,3.409580707550049,3.409580707550049,27500
26/10/1994,3.4476757049560547,3.4476757049560547,3.4286277728844743,3.4476757049560547,3.4476757049560547,2100
27/10/1994,3.4476751817597284,3.4667231109407215,3.428627252578736,3.4286272525787354,3.4286272525787354,1000
28/10/1994,3.428627794439142,3.428627794439142,3.352436065673828,3.352436065673828,3.352436065673828,27400
31/10/1994,3.3905313942167496,3.428627252578736,3.352435535854764,3.4286272525787354,3.4286272525787354,10700
01/11/1994,3.4286289379514496,3.4286289379514496,3.3143413066864014,3.3143413066864014,3.3143413066864014,5700
02/11/1994,3.2952935695648193,3.3143415092732864,3.2952935695648193,3.2952935695648193,3.2952935695648193,2900
03/11/1994,3.3333888053894043,3.3333888053894043,3.314340869358608,3.3333888053894043,3.3333888053894043,4600
04/11/1994,3.3333888053894043,3.3714846774509977,3.295292933327811,3.3333888053894043,3.3333888053894043,8600
07/11/1994,3.3333888053894043,3.3333888053894043,3.3333888053894043,3.3333888053894043,3.3333888053894043,6700
08/11/1994,3.3714846774509977,3.3714846774509977,3.3333888053894043,3.3333888053894043,3.3333888053894043,2500
09/11/1994,3.3333872334431796,3.371483087539673,3.3333872334431796,3.371483087539673,3.371483087539673,17700
10/11/1994,3.39053225517273,3.39053225517273,3.39053225517273,3.3905322551727295,3.3905322551727295,8600
11/11/1994,3.3905313942167496,3.4476751817597284,3.3905313942167496,3.4286272525787354,3.4286272525787354,17300
14/11/1994,3.447675273968623,3.4667232036590576,3.4286273442781887,3.4667232036590576,3.4667232036590576,12800
15/11/1994,3.447675273968623,3.4857711333494916,3.447675273968623,3.4667232036590576,3.4667232036590576,19600
16/11/1994,3.466723012142494,3.523866798056931,3.466723012142494,3.4857709407806396,3.4857709407806396,14500
17/11/1994,3.4667232036590576,3.4857711333494916,3.447675273968623,3.4667232036590576,3.4667232036590576,24400
18/11/1994,3.466723637027635,3.466723637027635,3.4476757049560547,3.4476757049560547,3.4476757049560547,12900
21/11/1994,3.4667231109407215,3.4667231109407215,3.428627252578736,3.4286272525787354,3.4286272525787354,7400
22/11/1994,3.428628485543387,3.428628485543387,3.3333888053894043,3.3333888053894043,3.3333888053894043,6000
23/11/1994,3.333390007416407,3.333390007416407,3.200054407119751,3.200054407119751,3.200054407119751,14700
25/11/1994,3.2191019058227544,3.238149846093895,3.1619580850093323,3.219101905822754,3.219101905822754,12500
28/11/1994,3.200053965551614,3.2191019058227544,3.1619580850093323,3.219101905822754,3.219101905822754,14100
29/11/1994,3.219102350019273,3.2381502929187955,3.200054407119751,3.200054407119751,3.200054407119751,4600
30/11/1994,3.2191019058227544,3.2191019058227544,3.1810060252804733,3.219101905822754,3.219101905822754,5100
01/12/1994,3.2190998562847275,3.2190998562847275,3.1619560718536377,3.1619560718536377,3.1619560718536377,2600
02/12/1994,3.1619577779027517,3.181005716323853,3.12386190106055,3.1810057163238525,3.1810057163238525,3700
05/12/1994,3.2191009870389613,3.2191009870389613,3.123861312866211,3.123861312866211,3.123861312866211,6900
06/12/1994,3.1238618406859584,3.1238618406859584,3.0286221504211426,3.0286221504211426,3.0286221504211426,22500
07/12/1994,3.047669573528011,3.123861312866211,3.0095737038589108,3.123861312866211,3.123861312866211,173300
08/12/1994,3.161957726922146,3.276245355606079,3.161957726922146,3.276245355606079,3.276245355606079,14800
09/12/1994,3.276245355606079,3.295293293720068,3.2571974174920904,3.276245355606079,3.276245355606079,16500
12/12/1994,3.314340869358608,3.3333888053894043,3.3048169013432096,3.3333888053894043,3.3333888053894043,10900
13/12/1994,3.3333884531192566,3.39053225517273,3.3333884531192566,3.3905322551727295,3.3905322551727295,55400
14/12/1994,3.3714848337226737,3.4095807075500484,3.352436896808986,3.409580707550049,3.409580707550049,76100
15/12/1994,3.4476757049560547,3.4857715690992155,3.4286277728844743,3.4476757049560547,3.4476757049560547,59300
16/12/1994,3.447675273968623,3.504819063039926,3.447675273968623,3.4667232036590576,3.4667232036590576,79000
19/12/1994,3.466723991244027,3.466723991244027,3.39053225517273,3.3905322551727295,3.3905322551727295,61900
20/12/1994,3.4286289379514496,3.4286289379514496,3.2191016139655275,3.3143413066864014,3.3143413066864014,452400
21/12/1994,3.3524371837747506,3.3714851223189255,3.2952933681422265,3.3143413066864014,3.3143413066864014,13900
22/12/1994,3.352436387137081,3.409580189190554,3.352436387137081,3.3905322551727295,3.3905322551727295,4100
23/12/1994,3.3998584747314453,3.3998584747314453,3.3998584747314453,3.3998584747314453,3.3998584747314453,300
27/12/1994,3.380430221557617,3.399857981451626,3.380430221557617,3.380430221557617,3.380430221557617,800
28/12/1994,3.4192848421086026,3.438712596893311,3.4192848421086026,3.4387125968933105,3.4387125968933105,2100
29/12/1994,3.4192867702907987,3.496997833251953,3.4192867702907987,3.496997833251953,3.496997833251953,3700
30/12/1994,3.458142301771376,3.516425598992242,3.458142301771376,3.496997833251953,3.496997833251953,6700
03/01/1995,3.4969958830415533,3.5164236379473395,3.4581403732299805,3.4581403732299805,3.4581403732299805,3900
04/01/1995,3.4581403732299805,3.4581403732299805,3.4581403732299805,3.4581403732299805,3.4581403732299805,900
05/01/1995,3.458140351678019,3.458140351678019,3.438712596893311,3.4387125968933105,3.4387125968933105,7700
06/01/1995,3.438712596893311,3.438712596893311,3.4192848421086026,3.4387125968933105,3.4387125968933105,21400
09/01/1995,3.4192862374441964,3.4192862374441964,3.3804307120186943,3.3998584747314453,3.3998584747314453,21400
10/01/1995,3.380430221557617,3.4192857413456355,3.380430221557617,3.380430221557617,3.380430221557617,4600
11/01/1995,3.361002461663608,3.399857981451626,3.361002461663608,3.380430221557617,3.380430221557617,21200
12/01/1995,3.3998584747314453,3.3998584747314453,3.3804307120186943,3.3998584747314453,3.3998584747314453,3800
13/01/1995,3.3804295469414107,3.41928505897522,3.3804295469414107,3.4192850589752197,3.4192850589752197,18700
16/01/1995,3.4192862374441964,3.4192862374441964,3.3998584747314453,3.3998584747314453,3.3998584747314453,17200
17/01/1995,3.4192862374441964,3.4192862374441964,3.3998584747314453,3.3998584747314453,3.3998584747314453,28800
18/01/1995,3.3998584747314453,3.3998584747314453,3.3804307120186943,3.3998584747314453,3.3998584747314453,3900
19/01/1995,3.3998586369689403,3.3998586369689403,3.283292055130005,3.283292055130005,3.283292055130005,26400
20/01/1995,3.28329184459664,3.3221473693847656,3.28329184459664,3.3221473693847656,3.3221473693847656,13800
23/01/1995,3.3221463960759783,3.3221463960759783,3.3027186393737793,3.3027186393737793,3.3027186393737793,11400
24/01/1995,3.3027186393737793,3.3027186393737793,3.2832908826715808,3.3027186393737793,3.3027186393737793,32200
25/01/1995,3.3027186393737793,3.3221463960759783,3.3027186393737793,3.3027186393737793,3.3027186393737793,23800
26/01/1995,3.3415751317788285,3.3415751317788285,3.3221473693847656,3.3221473693847656,3.3221473693847656,3900
27/01/1995,3.341573476791382,3.361001229563425,3.341573476791382,3.341573476791382,3.341573476791382,5400
30/01/1995,3.3610028941728918,3.3610028941728918,3.3221473693847656,3.3221473693847656,3.3221473693847656,3200
31/01/1995,3.3610017909245062,3.41928505897522,3.3610017909245062,3.4192850589752197,3.4192850589752197,4600
01/02/1995,3.458140571009029,3.458140571009029,3.3998573029583152,3.4192850589752197,3.4192850589752197,13900
02/02/1995,3.399857108512621,3.4581403732299805,3.399857108512621,3.4581403732299805,3.4581403732299805,7400
03/02/1995,3.496997833251953,3.516425598992242,3.496997833251953,3.496997833251953,3.496997833251953,10100
06/02/1995,3.5358531708302707,3.5941364648549454,3.516425406155379,3.5747087001800537,3.5747087001800537,100700
07/02/1995,3.5552809355051624,3.574708700180054,3.5552809355051624,3.5747087001800537,3.5747087001800537,19300
08/02/1995,3.5552809355051624,3.5941364648549454,3.5552809355051624,3.5747087001800537,3.5747087001800537,17100
09/02/1995,3.594133078726263,3.594133078726263,3.5552775859832764,3.5552775859832764,3.5552775859832764,17200
10/02/1995,3.5552775859832764,3.5552775859832764,3.5552775859832764,3.5552775859832764,3.5552775859832764,700
13/02/1995,3.5747053323547697,3.5747053323547697,3.5552775859832764,3.5552775859832764,3.5552775859832764,2300
14/02/1995,3.555279473682026,3.555279473682026,3.516423960308452,3.5358517169952393,3.5358517169952393,25500
15/02/1995,3.574708700180054,3.574708700180054,3.5358531708302707,3.5747087001800537,3.5747087001800537,2300
16/02/1995,3.5552809355051624,3.574708700180054,3.5552809355051624,3.5747087001800537,3.5747087001800537,6200
17/02/1995,3.5552775859832764,3.5552775859832764,3.5552775859832764,3.5552775859832764,3.5552775859832764,1900
21/02/1995,3.5747053323547697,3.5747053323547697,3.5358498396117835,3.5552775859832764,3.5552775859832764,2600
22/02/1995,3.5552775859832764,3.5747053323547697,3.5358498396117835,3.5552775859832764,3.5552775859832764,79800
23/02/1995,3.5552775859832764,3.5552775859832764,3.5552775859832764,3.5552775859832764,3.5552775859832764,27400
24/02/1995,3.555281182881948,3.5941367149353027,3.555281182881948,3.5941367149353027,3.5941367149353027,11900
27/02/1995,3.5747089489086257,3.5941367149353027,3.5747089489086257,3.5941367149353027,3.5941367149353027,20600
28/02/1995,3.594135454346462,3.594135454346462,3.4969966582830443,3.5164244174957275,3.5164244174957275,46500
01/03/1995,3.5358531708302707,3.574708700180054,3.516425406155379,3.5747087001800537,3.5747087001800537,24000
02/03/1995,3.5941367149353027,3.5941367149353027,3.555281182881948,3.5941367149353027,3.5941367149353027,24900
03/03/1995,3.5747089489086257,3.5941367149353027,3.5747089489086257,3.5941367149353027,3.5941367149353027,3100
06/03/1995,3.5747089489086257,3.5941367149353027,3.5747089489086257,3.5941367149353027,3.5941367149353027,3400
07/03/1995,3.5747053323547697,3.5747053323547697,3.5552775859832764,3.5552775859832764,3.5552775859832764,1200
08/03/1995,3.5552775859832764,3.5552775859832764,3.5358498396117835,3.5552775859832764,3.5552775859832764,4700
09/03/1995,3.5552809355051624,3.574708700180054,3.5552809355051624,3.5747087001800537,3.5747087001800537,6000
10/03/1995,3.574708700180054,3.574708700180054,3.574708700180054,3.5747087001800537,3.5747087001800537,3100
13/03/1995,3.5747089489086257,3.5941367149353027,3.5747089489086257,3.5941367149353027,3.5941367149353027,8400
14/03/1995,3.5941364648549454,3.5941364648549454,3.574708700180054,3.5747087001800537,3.5747087001800537,10400
15/03/1995,3.5941364648549454,3.5941364648549454,3.574708700180054,3.5747087001800537,3.5747087001800537,39900
16/03/1995,3.5747089489086257,3.5941367149353027,3.5747089489086257,3.5941367149353027,3.5941367149353027,6600
17/03/1995,3.5941367149353027,3.5941367149353027,3.5747089489086257,3.5941367149353027,3.5941367149353027,10000
20/03/1995,3.5941367149353027,3.5941367149353027,3.5747089489086257,3.5941367149353027,3.5941367149353027,31400
21/03/1995,3.5941367149353027,3.5941367149353027,3.5941367149353027,3.5941367149353027,3.5941367149353027,2000
22/03/1995,3.5941367149353027,3.5941367149353027,3.5747089489086257,3.5941367149353027,3.5941367149353027,24200
23/03/1995,3.5941364648549454,3.5941364648549454,3.574708700180054,3.5747087001800537,3.5747087001800537,32000
24/03/1995,3.594133078726263,3.594133078726263,3.5552775859832764,3.5552775859832764,3.5552775859832764,5100
27/03/1995,3.5861884514490763,3.5861884514490763,3.566375255584717,3.566375255584717,3.566375255584717,1300
28/03/1995,3.5465620597203573,3.566375255584717,3.526748863855998,3.566375255584717,3.566375255584717,17500
29/03/1995,3.5663763504454544,3.606002754339293,3.546563148498535,3.546563148498535,3.546563148498535,11300
30/03/1995,3.526749946551616,3.546563148498535,3.526749946551616,3.546563148498535,3.546563148498535,7900
31/03/1995,3.5465620597203573,3.566375255584717,3.5465620597203573,3.566375255584717,3.566375255584717,20700
03/04/1995,3.566375255584717,3.566375255584717,3.5465620597203573,3.566375255584717,3.566375255584717,16400
04/04/1995,3.5465620597203573,3.566375255584717,3.5465620597203573,3.566375255584717,3.566375255584717,5100
05/04/1995,3.566374589096416,3.566374589096416,3.487121820449829,3.487121820449829,3.487121820449829,23300
06/04/1995,3.5267493462976005,3.546562544872306,3.4276833534240723,3.4276833534240723,3.4276833534240723,11700
07/04/1995,3.407869502637513,3.407869502637513,3.3088035287236317,3.3484299182891846,3.3484299182891846,17900
10/04/1995,3.348428681237357,3.4673078060150146,3.348428681237357,3.4673078060150146,3.4673078060150146,4500
11/04/1995,3.4673078060150146,3.4673078060150146,3.4474946185520716,3.4673078060150146,3.4673078060150146,3000
12/04/1995,3.4673097505734836,3.4673097505734836,3.4276833534240723,3.4276833534240723,3.4276833534240723,52200
13/04/1995,3.4276833534240723,3.4276833534240723,3.388056956274661,3.4276833534240723,3.4276833534240723,31600
17/04/1995,3.427684211453726,3.427684211453726,3.4078710079193115,3.4078710079193115,3.4078710079193115,6300
18/04/1995,3.407870090709013,3.407870090709013,3.36824369430542,3.36824369430542,3.36824369430542,700
19/04/1995,3.388057947158814,3.388057947158814,3.388057947158814,3.3880579471588135,3.3880579471588135,2300
20/04/1995,3.388057947158814,3.4078711515281634,3.388057947158814,3.3880579471588135,3.3880579471588135,19300
21/04/1995,3.388057947158814,3.4078711515281634,3.368244742789464,3.3880579471588135,3.3880579471588135,24400
24/04/1995,3.368244742789464,3.388057947158814,3.368244742789464,3.3880579471588135,3.3880579471588135,15600
25/04/1995,3.388057804384897,3.4078710079193115,3.388057804384897,3.4078710079193115,3.4078710079193115,16500
26/04/1995,3.3682437576999553,3.4276833534240723,3.3682437576999553,3.4276833534240723,3.4276833534240723,18100
27/04/1995,3.4276833534240723,3.4276833534240723,3.4078701548493666,3.4276833534240723,3.4276833534240723,13600
28/04/1995,3.4078711515281634,3.4078711515281634,3.388057947158814,3.3880579471588135,3.3880579471588135,5500
01/05/1995,3.388057947158814,3.467310764636213,3.388057947158814,3.3880579471588135,3.3880579471588135,5300
02/05/1995,3.4276833534240723,3.447496551998778,3.4078701548493666,3.4276833534240723,3.4276833534240723,162900
03/05/1995,3.4474985599517822,3.4474985599517822,3.4276853498371165,3.4474985599517822,3.4474985599517822,44700
04/05/1995,3.467307993061635,3.6060003127841003,3.467307993061635,3.5861871242523193,3.5861871242523193,38800
05/05/1995,3.625815254190694,3.645628452301026,3.6060020560803623,3.6456284523010254,3.6456284523010254,21500
08/05/1995,3.6456286522649948,3.6852550506591797,3.6456286522649948,3.6852550506591797,3.6852550506591797,10500
09/05/1995,3.6852522956000437,3.7446918487548833,3.6852522956000437,3.744691848754883,3.744691848754883,127300
10/05/1995,3.7446938602547895,3.7645070552825928,3.7446938602547895,3.7645070552825928,3.7645070552825928,15700
11/05/1995,3.7446948492780643,3.764508049538795,3.724881649017334,3.724881649017334,3.724881649017334,1900
12/05/1995,3.685255248495873,3.764508049538795,3.685255248495873,3.724881649017334,3.724881649017334,10800
15/05/1995,3.7248798717151987,3.7645062533291904,3.6852534901012075,3.705066680908203,3.705066680908203,55300
16/05/1995,3.705068249856272,3.705068249856272,3.6060022538708103,3.6852550506591797,3.6852550506591797,6800
17/05/1995,3.685255248495873,3.7446948492780643,3.685255248495873,3.724881649017334,3.724881649017334,28600
18/05/1995,3.7050668718927193,3.7843196392059326,3.7050668718927193,3.7843196392059326,3.7843196392059326,29600
19/05/1995,3.784320931881666,3.8239473290741444,3.784320931881666,3.8041341304779053,3.8041341304779053,169600
22/05/1995,3.8041344677228386,3.8239476680755615,3.8041344677228386,3.8239476680755615,3.8239476680755615,14700
23/05/1995,3.8239473290741444,3.8239473290741444,3.8041341304779053,3.8041341304779053,3.8041341304779053,19400
24/05/1995,3.8239473290741444,3.8239473290741444,3.8041341304779053,3.8041341304779053,3.8041341304779053,43000
25/05/1995,3.8239473290741444,3.8437605276703835,3.8041341304779053,3.8041341304779053,3.8041341304779053,60000
26/05/1995,3.8041344677228386,3.8239476680755615,3.8041344677228386,3.8239476680755615,3.8239476680755615,19200
30/05/1995,3.8239473290741444,3.8239473290741444,3.8041341304779053,3.8041341304779053,3.8041341304779053,31100
31/05/1995,3.8239460228625393,3.8239460228625393,3.7843196392059326,3.7843196392059326,3.7843196392059326,60700
01/06/1995,3.784320931881666,3.8239473290741444,3.784320931881666,3.8041341304779053,3.8041341304779053,31700
02/06/1995,3.8041326561752635,3.8833854198455815,3.8041326561752635,3.883385419845581,3.883385419845581,20600
05/06/1995,3.9230121759267957,3.942825368734507,3.8635725975036626,3.863572597503662,3.863572597503662,14300
06/06/1995,3.8833857903113733,3.8833857903113733,3.82394621188824,3.863572597503662,3.863572597503662,2900
07/06/1995,3.9031986107631607,3.9031986107631607,3.863572228928002,3.883385419845581,3.883385419845581,14700
08/06/1995,3.843760868428285,3.863574068781008,3.8239476680755615,3.8239476680755615,3.8239476680755615,32900
09/06/1995,3.8437592146908424,3.8437592146908424,3.7843196392059326,3.7843196392059326,3.7843196392059326,17000
12/06/1995,3.7645064473776295,3.7843196392059326,3.7645064473776295,3.7843196392059326,3.7843196392059326,5500
13/06/1995,3.8041341304779053,3.8239473290741444,3.8041341304779053,3.8041341304779053,3.8041341304779053,9700
14/06/1995,3.8239476680755615,3.8239476680755615,3.8041344677228386,3.8239476680755615,3.8239476680755615,5300
15/06/1995,3.8239476680755615,3.8239476680755615,3.8041344677228386,3.8239476680755615,3.8239476680755615,10800
16/06/1995,3.8239451573067105,3.8437583446502686,3.8239451573067105,3.8437583446502686,3.8437583446502686,34900
19/06/1995,3.843758549353089,3.923011302947998,3.843758549353089,3.923011302947998,3.923011302947998,13500
20/06/1995,3.9626376797454523,3.9626376797454523,3.9031981145492707,3.923011302947998,3.923011302947998,20300
21/06/1995,3.9230135878935686,3.9230135878935686,3.8833871880158557,3.903200387954712,3.903200387954712,8800
22/06/1995,3.9031981145492707,3.923011302947998,3.8833849261505433,3.923011302947998,3.923011302947998,54400
23/06/1995,3.9230135878935686,3.942826787832425,3.903200387954712,3.903200387954712,3.903200387954712,65100
26/06/1995,3.923011302947998,3.923011302947998,3.9031981145492707,3.923011302947998,3.923011302947998,14000
27/06/1995,3.942824491346725,3.942824491346725,3.9031981145492707,3.923011302947998,3.923011302947998,6000
28/06/1995,3.923013174533844,3.962639570236206,3.9031999766826626,3.962639570236206,3.962639570236206,18200
29/06/1995,3.9230135878935686,3.942826787832425,3.8833871880158557,3.903200387954712,3.903200387954712,30500
30/06/1995,3.8833867788314818,3.962639570236206,3.8833867788314818,3.962639570236206,3.962639570236206,28600
03/07/1995,3.962639570236206,3.962639570236206,3.923013174533844,3.962639570236206,3.962639570236206,7700
05/07/1995,4.014279365539551,4.03445162365784,3.953762591184683,4.014279365539551,4.014279365539551,32300
06/07/1995,4.034452727346709,4.034452727346709,3.994108200073242,3.994108200073242,3.994108200073242,11200
07/07/1995,3.9739359364365088,3.994108200073242,3.9537636727997754,3.994108200073242,3.994108200073242,85800
10/07/1995,3.994108200073242,3.994108200073242,3.9739359364365088,3.994108200073242,3.994108200073242,18600
11/07/1995,3.9739348493029722,4.014279365539551,3.9739348493029722,4.014279365539551,4.014279365539551,3100
12/07/1995,4.014279365539551,4.014279365539551,3.9941071074212617,4.014279365539551,4.014279365539551,6700
13/07/1995,4.014279365539551,4.014279365539551,4.014279365539551,4.014279365539551,4.014279365539551,27400
14/07/1995,3.973935127258301,4.01427964631676,3.973935127258301,3.973935127258301,3.973935127258301,2800
17/07/1995,4.014280463709976,4.014280463709976,3.9739359364365088,3.994108200073242,3.994108200073242,17900
18/07/1995,3.9941071074212617,4.014279365539551,3.9739348493029722,4.014279365539551,4.014279365539551,5100
19/07/1995,4.014280463709976,4.014280463709976,3.9739359364365088,3.994108200073242,3.994108200073242,700
20/07/1995,4.014279365539551,4.014279365539551,4.014279365539551,4.014279365539551,4.014279365539551,2300
21/07/1995,4.01427964631676,4.01427964631676,3.973935127258301,3.973935127258301,3.973935127258301,20800
24/07/1995,3.9941073867875305,4.01427964631676,3.973935127258301,3.973935127258301,3.973935127258301,10100
25/07/1995,3.953762570607293,3.953762570607293,3.9134180545806885,3.9134180545806885,3.9134180545806885,15700
26/07/1995,3.893246089141381,3.973935127258301,3.893246089141381,3.973935127258301,3.973935127258301,2500
27/07/1995,3.9739359364365088,4.014280463709976,3.9739359364365088,3.994108200073242,3.994108200073242,1400
28/07/1995,4.014279365539551,4.014279365539551,4.014279365539551,4.014279365539551,4.014279365539551,800
31/07/1995,4.014279365539551,4.014279365539551,4.014279365539551,4.014279365539551,4.014279365539551,700
01/08/1995,4.014280463709976,4.014280463709976,3.994108200073242,3.994108200073242,3.994108200073242,13500
02/08/1995,4.014282073974609,4.034454345703125,3.994109802246094,4.034454345703125,4.034454345703125,11900
03/08/1995,4.034454345703125,4.034454345703125,4.014282073974609,4.034454345703125,4.034454345703125,12400
04/08/1995,4.034454345703125,4.034454345703125,4.014282073974609,4.034454345703125,4.034454345703125,2300
07/08/1995,4.014279365539551,4.03445162365784,4.014279365539551,4.014279365539551,4.014279365539551,1600
08/08/1995,4.014282073974609,4.034454345703125,4.014282073974609,4.034454345703125,4.034454345703125,2600
09/08/1995,4.034452727346709,4.034452727346709,3.994108200073242,3.994108200073242,3.994108200073242,43300
10/08/1995,4.014279365539551,4.03445162365784,3.9941071074212617,4.014279365539551,4.014279365539551,17500
11/08/1995,4.03445162365784,4.03445162365784,4.014279365539551,4.014279365539551,4.014279365539551,2900
14/08/1995,4.014282073974609,4.034454345703125,4.014282073974609,4.034454345703125,4.034454345703125,12900
15/08/1995,4.034452770479876,4.054625034332275,4.034452770479876,4.054625034332275,4.054625034332275,1300
16/08/1995,4.054624990983443,4.054624990983443,3.994108200073242,3.994108200073242,3.994108200073242,36900
17/08/1995,3.9537628677290706,3.9941073867875305,3.9537628677290706,3.973935127258301,3.973935127258301,5000
18/08/1995,3.973935127258301,3.9941073867875305,3.973935127258301,3.973935127258301,3.973935127258301,1800
21/08/1995,3.9537636727997754,3.994108200073242,3.9537636727997754,3.994108200073242,3.994108200073242,33100
22/08/1995,3.953763961791992,3.973936226903176,3.953763961791992,3.953763961791992,3.953763961791992,9300
23/08/1995,3.953763961791992,3.973936226903176,3.953763961791992,3.953763961791992,3.953763961791992,39000
24/08/1995,3.9335916966808084,3.953763961791992,3.9335916966808084,3.953763961791992,3.953763961791992,2100
25/08/1995,3.9941079139709474,3.9941079139709474,3.9335911273956303,3.93359112739563,3.93359112739563,2000
28/08/1995,3.973935127258301,3.9941073867875305,3.973935127258301,3.973935127258301,3.973935127258301,2500
29/08/1995,3.994108200073242,4.014280463709976,3.994108200073242,3.994108200073242,3.994108200073242,13700
30/08/1995,3.9941073867875305,4.034451905845991,3.973935127258301,3.973935127258301,3.973935127258301,8300
31/08/1995,4.014280506627476,4.054625034332275,3.994108242775077,4.054625034332275,4.054625034332275,24600
01/09/1995,4.014282073974609,4.034454345703125,4.014282073974609,4.034454345703125,4.034454345703125,12100
05/09/1995,4.034452770479876,4.054625034332275,4.034452770479876,4.054625034332275,4.054625034332275,21300
06/09/1995,4.054623881776129,4.054623881776129,4.014279365539551,4.014279365539551,4.014279365539551,17700
07/09/1995,3.994110437903074,4.074799537658691,3.994110437903074,4.074799537658691,4.074799537658691,75500
08/09/1995,4.074799537658691,4.074799537658691,4.074799537658691,4.074799537658691,4.074799537658691,1900
11/09/1995,4.074799537658691,4.074799537658691,4.074799537658691,4.074799537658691,4.074799537658691,23400
12/09/1995,4.054627262719787,4.074799537658691,4.054627262719787,4.074799537658691,4.074799537658691,2300
13/09/1995,4.074799537658691,4.094971812597596,4.074799537658691,4.074799537658691,4.074799537658691,32900
14/09/1995,4.094969604529586,4.155486396714753,4.074797340467865,4.115141868591309,4.115141868591309,16700
15/09/1995,4.135314132653031,4.135314132653031,4.115141868591309,4.115141868591309,4.115141868591309,15000
18/09/1995,4.115141825889474,4.135314089741873,4.054625034332275,4.054625034332275,4.054625034332275,13100
19/09/1995,4.034454987780882,4.094971812597596,4.034454987780882,4.074799537658691,4.074799537658691,5200
20/09/1995,4.115141868591309,4.115141868591309,4.115141868591309,4.115141868591309,4.115141868591309,2000
21/09/1995,4.1151410558540835,4.1151410558540835,4.094968795776367,4.094968795776367,4.094968795776367,5700
22/09/1995,4.135314318740252,4.155486583709717,4.094969788801323,4.155486583709717,4.155486583709717,13900
25/09/1995,4.1554854895181705,4.19583000883388,4.11514097020246,4.175657749176025,4.175657749176025,22100
26/09/1995,4.175659032968374,4.195831298828125,4.175659032968374,4.195831298828125,4.195831298828125,8600
27/09/1995,4.155488167739496,4.155488167739496,4.115143622421637,4.135315895080566,4.135315895080566,8100
28/09/1995,4.135315895080566,4.135315895080566,4.094971349762707,4.135315895080566,4.135315895080566,2600
29/09/1995,4.135314501248874,4.195831298828125,4.135314501248874,4.195831298828125,4.195831298828125,24600
02/10/1995,4.195831298828125,4.195831298828125,4.155486767108624,4.195831298828125,4.195831298828125,2800
03/10/1995,4.195830924838197,4.195830924838197,4.115141868591309,4.115141868591309,4.115141868591309,28800
04/10/1995,4.147169592392505,4.147169592392505,4.044516879709522,4.085577964782715,4.085577964782715,32500
05/10/1995,4.085577964782715,4.085577964782715,4.044516879709522,4.085577964782715,4.085577964782715,3600
06/10/1995,4.085577326591569,4.085577326591569,4.065046787261963,4.065046787261963,4.065046787261963,2018400
09/10/1995,4.065049021377177,4.065049021377177,4.04451847076416,4.04451847076416,4.04451847076416,10400
10/10/1995,4.023985708602751,4.065046787261963,4.023985708602751,4.065046787261963,4.065046787261963,38500
11/10/1995,4.085577333744485,4.126638412475586,4.085577333744485,4.126638412475586,4.126638412475586,4100
12/10/1995,4.12663920879364,4.147169752120972,4.106108665466309,4.106108665466309,4.106108665466309,7400
13/10/1995,4.147170543670654,4.147170543670654,4.147170543670654,4.147170543670654,4.147170543670654,3400
16/10/1995,4.147168798399676,4.167699337005615,4.147168798399676,4.167699337005615,4.167699337005615,35400
17/10/1995,4.167699491206686,4.167699491206686,4.126638412475586,4.126638412475586,4.126638412475586,3000
18/10/1995,4.147168944580387,4.147168944580387,4.065046787261963,4.065046787261963,4.065046787261963,16900
19/10/1995,4.085577326591569,4.085577326591569,4.044516247932357,4.065046787261963,4.065046787261963,18500
20/10/1995,4.085578122138977,4.106108665466309,4.065047578811646,4.106108665466309,4.106108665466309,2300
23/10/1995,4.106108507319312,4.126639049855908,4.065047422246119,4.085577964782715,4.085577964782715,3200
24/10/1995,4.065046794378935,4.126638412475586,4.065046794378935,4.126638412475586,4.126638412475586,85100
25/10/1995,4.12663920879364,4.12663920879364,4.106108665466309,4.106108665466309,4.106108665466309,12000
26/10/1995,4.126638412475586,4.126638412475586,4.1061078731100356,4.126638412475586,4.126638412475586,44300
27/10/1995,4.1061078731100356,4.126638412475586,4.1061078731100356,4.126638412475586,4.126638412475586,29000
30/10/1995,4.167699491206686,4.167699491206686,4.126638412475586,4.126638412475586,4.126638412475586,8900
31/10/1995,4.167700134929102,4.167700134929102,4.085577964782715,4.085577964782715,4.085577964782715,3500
01/11/1995,4.085577964782715,4.106108507319312,4.085577964782715,4.085577964782715,4.085577964782715,39000
02/11/1995,4.065047422246119,4.085577964782715,4.065047422246119,4.085577964782715,4.085577964782715,11300
03/11/1995,4.106109449178866,4.147170543670654,4.106109449178866,4.147170543670654,4.147170543670654,4200
06/11/1995,4.147168951841135,4.147168951841135,4.126638412475586,4.126638412475586,4.126638412475586,5000
07/11/1995,4.106108665466309,4.106108665466309,4.085578122138977,4.106108665466309,4.106108665466309,7400
08/11/1995,4.106108665466309,4.106108665466309,4.085578122138977,4.106108665466309,4.106108665466309,2900
09/11/1995,4.106108665466309,4.106108665466309,4.085578122138977,4.106108665466309,4.106108665466309,60200
10/11/1995,4.065049021377177,4.085579571990192,4.04451847076416,4.04451847076416,4.04451847076416,5900
13/11/1995,4.085578122138977,4.12663920879364,4.085578122138977,4.106108665466309,4.106108665466309,52400
14/11/1995,4.12663999642476,4.147170543670654,4.106109449178866,4.147170543670654,4.147170543670654,27600
15/11/1995,4.147168014563766,4.188229084014893,4.1266374798382035,4.188229084014893,4.188229084014893,12200
16/11/1995,4.167699337005615,4.188229875611555,4.126638259793737,4.167699337005615,4.167699337005615,10000
17/11/1995,4.147168951841135,4.147168951841135,4.1061078731100356,4.126638412475586,4.126638412475586,12700
20/11/1995,4.12663999642476,4.167701090916549,4.12663999642476,4.147170543670654,4.147170543670654,8100
21/11/1995,4.167699337005615,4.167699337005615,4.126638259793737,4.167699337005615,4.167699337005615,8000
22/11/1995,4.12663999642476,4.147170543670654,4.12663999642476,4.147170543670654,4.147170543670654,2800
24/11/1995,4.167699337005615,4.167699337005615,4.167699337005615,4.167699337005615,4.167699337005615,4300
27/11/1995,4.167698549289329,4.188229084014893,4.147168014563766,4.188229084014893,4.188229084014893,42400
28/11/1995,4.167698406478733,4.229290008544922,4.167698406478733,4.229290008544922,4.229290008544922,12800
29/11/1995,4.188230030572236,4.208760569937787,4.126638412475586,4.126638412475586,4.126638412475586,128800
30/11/1995,4.147169752120972,4.147169752120972,4.106108665466309,4.106108665466309,4.106108665466309,21300
01/12/1995,4.12663999642476,4.147170543670654,4.106109449178866,4.147170543670654,4.147170543670654,35500
04/12/1995,4.12663999642476,4.147170543670654,4.106109449178866,4.147170543670654,4.147170543670654,8100
05/12/1995,4.167700130183522,4.22929175772318,4.167700130183522,4.208761215209961,4.208761215209961,16400
06/12/1995,4.208760414217493,4.208760414217493,4.167699337005615,4.167699337005615,4.167699337005615,36100
07/12/1995,4.188229084014893,4.188229084014893,4.188229084014893,4.188229084014893,4.188229084014893,1700
08/12/1995,4.188229084014893,4.188229084014893,4.188229084014893,4.188229084014893,4.188229084014893,3300
11/12/1995,4.188230672696741,4.208761215209961,4.188230672696741,4.208761215209961,4.208761215209961,19100
12/12/1995,4.208759474522859,4.249820542566984,4.188228940500796,4.229290008544922,4.229290008544922,20200
13/12/1995,4.229290153466019,4.229290153466019,4.188229084014893,4.188229084014893,4.188229084014893,29300
14/12/1995,4.188230672696741,4.208761215209961,4.188230672696741,4.208761215209961,4.208761215209961,7300
15/12/1995,4.229292072535713,4.249822616577148,4.229292072535713,4.249822616577148,4.249822616577148,95900
18/12/1995,4.229289866410769,4.270350933074951,4.229289866410769,4.270350933074951,4.270350933074951,11200
19/12/1995,4.249820565492913,4.290881633758545,4.249820565492913,4.290881633758545,4.290881633758545,12100
20/12/1995,4.311412144633173,4.311412144633173,4.229290008544922,4.229290008544922,4.229290008544922,51300
21/12/1995,4.208761215209961,4.22929175772318,4.208761215209961,4.208761215209961,4.208761215209961,14900
22/12/1995,4.229289866410769,4.270350933074951,4.208759333078678,4.270350933074951,4.270350933074951,5800
26/12/1995,4.270351099625729,4.311412167891361,4.270351099625729,4.290881633758545,4.290881633758545,14000
27/12/1995,4.290883223215738,4.311413764953613,4.270352681477864,4.311413764953613,4.311413764953613,24600
28/12/1995,4.311413764953613,4.311413764953613,4.290883223215738,4.311413764953613,4.311413764953613,1000
29/12/1995,4.311413448568769,4.331943988800049,4.311413448568769,4.331943988800049,4.331943988800049,27400
02/01/1996,4.331944148495512,4.352474689483643,4.311413607507382,4.352474689483643,4.352474689483643,12800
03/01/1996,4.311413448568769,4.331943988800049,4.311413448568769,4.331943988800049,4.331943988800049,7600
04/01/1996,4.36452054977417,4.385403423218065,4.36452054977417,4.36452054977417,4.36452054977417,38300
05/01/1996,4.385403423218065,4.385403423218065,4.3227548028863785,4.36452054977417,4.36452054977417,75900
08/01/1996,4.38540506362915,4.406287944884527,4.38540506362915,4.38540506362915,4.38540506362915,5700
09/01/1996,4.3436393011183965,4.38540506362915,4.32275641986302,4.38540506362915,4.38540506362915,74600
10/01/1996,4.38540506362915,4.38540506362915,4.38540506362915,4.38540506362915,4.38540506362915,61300
11/01/1996,4.385404448578323,4.42717020523145,4.322755813598633,4.322755813598633,4.322755813598633,64200
12/01/1996,4.322755543085245,4.3436384201049805,4.301872666065509,4.3436384201049805,4.3436384201049805,32400
15/01/1996,4.322755881053645,4.343638759706079,4.260107245096346,4.280990123748779,4.280990123748779,13200
16/01/1996,4.280989228798251,4.3227549773718925,4.239223480224609,4.239223480224609,4.239223480224609,26400
17/01/1996,4.2183427810668945,4.260108551176468,4.2183427810668945,4.2183427810668945,4.2183427810668945,54800
18/01/1996,4.176575529809091,4.260107040405273,4.176575529809091,4.260107040405273,4.260107040405273,48000
19/01/1996,4.260106031177113,4.3018717765808105,4.260106031177113,4.3018717765808105,4.3018717765808105,32400
22/01/1996,4.301872666065509,4.3436384201049805,4.301872666065509,4.3436384201049805,4.3436384201049805,2400
23/01/1996,4.343639500333235,4.406288146972656,4.322756618120095,4.406288146972656,4.406288146972656,21800
24/01/1996,4.406287944884527,4.406287944884527,4.364522182373773,4.38540506362915,4.38540506362915,25200
25/01/1996,4.38540506362915,4.38540506362915,4.364522182373773,4.38540506362915,4.38540506362915,6000
26/01/1996,4.385403423218065,4.385403423218065,4.36452054977417,4.36452054977417,4.36452054977417,3000
29/01/1996,4.364522382546375,4.427171029185797,4.364522382546375,4.406288146972656,4.406288146972656,12300
30/01/1996,4.406287600736663,4.448053359985352,4.385404721112319,4.448053359985352,4.448053359985352,21900
31/01/1996,4.489818648858504,4.59423303604126,4.489818648858504,4.59423303604126,4.59423303604126,46300
01/02/1996,4.573349744901744,4.573349744901744,4.552466869354248,4.552466869354248,4.552466869354248,31000
02/02/1996,4.552467954644251,4.677765237799598,4.552467954644251,4.615116596221924,4.615116596221924,41200
05/02/1996,4.635999476747815,4.635999476747815,4.594233715696033,4.615116596221924,4.615116596221924,8600
06/02/1996,4.615114743306757,4.615114743306757,4.5733489990234375,4.5733489990234375,4.5733489990234375,57200
07/02/1996,4.573349744901744,4.573349744901744,4.510701118259255,4.552466869354248,4.552466869354248,29100
08/02/1996,4.531583254740118,4.5733489990234375,4.510700382598459,4.5733489990234375,4.5733489990234375,10500
09/02/1996,4.531583993806751,4.552466869354248,4.531583993806751,4.552466869354248,4.552466869354248,5900
12/02/1996,4.552466869354248,4.552466869354248,4.552466869354248,4.552466869354248,4.552466869354248,1800
13/02/1996,4.5107011795043945,4.531584055335434,4.468935427842317,4.5107011795043945,4.5107011795043945,14900
14/02/1996,4.552466181566088,4.552466181566088,4.468934691996068,4.531583309173584,4.531583309173584,16900
15/02/1996,4.531583150970602,4.531583150970602,4.468934535980225,4.468934535980225,4.468934535980225,12200
16/02/1996,4.468935695914335,4.489818572998047,4.468935695914335,4.489818572998047,4.489818572998047,5400
20/02/1996,4.510701998858385,4.510701998858385,4.448053359985352,4.448053359985352,4.448053359985352,15500
21/02/1996,4.4689367936120785,4.4689367936120785,4.406288146972656,4.406288146972656,4.406288146972656,46900
22/02/1996,4.38540506362915,4.406287944884527,4.364522182373773,4.38540506362915,4.38540506362915,11200
23/02/1996,4.385404046976341,4.4271697998046875,4.301872541319649,4.4271697998046875,4.4271697998046875,42500
26/02/1996,4.406286800349201,4.5107011795043945,4.406286800349201,4.5107011795043945,4.5107011795043945,33900
27/02/1996,4.510700279307143,4.531583150970602,4.468934535980225,4.468934535980225,4.468934535980225,4300
28/02/1996,4.468935427842317,4.531584055335434,4.468935427842317,4.5107011795043945,4.5107011795043945,103100
29/02/1996,4.5107014500817595,4.5107014500817595,4.489818572998047,4.489818572998047,4.489818572998047,66100
01/03/1996,4.5107011795043945,4.5107011795043945,4.489818303673356,4.5107011795043945,4.5107011795043945,8600
04/03/1996,4.489818429047207,4.489818429047207,4.406286923390515,4.4271697998046875,4.4271697998046875,16500
05/03/1996,4.448053359985352,4.448053359985352,4.406287600736663,4.448053359985352,4.448053359985352,4400
06/03/1996,4.489818429047207,4.489818429047207,4.4271697998046875,4.4271697998046875,4.4271697998046875,6300
07/03/1996,4.427169941746912,4.5107014500817595,4.427169941746912,4.489818572998047,4.489818572998047,24400
08/03/1996,4.468936239609696,4.48981911923404,4.448053359985352,4.448053359985352,4.448053359985352,9700
11/03/1996,4.448053359985352,4.448053359985352,4.448053359985352,4.448053359985352,4.448053359985352,2100
12/03/1996,4.468935427842317,4.5107011795043945,4.468935427842317,4.5107011795043945,4.5107011795043945,9500
13/03/1996,4.5107014500817595,4.5107014500817595,4.468935695914335,4.489818572998047,4.489818572998047,19100
14/03/1996,4.482170581817627,4.503413096423397,4.460928067211856,4.482170581817627,4.482170581817627,9100
15/03/1996,4.4821720030701275,4.503414524411692,4.375959396362305,4.375959396362305,4.375959396362305,31300
18/03/1996,4.3972005233945435,4.482170581817627,4.3972005233945435,4.482170581817627,4.482170581817627,7300
19/03/1996,4.5034118795618765,4.524654388427734,4.5034118795618765,4.524654388427734,4.524654388427734,15300
20/03/1996,4.5034118795618765,4.524654388427734,4.482169370696019,4.524654388427734,4.524654388427734,13300
21/03/1996,4.567140887636658,4.673353466418905,4.567140887636658,4.630868434906006,4.630868434906006,27400
22/03/1996,4.652109775278303,4.652109775278303,4.588382244110107,4.588382244110107,4.588382244110107,13100
25/03/1996,4.567141432628453,4.567141432628453,4.545898914337158,4.545898914337158,4.545898914337158,2000
26/03/1996,4.54589722333131,4.630867264888905,4.54589722333131,4.588382244110107,4.588382244110107,55200
27/03/1996,4.588384250342021,4.609626770019531,4.567141730664512,4.609626770019531,4.609626770019531,18700
28/03/1996,4.63086928969704,4.63086928969704,4.588384250342021,4.609626770019531,4.609626770019531,8000
29/03/1996,4.630868434906006,4.652110950662456,4.630868434906006,4.630868434906006,4.630868434906006,4200
01/04/1996,4.630868184058022,4.630868184058022,4.460928067211856,4.482170581817627,4.482170581817627,26000
02/04/1996,4.439685821533203,4.460928337425706,4.439685821533203,4.439685821533203,4.439685821533203,1365900
03/04/1996,4.439685821533203,4.460928337425706,4.439685821533203,4.439685821533203,4.439685821533203,281300
04/04/1996,4.460928337425706,4.48217085331821,4.439685821533203,4.439685821533203,4.439685821533203,95700
08/04/1996,4.418444439045434,4.418444439045434,4.375959396362305,4.375959396362305,4.375959396362305,189100
09/04/1996,4.375958236993528,4.397200752707088,4.333473205566406,4.333473205566406,4.333473205566406,63900
10/04/1996,4.312230962337834,4.333473479393685,4.290988445281982,4.290988445281982,4.290988445281982,58900
11/04/1996,4.290988445281982,4.375958513505388,4.290988445281982,4.290988445281982,4.290988445281982,151800
12/04/1996,4.269745928226131,4.290988445281982,4.2485034111702795,4.290988445281982,4.290988445281982,93800
15/04/1996,4.290987597310484,4.33347262302643,4.227260058736566,4.312230110168457,4.312230110168457,29100
16/04/1996,4.290987597310484,4.354715135884402,4.290987597310484,4.312230110168457,4.312230110168457,68200
17/04/1996,4.312230726178183,4.439685821533203,4.312230726178183,4.439685821533203,4.439685821533203,103000
18/04/1996,4.418443099312161,4.4396856142127,4.375958069511082,4.397200584411621,4.397200584411621,27800
19/04/1996,4.375959116678971,4.4184441566467285,4.375959116678971,4.4184441566467285,4.4184441566467285,13500
22/04/1996,4.418443099312161,4.4396856142127,4.397200584411621,4.397200584411621,4.397200584411621,20500
23/04/1996,4.4184441566467285,4.439686676630607,4.354716596695092,4.4184441566467285,4.4184441566467285,29700
24/04/1996,4.439685449146089,4.460927963256836,4.439685449146089,4.460927963256836,4.460927963256836,61800
25/04/1996,4.439686676630607,4.460929196614485,4.3972016366628495,4.4184441566467285,4.4184441566467285,43400
26/04/1996,4.4184441566467285,4.439686676630607,4.3972016366628495,4.4184441566467285,4.4184441566467285,24300
29/04/1996,4.397200584411621,4.418443099312161,4.397200584411621,4.397200584411621,4.397200584411621,45300
30/04/1996,4.418443305640699,4.439685821533203,4.397200789748196,4.439685821533203,4.439685821533203,41100
01/05/1996,4.439686676630607,4.439686676630607,4.4184441566467285,4.4184441566467285,4.4184441566467285,23800
02/05/1996,4.418442935035342,4.460927963256836,4.418442935035342,4.460927963256836,4.460927963256836,34200
03/05/1996,4.4184441566467285,4.439686676630607,4.4184441566467285,4.4184441566467285,4.4184441566467285,16000
06/05/1996,4.439685821533203,4.439685821533203,4.418443305640699,4.439685821533203,4.439685821533203,10600
07/05/1996,4.460927963256836,4.460927963256836,4.439685449146089,4.460927963256836,4.460927963256836,43900
08/05/1996,4.439685449146089,4.482170477367583,4.439685449146089,4.460927963256836,4.460927963256836,32400
09/05/1996,4.482170477367583,4.482170477367583,4.439685449146089,4.460927963256836,4.460927963256836,26500
10/05/1996,4.460927963256836,4.460927963256836,4.439685449146089,4.460927963256836,4.460927963256836,30500
13/05/1996,4.439688475626819,4.503416061401367,4.439688475626819,4.503416061401367,4.503416061401367,25200
14/05/1996,4.48217085331821,4.503413369210713,4.439685821533203,4.439685821533203,4.439685821533203,21700
15/05/1996,4.439685552606085,4.482170581817627,4.439685552606085,4.482170581817627,4.482170581817627,5700
16/05/1996,4.482170581817627,4.503413096423397,4.460928067211856,4.482170581817627,4.482170581817627,23400
17/05/1996,4.482173532809851,4.503416061401367,4.460931004218335,4.503416061401367,4.503416061401367,16600
20/05/1996,4.482173532809851,4.524658589992883,4.482173532809851,4.503416061401367,4.503416061401367,46300
21/05/1996,4.5034118795618765,4.524654388427734,4.5034118795618765,4.524654388427734,4.524654388427734,50900
22/05/1996,4.545896897293592,4.545896897293592,4.5034118795618765,4.524654388427734,4.524654388427734,27700
23/05/1996,4.524654388427734,4.524654388427734,4.5034118795618765,4.524654388427734,4.524654388427734,15300
24/05/1996,4.503416061401367,4.524658589992883,4.503416061401367,4.503416061401367,4.503416061401367,13100
28/05/1996,4.503416061401367,4.524658589992883,4.503416061401367,4.503416061401367,4.503416061401367,30200
29/05/1996,4.524654388427734,4.524654388427734,4.5034118795618765,4.524654388427734,4.524654388427734,14700
30/05/1996,4.524655611029169,4.524655611029169,4.482170581817627,4.482170581817627,4.482170581817627,12000
31/05/1996,4.503413877754568,4.545898914337158,4.503413877754568,4.545898914337158,4.545898914337158,27200
03/06/1996,4.54589722333131,4.588382244110107,4.5034122025525125,4.588382244110107,4.588382244110107,34800
04/06/1996,4.545898064901662,4.588383093545604,4.524655550579692,4.567140579223633,4.567140579223633,32300
05/06/1996,4.588383093545604,4.599004350706588,4.567140579223633,4.567140579223633,4.567140579223633,21800
06/06/1996,4.588383950919749,4.588383950919749,4.545898914337158,4.545898914337158,4.545898914337158,20300
07/06/1996,4.54589722333131,4.609624754499506,4.54589722333131,4.588382244110107,4.588382244110107,15300
10/06/1996,4.545896897293592,4.56713940615945,4.5034118795618765,4.524654388427734,4.524654388427734,36200
11/06/1996,4.503413036257721,4.567140579223633,4.503413036257721,4.567140579223633,4.567140579223633,18500
12/06/1996,4.567143647175914,4.567143647175914,4.503416061401367,4.503416061401367,4.503416061401367,12900
13/06/1996,4.524656396045863,4.545898914337158,4.503413877754568,4.545898914337158,4.545898914337158,5900
14/06/1996,4.524656419884669,4.652111530303955,4.524656419884669,4.652111530303955,4.652111530303955,25800
17/06/1996,4.6096256078675735,4.652110636511514,4.567140579223633,4.567140579223633,4.567140579223633,16300
18/06/1996,4.6096256078675735,4.6096256078675735,4.567140579223633,4.567140579223633,4.567140579223633,7500
19/06/1996,4.567140579223633,4.588383093545604,4.567140579223633,4.567140579223633,4.567140579223633,6000
20/06/1996,4.567139733720708,4.630867264888905,4.567139733720708,4.588382244110107,4.588382244110107,43400
21/06/1996,4.630869011900741,4.652111530303955,4.609626493497527,4.652111530303955,4.652111530303955,11100
24/06/1996,4.652110950662456,4.652110950662456,4.609625919149557,4.630868434906006,4.630868434906006,31700
25/06/1996,4.63086928969704,4.63086928969704,4.588384250342021,4.609626770019531,4.609626770019531,13400
26/06/1996,4.645057103344213,4.645057103344213,4.580242353064992,4.623452186584473,4.623452186584473,12500
27/06/1996,4.645056823889414,4.688266654809316,4.645056823889414,4.666661739349365,4.666661739349365,22800
28/06/1996,4.688267035816991,4.688267035816991,4.645057201385498,4.645057201385498,4.645057201385498,40500
01/07/1996,4.666661739349365,4.666661739349365,4.601846992969513,4.666661739349365,4.666661739349365,7300
02/07/1996,4.645056823889414,4.666661739349365,4.623451908429463,4.666661739349365,4.666661739349365,22500
03/07/1996,4.666663736791655,4.709873586206393,4.666663736791655,4.688268661499023,4.688268661499023,48800
05/07/1996,4.688266936863694,4.688266936863694,4.623452186584473,4.623452186584473,4.623452186584473,9800
08/07/1996,4.62345535800142,4.62345535800142,4.537035631683637,4.580245494842529,4.580245494842529,68600
09/07/1996,4.580243494838335,4.645058261274727,4.537033650547407,4.558638572692871,4.558638572692871,34800
10/07/1996,4.5370325061122765,4.55863742280805,4.429007922633413,4.515427589416504,4.515427589416504,66300
11/07/1996,4.493825435638428,4.515430365617458,4.472220505659397,4.493825435638428,4.493825435638428,52300
12/07/1996,4.472219856039992,4.472219856039992,4.450614929199219,4.450614929199219,4.450614929199219,32100
15/07/1996,4.45061216953296,4.472217082977295,4.429007256088625,4.472217082977295,4.472217082977295,14400
16/07/1996,4.493824659075056,4.601849290302821,4.493824659075056,4.537034511566162,4.537034511566162,32100
17/07/1996,4.537033650547407,4.580243494838335,4.493823806256479,4.558638572692871,4.558638572692871,16500
18/07/1996,4.558638572692871,4.601848416983799,4.558638572692871,4.558638572692871,4.558638572692871,9900
19/07/1996,4.558637811544356,4.6018476486206055,4.558637811544356,4.6018476486206055,4.6018476486206055,5200
22/07/1996,4.6018476486206055,4.6018476486206055,4.537032893006231,4.6018476486206055,4.6018476486206055,7100
23/07/1996,4.623452567158731,4.623452567158731,4.6018476486206055,4.6018476486206055,4.6018476486206055,13500
24/07/1996,4.601847269824732,4.623452186584473,4.580242353064992,4.623452186584473,4.623452186584473,6000
25/07/1996,4.645059076222506,4.7530837059021,4.645059076222506,4.7530837059021,4.7530837059021,33400
26/07/1996,4.7530830453295225,4.7530830453295225,4.709873199462891,4.709873199462891,4.709873199462891,52300
29/07/1996,4.709873586206393,4.709873586206393,4.688268661499023,4.688268661499023,4.688268661499023,17200
30/07/1996,4.688266936863694,4.688266936863694,4.580242353064992,4.623452186584473,4.623452186584473,19300
31/07/1996,4.623452212129321,4.83950138092041,4.601847295250212,4.83950138092041,4.83950138092041,28400
01/08/1996,4.839502737062787,4.839502737062787,4.688268276529575,4.709873199462891,4.709873199462891,18600
02/08/1996,4.709873586206393,4.709873586206393,4.666663736791655,4.688268661499023,4.688268661499023,36400
05/08/1996,4.731478779966181,4.7530837059021,4.731478779966181,4.7530837059021,4.7530837059021,31200
06/08/1996,4.7530837059021,4.7530837059021,4.6882689280943435,4.7530837059021,4.7530837059021,18100
07/08/1996,4.75308313761672,4.75308313761672,4.68826836755831,4.731478214263916,4.731478214263916,83800
08/08/1996,4.731478779966181,4.7530837059021,4.731478779966181,4.7530837059021,4.7530837059021,7600
09/08/1996,4.731476700359396,4.839501282559382,4.731476700359396,4.817896366119385,4.817896366119385,7400
12/08/1996,4.839501282559382,4.839501282559382,4.796291449679388,4.817896366119385,4.817896366119385,14500
13/08/1996,4.817895788330216,4.817895788330216,4.753081046783173,4.796290874481201,4.796290874481201,114100
14/08/1996,4.796291449679388,4.839501282559382,4.796291449679388,4.817896366119385,4.817896366119385,23200
15/08/1996,4.817895788330216,4.8395007021792305,4.796290874481201,4.796290874481201,4.796290874481201,16800
16/08/1996,4.796291547162192,4.83950138092041,4.753081713403975,4.83950138092041,4.83950138092041,25200
19/08/1996,4.83950138092041,4.83950138092041,4.796291547162192,4.83950138092041,4.83950138092041,24200
20/08/1996,4.83950138092041,4.83950138092041,4.796291547162192,4.83950138092041,4.83950138092041,31300
21/08/1996,4.8395007021792305,4.8395007021792305,4.796290874481201,4.796290874481201,4.796290874481201,13200
22/08/1996,4.796293647041148,4.796293647041148,4.731478868027079,4.774688720703125,4.774688720703125,20900
23/08/1996,4.77468700365685,4.77468700365685,4.753082085088267,4.763884544372559,4.763884544372559,6500
26/08/1996,4.774688720703125,4.774688720703125,4.731478868027079,4.774688720703125,4.774688720703125,5400
27/08/1996,4.774688599904378,4.861108303070068,4.753083674112956,4.861108303070068,4.861108303070068,52200
28/08/1996,4.861108303070068,4.9043181546529135,4.839503377278645,4.861108303070068,4.861108303070068,13400
29/08/1996,4.861109897428672,4.904319763183594,4.861109897428672,4.904319763183594,4.904319763183594,25100
30/08/1996,4.882714830306132,4.904319763183594,4.882714830306132,4.904319763183594,4.904319763183594,39000
03/09/1996,4.882711410522461,4.893513869395298,4.817896657285437,4.882711410522461,4.882711410522461,18300
04/09/1996,4.861106492776787,4.904316328268136,4.861106492776787,4.882711410522461,4.882711410522461,18400
05/09/1996,4.882714830306132,4.904319763183594,4.882714830306132,4.904319763183594,4.904319763183594,31600
06/09/1996,4.882714830306132,4.904319763183594,4.882714830306132,4.904319763183594,4.904319763183594,11000
09/09/1996,4.925921630859375,4.9691314697265625,4.882711791992188,4.9691314697265625,4.9691314697265625,8300
10/09/1996,4.947527209232594,5.0123419761657715,4.925922286921534,5.0123419761657715,5.0123419761657715,9200
11/09/1996,4.990737438201904,5.012342362176804,4.947527590252105,4.990737438201904,4.990737438201904,9500
12/09/1996,4.96913108150516,4.990735999250834,4.731476986302739,4.882711410522461,4.882711410522461,160600
13/09/1996,4.8827132288614905,4.8827132288614905,4.839503377278645,4.861108303070068,4.861108303070068,11000
16/09/1996,4.861108303070068,4.861108303070068,4.796293525695801,4.861108303070068,4.861108303070068,11800
17/09/1996,4.839504964551211,4.904319763183594,4.839504964551211,4.904319763183594,4.904319763183594,109600
18/09/1996,4.904315443726274,4.904315443726274,4.796290874481201,4.796290874481201,4.796290874481201,5000
19/09/1996,4.7746866302830835,4.882711214678628,4.7746866302830835,4.83950138092041,4.83950138092041,22800
20/09/1996,4.839501575031112,4.882711410522461,4.839501575031112,4.882711410522461,4.882711410522461,8400
23/09/1996,4.882714830306132,4.904319763183594,4.861109897428672,4.904319763183594,4.904319763183594,4700
24/09/1996,4.904319763183594,4.904319763183594,4.861109897428672,4.904319763183594,4.904319763183594,7400
25/09/1996,4.87445651957419,4.962284564971924,4.87445651957419,4.962284564971924,4.962284564971924,88200
26/09/1996,4.962287323065267,4.984244346618652,4.918373275958494,4.984244346618652,4.984244346618652,27200
27/09/1996,4.9403302995118805,4.984244346618652,4.918373275958494,4.984244346618652,4.984244346618652,23000
30/09/1996,4.96228485776667,5.006198883056641,4.9403278451216845,5.006198883056641,5.006198883056641,41600
01/10/1996,4.984244346618652,4.984244346618652,4.962287323065267,4.984244346618652,4.984244346618652,13900
02/10/1996,4.962284564971924,4.984241576321357,4.94032755362249,4.962284564971924,4.962284564971924,37900
03/10/1996,4.962284564971924,4.984241576321357,4.962284564971924,4.962284564971924,4.962284564971924,18500
04/10/1996,4.984244346618652,4.984244346618652,4.962287323065267,4.984244346618652,4.984244346618652,43500
07/10/1996,4.962284564971924,4.984241576321357,4.962284564971924,4.962284564971924,4.962284564971924,29300
08/10/1996,4.962287323065267,4.984244346618652,4.962287323065267,4.984244346618652,4.984244346618652,14200
09/10/1996,4.962287323065267,4.984244346618652,4.962287323065267,4.984244346618652,4.984244346618652,34100
10/10/1996,4.962287323065267,5.006201370172039,4.962287323065267,4.984244346618652,4.984244346618652,39400
11/10/1996,4.984241870411655,5.006198883056641,4.984241870411655,5.006198883056641,5.006198883056641,13600
14/10/1996,4.984244346618652,5.006201370172039,4.962287323065267,4.984244346618652,4.984244346618652,26800
15/10/1996,4.962287323065267,4.984244346618652,4.962287323065267,4.984244346618652,4.984244346618652,11200
16/10/1996,4.984241870411655,5.006198883056641,4.96228485776667,5.006198883056641,5.006198883056641,40700
17/10/1996,5.006197841927475,5.0281548500061035,4.984240833848845,5.0281548500061035,5.0281548500061035,18100
18/10/1996,5.028153813403586,5.050110816955566,5.028153813403586,5.050110816955566,5.050110816955566,3300
21/10/1996,5.050110816955566,5.050110816955566,5.028153813403586,5.050110816955566,5.050110816955566,10300
22/10/1996,5.028153813403586,5.050110816955566,5.028153813403586,5.050110816955566,5.050110816955566,6400
23/10/1996,5.028153813403586,5.050110816955566,5.028153813403586,5.050110816955566,5.050110816955566,5000
24/10/1996,5.050110816955566,5.050110816955566,5.028153813403586,5.050110816955566,5.050110816955566,5300
25/10/1996,5.028153813403586,5.050110816955566,5.028153813403586,5.050110816955566,5.050110816955566,24800
28/10/1996,5.0281548500061035,5.050111858084733,5.0281548500061035,5.0281548500061035,5.0281548500061035,18200
29/10/1996,5.050110734386362,5.072067737579346,5.0281537311933775,5.072067737579346,5.072067737579346,15900
30/10/1996,5.050111858084733,5.072068866163362,5.0281548500061035,5.0281548500061035,5.0281548500061035,13300
31/10/1996,5.050111858084733,5.072068866163362,5.0281548500061035,5.0281548500061035,5.0281548500061035,103200
01/11/1996,5.006196809851605,5.050110816955566,5.006196809851605,5.050110816955566,5.050110816955566,16700
04/11/1996,5.072069554493345,5.094026565551758,5.050112543434932,5.094026565551758,5.094026565551758,19200
05/11/1996,5.094025025307883,5.269681060663327,5.094025025307883,5.2477240562438965,5.2477240562438965,33600
06/11/1996,5.269680258668499,5.3355512619018555,5.225766256512928,5.3355512619018555,5.3355512619018555,11700
07/11/1996,5.313594901215486,5.357508908663548,5.269680893767425,5.291637897491455,5.291637897491455,10300
08/11/1996,5.247724225249472,5.2696812303760385,5.181853209869772,5.203810214996338,5.203810214996338,20700
11/11/1996,5.181853209869772,5.203810214996338,5.181853209869772,5.203810214996338,5.203810214996338,3400
12/11/1996,5.225767051824466,5.2477240562438965,5.203810047405036,5.2477240562438965,5.2477240562438965,50400
13/11/1996,5.269680893767425,5.291637897491455,5.247723890043393,5.291637897491455,5.291637897491455,7000
14/11/1996,5.269682436573262,5.379467487335205,5.269682436573262,5.379467487335205,5.379467487335205,4200
15/11/1996,5.357509743782781,5.445337772369385,5.357509743782781,5.445337772369385,5.445337772369385,19800
18/11/1996,5.42338257887232,5.577081680297852,5.42338257887232,5.577081680297852,5.577081680297852,15900
19/11/1996,5.555122546465749,5.555122546465749,5.4453375159031845,5.511208534240723,5.511208534240723,44100
20/11/1996,5.445339965820312,5.489253997802734,5.423382949829101,5.489253997802734,5.489253997802734,9700
21/11/1996,5.467296981811523,5.489253997802734,5.445339965820312,5.489253997802734,5.489253997802734,31200
22/11/1996,5.489252389423431,5.533166408538818,5.489252389423431,5.533166408538818,5.533166408538818,38900
25/11/1996,5.533166794908848,5.555123805999756,5.533166794908848,5.555123805999756,5.555123805999756,22200
26/11/1996,5.577080427654206,5.577080427654206,5.533166408538818,5.533166408538818,5.533166408538818,34700
27/11/1996,5.533166408538818,5.533166408538818,5.489252389423431,5.533166408538818,5.533166408538818,11500
29/11/1996,5.555122680290073,5.599036693572998,5.53316567364861,5.599036693572998,5.599036693572998,17600
02/12/1996,5.555123919179003,5.642951965332031,5.555123919179003,5.642951965332031,5.642951965332031,51100
03/12/1996,5.620996000209531,5.796652125216079,5.620996000209531,5.730781078338623,5.730781078338623,27100
04/12/1996,5.708822883636113,5.796650927999745,5.555123805999756,5.555123805999756,5.555123805999756,76200
05/12/1996,5.555121919886786,5.555121919886786,5.401422894435373,5.423379898071289,5.423379898071289,20200
06/12/1996,5.379465890799456,5.423379898071289,5.335551883527624,5.423379898071289,5.423379898071289,32200
09/12/1996,5.401424497487594,5.401424497487594,5.357510477182817,5.379467487335205,5.379467487335205,40600
10/12/1996,5.379468534813553,5.401425549241363,5.357511520385742,5.357511520385742,5.357511520385742,70500
11/12/1996,5.3355513426883165,5.357508344098556,5.313594341278076,5.313594341278076,5.313594341278076,22100
12/12/1996,5.357511334302949,5.445339388963653,5.357511334302949,5.401425361633301,5.401425361633301,25600
13/12/1996,5.42338136075035,5.533166408538818,5.379467341634962,5.533166408538818,5.533166408538818,33200
16/12/1996,5.555124951526523,5.64295301400125,5.555124951526523,5.620995998382568,5.620995998382568,10100
17/12/1996,5.577079432879307,5.664907455444336,5.577079432879307,5.664907455444336,5.664907455444336,25400
18/12/1996,5.686862481315181,5.840561467296673,5.686862481315181,5.818604469299316,5.818604469299316,14100
19/12/1996,5.818604867261155,5.862518866259352,5.796647867762056,5.840561866760254,5.840561866760254,20400
20/12/1996,5.818607628568728,5.862521648406982,5.774693608730473,5.862521648406982,5.862521648406982,16200
23/12/1996,5.818607597860671,5.818607597860671,5.730779558647679,5.752736568450928,5.752736568450928,14100
24/12/1996,5.7527362676767195,5.7527362676767195,5.642951224400447,5.708822250366211,5.708822250366211,7400
26/12/1996,5.686865539041184,5.752736568450928,5.686865539041184,5.752736568450928,5.752736568450928,8600
27/12/1996,5.796647867762056,5.840561866760254,5.73077686926476,5.840561866760254,5.840561866760254,23500
30/12/1996,5.840566809159996,6.082094008035033,5.840566809159996,6.016222953796387,6.016222953796387,42000
31/12/1996,5.97230731577113,6.104049388913141,5.97230731577113,6.060135364532471,6.060135364532471,37100
02/01/1997,5.950348582104585,5.950348582104585,5.708821517886317,5.774692535400391,5.774692535400391,34900
03/01/1997,5.7746940345615725,5.8186080576380865,5.642951965332031,5.642951965332031,5.642951965332031,40000
06/01/1997,5.634935263603452,5.679480206398737,5.568117849410526,5.6126627922058105,5.6126627922058105,37400
07/01/1997,5.612661139909611,5.746295928955078,5.612661139909611,5.746295928955078,5.746295928955078,43500
08/01/1997,5.746296171041635,5.835386034158559,5.724023705262404,5.790841102600098,5.790841102600098,23500
09/01/1997,5.746296409432214,5.835386276245117,5.746296409432214,5.835386276245117,5.835386276245117,30000
10/01/1997,5.768570076674223,5.7908425480127335,5.65720771998167,5.701752662658691,5.701752662658691,26700
13/01/1997,5.657205705081716,5.701750631893383,5.657205705081716,5.679478168487549,5.679478168487549,24800
14/01/1997,5.701751239483173,5.790841102600098,5.701751239483173,5.790841102600098,5.790841102600098,97100
15/01/1997,5.768570076674223,5.768570076674223,5.701752662658691,5.701752662658691,5.701752662658691,84400
16/01/1997,5.701749065729577,5.701749065729577,5.634931693865559,5.6572041511535645,5.6572041511535645,38300
17/01/1997,5.634931693865559,5.6572041511535645,5.634931693865559,5.6572041511535645,5.6572041511535645,35300
20/01/1997,5.701753252675097,5.724025726318359,5.701753252675097,5.724025726318359,5.724025726318359,109600
21/01/1997,5.701750631893383,5.724023095299216,5.679478168487549,5.679478168487549,5.679478168487549,86100
22/01/1997,5.701753252675097,5.746298199961621,5.701753252675097,5.724025726318359,5.724025726318359,69300
23/01/1997,5.746295928955078,5.768568393795989,5.7240234641141665,5.746295928955078,5.746295928955078,37500
24/01/1997,5.746296409432214,5.857658742948343,5.7017514760257635,5.835386276245117,5.835386276245117,39300
27/01/1997,5.835386276245117,5.835386276245117,5.768568876135441,5.835386276245117,5.835386276245117,24100
28/01/1997,5.835386630770885,5.991293907165527,5.813114162714507,5.991293907165527,5.991293907165527,36800
29/01/1997,5.991291358615413,5.991291358615413,5.879929065704346,5.879929065704346,5.879929065704346,25100
30/01/1997,5.879930965717022,5.879930965717022,5.768568636820866,5.790841102600098,5.790841102600098,318000
31/01/1997,5.7685675621032715,5.7685675621032715,5.701750177214044,5.7685675621032715,5.7685675621032715,17900
03/02/1997,5.7240226388437865,5.790840023733013,5.7240226388437865,5.7685675621032715,5.7685675621032715,40100
04/02/1997,5.746295819337341,5.813113212585449,5.746295819337341,5.813113212585449,5.813113212585449,28000
05/02/1997,5.790841102600098,5.813113568379328,5.790841102600098,5.790841102600098,5.790841102600098,33600
06/02/1997,5.790841102600098,5.790841102600098,5.768568636820866,5.790841102600098,5.790841102600098,10900
07/02/1997,5.790841102600098,5.790841102600098,5.724023705262404,5.790841102600098,5.790841102600098,21700
10/02/1997,5.790840748169413,5.857658141417522,5.7685682837533765,5.813113212585449,5.813113212585449,22500
11/02/1997,5.813113212585449,5.857658141417522,5.790840748169413,5.813113212585449,5.813113212585449,11600
12/02/1997,5.813113568379328,5.813113568379328,5.724023705262404,5.790841102600098,5.790841102600098,53700
13/02/1997,5.8576566071221325,5.924473982868773,5.813111689957706,5.879929065704346,5.879929065704346,21000
14/02/1997,5.835386034158559,5.8576584999377905,5.768568636820866,5.790841102600098,5.790841102600098,13500
18/02/1997,5.7908408586369005,5.7908408586369005,5.701750999273256,5.746295928955078,5.746295928955078,19900
19/02/1997,5.746295100473529,5.790840023733013,5.746295100473529,5.7685675621032715,5.7685675621032715,33500
20/02/1997,5.790840748169413,5.813113212585449,5.7685682837533765,5.813113212585449,5.813113212585449,7900
21/02/1997,5.81311203590364,5.857656955718994,5.81311203590364,5.857656955718994,5.857656955718994,49700
24/02/1997,5.835384495811317,5.879929415626671,5.835384495811317,5.857656955718994,5.857656955718994,16500
25/02/1997,5.879929065704346,5.879929065704346,5.835384148539919,5.879929065704346,5.879929065704346,2800
26/02/1997,5.879933041821194,5.879933041821194,5.724025726318359,5.724025726318359,5.724025726318359,63000
27/02/1997,5.768571186442621,5.768571186442621,5.523573954585984,5.634936332702637,5.634936332702637,111500
28/02/1997,5.6794807790318345,5.724025726318359,5.657208305388573,5.724025726318359,5.724025726318359,37200
03/03/1997,5.746298199961621,5.746298199961621,5.63493583174531,5.724025726318359,5.724025726318359,45600
04/03/1997,5.746295819337341,5.813113212585449,5.724023354921305,5.813113212585449,5.813113212585449,36200
05/03/1997,5.81311203590364,5.857656955718994,5.81311203590364,5.857656955718994,5.857656955718994,13200
06/03/1997,5.90220152428656,5.90220152428656,5.8576566071221325,5.879929065704346,5.879929065704346,28500
07/03/1997,5.879929415626671,5.879929415626671,5.857656955718994,5.857656955718994,5.857656955718994,21500
10/03/1997,5.879931209651569,5.879931209651569,5.835386276245117,5.835386276245117,5.835386276245117,25800
11/03/1997,5.879929065704346,5.879929065704346,5.835384148539919,5.879929065704346,5.879929065704346,21600
12/03/1997,5.879929065704346,5.879929065704346,5.8576566071221325,5.879929065704346,5.879929065704346,29600
13/03/1997,5.879931209651569,5.879931209651569,5.790841342838666,5.835386276245117,5.835386276245117,13300
14/03/1997,5.813116043018844,5.902205944061279,5.813116043018844,5.902205944061279,5.902205944061279,13500
17/03/1997,5.87993004072958,5.969019889831543,5.87993004072958,5.969019889831543,5.969019889831543,6700
18/03/1997,5.969019286194991,5.969019286194991,5.902201906125644,5.946746826171875,5.946746826171875,15400
19/03/1997,5.924474366148759,5.946746826171875,5.902201906125644,5.946746826171875,5.946746826171875,8800
20/03/1997,5.902204155025626,5.924476623535157,5.857659218006565,5.924476623535156,5.924476623535156,22500
21/03/1997,5.924476623535157,5.946749092044687,5.902204155025626,5.924476623535156,5.924476623535156,8400
24/03/1997,5.946749092044687,5.946749092044687,5.8799316865160955,5.924476623535156,5.924476623535156,9700
25/03/1997,5.941645840652116,5.941645840652116,5.896462222092024,5.91905403137207,5.91905403137207,23500
26/03/1997,5.8738704128119785,5.91905403137207,5.8738704128119785,5.91905403137207,5.91905403137207,37300
27/03/1997,5.873870372772217,5.873870372772217,5.806094945394076,5.873870372772217,5.873870372772217,50900
31/03/1997,5.873872712254524,5.89646453037858,5.783505439758301,5.783505439758301,5.783505439758301,58000
01/04/1997,5.760910511016846,5.760910511016846,5.715726899165733,5.760910511016846,5.760910511016846,22000
02/04/1997,5.738317489624023,5.738317489624023,5.647950285063016,5.738317489624023,5.738317489624023,45700
03/04/1997,5.693133887343519,5.738317489624023,5.693133887343519,5.738317489624023,5.738317489624023,35500
04/04/1997,5.693133887343519,5.760909290764276,5.693133887343519,5.738317489624023,5.738317489624023,14800
07/04/1997,5.738321803510189,5.806097257882357,5.738321803510189,5.783505439758301,5.783505439758301,116500
08/04/1997,5.738317489624023,5.738317489624023,5.602766682782511,5.738317489624023,5.738317489624023,46100
09/04/1997,5.760913828144903,5.760913828144903,5.7157301902771,5.7157301902771,5.7157301902771,108100
10/04/1997,5.715725688483771,5.738317489624023,5.715725688483771,5.738317489624023,5.738317489624023,25800
11/04/1997,5.693134088985255,5.693134088985255,5.512399673461914,5.512399673461914,5.512399673461914,26500
14/04/1997,5.512400200696495,5.557583808898926,5.467216592494065,5.557583808898926,5.557583808898926,19800
15/04/1997,5.602771095607592,5.7157301902771,5.602771095607592,5.7157301902771,5.7157301902771,19200
16/04/1997,5.715726899165733,5.783502316942402,5.715726899165733,5.760910511016846,5.760910511016846,9100
17/04/1997,5.760910511016846,5.760910511016846,5.715726899165733,5.760910511016846,5.760910511016846,24800
18/04/1997,5.760909290764276,5.783501091904528,5.738317489624023,5.738317489624023,5.738317489624023,49900
21/04/1997,5.693138371343198,5.738322009211002,5.6479547334753955,5.7157301902771,5.7157301902771,17200
22/04/1997,5.738322009211002,5.760913828144903,5.7157301902771,5.7157301902771,5.7157301902771,3400
23/04/1997,5.738317489624023,5.760909290764276,5.738317489624023,5.738317489624023,5.738317489624023,10400
24/04/1997,5.760909290764276,5.760909290764276,5.738317489624023,5.738317489624023,5.738317489624023,43800
25/04/1997,5.738318705091289,5.783502316942402,5.738318705091289,5.760910511016846,5.760910511016846,29800
28/04/1997,5.783502316942402,5.783502316942402,5.693135093240176,5.760910511016846,5.760910511016846,5200
29/04/1997,5.783505439758301,5.783505439758301,5.760913621634245,5.783505439758301,5.783505439758301,78200
30/04/1997,5.783505439758301,5.783505439758301,5.760913621634245,5.783505439758301,5.783505439758301,48100
01/05/1997,5.783501938042954,5.873869155824875,5.783501938042954,5.8512773513793945,5.8512773513793945,86000
02/05/1997,5.8738681041833125,6.032010706988248,5.8738681041833125,5.964235305786133,5.964235305786133,10200
05/05/1997,5.9868316650390625,5.9868316650390625,5.964239847435142,5.9868316650390625,5.9868316650390625,6500
06/05/1997,5.94164514541626,5.964236952052823,5.919053338779696,5.94164514541626,5.94164514541626,13200
07/05/1997,5.94164514541626,5.94164514541626,5.873869725506569,5.94164514541626,5.94164514541626,14700
08/05/1997,5.94164514541626,5.964236952052823,5.919053338779696,5.94164514541626,5.94164514541626,1800
09/05/1997,5.941643505385428,5.986827106186838,5.941643505385428,5.964235305786133,5.964235305786133,8100
12/05/1997,5.964236952052823,5.986828758689387,5.919053338779696,5.94164514541626,5.94164514541626,4200
13/05/1997,5.919053771943425,5.986829196813006,5.8964619636535645,5.8964619636535645,5.8964619636535645,24400
14/05/1997,5.919053771943425,5.941645580233286,5.8964619636535645,5.8964619636535645,5.8964619636535645,9000
15/05/1997,5.8964619636535645,5.8964619636535645,5.873870155363704,5.8964619636535645,5.8964619636535645,10800
16/05/1997,5.91905403137207,5.941645840652116,5.8738704128119785,5.91905403137207,5.91905403137207,9200
19/05/1997,5.941646862747078,6.054605928578771,5.941646862747078,6.009422302246094,6.009422302246094,11900
20/05/1997,6.032014115412433,6.054605928578771,5.986830489079755,6.009422302246094,6.009422302246094,16100
21/05/1997,6.032014115412433,6.032014115412433,5.986830489079755,6.009422302246094,6.009422302246094,28300
22/05/1997,6.009423482642983,6.009423482642983,5.94164802983122,5.9868316650390625,5.9868316650390625,3800
23/05/1997,6.009420565325951,6.009420565325951,5.94164514541626,5.94164514541626,5.94164514541626,23500
27/05/1997,5.919053338779696,5.94164514541626,5.919053338779696,5.94164514541626,5.94164514541626,6400
28/05/1997,5.91905403137207,5.941645840652116,5.896462222092024,5.91905403137207,5.91905403137207,9900
29/05/1997,5.91905403137207,5.941645840652116,5.896462222092024,5.91905403137207,5.91905403137207,16000
30/05/1997,5.919053771943425,5.919053771943425,5.8964619636535645,5.8964619636535645,5.8964619636535645,7300
02/06/1997,5.896459904584018,5.964235305786133,5.896459904584018,5.964235305786133,5.964235305786133,28200
03/06/1997,5.964238800271584,6.190156936645508,5.964238800271584,6.190156936645508,6.190156936645508,13700
04/06/1997,6.144972506952108,6.144972506952108,6.054605264202812,6.077197074890137,6.077197074890137,15800
05/06/1997,6.054603576660156,6.07719538105068,6.032011772269634,6.054603576660156,6.054603576660156,10100
06/06/1997,6.054603312345926,6.054603312345926,6.03201150894165,6.03201150894165,6.03201150894165,12800
09/06/1997,6.032011349995931,6.122378561231825,5.986827744377984,6.099786758422852,6.099786758422852,44400
10/06/1997,6.099787380384362,6.23533821105957,6.077195575271828,6.23533821105957,6.23533821105957,11000
11/06/1997,6.235335004198682,6.280518591185629,6.167559623718262,6.167559623718262,6.167559623718262,35500
12/06/1997,6.167565123008115,6.190156936645508,6.167565123008115,6.190156936645508,6.190156936645508,76600
13/06/1997,6.212745982108356,6.280521392822266,6.190154178537053,6.280521392822266,6.280521392822266,26000
16/06/1997,6.280524956190199,6.280524956190199,6.190157690633506,6.257933139801025,6.257933139801025,26500
17/06/1997,6.257933139801025,6.257933139801025,6.235341323411852,6.257933139801025,6.257933139801025,29100
18/06/1997,6.212746405947036,6.23533821105957,6.190154600834501,6.23533821105957,6.23533821105957,48200
19/06/1997,6.2579295892509625,6.280521392822266,6.212745982108356,6.280521392822266,6.280521392822266,61600
20/06/1997,6.235341323411852,6.257933139801025,6.235341323411852,6.257933139801025,6.257933139801025,25100
23/06/1997,6.257930403246599,6.257930403246599,6.1449713706970215,6.1449713706970215,6.1449713706970215,7800
24/06/1997,6.190151417211736,6.190151417211736,6.144967830224789,6.167559623718262,6.167559623718262,19500
25/06/1997,6.1449713706970215,6.1449713706970215,6.1223795641871055,6.1449713706970215,6.1449713706970215,37200
26/06/1997,6.116562791916517,6.173833979106747,6.116562791916517,6.162379741668701,6.162379741668701,29500
27/06/1997,6.173835203718784,6.173835203718784,6.139472484588623,6.139472484588623,6.139472484588623,16400
30/06/1997,6.13947520620108,6.162383695776458,6.13947520620108,6.1509294509887695,6.1509294509887695,23400
01/07/1997,6.162385370458623,6.231110857861508,6.162385370458623,6.208202362060547,6.208202362060547,77000
02/07/1997,6.219654083251953,6.231108326499195,6.162382867015747,6.219654083251953,6.219654083251953,51200
03/07/1997,6.231110857861508,6.231110857861508,6.1852938662595855,6.208202362060547,6.208202362060547,23200
07/07/1997,6.162379133900376,6.2081960791338355,6.139470661283646,6.17383337020874,6.17383337020874,36600
08/07/1997,6.1509294509887695,6.185292185351835,6.13947520620108,6.1509294509887695,6.1509294509887695,55700
09/07/1997,6.139471951237431,6.185288906097412,6.139471951237431,6.185288906097412,6.185288906097412,54700
10/07/1997,6.185288906097412,6.185288906097412,6.162380428667421,6.185288906097412,6.185288906097412,38700
11/07/1997,6.173833979106747,6.185288216544793,6.13947126679261,6.162379741668701,6.162379741668701,31600
14/07/1997,6.162385370458623,6.208202362060547,6.162385370458623,6.208202362060547,6.208202362060547,39700
15/07/1997,6.208197876129987,6.28837755349698,6.1852893968822755,6.265469074249268,6.265469074249268,15600
16/07/1997,6.276925763216886,6.322742739590732,6.265471519123424,6.299834251403809,6.299834251403809,19200
17/07/1997,6.299831880059234,6.380011558532715,6.299831880059234,6.380011558532715,6.380011558532715,8900
18/07/1997,6.3685570513839584,6.402919769287109,6.3685570513839584,6.402919769287109,6.402919769287109,2500
21/07/1997,6.437283992767334,6.46019247672736,6.414375508807308,6.437283992767334,6.437283992767334,37600
22/07/1997,6.437285956661258,6.471648693084717,6.437285956661258,6.471648693084717,6.471648693084717,16900
23/07/1997,6.48309987553379,6.528916835784912,6.48309987553379,6.528916835784912,6.528916835784912,5100
24/07/1997,6.5518274307250985,6.620552893285152,6.5518274307250985,6.551827430725098,6.551827430725098,34500
25/07/1997,6.574733465909958,6.597641944885254,6.528916507959366,6.597641944885254,6.597641944885254,15600
28/07/1997,6.643458902835846,6.643458902835846,6.574733465909958,6.597641944885254,6.597641944885254,10400
29/07/1997,6.597645674080685,6.643462657928467,6.5518286902329015,6.643462657928467,6.643462657928467,19500
30/07/1997,6.597642276161595,6.620550756287156,6.4945541155965705,6.528916835784912,6.528916835784912,37400
31/07/1997,6.506009505408621,6.6320061683654785,6.506009505408621,6.6320061683654785,6.6320061683654785,49500
01/08/1997,6.620550231145704,6.654912948608398,6.597641752837242,6.654912948608398,6.654912948608398,57200
04/08/1997,6.65491302372658,6.700729980860671,6.620550305876013,6.689275741577148,6.689275741577148,11600
05/08/1997,6.689276566376557,6.81527321403091,6.689276566376557,6.780910491943359,6.780910491943359,47900
06/08/1997,6.780910491943359,6.780910491943359,6.746547769855808,6.780910491943359,6.780910491943359,14300
07/08/1997,6.746546668811056,6.780909385290569,6.666366997025525,6.712183952331543,6.712183952331543,28800
08/08/1997,6.666369587702203,6.666369587702203,6.563281398201653,6.574735641479492,6.574735641479492,27600
11/08/1997,6.609096305471071,6.609096305471071,6.506008148193359,6.506008148193359,6.506008148193359,7800
12/08/1997,6.517462667994474,6.620550829702647,6.517462667994474,6.563279628753662,6.563279628753662,12100
13/08/1997,6.586187826076023,6.597642065773547,6.506008148193359,6.506008148193359,6.506008148193359,10500
14/08/1997,6.506011767437938,6.517466013507371,6.4601947831602065,6.483103275299072,6.483103275299072,10000
15/08/1997,6.471646513257708,6.483100754874093,6.414375305175781,6.414375305175781,6.414375305175781,16700
18/08/1997,6.425831317901611,6.437285562675054,6.397195705968003,6.425831317901611,6.425831317901611,14500
19/08/1997,6.437284543095524,6.437284543095524,6.380013328299301,6.391467571258545,6.391467571258545,15300
20/08/1997,6.391465798314641,6.391465798314641,6.380011558532715,6.380011558532715,6.380011558532715,15300
21/08/1997,6.357105207005772,6.391467937854451,6.2311085272272795,6.242562770843506,6.242562770843506,33700
22/08/1997,6.265468881613966,6.334194317244101,6.265468881613966,6.322740077972412,6.322740077972412,10200
25/08/1997,6.3227418543218254,6.402921551749819,6.254016399383545,6.254016399383545,6.254016399383545,10200
26/08/1997,6.231108326499195,6.231108326499195,6.185291353510229,6.219654083251953,6.219654083251953,10700
27/08/1997,6.219652517753489,6.231106758117676,6.219652517753489,6.231106758117676,6.231106758117676,38200
28/08/1997,6.23110419935216,6.288375377655029,6.23110419935216,6.288375377655029,6.288375377655029,18200
29/08/1997,6.299831892581697,6.460191249847412,6.299831892581697,6.460191249847412,6.460191249847412,26300
02/09/1997,6.460191237006196,6.460191237006196,6.357103078968863,6.380011558532715,6.380011558532715,6800
03/09/1997,6.391467024847282,6.506009444647413,6.368558540887256,6.437283992767334,6.437283992767334,6400
04/09/1997,6.483099361294928,6.66636718776263,6.483099361294928,6.654912948608398,6.654912948608398,6500
05/09/1997,6.666371149852358,6.6778253958143035,6.643462657928467,6.643462657928467,6.643462657928467,6200
08/09/1997,6.6320053628973055,6.780910491943359,6.6320053628973055,6.780910491943359,6.780910491943359,25900
09/09/1997,6.780911582778956,6.780911582778956,6.735094612625044,6.7694573402404785,6.7694573402404785,6100
10/09/1997,6.769457353462999,6.78091159602385,6.597643715050232,6.609097957611084,6.609097957611084,46800
11/09/1997,6.609096066592491,6.735092698711238,6.483099434473743,6.689275741577148,6.689275741577148,28700
12/09/1997,6.689278524749133,6.735095500946045,6.689278524749133,6.735095500946045,6.735095500946045,14400
15/09/1997,6.7350935291599585,6.780910491943359,6.7350935291599585,6.780910491943359,6.780910491943359,4400
16/09/1997,6.78091217192593,6.964180068464469,6.78091217192593,6.918363094329834,6.918363094329834,27900
17/09/1997,6.87254251343181,6.883996750954196,6.826725563342265,6.861088275909424,6.861088275909424,8700
18/09/1997,6.861089171857185,6.918360366947813,6.861089171857185,6.9069061279296875,6.9069061279296875,70800
19/09/1997,6.815271325819879,6.861088275909424,6.769454375730333,6.861088275909424,6.861088275909424,7900
22/09/1997,6.861088275909424,6.883996750954196,6.8496340383870375,6.861088275909424,6.861088275909424,3300
23/09/1997,6.861091814501314,6.884000301361084,6.861091814501314,6.884000301361084,6.884000301361084,21600
24/09/1997,6.872545312715057,6.895453797090774,6.826728343963623,6.826728343963623,6.826728343963623,20200
25/09/1997,6.872543486038056,6.9412689208984375,6.849635007751263,6.9412689208984375,6.9412689208984375,7900
26/09/1997,6.877713474734077,6.877713474734077,6.6225537842717666,6.726937294006348,6.726937294006348,57400
29/09/1997,6.703738265475533,6.77332724400988,6.6689437762083585,6.692140102386475,6.692140102386475,28500
30/09/1997,6.6921416998740275,6.6921416998740275,6.610954538870357,6.657347202301025,6.657347202301025,90500
01/10/1997,6.6573475397808455,6.6573475397808455,6.552964041770344,6.587758541107178,6.587758541107178,27900
02/10/1997,6.576161080218376,6.576161080218376,6.529768409458457,6.5413665771484375,6.5413665771484375,64000
03/10/1997,6.564559729057446,6.610952377319336,6.564559729057446,6.610952377319336,6.610952377319336,114400
06/10/1997,6.610952377319336,6.622550539384808,6.599354215253863,6.610952377319336,6.610952377319336,36800
07/10/1997,6.610952377319336,6.622550539384808,6.599354215253863,6.610952377319336,6.610952377319336,22700
08/10/1997,6.622551918029785,6.634150082509697,6.610953753549873,6.622551918029785,6.622551918029785,23900
09/10/1997,6.599356707552789,6.6109548739984,6.587758541107178,6.587758541107178,6.587758541107178,13400
10/10/1997,6.587757424590048,6.622551918029785,6.587757424590048,6.622551918029785,6.622551918029785,20600
13/10/1997,6.622550539384808,6.634148701450281,6.599354215253863,6.610952377319336,6.610952377319336,21800
14/10/1997,6.622551918029785,6.6457482469896085,6.587757424590048,6.622551918029785,6.622551918029785,53800
15/10/1997,6.634150082509697,6.634150082509697,6.576159260110137,6.622551918029785,6.622551918029785,7100
16/10/1997,6.622551176283094,6.622551176283094,6.471775054931641,6.471775054931641,6.471775054931641,15400
17/10/1997,6.436980879880528,6.518168026113255,6.425382716132995,6.506569862365723,6.506569862365723,14300
20/10/1997,6.506572432737047,6.564563274383546,6.494974264407748,6.564563274383545,6.564563274383545,6700
21/10/1997,6.552965879859322,6.610956728353652,6.552965879859322,6.599358558654785,6.599358558654785,26500
22/10/1997,6.599356901791292,6.645749568939209,6.599356901791292,6.645749568939209,6.645749568939209,24900
23/10/1997,6.645751237450249,6.645751237450249,6.552965879859322,6.599358558654785,6.599358558654785,33700
24/10/1997,6.587757424590048,6.622551918029785,6.564561095630224,6.622551918029785,6.622551918029785,10000
27/10/1997,6.587759611042144,6.587759611042144,6.541366937724947,6.564563274383545,6.564563274383545,3100
28/10/1997,6.4949761051184804,6.506574276734764,6.471779761885915,6.483377933502197,6.483377933502197,18800
29/10/1997,6.483371407008,6.518165886830941,6.425380607303098,6.448576927185059,6.448576927185059,7500
30/10/1997,6.425381700782215,6.425381700782215,6.263007433975444,6.3094000816345215,6.3094000816345215,39800
31/10/1997,6.286204444037543,6.471775054931641,6.286204444037543,6.471775054931641,6.471775054931641,30400
03/11/1997,6.471775054931641,6.494971381293403,6.448578728569878,6.471775054931641,6.471775054931641,5000
04/11/1997,6.49497175822457,6.541364413640459,6.3557937919769,6.390588283538818,6.390588283538818,66400
05/11/1997,6.37899135058616,6.37899135058616,6.321000520126287,6.332598686218262,6.332598686218262,16000
06/11/1997,6.355793476104736,6.378989802659863,6.344195312827173,6.355793476104736,6.355793476104736,6400
07/11/1997,6.263008962258201,6.286205291748047,6.263008962258201,6.286205291748047,6.286205291748047,20700
10/11/1997,6.263009689666412,6.344196852310236,6.251411523574437,6.332598686218262,6.332598686218262,31000
11/11/1997,6.355793685637159,6.425382667596689,6.355793685637159,6.413784503936768,6.413784503936768,6800
12/11/1997,6.367391586303711,6.483373218112521,6.320998933580186,6.471775054931641,6.471775054931641,52000
13/11/1997,6.448582231676256,6.460180401157688,6.390591384269095,6.436984062194824,6.436984062194824,12900
14/11/1997,6.4253842108686205,6.587758541107178,6.4253842108686205,6.587758541107178,6.587758541107178,9900
17/11/1997,6.634148558390509,6.750130176544189,6.634148558390509,6.7501301765441895,6.7501301765441895,47200
18/11/1997,6.761730139386164,6.7733283042907715,6.738533809576949,6.7733283042907715,6.7733283042907715,52600
19/11/1997,6.773330747365542,6.7965270855414515,6.761732578277588,6.761732578277588,6.761732578277588,36100
20/11/1997,6.7733277736566,6.819720429640549,6.750131445664626,6.784925937652588,6.784925937652588,7500
21/11/1997,6.831318601138062,6.831318601138062,6.680542469024658,6.680542469024658,6.680542469024658,8700
24/11/1997,6.726933852913453,6.750130176544189,6.657344882021245,6.7501301765441895,6.7501301765441895,7900
25/11/1997,6.773327781094445,6.773327781094445,6.634149812989765,6.680542469024658,6.680542469024658,62100
26/11/1997,6.680544623013201,6.726937294006348,6.680544623013201,6.726937294006348,6.726937294006348,3300
28/11/1997,6.726938071013723,6.773330747365542,6.726938071013723,6.761732578277588,6.761732578277588,1500
01/12/1997,6.726935125059552,6.750131453076999,6.680542469024658,6.680542469024658,6.680542469024658,96500
02/12/1997,6.680540284910402,6.680540284910402,6.634147644042969,6.634147644042969,6.634147644042969,50300
03/12/1997,6.634150082509697,6.634150082509697,6.622551918029785,6.622551918029785,6.622551918029785,17900
04/12/1997,6.634148701450281,6.634148701450281,6.610952377319336,6.610952377319336,6.610952377319336,3300
05/12/1997,6.622550539384808,6.622550539384808,6.599354215253863,6.610952377319336,6.610952377319336,39300
08/12/1997,6.610952377319336,6.610952377319336,6.58775605318839,6.610952377319336,6.610952377319336,9100
09/12/1997,6.610956728353652,6.622554898052518,6.599358558654785,6.599358558654785,6.599358558654785,17600
10/12/1997,6.6109548739984,6.6109548739984,6.564562208215955,6.587758541107178,6.587758541107178,73700
11/12/1997,6.564562208215955,6.587758541107178,6.564562208215955,6.587758541107178,6.587758541107178,11900
12/12/1997,6.4949727058410645,6.5065708713872095,6.4949727058410645,6.4949727058410645,6.4949727058410645,149300
15/12/1997,6.4949727058410645,6.4949727058410645,6.448580043656485,6.4949727058410645,6.4949727058410645,8600
16/12/1997,6.494973906388519,6.5413665771484375,6.483375738698539,6.5413665771484375,6.5413665771484375,312500
17/12/1997,6.54136925147324,6.622556458495072,6.54136925147324,6.5761637687683105,6.5761637687683105,15000
18/12/1997,6.576158844850918,6.58775700859845,6.506569862365723,6.506569862365723,6.506569862365723,7600
19/12/1997,6.5065747341781695,6.587761941200001,6.5065747341781695,6.5761637687683105,6.5761637687683105,32800
22/12/1997,6.599357415598335,6.599357415598335,6.5413665771484375,6.5413665771484375,6.5413665771484375,23100
23/12/1997,6.564562970325747,6.610955641494128,6.529768466949463,6.529768466949463,6.529768466949463,36300
24/12/1997,6.552963533571789,6.576159864664078,6.4949727058410645,6.4949727058410645,6.4949727058410645,16000
26/12/1997,6.47177757100856,6.5413665771484375,6.47177757100856,6.5413665771484375,6.5413665771484375,3400
29/12/1997,6.54136925147324,6.5761637687683105,6.51817290660986,6.5761637687683105,6.5761637687683105,5000
30/12/1997,6.587759281026907,6.726937294006348,6.576161113278619,6.726937294006348,6.726937294006348,8100
31/12/1997,6.738536234316618,6.738536234316618,6.668947219848633,6.668947219848633,6.668947219848633,19600
02/01/1998,6.68054353401636,6.68054353401636,6.657347202301025,6.657347202301025,6.657347202301025,13400
05/01/1998,6.657346141007212,6.680542469024658,6.634149812989765,6.680542469024658,6.680542469024658,17800
06/01/1998,6.657348287516627,6.726937294006348,6.61095561652348,6.726937294006348,6.726937294006348,22400
07/01/1998,6.721293711000019,6.768295764923096,6.721293711000019,6.768295764923096,6.768295764923096,20600
08/01/1998,6.768300001533868,6.768300001533868,6.697796876517891,6.733048439025879,6.733048439025879,21900
09/01/1998,6.733051760678641,6.744802287311588,6.568544387817382,6.568544387817383,6.568544387817383,11900
12/01/1998,6.568539192530222,6.580289709869275,6.474535053817804,6.509786605834961,6.509786605834961,9600
13/01/1998,6.533285463506526,6.533285463506526,6.4392813561179425,6.462782382965088,6.462782382965088,31800
14/01/1998,6.462784873114692,6.462784873114692,6.345279693603515,6.345279693603516,6.345279693603516,88700
15/01/1998,6.345275675549227,6.415778738610885,6.345275675549227,6.392277717590332,6.392277717590332,76900
16/01/1998,6.392282426900117,6.5097876185710755,6.392282426900117,6.451035022735596,6.451035022735596,50700
20/01/1998,6.474534787814996,6.474534787814996,6.35702961925211,6.368780136108398,6.368780136108398,409100
21/01/1998,6.392277717590332,6.415778738610885,6.357026186059503,6.392277717590332,6.392277717590332,325900
22/01/1998,6.415781457281373,6.486284550218531,6.415781457281373,6.474534034729004,6.474534034729004,63600
23/01/1998,6.498035106903467,6.521536138031508,6.415781497955322,6.415781497955322,6.415781497955322,13600
26/01/1998,6.462784536478752,6.509786605834961,6.4157824671225425,6.509786605834961,6.509786605834961,65700
27/01/1998,6.49803911930806,6.533290687767235,6.486288596488334,6.52154016494751,6.52154016494751,41300
28/01/1998,6.533286712347825,6.674292900384109,6.533286712347825,6.603789806365967,6.603789806365967,28500
29/01/1998,6.650791869044728,6.662542384714419,6.603789806365967,6.603789806365967,6.603789806365967,12600
30/01/1998,6.627297020982118,6.627297020982118,6.533292807918541,6.568544387817383,6.568544387817383,8500
02/02/1998,6.56853763834178,6.580288152900531,6.533286094665527,6.533286094665527,6.533286094665527,28200
03/02/1998,6.509788381292465,6.627293586730957,6.509788381292465,6.627293586730957,6.627293586730957,29900
04/02/1998,6.592041784608868,6.697796465645374,6.592041784608868,6.674295425415039,6.674295425415039,23700
05/02/1998,6.686043444850988,6.756546539172791,6.674292929130687,6.697793960571289,6.697793960571289,103800
06/02/1998,6.6625413569537075,6.721293926239014,6.639040329239585,6.721293926239014,6.721293926239014,43500
09/02/1998,6.721293711000019,6.803547305365403,6.721293711000019,6.768295764923096,6.768295764923096,188500
10/02/1998,6.803550780857897,6.803550780857897,6.733047663957815,6.744798183441162,6.744798183441162,32100
11/02/1998,6.721296373450238,6.768298445991848,6.721296373450238,6.756547927856445,6.756547927856445,23500
12/02/1998,6.72129828841598,6.72129828841598,6.662545680999757,6.662545680999756,6.662545680999756,13600
13/02/1998,6.6625486008809585,6.6625486008809585,6.521542281285594,6.568544387817383,6.568544387817383,15800
17/02/1998,6.521537718565567,6.5450387553892275,6.427533571270929,6.486286163330078,6.486286163330078,71000
18/02/1998,6.4862881439041615,6.4862881439041615,6.427535533905029,6.427535533905029,6.427535533905029,79000
19/02/1998,6.427533383307975,6.427533383307975,6.380531311035156,6.380531311035156,6.380531311035156,14000
20/02/1998,6.380531504324504,6.5802903175354,6.380531504324504,6.5802903175354,6.5802903175354,16600
23/02/1998,6.5802903175354,6.5802903175354,6.521537725414549,6.5802903175354,6.5802903175354,83300
24/02/1998,6.580292779046136,6.580292779046136,6.462787550848884,6.52154016494751,6.52154016494751,23400
25/02/1998,6.545036609224279,6.556787123783029,6.533286094665527,6.533286094665527,6.533286094665527,6300
26/02/1998,6.556793861184436,6.568544387817382,6.521542281285594,6.568544387817383,6.568544387817383,16700
27/02/1998,6.568538006061295,6.568538006061295,6.533286460411592,6.556787490844727,6.556787490844727,14200
02/03/1998,6.533286460411592,6.556787490844727,6.533286460411592,6.556787490844727,6.556787490844727,12400
03/03/1998,6.545041210586961,6.545041210586961,6.49803911930806,6.52154016494751,6.52154016494751,27900
04/03/1998,6.49803911930806,6.521540164947511,6.49803911930806,6.52154016494751,6.52154016494751,14400
05/03/1998,6.49803911930806,6.5685422562264115,6.49803911930806,6.52154016494751,6.52154016494751,76100
06/03/1998,6.521537663478612,6.580290255041483,6.498036626853464,6.54503870010376,6.54503870010376,14400
09/03/1998,6.568538259356896,6.639041353375037,6.533286712347825,6.603789806365967,6.603789806365967,25000
10/03/1998,6.603789623620889,6.603789623620889,6.545037046898283,6.592039108276367,6.592039108276367,15300
11/03/1998,6.580288674134741,6.592039189624267,6.474534034729004,6.474534034729004,6.474534034729004,44600
12/03/1998,6.451032853895618,6.556787490844727,6.427531823462483,6.556787490844727,6.556787490844727,10300
13/03/1998,6.556787490844727,6.580288521277862,6.509785429978456,6.556787490844727,6.556787490844727,25600
16/03/1998,6.580294914450329,6.615546494349171,6.5450433345514885,6.568544387817383,6.568544387817383,10800
17/03/1998,6.592042841902599,6.592042841902599,6.415785011905204,6.427535533905029,6.427535533905029,207800
18/03/1998,6.462783408208092,6.5567875305093,6.439282377632789,6.498034954071045,6.498034954071045,179000
19/03/1998,6.509786605834961,6.521537123174014,6.498036088495908,6.509786605834961,6.509786605834961,112500
20/03/1998,6.509785681008444,6.650791869044728,6.498035165338754,6.603789806365967,6.603789806365967,134300
23/03/1998,6.603789551710997,6.603789551710997,6.545036975628159,6.556787490844727,6.556787490844727,24400
24/03/1998,6.603792545643258,6.674295668906354,6.58029150455556,6.627293586730957,6.627293586730957,46100
25/03/1998,6.60155154807227,6.720713128362383,6.60155154807227,6.673048496246338,6.673048496246338,69400
26/03/1998,6.696883686113443,6.696883686113443,6.62538670725814,6.661135196685791,6.661135196685791,41900
27/03/1998,6.64921760559082,6.64921760559082,6.601552963256836,6.637301445007324,6.637301445007324,41300
30/03/1998,6.637300967312545,6.64921712703842,6.589636328409044,6.62538480758667,6.62538480758667,21200
31/03/1998,6.62538480758667,6.62538480758667,6.541971689505543,6.62538480758667,6.62538480758667,52500
01/04/1998,6.625387198658196,6.625387198658196,6.565806378526378,6.601554870605469,6.601554870605469,62500
02/04/1998,6.601554380973038,6.696883686113443,6.530057402117735,6.661135196685791,6.661135196685791,139100
03/04/1998,6.673048496246338,6.673048496246338,6.613467706101281,6.673048496246338,6.673048496246338,44900
06/04/1998,6.673051359828342,6.673051359828342,6.63730287040069,6.661135196685791,6.661135196685791,97400
07/04/1998,6.625383864130292,6.673048496246338,6.625383864130292,6.673048496246338,6.673048496246338,53900
08/04/1998,6.673051359828342,6.673051359828342,6.649219033543241,6.661135196685791,6.661135196685791,20800
09/04/1998,6.649219033543241,6.673051359828342,6.649219033543241,6.661135196685791,6.661135196685791,18500
13/04/1998,6.649216180188315,6.673048496246338,6.649216180188315,6.673048496246338,6.673048496246338,41700
14/04/1998,6.673048496246338,6.673048496246338,6.649216180188315,6.673048496246338,6.673048496246338,62900
15/04/1998,6.673048496246338,6.673048496246338,6.625383864130292,6.673048496246338,6.673048496246338,50000
16/04/1998,6.661135196685791,6.673051359828342,6.661135196685791,6.661135196685791,6.661135196685791,53100
17/04/1998,6.673051359828342,6.673051359828342,6.62538670725814,6.661135196685791,6.661135196685791,74500
20/04/1998,6.673048496246338,6.673048496246338,6.661132338217326,6.673048496246338,6.673048496246338,149900
21/04/1998,6.661135196685791,6.673051359828342,6.577722054687937,6.661135196685791,6.661135196685791,21100
22/04/1998,6.661131377715791,6.673047534026553,6.637299065094268,6.649215221405029,6.649215221405029,33000
23/04/1998,6.649218087610992,6.649218087610992,6.565804957479671,6.577721118927002,6.577721118927002,17600
24/04/1998,6.625382908783506,6.649215221405029,6.613466752472744,6.649215221405029,6.649215221405029,138000
27/04/1998,6.637300967312545,6.637300967312545,6.577720168683168,6.62538480758667,6.62538480758667,156500
28/04/1998,6.649216148975122,6.649216148975122,6.518138411271311,6.530054569244385,6.530054569244385,69600
29/04/1998,6.5419721603393555,6.577720642089844,6.303648948669434,6.506223678588867,6.506223678588867,153600
30/04/1998,6.530054599898202,6.673048496246338,6.506222283840179,6.673048496246338,6.673048496246338,56600
01/05/1998,6.673050407890801,6.768379699432098,6.577721116349504,6.61346960067749,6.61346960067749,89100
04/05/1998,6.601551522341642,6.649216154271906,6.541970732428811,6.553886890411377,6.553886890411377,33300
05/05/1998,6.530056948237757,6.577721597494967,6.49430846129485,6.565805435180664,6.565805435180664,21000
06/05/1998,6.589635359109753,6.601551517082827,6.48238993735209,6.530054569244385,6.530054569244385,65700
07/05/1998,6.506222253298238,6.553886885190532,6.48238993735209,6.530054569244385,6.530054569244385,119500
08/05/1998,6.530055999755859,6.577720642089844,6.482391357421875,6.506223678588867,6.506223678588867,39000
11/05/1998,6.4823899269104,6.530054558725919,6.458557611002642,6.4823899269104,6.4823899269104,25300
12/05/1998,6.458557611002642,6.5062222428181595,6.387060663279366,6.4823899269104,6.4823899269104,19300
13/05/1998,6.45855712890625,6.494305600099459,6.45855712890625,6.45855712890625,6.45855712890625,11700
14/05/1998,6.458560464131898,6.4823927905678085,6.422811974478031,6.4704766273498535,6.4704766273498535,62500
15/05/1998,6.434725295094883,6.4823899269104,6.351312189417727,6.4823899269104,6.4823899269104,41400
18/05/1998,6.458557611002642,6.518138400772039,6.458557611002642,6.4823899269104,6.4823899269104,7400
19/05/1998,6.4585604588919825,6.530057438141709,6.4585604588919825,6.494308948516846,6.494308948516846,41200
20/05/1998,6.470473744936078,6.470473744936078,6.35131216583965,6.3751444816589355,6.3751444816589355,100200
21/05/1998,6.363229276528999,6.387061595916748,6.363229276528999,6.387061595916748,6.387061595916748,21800
22/05/1998,6.3870606395685785,6.3989767974782215,6.315563692110721,6.3751444816589355,6.3751444816589355,21300
26/05/1998,6.3751449549175785,6.3751449549175785,6.327480319740625,6.351312637329102,6.351312637329102,42300
27/05/1998,6.351311715326626,6.45855712890625,6.351311715326626,6.45855712890625,6.45855712890625,88200
28/05/1998,6.434728142955167,6.4823927958659455,6.410895816499777,6.446644306182861,6.446644306182861,25300
29/05/1998,6.446644300913942,6.50622511700372,6.434728137695987,6.4704766273498535,6.4704766273498535,24000
01/06/1998,6.4704766273498535,6.50622511700372,6.446644300913942,6.4704766273498535,6.4704766273498535,15800
02/06/1998,6.470476155810886,6.4823923181604455,6.351314532315289,6.434727668762207,6.434727668762207,27100
03/06/1998,6.434728142955167,6.458560469410556,6.434728142955167,6.446644306182861,6.446644306182861,12100
04/06/1998,6.446642875671387,6.518139839172363,6.434726715087891,6.518139839172363,6.518139839172363,23100
05/06/1998,6.518139839172363,6.518139839172363,6.494307518005371,6.506223678588867,6.506223678588867,2900
08/06/1998,6.51814031427241,6.565804960080618,6.51814031427241,6.541972637176514,6.541972637176514,17200
09/06/1998,6.565803048393943,6.565803048393943,6.48238994251598,6.553886890411377,6.553886890411377,24700
10/06/1998,6.553886885190532,6.553886885190532,6.48238993735209,6.530054569244385,6.530054569244385,32100
11/06/1998,6.530054569244385,6.541970727217459,6.506222253298238,6.530054569244385,6.530054569244385,51200
12/06/1998,6.4823927958659455,6.5300574487767244,6.434728142955167,6.446644306182861,6.446644306182861,34500
15/06/1998,6.41089247228501,6.434724786308374,6.315563216191553,6.363227844238281,6.363227844238281,27100
16/06/1998,6.410894393920898,6.470475196838379,6.339397430419922,6.339397430419922,6.339397430419922,11600
17/06/1998,6.339397920144571,6.351314081648602,6.172571659088135,6.172571659088135,6.172571659088135,47100
18/06/1998,6.172570710873786,6.2798161479353,6.172570710873786,6.244067668914795,6.244067668914795,35900
19/06/1998,6.148739803796527,6.244069103080194,6.148739803796527,6.220236778259277,6.220236778259277,68200
22/06/1998,6.1725693003336595,6.327479340689523,6.1725693003336595,6.255982398986816,6.255982398986816,49500
23/06/1998,6.29173326312371,6.375146393506032,6.29173326312371,6.315565586090088,6.315565586090088,36900
24/06/1998,6.36322879612334,6.398977272506055,6.351312637329102,6.351312637329102,6.351312637329102,10400
25/06/1998,6.327481269836426,6.37514591217041,6.327481269836426,6.339397430419922,6.339397430419922,5100
26/06/1998,6.434215857502172,6.434215857502172,6.313271950406267,6.361649513244629,6.361649513244629,23100
29/06/1998,6.337460999193603,6.458404911391954,6.337460999193603,6.446310520172119,6.446310520172119,39900
30/06/1998,6.4221252396421615,6.4825972287160045,6.410030841827393,6.410030841827393,6.410030841827393,32500
01/07/1998,6.410028605318781,6.50678375407831,6.385839818128899,6.482594966888428,6.482594966888428,68000
02/07/1998,6.482595751590764,6.555162121944392,6.482595751590764,6.518878936767578,6.518878936767578,33400
06/07/1998,6.506783063938555,6.506783063938555,6.458405494689941,6.458405494689941,6.458405494689941,71200
07/07/1998,6.482595112930805,6.555161476135254,6.482595112930805,6.555161476135254,6.555161476135254,29300
08/07/1998,6.50678454170864,6.56725651700333,6.482595751590764,6.518878936767578,6.518878936767578,28900
09/07/1998,6.5430687113719825,6.627729489522821,6.506785520735908,6.579351902008057,6.579351902008057,35800
10/07/1998,6.6035400819601175,6.627728873469129,6.506784915924072,6.506784915924072,6.506784915924072,14900
13/07/1998,6.518878936767578,6.543067726885454,6.50678454170864,6.518878936767578,6.518878936767578,4200
14/07/1998,6.518878147673251,6.518878147673251,6.482594966888428,6.482594966888428,6.482594966888428,19000
15/07/1998,6.50678454170864,6.530973331826516,6.482595751590764,6.518878936767578,6.518878936767578,5600
16/07/1998,6.518877450932456,6.567255020141602,6.518877450932456,6.567255020141602,6.567255020141602,26100
17/07/1998,6.555164139359086,6.555164139359086,6.530975341796875,6.530975341796875,6.530975341796875,96900
20/07/1998,6.54306697845459,6.555161372130107,6.530972584779073,6.54306697845459,6.54306697845459,80000
21/07/1998,6.530975341796875,6.555164139359086,6.530975341796875,6.530975341796875,6.530975341796875,48400
22/07/1998,6.555161476135254,6.567255870002662,6.530972688400438,6.555161476135254,6.555161476135254,22900
23/07/1998,6.555164121467376,6.567258520215471,6.458408931482618,6.470503330230713,6.470503330230713,20900
24/07/1998,6.4946916265307735,6.4946916265307735,6.410030841827393,6.410030841827393,6.410030841827393,10900
27/07/1998,6.385837861861305,6.434215421420861,6.313271522521973,6.313271522521973,6.313271522521973,15500
28/07/1998,6.337460302301751,6.385837861861305,6.289082742742195,6.313271522521973,6.313271522521973,26400
29/07/1998,6.337460731825448,6.361649513244629,6.337460731825448,6.361649513244629,6.361649513244629,7200
30/07/1998,6.410028749726355,6.555161476135254,6.410028749726355,6.555161476135254,6.555161476135254,31300
31/07/1998,6.5309721664343465,6.603538523839172,6.494688987731934,6.494688987731934,6.494688987731934,82900
03/08/1998,6.4946916265307735,6.4946916265307735,6.410030841827393,6.410030841827393,6.410030841827393,20600
04/08/1998,6.410026531988279,6.434215311354273,6.301177024841309,6.301177024841309,6.301177024841309,16000
05/08/1998,6.3011796150791035,6.349557193697753,6.2890852204244405,6.325368404388428,6.325368404388428,29300
06/08/1998,6.313271522521973,6.3495546921916395,6.289082742742195,6.313271522521973,6.313271522521973,33900
07/08/1998,6.325367393710808,6.373744964599609,6.301178608266407,6.373744964599609,6.373744964599609,57800
10/08/1998,6.373746086622922,6.397934876325476,6.337462902069092,6.337462902069092,6.337462902069092,16900
11/08/1998,6.30117887315296,6.361650839306059,6.30117887315296,6.3495564460754395,6.3495564460754395,23300
12/08/1998,6.361651030939017,6.50678375407831,6.361651030939017,6.482594966888428,6.482594966888428,20400
13/08/1998,6.50678375407831,6.530972541268192,6.446311786103604,6.482594966888428,6.482594966888428,11800
14/08/1998,6.506785520735908,6.591446298886748,6.506785520735908,6.579351902008057,6.579351902008057,16700
17/08/1998,6.6035381970484615,6.6035381970484615,6.567255020141602,6.567255020141602,6.567255020141602,25900
18/08/1998,6.5793494124438885,6.6035381970484615,6.567255020141602,6.567255020141602,6.567255020141602,14000
19/08/1998,6.567255870002662,6.591444657737479,6.555161476135254,6.555161476135254,6.555161476135254,39700
20/08/1998,6.579351902008057,6.579351902008057,6.555163108250674,6.579351902008057,6.579351902008057,32400
21/08/1998,6.579351902008057,6.627729489522821,6.555163108250674,6.579351902008057,6.579351902008057,41200
24/08/1998,6.5793494124438885,6.6035381970484615,6.530971843234742,6.567255020141602,6.567255020141602,12700
25/08/1998,6.555161476135254,6.5793502638700705,6.555161476135254,6.555161476135254,6.555161476135254,8700
26/08/1998,6.530973707433084,6.530973707433084,6.506784915924072,6.506784915924072,6.506784915924072,73400
27/08/1998,6.482595885540806,6.482595885540806,6.410029513687737,6.422123908996582,6.422123908996582,22200
28/08/1998,6.4221217889190845,6.45840496286778,6.397933006286621,6.397933006286621,6.397933006286621,26000
31/08/1998,6.410029166971065,6.422123561625727,6.313274009733766,6.325368404388428,6.325368404388428,82000
01/09/1998,6.313275387412623,6.458408154939351,6.313275387412623,6.4342193603515625,6.4342193603515625,28700
02/09/1998,6.458404855294662,6.458404855294662,6.385838508605957,6.385838508605957,6.385838508605957,14400
03/09/1998,6.3858396066612455,6.3858396066612455,6.071385383605957,6.071385383605957,6.071385383605957,37300
04/09/1998,6.02301053270217,6.143954519302614,5.950444140741902,5.99882173538208,5.99882173538208,45300
08/09/1998,6.02300781082822,6.119762956383694,6.02300781082822,6.071385383605957,6.071385383605957,20900
09/09/1998,6.047196331478301,6.11976268745604,6.047196331478301,6.095573902130127,6.095573902130127,15200
10/09/1998,6.071385068262746,6.119762638527788,5.998818712865184,6.035101890563965,6.035101890563965,18300
11/09/1998,6.023011184129558,6.023011184129558,5.781123184766925,5.902067184448242,5.902067184448242,72200
14/09/1998,5.926255325193075,6.0230105141758195,5.902066527947389,5.938349723815918,5.938349723815918,35100
15/09/1998,5.950443592071533,6.04719877243042,5.950443592071533,6.04719877243042,6.04719877243042,13900
16/09/1998,6.047195858425564,6.071384641859266,5.986723899841309,5.986723899841309,5.986723899841309,11800
17/09/1998,5.902067184448242,5.902067184448242,5.853689584575715,5.902067184448242,5.902067184448242,25200
18/09/1998,5.974627062530215,6.083476543426514,5.926249515465193,6.083476543426514,6.083476543426514,54000
21/09/1998,6.059290724141258,6.168140258107867,6.023007546152388,6.095573902130127,6.095573902130127,20000
22/09/1998,6.095572917633637,6.361649513244629,6.095572917633637,6.361649513244629,6.361649513244629,13100
23/09/1998,6.385841551948996,6.724484664552351,6.385841551948996,6.579351902008057,6.579351902008057,30700
24/09/1998,6.567258013419385,6.603541206863691,6.410030841827393,6.410030841827393,6.410030841827393,12500
25/09/1998,6.410029749888027,6.567256894696601,6.410029749888027,6.506784915924072,6.506784915924072,11100
28/09/1998,6.504818447475327,6.627550871012597,6.504818447475327,6.590731143951416,6.590731143951416,37200
29/09/1998,6.578461198245778,6.688920434783487,6.578461198245778,6.676647186279297,6.676647186279297,63400
30/09/1998,6.701190325134959,6.725736809842414,6.541638174536508,6.590731143951416,6.590731143951416,13000
01/10/1998,6.553916213197528,6.553916213197528,6.492549956519649,6.504823207855225,6.504823207855225,4300
02/10/1998,6.4925458766729705,6.603005069281774,6.48027263304977,6.5416388511657715,6.5416388511657715,11400
05/10/1998,6.517094051953658,6.517094051953658,6.308448856316724,6.3207221031188965,6.3207221031188965,21800
06/10/1998,6.308447568556842,6.308447568556842,6.197988369885613,6.259354591369629,6.259354591369629,10400
07/10/1998,6.259354591369629,6.271627835666433,6.22253485847922,6.259354591369629,6.259354591369629,16300
08/10/1998,6.210261687399849,6.210261687399849,6.112075731867836,6.185715198516846,6.185715198516846,7000
09/10/1998,6.185717357425239,6.28390334722564,6.087531367624838,6.2348103523254395,6.2348103523254395,33100
12/10/1998,6.2593571047916585,6.578461584643783,6.2593571047916585,6.566188335418701,6.566188335418701,33200
13/10/1998,6.578460564774074,6.676646543352792,6.5539140701293945,6.5539140701293945,6.5539140701293945,21000
14/10/1998,6.578460915644365,6.578460915644365,6.529367923736572,6.529367923736572,6.529367923736572,7700
15/10/1998,6.504818779049497,6.541638507987513,6.48027229309082,6.48027229309082,6.48027229309082,8200
16/10/1998,6.48027322916967,6.664371900452899,6.48027322916967,6.652098655700684,6.652098655700684,43400
19/10/1998,6.603007380285599,6.676646867798078,6.603007380285599,6.615280628204346,6.615280628204346,41400
20/10/1998,6.6398271240418385,6.664373619879331,6.603007380285599,6.615280628204346,6.615280628204346,22100
21/10/1998,6.590735967204256,6.590735967204256,6.504823207855225,6.504823207855225,6.504823207855225,11700
22/10/1998,6.455728405260642,6.627553876123092,6.418908661504402,6.615280628204346,6.615280628204346,9400
23/10/1998,6.62755458154411,6.62755458154411,6.5170953385183745,6.566188335418701,6.566188335418701,4100
26/10/1998,6.578458236925529,6.639824451822223,6.48027229309082,6.48027229309082,6.48027229309082,16400
27/10/1998,6.504818779049497,6.504818779049497,6.455725807132143,6.48027229309082,6.48027229309082,16200
28/10/1998,6.455725807132143,6.48027229309082,6.455725807132143,6.48027229309082,6.48027229309082,6700
29/10/1998,6.431183699841769,6.504823207855225,6.431183699841769,6.504823207855225,6.504823207855225,10600
30/10/1998,6.504822089293293,6.603008083093946,6.504822089293293,6.566188335418701,6.566188335418701,12500
02/11/1998,6.5416406051820095,6.603006839752197,6.5416406051820095,6.603006839752197,6.603006839752197,3100
03/11/1998,6.652099827408348,6.652099827408348,6.603006839752197,6.603006839752197,6.603006839752197,9100
04/11/1998,6.615280086666235,6.6275533335802725,6.578460345924122,6.603006839752197,6.603006839752197,5700
05/11/1998,6.652099827408348,6.664373074322385,6.578460345924122,6.603006839752197,6.603006839752197,27900
06/11/1998,6.590734132366853,6.627553876123092,6.5784608844481065,6.615280628204346,6.615280628204346,46900
09/11/1998,6.63982658049431,6.63982658049431,6.59073359283816,6.603006839752197,6.603006839752197,11300
10/11/1998,6.578457901597689,6.627550871012597,6.578457901597689,6.590731143951416,6.590731143951416,73500
11/11/1998,6.59073359283816,6.63982658049431,6.59073359283816,6.603006839752197,6.603006839752197,23600
12/11/1998,6.603007059418753,6.603007059418753,6.517094328162376,6.5539140701293945,6.5539140701293945,54100
13/11/1998,6.578458306469403,6.578458306469403,6.4925456047058105,6.4925456047058105,6.4925456047058105,16300
16/11/1998,6.480276705184073,6.5170964591908005,6.480276705184073,6.504823207855225,6.504823207855225,15800
17/11/1998,6.50482073648652,6.578460216522217,6.50482073648652,6.578460216522217,6.578460216522217,18400
18/11/1998,6.578460915644365,6.578460915644365,6.529367923736572,6.529367923736572,6.529367923736572,15200
19/11/1998,6.553913723176985,6.578460216522217,6.529367229831752,6.578460216522217,6.578460216522217,5000
20/11/1998,6.5539114168902355,6.603004386305144,6.529364932182781,6.590731143951416,6.590731143951416,36800
23/11/1998,6.5661873174517345,6.578460564774074,6.517094328162376,6.5539140701293945,6.5539140701293945,14700
24/11/1998,6.553911958037124,6.578458444771345,6.49254574120157,6.517092227935791,6.517092227935791,49700
25/11/1998,6.5170955466494735,6.5170955466494735,6.406636300096093,6.418909549713135,6.418909549713135,13900
27/11/1998,6.418908403469966,6.418908403469966,6.382088661193848,6.382088661193848,6.382088661193848,35700
30/11/1998,6.39436149597168,6.406634742605023,6.382088249338337,6.39436149597168,6.39436149597168,35000
01/12/1998,6.394361084905165,6.406634330749512,6.332994855683426,6.406634330749512,6.406634330749512,31300
02/12/1998,6.39435959223545,6.48027229309082,6.369813106276772,6.48027229309082,6.48027229309082,27300
03/12/1998,6.48027222432493,6.504818710023131,6.45572573862673,6.46799898147583,6.46799898147583,22900
04/12/1998,6.492548678539417,6.627554416656494,6.492548678539417,6.627554416656494,6.627554416656494,7600
07/12/1998,6.6275533335802725,6.6275533335802725,6.59073359283816,6.603006839752197,6.603006839752197,12400
08/12/1998,6.578458236925529,6.578458236925529,6.443452564152804,6.48027229309082,6.48027229309082,21600
09/12/1998,6.480274901098134,6.627553876123092,6.455728405260642,6.615280628204346,6.615280628204346,51400
10/12/1998,6.66437114834112,6.66437114834112,6.517092227935791,6.517092227935791,6.517092227935791,32600
11/12/1998,6.529368425298619,6.627554416656494,6.529368425298619,6.627554416656494,6.627554416656494,11400
14/12/1998,6.603007918817025,6.639827665576228,6.578461420977557,6.627554416656494,6.627554416656494,37600
15/12/1998,6.639825269988512,6.725737981430138,6.639825269988512,6.713464736938477,6.713464736938477,46100
16/12/1998,6.701193683287677,6.701193683287677,6.615280943758348,6.676647186279297,6.676647186279297,44500
17/12/1998,6.725740804568955,6.811653552072573,6.713467554925581,6.799380302429199,6.799380302429199,32000
18/12/1998,6.774828963227324,6.774828963227324,6.639823313597794,6.7011895179748535,6.7011895179748535,40000
21/12/1998,6.676643036224029,6.750282481476501,6.676643036224029,6.7011895179748535,6.7011895179748535,13800
22/12/1998,6.725740208142046,6.787106450917064,6.67664721392203,6.7748332023620605,6.7748332023620605,69600
23/12/1998,6.823923862864269,6.836197107221938,6.77483088543359,6.78710412979126,6.78710412979126,12100
24/12/1998,6.799379699472068,6.799379699472068,6.7748332023620605,6.7748332023620605,6.7748332023620605,18900
28/12/1998,6.7257386571710756,6.7502851486206055,6.676645674272017,6.7502851486206055,6.7502851486206055,34100
29/12/1998,6.7380123575029085,6.8484715764783655,6.7380123575029085,6.836198329925537,6.836198329925537,40300
30/12/1998,6.859101651165936,6.908895492553711,6.859101651165936,6.908895492553711,6.908895492553711,15900
31/12/1998,6.908894719512501,6.946240096374731,6.908894719512501,6.933791637420654,6.933791637420654,23000
04/01/1999,6.933795919487193,6.95869285277081,6.88400205291996,6.896450519561768,6.896450519561768,29300
05/01/1999,6.871547964641026,6.97113561630249,6.871547964641026,6.97113561630249,6.97113561630249,144500
06/01/1999,6.971137582623917,7.070725262375687,6.971137582623917,7.045828342437744,7.045828342437744,50400
07/01/1999,6.971138652109166,7.033380961502998,6.971138652109166,6.996035575866699,6.996035575866699,17300
08/01/1999,6.996033783027348,7.008482241716009,6.908894572206722,6.946239948272705,6.946239948272705,37300
11/01/1999,6.9711413194126175,6.9711413194126175,6.896450519561768,6.896450519561768,6.896450519561768,37000
12/01/1999,6.921347452845384,6.946244386129001,6.88400205291996,6.896450519561768,6.896450519561768,144000
13/01/1999,6.896450519561768,6.9711413194126175,6.88400205291996,6.896450519561768,6.896450519561768,27900
14/01/1999,6.871553586278152,6.9711413194126175,6.871553586278152,6.896450519561768,6.896450519561768,29200
15/01/1999,6.884001241163774,6.908898171511563,6.84665584564209,6.84665584564209,6.84665584564209,11900
19/01/1999,6.846655831694385,6.871552761991455,6.7470681105061034,6.809310436248779,6.809310436248779,37500
20/01/1999,6.821754019403198,6.871547844362345,6.821754019403198,6.859099388122559,6.859099388122559,71500
21/01/1999,6.809308024890282,6.821756485630484,6.647478035267661,6.771962642669678,6.771962642669678,28500
22/01/1999,6.74706701466637,6.871551645933277,6.722170088412988,6.821757793426514,6.821757793426514,10900
25/01/1999,6.809309157696399,6.809309157696399,6.722169918018383,6.796860694885254,6.796860694885254,16300
26/01/1999,6.771963920943234,6.846654699483048,6.722170068583357,6.784412384033203,6.784412384033203,29900
27/01/1999,6.784413620080362,6.784413620080362,6.64748050114296,6.684825897216797,6.684825897216797,41400
28/01/1999,6.709720311896418,6.759514154656317,6.709720311896418,6.734617233276367,6.734617233276367,37100
29/01/1999,6.722168745161432,6.771962587718184,6.697271823883057,6.697271823883057,6.697271823883057,109500
01/02/1999,6.697274362574743,6.73461975864858,6.684825897216797,6.684825897216797,6.684825897216797,2600
02/02/1999,6.709720311896418,6.759514154656317,6.6599264691365185,6.734617233276367,6.734617233276367,25100
03/02/1999,6.734620877166292,6.759517812017184,6.64748160518817,6.6723785400390625,6.6723785400390625,16100
04/02/1999,6.67237463847962,6.67237463847962,6.547890037015447,6.560338497161865,6.560338497161865,12700
05/02/1999,6.560338525952033,6.647477747359366,6.522993145348891,6.597683906555176,6.597683906555176,33500
08/02/1999,6.5727880870912845,6.585236549377442,6.522994237946653,6.585236549377441,6.585236549377441,56200
09/02/1999,6.560341513202217,6.572789979071671,6.522996115593855,6.547893047332764,6.547893047332764,46500
10/02/1999,6.547892401236614,6.547892401236614,6.522995471954346,6.522995471954346,6.522995471954346,11400
11/02/1999,6.473199544738535,6.522993387390371,6.410957241423742,6.498096466064453,6.498096466064453,47600
12/02/1999,6.448302921882043,6.510545228077815,6.423405999403733,6.473199844360352,6.473199844360352,27500
16/02/1999,6.423405824020562,6.585235815711003,6.423405824020562,6.448302745819092,6.448302745819092,31100
17/02/1999,6.398508902222033,6.448302745819092,6.3487150586249745,6.448302745819092,6.448302745819092,24100
18/02/1999,6.423405824020562,6.49809658941615,6.410957363121297,6.448302745819092,6.448302745819092,38600
19/02/1999,6.473199844360352,6.522993689316969,6.448302921882043,6.473199844360352,6.473199844360352,6300
22/02/1999,6.473203492396086,6.473203492396086,6.386064214613831,6.410961151123047,6.410961151123047,18800
23/02/1999,6.423405647277832,6.423405647277832,6.373611805050872,6.423405647277832,6.423405647277832,26200
24/02/1999,6.398509958718854,6.423406884628266,6.34871610690003,6.361164569854736,6.361164569854736,13200
25/02/1999,6.361161150790678,6.361161150790678,6.286470413208008,6.286470413208008,6.286470413208008,25100
26/02/1999,6.236676877819995,6.261573791503906,6.199331507294126,6.261573791503906,6.261573791503906,18500
01/03/1999,6.2117821583381065,6.473199844360352,6.2117821583381065,6.473199844360352,6.473199844360352,18600
02/03/1999,6.52299257889819,6.610131792738433,6.485647201538086,6.485647201538086,6.485647201538086,39700
03/03/1999,6.49809676683866,6.522993689316969,6.423405999403733,6.473199844360352,6.473199844360352,51300
04/03/1999,6.448302921882043,6.473199844360352,6.423405999403733,6.473199844360352,6.473199844360352,30200
05/03/1999,6.448302568391312,6.4731994895047915,6.398508726164351,6.423405647277832,6.423405647277832,14300
08/03/1999,6.398511242121458,6.423408173024654,6.373614311218262,6.373614311218262,6.373614311218262,14500
09/03/1999,6.386064200533237,6.410961136987558,6.261579518261635,6.298924922943115,6.298924922943115,22000
10/03/1999,6.323819960498622,6.3611653539661335,6.298923031520281,6.336268424987793,6.336268424987793,9700
11/03/1999,6.323819601203342,6.336268064985237,6.199334963384378,6.249128818511963,6.249128818511963,48800
12/03/1999,6.249125044416673,6.286470413208008,6.211779675625339,6.286470413208008,6.286470413208008,25600
15/03/1999,6.311369390714736,6.3238178510514516,6.224230168357728,6.27402400970459,6.27402400970459,27400
16/03/1999,6.323816923935268,6.361162299470318,6.2989200069119,6.311368465423584,6.311368465423584,18600
17/03/1999,6.3113676188717305,6.3113676188717305,6.199331507294126,6.261573791503906,6.261573791503906,70900
18/03/1999,6.274025746075756,6.298922673639549,6.249128818511963,6.249128818511963,6.249128818511963,8300
19/03/1999,6.2242326736450195,6.2242326736450195,6.21178420829773,6.2242326736450195,6.2242326736450195,7400
22/03/1999,6.224232505124257,6.224232505124257,6.19933557510376,6.19933557510376,6.19933557510376,8300
23/03/1999,6.199335729572136,6.211784194892561,6.174438798931283,6.186887264251709,6.186887264251709,19400
24/03/1999,6.186887110093512,6.19933557510376,6.174438645083264,6.19933557510376,6.19933557510376,18600
25/03/1999,6.214014829182234,6.2646381679128424,6.112768151721016,6.176047325134277,6.176047325134277,31400
26/03/1999,6.176047601505202,6.226670942501146,6.15073593100723,6.201359272003174,6.201359272003174,19400
29/03/1999,6.251981064196555,6.315260224765347,6.2140135678552815,6.277292728424072,6.277292728424072,40500
30/03/1999,6.277292728424072,6.327916056879105,6.2266693999690395,6.277292728424072,6.277292728424072,21000
31/03/1999,6.26463808412627,6.543066443420771,6.26463808412627,6.429163932800293,6.429163932800293,38900
01/04/1999,6.4291655019934915,6.45447717719819,6.327918801174696,6.3532304763793945,6.3532304763793945,8900
05/04/1999,6.378540202975273,6.4797868728637695,6.378540202975273,6.4797868728637695,6.4797868728637695,23600
06/04/1999,6.429163175138089,6.47978650722579,6.378539843050387,6.403851509094238,6.403851509094238,37600
07/04/1999,6.403850365822643,6.429162027347633,6.353227042772661,6.365882873535156,6.365882873535156,16800
08/04/1999,6.365886313981744,6.365886313981744,6.340574638777046,6.3532304763793945,6.3532304763793945,37600
09/04/1999,6.3532282744303785,6.403851607294366,6.315260774782389,6.391195774078369,6.391195774078369,22800
12/04/1999,6.3658855045543,6.4797880284926475,6.35322966856115,6.454476356506348,6.454476356506348,27200
13/04/1999,6.454474063235034,6.581032378200427,6.441818231738495,6.505097389221191,6.505097389221191,19500
14/04/1999,6.517755038729321,6.783527574289157,6.517755038729321,6.75821590423584,6.75821590423584,21300
15/04/1999,6.73290489815377,6.75821657070322,6.517755681483442,6.555723190307617,6.555723190307617,42000
16/04/1999,6.555718922253811,6.758212170817635,6.555718922253811,6.682277202606201,6.682277202606201,40500
19/04/1999,6.707592787760081,7.011332838526576,6.707592787760081,6.910086154937744,6.910086154937744,45100
20/04/1999,6.960707935011365,7.1125779263207045,6.935396269793142,7.0492987632751465,7.0492987632751465,42700
21/04/1999,7.036644081596855,7.061955750955118,6.986020742880331,7.023988246917725,7.023988246917725,13900
22/04/1999,6.998676952698248,7.061956129485755,6.998676952698248,7.036644458770752,7.036644458770752,34900
23/04/1999,7.06195525441851,7.112578589575631,7.06195525441851,7.08726692199707,7.08726692199707,40900
26/04/1999,7.099922168381222,7.163201332092285,7.099922168381222,7.163201332092285,7.163201332092285,24500
27/04/1999,7.137889946010751,7.239136611911613,7.112578279535536,7.188513278961182,7.188513278961182,31400
28/04/1999,7.188511941816424,7.2644469271173016,7.188511941816424,7.239135265350342,7.239135265350342,13500
29/04/1999,7.213821957064443,7.264445269043843,7.0619520211262445,7.074607849121094,7.074607849121094,52400
30/04/1999,7.099922755786351,7.137890257154193,7.06195525441851,7.08726692199707,7.08726692199707,9200
03/05/1999,7.087266250013032,7.213824575906122,7.061954584834414,7.11257791519165,7.11257791519165,29600
04/05/1999,7.11257947091576,7.11257947091576,6.986021117340746,7.036644458770752,7.036644458770752,76800
05/05/1999,7.023986727269722,7.0366425592107475,6.910084239800483,6.973363399505615,6.973363399505615,16500
06/05/1999,6.973367852854815,7.011335372924806,6.884776972691506,7.011335372924805,7.011335372924805,32000
07/05/1999,7.036643586839949,7.08726692199707,6.960708584104266,7.08726692199707,7.08726692199707,21400
10/05/1999,7.087266856226428,7.365695197006752,7.087266856226428,7.340383529663086,7.340383529663086,25800
11/05/1999,7.340387030285791,7.4669454273596845,7.327731190578402,7.378354549407959,7.378354549407959,43200
12/05/1999,7.37835209027885,7.391007925768179,7.327728748321533,7.327728748321533,7.327728748321533,24500
13/05/1999,7.353039363334919,7.416318531694084,7.264448527632089,7.340383529663086,7.340383529663086,9100
14/05/1999,7.315075444925518,7.315075444925518,7.213828725964611,7.251796245574951,7.251796245574951,7500
17/05/1999,7.239138909928199,7.264450584438437,7.201171398162842,7.201171398162842,7.201171398162842,5200
18/05/1999,7.226480007171631,7.2897591666039565,7.213824175285166,7.226480007171631,7.226480007171631,3200
19/05/1999,7.264447116022525,7.28975877844769,7.23913545359736,7.277102947235107,7.277102947235107,26000
20/05/1999,7.289762956005031,7.5175680483801886,7.289762956005031,7.466944694519043,7.466944694519043,22800
21/05/1999,7.492254734039307,7.492254734039307,7.454287226941135,7.492254734039307,7.492254734039307,20700
24/05/1999,7.517569057758038,7.517569057758038,7.39101065611228,7.4036664962768555,7.4036664962768555,14400
25/05/1999,7.428974365365916,7.428974365365916,7.289760194975754,7.340383529663086,7.340383529663086,17000
26/05/1999,7.2897622923537515,7.3150739669799805,7.2897622923537515,7.3150739669799805,7.3150739669799805,18700
27/05/1999,7.365695556276081,7.416318893432617,7.340383887697812,7.416318893432617,7.416318893432617,16600
28/05/1999,7.441634016770583,7.441634016770583,7.39101065611228,7.4036664962768555,7.4036664962768555,19700
01/06/1999,7.39100456237793,7.39100456237793,7.302413754267236,7.39100456237793,7.39100456237793,21100
02/06/1999,7.391009537215085,7.391009537215085,7.31507450772315,7.365697860717773,7.365697860717773,29800
03/06/1999,7.340381243457533,7.39100456237793,7.23913460561674,7.39100456237793,7.39100456237793,18400
04/06/1999,7.416317366253984,7.428973197937011,7.34038237615582,7.428973197937012,7.428973197937012,3800
07/06/1999,7.3910103891153485,7.3910103891153485,7.3150753508710125,7.378354549407959,7.378354549407959,13300
08/06/1999,7.403661534570957,7.454284861303066,7.378349871204902,7.428973197937012,7.428973197937012,13600
09/06/1999,7.428977179123184,7.466944694519043,7.353042148331464,7.466944694519043,7.466944694519043,9500
10/06/1999,7.441634178161621,7.441634178161621,7.378354975966369,7.441634178161621,7.441634178161621,17300
11/06/1999,7.466945859039722,7.466945859039722,7.441634178161621,7.441634178161621,7.441634178161621,22700
14/06/1999,7.428977908237516,7.428977908237516,7.378354549407959,7.378354549407959,7.378354549407959,27500
15/06/1999,7.39100456237793,7.416316221838128,7.365692902917732,7.39100456237793,7.39100456237793,33200
16/06/1999,7.416317366253984,7.454284861303066,7.378349871204902,7.428973197937012,7.428973197937012,11900
17/06/1999,7.441630264696727,7.454286098480225,7.428974430913229,7.454286098480225,7.454286098480225,20500
18/06/1999,7.416319316553285,7.416319316553285,7.289760966441454,7.302416801452637,7.302416801452637,64300
21/06/1999,7.327730785024927,7.327730785024927,7.125237360913703,7.137893199920654,7.137893199920654,25200
22/06/1999,7.1378911166267605,7.1378911166267605,7.087267775374088,7.099923610687256,7.099923610687256,11200
23/06/1999,7.08726742031338,7.08726742031338,7.011332412238594,7.023988246917725,7.023988246917725,97600
24/06/1999,7.036644434121416,7.112579446000424,7.023988598808248,7.099923610687256,7.099923610687256,29100
25/06/1999,7.074611286108639,7.137890456825174,7.061955451965332,7.061955451965332,7.061955451965332,7200
28/06/1999,7.074611940060921,7.112579446000424,6.998676928181912,7.099923610687256,7.099923610687256,28900
29/06/1999,7.0872663356390095,7.18851299757671,7.0872663356390095,7.163201332092285,7.163201332092285,77700
30/06/1999,7.163201612485967,7.251792445149221,7.163201612485967,7.188513278961182,7.188513278961182,21200
01/07/1999,7.188512128747028,7.277102947235107,7.188512128747028,7.277102947235107,7.277102947235107,24300
02/07/1999,7.277103826772198,7.277103826772198,7.0872663356390095,7.163201332092285,7.163201332092285,25300
06/07/1999,7.163201612485967,7.264448278386828,7.163201612485967,7.188513278961182,7.188513278961182,39100
07/07/1999,7.1885125115122355,7.2897591666039565,7.125233352079909,7.226480007171631,7.226480007171631,18800
08/07/1999,7.215697765350342,7.241376405084685,7.20285844548317,7.215697765350342,7.215697765350342,72800
09/07/1999,7.215699185716345,7.31841376487245,7.215699185716345,7.241377830505371,7.241377830505371,51900
12/07/1999,7.254217132716112,7.318413744510059,7.241377810357322,7.2927350997924805,7.2927350997924805,34800
13/07/1999,7.292732713101415,7.3312506675720215,7.292732713101415,7.3312506675720215,7.3312506675720215,8600
14/07/1999,7.305573919508931,7.369770526885986,7.29273459803352,7.369770526885986,7.369770526885986,18300
15/07/1999,7.369766726987115,7.446802616119385,7.344088097276359,7.446802616119385,7.446802616119385,56100
16/07/1999,7.446801145593604,7.446801145593604,7.344086647033691,7.344086647033691,7.344086647033691,25100
19/07/1999,7.369766218591029,7.369766218591029,7.267051706833663,7.305569648742676,7.305569648742676,16700
20/07/1999,7.305572031258284,7.3312506675720215,7.2670540767876775,7.3312506675720215,7.3312506675720215,35300
21/07/1999,7.369768618708072,7.395447255010191,7.356929300557012,7.382607936859131,7.382607936859131,7000
22/07/1999,7.395449678662797,7.395449678662797,7.254217132716112,7.2927350997924805,7.2927350997924805,167000
23/07/1999,7.2927312731955345,7.2927312731955345,7.19001674822095,7.202856063842773,7.202856063842773,40800
26/07/1999,7.202858442946819,7.27989436212272,7.202858442946819,7.228537082672119,7.228537082672119,13100
27/07/1999,7.228537597518036,7.241376918295155,7.074465748192607,7.087305068969727,7.087305068969727,107000
28/07/1999,7.112985134124756,7.125824457471552,7.061627840737573,7.112985134124756,7.112985134124756,41600
29/07/1999,7.0616250099617695,7.0616250099617695,6.971749782562256,6.971749782562256,6.971749782562256,78100
30/07/1999,6.984588623046875,7.01026725769043,6.920392036437988,7.01026725769043,7.01026725769043,39500
02/08/1999,6.997429370880127,6.997429370880127,6.971750730986989,6.997429370880127,6.997429370880127,19400
03/08/1999,6.997427466141916,7.035945415496826,6.971748833238643,7.035945415496826,7.035945415496826,37100
04/08/1999,7.010268690826696,7.010268690826696,6.971750730986989,6.997429370880127,6.997429370880127,24700
05/08/1999,6.984589100762186,6.997428418962117,6.958910464362325,6.971749782562256,6.971749782562256,25800
06/08/1999,6.958911861198536,7.087305068969727,6.958911861198536,7.087305068969727,7.087305068969727,74600
09/08/1999,7.112983710523965,7.138662352078203,7.061626427415488,7.087305068969727,7.087305068969727,21500
10/08/1999,7.061628412317346,7.061628412317346,6.933235168457031,6.933235168457031,6.933235168457031,42400
11/08/1999,6.946074492843063,6.958913817229094,6.881877870912905,6.933235168457031,6.933235168457031,90800
12/08/1999,6.958913817229094,6.958913817229094,6.907556519684968,6.933235168457031,6.933235168457031,34800
13/08/1999,6.907552719116211,7.01026725769043,6.907552719116211,7.01026725769043,7.01026725769043,44800
16/08/1999,6.997429357875477,7.061625957489014,6.997429357875477,7.061625957489014,7.061625957489014,5100
17/08/1999,7.087300336424908,7.215693458461591,7.061621712017572,7.177175521850586,7.177175521850586,20700
18/08/1999,7.164339065551758,7.1900177001953125,7.164339065551758,7.1900177001953125,7.1900177001953125,38100
19/08/1999,7.164340485881656,7.241376405084685,7.164340485881656,7.215697765350342,7.215697765350342,29000
20/08/1999,7.241372610393324,7.318408489227295,7.241372610393324,7.318408489227295,7.318408489227295,31600
23/08/1999,7.369765204905611,7.38260451710928,7.164336209646918,7.177175521850586,7.177175521850586,13900
24/08/1999,7.138659480652074,7.164338111877441,7.112980849426707,7.164338111877441,7.164338111877441,14900
25/08/1999,7.164340483358868,7.26705504226007,7.164340483358868,7.228537082672119,7.228537082672119,9900
26/08/1999,7.241373065509627,7.2670516934015055,7.241373065509627,7.254212379455566,7.254212379455566,8500
27/08/1999,7.279891020803333,7.305569648742676,7.267051706833663,7.305569648742676,7.305569648742676,19700
30/08/1999,7.318411352773192,7.318411352773192,7.267054080122152,7.279893398284912,7.279893398284912,19500
31/08/1999,7.292729397753735,7.344086647033691,7.267050773113758,7.344086647033691,7.344086647033691,46100
01/09/1999,7.344087115505285,7.369765741783276,7.318408489227295,7.318408489227295,7.318408489227295,45000
02/09/1999,7.318409904439181,7.318409904439181,7.2028560638427725,7.202856063842773,7.202856063842773,29200
03/09/1999,7.202857489308353,7.279893398284912,7.190018171145592,7.279893398284912,7.279893398284912,17900
07/09/1999,7.305569648742676,7.305569648742676,7.267051706833663,7.305569648742676,7.305569648742676,35300
08/09/1999,7.3055720346104325,7.3055720346104325,7.241375443796633,7.279893398284912,7.279893398284912,19700
09/09/1999,7.254212392863992,7.305569648742676,7.241373078894322,7.305569648742676,7.305569648742676,20100
10/09/1999,7.254212382825441,7.267051696777344,7.21569444096973,7.267051696777344,7.267051696777344,48400
13/09/1999,7.2670564550749015,7.318413744510059,7.254217132716112,7.2927350997924805,7.2927350997924805,12400
14/09/1999,7.292732238769531,7.292732238769531,7.1900177001953125,7.1900177001953125,7.1900177001953125,16500
15/09/1999,7.190014834054255,7.241372082868928,7.151496897443249,7.177175521850586,7.177175521850586,15000
16/09/1999,7.164338580013192,7.164338580013192,7.035945415496826,7.035945415496826,7.035945415496826,8700
17/09/1999,6.99742747042968,7.125820635024721,6.99742747042968,7.100142002105713,7.100142002105713,15700
20/09/1999,7.100142002105712,7.100142002105712,7.074463369186704,7.100142002105713,7.100142002105713,5200
21/09/1999,7.087304120506745,7.112982758624523,7.048786163330078,7.048786163330078,7.048786163330078,6100
22/09/1999,7.087303652692197,7.087303652692197,6.8818745613098145,6.8818745613098145,6.8818745613098145,20800
23/09/1999,6.8818726512873285,6.907551280583177,6.85619402199148,6.869033336639404,6.869033336639404,13200
24/09/1999,6.869035243098415,6.920392515944012,6.869035243098415,6.8818745613098145,6.8818745613098145,4600
27/09/1999,6.933232318149523,6.933232318149523,6.830517765288049,6.856196403503418,6.856196403503418,76600
28/09/1999,6.869032852645216,6.869032852645216,6.791996970185643,6.843354225158691,6.843354225158691,26900
29/09/1999,6.83051633745039,6.83051633745039,6.7791590717552745,6.817677021026611,6.817677021026611,4600
30/09/1999,6.817678933783606,6.830518253809563,6.779160973705732,6.7920002937316895,6.7920002937316895,23100
01/10/1999,6.753481874081544,6.753481874081544,6.650767320863574,6.6892852783203125,6.6892852783203125,39300
04/10/1999,6.714964870292109,6.817679438097724,6.676446907365003,6.702125549316406,6.702125549316406,17100
05/10/1999,6.727800369262695,6.753478996626294,6.676443114535499,6.727800369262695,6.727800369262695,9700
06/10/1999,6.7168450355529785,6.7690147057320305,6.703802618008216,6.7168450355529785,6.7168450355529785,9500
07/10/1999,6.690761654875999,6.7429313363954995,6.690761654875999,6.729888916015625,6.729888916015625,34400
08/10/1999,6.703802967258162,6.7168453854824,6.664675712585449,6.664675712585449,6.664675712585449,10700
11/10/1999,6.703803062438965,6.703803062438965,6.677718225620136,6.703803062438965,6.703803062438965,7600
12/10/1999,6.7038053926080465,6.7038053926080465,6.651635700836778,6.677720546722412,6.677720546722412,11100
13/10/1999,6.677720546722412,6.690762969665229,6.677720546722412,6.677720546722412,6.677720546722412,20700
14/10/1999,6.677720546722412,6.7038053926080465,6.664678123779595,6.677720546722412,6.677720546722412,32600
15/10/1999,6.703805765767736,6.703805765767736,6.625551223754883,6.625551223754883,6.625551223754883,6000
18/10/1999,6.6777184841900885,6.6777184841900885,6.599463970703486,6.61250638961792,6.61250638961792,23500
19/10/1999,6.605985180160703,6.625548808532353,6.586421551789052,6.61250638961792,6.61250638961792,85900
20/10/1999,6.612508800086075,6.638593647423692,6.599466376417266,6.625551223754883,6.625551223754883,63700
21/10/1999,6.612507132596748,6.755973756775375,6.612507132596748,6.729888916015625,6.729888916015625,27500
22/10/1999,6.729889672959484,6.729889672959484,6.638592720031738,6.638592720031738,6.638592720031738,16300
25/10/1999,6.638592720031738,6.6646775637253794,6.625550298184917,6.638592720031738,6.638592720031738,26400
26/10/1999,6.638593647423692,6.651636071092501,6.586423952748457,6.625551223754883,6.625551223754883,25300
27/10/1999,6.651633294361212,6.677718130809687,6.625548457912736,6.664675712585449,6.664675712585449,18300
28/10/1999,6.6907643542570225,6.716849205540676,6.651637077331543,6.651637077331543,6.651637077331543,55000
29/10/1999,6.651637077331543,6.7559764824661555,6.651637077331543,6.651637077331543,6.651637077331543,25100
01/11/1999,6.664678309923881,6.769017696380615,6.664678309923881,6.769017696380615,6.769017696380615,23200
02/11/1999,6.755973108821042,6.899439719240021,6.755973108821042,6.860312461853027,6.860312461853027,20000
03/11/1999,6.834228801370114,7.0037802792667,6.8081439586167924,6.964653015136719,6.964653015136719,72700
04/11/1999,6.9646547962902625,6.9646547962902625,6.899442672729492,6.899442672729492,6.899442672729492,10800
05/11/1999,6.886400248017338,6.912485097441646,6.8603153985930305,6.899442672729492,6.899442672729492,24200
08/11/1999,6.899441214221897,6.899441214221897,6.860313948356744,6.886398792266846,6.886398792266846,20200
09/11/1999,6.834232869591613,6.8733601570129395,6.834232869591613,6.8733601570129395,6.8733601570129395,15100
10/11/1999,6.886397300111024,6.886397300111024,6.860312461853027,6.860312461853027,6.860312461853027,9000
11/11/1999,6.860313721803518,6.873356143327859,6.782059192657471,6.782059192657471,6.782059192657471,9200
12/11/1999,6.782057123276794,6.782057123276794,6.703802618008216,6.7168450355529785,6.7168450355529785,41800
15/11/1999,6.703804829265842,6.716847251112663,6.638592720031738,6.638592720031738,6.638592720031738,8100
16/11/1999,6.638591675890293,6.651634095685755,6.5733795769129815,6.599464416503906,6.599464416503906,13700
17/11/1999,6.586421996708443,6.625549256094831,6.5733795769129815,6.599464416503906,6.599464416503906,18400
18/11/1999,6.573382402174544,6.651636954581384,6.560339976773404,6.586424827575684,6.586424827575684,12000
19/11/1999,6.5864218447260745,6.5864218447260745,6.534252166748047,6.534252166748047,6.534252166748047,24900
22/11/1999,6.547297327749191,6.560339752704867,6.469042778015137,6.469042778015137,6.469042778015137,37700
23/11/1999,6.5212114345713035,6.547296280309588,6.416872051618163,6.429914474487305,6.429914474487305,31900
24/11/1999,6.4560001502271565,6.4560001502271565,6.364703178405762,6.364703178405762,6.364703178405762,33400
26/11/1999,6.364701300310942,6.390786141705659,6.364701300310942,6.377743721008301,6.377743721008301,8300
29/11/1999,6.364703178405762,6.377745602951675,6.364703178405762,6.364703178405762,6.364703178405762,18600
30/11/1999,6.364703127386148,6.390787976268879,6.325575854062053,6.338618278503418,6.338618278503418,30700
01/12/1999,6.338614363107622,6.364699195877612,6.273402281182646,6.299487113952637,6.299487113952637,24800
02/12/1999,6.351659692023412,6.351659692023412,6.286447580195656,6.312532424926758,6.312532424926758,20300
03/12/1999,6.312532424926758,6.377744536754514,6.312532424926758,6.312532424926758,6.312532424926758,39000
06/12/1999,6.299490371346473,6.338617640733719,6.2603631019592285,6.2603631019592285,6.2603631019592285,24900
07/12/1999,6.260362205663657,6.299489469449055,6.20819252061646,6.286447048187256,6.286447048187256,85100
08/12/1999,6.260367357581231,6.299494653566113,6.234282493591309,6.234282493591309,6.234282493591309,8900
09/12/1999,6.2342782557010645,6.286447948217392,6.2342782557010645,6.2603631019592285,6.2603631019592285,20900
10/12/1999,6.312534694631812,6.312534694631812,6.2473225593566895,6.2473225593566895,6.2473225593566895,39600
13/12/1999,6.286446541609735,6.338616222452969,6.247319280977309,6.273404121398926,6.273404121398926,27400
14/12/1999,6.260362205663657,6.286447048187256,6.234277363140058,6.286447048187256,6.286447048187256,55200
15/12/1999,6.2864513987118436,6.325578689575195,6.20819681698514,6.325578689575195,6.325578689575195,81900
16/12/1999,6.325575217604637,6.325575217604637,6.2603631019592285,6.2603631019592285,6.2603631019592285,40300
17/12/1999,6.260362216131482,6.521210641803627,6.247319794847875,6.5081682205200195,6.5081682205200195,58400
20/12/1999,6.482085202970813,6.547297327749191,6.442957928103786,6.469042778015137,6.469042778015137,23600
21/12/1999,6.482083377952805,6.573380326938056,6.469040956669198,6.5081682205200195,6.5081682205200195,69400
22/12/1999,6.4820838252224595,6.495126247406006,6.442956558671821,6.495126247406006,6.495126247406006,13600
23/12/1999,6.455995628771408,6.521207705829704,6.455995628771408,6.482080459594727,6.482080459594727,13000
27/12/1999,6.52120933381037,6.5733790084808525,6.495124496475128,6.560336589813232,6.560336589813232,13600
28/12/1999,6.586421551789052,6.664676065275655,6.521209457216884,6.61250638961792,6.61250638961792,62500
29/12/1999,6.664675712585449,6.729887803706638,6.638590876136974,6.664675712585449,6.664675712585449,12200
30/12/1999,6.664675365373927,6.742929870642505,6.664675365373927,6.7168450355529785,6.7168450355529785,22000
31/12/1999,6.742929870642505,6.742929870642505,6.651632947829163,6.7168450355529785,6.7168450355529785,23500
03/01/2000,6.6907624074190215,6.703804829265842,6.599465454491276,6.638592720031738,6.638592720031738,36100
04/01/2000,6.612509800406063,6.651637077331543,6.573382523480584,6.651637077331543,6.651637077331543,51300
05/01/2000,6.599467374764237,6.651637077331543,6.573382523480584,6.651637077331543,6.651637077331543,19800
06/01/2000,6.690761654875999,6.7820585975351255,6.690761654875999,6.729888916015625,6.729888916015625,26100
07/01/2000,6.703803432305049,6.886397300111024,6.703803432305049,6.860312461853027,6.860312461853027,30500
10/01/2000,6.9124857010824154,7.251588773210988,6.9124857010824154,7.225503921508789,7.225503921508789,65700
11/01/2000,7.199414536193177,7.199414536193177,7.068990359812866,7.12116003036499,7.12116003036499,57400
12/01/2000,7.08355955223539,7.096799850463867,6.990877464636049,7.096799850463867,7.096799850463867,29200
13/01/2000,7.096799771883961,7.096799771883961,7.070319175720215,7.070319175720215,7.070319175720215,27300
14/01/2000,7.096802778846713,7.149763993614226,7.096802778846713,7.123283386230469,7.123283386230469,10200
18/01/2000,7.09679700164516,7.242440223693848,7.00411495125054,7.242440223693848,7.242440223693848,26800
19/01/2000,7.242441678942849,7.401325225830078,7.242441678942849,7.401325225830078,7.401325225830078,55000
20/01/2000,7.3616050049878545,7.388085598530977,7.255682630815368,7.308643817901611,7.308643817901611,18800
21/01/2000,7.255685400529341,7.335127211484042,7.229204796877774,7.282166004180908,7.282166004180908,25500
24/01/2000,7.335125137357676,7.335125137357676,7.070319175720215,7.070319175720215,7.070319175720215,29400
25/01/2000,7.017358550588593,7.030598849740647,6.924676456524216,6.9379167556762695,6.9379167556762695,25800
26/01/2000,6.937914931728813,6.977635818742527,6.911434340386337,6.964395523071289,6.964395523071289,15900
27/01/2000,6.964396556218466,6.964396556218466,6.831993579864502,6.831993579864502,6.831993579864502,131000
28/01/2000,6.831996297261801,6.884957508868482,6.487748421818377,6.593670845031738,6.593670845031738,87900
31/01/2000,6.580430473050763,6.659872289626828,6.567190170288086,6.567190170288086,6.567190170288086,130200
01/02/2000,6.567187509136999,6.633388996124268,6.514226319547184,6.633388996124268,6.633388996124268,96300
02/02/2000,6.673110485076904,6.765792575147417,6.633389589332399,6.673110485076904,6.673110485076904,53900
03/02/2000,6.6863519612932105,6.699592262206663,6.567189253072144,6.580429553985596,6.580429553985596,338400
04/02/2000,6.59367118673286,6.59367118673286,6.527469668793775,6.540709972381592,6.540709972381592,28600
07/02/2000,6.540707626728096,6.580428523246688,6.540707626728096,6.553947925567627,6.553947925567627,35000
08/02/2000,6.567189433185228,6.646631240844727,6.567189433185228,6.646631240844727,6.646631240844727,47300
09/02/2000,6.67311266244176,6.67311266244176,6.540709633425058,6.593670845031738,6.593670845031738,19500
10/02/2000,6.593669707586509,6.593669707586509,6.514227903880648,6.527468204498291,6.527468204498291,15800
11/02/2000,6.487746277554701,6.540707471657187,6.474505979029078,6.500986576080322,6.500986576080322,23600
14/02/2000,6.461266848666608,6.487747450505406,6.408305644989014,6.408305644989014,6.408305644989014,50400
15/02/2000,6.408305316674904,6.474506817880224,6.408305316674904,6.46126651763916,6.46126651763916,24400
16/02/2000,6.46126651763916,6.487747118121288,6.421545616915969,6.46126651763916,6.46126651763916,12600
17/02/2000,6.4347835845011145,6.474504470825195,6.381822402735673,6.474504470825195,6.474504470825195,41500
18/02/2000,6.500986822855841,6.514227121884061,6.421545028686523,6.421545028686523,6.421545028686523,10700
22/02/2000,6.302383309038579,6.434786319732666,6.249422104760943,6.434786319732666,6.434786319732666,68400
23/02/2000,6.408303093910217,6.408303093910217,6.328861320018768,6.355341911315918,6.355341911315918,70900
24/02/2000,6.355341305522798,6.355341305522798,6.090535417792682,6.315620422363281,6.315620422363281,57400
25/02/2000,6.3156242019989906,6.3156242019989906,6.275903295068179,6.302383899688721,6.302383899688721,15700
28/02/2000,6.275903295068179,6.302383899688721,6.1964614812065575,6.302383899688721,6.302383899688721,83500
29/02/2000,6.275902675370038,6.302383277375819,6.196460869352697,6.249422073364258,6.249422073364258,51700
01/03/2000,6.249422073364258,6.302383277375819,6.249422073364258,6.249422073364258,6.249422073364258,43900
02/03/2000,6.196456432342529,6.222937015386728,6.156735557776232,6.196456432342529,6.196456432342529,21000
03/03/2000,6.249422073364258,6.3288638793816,6.222941471358477,6.249422073364258,6.249422073364258,43800
06/03/2000,6.249422262454855,6.249422262454855,6.090538645612782,6.143499851226807,6.143499851226807,58000
07/03/2000,6.143498302798984,6.156738600865362,6.090537110533476,6.1037774085998535,6.1037774085998535,23200
08/03/2000,6.1037764962101395,6.117016792297363,5.9846138314251265,6.117016792297363,6.117016792297363,40200
09/03/2000,6.143500397645353,6.196461607969882,6.117019792483089,6.169981002807617,6.169981002807617,31900
10/03/2000,6.156740152630313,6.249422262454855,6.143499851226807,6.143499851226807,6.143499851226807,31500
13/03/2000,6.143499851226807,6.196461056840831,6.143499851226807,6.143499851226807,6.143499851226807,43000
14/03/2000,6.169977976646258,6.169977976646258,6.117016792297363,6.117016792297363,6.117016792297363,96000
15/03/2000,6.117017667189889,6.117017667189889,6.064056475266167,6.090537071228027,6.090537071228027,123000
16/03/2000,6.064056479505131,6.064056479505131,5.9316534996032715,5.9316534996032715,5.9316534996032715,88600
17/03/2000,5.931652941511351,5.931652941511351,5.8786917545335715,5.905172348022461,5.905172348022461,51300
20/03/2000,5.8786949105814195,5.918415822139402,5.812493391318116,5.8389739990234375,5.8389739990234375,23200
21/03/2000,5.825731678096127,5.825731678096127,5.693328685412124,5.799251079559326,5.799251079559326,103200
22/03/2000,5.746289478994049,5.984614849090576,5.746289478994049,5.984614849090576,5.984614849090576,223400
23/03/2000,5.984616962582784,6.064058780670166,5.9581363565536565,6.064058780670166,6.064058780670166,168500
24/03/2000,6.037575879304305,6.117017667189889,6.011095283342445,6.090537071228027,6.090537071228027,44800
27/03/2000,6.090535950242428,6.117016541330438,6.024334472522401,6.037574768066406,6.037574768066406,65500
28/03/2000,6.090537110533476,6.143498302798984,6.064056514400722,6.1037774085998535,6.1037774085998535,78200
29/03/2000,6.064055607948468,6.130257088384587,6.064055607948468,6.117016792297363,6.117016792297363,37900
30/03/2000,6.156737327575684,6.196458213560042,6.143497032247564,6.156737327575684,6.156737327575684,89500
31/03/2000,6.143497384471811,6.183218272733482,6.117016792297363,6.117016792297363,6.117016792297363,98400
03/04/2000,6.117018559935746,6.249421559068554,6.117018559935746,6.236181259155273,6.236181259155273,8200
04/04/2000,6.196458422884028,6.236179310210208,6.196458422884028,6.2229390144348145,6.2229390144348145,47200
05/04/2000,6.22293946153161,6.368582725524902,6.22293946153161,6.368582725524902,6.368582725524902,41700
06/04/2000,6.368584561154125,6.514227867126465,6.368584561154125,6.514227867126465,6.514227867126465,33500
07/04/2000,6.655416066718824,6.709306075356223,6.641943564559474,6.668888568878174,6.668888568878174,34800
10/04/2000,6.668891380672996,6.682363888512739,6.615001349314022,6.655418872833252,6.655418872833252,51800
11/04/2000,6.655417071234796,6.682362079620361,6.628472062849229,6.682362079620361,6.682362079620361,6500
12/04/2000,6.655417852667698,6.81708792196327,6.655417852667698,6.763197898864746,6.763197898864746,36000
13/04/2000,6.790141636310238,6.830559146050179,6.790141636310238,6.803614139556885,6.803614139556885,9400
14/04/2000,6.844034301317655,7.032649419857905,6.790144267449012,7.005704402923584,7.005704402923584,49300
17/04/2000,6.951810982648064,7.005700990265491,6.790140959795784,6.870975971221924,6.870975971221924,9800
18/04/2000,6.709307242566206,6.844032287597656,6.709307242566206,6.844032287597656,6.844032287597656,35700
19/04/2000,6.870975936241592,6.978755950927734,6.817085928898521,6.978755950927734,6.978755950927734,54700
20/04/2000,6.978755950927734,7.032645958270806,6.951810947256199,6.978755950927734,6.978755950927734,64800
24/04/2000,7.005704974762781,7.032649993896484,6.951814936495375,7.032649993896484,7.032649993896484,11700
25/04/2000,7.0730671882629395,7.113484715053014,7.032649661472866,7.0730671882629395,7.0730671882629395,109900
26/04/2000,7.1000121577095445,7.1000121577095445,7.019177104680593,7.059594631195068,7.059594631195068,29200
27/04/2000,7.0595957233059785,7.100013256072998,7.0326507014613,7.100013256072998,7.100013256072998,27200
28/04/2000,7.100010074759429,7.140427589416504,7.059592560102354,7.140427589416504,7.140427589416504,43800
01/05/2000,7.153899192810059,7.153899192810059,7.032646664118363,7.153899192810059,7.153899192810059,46200
02/05/2000,7.113485813140869,7.248210923238234,7.100013302131132,7.113485813140869,7.113485813140869,42400
03/05/2000,7.126957175385861,7.126957175385861,7.04612212235691,7.059594631195068,7.059594631195068,45600
04/05/2000,7.059592194128674,7.059592194128674,7.0057021773796,7.046119689941406,7.046119689941406,29500
05/05/2000,7.0057021773796,7.046119689941406,6.978757169005064,7.046119689941406,7.046119689941406,17900
08/05/2000,7.046120333717686,7.046120333717686,6.897922774117505,6.965285301208496,6.965285301208496,28200
09/05/2000,6.965286829108678,7.019176862602748,6.897924287241088,6.992231845855713,6.992231845855713,34300
10/05/2000,6.965283449091967,6.978755950927734,6.911393441748896,6.978755950927734,6.978755950927734,31800
11/05/2000,6.951814320735159,6.992231845855713,6.938341812361641,6.992231845855713,6.992231845855713,28400
12/05/2000,6.992232087004276,7.086539648871386,6.965287069327959,7.059594631195068,7.059594631195068,32000
15/05/2000,7.0461221704028905,7.086539697192964,7.032649661472866,7.0730671882629395,7.0730671882629395,34000
16/05/2000,7.113484666547703,7.126957175385861,7.059594631195068,7.059594631195068,7.059594631195068,13200
17/05/2000,7.086539648871386,7.086539648871386,7.019177104680593,7.059594631195068,7.059594631195068,59500
18/05/2000,7.113484715053014,7.113484715053014,7.0730671882629395,7.0730671882629395,7.0730671882629395,58600
19/05/2000,7.059592194128674,7.073064698315943,7.019174681566869,7.046119689941406,7.046119689941406,25100
22/05/2000,7.019174681566869,7.073064698315943,7.0057021773796,7.046119689941406,7.046119689941406,27200
23/05/2000,7.073066896096819,7.086539404470337,6.992231845855713,6.992231845855713,6.992231845855713,7700
24/05/2000,6.992232087004276,7.059594631195068,6.992232087004276,7.059594631195068,7.059594631195068,39800
25/05/2000,7.086539648871386,7.086539648871386,7.04612212235691,7.059594631195068,7.059594631195068,30500
26/05/2000,7.032647185754137,7.046119689941406,7.0057021773796,7.046119689941406,7.046119689941406,13400
30/05/2000,7.005700954599271,7.046118460106574,6.951810947256199,6.978755950927734,6.978755950927734,21100
31/05/2000,6.951810947256199,7.005700954599271,6.951810947256199,6.978755950927734,6.978755950927734,9600
01/06/2000,7.005704402923584,7.005704402923584,6.978759385989262,7.005704402923584,7.005704402923584,5300
02/06/2000,7.032649419857905,7.032649419857905,6.978759385989262,7.005704402923584,7.005704402923584,13500
05/06/2000,7.005704402923584,7.032649419857905,6.951814369054941,7.005704402923584,7.005704402923584,31200
06/06/2000,7.032649993896484,7.059595013030187,6.992232465195929,7.032649993896484,7.032649993896484,25200
07/06/2000,7.032650182455665,7.086540222167969,7.032650182455665,7.086540222167969,7.086540222167969,5300
08/06/2000,7.086540791121396,7.140430835160342,7.086540791121396,7.113485813140869,7.113485813140869,4300
09/06/2000,7.126955662454878,7.167373180389404,7.113483156476702,7.167373180389404,7.167373180389404,3300
12/06/2000,7.14042968422402,7.14042968422402,7.059594631195068,7.059594631195068,7.059594631195068,12500
13/06/2000,7.0326507014613,7.100013256072998,7.0326507014613,7.100013256072998,7.100013256072998,37600
14/06/2000,7.059595202311817,7.113485242024121,7.019177672527589,7.086540222167969,7.086540222167969,38000
15/06/2000,7.0865400321638905,7.100012541730742,6.992232465195929,7.032649993896484,7.032649993896484,19900
16/06/2000,7.032646273640753,7.032646273640753,6.924866254121355,6.938338756561279,6.938338756561279,21600
19/06/2000,6.924869303988124,6.992231845855713,6.911396795614606,6.992231845855713,6.992231845855713,11300
20/06/2000,6.965286829108678,7.019176862602748,6.965286829108678,6.992231845855713,6.992231845855713,20600
21/06/2000,6.992229673192332,7.059592194128674,6.992229673192332,7.046119689941406,7.046119689941406,74500
22/06/2000,7.046119689941406,7.059592194128674,7.032647185754137,7.046119689941406,7.046119689941406,33900
23/06/2000,7.046119040472401,7.059591543417855,6.8709765021815,6.884449005126953,6.884449005126953,36900
26/06/2000,6.870977763281108,7.00570281746309,6.870977763281108,6.965285301208496,6.965285301208496,34200
27/06/2000,6.992233214053241,7.140430835160342,6.978760703043504,7.113485813140869,7.113485813140869,26200
28/06/2000,7.113481948624797,7.221261978149414,7.113481948624797,7.221261978149414,7.221261978149414,43600
29/06/2000,7.275152578672955,7.302097588223596,7.234735064346994,7.2482075691223145,7.2482075691223145,31400
30/06/2000,7.275154598401786,7.275154598401786,7.167374530277315,7.211160182952881,7.211160182952881,90700
03/07/2000,7.207792711615116,7.207792711615116,7.167375182391106,7.194320201873779,7.194320201873779,3300
05/07/2000,7.248209808920031,7.248209808920031,7.1943197731659785,7.207792282104492,7.207792282104492,20500
06/07/2000,7.221264556602196,7.315572116110061,7.207792048101072,7.2751545906066895,7.2751545906066895,104900
07/07/2000,7.2751545906066895,7.2886270991078135,7.221264556602196,7.2751545906066895,7.2751545906066895,40200
10/07/2000,7.275153108784353,7.275153108784353,7.248208097270336,7.261680603027344,7.261680603027344,32400
11/07/2000,7.268248812905673,7.268248812905673,7.11768245331629,7.1450581550598145,7.1450581550598145,23900
12/07/2000,7.090309561885355,7.199812412261963,7.090309561885355,7.199812412261963,7.199812412261963,15100
13/07/2000,7.254560962033911,7.254560962033911,7.11768245331629,7.1450581550598145,7.1450581550598145,50100
14/07/2000,7.14505936790481,7.172435074295251,7.062932248733492,7.076620101928711,7.076620101928711,32300
17/07/2000,7.0492431989574795,7.1450581550598145,7.0492431989574795,7.1450581550598145,7.1450581550598145,5700
18/07/2000,7.11768245331629,7.1450581550598145,7.11768245331629,7.1450581550598145,7.1450581550598145,16200
19/07/2000,7.117683661514371,7.131371514709591,7.076620101928711,7.076620101928711,7.076620101928711,16200
20/07/2000,7.103994869764287,7.103994869764287,6.91236495034868,6.967116355895996,6.967116355895996,90200
21/07/2000,6.9944935156567265,7.008181369894802,6.898678535990196,6.9123663902282715,6.9123663902282715,236800
24/07/2000,6.898678283991776,6.98080540642025,6.898678283991776,6.953429698944092,6.953429698944092,52800
25/07/2000,7.008181113896407,7.008181113896407,6.926053991467934,6.953429698944092,6.953429698944092,100900
26/07/2000,7.008181113896407,7.008181113896407,6.912366137729855,6.953429698944092,6.953429698944092,204000
27/07/2000,6.926054489044916,6.953430198487781,6.898678779602051,6.898678779602051,6.898678779602051,44400
28/07/2000,6.898678779602051,6.926054489044916,6.871303070159185,6.898678779602051,6.898678779602051,23400
31/07/2000,6.912366147097862,6.926054000854492,6.898678293341233,6.926054000854492,6.926054000854492,24100
01/08/2000,6.953429708367751,6.953429708367751,6.926054000854492,6.926054000854492,6.926054000854492,36800
02/08/2000,6.926054000854492,6.953429708367751,6.898678293341233,6.926054000854492,6.926054000854492,65900
03/08/2000,6.898677098961851,6.994492058669654,6.871301396188193,6.967116355895996,6.967116355895996,44700
04/08/2000,6.98080541588101,7.008181123394269,6.912366147097862,6.926054000854492,6.926054000854492,84100
07/08/2000,6.912368315588646,6.926056173639317,6.884992599487305,6.884992599487305,6.884992599487305,132600
08/08/2000,6.8849928857811005,6.8849928857811005,6.761802158202513,6.816553592681885,6.816553592681885,73400
09/08/2000,6.816552135573915,6.884991414043533,6.789176424186069,6.871303558349609,6.871303558349609,8800
10/08/2000,6.926054489044916,6.926054489044916,6.871303070159185,6.898678779602051,6.898678779602051,88500
11/08/2000,6.884990891288309,6.994493728525499,6.87130303663366,6.98080587387085,6.98080587387085,41700
14/08/2000,7.008182294214775,7.008182294214775,6.953430870041222,6.994494438171387,6.994494438171387,14300
15/08/2000,7.021868977150898,7.021868977150898,6.898678293341233,6.926054000854492,6.926054000854492,34100
16/08/2000,6.898678779602051,6.926054489044916,6.871303070159185,6.898678779602051,6.898678779602051,16800
17/08/2000,6.78917594183059,6.898678779602051,6.78917594183059,6.898678779602051,6.898678779602051,26800
18/08/2000,6.884993388768166,6.898681248387983,6.761802652189809,6.789178371429443,6.789178371429443,31500
21/08/2000,6.843928813934326,6.8576166715621945,6.843928813934326,6.843928813934326,6.843928813934326,160500
22/08/2000,6.843924757526706,6.953427553647133,6.843924757526706,6.93973970413208,6.93973970413208,41200
23/08/2000,6.9260559597015385,6.9260559597015385,6.843928813934326,6.843928813934326,6.843928813934326,34300
24/08/2000,6.871305529148348,6.884993388768166,6.789178371429443,6.789178371429443,6.789178371429443,30500
25/08/2000,6.789173837176305,6.8439252390890175,6.789173837176305,6.83023738861084,6.83023738861084,7800
28/08/2000,6.857615215437753,6.898678779602051,6.802863796552022,6.898678779602051,6.898678779602051,49900
29/08/2000,6.843929309921571,6.871305027161258,6.761802158202513,6.816553592681885,6.816553592681885,59700
30/08/2000,6.789178371429443,6.8165540906690785,6.789178371429443,6.789178371429443,6.789178371429443,8100
31/08/2000,6.76179861781573,6.789174320721867,6.76179861781573,6.775486469268799,6.775486469268799,10600
01/09/2000,6.789178371429443,6.789178371429443,6.761802652189809,6.789178371429443,6.789178371429443,13300
05/09/2000,6.789178371429443,6.789178371429443,6.693363354090722,6.789178371429443,6.789178371429443,39600
06/09/2000,6.816552135573915,6.884991414043533,6.802864279879992,6.871303558349609,6.871303558349609,41200
07/09/2000,6.898680457537975,6.898680457537975,6.871304741436634,6.884992599487305,6.884992599487305,34800
08/09/2000,6.871303558349609,6.884991414043533,6.843927846961763,6.871303558349609,6.871303558349609,6200
11/09/2000,6.926054244466347,6.926054244466347,6.871302827514045,6.9123663902282715,6.9123663902282715,16700
12/09/2000,6.871302827514045,6.953429952942499,6.871302827514045,6.9123663902282715,6.9123663902282715,5000
13/09/2000,6.926051854617026,6.93973970413208,6.898676155586919,6.93973970413208,6.93973970413208,4300
14/09/2000,6.884992599487305,6.898680457537975,6.843929025335293,6.884992599487305,6.884992599487305,47400
15/09/2000,6.8576176909782625,6.884993410303525,6.748114813677212,6.761802673339844,6.761802673339844,24200
18/09/2000,6.77548601020197,6.77548601020197,6.597543953368382,6.611231803894043,6.611231803894043,19400
19/09/2000,6.515421199412481,6.761802673339844,6.515421199412481,6.761802673339844,6.761802673339844,51600
20/09/2000,6.775490511809626,6.789178371429443,6.761802652189809,6.789178371429443,6.789178371429443,7900
21/09/2000,6.789173837176305,6.857613089567195,6.775485986698127,6.83023738861084,6.83023738861084,24600
22/09/2000,6.802866231049261,6.8165540906690785,6.761802652189809,6.789178371429443,6.789178371429443,18400
25/09/2000,6.789178392665106,6.789178392665106,6.734426954014581,6.761802673339844,6.761802673339844,11900
26/09/2000,6.7070485969741425,6.898678556887689,6.679672888415064,6.857614994049072,6.857614994049072,65100
27/09/2000,6.8849904395846035,6.96711756212438,6.8849904395846035,6.926054000854492,6.926054000854492,15700
28/09/2000,6.884990891288309,6.98080587387085,6.87130303663366,6.98080587387085,6.98080587387085,71900
29/09/2000,6.926054000854492,6.994493269637639,6.926054000854492,6.926054000854492,6.926054000854492,21800
02/10/2000,6.9260549154132605,7.035557759925723,6.9260549154132605,7.008182048797607,7.008182048797607,30800
03/10/2000,7.035556821372565,7.035556821372565,6.953429698944092,6.953429698944092,6.953429698944092,26300
04/10/2000,6.953429708367751,6.953429708367751,6.8849904395846035,6.926054000854492,6.926054000854492,18500
05/10/2000,6.926054000854492,6.953429708367751,6.912366147097862,6.926054000854492,6.926054000854492,25400
06/10/2000,6.939742836819227,6.939742836819227,6.871303558349609,6.871303558349609,6.871303558349609,31200
09/10/2000,6.926054265446767,6.926054265446767,6.843927139769534,6.857614994049072,6.857614994049072,10600
10/10/2000,6.82252966124436,6.86430025100708,6.82252966124436,6.86430025100708,6.86430025100708,10400
11/10/2000,6.850376270726784,6.8642997997323265,6.752911567687988,6.752911567687988,6.752911567687988,180300
12/10/2000,6.7529103770759535,6.766833903626625,6.711139797423937,6.725063323974609,6.725063323974609,48700
13/10/2000,6.697215914726257,6.738986492156982,6.599751234054565,6.683292388916016,6.683292388916016,32300
16/10/2000,6.725064769418354,6.738988298961663,6.669370651245117,6.669370651245117,6.669370651245117,14700
17/10/2000,6.669368742892616,6.683292268451891,6.585827589536968,6.613674640655518,6.613674640655518,28100
18/10/2000,6.655445934591554,6.655445934591554,6.585828299292478,6.641522407531738,6.641522407531738,26800
19/10/2000,6.683297895487382,6.683297895487382,6.627603746358321,6.655450820922852,6.655450820922852,28800
20/10/2000,6.669368140305145,6.669368140305145,6.599750518798828,6.599750518798828,6.599750518798828,9100
23/10/2000,6.571904421867208,6.599751474502239,6.544057369232178,6.544057369232178,6.544057369232178,15400
24/10/2000,6.488362552773239,6.544056651938675,6.432668453607803,6.516209602355957,6.516209602355957,32500
25/10/2000,6.544060028832534,6.544060028832534,6.460518836975098,6.460518836975098,6.460518836975098,23200
26/10/2000,6.460515503190521,6.516209602355957,6.460515503190521,6.516209602355957,6.516209602355957,19800
27/10/2000,6.488362552773239,6.544056651938675,6.488362552773239,6.516209602355957,6.516209602355957,31100
30/10/2000,6.544057713229047,6.725063564871552,6.516210659130199,6.697216510772705,6.697216510772705,266000
31/10/2000,6.697217094554823,6.766834735870361,6.669370038028608,6.766834735870361,6.766834735870361,11600
01/11/2000,6.766834146019822,6.766834146019822,6.683292983723281,6.697216510772705,6.697216510772705,18300
02/11/2000,6.711140980671361,6.766835096693531,6.69721745166582,6.752911567687988,6.752911567687988,33000
03/11/2000,6.725063323974609,6.7529103770759535,6.683292744322593,6.725063323974609,6.725063323974609,17200
06/11/2000,6.68329263240733,6.68329263240733,6.544057369232178,6.544057369232178,6.544057369232178,21300
07/11/2000,6.599752406361687,6.7111406326293945,6.599752406361687,6.7111406326293945,6.7111406326293945,8600
08/11/2000,6.766835096693531,6.808605683710158,6.752911567687988,6.752911567687988,6.752911567687988,26500
09/11/2000,6.725064160912858,6.725064160912858,6.641522991212077,6.7111406326293945,6.7111406326293945,11600
10/11/2000,6.711144970051913,6.7250685073341785,6.655450820922852,6.655450820922852,6.655450820922852,4800
13/11/2000,6.627598285675049,6.683292388916016,6.55798065662384,6.683292388916016,6.683292388916016,18600
14/11/2000,6.711139797423937,6.738986850525281,6.697216270873265,6.725063323974609,6.725063323974609,5200
15/11/2000,6.697215914726257,6.725062966346741,6.655445337295532,6.683292388916016,6.683292388916016,44300
16/11/2000,6.6832933587543035,6.6832933587543035,6.544058080446923,6.571905136108398,6.571905136108398,24900
17/11/2000,6.627598875525588,6.725063564871552,6.571904767327894,6.697216510772705,6.697216510772705,11800
20/11/2000,6.725064160912858,6.725064160912858,6.7111406326293945,6.7111406326293945,6.7111406326293945,9900
21/11/2000,6.711139797423937,6.725063323974609,6.711139797423937,6.725063323974609,6.725063323974609,10500
22/11/2000,6.780757673069246,6.780757673069246,6.683292983723281,6.697216510772705,6.697216510772705,14700
24/11/2000,6.683293334708726,6.738987445831299,6.683293334708726,6.738987445831299,6.738987445831299,7200
27/11/2000,6.738988368491816,6.892147195048448,6.725064838804849,6.850376605987549,6.850376605987549,19100
28/11/2000,6.850376270726784,6.850376270726784,6.752911567687988,6.752911567687988,6.752911567687988,21900
29/11/2000,6.752910136201386,6.8086042404174805,6.7389866101473626,6.8086042404174805,6.8086042404174805,5000
30/11/2000,6.808606471746199,6.93391824729981,6.780759410512063,6.906071186065674,6.906071186065674,10300
01/12/2000,6.961761959015377,7.0174560546875,6.933914911179316,7.0174560546875,7.0174560546875,11200
04/12/2000,7.0174560546875,7.045303102523562,6.961761959015377,7.0174560546875,7.0174560546875,19800
05/12/2000,7.017455116031677,7.07314920425415,7.017455116031677,7.07314920425415,7.07314920425415,27900
06/12/2000,7.0731501503596235,7.0731501503596235,7.0174560546875,7.0174560546875,7.0174560546875,46500
07/12/2000,7.017460598888626,7.017460598888626,6.906072335414203,6.9896135330200195,6.9896135330200195,30800
08/12/2000,7.017462554344764,7.240239143371582,6.975691943902236,7.240239143371582,7.240239143371582,24600
11/12/2000,7.2402348741889,7.268081931397319,7.114923116751015,7.128846645355225,7.128846645355225,44200
12/12/2000,7.184537999114098,7.184537999114098,7.087073336335418,7.142767429351807,7.142767429351807,14700
13/12/2000,7.170617231167853,7.170617231167853,7.128846645355225,7.128846645355225,7.128846645355225,16600
14/12/2000,7.100996248365387,7.114919770421006,7.07314920425415,7.07314920425415,7.07314920425415,39100
15/12/2000,7.073152530938387,7.128846645355225,7.073152530938387,7.128846645355225,7.128846645355225,26700
18/12/2000,7.156692147486418,7.268080352116558,7.100998045171349,7.1706156730651855,7.1706156730651855,28000
19/12/2000,7.1845449961148775,7.268086216999934,7.1845449961148775,7.240239143371582,7.240239143371582,22400
20/12/2000,7.24023377690215,7.379469041842576,7.24023377690215,7.282004356384277,7.282004356384277,33400
21/12/2000,7.309850932514601,7.407315611614795,7.309850932514601,7.393392086029053,7.393392086029053,5500
22/12/2000,7.3933905456843,7.490855204478631,7.3933905456843,7.435161113739014,7.435161113739014,13000
26/12/2000,7.407314068369204,7.463008159108822,7.407314068369204,7.435161113739014,7.435161113739014,8700
27/12/2000,7.435164654956144,7.574399948120117,7.435164654956144,7.574399948120117,7.574399948120117,40200
28/12/2000,7.574397813228138,7.9364094734191895,7.574397813228138,7.9364094734191895,7.9364094734191895,16000
29/12/2000,7.880716615648412,7.922487198416866,7.463010787963867,7.463010787963867,7.463010787963867,37600
02/01/2001,7.463007664230635,7.463007664230635,7.295925403091143,7.379466533660889,7.379466533660889,52400
03/01/2001,7.379472234071707,7.727560546999618,7.351625169037474,7.671866416931152,7.671866416931152,94100
04/01/2001,7.671866416931152,7.685789949448268,7.504784026725755,7.671866416931152,7.671866416931152,30500
05/01/2001,7.64401506271787,7.64401506271787,7.4630092415606155,7.504779815673828,7.504779815673828,32200
08/01/2001,7.490854118375796,7.588318763038679,7.407312994379041,7.421236515045166,7.421236515045166,24100
09/01/2001,7.463009237128998,7.463009237128998,7.365544564256044,7.449085712432861,7.449085712432861,18200
10/01/2001,7.4700226087248724,7.5549092292785645,7.4700226087248724,7.5549092292785645,7.5549092292785645,8300
11/01/2001,7.5549092292785645,7.611500309647692,7.526613689094,7.5549092292785645,7.5549092292785645,9000
12/01/2001,7.526617545866023,7.583208655233437,7.51246976852417,7.51246976852417,7.51246976852417,53500
16/01/2001,7.5124703249849905,7.5124703249849905,7.441731433035979,7.455879211425781,7.455879211425781,135800
17/01/2001,7.455879211425782,7.455879211425782,7.441731433035979,7.455879211425781,7.455879211425781,169400
18/01/2001,7.455879211425782,7.455879211425782,7.455879211425782,7.455879211425781,7.455879211425781,111600
19/01/2001,7.413432680962169,7.427580453254081,7.215363868875393,7.328546047210693,7.328546047210693,49200
22/01/2001,7.385139465332031,7.385139465332031,7.300252804810974,7.385139465332031,7.385139465332031,8500
23/01/2001,7.413435956032281,7.441731513116373,7.370992620406141,7.399288177490234,7.399288177490234,20000
24/01/2001,7.39928768154319,7.455878791918281,7.39928768154319,7.413435459136963,7.413435459136963,28700
25/01/2001,7.441731014324509,7.455878791918281,7.413435459136963,7.413435459136963,7.413435459136963,15300
26/01/2001,7.413435018839051,7.44173057234607,7.385139465332031,7.385139465332031,7.385139465332031,18000
29/01/2001,7.4383321239056235,7.458704948425292,7.413431909102538,7.458704948425293,7.458704948425293,23700
30/01/2001,7.467761676453768,7.497188425702848,7.467761676453768,7.479079723358154,7.479079723358154,20900
31/01/2001,7.533409654977415,7.583210117145184,7.499455500918274,7.574155330657959,7.574155330657959,20800
01/02/2001,7.574151274279159,7.612633664484423,7.558305838168612,7.592260837554932,7.592260837554932,23700
02/02/2001,7.605847524552915,7.651120601243182,7.472292423248291,7.472292423248291,7.472292423248291,5000
05/02/2001,7.515300379275315,7.537936480275894,7.4700273137622535,7.513036251068115,7.513036251068115,7900
06/02/2001,7.492663383963992,7.58320951461792,7.492663383963992,7.58320951461792,7.58320951461792,6800
07/02/2001,7.560572058959825,7.583208155811281,7.517562266025618,7.526617050170898,7.526617050170898,10100
08/02/2001,7.583205109143427,7.594523153021959,7.470022943335317,7.51529598236084,7.51529598236084,25200
09/02/2001,7.492663069868286,7.560573096767864,7.470026969909668,7.470026969909668,7.470026969909668,7600
12/02/2001,7.4700288586403465,7.571893061233313,7.4700288586403465,7.560575008392334,7.560575008392334,18700
13/02/2001,7.549250163559398,7.560569071023639,7.424749953055376,7.458704948425293,7.458704948425293,73800
14/02/2001,7.413435044064827,7.413435044064827,7.198388663977386,7.232343673706055,7.232343673706055,64400
15/02/2001,7.232344360615801,7.232344360615801,7.051252541301502,7.055779933929443,7.055779933929443,109100
16/02/2001,7.055777577876538,7.0738867105854055,7.028613662935347,7.062568664550781,7.062568664550781,21700
20/02/2001,7.044463190520509,7.078417778015137,7.026354048406308,7.078417778015137,7.078417778015137,33900
21/02/2001,7.0965283295473425,7.098792026730703,7.058046340942383,7.058046340942383,7.058046340942383,25200
22/02/2001,7.058039726730599,7.058039726730599,6.972021041396841,7.015030384063721,7.015030384063721,25200
23/02/2001,7.039935183649969,7.130480886331557,7.039935183649969,7.107844352722168,7.107844352722168,19000
26/02/2001,7.119161729139521,7.239134604641236,7.1078432482156515,7.221025466918945,7.221025466918945,22800
27/02/2001,7.232342879323028,7.266297021810487,7.198387873323895,7.243660926818848,7.243660926818848,28900
28/02/2001,7.243659818353852,7.266295909881592,7.232341772589982,7.266295909881592,7.266295909881592,75400
01/03/2001,7.32062532216127,7.32062532216127,7.248188777388199,7.250452041625977,7.250452041625977,54300
02/03/2001,7.248187209361708,7.304778301692598,7.248187209361708,7.266295909881592,7.266295909881592,34400
05/03/2001,7.286668737661174,7.3228870022124815,7.266295909881592,7.266295909881592,7.266295909881592,11200
06/03/2001,7.2776176112098865,7.30025371142195,7.243662597379919,7.288935661315918,7.288935661315918,53400
07/03/2001,7.277614600757376,7.334205691389979,7.254977646397426,7.311568737030029,7.311568737030029,47100
08/03/2001,7.316099154272769,7.322889811634013,7.288935661315918,7.288935661315918,7.288935661315918,6600
09/03/2001,7.26629788875738,7.27761680111534,7.232343742218829,7.273089408874512,7.273089408874512,24800
12/03/2001,7.243661085861636,7.28893414035061,7.243661085861636,7.254979133605957,7.254979133605957,29300
13/03/2001,7.25497915567454,7.37947940826416,7.243661107895792,7.37947940826416,7.37947940826416,17300
14/03/2001,7.356843128800392,7.390798134799525,7.243660926818848,7.243660926818848,7.243660926818848,33800
15/03/2001,7.221025193211204,7.266297819922955,7.221025193211204,7.232343673706055,7.232343673706055,94000
16/03/2001,7.232340232218748,7.232340232218748,7.198385238647461,7.198385238647461,7.198385238647461,37300
19/03/2001,7.175753675461637,7.175753675461637,7.119162559509277,7.119162559509277,7.119162559509277,70200
20/03/2001,7.1485889008747785,7.395325739909448,7.130479763190879,7.30478048324585,7.30478048324585,39300
21/03/2001,7.311572835945914,7.311572835945914,7.243663661818763,7.252718448638916,7.252718448638916,47000
22/03/2001,7.243659072034941,7.2459223355499125,7.153113419985649,7.187067985534668,7.187067985534668,60900
23/03/2001,7.198386600279027,7.241395950317383,7.187068554784819,7.241395950317383,7.241395950317383,151400
26/03/2001,7.264030608853656,7.402112973576108,7.264030608853656,7.359103202819824,7.359103202819824,14300
27/03/2001,7.334205145075915,7.390796231493131,7.243659061403787,7.264031887054443,7.264031887054443,130500
28/03/2001,7.266298417070358,7.266298417070358,7.175753156205809,7.209707736968994,7.209707736968994,31100
29/03/2001,7.221022680475879,7.327413769570733,7.221022680475879,7.318359851837158,7.318359851837158,17500
30/03/2001,7.334208643134238,7.470026969909668,7.288935579705139,7.470026969909668,7.470026969909668,30800
02/04/2001,7.470025361402748,7.470025361402748,7.424752307722215,7.431543827056885,7.431543827056885,12000
03/04/2001,7.4134307224783855,7.463231144113295,7.356839648260993,7.44059419631958,7.44059419631958,15000
04/04/2001,7.424754296171562,7.458709311403492,7.2844085693359375,7.2844085693359375,7.2844085693359375,38100
05/04/2001,7.307043647868546,7.465498924255371,7.307043647868546,7.465498924255371,7.465498924255371,32300
06/04/2001,7.470025750093682,7.470025750093682,7.288934389460422,7.300252437591553,7.300252437591553,47200
09/04/2001,7.307042866266138,7.37947940826416,7.307042866266138,7.37947940826416,7.37947940826416,16200
10/04/2001,7.402505879533198,7.485394783731195,7.367968177369677,7.414018154144287,7.414018154144287,14400
11/04/2001,7.4370434716296785,7.4715811773610215,7.275869414599152,7.29889440536499,7.29889440536499,51300
12/04/2001,7.31040287987458,7.321915149688721,7.29889061006044,7.321915149688721,7.321915149688721,11500
16/04/2001,7.310406781532103,7.379481315612793,7.310406781532103,7.379481315612793,7.379481315612793,82600
17/04/2001,7.414017796291807,7.50611686706543,7.390992369850744,7.50611686706543,7.50611686706543,328600
18/04/2001,7.506116371583267,7.506116371583267,7.460067278401281,7.471579551696777,7.471579551696777,26200
19/04/2001,7.460067493471852,7.621241080915669,7.460067493471852,7.598216533660889,7.598216533660889,25400
20/04/2001,7.598218353160261,7.598218353160261,7.540656092909048,7.552168369293213,7.552168369293213,10800
23/04/2001,7.556772397420159,7.556772397420159,7.483092784881592,7.483092784881592,7.483092784881592,16600
24/04/2001,7.494604314354023,7.598216533660889,7.483092040726633,7.598216533660889,7.598216533660889,50100
25/04/2001,7.598215793713037,7.7018280029296875,7.598215793713037,7.7018280029296875,7.7018280029296875,26300
26/04/2001,7.7133420135039374,7.805441970967443,7.685712377597001,7.7639970779418945,7.7639970779418945,23900
27/04/2001,7.74787942011047,7.7709039694285265,7.7133417178031305,7.724853992462158,7.724853992462158,30900
30/04/2001,7.724853992462158,7.793928518746583,7.701829443144102,7.724853992462158,7.724853992462158,22000
01/05/2001,7.729459176915471,7.789324411236997,7.701829541714141,7.782416343688965,7.782416343688965,13800
02/05/2001,7.782416343688965,7.819256150067494,7.736366366133237,7.782416343688965,7.782416343688965,18600
03/05/2001,7.782414314763316,7.793926586568357,7.713339805603027,7.713339805603027,7.713339805603027,11600
04/05/2001,7.690316940780995,7.828465989259363,7.690316940780995,7.796231269836426,7.796231269836426,16400
07/05/2001,7.789322380510371,7.823859195925496,7.667289840052823,7.713339805603027,7.713339805603027,55800
08/05/2001,7.701829443144102,7.724853992462158,7.694921375684481,7.724853992462158,7.724853992462158,6000
09/05/2001,7.7133417178031305,7.736366267121187,7.7133417178031305,7.724853992462158,7.724853992462158,7500
10/05/2001,7.713340275435962,7.724852547942236,7.692617833592632,7.7018280029296875,7.7018280029296875,21400
11/05/2001,7.736367691556906,7.828467662447276,7.690318584442139,7.690318584442139,7.690318584442139,46000
14/05/2001,7.7018280029296875,7.713340275435962,7.690315730423413,7.7018280029296875,7.7018280029296875,20600
15/05/2001,7.7133417178031305,7.736366267121187,7.711039614203426,7.724853992462158,7.724853992462158,27200
16/05/2001,7.713340275435962,7.73636482044851,7.69722291826116,7.7018280029296875,7.7018280029296875,14200
17/05/2001,7.6741990617704525,7.743273581335489,7.6741990617704525,7.7179460525512695,7.7179460525512695,25800
18/05/2001,7.713341388443091,7.747879089275669,7.713341388443091,7.738668918609619,7.738668918609619,55100
21/05/2001,7.740970276599401,7.750180446378445,7.724852918651141,7.7432732582092285,7.7432732582092285,11500
22/05/2001,7.736368318455869,7.763998838960207,7.70183148532118,7.727159023284912,7.727159023284912,41500
23/05/2001,7.713339805603027,7.715641908632021,7.690315261992944,7.713339805603027,7.713339805603027,27600
24/05/2001,7.736366836167872,7.770904541015625,7.724854560662061,7.770904541015625,7.770904541015625,16400
25/05/2001,7.770903104371134,7.770903104371134,7.729458217548075,7.759390830993652,7.759390830993652,13700
29/05/2001,7.747881474497921,7.757090769668879,7.7248560407443065,7.727159023284912,7.727159023284912,9700
30/05/2001,7.736363887786865,7.759389308353662,7.711037242658366,7.736363887786865,7.736363887786865,23200
31/05/2001,7.740970490925556,7.8054408028337345,7.7317611992216655,7.759390830993652,7.759390830993652,34200
01/06/2001,7.763997343352167,7.763997343352167,7.738669810267373,7.747879981994629,7.747879981994629,9600
04/06/2001,7.7363664591860415,7.828466415405273,7.7363664591860415,7.828466415405273,7.828466415405273,17900
05/06/2001,7.839975926485451,7.863001346588135,7.8330687396196295,7.863001346588135,7.863001346588135,12300
06/06/2001,7.874513981600362,8.05871295928955,7.874513981600362,8.05871295928955,8.05871295928955,19200
07/06/2001,8.081735870627046,8.17383578004398,8.081735870627046,8.130088806152344,8.130088806152344,43000
08/06/2001,8.120881409103045,8.123183512375158,8.10706615447998,8.10706615447998,8.10706615447998,8600
11/06/2001,8.116281509399414,8.13239887759134,8.100164141207488,8.116281509399414,8.116281509399414,12500
12/06/2001,8.139304364399306,8.139304364399306,8.111674721622153,8.120884895324707,8.120884895324707,32000
13/06/2001,8.120880278946528,8.125485363180008,8.05871295928955,8.05871295928955,8.05871295928955,25700
14/06/2001,8.058717870601473,8.102464879985742,8.047205592166723,8.08404541015625,8.08404541015625,16300
15/06/2001,8.077134148992942,8.081738355382518,8.012663841247559,8.012663841247559,8.012663841247559,24000
18/06/2001,8.00115346493782,8.012665740300447,7.9781289142125695,7.989641189575195,7.989641189575195,18500
19/06/2001,7.978130320291348,7.982734528583604,7.920568055003042,7.92287015914917,7.92287015914917,143800
20/06/2001,7.934379157673245,8.012663841247559,7.934379157673245,8.012663841247559,8.012663841247559,68100
21/06/2001,8.012667528011987,8.031087875366211,8.003457354334873,8.031087875366211,8.031087875366211,8900
22/06/2001,8.031084180126268,8.047201537480088,8.012663841247559,8.012663841247559,8.012663841247559,10600
25/06/2001,8.017270626715424,8.017270626715424,7.966615562383334,8.008060455322266,8.008060455322266,37200
26/06/2001,8.01266488103085,8.035690307617188,8.01266488103085,8.035690307617188,8.035690307617188,14800
27/06/2001,8.024175389019158,8.148510030228396,8.024175389019158,8.127787590026855,8.127787590026855,34000
28/06/2001,8.104763046838489,8.127787590026855,8.084040606636949,8.127787590026855,8.127787590026855,28000
29/06/2001,8.12778807409469,8.139300346374512,8.12778807409469,8.139300346374512,8.139300346374512,57800
02/07/2001,8.139300870270336,8.139300870270336,8.100158966333513,8.10706615447998,8.10706615447998,23500
03/07/2001,8.116277986836597,8.358039283118858,8.116277986836597,8.300477027893066,8.300477027893066,55200
05/07/2001,8.305080191705136,8.323500530713005,8.277450561523438,8.277450561523438,8.277450561523438,31800
06/07/2001,8.254426956176758,8.28896466025996,8.219890130423854,8.254426956176758,8.254426956176758,26700
09/07/2001,8.265935708645978,8.286658144396394,8.208373484709252,8.284355163574219,8.284355163574219,41800
10/07/2001,8.300727612631661,8.347492453631068,8.183815956115723,8.183815956115723,8.183815956115723,39700
11/07/2001,8.202522461553079,8.207198143005371,8.169786447630798,8.207198143005371,8.207198143005371,55100
12/07/2001,8.207197949703945,8.277345657348633,8.148742121310141,8.277345657348633,8.277345657348633,17200
13/07/2001,8.277342412320632,8.28903339502306,8.263312697898836,8.279680252075195,8.279680252075195,6200
16/07/2001,8.279683498019716,8.335801485742437,8.277345657348633,8.277345657348633,8.277345657348633,22700
17/07/2001,8.324109841636881,8.35684585571289,8.317095427460325,8.35684585571289,8.35684585571289,43900
18/07/2001,8.356845474919037,8.356845474919037,8.319433781073505,8.321771621704102,8.321771621704102,10000
19/07/2001,8.324109841636881,8.35684585571289,8.321772000899756,8.35684585571289,8.35684585571289,37000
20/07/2001,8.359179855522866,8.382561820011148,8.347488873278726,8.375547409057617,8.375547409057617,29300
23/07/2001,8.37554760989613,8.394253895507132,8.324106216430664,8.324106216430664,8.324106216430664,23300
24/07/2001,8.347489967048142,8.405945777893066,8.289034156203218,8.405945777893066,8.405945777893066,25200
25/07/2001,8.289035196202112,8.326446884158193,8.263314493488869,8.267991065979004,8.267991065979004,21700
26/07/2001,8.300725547897384,8.300725547897384,8.230578749829267,8.26565170288086,8.26565170288086,40900
27/07/2001,8.312417984008789,8.37788911334315,8.312417984008789,8.312417984008789,8.312417984008789,14100
30/07/2001,8.319432117354584,8.324107797680735,8.258637569535066,8.289034843444824,8.289034843444824,18400
31/07/2001,8.2890322152046,8.370869974438026,8.25629711151123,8.25629711151123,8.25629711151123,22100
01/08/2001,8.258639126298611,8.265653540075027,8.183815739466414,8.197845458984375,8.197845458984375,15900
02/08/2001,8.197846126454104,8.296051495180333,8.188492979347263,8.249286651611328,8.249286651611328,12700
03/08/2001,8.230579027753345,8.419975299736164,8.228240295625307,8.289034843444824,8.289034843444824,17000
06/08/2001,8.300726890563965,8.312417876805547,8.291373744784668,8.300726890563965,8.300726890563965,9700
07/08/2001,8.300725120474308,8.300725120474308,8.25863686540767,8.293710708618164,8.293710708618164,17200
08/08/2001,8.296049008994528,8.300725581146459,8.265651735989444,8.284358024597168,8.284358024597168,13200
09/08/2001,8.300726322608451,8.335800170898438,8.29371190973646,8.335800170898438,8.335800170898438,48700
10/08/2001,8.335799435293831,8.382563372933708,8.2679904769651,8.35918140411377,8.35918140411377,87400
13/08/2001,8.37087238852374,8.375548960680714,8.324107558918927,8.35918140411377,8.35918140411377,16100
14/08/2001,8.359180560653954,8.403606653715121,8.349827417283757,8.370871543884277,8.370871543884277,23500
15/08/2001,8.370872635421309,8.40126990935574,8.354505078371606,8.363858222961426,8.363858222961426,21900
16/08/2001,8.370874294483476,8.412962561514368,8.370874294483476,8.396595001220703,8.396595001220703,53200
17/08/2001,8.405948176461408,8.417639163573341,8.382565310272396,8.415301322937012,8.415301322937012,22300
20/08/2001,8.417640790109003,8.42933177947998,8.394258811367049,8.42933177947998,8.42933177947998,74300
21/08/2001,8.441021239668926,8.499477067899223,8.405948277909838,8.464404106140137,8.464404106140137,57400
22/08/2001,8.47609340076275,8.487784385681152,8.426990728926478,8.487784385681152,8.487784385681152,52900
23/08/2001,8.48778544642084,8.511168311144832,8.483108873476041,8.499476432800293,8.499476432800293,38600
24/08/2001,8.511168311144832,8.511168311144832,8.466741314151788,8.499476432800293,8.499476432800293,23600
27/08/2001,8.49947618828032,8.49947618828032,8.417638394013435,8.419976234436035,8.419976234436035,14500
28/08/2001,8.42933118450836,8.441022173054147,8.35918436126839,8.408287048339844,8.408287048339844,22200
29/08/2001,8.26565170288086,8.324107516598447,8.26565170288086,8.26565170288086,8.26565170288086,26900
30/08/2001,8.253962053632561,8.349829567957654,8.218889094907814,8.300726890563965,8.300726890563965,23800
31/08/2001,8.277345852302226,8.340477363525112,8.207198143005371,8.207198143005371,8.207198143005371,10100
04/09/2001,8.183814081582321,8.265651865612165,8.183814081582321,8.202520370483398,8.202520370483398,43300
05/09/2001,8.225898991201817,8.263310661810191,8.20953144105844,8.230575561523438,8.230575561523438,38600
06/09/2001,8.24226928986781,8.24694586174891,8.160431511860748,8.181475639343262,8.181475639343262,24000
07/09/2001,8.1604296247048,8.21888542175293,8.120679218890439,8.21888542175293,8.21888542175293,36600
10/09/2001,8.2773449180808,8.300726890563965,8.221226935370101,8.300726890563965,8.300726890563965,103600
17/09/2001,8.30072482242611,8.30072482242611,8.18381320520884,8.195504188537598,8.195504188537598,27300
18/09/2001,8.195509165483271,8.405950561056555,8.195509165483271,8.368538856506348,8.368538856506348,200900
19/09/2001,8.417638556921883,8.581315040588379,8.417638556921883,8.581315040588379,8.581315040588379,50400
20/09/2001,8.581314874512264,8.581314874512264,8.417638394013435,8.419976234436035,8.419976234436035,38100
21/09/2001,8.43166623713095,8.441018488706344,8.347489729198367,8.438680648803711,8.438680648803711,164700
24/09/2001,8.532214626661336,8.560273179544744,8.417640790109003,8.42933177947998,8.42933177947998,173200
25/09/2001,8.42932902634931,8.49947583162961,8.359182221069007,8.441020011901855,8.441020011901855,212200
26/09/2001,8.464405138322382,8.464405138322382,8.403610570048862,8.457389831542969,8.457389831542969,27200
27/09/2001,8.434005737889352,8.562608365015768,8.417638179453174,8.54624080657959,8.54624080657959,22200
28/09/2001,8.557931116682145,8.616386932757747,8.534549147037891,8.569622993469238,8.569622993469238,49200
01/10/2001,8.57196151039788,8.57196151039788,8.466740854761708,8.54624080657959,8.54624080657959,65100
02/10/2001,8.54624375758818,8.721611280214335,8.534552767806172,8.688876152038574,8.688876152038574,53200
03/10/2001,8.66548937420686,8.67951819739107,8.61638581716757,8.632753372192383,8.632753372192383,68200
04/10/2001,8.644450034080807,8.733302269996342,8.644450034080807,8.688876152038574,8.688876152038574,159200
05/10/2001,8.67483926817761,8.72160408066737,8.604692495425274,8.679515838623047,8.679515838623047,21600
08/10/2001,8.77304770302272,8.838517922041635,8.77304770302272,8.815135955810547,8.815135955810547,39900
09/10/2001,8.815136947789052,8.921914459549818,8.815136947789052,8.910050392150879,8.910050392150879,23500
10/10/2001,8.910048893653398,9.016827292626429,8.910048893653398,9.01445484161377,9.01445484161377,28400
11/10/2001,9.016831724139733,9.023949985846299,8.981238605265672,9.012085914611816,9.012085914611816,60500
12/10/2001,9.004967327204882,9.016831398010254,8.943272710744024,9.016831398010254,9.016831398010254,39500
15/10/2001,8.957508321029213,9.028693636586095,8.933780184233719,8.981236457824707,8.981236457824707,81100
16/10/2001,8.993103463507396,9.000221725120433,8.921917226694614,8.93852710723877,8.93852710723877,13000
17/10/2001,8.945643860335016,8.993101037015247,8.893440875469727,8.898186683654785,8.898186683654785,12600
18/10/2001,8.893438438088305,8.898184244972704,8.826998952046944,8.850727081298828,8.850727081298828,15800
19/10/2001,8.874452996603416,8.879197896650009,8.826995849609375,8.826995849609375,8.826995849609375,12900
22/10/2001,8.810392265618603,8.812764717333422,8.613445281982422,8.613445281982422,8.613445281982422,35300
23/10/2001,8.613442709387115,8.708357042699493,8.542257411987917,8.637171745300293,8.637171745300293,61600
24/10/2001,8.649038619244411,8.779545191050257,8.625309575625783,8.767681121826172,8.767681121826172,14200
25/10/2001,8.7676808973912,8.993101827560315,8.7676808973912,8.962254524230957,8.962254524230957,50400
26/10/2001,8.938528289974919,8.993104653465029,8.867342948913574,8.867342948913574,8.867342948913574,29900
29/10/2001,8.85072309411135,8.85072309411135,8.741572300452162,8.784283638000488,8.784283638000488,55200
30/10/2001,8.803270372977902,8.803270372977902,8.732085076370053,8.796152114868164,8.796152114868164,48900
31/10/2001,8.796154070601915,8.898186683654785,8.796154070601915,8.898186683654785,8.898186683654785,26000
01/11/2001,8.898186289096394,9.040556907653809,8.898186289096394,9.040556907653809,9.040556907653809,106000
02/11/2001,9.04530271562843,9.064285947526923,9.004964705599614,9.040556907653809,9.040556907653809,47600
05/11/2001,9.052420719339533,9.076148850999557,9.002590194581163,9.009709358215332,9.009709358215332,32000
06/11/2001,9.016827292626429,9.023945550834574,8.948014446047123,9.01445484161377,9.01445484161377,46800
07/11/2001,8.993104570649294,9.01683271572766,8.981239592939398,9.004968643188477,9.004968643188477,32100
08/11/2001,9.007339537516433,9.040559296947997,8.933781757395275,8.985983848571777,8.985983848571777,22400
09/11/2001,8.990725684380527,9.007335556755633,8.933777809143066,8.933777809143066,8.933777809143066,57300
12/11/2001,8.933778250699017,9.012081809313253,8.921913279698805,9.009709358215332,9.009709358215332,24300
13/11/2001,8.98835842337034,9.016832377430223,8.98835842337034,9.002594947814941,9.002594947814941,40600
14/11/2001,9.004966107480533,9.014457724907421,8.997846941825138,9.00022029876709,9.00022029876709,39800
15/11/2001,8.981234070117566,9.016827171018596,8.933777809143066,8.933777809143066,8.933777809143066,53200
16/11/2001,8.945644646708327,8.988356018958072,8.945644646708327,8.962254524230957,8.962254524230957,53500
19/11/2001,8.962253300241986,8.962253300241986,8.9195419338254,8.945643424987793,8.945643424987793,10000
20/11/2001,8.957509158459912,8.974119036803682,8.805646896362305,8.805646896362305,8.805646896362305,29800
21/11/2001,8.805646403742637,8.810392212314,8.708359590955778,8.743951797485352,8.743951797485352,46900
23/11/2001,8.755818595042738,8.779546737670898,8.751072785482982,8.779546737670898,8.779546737670898,5300
26/11/2001,8.779540661018581,8.791404724121094,8.762930791641065,8.791404724121094,8.791404724121094,34400
27/11/2001,8.791409883712225,8.800901501832769,8.639547614465618,8.656157493591309,8.656157493591309,44200
28/11/2001,8.668018134232174,8.720221108070998,8.637171745300293,8.637171745300293,8.637171745300293,34300
29/11/2001,8.66090041795815,8.786661148071289,8.632426478250881,8.786661148071289,8.786661148071289,47800
30/11/2001,8.786665370972965,8.786665370972965,8.542262051919868,8.556499481201172,8.556499481201172,75400
03/12/2001,8.589719421189711,8.720226024191088,8.589719421189711,8.70361614227295,8.70361614227295,50600
04/12/2001,8.720222086372921,8.869711861301274,8.720222086372921,8.862592697143555,8.862592697143555,20800
05/12/2001,8.850732003782367,8.95039219344221,8.850732003782367,8.9171724319458,8.9171724319458,23400
06/12/2001,8.910050392150879,8.910050392150879,8.888694708764662,8.910050392150879,8.910050392150879,96400
07/12/2001,8.910051402666138,8.933780445325517,8.881577456645308,8.88869571685791,8.88869571685791,20000
10/12/2001,8.888694186991234,8.900558253693742,8.82700049703603,8.862592697143555,8.862592697143555,65600
11/12/2001,8.886323265177184,8.893441525389786,8.86734003104968,8.88869571685791,8.88869571685791,14900
12/12/2001,8.893440875469727,8.898186683654785,8.779544194539389,8.898186683654785,8.898186683654785,56800
13/12/2001,8.898188443791947,8.92903575051151,8.836494735523358,8.8388671875,8.8388671875,48100
14/12/2001,8.843611049656825,8.969371795654297,8.829373625419809,8.969371795654297,8.969371795654297,40100
17/12/2001,8.974115799612685,9.064284324645996,8.974115799612685,9.064284324645996,9.064284324645996,183300
18/12/2001,9.064282843279116,9.147332191467285,9.04055381153249,9.147332191467285,9.147332191467285,25700
19/12/2001,9.140218393522504,9.140218393522504,9.004966014679802,9.028694152832031,9.028694152832031,36700
20/12/2001,9.028692157984134,9.028692157984134,8.817508697509766,8.817508697509766,8.817508697509766,28900
21/12/2001,8.826998952046944,8.888692631203908,8.77479598148867,8.850727081298828,8.850727081298828,69400
24/12/2001,8.862592152800623,8.864965509097514,8.791406851787528,8.82937240600586,8.82937240600586,16600
26/12/2001,8.815136570591752,8.850728771265588,8.779543464747636,8.812763214111328,8.812763214111328,33700
27/12/2001,8.827001931790091,8.86022168602481,8.77954475209603,8.81513786315918,8.81513786315918,31900
28/12/2001,8.82699941161013,8.945641874386691,8.784288052596956,8.933777809143066,8.933777809143066,27200
31/12/2001,8.92191658424051,8.997847719880559,8.8388671875,8.8388671875,8.8388671875,25300
02/01/2002,8.838861881701138,8.850725944803651,8.715473634061018,8.791404724121094,8.791404724121094,38700
03/01/2002,8.850732984666955,9.004968643188477,8.83649645968822,9.004968643188477,9.004968643188477,73200
04/01/2002,9.016829568188347,9.016829568188347,8.952762512636035,8.981236457824707,8.981236457824707,36000
07/01/2002,9.004964379439311,9.016828446360991,8.921914100646973,8.921914100646973,8.921914100646973,27700
08/01/2002,8.933780184233719,8.993101431392851,8.910051142267827,8.981236457824707,8.981236457824707,32800
09/01/2002,8.993102038282153,9.033440054590738,8.971746351656884,9.00022029876709,9.00022029876709,78600
10/01/2002,9.058009219778729,9.12542724609375,9.041154942822276,9.12542724609375,9.12542724609375,22800
11/01/2002,9.132645624759071,9.173577157090845,9.113383078846184,9.149499893188477,9.149499893188477,13100
14/01/2002,9.173578717029836,9.366200534958496,9.137462815034887,9.322860717773438,9.322860717773438,78000
15/01/2002,9.298779067815461,9.298779067815461,9.185614848194351,9.293963432312012,9.293963432312012,47800
16/01/2002,9.301190867607904,9.310821223773713,9.221734229439877,9.24581241607666,9.24581241607666,182000
17/01/2002,9.245813577422734,9.366201770261629,9.245813577422734,9.354162216186523,9.354162216186523,38500
18/01/2002,9.354159670263341,9.363790943506473,9.25784969329834,9.25784969329834,9.25784969329834,54800
22/01/2002,9.257850361707058,9.318044446089434,9.257850361707058,9.260257720947266,9.260257720947266,48000
23/01/2002,9.265074194139082,9.286744103212115,9.245812563012452,9.269889831542969,9.269889831542969,39300
24/01/2002,9.27711268097112,9.281928318298478,9.238588500841173,9.24581241607666,9.24581241607666,86200
25/01/2002,9.257851050150599,9.293966952372417,9.24581241607666,9.24581241607666,9.24581241607666,35800
28/01/2002,9.25784969329834,9.308412500091624,9.221732877880983,9.25784969329834,9.25784969329834,29800
29/01/2002,9.257847817610044,9.257847817610044,9.178391207185692,9.18079948425293,9.18079948425293,39900
30/01/2002,9.149502655756011,9.354162216186523,9.149502655756011,9.354162216186523,9.354162216186523,36200
31/01/2002,9.342122407157078,9.342122407157078,9.24581241607666,9.24581241607666,9.24581241607666,43200
01/02/2002,9.265070537779872,9.330080239343603,9.257847543768976,9.293963432312012,9.293963432312012,22200
04/02/2002,9.318045065558632,9.322860702848029,9.272296970553812,9.30600643157959,9.30600643157959,25500
05/02/2002,9.2939674421486,9.35897717176046,9.281928807440245,9.33489990234375,9.33489990234375,53500
06/02/2002,9.318042755126953,9.354158648109058,9.281925943656178,9.318042755126953,9.318042755126953,32700
07/02/2002,9.306002908821972,9.371011691397719,9.298778996378017,9.337303161621094,9.337303161621094,69400
08/02/2002,9.313228523581177,9.356568336486816,9.267481351509138,9.356568336486816,9.356568336486816,30000
11/02/2002,9.354158191816868,9.397497996072232,9.354158191816868,9.390275001525879,9.390275001525879,19500
12/02/2002,9.390275459579833,9.390275459579833,9.293964574650214,9.318042755126953,9.318042755126953,27400
13/02/2002,9.22173142036487,9.390275001525879,9.209692789958074,9.390275001525879,9.390275001525879,26000
14/02/2002,9.378242718272176,9.383058357391823,9.325271606445312,9.325271606445312,9.325271606445312,12400
15/02/2002,9.330081328462665,9.390275401549522,9.30600406662339,9.378236770629883,9.378236770629883,13900
19/02/2002,9.38064590593698,9.38064590593698,9.221733559632206,9.277112007141113,9.277112007141113,30600
20/02/2002,9.245808202708904,9.390273582740283,9.197652769868949,9.351749420166016,9.351749420166016,49600
21/02/2002,9.34211779406796,9.366195968815067,9.209691047668457,9.209691047668457,9.209691047668457,59000
22/02/2002,9.214509422017727,9.330081939697266,9.209693785636656,9.330081939697266,9.330081939697266,23000
25/02/2002,9.334899336827073,9.344530611405867,9.269889611153562,9.30600643157959,9.30600643157959,15400
26/02/2002,9.318046322032142,9.371016502380371,9.306007686429773,9.371016502380371,9.371016502380371,11300
27/02/2002,9.37823567588954,9.37823567588954,9.28433307979367,9.293963432312012,9.293963432312012,12400
28/02/2002,9.281927644118694,9.330083095405652,9.257850377719633,9.277112007141113,9.277112007141113,26900
01/03/2002,9.277110857994206,9.330081939697266,9.267480503720787,9.330081939697266,9.330081939697266,60200
04/03/2002,9.33008724556496,9.356572801478391,9.257854495748758,9.325271606445312,9.325271606445312,22800
05/03/2002,9.330083934056473,9.431209564208984,9.277112841030537,9.431209564208984,9.431209564208984,178600
06/03/2002,9.438433425016864,9.61901569366455,9.433617787634256,9.61901569366455,9.61901569366455,41400
07/03/2002,9.626238690494006,9.631054327876614,9.606977059452488,9.61901569366455,9.61901569366455,30200
08/03/2002,9.61901569366455,9.631054327876614,9.59493750675151,9.61901569366455,9.61901569366455,32800
11/03/2002,9.614202093522605,9.631056368688682,9.5467849928583,9.626240730285645,9.626240730285645,58600
12/03/2002,9.616606563164545,9.621422200120222,9.59012193764158,9.592529296875,9.592529296875,93300
13/03/2002,9.602161539825131,9.616607533661197,9.55882172133908,9.609384536743164,9.609384536743164,130800
14/03/2002,9.60938334952481,9.676800428401023,9.606975990345864,9.628645896911621,9.628645896911621,33500
15/03/2002,9.568457215563376,9.631058692932129,9.568457215563376,9.631058692932129,9.631058692932129,41300
18/03/2002,9.635867500160805,9.643090495142435,9.594935052124647,9.606974601745605,9.606974601745605,73000
19/03/2002,9.606976207742028,9.6190148408868,9.59012193764158,9.592529296875,9.592529296875,42900
20/03/2002,9.606977525957063,9.606977525957063,9.522705245402623,9.529929161071777,9.529929161071777,353000
21/03/2002,9.534741401672363,9.534741401672363,9.486586875003402,9.534741401672363,9.534741401672363,436700
22/03/2002,9.534741401672363,9.558819583495566,9.510664138337884,9.534741401672363,9.534741401672363,28200
25/03/2002,9.539557038037005,9.546780951828325,9.4552856978776,9.534741401672363,9.534741401672363,19100
26/03/2002,9.534745026372157,9.56363885554419,9.44325065612793,9.44325065612793,9.44325065612793,45000
27/03/2002,9.419171153463957,9.517889426498497,9.390278246804538,9.505850791931152,9.505850791931152,60900
28/03/2002,9.522707074001673,9.522707074001673,9.43843569575397,9.462512969970703,9.462512969970703,53100
01/04/2002,9.462513059065504,9.462513059065504,9.390280317246056,9.402318954467773,9.402318954467773,27900
02/04/2002,9.414353539598226,9.46250898624735,9.414353539598226,9.421577453613281,9.421577453613281,415700
03/04/2002,9.450472099293354,9.486588920571572,9.414355278015137,9.414355278015137,9.414355278015137,23300
04/04/2002,9.407129706932334,9.426392251273311,9.402314070847089,9.411945343017578,9.411945343017578,34200
05/04/2002,9.414352493247888,9.5756730838193,9.414352493247888,9.558818817138672,9.558818817138672,298700
08/04/2002,9.5708569009689,9.657536506652832,9.55881827095471,9.657536506652832,9.657536506652832,33000
09/04/2002,9.686858349461245,9.799240336868236,9.650211603497223,9.760150909423828,9.760150909423828,48300
10/04/2002,9.76014605476309,9.948264122009277,9.76014605476309,9.948264122009277,9.948264122009277,59300
11/04/2002,9.965366503227148,10.089963710288608,9.94093503872926,10.016671180725098,10.016671180725098,129500
12/04/2002,10.016672394930277,10.021558688422163,9.91894838902293,9.992241859436035,9.992241859436035,47500
15/04/2002,9.980024132763825,9.989796718252377,9.87008580789529,9.906731605529785,9.906731605529785,22200
16/04/2002,9.90673209984448,9.918947366332148,9.852984740905718,9.857870101928711,9.857870101928711,44200
17/04/2002,9.870089330388216,9.870089330388216,9.7723653045565,9.796795845031738,9.796795845031738,28600
18/04/2002,9.7723653045565,9.821227317472358,9.767479010068376,9.796795845031738,9.796795845031738,46000
19/04/2002,9.809011979751721,9.845657790212469,9.747934697018437,9.767478942871094,9.767478942871094,43600
22/04/2002,9.833438041854967,9.833438041854967,9.713726212150416,9.765031814575195,9.765031814575195,31400
23/04/2002,9.760149076532027,9.765035370540648,9.530497917953326,9.54271411895752,9.54271411895752,37600
24/04/2002,9.589132413219996,9.757705360900314,9.576917144309588,9.625779151916504,9.625779151916504,47800
25/04/2002,9.65020701600091,9.804121971130371,9.645320723397512,9.804121971130371,9.804121971130371,36300
26/04/2002,9.79679207943683,9.821223542486724,9.699069023132324,9.699069023132324,9.699069023132324,29200
29/04/2002,9.735722626786446,9.772369384765625,9.696633186526014,9.772369384765625,9.772369384765625,20000
30/04/2002,9.809009834222202,9.91894817352295,9.804123540836475,9.91894817352295,9.91894817352295,39900
01/05/2002,9.918950249423942,9.992243733583994,9.852987604824479,9.98491382598877,9.98491382598877,39200
02/05/2002,10.009343697935169,10.111953068211506,10.004457404307932,10.102180480957031,10.102180480957031,33700
03/05/2002,10.089966953106558,10.170589413913254,10.087524271854253,10.163259506225586,10.163259506225586,30100
06/05/2002,10.16325812306961,10.19746217970455,10.09240919281036,10.114397048950195,10.114397048950195,29700
07/05/2002,10.08996929371682,10.114400771734214,10.05087986085458,10.077754020690918,10.077754020690918,38600
08/05/2002,10.089959656801025,10.089959656801025,10.041097679399881,10.04842758178711,10.04842758178711,59200
09/05/2002,10.048432452603178,10.065534013188579,9.943379476455624,9.972696304321289,9.972696304321289,59900
10/05/2002,9.997130155570662,9.997130155570662,9.721061481979419,9.760150909423828,9.760150909423828,28700
13/05/2002,9.760145522345933,9.772360786936613,9.735714061199621,9.765031814575195,9.765031814575195,31000
14/05/2002,9.777249323164602,9.777249323164602,9.711285760877539,9.769920349121094,9.769920349121094,24600
15/05/2002,9.774812067046877,9.779698363575152,9.747938834090018,9.772369384765625,9.772369384765625,17600
16/05/2002,9.772360234404239,9.772360234404239,9.655092023427175,9.68685245513916,9.68685245513916,18800
17/05/2002,9.67464022580701,9.894518794015692,9.601347680392543,9.872530937194824,9.872530937194824,52700
20/05/2002,9.86031362422859,9.86031362422859,9.784577481553534,9.821224212646484,9.821224212646484,8700
21/05/2002,9.821224302465705,9.857870101928711,9.7479317715746,9.857870101928711,9.857870101928711,37800
22/05/2002,9.83343947902244,9.938492447392806,9.796792747929489,9.821224212646484,9.821224212646484,22600
23/05/2002,9.821223503638347,10.014227867126465,9.728385808346022,10.014227867126465,10.014227867126465,26800
24/05/2002,10.014228681652188,10.014228681652188,9.857870101928711,9.857870101928711,9.857870101928711,22000
28/05/2002,9.85787134194979,9.960481643676758,9.740603091379835,9.960481643676758,9.960481643676758,39600
29/05/2002,9.98491074286038,10.041101713257907,9.879857775432155,10.016671180725098,10.016671180725098,34700
30/05/2002,10.041105081925933,10.0875244140625,9.980027798138147,10.0875244140625,10.0875244140625,30400
31/05/2002,10.08507876108986,10.138827058181374,10.004457247417793,10.03621768951416,10.03621768951416,31100
03/06/2002,10.053315645072885,10.053315645072885,9.96780693655495,10.004453659057617,10.004453659057617,22800
04/06/2002,10.004457558216894,10.04110336303711,9.994684970812076,10.04110336303711,10.04110336303711,53000
05/06/2002,10.041104750637844,10.082637786865234,9.894519647169624,10.082637786865234,10.082637786865234,45400
06/06/2002,10.065534244917442,10.072863219061297,10.028887510267811,10.053318977355957,10.053318977355957,35800
07/06/2002,10.053318113428553,10.175472642476457,10.004456115416373,10.089963912963867,10.089963912963867,40800
10/06/2002,10.065537784758982,10.077753056616325,9.99224522164942,10.07042407989502,10.07042407989502,39700
11/06/2002,10.089963912963867,10.160813763483274,10.043545527433098,10.089963912963867,10.089963912963867,19100
12/06/2002,10.114399301837175,10.260984420776367,10.077752556119647,10.260984420776367,10.260984420776367,29600
13/06/2002,10.260985911976208,10.260985911976208,10.053323474639116,10.077754020690918,10.077754020690918,23900
14/06/2002,10.065535042865532,10.238994279099101,10.028888305310721,10.114397048950195,10.114397048950195,65400
17/06/2002,10.089967667034777,10.1999069704749,10.089967667034777,10.19502067565918,10.19502067565918,72400
18/06/2002,10.199906248767789,10.199906248767789,10.138828965841036,10.163259506225586,10.163259506225586,23700
19/06/2002,10.18769186130677,10.322061708995275,10.163260386839934,10.260984420776367,10.260984420776367,57200
20/06/2002,10.285414329487132,10.329390048852185,10.253654812585463,10.258541107177734,10.258541107177734,63300
21/06/2002,10.319616210506267,10.407566698681986,10.202347029008234,10.28296947479248,10.28296947479248,59800
24/06/2002,10.285414963277747,10.297631166493895,10.221894993594885,10.260984420776367,10.260984420776367,29300
25/06/2002,10.260986785669342,10.358710842128652,10.1754789352417,10.1754789352417,10.1754789352417,46200
26/06/2002,10.175477597131994,10.297632185659555,10.136388166081797,10.290302276611328,10.290302276611328,32000
27/06/2002,10.256094962448868,10.260981255835086,10.151041984558105,10.151041984558105,10.151041984558105,57500
28/06/2002,10.151040539543425,10.199902534484863,10.109508449620478,10.199902534484863,10.199902534484863,107800
01/07/2002,10.199905208916102,10.207234183891224,10.08507963049103,10.126612663269043,10.126612663269043,28300
02/07/2002,10.138830910200873,10.190135614026541,10.080196297281855,10.1779203414917,10.1779203414917,46200
03/07/2002,10.163254992424857,10.199901718691171,10.07286091479024,10.138824462890625,10.138824462890625,43900
05/07/2002,10.14127293009501,10.24388326301548,10.14127293009501,10.168147087097168,10.168147087097168,31300
08/07/2002,10.187688357115581,10.236550357277062,10.129053770528776,10.131497383117676,10.131497383117676,91600
09/07/2002,10.146364989680112,10.272729556664034,10.121586974948723,10.270252227783203,10.270252227783203,46000
10/07/2002,10.245474427845293,10.245474427845293,10.124065461262344,10.183530807495117,10.183530807495117,37200
11/07/2002,10.195920654322649,10.195920654322649,9.87629133497867,9.93575668334961,9.93575668334961,65700
12/07/2002,9.923368333033688,9.995223163408612,9.779659617468528,9.811869621276855,9.811869621276855,101900
15/07/2002,9.824254939112349,9.910975597516906,9.630990272235453,9.79452133178711,9.79452133178711,138300
16/07/2002,9.769747118451788,9.90850115752596,9.737536173719745,9.787091255187988,9.787091255187988,40000
17/07/2002,9.787092549857421,9.886202725904537,9.762315478437987,9.811869621276855,9.811869621276855,41400
18/07/2002,9.824260750275128,9.849037825851129,9.514542579650879,9.514542579650879,9.514542579650879,188800
19/07/2002,9.47737547650621,9.489764013582331,9.281633377075195,9.281633377075195,9.281633377075195,59900
22/07/2002,9.281631898622843,9.38569767289238,8.989257933311029,9.093323707580566,9.093323707580566,59000
23/07/2002,9.155267164712235,9.217210784304084,8.672106742858887,8.672106742858887,8.672106742858887,80000
24/07/2002,8.523441002097886,8.771215438842773,8.300443630953703,8.771215438842773,8.771215438842773,149300
25/07/2002,8.791034385208441,9.05615288100111,8.696879861552368,8.994209289550781,8.994209289550781,41500
26/07/2002,9.063592624230603,9.202345754017177,8.969438039600565,9.098280906677246,9.098280906677246,113300
29/07/2002,9.036332939398564,9.608691215515137,9.036332939398564,9.608691215515137,9.608691215515137,64800
30/07/2002,9.571529794418893,9.901069408400172,9.266767253903359,9.663206100463867,9.663206100463867,85000
31/07/2002,9.613648550515606,9.648336822573127,9.464984257359223,9.467461585998535,9.467461585998535,37400
01/08/2002,9.477375248865142,9.477375248865142,9.28163315413574,9.375787734985352,9.375787734985352,44700
02/08/2002,9.37578919457166,9.37578919457166,9.180047069369886,9.21721363067627,9.21721363067627,40500
05/08/2002,9.192435177670655,9.229601737236832,9.080937389341866,9.088370323181152,9.088370323181152,44100
06/08/2002,9.113143013643743,9.232074623759658,9.113143013643743,9.142876625061035,9.142876625061035,38700
07/08/2002,9.16765327329267,9.303929011291226,9.093321138492037,9.301451683044434,9.301451683044434,84900
08/08/2002,9.326232240127865,9.363398794044041,9.217211797923664,9.291543960571289,9.291543960571289,27800
09/08/2002,9.31632003118037,9.328709511276548,9.130489171953224,9.254376411437988,9.254376411437988,84700
12/08/2002,9.254377434593641,9.328710542650402,9.182523546088694,9.321276664733887,9.321276664733887,80700
13/08/2002,9.291542269719109,9.390652432003268,9.192432107434948,9.204821586608887,9.204821586608887,35500
14/08/2002,9.217210846243987,9.284110069274902,9.137923088248373,9.284110069274902,9.284110069274902,23700
15/08/2002,9.308884525290694,9.308884525290694,9.229596789558897,9.241985321044922,9.241985321044922,96700
16/08/2002,9.241988683189973,9.492241458095267,9.241988683189973,9.415431022644043,9.415431022644043,41300
19/08/2002,9.403041488049736,9.447640969035318,9.36091933592575,9.378263473510742,9.378263473510742,31300
20/08/2002,9.390654832886403,9.407998973942776,9.291544645263011,9.341099739074707,9.341099739074707,18200
21/08/2002,9.365872541891436,9.514537755524728,9.3584396120243,9.477371215820312,9.477371215820312,49800
22/08/2002,9.477374006846382,9.477374006846382,9.378263835236876,9.41790771484375,9.41790771484375,20000
23/08/2002,9.440208693344704,9.440208693344704,9.341099453931486,9.375787734985352,9.375787734985352,29000
26/08/2002,9.37578725687528,9.52692985534668,9.365876049883939,9.52692985534668,9.52692985534668,41600
27/08/2002,9.539318726469473,9.613650891145271,9.464986561793676,9.54427433013916,9.54427433013916,25400
28/08/2002,9.54427369326171,9.583917574789066,9.5343624865837,9.546751022338867,9.546751022338867,16400
29/08/2002,9.546747637687973,9.717712584124296,9.546747637687973,9.623558044433594,9.623558044433594,134300
30/08/2002,9.626041759908922,9.762318530880348,9.626041759908922,9.665685653686523,9.665685653686523,43100
03/09/2002,9.687981435530343,9.687981435530343,9.53931713104248,9.53931713104248,9.53931713104248,317000
04/09/2002,9.56409673080288,9.56409673080288,9.46498748331403,9.514542579650879,9.514542579650879,54500
05/09/2002,9.509586876209202,9.512064205666999,9.365877192851295,9.410476684570312,9.410476684570312,27500
06/09/2002,9.40304179456836,9.47737395023919,9.294020417412145,9.365875244140625,9.365875244140625,113600
09/09/2002,9.353482237234923,9.390648769893637,9.308882776118141,9.346049308776855,9.346049308776855,35800
10/09/2002,9.365874418839951,9.375785624105278,9.167655039456188,9.204821586608887,9.204821586608887,284000
11/09/2002,9.207301117880213,9.22960086246941,9.165179903203276,9.185001373291016,9.185001373291016,109000
12/09/2002,9.18499868043951,9.204821089900511,9.031378787854763,9.068544387817383,9.068544387817383,491600
13/09/2002,9.06606718694368,9.187477083641397,9.06606718694368,9.165177345275879,9.165177345275879,46100
16/09/2002,9.16517605790912,9.16517605790912,9.068543241775513,9.155264854431152,9.155264854431152,52900
17/09/2002,9.155266510046165,9.16765504404174,8.91244765203153,8.947135925292969,8.947135925292969,144600
18/09/2002,8.957050113969926,9.132969812782159,8.919883554419231,9.080937385559082,9.080937385559082,232100
19/09/2002,9.043770826008387,9.128014208496408,9.043770826008387,9.080937385559082,9.080937385559082,107300
20/09/2002,9.056158444167352,9.152790354961034,9.043769907303892,9.118102073669434,9.118102073669434,70600
23/09/2002,9.130487147711621,9.19243075372102,9.090843277672983,9.142876625061035,9.142876625061035,360800
24/09/2002,9.140399818733647,9.217210242781295,9.009079655373233,9.043767929077148,9.043767929077148,411200
25/09/2002,9.043766423958498,9.10571002960205,9.018989359774844,9.10571002960205,9.10571002960205,79400
26/09/2002,9.105714586757173,9.234557464400142,9.026426807466867,9.229601860046387,9.229601860046387,148200
27/09/2002,9.237031087497881,9.246942292228383,9.053678525906138,9.068544387817383,9.068544387817383,77000
30/09/2002,9.051201554009555,9.105712242683344,9.006602071491844,9.093323707580566,9.093323707580566,37800
01/10/2002,9.068543464901687,9.115621209988161,9.04624372911978,9.090843200683594,9.090843200683594,70700
02/10/2002,9.068542854766116,9.152786190364898,9.031377261086396,9.108186721801758,9.108186721801758,81900
03/10/2002,9.105708446767403,9.105708446767403,8.902533531188965,8.902533531188965,8.902533531188965,89400
04/10/2002,8.924836691370272,8.952092034814532,8.798471179980451,8.833160400390625,8.833160400390625,29200
07/10/2002,8.857935909193102,8.857935909193102,8.548217870410127,8.622550010681152,8.622550010681152,64400
08/10/2002,8.634940366300045,8.639895969388988,8.511053124630404,8.540786743164062,8.540786743164062,126700
09/10/2002,8.477783554943457,8.502985629110613,8.1728456677271,8.21568775177002,8.21568775177002,70400
10/10/2002,8.215689675928505,8.442503589749789,8.127484799087483,8.429903030395508,8.429903030395508,158500
11/10/2002,8.427374665319578,8.707111250436974,8.427374665319578,8.689470291137695,8.689470291137695,65900
14/10/2002,8.694512589044008,8.858322631062904,8.694512589044008,8.848241806030273,8.848241806030273,105700
15/10/2002,8.911247009751516,9.145620943448213,8.911247009751516,9.034733772277832,9.034733772277832,63900
16/10/2002,9.032214336871466,9.032214336871466,8.818002049717748,8.870924949645996,8.870924949645996,97200
17/10/2002,8.85832590638579,9.02213504761193,8.85832590638579,8.996933937072754,8.996933937072754,40700
18/10/2002,9.02213504761193,9.07253823005103,8.931409511493701,8.996933937072754,8.996933937072754,50400
21/10/2002,9.034737307804706,9.085140499755267,8.959133000559325,9.05993938446045,9.05993938446045,32600
22/10/2002,9.034734077853024,9.07757711217078,8.969210624694824,8.969210624694824,8.969210624694824,38800
23/10/2002,8.719713126241652,8.883523157664706,8.694512026650564,8.82051944732666,8.82051944732666,179500
24/10/2002,8.833124136600853,8.896127876464426,8.74491928533616,8.755000114440918,8.755000114440918,86800
25/10/2002,8.628995608663994,8.77012341932666,8.628995608663994,8.732321739196777,8.732321739196777,138300
28/10/2002,8.732311652392584,8.744912197880828,8.603783588876505,8.644105911254883,8.644105911254883,65600
29/10/2002,8.606308433588701,8.654190914126122,8.558424991690819,8.636549949645996,8.636549949645996,50200
30/10/2002,8.598747758396177,8.631509963203879,8.523143483837297,8.568506240844727,8.568506240844727,132800
31/10/2002,8.51810299253258,8.66931250162352,8.51810299253258,8.5307035446167,8.5307035446167,73500
01/11/2002,8.56850836494981,8.583629608154297,8.417299778347937,8.583629608154297,8.583629608154297,117400
04/11/2002,8.583626976210466,8.649150420617369,8.571025463390276,8.598747253417969,8.598747253417969,90500
05/11/2002,8.611351498007943,8.636553573096226,8.560949270553111,8.601271629333496,8.601271629333496,137900
06/11/2002,8.626469673362724,8.760037259038041,8.598747881310747,8.684432983398438,8.684432983398438,40100
07/11/2002,8.659231754859588,8.681913133363302,8.523143483837297,8.568506240844727,8.568506240844727,49900
08/11/2002,8.565990057593293,8.606312418124887,8.502986309177624,8.593710899353027,8.593710899353027,18300
11/11/2002,8.613871490258127,8.613871490258127,8.344215557445407,8.399659156799316,8.399659156799316,47700
12/11/2002,8.424861144712757,8.5181064213016,8.417301002691223,8.460143089294434,8.460143089294434,70400
13/11/2002,8.492902375379638,8.515583754975891,8.376975751381263,8.402176856994629,8.402176856994629,48600
14/11/2002,8.392099905273447,8.518107414245605,8.382019073829035,8.518107414245605,8.518107414245605,72700
15/11/2002,8.530701679773426,8.538262778459414,8.467697971765173,8.470218658447266,8.470218658447266,27800
18/11/2002,8.432420784131818,8.455102170205416,8.354296757603404,8.392098426818848,8.392098426818848,41800
19/11/2002,8.379494563826507,8.482820623753106,8.326571670992005,8.36185359954834,8.36185359954834,67900
20/11/2002,8.366894624380596,8.505502623001854,8.366894624380596,8.467700004577637,8.467700004577637,47000
21/11/2002,8.505500114329374,8.659229307250447,8.480299017053234,8.61890697479248,8.61890697479248,97500
22/11/2002,8.644105911254883,8.644105911254883,8.543300585988936,8.644105911254883,8.644105911254883,32400
25/11/2002,8.618910181232328,8.674352808137863,8.581107559894406,8.631510734558105,8.631510734558105,42700
26/11/2002,8.63150752343055,8.63150752343055,8.543302721603823,8.61890697479248,8.61890697479248,51300
27/11/2002,8.613871391056634,8.755000114440918,8.55590806574544,8.755000114440918,8.755000114440918,31400
29/11/2002,8.744916695110877,8.75751724707918,8.719714629813778,8.729795455932617,8.729795455932617,23900
02/12/2002,8.755001482997665,8.883528709411621,8.7449206523171,8.883528709411621,8.883528709411621,115900
03/12/2002,8.883522383736292,8.95408622553211,8.845719776282678,8.896122932434082,8.896122932434082,39700
04/12/2002,8.873444490060768,8.98433166247854,8.850763110371728,8.933928489685059,8.933928489685059,24900
05/12/2002,8.959131583932407,9.009534767913166,8.870926732986657,8.971732139587402,8.971732139587402,19800
06/12/2002,8.959129292667905,9.017092602945604,8.931407500500194,8.999451637268066,8.999451637268066,56300
09/12/2002,9.001972603608413,9.112858814355906,9.001972603608413,9.07253646850586,9.07253646850586,58900
10/12/2002,9.072537962774497,9.155703355553074,9.072537962774497,9.120420455932617,9.120420455932617,90200
11/12/2002,9.115377750025596,9.17334201843476,9.097736785330799,9.148139953613281,9.148139953613281,48200
12/12/2002,9.173342747345528,9.296829510021329,9.13805985379189,9.251466751098633,9.251466751098633,41100
13/12/2002,9.284232227413284,9.324554587173653,9.198547092752387,9.223748207092285,9.223748207092285,36800
16/12/2002,9.19854344474799,9.299349784851074,9.170821653151616,9.299349784851074,9.299349784851074,40400
17/12/2002,9.299347087740255,9.299347087740255,9.21618173707177,9.236343383789062,9.236343383789062,60600
18/12/2002,9.072535337250809,9.135539054870605,9.072535337250809,9.135539054870605,9.135539054870605,78800
19/12/2002,9.148139606122479,9.198542772490404,9.08513588850268,9.135539054870605,9.135539054870605,26000
20/12/2002,9.198545969145412,9.198545969145412,9.11034111836915,9.168304443359375,9.168304443359375,126600
23/12/2002,9.193504018246234,9.284229541803498,9.193504018246234,9.259028434753418,9.259028434753418,32400
24/12/2002,9.25903185734783,9.311954778532284,9.256511168894685,9.286752700805664,9.286752700805664,32700
26/12/2002,9.28674815330343,9.28674815330343,9.168301810752084,9.183422088623047,9.183422088623047,40900
27/12/2002,9.18342404654415,9.324552758711803,9.138061280538858,9.241387367248535,9.241387367248535,32500
30/12/2002,9.266590706806207,9.291791819654975,9.17334543563277,9.274150848388672,9.274150848388672,34300
31/12/2002,9.274153684501265,9.322037159462248,9.216190338134766,9.216190338134766,9.216190338134766,54100
02/01/2003,9.24138551440747,9.309429649772976,9.213664684171604,9.299349784851074,9.299349784851074,30900
03/01/2003,9.32454938502593,9.422835022023412,9.32454938502593,9.3900728225708,9.3900728225708,28100
06/01/2003,9.412756730880991,9.55640515613526,9.412756730880991,9.475760459899902,9.475760459899902,97900
07/01/2003,9.488361329771806,9.488361329771806,9.261547536178323,9.291789054870605,9.291789054870605,42700
08/01/2003,9.324548839105894,9.362351448673415,9.311948289703487,9.322029113769531,9.322029113769531,155500
09/01/2003,9.322035173371237,9.409085252872986,9.24522650949914,9.306673049926758,9.306673049926758,65300
10/01/2003,9.332275260868666,9.370679099001658,9.217061793119669,9.219621658325195,9.219621658325195,30300
13/01/2003,9.242662643133372,9.28362731557354,9.217060089111328,9.217060089111328,9.217060089111328,27300
14/01/2003,9.219619322592578,9.237542281190652,9.211938752246807,9.224740028381348,9.224740028381348,25100
15/01/2003,9.250340364063108,9.250340364063108,9.12744639758053,9.170970916748047,9.170970916748047,80000
16/01/2003,9.042955495901698,9.042955495901698,8.94310421746195,8.961026191711426,8.961026191711426,147000
17/01/2003,8.99943612876618,8.99943612876618,8.884222673626267,8.89958381652832,8.89958381652832,35600
21/01/2003,8.861174583435057,8.889337963828586,8.835571066407162,8.861174583435059,8.861174583435059,24300
22/01/2003,8.84581543909115,8.909822788110151,8.751084836011925,8.825333595275879,8.825333595275879,192300
23/01/2003,8.876541462033975,8.897024288913144,8.78181082940518,8.83813762664795,8.83813762664795,26800
24/01/2003,8.850938035423987,8.871420860290527,8.751086705886708,8.871420860290527,8.871420860290527,133300
27/01/2003,8.897022149807814,8.91750497176231,8.858617346980488,8.886780738830566,8.886780738830566,123700
28/01/2003,8.912385212691495,8.948229178243475,8.858618287688717,8.90982437133789,8.90982437133789,118000
29/01/2003,8.909823522838956,8.948228326087179,8.866298990720706,8.897022247314453,8.897022247314453,118200
30/01/2003,8.897020253360045,8.897020253360045,8.769005573455583,8.771565437316895,8.771565437316895,50800
31/01/2003,8.83557475745224,8.897022247314453,8.794610089769005,8.897022247314453,8.897022247314453,177600
03/02/2003,8.884223442254934,8.930308828298028,8.833017349243164,8.833017349243164,8.833017349243164,53600
04/02/2003,8.80741521964202,8.858620338470434,8.78437252549922,8.827897071838379,8.827897071838379,45400
05/02/2003,8.853498876869727,8.935428222986204,8.833016052003185,8.871420860290527,8.871420860290527,20300
06/02/2003,8.922627279507518,8.922627279507518,8.817655228337136,8.833017349243164,8.833017349243164,33000
07/02/2003,8.820217260328636,8.853501371778778,8.707563645166655,8.78437328338623,8.78437328338623,54600
10/02/2003,8.758766462341299,8.871420035281224,8.735723774846747,8.858617782592773,8.858617782592773,68300
11/02/2003,8.8970286789377,8.927751957741172,8.807418708812813,8.820219993591309,8.820219993591309,39300
12/02/2003,8.858617782592773,8.943107962297717,8.84069580083865,8.858617782592773,8.858617782592773,39800
13/02/2003,8.845817864409486,8.868860555441083,8.809973895399201,8.853499412536621,8.853499412536621,72700
14/02/2003,8.861177859006158,8.909823094329605,8.781808391891897,8.902142524719238,8.902142524719238,43700
18/02/2003,8.884223611053393,8.996876236479673,8.884223611053393,8.922627449035645,8.922627449035645,59300
19/02/2003,8.948228942116238,8.961030218522026,8.904703430326814,8.93542766571045,8.93542766571045,21500
20/02/2003,8.961026191711426,8.961026191711426,8.889338294713525,8.961026191711426,8.961026191711426,18500
21/02/2003,8.948232613115717,9.05064384305087,8.884225228153051,8.994318008422852,8.994318008422852,34400
24/02/2003,9.05063994274101,9.05063994274101,8.85861787060358,8.891901969909668,8.891901969909668,46400
25/02/2003,8.866295616867864,9.012232250998933,8.866295616867864,8.961026191711426,8.961026191711426,27800
26/02/2003,8.948228942116238,8.986632771333603,8.935427665710447,8.93542766571045,8.93542766571045,25500
27/02/2003,8.973827462364715,8.973827462364715,8.914940836020106,8.961026191711426,8.961026191711426,19000
28/02/2003,8.961026191711426,9.012232250998933,8.925182243212475,8.961026191711426,8.961026191711426,84100
03/03/2003,8.961030033080114,8.961030033080114,8.85861787060358,8.891901969909668,8.891901969909668,37300
04/03/2003,8.891901890284945,8.891901890284945,8.830455374689073,8.835575103759766,8.835575103759766,31600
05/03/2003,8.797173339056888,8.802294046003398,8.666597753608352,8.730605125427246,8.730605125427246,115800
06/03/2003,8.730602473988256,8.730602473988256,8.576985218945671,8.704999923706055,8.704999923706055,54700
07/03/2003,8.679395900718143,8.743403242237672,8.648671673583111,8.676835060119629,8.676835060119629,49000
10/03/2003,8.676835393860236,8.676835393860236,8.500175476074219,8.500175476074219,8.500175476074219,28800
11/03/2003,8.52578353881836,8.57698964246663,8.415690757810891,8.52578353881836,8.52578353881836,51200
12/03/2003,8.512986524781185,8.589795230421517,8.512986524781185,8.576993942260742,8.576993942260742,33300
13/03/2003,8.576983025166417,8.615387817441416,8.548819641054676,8.582103729248047,8.582103729248047,60500
14/03/2003,8.543705144694716,8.774132112420435,8.543705144694716,8.758769989013672,8.758769989013672,80500
17/03/2003,8.761323634831934,9.019912818056037,8.640989542007446,8.961026191711426,8.961026191711426,110500
18/03/2003,8.961030454987066,8.961030454987066,8.697320442704815,8.90982437133789,8.90982437133789,110500
19/03/2003,8.897018246680808,9.037834167480469,8.853493734133794,9.037834167480469,9.037834167480469,45600
20/03/2003,9.01223726301637,9.188897240296939,8.904704381042412,9.176095962524414,9.176095962524414,50900
21/03/2003,9.178657481664427,9.421885709878596,9.153054921505069,9.396283149719238,9.396283149719238,57700
24/03/2003,9.370677606601246,9.37323844807394,9.114648153123891,9.14537239074707,9.14537239074707,65800
25/03/2003,9.165859085423577,9.26827131163293,9.140256517208925,9.201703071594238,9.201703071594238,96400
26/03/2003,9.191458524820698,9.191458524820698,9.114648901134085,9.147933006286621,9.147933006286621,66400
27/03/2003,9.147932021242013,9.217060089111328,9.11464791967349,9.217060089111328,9.217060089111328,66400
28/03/2003,9.21705403995198,9.265699251337907,9.194011365785132,9.209373474121094,9.209373474121094,59300
31/03/2003,9.19145798599343,9.19145798599343,9.101847089170585,9.165854454040527,9.165854454040527,83000
01/04/2003,9.165853664726967,9.255464553833008,9.153052388190332,9.255464553833008,9.255464553833008,37300
02/04/2003,9.268264498885562,9.583180544484806,9.268264498885562,9.524293899536133,9.524293899536133,112200
03/04/2003,9.56269858362206,9.578060700645517,9.47308867600542,9.514053344726562,9.514053344726562,37300
04/04/2003,9.488450793028877,9.552458148947832,9.475648540505292,9.514053344726562,9.514053344726562,106300
07/04/2003,9.665109426888327,9.816166805342439,9.652308152783661,9.690711975097656,9.690711975097656,79100
08/04/2003,9.71631604680279,9.729117321627893,9.578059934672474,9.626705169677734,9.626705169677734,59900
09/04/2003,9.652732790440348,9.756833837331504,9.556439967373786,9.616297721862793,9.616297721862793,47400
10/04/2003,9.642324009107897,9.717797230377373,9.62931162438796,9.6917724609375,9.6917724609375,66900
11/04/2003,9.691770097926991,9.785459840736248,9.600681441533691,9.694372177124023,9.694372177124023,47000
14/04/2003,9.694370054737174,9.850520584681,9.694370054737174,9.842713356018066,9.842713356018066,49900
15/04/2003,9.881757326520736,9.915589332580566,9.811489248672602,9.915589332580566,9.915589332580566,48600
16/04/2003,9.928601264953613,9.928601264953613,9.821898123647438,9.928601264953613,9.928601264953613,23900
17/04/2003,9.98064753495811,10.00667328820706,9.928598014022155,9.967635154724121,9.967635154724121,94500
21/04/2003,9.993660097462051,10.100363195176424,9.94681473819419,10.050914764404297,10.050914764404297,35600
22/04/2003,10.07693970712656,10.160220118525885,10.04831187956164,10.128989219665527,10.128989219665527,49000
23/04/2003,10.168026860738184,10.201859836495679,10.110771208345616,10.14200210571289,10.14200210571289,31100
24/04/2003,10.168032369127676,10.168032369127676,9.959831237792969,9.959831237792969,9.959831237792969,136000
25/04/2003,9.967633324282135,10.084746710443444,9.954620946437721,10.009273529052734,10.009273529052734,84300
28/04/2003,10.035305024937289,10.066534948206026,9.980651418240296,10.040510177612305,10.040510177612305,105800
29/04/2003,10.045712484528515,10.214876440528723,10.045712484528515,10.071738243103027,10.071738243103027,27500
30/04/2003,10.0717353092111,10.092554917224788,9.97283944099863,10.030095100402832,10.030095100402832,88300
01/05/2003,10.069134661242497,10.084750115596886,9.980649072129886,10.048315048217773,10.048315048217773,34500
02/05/2003,10.097761104010234,10.261719877365634,10.082146644592285,10.082146644592285,10.082146644592285,128000
05/05/2003,10.071738982983893,10.274734950871505,10.071738982983893,10.266927719116211,10.266927719116211,91500
06/05/2003,10.266927719116211,10.331990631160318,10.214877190924676,10.266927719116211,10.266927719116211,117500
07/05/2003,10.253915776254122,10.253915776254122,10.188852861411853,10.227890014648438,10.227890014648438,61800
08/05/2003,10.230492190283055,10.279939643826811,10.204466430959075,10.264324188232422,10.264324188232422,50600
09/05/2003,10.264325040350457,10.292952881592845,10.199262125810955,10.207070350646973,10.207070350646973,48300
12/05/2003,10.201861949156378,10.279937223181307,10.201861949156378,10.24610424041748,10.24610424041748,46500
13/05/2003,10.246107110727097,10.279940102968782,10.23569779931379,10.266927719116211,10.266927719116211,30800
14/05/2003,10.266926697941214,10.274733928919979,10.162825651912302,10.214876174926758,10.214876174926758,35100
15/05/2003,10.214874329363703,10.279937223181307,10.201861949156378,10.24610424041748,10.24610424041748,51200
16/05/2003,10.227888557485084,10.24090094004341,10.178441106650984,10.214876174926758,10.214876174926758,39900
19/05/2003,10.214880899005177,10.214880899005177,10.071742639104102,10.152420043945312,10.152420043945312,22700
20/05/2003,10.152411977821362,10.251307839434064,10.152411977821362,10.175834655761719,10.175834655761719,47200
21/05/2003,10.201862763893777,10.240899907633324,10.123787483633627,10.15761947631836,10.15761947631836,55500
22/05/2003,10.188854815771261,10.358017831140128,10.162829049173487,10.300763130187988,10.300763130187988,55200
23/05/2003,10.358008928467086,10.402252197265625,10.28513883018788,10.402252197265625,10.402252197265625,34100
27/05/2003,10.402255855149905,10.407461005826008,10.285142446890006,10.292949676513672,10.292949676513672,86600
28/05/2003,10.345003019686793,10.371027787403694,10.251312267455951,10.277338027954102,10.277338027954102,81000
29/05/2003,10.279940943467299,10.305965713300253,9.881756206891376,10.1680326461792,10.1680326461792,110200
30/05/2003,10.233092819248952,10.313771172545053,10.222682516995055,10.256515502929688,10.256515502929688,153200
02/06/2003,10.282544186918114,10.345005031479182,10.282544186918114,10.329389572143555,10.329389572143555,61300
03/06/2003,10.305963980447302,10.331989738685596,10.253914449533042,10.318977355957031,10.318977355957031,38000
04/06/2003,10.371024784817697,10.51416394416321,10.363217555319201,10.477727890014648,10.477727890014648,47900
05/06/2003,10.52978168425051,10.52978168425051,10.443899154663086,10.443899154663086,10.443899154663086,35900
06/06/2003,10.495951194515605,10.514168733497721,10.436092431824182,10.493348121643066,10.493348121643066,136800
09/06/2003,10.493343345622696,10.514163948000903,10.436087681863592,10.482933044433594,10.482933044433594,85800
10/06/2003,10.514166257598221,10.514166257598221,10.436089974310262,10.438693046569824,10.438693046569824,115800
11/06/2003,10.410065599405558,10.412667678981673,10.266927395969976,10.384040832519531,10.384040832519531,163400
12/06/2003,10.42307746945486,10.42307746945486,10.308567110902901,10.355412483215332,10.355412483215332,67800
13/06/2003,10.371026751188973,10.371026751188973,10.15241534875318,10.214876174926758,10.214876174926758,58800
16/06/2003,10.240903014608742,10.345004081726074,10.227890629414414,10.345004081726074,10.345004081726074,63700
17/06/2003,10.41006637476305,10.41006637476305,10.217479710006163,10.227890014648438,10.227890014648438,33700
18/06/2003,10.24089696903362,10.24089696903362,10.10296398039418,10.14200210571289,10.14200210571289,118100
19/06/2003,10.14981838021096,10.227893707656252,10.110780220097487,10.123793601989746,10.123793601989746,25800
20/06/2003,10.1628241252936,10.201862259885578,10.123786983482626,10.149811744689941,10.149811744689941,29700
23/06/2003,10.17583914455103,10.17583914455103,9.954625638583893,9.983253479003906,9.983253479003906,39900
24/06/2003,10.019690409269975,10.019690409269975,9.832308868341617,9.915589332580566,9.915589332580566,104400
25/06/2003,9.980647185475076,10.058723449707031,9.915584293802407,10.058723449707031,10.058723449707031,31300
26/06/2003,10.110774362700358,10.110774362700358,10.019686698913574,10.019686698913574,10.019686698913574,41800
27/06/2003,10.0196858028426,10.115978609202932,10.006673422434067,10.045710563659668,10.045710563659668,39400
30/06/2003,10.110776569376094,10.227890014648438,10.045713654533825,10.227890014648438,10.227890014648438,95300
01/07/2003,10.227887096604533,10.290347913856639,10.175836581024612,10.201862335205078,10.201862335205078,84700
02/07/2003,10.253911796784056,10.412664413452147,10.253911796784056,10.412664413452148,10.412664413452148,221200
03/07/2003,10.397055173900393,10.423079945687315,10.376234562245731,10.41527271270752,10.41527271270752,50600
07/07/2003,10.454309470318865,10.514168230144621,10.43348985224234,10.475130081176758,10.475130081176758,127800
08/07/2003,10.540193000935618,10.540193000935618,10.436091932208893,10.475130081176758,10.475130081176758,73600
09/07/2003,10.527978362028147,10.527978362028147,10.401135370685457,10.514765739440918,10.514765739440918,57000
10/07/2003,10.557048712768365,10.557048712768365,10.332430054504297,10.385281562805176,10.385281562805176,32400
11/07/2003,10.411702709167589,10.490979428667204,10.395846962044393,10.430200576782227,10.430200576782227,32400
14/07/2003,10.49097814212101,10.578182220458984,10.472480276774833,10.578182220458984,10.578182220458984,50400
15/07/2003,10.570259094238281,10.583471716494387,10.554403342695878,10.570259094238281,10.570259094238281,42100
16/07/2003,10.57025897682366,10.57025897682366,10.51740748032785,10.54383373260498,10.54383373260498,77400
17/07/2003,10.570257605238593,10.570257605238593,10.411704144383343,10.422273635864258,10.422273635864258,103000
18/07/2003,10.451350540036938,10.469848425306628,10.374715867885849,10.411712646484375,10.411712646484375,47400
21/07/2003,10.451339766864985,10.451339766864985,10.311284206174486,10.342994689941406,10.342994689941406,98500
22/07/2003,10.38263600437657,10.393206504149658,10.279576151734812,10.356209754943848,10.356209754943848,93900
23/07/2003,10.422273338901324,10.430201717359006,10.321856620314732,10.348281860351562,10.348281860351562,38400
24/07/2003,10.387922117983436,10.4117052404212,10.306002250018157,10.34035587310791,10.34035587310791,44000
25/07/2003,10.379992888602624,10.395848638282418,10.34564027638392,10.361495018005371,10.361495018005371,55600
28/07/2003,10.427557173398817,10.490979152161836,10.416986675595288,10.475123405456543,10.475123405456543,56100
29/07/2003,10.541190720439772,10.58082959526655,10.520050726441696,10.570259094238281,10.570259094238281,39900
30/07/2003,10.570261310040863,10.794878959655762,10.54383605998923,10.794878959655762,10.794878959655762,129600
31/07/2003,10.834516171404314,10.834516171404314,10.689175302424008,10.728813171386719,10.728813171386719,50500
01/08/2003,10.723528453495845,10.747310568984613,10.578186582896892,10.596684455871582,10.596684455871582,251300
04/08/2003,10.596691499181286,10.596691499181286,10.303367457879407,10.411712646484375,10.411712646484375,113400
05/08/2003,10.438132648419844,10.438132648419844,10.269008635152549,10.398493766784668,10.398493766784668,66400
06/08/2003,10.200293437112842,10.29806900024414,10.00210119928248,10.29806900024414,10.29806900024414,281600
07/08/2003,10.239934861655334,10.356207307506116,10.213509626525916,10.342994689941406,10.342994689941406,73100
08/08/2003,10.332423125820894,10.342993622004476,10.30599789341994,10.321853637695312,10.321853637695312,38000
11/08/2003,10.321856875147347,10.364137865085112,10.255792765365944,10.2927885055542,10.2927885055542,26900
12/08/2003,10.300716413182949,10.306001663208008,10.237295428998971,10.306001663208008,10.306001663208008,41500
13/08/2003,10.30600093718498,10.30600093718498,10.208226338755189,10.239936828613281,10.239936828613281,33900
14/08/2003,10.250510612686163,10.292791615398631,10.218799104607848,10.226727485656738,10.226727485656738,62100
15/08/2003,10.253150284192222,10.261078663346511,10.200298791416609,10.213512420654297,10.213512420654297,13900
18/08/2003,10.213516560383491,10.226729186918124,10.086672523086406,10.15273666381836,10.15273666381836,56800
19/08/2003,10.16594580751296,10.16594580751296,10.062885954788145,10.107809066772461,10.107809066772461,48500
20/08/2003,10.147450956910728,10.171234084468278,10.089314198868129,10.150093078613281,10.150093078613281,66500
21/08/2003,10.17123309239207,10.17123309239207,10.094598465730416,10.134236335754395,10.134236335754395,39200
22/08/2003,10.168592958504227,10.168592958504227,9.986256283337967,10.025894165039062,10.025894165039062,34600
25/08/2003,10.052318367300094,10.052318367300094,9.925475357347684,9.983611106872559,9.983611106872559,189400
26/08/2003,10.015321719455065,10.033819593748012,9.962470218021553,10.01003646850586,10.01003646850586,116500
27/08/2003,10.028532699968839,10.213512420654297,9.999464328539332,10.213512420654297,10.213512420654297,398200
28/08/2003,10.25314967814115,10.25314967814115,10.139519328210564,10.173872947692871,10.173872947692871,34900
29/08/2003,10.14744769363332,10.23200967374207,10.134234065193944,10.168587684631348,10.168587684631348,33900
02/09/2003,10.171236181616399,10.504199028015137,10.171236181616399,10.504199028015137,10.504199028015137,231100
03/09/2003,10.567617089810264,10.644250702966064,10.504195090998133,10.596684455871582,10.596684455871582,189300
04/09/2003,10.623111886365447,10.723529642258825,10.623111886365447,10.67067813873291,10.67067813873291,103700
05/09/2003,10.6759585476211,10.678600667972653,10.623107068066911,10.644247055053711,10.644247055053711,86800
08/09/2003,10.66275235449832,10.763170134844861,10.636327100329728,10.73674488067627,10.73674488067627,56900
09/09/2003,10.742031097412111,10.826593128013162,10.689179576271723,10.74203109741211,10.74203109741211,119300
10/09/2003,10.728812368145668,10.728812368145668,10.490982147999647,10.506836891174316,10.506836891174316,89800
11/09/2003,10.546469719775724,10.617819047338168,10.533257105351092,10.557040214538574,10.557040214538574,51100
12/09/2003,10.557050545491133,10.557050545491133,10.464560137893425,10.504199028015137,10.504199028015137,48800
15/09/2003,10.543836258055608,10.57026150860364,10.438133239746094,10.438133239746094,10.438133239746094,30900
16/09/2003,10.464557412882893,10.543835172482085,10.464557412882893,10.535906791687012,10.535906791687012,28700
17/09/2003,10.557045766093347,10.557045766093347,10.451342778995329,10.509479522705078,10.509479522705078,41300
18/09/2003,10.490983814139595,10.493625935735505,10.43020493684765,10.448702812194824,10.448702812194824,57300
19/09/2003,10.42227792799477,10.504197821072834,10.42227792799477,10.435491561889648,10.435491561889648,73600
22/09/2003,10.435483951523812,10.435483951523812,10.30599789341994,10.321853637695312,10.321853637695312,306300
23/09/2003,10.28222098906791,10.345642996403308,10.279578867455799,10.324501991271973,10.324501991271973,402400
24/09/2003,10.358849381295546,10.424913470451694,10.305997908359029,10.327138900756836,10.327138900756836,95700
25/09/2003,10.33242781097286,10.345641441222945,10.20029957293966,10.28486156463623,10.28486156463623,116700
26/09/2003,10.245222800007376,10.332426905274938,10.205583928848613,10.306001663208008,10.306001663208008,114800
29/09/2003,10.306005112765956,10.372069248104198,10.263724106471829,10.345643997192383,10.345643997192383,91500
30/09/2003,10.345648482504293,10.45399367110926,10.2927969497084,10.411712646484375,10.411712646484375,92800
01/10/2003,10.372073744872669,10.57026623681291,10.332434843260963,10.411712646484375,10.411712646484375,76700
02/10/2003,10.411704326290158,10.6231092804768,10.411704326290158,10.609896659851074,10.609896659851074,64500
03/10/2003,10.6231107711792,10.742026389614413,10.588757146284921,10.6231107711792,10.6231107711792,70800
06/10/2003,10.60989796906506,10.623110591321165,10.490982352643186,10.570259094238281,10.570259094238281,72500
07/10/2003,10.583470156897143,10.623109025882673,10.483052428043228,10.530618667602539,10.530618667602539,85500
08/10/2003,10.573560889660214,10.573560889660214,10.358868487323143,10.463531494140625,10.463531494140625,100900
09/10/2003,10.493050346655147,10.533305426566832,10.36423552415865,10.399123191833496,10.399123191833496,54000
10/10/2003,10.444743826791838,10.444743826791838,10.313245820534693,10.33203125,10.33203125,38100
13/10/2003,10.291775403615324,10.385703567646427,10.291775403615324,10.34544849395752,10.34544849395752,180600
14/10/2003,10.305196214071824,10.444744839710461,10.305196214071824,10.412541389465332,10.412541389465332,202200
15/10/2003,10.43937497535807,10.506466071539734,10.407170512106077,10.458160400390625,10.458160400390625,51000
16/10/2003,10.439380045327058,10.506471174092066,10.431328413739278,10.466216087341309,10.466216087341309,62900
17/10/2003,10.46621744539296,10.47426805429597,10.399126307922492,10.450115203857422,10.450115203857422,35400
20/10/2003,10.409855925202438,10.466212206774726,10.345448015027678,10.385703086853027,10.385703086853027,41300
21/10/2003,10.35887141393929,10.495737910283527,10.35887141393929,10.43938159942627,10.43938159942627,99500
22/10/2003,10.439373700276967,10.439373700276967,10.085132837603627,10.11733627319336,10.11733627319336,85500
23/10/2003,10.14417546969266,10.14417546969266,10.036830309597425,10.063666343688965,10.063666343688965,56700
24/10/2003,10.023413711628699,10.023413711628699,9.714795149446257,9.857028007507324,9.857028007507324,130300
27/10/2003,9.77651731542601,10.136125731146713,9.77651731542601,10.02609634399414,10.02609634399414,59500
28/10/2003,10.066352955363378,10.077087782136344,9.779202993427804,9.918752670288086,9.918752670288086,52500
29/10/2003,9.972425510594189,10.001945771556388,9.862396098471978,9.929487228393555,9.929487228393555,34900
30/10/2003,9.940220858856112,9.940220858856112,9.655754133673433,9.736263275146484,9.736263275146484,173000
31/10/2003,9.776518687992295,9.806038946399754,9.712110758400629,9.781886100769043,9.781886100769043,52900
03/11/2003,9.808716491390108,9.875807576862993,9.76846245434361,9.86238956451416,9.86238956451416,45300
04/11/2003,9.848977088928223,9.848977088928223,9.773834334820338,9.848977088928223,9.848977088928223,59700
05/11/2003,9.819459031795276,9.819459031795276,9.602083375398443,9.714797019958496,9.714797019958496,103100
06/11/2003,9.768467945846979,9.862395108820214,9.741630882333698,9.848977088928223,9.848977088928223,63700
07/11/2003,9.862392669220903,9.961687220334912,9.795301562627563,9.956319808959961,9.956319808959961,256900
10/11/2003,9.983155032708689,9.983155032708689,9.916063938434744,9.932165145874023,9.932165145874023,134000
11/11/2003,9.95900635439465,9.95900635439465,9.84897695481175,9.916068077087402,9.916068077087402,213000
12/11/2003,9.90264826914166,10.0770845413208,9.90264826914166,10.0770845413208,10.0770845413208,37600
13/11/2003,10.074404249930767,10.09587287902832,9.96974225172289,10.09587287902832,10.09587287902832,71500
14/11/2003,10.028778368124858,10.133440331043756,10.028778368124858,10.055615425109863,10.055615425109863,79700
17/11/2003,10.015363792794824,10.050251466998276,9.889232140948849,9.929487228393555,9.929487228393555,58600
18/11/2003,9.926803541218383,9.969741821289062,9.89459906336836,9.969741821289062,9.969741821289062,338500
19/11/2003,9.969737863657107,10.055614389708534,9.929482794189086,9.99925708770752,9.99925708770752,42200
20/11/2003,9.972422043084817,9.972422043084817,9.846290435096046,9.956319808959961,9.956319808959961,63700
21/11/2003,9.983158290716108,10.018045957768242,9.905332350264883,9.996576309204102,9.996576309204102,45300
24/11/2003,10.0234116275933,10.216634355901506,9.993892398527649,10.090502738952637,10.090502738952637,34500
25/11/2003,10.050248326643194,10.10123720090875,10.026095486469178,10.063666343688965,10.063666343688965,35100
26/11/2003,10.063666343688965,10.103921418555352,9.967054982992897,10.063666343688965,10.063666343688965,57200
28/11/2003,10.0851391682949,10.103924602825057,10.063669515272206,10.071720123291016,10.071720123291016,12100
01/12/2003,10.111971728257375,10.34544849395752,10.111971728257375,10.34544849395752,10.34544849395752,33200
02/12/2003,10.318615635216759,10.348135895173453,10.23005485534668,10.23005485534668,10.23005485534668,115900
03/12/2003,10.25689192063884,10.302513396041464,10.162963727710329,10.23005485534668,10.23005485534668,28200
04/12/2003,10.208580944665282,10.291773244701773,10.184428110264305,10.251519203186035,10.251519203186035,45400
05/12/2003,10.318614916737726,10.318614916737726,10.222003535871675,10.238105773925781,10.238105773925781,26200
08/12/2003,10.208584363293841,10.45279598236084,10.208584363293841,10.45279598236084,10.45279598236084,36500
09/12/2003,10.425962552692082,10.444747989644503,10.34545339093464,10.43938159942627,10.43938159942627,44500
10/12/2003,10.43937882645372,10.43937882645372,10.340083230389835,10.35350227355957,10.35350227355957,38700
11/12/2003,10.345453153439069,10.452799382471055,10.345453153439069,10.431329727172852,10.431329727172852,100400
12/12/2003,10.474263710395439,10.59234471855964,10.46889629877624,10.533304214477539,10.533304214477539,54700
15/12/2003,10.560141826435506,10.61381492691669,10.345450448240014,10.425959587097168,10.425959587097168,41300
16/12/2003,10.385706036194186,10.436694921087692,10.326665520411701,10.423276901245117,10.423276901245117,171100
17/12/2003,10.450107712740651,10.450107712740651,10.329344570845983,10.420588493347168,10.420588493347168,58400
18/12/2003,10.42059616247385,10.48500308238799,10.31324993097757,10.43938159942627,10.43938159942627,67200
19/12/2003,10.442057109608681,10.442057109608681,10.358863790239464,10.420588493347168,10.420588493347168,43800
22/12/2003,10.423275727792987,10.466214000692817,10.358867806578655,10.45279598236084,10.45279598236084,74100
23/12/2003,10.425955015236575,10.519883155822754,10.412537001932492,10.519883155822754,10.519883155822754,126400
24/12/2003,10.519888415064731,10.557459280590608,10.479633331298828,10.479633331298828,10.479633331298828,34000
26/12/2003,10.519888415064731,10.535989629587647,10.46621531128663,10.479633331298828,10.479633331298828,15700
29/12/2003,10.546724957325646,10.640653149342521,10.546724957325646,10.600398063659668,10.600398063659668,120000
30/12/2003,10.64065150200708,10.680905557728636,10.54672332453172,10.589661598205566,10.589661598205566,31700
31/12/2003,10.562823560172363,10.59234380968042,10.385703086853027,10.385703086853027,10.385703086853027,44800
02/01/2004,10.42596022752073,10.54404126057841,10.42596022752073,10.479633331298828,10.479633331298828,47700
05/01/2004,10.546724230815812,10.595029920815962,10.509153366088867,10.509153366088867,10.509153366088867,35100
06/01/2004,10.533308593034683,10.533308593034683,10.439381409977134,10.487687110900879,10.487687110900879,221700
07/01/2004,10.47158077076473,10.530621276280696,10.431325694507642,10.460845947265625,10.460845947265625,83600
08/01/2004,10.447212299257773,10.567169478308363,10.439033707960045,10.509917259216309,10.509917259216309,59800
09/01/2004,10.523551986149515,10.578078372399867,10.482657976464989,10.55899429321289,10.55899429321289,108800
12/01/2004,10.56444592964955,10.684403134836314,10.539909110406324,10.632603645324707,10.632603645324707,136100
13/01/2004,10.632611749873469,10.6762326795548,10.539917144300013,10.64624309539795,10.64624309539795,68300
14/01/2004,10.578075386680423,10.65986442296839,10.509917683106446,10.550812721252441,10.550812721252441,108600
15/01/2004,10.599888636434434,10.599888636434434,10.499014464592891,10.556267738342285,10.556267738342285,61200
16/01/2004,10.597159033072007,10.597159033072007,10.49901177748335,10.509917259216309,10.509917259216309,30400
20/01/2004,10.578077878702578,10.578077878702578,10.321805227292227,10.428131103515625,10.428131103515625,104200
21/01/2004,10.4553958184274,10.561722755432129,10.414501802660476,10.561722755432129,10.561722755432129,44200
22/01/2004,10.523550884242772,10.643509129433742,10.512646440137942,10.632603645324707,10.632603645324707,46700
23/01/2004,10.59171655909901,10.684411163673067,10.5780852137215,10.665327072143555,10.665327072143555,53200
26/01/2004,10.65169584160874,10.662601334030322,10.433591193202078,10.64624309539795,10.64624309539795,76800
27/01/2004,10.654414530705163,10.681677200761579,10.578077182539644,10.678950309753418,10.678950309753418,36800
28/01/2004,10.610794642013952,10.738931504012985,10.504468752271945,10.578079223632812,10.578079223632812,59000
29/01/2004,10.62714711764161,10.659862518310547,10.485378994737767,10.659862518310547,10.659862518310547,82200
30/01/2004,10.659862640633145,10.749831293509914,10.618968649328671,10.73074722290039,10.73074722290039,132300
02/02/2004,10.826172551359713,10.89160442352295,10.771646164557735,10.89160442352295,10.89160442352295,71100
03/02/2004,10.905231464570218,11.055178189207275,10.894325983504707,10.987020492553711,10.987020492553711,66000
04/02/2004,10.959760306577634,11.022465276868497,10.755287170410156,10.755287170410156,10.755287170410156,131400
05/02/2004,10.758013524635565,10.89160310411719,10.752560782615479,10.796181678771973,10.796181678771973,57000
06/02/2004,10.76892626727069,11.04155731201172,10.76892626727069,11.041557312011719,11.041557312011719,57500
09/02/2004,11.101528382408464,11.101528382408464,10.921592065640734,11.000654220581055,11.000654220581055,146300
10/02/2004,10.98702604556344,11.218762955311258,10.95976336912461,11.205130577087402,11.205130577087402,142500
11/02/2004,11.205132960761643,11.382343515325463,11.164238937403992,11.371438026428223,11.371438026428223,106200
12/02/2004,11.344169097192326,11.374158655142779,11.17786412310643,11.322358131408691,11.322358131408691,71300
13/02/2004,11.314175130652215,11.344164676917185,11.003376269367418,11.164228439331055,11.164228439331055,48100
17/02/2004,11.136967577166148,11.265104383817812,11.04427306512102,11.074262619018555,11.074262619018555,53300
18/02/2004,11.123338133288183,11.17786450962866,11.112432650019263,11.15605354309082,11.15605354309082,70500
19/02/2004,11.224211824701328,11.229664566613272,11.096076029785282,11.12333869934082,11.12333869934082,252000
20/02/2004,11.136971872443281,11.136971872443281,10.973393748100664,11.03337287902832,11.03337287902832,49700
23/02/2004,11.068811488403755,11.068811488403755,10.90523340335507,10.932496070861816,10.932496070861816,104600
24/02/2004,10.97339243402672,11.027918815612793,10.921592943522278,11.027918815612793,11.027918815612793,50300
25/02/2004,11.01428688231972,11.147875417949459,11.01428688231972,11.142422676086426,11.142422676086426,36100
26/02/2004,11.150605528070091,11.237847343057064,11.036099995896894,11.12061595916748,11.12061595916748,155300
27/02/2004,11.096075450143708,11.218759536743164,11.055180407942515,11.218759536743164,11.218759536743164,27900
01/03/2004,11.177863001441334,11.180588851888713,11.090621227069429,11.169684410095215,11.169684410095215,50800
02/03/2004,11.150603895437595,11.175140717310365,11.096077509053181,11.17241382598877,11.17241382598877,45100
03/03/2004,11.136967108474524,11.207851694704466,11.082441783687068,11.150599479675293,11.150599479675293,102000
04/03/2004,11.10970349247565,11.23238754272461,11.10970349247565,11.23238754272461,11.23238754272461,32300
05/03/2004,11.205127103291954,11.393243048415577,11.202401252494912,11.29236888885498,11.29236888885498,32100
08/03/2004,11.286917042491527,11.365979194641113,11.232390667212977,11.365979194641113,11.365979194641113,65600
09/03/2004,11.325085022133692,11.395968580922322,11.262380055511878,11.322358131408691,11.322358131408691,25700
10/03/2004,11.34962231227364,11.450495433222297,11.10970687866211,11.10970687866211,11.10970687866211,51700
11/03/2004,11.136969376088425,11.161506193240317,11.041548998277795,11.066085815429688,11.066085815429688,25800
12/03/2004,11.055179531848912,11.191494941711424,11.019737234083529,11.191494941711426,11.191494941711426,25900
15/03/2004,11.191496413233846,11.216033231835501,11.096076029785282,11.12333869934082,11.12333869934082,44500
16/03/2004,11.150606302230253,11.16423764176752,10.929774857710157,11.068816184997559,11.068816184997559,25400
17/03/2004,11.109707364563052,11.158781001766364,11.071539211183627,11.12333869934082,11.12333869934082,137100
18/03/2004,11.145146683636465,11.368703842163086,11.068809357307543,11.368703842163086,11.368703842163086,45000
19/03/2004,11.428684734023488,11.428684734023488,11.25147530550698,11.423233032226562,11.423233032226562,55900
22/03/2004,11.42323221372994,11.42868391513624,11.256927240727514,11.259653091430664,11.259653091430664,68100
23/03/2004,11.300549507141113,11.338717661654304,11.265107203662776,11.300549507141113,11.300549507141113,41900
24/03/2004,11.259653164786878,11.436863621764592,11.243295980453242,11.322358131408691,11.322358131408691,33000
25/03/2004,11.2732880862928,11.409603545812685,11.188773166993299,11.216035842895508,11.216035842895508,40500
26/03/2004,11.218760122793563,11.246022792349102,11.096076029785282,11.12333869934082,11.12333869934082,35500
29/03/2004,11.150600942755096,11.284189462018094,11.115158644989712,11.191494941711426,11.191494941711426,49400
30/03/2004,11.177864440187008,11.38233757019043,11.109706730185868,11.38233757019043,11.38233757019043,30100
31/03/2004,11.355075589235435,11.674053192138672,11.303275060897716,11.674053192138672,11.674053192138672,62400
01/04/2004,11.633158147661968,11.695864159860697,11.573180066434766,11.674053192138672,11.674053192138672,45700
02/04/2004,11.674054303087473,11.695865272885117,11.570454276557237,11.600443840026855,11.600443840026855,54000
05/04/2004,11.545913284403879,11.545913284403879,11.04427260033038,11.150599479675293,11.150599479675293,50600
06/04/2004,11.096077370371065,11.096077370371065,10.460846900939941,10.460846900939941,10.460846900939941,100500
07/04/2004,10.44176317398585,10.70348858617873,10.231837257954785,10.673500061035156,10.673500061035156,87900
08/04/2004,10.67350172660653,10.67350172660653,10.38723840734533,10.531733512878418,10.531733512878418,247700
12/04/2004,10.477210045711919,10.477210045711919,9.787453906872697,9.839253425598145,9.839253425598145,147800
13/04/2004,9.784721969941227,9.951026970645852,9.678396094737746,9.896500587463379,9.896500587463379,167500
14/04/2004,9.80107986394059,9.926489812996941,9.7056584366118,9.899227142333984,9.899227142333984,237700
15/04/2004,9.968547539070999,10.007367860115055,9.760580626814056,9.899225234985352,9.899225234985352,175800
16/04/2004,9.940820691791956,10.157107058766996,9.921410525980372,10.051736831665039,10.051736831665039,67400
19/04/2004,10.05173945833556,10.315164566040039,9.91309477615162,10.315164566040039,10.315164566040039,118900
20/04/2004,10.412210684126961,10.509262552173515,10.00736865017139,10.015686988830566,10.015686988830566,281100
21/04/2004,10.015691647681404,10.015691647681404,9.81604402257255,9.924186706542969,9.924186706542969,398600
22/04/2004,9.88536397420037,10.048964703612157,9.843770156064851,9.99073314666748,9.99073314666748,254900
23/04/2004,10.032325674784976,10.032325674784976,9.821585241399584,9.960229873657227,9.960229873657227,90100
26/04/2004,9.960230437303569,10.176516795151795,9.932501932392732,10.07946491241455,10.07946491241455,120600
27/04/2004,10.107195066161044,10.17928981781006,10.062828821044407,10.179289817810059,10.179289817810059,60600
28/04/2004,10.179288624545991,10.23197426166606,10.079464320291752,10.090556144714355,10.090556144714355,100200
29/04/2004,10.090555033867428,10.107192768669723,9.707895595610506,9.813265800476074,9.813265800476074,84700
30/04/2004,9.813269168951361,9.87149967408571,9.608075658161319,9.691262245178223,9.691262245178223,113700
03/05/2004,9.663531144475744,9.871498107910154,9.594208823330941,9.871498107910156,9.871498107910156,78300
04/05/2004,9.857635393151917,10.051738134194784,9.857635393151917,9.915865898132324,9.915865898132324,97800
05/05/2004,9.926958528034652,10.007372693478315,9.843771934509276,9.843771934509277,9.843771934509277,55700
06/05/2004,9.843773244804595,9.8798211613147,9.716220380568917,9.854865074157715,9.854865074157715,72800
07/05/2004,9.852091708249645,9.860411109253619,9.4250668506902,9.427839279174805,9.427839279174805,74800
10/05/2004,9.427834782287151,9.638574153176286,9.233732089920442,9.497157096862793,9.497157096862793,144000
11/05/2004,9.566482850355712,9.652442932128906,9.522116595389699,9.652442932128906,9.652442932128906,225500
12/05/2004,9.652442169336116,9.738401186541367,9.599756518507222,9.705126762390137,9.705126762390137,331700
13/05/2004,9.705123214724361,9.868723905512123,9.68571305291687,9.718987464904785,9.718987464904785,125900
14/05/2004,9.718984360487623,9.846537113844068,9.718984360487623,9.760578155517578,9.760578155517578,50700
17/05/2004,9.732851715085207,9.85763208225799,9.630254994420692,9.718987464904785,9.718987464904785,79700
18/05/2004,9.774448927499172,9.949141502380371,9.727310248914083,9.949141502380371,9.949141502380371,196800
19/05/2004,9.968545015119057,10.134918079690582,9.760578155517578,9.760578155517578,9.760578155517578,94600
20/05/2004,9.766127403970504,9.860405788196989,9.727307079484511,9.827130317687988,9.827130317687988,77100
21/05/2004,9.854861100780044,9.976868001147245,9.849315188339538,9.896453857421875,9.896453857421875,94700
24/05/2004,9.899226432737239,10.007369070951606,9.890907035953758,9.987958908081055,9.987958908081055,31900
25/05/2004,9.97964298196581,10.190382397416645,9.929730820295255,10.182064056396484,10.182064056396484,88600
26/05/2004,10.134919234515538,10.226425170898438,10.051732692751072,10.226425170898438,10.226425170898438,79000
27/05/2004,10.148787760872608,10.2735681550175,10.132151080169766,10.218110084533691,10.218110084533691,61700
28/05/2004,10.176515462865368,10.317932511836087,10.176515462865368,10.254156112670898,10.254156112670898,33600
01/06/2004,10.18483498303004,10.342889785766602,10.112740236673307,10.342889785766602,10.342889785766602,70600
02/06/2004,10.342889785766602,10.434395754600738,10.22920122488987,10.342889785766602,10.342889785766602,65700
03/06/2004,10.315161172130807,10.315161172130807,10.19592670006132,10.231974601745605,10.231974601745605,50500
04/06/2004,10.231975261547158,10.290205758794286,10.062828624784323,10.071146965026855,10.071146965026855,110000
07/06/2004,10.093332776604,10.19315605420652,10.024010439011322,10.140471458435059,10.140471458435059,56100
08/06/2004,10.098876192349705,10.137697584395383,9.982415189536999,10.093331336975098,10.093331336975098,47600
09/06/2004,10.051729882188031,10.123824582819038,10.021227911922383,10.03786563873291,10.03786563873291,41000
10/06/2004,10.0656025137846,10.07946676879346,9.885365083119742,9.949141502380371,9.949141502380371,69000
14/06/2004,9.907544876294002,9.907544876294002,9.721761584636981,9.799402236938477,9.799402236938477,199600
15/06/2004,9.82436012060498,9.913092613220217,9.82436012060498,9.913092613220215,9.913092613220215,57500
16/06/2004,9.913088816284077,10.048960988557353,9.863176676083636,9.968546867370605,9.968546867370605,39700
17/06/2004,9.968550354018623,10.218110084533691,9.885363777180267,10.218110084533691,10.218110084533691,145500
18/06/2004,10.21810955748293,10.340117517809073,10.20979121756057,10.301297187805176,10.301297187805176,163900
21/06/2004,10.273570700974417,10.370622612815795,10.190384103521078,10.334574699401855,10.334574699401855,41700
22/06/2004,10.306841885761823,10.398347854614258,10.218109402024421,10.398347854614258,10.398347854614258,100800
23/06/2004,10.370619350111811,10.398347854614258,10.284659293714794,10.398347854614258,10.398347854614258,87900
24/06/2004,10.331800285299204,10.370621681213379,10.268023864388239,10.370621681213379,10.370621681213379,197600
25/06/2004,10.356753046140458,10.398346856676984,10.25970223192129,10.306840896606445,10.306840896606445,86600
28/06/2004,10.334574736923791,10.378940992911653,10.262478909834154,10.315164566040039,10.315164566040039,95200
29/06/2004,10.315161972324034,10.331798653026878,10.15433367369846,10.218110084533691,10.218110084533691,49300
30/06/2004,10.259699209359695,10.48430381609305,10.195922827693881,10.439937591552734,10.439937591552734,82600
01/07/2004,10.442715051211321,10.484308869542362,10.36784681288029,10.45380687713623,10.45380687713623,120400
02/07/2004,10.4815399567067,10.606320408360093,10.475994041324858,10.550862312316895,10.550862312316895,87800
06/07/2004,10.536994470137824,10.606316802178204,10.326255046155998,10.58413314819336,10.58413314819336,84300
07/07/2004,10.58413101246122,10.672864552720554,10.58413101246122,10.661772727966309,10.661772727966309,57100
08/07/2004,10.633598670384215,10.636415791047519,10.368744185314105,10.456089973449707,10.456089973449707,136700
09/07/2004,10.48426061104087,10.608235359191896,10.48426061104087,10.608235359191895,10.608235359191895,95900
12/07/2004,10.608237861396098,10.692765434729345,10.551885787565128,10.658954620361328,10.658954620361328,59700
13/07/2004,10.658952106194377,10.718121286088554,10.596964732118865,10.608235359191895,10.608235359191895,51600
14/07/2004,10.636418696217655,10.720946311950684,10.551891080484626,10.720946311950684,10.720946311950684,46800
15/07/2004,10.735033876840506,10.842102761429135,10.692770607143077,10.746304512023926,10.746304512023926,53400
16/07/2004,10.782929474403062,10.802652541126104,10.706854327831394,10.777294158935547,10.777294158935547,50600
19/07/2004,10.77729184644914,10.785744280423511,10.67585833945153,10.692764282226562,10.692764282226562,61400
20/07/2004,10.706854657934626,10.740665476955614,10.656137891989864,10.723760604858398,10.723760604858398,68600
21/07/2004,10.737848315394462,10.740665435791016,10.650502535529563,10.740665435791016,10.740665435791016,64400
22/07/2004,10.712485444532813,10.712485444532813,10.554699897766113,10.554699897766113,10.554699897766113,67600
23/07/2004,10.526529223066062,10.549069411588981,10.405372619628908,10.405372619628906,10.405372619628906,68900
26/07/2004,10.3771993881221,10.391287143387803,10.174332272850126,10.227866172790527,10.227866172790527,75100
27/07/2004,10.21377738842561,10.380015463395814,10.21377738842561,10.241952896118164,10.241952896118164,55200
28/07/2004,10.236314018234037,10.402550943085885,10.072893138118596,10.363104820251465,10.363104820251465,57800
29/07/2004,10.503983985691653,10.692763232928955,10.425091743469238,10.425091743469238,10.425091743469238,121800
30/07/2004,10.425095286287904,10.656137852592485,10.425095286287904,10.596968650817871,10.596968650817871,156800
02/08/2004,10.56878895303938,10.915353775024414,10.56878895303938,10.915353775024414,10.915353775024414,107800
03/08/2004,10.915356046472738,10.915356046472738,10.706853685980011,10.73221206665039,10.73221206665039,66300
04/08/2004,10.70685275801635,10.875907897949219,10.630777622598648,10.875907897949219,10.875907897949219,55600
05/08/2004,10.83364622649469,10.83364622649469,10.509622573852539,10.509622573852539,10.509622573852539,51200
06/08/2004,10.537797375521723,10.813921337630246,10.453268732674625,10.62232494354248,10.62232494354248,77700
09/08/2004,10.650501110649516,10.80265138754521,10.56033822245053,10.658954620361328,10.658954620361328,179300
10/08/2004,10.67867234088062,10.799828862795676,10.650495780652774,10.749112129211426,10.749112129211426,110100
11/08/2004,10.729393624817265,10.729393624817265,10.57442516490643,10.650500297546387,10.650500297546387,50300
12/08/2004,10.59414653793753,10.72657371898025,10.475808178149176,10.608235359191895,10.608235359191895,53000
13/08/2004,10.636413337963207,10.76884054995647,10.534979820251465,10.534979820251465,10.534979820251465,41300
16/08/2004,10.563158693871559,10.791383083575674,10.563158693871559,10.754754066467285,10.754754066467285,68400
17/08/2004,10.782928036947661,10.861820293322822,10.768840287570152,10.847732543945312,10.847732543945312,27200
18/08/2004,10.819560941519835,10.960440635681152,10.791384357791511,10.960440635681152,10.960440635681152,41600
19/08/2004,10.926624800320472,11.022423000844473,10.847732543945312,10.847732543945312,10.847732543945312,40500
20/08/2004,10.87591022122803,11.08722972869873,10.87591022122803,11.08722972869873,11.08722972869873,31000
23/08/2004,11.03088048276181,11.087231500564922,10.904088543051271,10.960440635681152,10.960440635681152,23400
24/08/2004,11.016797150212646,11.053426189921803,10.960446104293705,11.00270938873291,11.00270938873291,39200
25/08/2004,10.999881568525636,11.0449630063136,10.971704998141748,11.025239944458008,11.025239944458008,30700
26/08/2004,11.025245467074827,11.03933322191029,10.88718289010298,10.923811912536621,10.923811912536621,32800
27/08/2004,10.890001658077153,10.999887656324187,10.847737316523594,10.974529266357422,10.974529266357422,32500
30/08/2004,10.946348855567207,11.002700933006109,10.8759090274752,10.982977867126465,10.982977867126465,30100
31/08/2004,10.954804213774482,11.016790542069849,10.901269247504855,10.988615036010742,10.988615036010742,88200
01/09/2004,10.960435211854188,11.016786201771726,10.85054820193202,10.915353775024414,10.915353775024414,37500
02/09/2004,10.960439000037514,11.05623722076416,10.932262420514025,11.05623722076416,11.05623722076416,50400
03/09/2004,11.056236139303506,11.087228761507903,10.997065865505197,11.075959205627441,11.075959205627441,21800
07/09/2004,11.075959410699845,11.185845375061037,11.044965713095095,11.185845375061035,11.185845375061035,24600
08/09/2004,11.157670656994243,11.245016448905258,11.135130466233573,11.202752113342285,11.202752113342285,46100
09/09/2004,11.202751462702397,11.247832916432174,11.11540675069094,11.146400451660156,11.146400451660156,100700
10/09/2004,11.112589637837136,11.199935433184503,11.087231250467044,11.126678466796875,11.126678466796875,47000
13/09/2004,11.098500306051863,11.13794644194768,11.04778353852107,11.092864990234375,11.092864990234375,49600
14/09/2004,11.095681220034718,11.095681220034718,10.957618694029568,10.966071128845215,10.966071128845215,41400
15/09/2004,10.974525324510749,11.016788576057277,10.912537932450746,10.994248390197754,10.994248390197754,36500
16/09/2004,10.9660695152771,11.19147777557373,10.946346453725083,11.19147777557373,11.19147777557373,80400
17/09/2004,11.163302125207817,11.163302125207817,11.061868614683931,11.067503929138184,11.067503929138184,70300
20/09/2004,11.047781600993009,11.112586109288994,10.957618713378904,10.957618713378906,10.957618713378906,28500
21/09/2004,10.98579902362326,11.044968237212588,10.960440635681152,10.960440635681152,10.960440635681152,23800
22/09/2004,10.9040890435847,10.909724360589044,10.718127881748606,10.763209342956543,10.763209342956543,99400
23/09/2004,10.735033923880778,10.830832173705769,10.706858410625694,10.729399681091309,10.729399681091309,47600
24/09/2004,10.692770798315324,10.785750853173571,10.692770798315324,10.720946311950684,10.720946311950684,42900
27/09/2004,10.664590510359563,10.746300976314881,10.642050322235745,10.698402404785156,10.698402404785156,44800
28/09/2004,10.704041433700247,10.735034068768364,10.658959966987501,10.720946311950684,10.720946311950684,63800
29/09/2004,10.692763219621604,10.875906078099453,10.66458665112996,10.853365898132324,10.853365898132324,41300
30/09/2004,10.833645400703285,11.042146682739258,10.833645400703285,11.042146682739258,11.042146682739258,66300
01/10/2004,11.016785853831617,11.292910854872712,10.960434865693797,11.256281852722168,11.256281852722168,94900
04/10/2004,11.270375586241034,11.388714013979715,11.270375586241034,11.352086067199707,11.352086067199707,61300
05/10/2004,11.32390640889305,11.43661056408695,11.28446027702313,11.394346237182617,11.394346237182617,54600
06/10/2004,11.383076948503563,11.484509400765294,11.368988122654024,11.478875160217285,11.478875160217285,68700
07/10/2004,11.513198102970124,11.513198102970124,11.198552131652832,11.198552131652832,11.198552131652832,39300
08/10/2004,11.149925354754373,11.298667436760319,11.149925354754373,11.235737800598145,11.235737800598145,43900
11/10/2004,11.235742354839626,11.255765230613667,11.144208896682615,11.147069931030273,11.147069931030273,34200
12/10/2004,11.12704064653331,11.227154967741734,11.101296808056249,11.195690155029297,11.195690155029297,105300
13/10/2004,11.189970719691308,11.281504137716906,11.127042176776468,11.224296569824219,11.224296569824219,72800
14/10/2004,11.209999798353817,11.255766532726804,11.175675020365329,11.20141887664795,11.20141887664795,56100
15/10/2004,11.224296814053828,11.355875968933105,11.161367178605285,11.355875968933105,11.355875968933105,59700
18/10/2004,11.312971803823887,11.39878426843841,11.27006611709897,11.387343406677246,11.387343406677246,46400
19/10/2004,11.390206126333206,11.464577747318852,11.084140903516401,11.087000846862793,11.087000846862793,138000
20/10/2004,11.041230432010323,11.147066850325933,10.918232177011333,11.092718124389648,11.092718124389648,68900
21/10/2004,11.132770559807552,11.261489868164062,10.955424563385941,11.261489868164062,11.261489868164062,72000
22/10/2004,11.261488441067932,11.292953278141658,11.009771926808337,11.035515785217285,11.035515785217285,31000
25/10/2004,10.992601644964555,11.107018959470082,10.981159695281127,11.041228294372559,11.041228294372559,54200
26/10/2004,11.004042667858965,11.32726953545997,10.998321693499085,11.290084838867188,11.290084838867188,59500
27/10/2004,11.261482355046933,11.281505223970184,11.172809961576691,11.227157592773438,11.227157592773438,264500
28/10/2004,11.18425213755046,11.241460808847412,11.052672957382724,11.161369323730469,11.161369323730469,238900
29/10/2004,11.184247356147475,11.184247356147475,11.072691094950645,11.118457794189453,11.118457794189453,45700
01/11/2004,11.14134824152531,11.181393990514316,11.061255652382478,11.15565013885498,11.15565013885498,48300
02/11/2004,11.155645608878086,11.175668475241896,11.001182561644937,11.041228294372559,11.041228294372559,73600
03/11/2004,11.069836362052998,11.184252618401416,11.069836362052998,11.14134693145752,11.14134693145752,34000
04/11/2004,11.169948095743019,11.355875968933105,11.155646203458652,11.355875968933105,11.355875968933105,98100
05/11/2004,11.35587865076261,11.35587865076261,11.084138268527072,11.1384859085083,11.1384859085083,101700
08/11/2004,11.09843957941763,11.184252040032515,10.978302352789717,11.0726957321167,11.0726957321167,85500
09/11/2004,11.026926759929436,11.064112552022555,10.926812424868436,11.015484809875488,11.015484809875488,88300
10/11/2004,11.072692515767853,11.09843635559082,10.961136240256431,11.09843635559082,11.09843635559082,58400
11/11/2004,11.12704634419564,11.15565013885498,11.041232777887975,11.15565013885498,11.15565013885498,38900
12/11/2004,11.155643419117588,11.435964584350586,11.089853858098389,11.435964584350586,11.435964584350586,60000
15/11/2004,11.435966736587304,11.584708807775003,11.35301423880033,11.444547653198242,11.444547653198242,90700
16/11/2004,11.444549199349217,11.527501708343019,11.327271928110038,11.3501558303833,11.3501558303833,47400
17/11/2004,11.312968463192556,11.413083884983436,11.012624380148647,11.08127498626709,11.08127498626709,138200
18/11/2004,11.10988234780597,11.155649069573013,11.026929823614227,11.149928092956543,11.149928092956543,48900
19/11/2004,11.149925105980394,11.15278613910454,10.889626741068806,10.94111442565918,10.94111442565918,75000
22/11/2004,10.869603996813268,11.038368944620894,10.861023079672615,11.02692699432373,11.02692699432373,65600
23/11/2004,10.955421014043514,11.152790919967916,10.829562781740117,11.144208908081055,11.144208908081055,83000
24/11/2004,11.144203417417847,11.28722451186468,11.144203417417847,11.198552131652832,11.198552131652832,28300
26/11/2004,11.227151156914449,11.270057903533818,11.172803556871953,11.238593101501465,11.238593101501465,8200
29/11/2004,11.261480439112546,11.327270010262408,11.127041355095145,11.270062446594238,11.270062446594238,54700
30/11/2004,11.227158774703382,11.284367445291485,11.169950104115278,11.278646469116211,11.278646469116211,46000
01/12/2004,11.335856572996484,11.424528987013277,11.27006697540943,11.298670768737793,11.298670768737793,113500
02/12/2004,11.241461292157974,11.321553871883031,11.069836362052998,11.14134693145752,11.14134693145752,92000
03/12/2004,11.16994892820793,11.241459486123684,11.104159345865177,11.227157592773438,11.227157592773438,50400
06/12/2004,11.184250821558177,11.235738510550682,11.12704324815719,11.227157592773438,11.227157592773438,32000
07/12/2004,11.21286175916498,11.22716366024437,10.98402806839939,11.035515785217285,11.035515785217285,48400
08/12/2004,11.032644997681382,11.141341313896747,11.032644997681382,11.107016563415527,11.107016563415527,41500
09/12/2004,11.081280326177726,11.198557637639203,10.989745776855823,11.147069931030273,11.147069931030273,31200
10/12/2004,11.127041355095145,11.29294525382864,11.11273837301377,11.270062446594238,11.270062446594238,228200
13/12/2004,11.28437160391859,11.298673504045134,11.25004682538188,11.29581356048584,11.29581356048584,30000
14/12/2004,11.264341374594183,11.438827279300627,11.264341374594183,11.427385330200195,11.427385330200195,45800
15/12/2004,11.427388801722117,11.427388801722117,11.184252219715043,11.370180130004883,11.370180130004883,87600
16/12/2004,11.370182106598117,11.370182106598117,11.164231289079437,11.167092323303223,11.167092323303223,86900
17/12/2004,11.167088153751921,11.433107496666013,11.158506145449751,11.355875968933105,11.355875968933105,114600
20/12/2004,11.315832516839238,11.36445917864854,11.169950349082022,11.24718189239502,11.24718189239502,66200
21/12/2004,11.19855402604826,11.470293278534337,11.19855402604826,11.441689491271973,11.441689491271973,51900
22/12/2004,11.484597429076263,11.576130867004395,11.41594680504784,11.576130867004395,11.576130867004395,81800
23/12/2004,11.527504584861113,11.550388492844716,11.453134066243981,11.470295906066895,11.470295906066895,29000
27/12/2004,11.493174798249894,11.553243393744797,11.427385228255813,11.501755714416504,11.501755714416504,36900
28/12/2004,11.455983678551723,11.573260873299219,11.455983678551723,11.51605224609375,11.51605224609375,59600
29/12/2004,11.513200746405923,11.567548381954794,11.49603781831252,11.556107521057129,11.556107521057129,50300
30/12/2004,11.556107644606929,11.619036199292985,11.498898974848554,11.599013328552246,11.599013328552246,18800
31/12/2004,11.581853299898816,11.59329416270524,11.484598873473084,11.513202667236328,11.513202667236328,39500
03/01/2005,11.470290639878133,11.493174537355383,11.272921934376148,11.327269554138184,11.327269554138184,78700
04/01/2005,11.284369709785416,11.3844840850316,11.227161027716944,11.292950630187988,11.292950630187988,136100
05/01/2005,11.264341343597575,11.278643234351597,10.81811515038757,11.09843635559082,11.09843635559082,170600
06/01/2005,11.115599279194239,11.169946900525252,11.069832574082776,11.09843635559082,11.09843635559082,324700
07/01/2005,11.104153699432034,11.184245134398747,10.984016546981964,10.986876487731934,10.986876487731934,93400
10/01/2005,11.213603019714355,11.294987027179912,11.161284412408229,11.213603019714355,11.213603019714355,119800
11/01/2005,11.18452767399587,11.18452767399587,10.972347315906603,11.00722599029541,11.00722599029541,68600
12/01/2005,11.010133681383921,11.027572464964894,10.86771066575832,10.896777153015137,10.896777153015137,81000
13/01/2005,10.87062020600759,11.382178295206055,10.87062020600759,11.059547424316406,11.059547424316406,102900
14/01/2005,11.04501026442843,11.184526050505305,11.021757079029165,11.039196968078613,11.039196968078613,37300
18/01/2005,11.010134202639167,11.161276617210822,10.992694309459417,11.0944242477417,11.0944242477417,72100
19/01/2005,11.088612556399582,11.25138046495559,11.0014141953609,11.114771842956543,11.114771842956543,80200
20/01/2005,11.11476781634834,11.260096887066021,11.045009374543813,11.074074745178223,11.074074745178223,82000
21/01/2005,11.08861235937937,11.216501586511525,11.04501317963469,11.100237846374512,11.100237846374512,63400
24/01/2005,11.103145961200005,11.103145961200005,10.914217645160859,10.960722923278809,10.960722923278809,77700
25/01/2005,10.931657862086958,11.015949027649032,10.725290753661179,10.73110294342041,10.73110294342041,47200
26/01/2005,10.725290043957877,10.911311149597166,10.722382840497309,10.911311149597168,10.911311149597168,49800
27/01/2005,10.896779686110197,10.896779686110197,10.69622475812254,10.72529125213623,10.72529125213623,41600
28/01/2005,10.754355078208517,10.803766447708064,10.6264658494098,10.739822387695312,10.739822387695312,38400
31/01/2005,10.783418655395508,10.858990407459757,10.626464071825582,10.783418655395508,10.783418655395508,38200
01/02/2005,10.797950258635534,10.841548314025122,10.768883779603005,10.82992172241211,10.82992172241211,38400
02/02/2005,10.768888419287158,10.832833591936152,10.754355727896009,10.812487602233887,10.812487602233887,92800
03/02/2005,10.812485385675245,10.815391479848413,10.690408363714154,10.754353523254395,10.754353523254395,52600
04/02/2005,10.8124859936945,10.853177967045413,10.739821438775548,10.792140007019043,10.792140007019043,123000
07/02/2005,10.797952697263296,10.797952697263296,10.725288146430495,10.754353523254395,10.754353523254395,42100
08/02/2005,10.754359314062537,10.754359314062537,10.667162027865409,10.710760116577148,10.710760116577148,51000
09/02/2005,10.710760340195744,10.725294145510077,10.643909049089773,10.64681625366211,10.64681625366211,48200
10/02/2005,10.696227725017708,10.710760421668914,10.536365844307097,10.577057838439941,10.577057838439941,58300
11/02/2005,10.536362336489576,10.681691472165294,10.492763152277535,10.661345481872559,10.661345481872559,28000
14/02/2005,10.661345128889156,10.710756501171764,10.594493861744484,10.672971725463867,10.672971725463867,50700
15/02/2005,10.66715410100432,10.824109764788131,10.649714213215177,10.774697303771973,10.774697303771973,50800
16/02/2005,10.75435477855842,10.85317862357718,10.736914885164573,10.786327362060547,10.786327362060547,24500
17/02/2005,10.760169385041218,10.81248796281272,10.696224210259757,10.722383499145508,10.722383499145508,29700
18/02/2005,10.702032591760457,10.754351145494416,10.545076930558578,10.574143409729004,10.574143409729004,40300
22/02/2005,10.603212858887323,10.603212858887323,10.28930252450381,10.335807800292969,10.335807800292969,53800
23/02/2005,10.379406278584478,10.446257545847526,10.324181607916728,10.332901000976562,10.332901000976562,69100
24/02/2005,10.361969392641958,10.402661379414319,10.335810099892086,10.385221481323242,10.385221481323242,35900
25/02/2005,10.41428212225562,10.434628104201382,10.341617584228516,10.341617584228516,10.341617584228516,83900
28/02/2005,10.341620437810429,10.376499115231175,10.173038130859355,10.184664726257324,10.184664726257324,137500
01/03/2005,10.18757834473081,10.536368702856013,10.18757834473081,10.489863395690918,10.489863395690918,86200
02/03/2005,10.489857376738827,10.565428041730337,10.420098901630755,10.457884788513184,10.457884788513184,35900
03/03/2005,10.4578863686744,10.588682836281722,10.4578863686744,10.556710243225098,10.556710243225098,42300
04/03/2005,10.556708422537028,10.76016943608319,10.556708422537028,10.73110294342041,10.73110294342041,40200
07/03/2005,10.719472554024861,10.885147605746951,10.623554835252694,10.635181427001953,10.635181427001953,44600
08/03/2005,10.606121712747441,10.754356955900912,10.606121712747441,10.62646770477295,10.62646770477295,37500
09/03/2005,10.609022980803378,10.609022980803378,10.391029357910156,10.391029357910156,10.391029357910156,67500
10/03/2005,10.42009633784525,10.486948701563087,10.318366408314755,10.359058380126953,10.359058380126953,110400
11/03/2005,10.329994305173246,10.402658866506025,10.312554411295023,10.373592376708984,10.373592376708984,69000
14/03/2005,10.402660381094245,10.431725766349881,10.312555912764372,10.324182510375977,10.324182510375977,40000
15/03/2005,10.30383753283847,10.463699385021602,10.260238341891485,10.280584335327148,10.280584335327148,71100
16/03/2005,10.280582326584476,10.36196739319863,10.20501166698555,10.236984252929688,10.236984252929688,50500
17/03/2005,10.266052181575269,10.324184069639589,10.251519486752576,10.309651374816895,10.309651374816895,30700
18/03/2005,10.347433692334047,10.347433692334047,10.260236435415866,10.332901000976562,10.332901000976562,82100
21/03/2005,10.32999485897512,10.32999485897512,10.196292325060448,10.24570369720459,10.24570369720459,35800
22/03/2005,10.248608780891026,10.344526529741051,10.129438950023914,10.132346153259277,10.132346153259277,30100
23/03/2005,10.12943541856903,10.205007153517375,10.027705516261,10.085837364196777,10.085837364196777,71500
24/03/2005,10.143975044515422,10.295116383766828,10.143975044515422,10.234078407287598,10.234078407287598,41700
28/03/2005,10.277677185669997,10.318369168366859,10.245704596758642,10.263144493103027,10.263144493103027,55900
29/03/2005,10.263142937294182,10.373592271078627,10.196291674601532,10.199197769165039,10.199197769165039,61400
30/03/2005,10.2021039676127,10.405564961099122,10.2021039676127,10.373592376708984,10.373592376708984,30900
31/03/2005,10.36777747797674,10.434629839801396,10.298020130780726,10.405563354492188,10.405563354492188,68000
01/04/2005,10.478229826665878,10.577053677298721,10.239890147276064,10.353246688842773,10.353246688842773,57400
04/04/2005,10.425909701064917,10.492760956432832,10.332899162398856,10.47241497039795,10.47241497039795,54600
05/04/2005,10.501478855735314,10.574143390369128,10.4433470062737,10.521824836730957,10.521824836730957,42400
06/04/2005,10.536361038684845,10.672970764200727,10.454977087538282,10.463696479797363,10.463696479797363,86500
07/04/2005,10.428195868652821,10.561321999063482,10.395653800272184,10.543571472167969,10.543571472167969,173400
08/04/2005,10.555404416661283,10.608654865091834,10.528779192446006,10.561321258544922,10.561321258544922,59600
11/04/2005,10.558367230781466,10.599785143413769,10.54061782531892,10.57020092010498,10.57020092010498,31500
12/04/2005,10.540610099355323,10.82756951971985,10.472568128402006,10.82461166381836,10.82461166381836,54100
13/04/2005,10.789111720868842,10.789111720868842,10.582026824152143,10.647110939025879,10.647110939025879,83300
14/04/2005,10.605698889612146,10.673742026322419,10.570198956758212,10.584990501403809,10.584990501403809,53500
15/04/2005,10.584992835942478,10.63528545305665,10.487367716932141,10.534701347351074,10.534701347351074,49000
18/04/2005,10.487365912796324,10.60274154656179,10.4696153812468,10.582033157348633,10.582033157348633,36200
19/04/2005,10.611612340041814,10.626403879957719,10.525820957120715,10.620488166809082,10.620488166809082,65400
20/04/2005,10.62344481247004,10.650070032692653,10.442985111908113,10.51694393157959,10.51694393157959,47600
21/04/2005,10.54653437417816,10.602742704104271,10.371991411381327,10.50511646270752,10.50511646270752,110200
22/04/2005,10.475532552503946,10.475532552503946,10.289155915237858,10.398615837097168,10.398615837097168,70500
25/04/2005,10.392697818033929,10.457780838012695,10.354238900417512,10.457780838012695,10.457780838012695,69700
26/04/2005,10.42819970978042,10.487367026036903,10.404532331868749,10.442991256713867,10.442991256713867,398300
27/04/2005,10.442990111333234,10.493282719618126,10.39269863157091,10.434115409851074,10.434115409851074,51900
28/04/2005,10.37494558694187,10.422279197585288,10.309861449111306,10.312820434570312,10.312820434570312,51200
29/04/2005,10.283235957333739,10.354236935728533,10.26548655912674,10.309861183166504,10.309861183166504,56400
02/05/2005,10.336487540913593,10.354238069586659,10.268445540450426,10.351280212402344,10.351280212402344,40800
03/05/2005,10.369031121869483,10.392698496878596,10.265489177511006,10.32465648651123,10.32465648651123,56700
04/05/2005,10.348322659426536,10.398615266702068,10.265489104528656,10.330572128295898,10.330572128295898,72900
05/05/2005,10.342402970915982,10.369028196027081,10.238861055774063,10.339445114135742,10.339445114135742,60700
06/05/2005,10.339445394381945,10.339445394381945,10.247736032397476,10.309861183166504,10.309861183166504,31300
09/05/2005,10.265486280885161,10.354236655081412,10.265486280885161,10.339445114135742,10.339445114135742,74700
10/05/2005,10.309863812869258,10.339448031630647,10.147154559510554,10.32465648651123,10.32465648651123,125300
11/05/2005,10.327613731909969,10.374947350599724,10.191529719242235,10.280280113220215,10.280280113220215,89800
12/05/2005,10.298028679916866,10.339445447308226,10.221110858885254,10.295069694519043,10.295069694519043,71600
13/05/2005,10.309861643654031,10.333529013683483,10.19152817907373,10.244778633117676,10.244778633117676,76600
16/05/2005,10.28619747044941,10.369031025163654,10.235904863285374,10.277322769165039,10.277322769165039,30100
17/05/2005,10.117572320989797,10.20928058556391,10.028821914279543,10.19153118133545,10.19153118133545,165600
18/05/2005,10.191533949974025,10.292118072509766,10.102783519153773,10.292118072509766,10.292118072509766,220400
19/05/2005,10.265489515399935,10.472574539455657,10.265489515399935,10.451866149902344,10.451866149902344,167100
20/05/2005,10.4222806770927,10.481447980926715,10.315779755895967,10.472573280334473,10.472573280334473,85100
23/05/2005,10.44299112396607,10.484407906262325,10.354240714970855,10.41932487487793,10.41932487487793,44400
24/05/2005,10.41636769837209,10.428201389233731,10.298034175324297,10.363117218017578,10.363117218017578,45100
25/05/2005,10.3246531405699,10.440028735042821,10.144193414436488,10.413403511047363,10.413403511047363,92600
26/05/2005,10.460739383399806,10.493281456279911,10.407488923872805,10.454822540283203,10.454822540283203,123800
27/05/2005,10.454820302934442,10.50215390921537,10.428195078868782,10.49919605255127,10.49919605255127,101300
31/05/2005,10.53173939810545,10.880825247444186,10.53173939810545,10.650074005126953,10.650074005126953,84100
01/06/2005,10.650068870037165,10.783194956617011,10.516942783457319,10.709236145019531,10.709236145019531,74000
02/06/2005,10.729948983968281,10.824616211898087,10.644156455993652,10.644156455993652,10.644156455993652,41600
03/06/2005,10.650076881481167,10.76545253380024,10.4873675992742,10.564284324645996,10.564284324645996,49900
06/06/2005,10.56132350514386,10.688532811396493,10.555406662001594,10.679656982421875,10.679656982421875,32300
07/06/2005,10.768407095845744,10.863074316723845,10.724031342330631,10.75361442565918,10.75361442565918,29300
08/06/2005,10.795032500821861,11.01986687199599,10.795032500821861,10.871949195861816,10.871949195861816,42200
09/06/2005,10.827573014030218,10.827573014030218,10.694448013584434,10.759531021118164,10.759531021118164,43100
10/06/2005,10.78319975080291,10.812782837185711,10.759532378878742,10.786157608032227,10.786157608032227,49900
13/06/2005,10.783202014644406,10.83645248413086,10.75361779352824,10.83645248413086,10.83645248413086,56300
14/06/2005,10.863074619437723,11.005075454711914,10.842366234826216,11.005075454711914,11.005075454711914,42500
15/06/2005,11.043538197625649,11.167788548393697,11.019870819275898,11.144121170043945,11.144121170043945,66900
16/06/2005,11.144120638779908,11.152996469499291,11.081995466357524,11.093829154968262,11.093829154968262,123500
17/06/2005,11.212160567631374,11.300910949707031,11.182576354591264,11.300910949707031,11.300910949707031,202000
20/06/2005,11.247663721339874,11.247663721339874,11.093829154968262,11.093829154968262,11.093829154968262,54700
21/06/2005,11.058326812392167,11.182577130211586,10.981408981675218,11.019867897033691,11.019867897033691,75400
22/06/2005,11.0257803881886,11.073113985130968,10.889696438044544,10.945904731750488,10.945904731750488,32700
23/06/2005,10.945908695600005,11.016909680986174,10.800948867675997,10.815741539001465,10.815741539001465,33700
24/06/2005,10.780239830390597,10.916324950110992,10.718114677259598,10.871949195861816,10.871949195861816,67100
27/06/2005,10.845325369960872,10.866033757012875,10.768408664985207,10.797991752624512,10.797991752624512,31500
28/06/2005,10.738822303598896,11.005074553254978,10.738822303598896,10.990283012390137,10.990283012390137,117700
29/06/2005,10.990287200930954,11.152996469499291,10.960702979404111,11.093829154968262,11.093829154968262,79600
30/06/2005,11.061284457509435,11.061284457509435,10.916325756166763,11.002117156982422,11.002117156982422,45000
01/07/2005,11.028744996131863,11.093829154968262,10.951828277207387,11.093829154968262,11.093829154968262,37300
05/07/2005,11.167787093865243,11.25357963642512,11.12637031567015,11.241745948791504,11.241745948791504,56600
06/07/2005,11.241745449849313,11.241745449849313,11.108619291186068,11.167786598205566,11.167786598205566,132500
07/07/2005,11.111575888313908,11.209200964663241,11.079033820023373,11.179617881774902,11.179617881774902,60900
08/07/2005,11.239792270559759,11.420302391052246,11.16157037673242,11.420302391052246,11.420302391052246,281000
11/07/2005,11.429321491102282,11.627882957458496,11.417287184618964,11.627882957458496,11.627882957458496,106400
12/07/2005,11.552673090110353,11.657970428466797,11.402247665226911,11.657970428466797,11.657970428466797,142400
13/07/2005,11.673008598768414,11.688050906387383,11.537625534888681,11.561694145202637,11.561694145202637,154400
14/07/2005,11.579751108506375,11.579751108506375,11.315002007450994,11.336061477661133,11.336061477661133,56100
15/07/2005,11.260850958458619,11.369157482238222,11.22174001428148,11.333054542541504,11.333054542541504,71800
18/07/2005,11.330042492216279,11.534621153490253,11.327034488809986,11.477459907531738,11.477459907531738,52300
19/07/2005,11.4323356595231,11.507548394125227,11.327038290142225,11.393224716186523,11.393224716186523,179400
20/07/2005,11.131476041225286,11.197663563314398,10.872744252318054,10.890795707702637,10.890795707702637,140400
21/07/2005,10.815592148695927,10.82160930556292,10.394400349249075,10.454570770263672,10.454570770263672,179600
22/07/2005,10.228930940250326,10.463594282806422,10.228930940250326,10.364314079284668,10.364314079284668,269000
25/07/2005,10.343254775416721,10.364314247646925,10.222913950396853,10.24698257446289,10.24698257446289,353600
26/07/2005,10.228931857139308,10.451562055468884,10.213889539821622,10.394399642944336,10.394399642944336,280700
27/07/2005,10.394400512110213,10.547835145484239,10.349273556383702,10.52376651763916,10.52376651763916,433700
28/07/2005,10.505712719040456,10.56889227930764,10.46058577331257,10.529781341552734,10.529781341552734,141100
29/07/2005,10.529777736134148,10.544820046226258,10.48164165524658,10.484649658203125,10.484649658203125,209400
01/08/2005,10.454565363150005,10.559862684724155,10.454565363150005,10.520752906799316,10.520752906799316,104800
02/08/2005,10.49969871531876,10.565885144551444,10.457578617882113,10.541817665100098,10.541817665100098,175400
03/08/2005,10.538801725272567,10.57189549240222,10.457571882587391,10.544818878173828,10.544818878173828,115000
04/08/2005,10.451562765657837,10.502706877544284,10.451562765657837,10.454570770263672,10.454570770263672,133300
05/08/2005,10.424485414985275,10.493680992702789,10.018335961875641,10.051429748535156,10.051429748535156,219200
08/08/2005,10.063465623531611,10.138678369376159,9.861894867887402,9.943124771118164,9.943124771118164,124500
09/08/2005,9.994265018669973,10.20485968320697,9.994265018669973,10.003290176391602,10.003290176391602,137500
10/08/2005,10.009306606669309,10.259012182694036,9.913034439086914,9.913034439086914,9.913034439086914,112400
11/08/2005,9.928079165395381,10.234947204589844,9.928079165395381,10.234947204589844,10.234947204589844,125100
12/08/2005,10.213886334785213,10.213886334785213,9.913035492215133,9.940112113952637,9.940112113952637,237800
15/08/2005,9.928080010457766,10.192829132080078,9.928080010457766,10.192829132080078,10.192829132080078,91900
16/08/2005,10.180795602401929,10.20185507586595,10.078506239438731,10.123634338378906,10.123634338378906,57500
17/08/2005,10.126640882514518,10.126640882514518,9.997274908372317,10.033376693725586,10.033376693725586,51600
18/08/2005,10.030366474672668,10.07850256039823,9.997272700551068,10.036383628845215,10.036383628845215,169000
19/08/2005,9.988249748947766,10.045411004728365,9.958163971440822,10.033376693725586,10.033376693725586,112800
22/08/2005,10.051425190611361,10.11761273391696,9.943118718894826,10.00629711151123,10.00629711151123,81000
23/08/2005,9.970197861128444,10.069479201223388,9.961172702085273,10.039393424987793,10.039393424987793,290000
24/08/2005,10.039392372066832,10.153716014461923,9.952146499271398,10.01231575012207,10.01231575012207,39900
25/08/2005,9.988249143021399,10.009308612171179,9.919053580435698,9.970197677612305,9.970197677612305,51400
26/08/2005,9.988244481769549,10.003286788763113,9.91303179914727,9.952142715454102,9.952142715454102,59600
29/08/2005,9.922062470156732,9.943121941186995,9.897994995117188,9.897994995117188,9.897994995117188,37000
30/08/2005,9.897996336809769,9.943123288996622,9.82579160659345,9.937106132507324,9.937106132507324,50400
31/08/2005,9.904012826671762,10.198847770690918,9.885962503982435,10.198847770690918,10.198847770690918,72200
01/09/2005,10.201854433741113,10.424484614761845,10.165752645454427,10.307151794433594,10.307151794433594,130000
02/09/2005,10.268043352195722,10.28308567032193,10.150711664093867,10.198847770690918,10.198847770690918,123100
06/09/2005,10.195837630064005,10.28308467345551,10.195837630064005,10.243973731994629,10.243973731994629,87500
07/09/2005,10.213888675219346,10.268041931103154,10.159735419335538,10.249990463256836,10.249990463256836,28100
08/09/2005,10.228932406943334,10.240966720506423,10.138677350530777,10.198847770690918,10.198847770690918,42300
09/09/2005,10.231937488505547,10.34626113938496,10.21990432603533,10.343253135681152,10.343253135681152,43800
12/09/2005,10.343253329142668,10.397406578063963,10.28910008022137,10.397406578063965,10.397406578063965,51500
13/09/2005,10.32219665267205,10.32219665267205,10.216898130099537,10.286093711853027,10.286093711853027,85000
14/09/2005,10.28308195060617,10.30113341442102,10.084520439262398,10.111597061157227,10.111597061157227,54400
15/09/2005,10.07849947138539,10.07849947138539,9.946125563125785,9.952142715454102,9.952142715454102,116000
16/09/2005,10.012316615911864,10.04841954673005,9.934095894449111,9.970197677612305,9.970197677612305,150300
19/09/2005,9.946128231553608,9.988247161497378,9.780659367267699,9.783668518066406,9.783668518066406,66300
20/09/2005,9.783671961778518,9.84685037893207,9.627229347168411,9.675365447998047,9.675365447998047,72600
21/09/2005,9.633244821995362,9.633244821995362,9.476802234688261,9.506887435913086,9.506887435913086,117600
22/09/2005,9.482819320230304,9.654304219979824,9.347436202624113,9.558032035827637,9.558032035827637,101200
23/09/2005,9.558032035827637,9.627227596458587,9.383538558594923,9.558032035827637,9.558032035827637,37600
26/09/2005,9.555023283205763,9.630235423597016,9.545997550921628,9.597142219543457,9.597142219543457,44200
27/09/2005,9.642269367247113,9.645278518388388,9.533963453086592,9.567056655883789,9.567056655883789,167300
28/09/2005,9.588116747871613,9.588116747871613,9.383538080067268,9.40760612487793,9.40760612487793,130400
29/09/2005,9.40760439306576,9.750574111938477,9.33239169514965,9.750574111938477,9.750574111938477,55200
30/09/2005,9.780661343585749,9.855874061584473,9.714474932152273,9.855874061584473,9.855874061584473,67900
03/10/2005,9.870918802923773,9.94011437473416,9.80473123525508,9.876935958862305,9.876935958862305,74200
04/10/2005,9.867909107706712,9.867909107706712,9.576083946689486,9.630236625671387,9.630236625671387,66300
05/10/2005,9.630238196847246,9.645281662147058,9.482821877213372,9.491847038269043,9.491847038269043,119500
06/10/2005,9.485825857551625,9.579089444161978,9.332391881873546,9.45273208618164,9.45273208618164,80500
07/10/2005,9.497863158212516,9.518922630147388,9.338412542804157,9.449727058410645,9.449727058410645,58000
10/10/2005,9.735533939587171,9.735533939587171,9.326376589457162,9.35947036743164,9.35947036743164,121000
11/10/2005,9.4577310952852,9.476155668921272,9.264277757610554,9.310338020324707,9.310338020324707,110100
12/10/2005,9.279630453714226,9.310337489000604,9.064682378085543,9.113813400268555,9.113813400268555,107500
13/10/2005,9.070827631365391,9.138382668217417,8.926504681893565,9.110746383666992,9.110746383666992,130100
14/10/2005,9.187512973378585,9.408602646353193,9.187512973378585,9.405531883239746,9.405531883239746,115400
17/10/2005,9.40552855454198,9.417811602648694,9.233569980863798,9.319549560546875,9.319549560546875,62700
18/10/2005,9.350258346330273,9.36561157365119,9.255066462738728,9.328763008117676,9.328763008117676,67000
19/10/2005,9.279631514129782,9.555994277600135,9.22128878467542,9.491509437561035,9.491509437561035,101600
20/10/2005,9.491510764216121,9.537571036003136,9.301128151312955,9.39939022064209,9.39939022064209,60800
21/10/2005,9.423956241863307,9.46387499002963,9.267350840863424,9.362542152404785,9.362542152404785,69600
24/10/2005,9.423955053144505,9.580560434390497,9.423955053144505,9.552924156188965,9.552924156188965,75700
25/10/2005,9.491511563216287,9.571349647689052,9.430097471871644,9.534501075744629,9.534501075744629,39800
26/10/2005,9.470018997246346,9.519150047410172,9.368686133072416,9.42088794708252,9.42088794708252,30900
27/10/2005,9.390178900548426,9.390178900548426,9.144523701887772,9.181371688842773,9.181371688842773,57800
28/10/2005,9.224359032343909,9.463872633067714,9.224359032343909,9.402459144592285,9.402459144592285,57000
31/10/2005,9.402460459633916,9.405530636652273,9.227430499494556,9.35947036743164,9.35947036743164,101400
01/11/2005,9.291917136856682,9.310341130960296,9.080039154756378,9.212079048156738,9.212079048156738,96700
02/11/2005,9.212078692750769,9.417815140316396,9.212078692750769,9.41474437713623,9.41474437713623,106800
03/11/2005,9.485365451368875,9.645041543121094,9.47922451375371,9.525284767150879,9.525284767150879,95200
04/11/2005,9.565209379356736,9.565209379356736,9.393250720940559,9.531432151794434,9.531432151794434,37600
07/11/2005,9.546783352928147,9.65118694832179,9.482298503684715,9.559065818786621,9.559065818786621,31700
08/11/2005,9.494582557191686,9.559066827551987,9.371754957204304,9.528360366821289,9.528360366821289,36500
09/11/2005,9.52836013516071,9.54371336515278,9.470016806952117,9.534501075744629,9.534501075744629,92300
10/11/2005,9.537569871391659,9.789366539723268,9.506862832053839,9.764801025390625,9.764801025390625,89700
11/11/2005,9.749446544971997,9.78322434246922,9.645042976060566,9.71873950958252,9.71873950958252,56400
14/11/2005,9.764802295048437,9.866135713745427,9.697247268271914,9.795509338378906,9.795509338378906,68700
15/11/2005,9.807795794349449,9.884562550789761,9.454666137695312,9.454666137695312,9.454666137695312,98700
16/11/2005,9.513008289903627,9.620482679173763,9.494584292959358,9.53757381439209,9.53757381439209,52700
17/11/2005,9.565207449017699,9.72181284381839,9.552924983025092,9.67268180847168,9.67268180847168,37600
18/11/2005,9.76787256033851,9.835427583673528,9.64197421621664,9.832357406616211,9.832357406616211,44800
21/11/2005,9.856922199668134,9.863063725073289,9.743306908113254,9.826215744018555,9.826215744018555,43300
22/11/2005,9.780157856290595,9.9336919289878,9.721814522111417,9.881490707397461,9.881490707397461,56100
23/11/2005,9.841568854734055,9.985891771597347,9.795508586119679,9.945972442626953,9.945972442626953,45400
25/11/2005,9.945972648894015,9.945972648894015,9.826215830875414,9.86306381225586,9.86306381225586,21100
28/11/2005,9.91833535840107,9.93368858479563,9.69724573560397,9.703387260437012,9.703387260437012,90500
29/11/2005,9.755588924988558,9.792436902138002,9.574418044554358,9.589771270751953,9.589771270751953,67800
30/11/2005,9.598986026524639,9.715672098424267,9.365613297037195,9.396320343017578,9.396320343017578,82600
01/12/2005,9.457736850973369,9.681897947792361,9.448525144237387,9.657332420349121,9.657332420349121,69000
02/12/2005,9.611266798319795,9.611266798319795,9.371753170430964,9.423954963684082,9.423954963684082,56100
05/12/2005,9.35332710119095,9.368680911865596,9.15373224792445,9.242782592773438,9.242782592773438,76400
06/12/2005,9.248921607784883,9.258133306002522,9.058538506886652,9.061609268188477,9.061609268188477,35000
07/12/2005,9.073896570993366,9.190583219994027,9.058543341977138,9.064684867858887,9.064684867858887,48100
08/12/2005,9.116884068811686,9.255064847650452,9.101530258482061,9.233570098876953,9.233570098876953,71300
09/12/2005,9.202866973072796,9.279634300265993,9.11074641471625,9.2550687789917,9.2550687789917,51300
12/12/2005,9.22129242809034,9.288847471581331,9.159878326234324,9.218221664428711,9.218221664428711,105100
13/12/2005,9.218214523535263,9.34718356897635,9.218214523535263,9.304193496704102,9.304193496704102,95400
14/12/2005,9.26120586386808,9.442376716005828,9.26120586386808,9.393245697021484,9.393245697021484,25700
15/12/2005,9.35639866079264,9.565205818261028,9.288843645130298,9.451590538024902,9.451590538024902,129700
16/12/2005,9.476155051532986,9.540639297993932,9.436235730276989,9.482295989990234,9.482295989990234,152300
19/12/2005,9.445452066179374,9.451593592957748,9.22436237335205,9.22436237335205,9.22436237335205,62500
20/12/2005,9.264281301617043,9.322624635740874,9.212079494387982,9.24892807006836,9.24892807006836,50000
21/12/2005,9.350258881969552,9.377895161280842,9.095391428300648,9.135310173034668,9.135310173034668,70700
22/12/2005,9.08618168872948,9.215150833129883,8.997131300260696,9.215150833129883,9.215150833129883,168300
23/12/2005,9.27349236694691,9.430097182258628,9.255067788696454,9.362542152404785,9.362542152404785,53600
27/12/2005,9.365611713406649,9.485368528223463,9.344116960561383,9.42702579498291,9.42702579498291,91200
28/12/2005,9.473087800404919,9.528360366821289,9.39632047720178,9.528360366821289,9.528360366821289,117800
29/12/2005,9.470016806952117,9.54064260201673,9.414744241879573,9.534501075744629,9.534501075744629,69600
30/12/2005,9.476158293989133,9.657329218448712,9.408602676652096,9.641975402832031,9.641975402832031,96500
03/01/2006,9.626622755841314,9.74330883315309,9.509936092841324,9.684966087341309,9.684966087341309,63900
04/01/2006,9.684965322206525,9.684965322206525,9.595914950337075,9.617409706115723,9.617409706115723,65900
05/01/2006,9.64197469677474,9.721812775070603,9.629692230868988,9.669610977172852,9.669610977172852,52300
06/01/2006,9.669610987843306,9.8292865589231,9.651186996120279,9.795509338378906,9.795509338378906,148900
09/01/2006,9.872276555653357,9.912194713547828,9.820074175626152,9.89991283416748,9.89991283416748,40400
10/01/2006,9.896840040571998,10.056516162961238,9.856920717130683,9.98589038848877,9.98589038848877,89900
11/01/2006,9.788617371809183,9.954579428443326,9.744778585899986,9.94831657409668,9.94831657409668,134800
12/01/2006,10.004680334892097,10.004680334892097,9.895082780899026,9.979629516601562,9.979629516601562,37900
13/01/2006,9.979630248571247,10.111147203557499,9.920134326795434,9.94831657409668,9.94831657409668,92000
17/01/2006,9.948316506847005,9.963973045349121,9.83871894555622,9.963973045349121,9.963973045349121,68200
18/01/2006,9.963972448377824,9.995286120764618,9.895082846933775,9.913870811462402,9.913870811462402,40700
19/01/2006,9.945185812807988,10.1111478805542,9.895084169197567,10.1111478805542,10.1111478805542,38600
20/01/2006,10.17377380629717,10.17377380629717,9.929527282761875,9.979629516601562,9.979629516601562,77000
23/01/2006,10.017208762682497,10.061048157152644,9.951450566865503,9.992157936096191,9.992157936096191,27400
24/01/2006,9.973370326200833,10.051653639513022,9.932662358238947,10.00155258178711,10.00155258178711,50600
25/01/2006,9.95770887604981,10.010941936089274,9.882556426098551,10.004679679870605,10.004679679870605,91500
26/01/2006,10.007812568691664,10.161249524164623,9.9702366346132,10.1111478805542,10.1111478805542,228300
27/01/2006,10.082965712433051,10.352262496948242,10.064177147984056,10.352262496948242,10.352262496948242,64800
30/01/2006,10.302160572007336,10.314685086781054,10.151854449548871,10.286502838134766,10.286502838134766,73600
31/01/2006,10.26145355708293,10.439940750073019,10.192563344168336,10.405495643615723,10.405495643615723,57700
01/02/2006,10.42741231267004,10.449331702952813,10.330341068422664,10.383573532104492,10.383573532104492,62300
02/02/2006,10.427410907851963,10.5745849609375,10.41175437326174,10.5745849609375,10.5745849609375,100200
03/02/2006,10.555795941322328,10.684181430577622,10.44619900946426,10.511957168579102,10.511957168579102,76800
06/02/2006,10.402356830376641,10.44306356629873,10.311547291135225,10.43680191040039,10.43680191040039,56100
07/02/2006,10.364783808806934,10.480644795325887,10.330339909738186,10.411754608154297,10.411754608154297,93300
08/02/2006,10.443072389785737,10.452467270604256,10.36165765463662,10.42741584777832,10.42741584777832,106700
09/02/2006,10.42741291204797,10.458727181764178,10.377311275019283,10.433675765991211,10.433675765991211,108700
10/02/2006,10.402360569538159,10.477512412497564,10.371046306207568,10.452462196350098,10.452462196350098,57900
13/02/2006,10.433669887934645,10.505690875931313,10.358518071988806,10.43680191040039,10.43680191040039,22800
14/02/2006,10.411757108827114,10.468121603774632,10.302160143383237,10.461858749389648,10.461858749389648,77100
15/02/2006,10.443069905492491,10.61529541015625,10.427413367209596,10.61529541015625,10.61529541015625,37800
16/02/2006,10.659129758287127,10.790646058540485,10.637210374911566,10.70923137664795,10.70923137664795,49500
17/02/2006,10.778121129028632,10.825091922214805,10.684180737173177,10.75620174407959,10.75620174407959,25700
21/02/2006,10.834492601423392,10.912776510955405,10.72489560588564,10.831361770629883,10.831361770629883,123500
22/02/2006,10.862672217807471,10.959744672072079,10.843884848575037,10.931562423706055,10.931562423706055,69200
23/02/2006,10.953479079051505,11.031762949994855,10.859538672822898,10.900246620178223,10.900246620178223,72200
24/02/2006,10.79378560439676,10.890856885709557,10.681056585888546,10.859543800354004,10.859543800354004,55200
27/02/2006,10.86893397560527,11.0255017408356,10.862671121653987,10.944087028503418,10.944087028503418,118500
28/02/2006,10.947217775279903,10.953480629183735,10.774993473734831,10.840751647949219,10.840751647949219,142600
01/03/2006,10.778125117481302,10.981663703918457,10.778125117481302,10.981663703918457,10.981663703918457,73900
02/03/2006,11.0348976611077,11.066210739303932,10.953481746569711,11.056817054748535,11.056817054748535,92700
03/03/2006,10.994189487941817,11.031765419942877,10.909642745051427,10.975400924682617,10.975400924682617,57700
06/03/2006,10.677921108668754,11.467022788606679,10.677921108668754,11.335506439208984,11.335506439208984,223100
07/03/2006,11.326111561025398,11.36368868472524,11.276009923942858,11.335506439208984,11.335506439208984,94000
08/03/2006,11.313585966328429,11.420052084267809,11.213382701740441,11.36681842803955,11.36681842803955,61100
09/03/2006,11.373081863205941,11.445102888655631,11.348031643036014,11.398133277893066,11.398133277893066,173900
10/03/2006,11.363688179956869,11.426315522157484,11.266615739820052,11.398133277893066,11.398133277893066,97400
13/03/2006,11.351163729332157,11.445104155774889,11.341770045043084,11.382476806640625,11.382476806640625,82100
14/03/2006,11.326111057926179,11.423183498062995,11.322980228348888,11.398133277893066,11.398133277893066,78400
15/03/2006,11.369948797645321,11.482676558017056,11.369948797645321,11.457626342773438,11.457626342773438,113900
16/03/2006,11.432580865681476,11.617330927728103,11.388742070368309,11.429450035095215,11.429450035095215,77400
17/03/2006,11.457626145038729,11.592274483885708,11.332371487431372,11.49520206451416,11.49520206451416,173900
20/03/2006,11.526518229467944,11.573487837938758,11.272878043463837,11.485810279846191,11.485810279846191,45200
21/03/2006,11.485811564167628,11.50146810207525,11.182069711787202,11.197726249694824,11.197726249694824,61500
22/03/2006,11.197725670960942,11.291667282586024,11.12883666882435,11.266615867614746,11.266615867614746,51400
23/03/2006,11.266615163451561,11.454497180441894,11.103784559866796,11.36681842803955,11.36681842803955,57700
24/03/2006,11.39500434108801,11.39500434108801,11.197728577788457,11.241568565368652,11.241568565368652,64200
27/03/2006,11.191466641850567,11.23530543383568,11.12883928422148,11.175808906555176,11.175808906555176,27300
28/03/2006,11.13509999265293,11.23217124347162,10.959743664002675,11.06620979309082,11.06620979309082,52000
29/03/2006,11.091263669712301,11.25409434400874,11.078739152087696,11.21651840209961,11.21651840209961,53500
30/03/2006,11.185201984917537,11.185201984917537,10.953481157370875,11.006714820861816,11.006714820861816,43300
31/03/2006,11.02236919298568,11.06933879852295,10.903377375493877,11.06933879852295,11.06933879852295,36300
03/04/2006,11.022369440433167,11.022369440433167,10.687314563107124,10.74367904663086,10.74367904663086,73000
04/04/2006,10.743679828651592,10.818831682475398,10.574586365772257,10.637213706970215,10.637213706970215,72800
05/04/2006,10.649735915454906,10.79377912740066,10.571452054523986,10.712363243103027,10.712363243103027,40900
06/04/2006,10.690447597126555,10.803176587422433,10.652871665200376,10.728023529052734,10.728023529052734,37600
07/04/2006,10.699840864693323,10.831358413088024,10.39296817779541,10.39296817779541,10.39296817779541,91500
10/04/2006,10.392967820939017,10.51509168115413,10.317815962594448,10.443069458007812,10.443069458007812,65300
11/04/2006,10.522864192514334,10.53243874722451,10.372856341963534,10.4622220993042,10.4622220993042,77600
12/04/2006,10.423921085935957,10.580312355139185,10.318597347506799,10.430304527282715,10.430304527282715,61900
13/04/2006,10.372855018124174,10.529246291027976,10.34093902815212,10.465413093566895,10.465413093566895,127300
17/04/2006,10.46860072962806,10.526050466516082,10.40476755336175,10.474984169006348,10.474984169006348,105100
18/04/2006,10.490947491560123,10.656913347211372,10.490947491560123,10.596272468566895,10.596272468566895,77200
19/04/2006,10.589885983944828,10.838834087151493,10.589885983944828,10.819684982299805,10.819684982299805,63700
20/04/2006,10.771807371381389,10.838831658377119,10.650524458591567,10.749465942382812,10.749465942382812,27400
21/04/2006,10.813301966608194,10.842026842531812,10.631378158264237,10.803726196289062,10.803726196289062,60100
24/04/2006,10.790960383813992,10.797343824766955,10.624994571587623,10.64733600616455,10.64733600616455,57900
25/04/2006,10.647338792035187,10.666487902387555,10.526055817229047,10.596272468566895,10.596272468566895,111700
26/04/2006,10.631376701597945,10.730316980376452,10.430302597682939,10.484560012817383,10.484560012817383,73000
27/04/2006,10.449453287007065,10.83564229929518,10.420728414005326,10.516477584838867,10.516477584838867,63300
28/04/2006,10.43669109550762,10.637765296863924,10.194125730483396,10.388815879821777,10.388815879821777,78100
01/05/2006,10.382428934451204,10.459029010207013,10.203696844790699,10.238805770874023,10.238805770874023,45400
02/05/2006,10.216461271250202,10.216461271250202,9.932405498485306,10.181353569030762,10.181353569030762,72200
03/05/2006,10.181355409677941,10.248380323774661,10.111139383786641,10.238805770874023,10.238805770874023,62600
04/05/2006,10.251572598776974,10.510096514080063,10.251572598776974,10.446263313293457,10.446263313293457,59900
05/05/2006,10.48775277895701,10.618610264020894,10.423919592153872,10.449453353881836,10.449453353881836,40900
08/05/2006,10.423921332589645,10.532437403018392,10.379238459621979,10.465413093566895,10.465413093566895,31500
09/05/2006,10.436689547571351,10.53243874722451,10.34094034791819,10.4622220993042,10.4622220993042,50600
10/05/2006,10.459026190875221,10.468600741194946,10.245185232774292,10.28986930847168,10.28986930847168,62800
11/05/2006,10.270727254341988,10.411159381264191,10.098377904811862,10.107953071594238,10.107953071594238,77800
12/05/2006,10.095176162493843,10.171776203205251,9.8845275724329,10.114326477050781,10.114326477050781,107000
15/05/2006,10.06645387987577,10.289869390068061,9.973895834329214,10.264335632324219,10.264335632324219,56100
16/05/2006,10.238802180357581,10.283485034913829,10.184543558741801,10.251567840576172,10.251567840576172,59800
17/05/2006,10.162209460456708,10.267533233939377,10.056885078215362,10.216466903686523,10.216466903686523,76000
18/05/2006,10.261145121094769,10.407960584152995,10.1685870701385,10.17816162109375,10.17816162109375,39400
19/05/2006,10.117524129574099,10.18135672259072,9.922833412042564,10.085607528686523,10.085607528686523,88600
22/05/2006,10.034541210769813,10.139865567567842,9.910066528184123,10.085607528686523,10.085607528686523,86200
23/05/2006,10.143054427021276,10.213270442158105,9.926022332724079,10.040921211242676,10.040921211242676,109600
24/05/2006,10.206885022791019,10.206885022791019,9.91006181072208,10.053686141967773,10.053686141967773,690900
25/05/2006,10.107947276254443,10.417536852944382,10.107947276254443,10.414345741271973,10.414345741271973,74400
26/05/2006,10.423919708048459,10.66648435957712,10.411152827042532,10.618610382080078,10.618610382080078,57800
30/05/2006,10.586694578968999,10.644144333572884,10.417537644589197,10.430304527282715,10.430304527282715,83100
31/05/2006,10.46222285762913,10.55797328173962,10.296256998026086,10.372857093811035,10.372857093811035,99900
01/06/2006,10.171778410163775,10.452643054931173,10.171778410163775,10.443068504333496,10.443068504333496,86500
02/06/2006,10.503710839116776,10.580310907278616,10.44626109237459,10.554777145385742,10.554777145385742,70300
05/06/2006,10.503709293767193,10.66329162956889,10.226036370376884,10.248377799987793,10.248377799987793,110600
06/06/2006,10.289869949529455,10.309019051361894,9.999429526984882,10.19092845916748,10.19092845916748,112600
07/06/2006,10.216464382117458,10.379239106666486,9.964324514820541,9.98985767364502,9.98985767364502,126000
08/06/2006,9.957941118570028,10.360088195124863,9.951557677035256,10.171781539916992,10.171781539916992,114100
09/06/2006,10.21007880206012,10.360085993701178,10.101562754061616,10.13667106628418,10.13667106628418,40100
12/06/2006,10.178163931329147,10.178163931329147,9.973898681142067,10.002623558044434,10.002623558044434,46700
13/06/2006,9.973898138890485,10.143055670479102,9.910064947298213,9.945173263549805,9.945173263549805,60400
14/06/2006,9.916448919969609,10.015389824360657,9.782399697444317,9.80793285369873,9.80793285369873,117000
15/06/2006,9.846236572968309,10.171784893470424,9.846236572968309,10.133484840393066,10.133484840393066,55000
16/06/2006,10.133481796144064,10.171781837715518,9.938791084942983,9.999432563781738,9.999432563781738,270400
19/06/2006,10.031345836196165,10.06645414526123,9.811122039916018,9.862188339233398,9.862188339233398,82000
20/06/2006,9.83346706691141,9.983474908693468,9.772826194763184,9.772826194763184,9.772826194763184,60600
21/06/2006,9.747288091087414,9.938786382054973,9.72175433628297,9.75686264038086,9.75686264038086,109000
22/06/2006,9.7345272509503,9.900493107560369,9.68984436984705,9.874959945678711,9.874959945678711,139000
23/06/2006,9.830269968561636,9.938785987135734,9.734520826882463,9.814311981201172,9.814311981201172,79000
26/06/2006,9.833466527040247,10.072840107797127,9.833466527040247,10.028157234191895,10.028157234191895,51000
27/06/2006,10.021766028807281,10.079215741084381,9.814309207951776,9.878142356872559,9.878142356872559,103900
28/06/2006,9.884527127993264,9.9738934322996,9.801544261585553,9.96431827545166,9.96431827545166,71600
29/06/2006,10.009007695237974,10.356897354125977,9.989857370132547,10.356897354125977,10.356897354125977,98800
30/06/2006,10.34093763139437,10.573927735767754,10.286678994750261,10.382428169250488,10.382428169250488,281600
03/07/2006,10.388809313776411,10.593074498901846,10.385618202922313,10.570733070373535,10.570733070373535,53800
05/07/2006,10.500519592619405,10.557969338622883,10.411152644660238,10.516477584838867,10.516477584838867,76900
06/07/2006,10.478179446115394,10.551587193348505,10.407962810711151,10.526053428649902,10.526053428649902,54100
07/07/2006,10.49413273126929,10.596265309199996,10.427107237770214,10.459024429321289,10.459024429321289,63700
10/07/2006,10.471794149220273,10.564350986058303,10.471794149220273,10.513284683227539,10.513284683227539,87800
11/07/2006,10.516477584838867,10.580310771233483,10.439877517661976,10.516477584838867,10.516477584838867,102500
12/07/2006,10.562030480277352,10.786547640571566,10.519731189098083,10.597823143005371,10.597823143005371,158400
13/07/2006,10.552270912114613,10.682425843555048,10.321246467370079,10.396085739135742,10.396085739135742,90100
14/07/2006,10.363543819289381,10.435128513068204,10.210612008063714,10.331005096435547,10.331005096435547,67500
17/07/2006,10.282202722064032,10.373310449149667,10.181333186808573,10.288710594177246,10.288710594177246,40500
18/07/2006,10.314739850358444,10.467670476750147,10.197600653122592,10.321247100830078,10.321247100830078,70000
19/07/2006,10.33426185467254,10.734487200076616,10.33426185467254,10.636870384216309,10.636870384216309,96100
20/07/2006,10.705203414486846,10.721472471583432,10.399339679573256,10.409101486206055,10.409101486206055,50500
21/07/2006,10.327758248346491,10.396089675286728,10.018641720700021,10.135780334472656,10.135780334472656,154600
24/07/2006,10.152042064075024,10.226880684921301,10.109741542292722,10.161803245544434,10.161803245544434,154400
25/07/2006,10.191093772454815,10.366802585384978,10.145539911602464,10.171570777893066,10.171570777893066,131000
26/07/2006,10.152042398650881,10.321242629482963,10.148788464512354,10.220373153686523,10.220373153686523,216500
27/07/2006,10.278945611252842,10.412353845245073,10.210614216418604,10.233391761779785,10.233391761779785,183300
28/07/2006,10.256170226015104,10.51973341913468,10.256170226015104,10.493701934814453,10.493701934814453,87900
31/07/2006,10.415606192981532,10.470922463100036,10.34727542511384,10.386322021484375,10.386322021484375,98200
01/08/2006,10.363545736292576,10.43513044331282,10.161806113781505,10.337514877319336,10.337514877319336,76000
02/08/2006,10.379816701899074,10.435132364981872,10.278947182380353,10.327754974365234,10.327754974365234,59800
03/08/2006,10.288710865042672,10.545765614033574,10.269187248189038,10.43838882446289,10.43838882446289,88100
04/08/2006,10.477429721682695,10.68242325458222,10.470921852562967,10.54250717163086,10.54250717163086,113700
07/08/2006,10.493700345780189,10.49695366020283,10.311484327504335,10.379815101623535,10.379815101623535,62300
08/08/2006,10.428620638946672,10.474174478543627,10.213865937097424,10.262674331665039,10.262674331665039,65400
09/08/2006,10.314735369264302,10.36679707416836,10.122757599696408,10.148788452148438,10.148788452148438,64300
10/08/2006,10.116255060124463,10.337517732828184,10.090224193960777,10.317994117736816,10.317994117736816,85000
11/08/2006,10.28545607398715,10.363548673036151,10.086970330180437,10.090224266052246,10.090224266052246,66000
14/08/2006,10.158555983898045,10.282203075803599,10.116256054956587,10.155302047729492,10.155302047729492,50400
15/08/2006,10.236646978603648,10.249662721228907,10.152047134038538,10.217123985290527,10.217123985290527,70500
16/08/2006,10.26267969608379,10.396087970887049,10.26267969608379,10.357041358947754,10.357041358947754,54600
17/08/2006,10.32450327645555,10.399341948427207,10.25291854073808,10.314742088317871,10.314742088317871,53700
18/08/2006,10.344026893980672,10.350534145864165,10.239902795721331,10.314742088317871,10.314742088317871,37700
21/08/2006,10.265929226558912,10.357037540409967,10.22037537994569,10.350529670715332,10.350529670715332,93700
22/08/2006,10.317991898384541,10.360292434692383,10.275691982701373,10.360292434692383,10.360292434692383,48700
23/08/2006,10.33751745599507,10.370056192984507,10.200855257139265,10.20736312866211,10.20736312866211,39500
24/08/2006,10.207362169740419,10.233393032761564,10.103238097031108,10.19434642791748,10.19434642791748,35300
25/08/2006,10.217122398057432,10.314738590707863,10.116252890880858,10.191091537475586,10.191091537475586,58300
28/08/2006,10.191090898687069,10.278945280378249,10.18458302879336,10.239898681640625,10.239898681640625,47600
29/08/2006,10.275691361574788,10.532746016533823,10.174821860562353,10.513223648071289,10.513223648071289,79300
30/08/2006,10.545767121543394,10.62060580163921,10.513228996719091,10.617352485656738,10.617352485656738,55000
31/08/2006,10.617344161820506,10.617344161820506,10.399334924413926,10.474173545837402,10.474173545837402,68300
01/09/2006,10.52949270220649,10.568538680380824,10.418861396338155,10.513223648071289,10.513223648071289,46100
05/09/2006,10.493700023853602,10.594570145351234,10.438384991620534,10.568538665771484,10.568538665771484,29800
06/09/2006,10.50671384749697,10.565283424620599,10.41235161310345,10.418859481811523,10.418859481811523,81300
07/09/2006,10.373305975194345,10.490445760835877,10.317990327339068,10.425368309020996,10.425368309020996,85000
08/09/2006,10.425367987045588,10.477429698639797,10.308228825646339,10.44163703918457,10.44163703918457,54400
11/09/2006,10.376560855410297,10.529492694923789,10.301722213440724,10.500207901000977,10.500207901000977,29500
12/09/2006,10.503463433550252,10.58806451886049,10.360293989274615,10.565287590026855,10.565287590026855,63300
13/09/2006,10.565287265591378,10.646633792141976,10.487194053953031,10.588064193725586,10.588064193725586,113800
14/09/2006,10.584807716179531,10.584807716179531,10.457907356395832,10.480684280395508,10.480684280395508,44100
15/09/2006,10.558779692652795,10.640126221500275,10.37656302118461,10.62060260772705,10.62060260772705,127400
18/09/2006,10.575046535666422,10.669408787269115,10.50020789374854,10.568538665771484,10.568538665771484,55500
19/09/2006,10.610839206792793,10.633616130816174,10.370053606135498,10.500207901000977,10.500207901000977,55700
20/09/2006,10.52298576546367,10.623855896045734,10.370054532907343,10.467669486999512,10.467669486999512,54600
21/09/2006,10.467670481690664,10.506717708287374,10.282201120354273,10.33426284790039,10.33426284790039,38100
22/09/2006,10.288708048009179,10.3863236230509,10.213868778477524,10.249661445617676,10.249661445617676,82200
25/09/2006,10.24965859961322,10.344020833826887,10.187835088253387,10.331005096435547,10.331005096435547,64600
26/09/2006,10.33101079364249,10.448150012264847,10.33101079364249,10.43838882446289,10.43838882446289,48700
27/09/2006,10.441638320377288,10.54576175634169,10.428622580569423,10.513223648071289,10.513223648071289,42900
28/09/2006,10.542509376906791,10.588063229024698,10.422115634881603,10.467669486999512,10.467669486999512,46200
29/09/2006,10.467667580612735,10.56853769282419,10.383067762265402,10.399336814880371,10.399336814880371,53900
02/10/2006,10.389576268258532,10.493699700874245,10.304975824102112,10.350529670715332,10.350529670715332,71800
03/10/2006,10.340769112393374,10.60433164472497,10.337515177349202,10.532746315002441,10.532746315002441,215700
04/10/2006,10.532744439337748,10.770276069641113,10.493698467010242,10.770276069641113,10.770276069641113,114700
05/10/2006,10.740991011957542,11.040346768993189,10.682422675552857,10.919954299926758,10.919954299926758,87200
06/10/2006,10.906941103540738,10.919956844107157,10.773532865858307,10.861387252807617,10.861387252807617,116400
09/10/2006,10.89392785069234,11.037097305868837,10.776788641343558,11.020828247070312,11.020828247070312,97500
10/10/2006,11.043604226654947,11.118442883683382,10.945988641020012,11.033843040466309,11.033843040466309,214800
11/10/2006,11.066994834710389,11.080255700322304,10.884644968896337,11.06036376953125,11.06036376953125,104200
12/10/2006,11.093517362392692,11.335545539855957,11.093517362392692,11.335545539855957,11.335545539855957,92700
13/10/2006,11.29908123723318,11.435014961830026,11.163146247889502,11.38859748840332,11.38859748840332,89800
16/10/2006,11.275871461864568,11.444960518530886,11.222824187463656,11.398544311523438,11.398544311523438,75900
17/10/2006,11.325606452616258,11.335552423631858,11.14988755268956,11.27255916595459,11.27255916595459,85600
18/10/2006,11.335543920461888,11.4316924506454,11.325597956907087,11.362068176269531,11.362068176269531,50100
19/10/2006,11.325602719235082,11.405174255371094,11.312340585754637,11.405174255371094,11.405174255371094,75000
20/10/2006,11.405167711040653,11.405167711040653,11.239394931896141,11.355435371398926,11.355435371398926,53600
23/10/2006,11.328916672477504,11.514582731431311,11.325601771758041,11.504636764526367,11.504636764526367,61200
24/10/2006,11.498008898536453,11.517902102629693,11.42175351329939,11.491377830505371,11.491377830505371,64200
25/10/2006,11.507952708108006,11.680356650314268,11.4747986389227,11.594155311584473,11.594155311584473,74600
26/10/2006,11.623987306415795,11.703557529255239,11.541100919856275,11.670403480529785,11.670403480529785,106900
27/10/2006,11.62399325605675,11.680355420687688,11.481428497024156,11.51126766204834,11.51126766204834,84500
30/10/2006,11.478112168429664,11.716825485229492,11.471481102435611,11.716825485229492,11.716825485229492,82400
31/10/2006,11.769867210056583,11.78312933580412,11.517893144583015,11.60077953338623,11.60077953338623,129600
01/11/2006,11.620680172178195,11.630627406321725,11.285819466772985,11.318973541259766,11.318973541259766,112800
02/11/2006,11.25597515782987,11.25597515782987,10.987422723936424,11.090202331542969,11.090202331542969,137700
03/11/2006,10.970850252729269,11.209563626488457,10.566364616176683,10.868070602416992,10.868070602416992,77100
06/11/2006,10.934378101951317,11.043788800713369,10.874699768944126,11.01063346862793,11.01063346862793,63600
07/11/2006,11.010634355505205,11.040473524412267,10.84486147596524,10.864754676818848,10.864754676818848,54300
08/11/2006,10.80507735756246,10.997373258287613,10.788500320995144,10.868070602416992,10.868070602416992,57500
09/11/2006,10.861432990566838,10.861432990566838,10.695660195282114,10.761969566345215,10.761969566345215,98400
10/11/2006,10.74208225390143,10.868068721809836,10.679087755200626,10.85480785369873,10.85480785369873,59100
13/11/2006,10.824965855828852,10.997368478900029,10.824965855828852,10.954268455505371,10.954268455505371,66600
14/11/2006,10.970850579729346,11.100153239453995,10.87470199412753,11.083576202392578,11.083576202392578,102600
15/11/2006,11.06036655108112,11.123359789005443,10.970849045769707,11.01395034790039,11.01395034790039,75500
16/11/2006,11.040474966631512,11.179724861303606,11.013951960108699,11.129992485046387,11.129992485046387,42800
17/11/2006,11.12667665755702,11.12667665755702,10.77192277970203,10.88796329498291,10.88796329498291,62800
20/11/2006,10.897907341806416,11.007318035275345,10.861437110650106,10.944323539733887,10.944323539733887,76100
21/11/2006,10.97416256819139,11.255977182416238,10.964216601544033,11.236083984375,11.236083984375,62100
22/11/2006,11.27255074387722,11.335543954490278,11.156510286235761,11.20955753326416,11.20955753326416,53500
24/11/2006,11.15651784504517,11.325605664276098,11.090208425146908,11.309028625488281,11.309028625488281,19400
27/11/2006,11.255977686960922,11.255977686960922,10.768605063449762,10.775236129760742,10.775236129760742,98800
28/11/2006,10.768603504773983,10.921114213612006,10.752026473769224,10.861435890197754,10.861435890197754,59600
29/11/2006,10.884647599760891,11.143252880521468,10.884647599760891,11.123359680175781,11.123359680175781,111900
30/11/2006,11.13993306170936,11.249343730612281,11.053731751305508,11.116724967956543,11.116724967956543,100100
01/12/2006,11.07362683890456,11.07362683890456,10.834913531198733,11.017263412475586,11.017263412475586,82600
04/12/2006,11.05705461933522,11.325607238105658,11.05705461933522,11.279191017150879,11.279191017150879,60500
05/12/2006,11.282499740627216,11.32891593616224,11.06699579496511,11.159828186035156,11.159828186035156,54400
06/12/2006,11.110099405629391,11.18967095557992,10.977481842041016,10.977481842041016,10.977481842041016,64400
07/12/2006,11.004000579578724,11.02057887524882,10.887960098366385,10.901222229003906,10.901222229003906,39700
08/12/2006,10.874700554543177,10.997372130254721,10.858123519676216,10.917801856994629,10.917801856994629,31000
11/12/2006,10.891277322566959,11.020581226753288,10.891277322566959,10.934378623962402,10.934378623962402,59900
12/12/2006,10.944326502583763,11.020583150962006,10.891279224199037,10.977481842041016,10.977481842041016,66000
13/12/2006,11.013945116587703,11.020576180284909,10.894588499530172,10.937689781188965,10.937689781188965,40900
14/12/2006,10.974160384842515,11.023892737677915,10.914482067338541,10.954268455505371,10.954268455505371,93200
15/12/2006,10.954273220034692,11.023897532490128,10.897909777989703,10.911171913146973,10.911171913146973,77500
18/12/2006,10.911170880730566,11.020581588305358,10.858123609867645,10.864754676818848,10.864754676818848,94300
19/12/2006,10.85812098402411,10.947638469097082,10.682402178925162,10.705610275268555,10.705610275268555,56600
20/12/2006,10.698979898074517,10.844859550865388,10.689033931786598,10.722187995910645,10.722187995910645,219500
21/12/2006,10.718876393577933,10.821654782835108,10.635989943017313,10.655881881713867,10.655881881713867,79400
22/12/2006,10.632675100921249,10.69898452257724,10.609466993053706,10.62936019897461,10.62936019897461,49900
26/12/2006,10.619405920742603,10.851488110245787,10.619405920742603,10.795125961303711,10.795125961303711,49400
27/12/2006,10.81170852425844,10.974165254753066,10.81170852425844,10.858124732971191,10.858124732971191,63700
28/12/2006,10.824969449942293,10.977480194313042,10.80839115032864,10.917801856994629,10.917801856994629,45400
29/12/2006,10.894592709355813,11.007318306274914,10.698980681312273,10.728819847106934,10.728819847106934,56400
03/01/2007,10.811707398042692,10.911170872744533,10.572994046960918,10.821653366088867,10.821653366088867,121900
04/01/2007,10.785182720855005,10.788498886575649,10.612778781034425,10.689035415649414,10.689035415649414,110600
05/01/2007,10.662510212769545,10.682403411106955,10.55973121751934,10.576308250427246,10.576308250427246,341200
08/01/2007,10.596198416116334,10.63266863910033,10.52657413482666,10.52657413482666,10.52657413482666,90600
09/01/2007,10.546465634837563,10.675768852233887,10.443686673213255,10.675768852233887,10.675768852233887,82000
10/01/2007,10.760311419628326,10.760311419628326,10.44582075338019,10.567559242248535,10.567559242248535,134700
11/01/2007,10.567563866812087,10.719737044491344,10.567563866812087,10.652104377746582,10.652104377746582,83000
12/01/2007,10.625050503148294,10.753551784640823,10.567562934982277,10.719736099243164,10.719736099243164,72000
16/01/2007,10.736644951716608,10.77384298314391,10.581090720280462,10.658867835998535,10.658867835998535,57000
17/01/2007,10.652101460499512,10.838090275622251,10.577706063448964,10.74340534210205,10.74340534210205,119800
18/01/2007,10.773839942106939,10.790747781623512,10.631811897192417,10.675772666931152,10.675772666931152,117800
19/01/2007,10.648721481677562,10.790749549865723,10.591233914911095,10.790749549865723,10.790749549865723,56800
22/01/2007,10.790748810968731,10.790748810968731,10.567561954097613,10.58446979522705,10.58446979522705,66000
23/01/2007,10.591235168856697,10.71297371171484,10.577709022424079,10.658867835998535,10.658867835998535,106300
24/01/2007,10.74002443878759,10.760313976756466,10.672391785567628,10.726497650146484,10.726497650146484,82000
25/01/2007,10.753552796005609,10.783987431720146,10.570945626711312,10.658867835998535,10.658867835998535,56300
26/01/2007,10.65886298124465,10.790745912610783,10.57094081200302,10.777219772338867,10.777219772338867,114300
29/01/2007,10.743406231905375,10.82118333230807,10.69268206403374,10.736642837524414,10.736642837524414,52200
30/01/2007,10.780599627301331,10.817797637658193,10.74340226193702,10.783981323242188,10.783981323242188,71300
31/01/2007,10.750166920207231,10.824561659699688,10.635191824644071,10.689297676086426,10.689297676086426,69900
01/02/2007,10.709587103387245,10.780600790831942,10.685915874239011,10.77383804321289,10.77383804321289,102500
02/02/2007,10.780601522408123,10.942919731140137,10.743404150504936,10.942919731140137,10.942919731140137,80800
05/02/2007,10.94292297683056,10.953067424452716,10.65886683353881,10.719736099243164,10.719736099243164,59900
06/02/2007,10.746784895634992,10.831324721563071,10.68929734960922,10.814416885375977,10.814416885375977,68700
07/02/2007,10.811040589572908,11.024082398916942,10.783987651164253,11.013937950134277,11.013937950134277,49500
08/02/2007,10.9767345418205,11.037603784675973,10.817798687136571,10.888813018798828,10.888813018798828,148200
09/02/2007,10.858383430824487,10.939541598929543,10.496550147223706,10.652104377746582,10.652104377746582,197000
12/02/2007,10.621665192686027,10.665626600738227,10.483018865738574,10.577704429626465,10.577704429626465,112200
13/02/2007,10.59123303095248,10.85161790839751,10.57432519007643,10.76369571685791,10.76369571685791,87100
14/02/2007,10.743408284354137,10.817803701779047,10.631814835720318,10.652104377746582,10.652104377746582,97300
15/02/2007,10.608139685540229,10.807654624408002,10.570941668043057,10.800891876220703,10.800891876220703,72700
16/02/2007,10.797512921177713,10.902343607106332,10.635195313601116,10.821184158325195,10.821184158325195,118500
20/02/2007,10.838091237203516,10.929395126906751,10.648720708368975,10.841473579406738,10.841473579406738,110000
21/02/2007,10.821178569974332,10.878665461934517,10.740019808098625,10.834705352783203,10.834705352783203,69600
22/02/2007,10.86176340404648,10.912488221559634,10.743407216496708,10.871909141540527,10.871909141540527,73400
23/02/2007,10.838088265278182,10.838088265278182,10.685915802492975,10.702823638916016,10.702823638916016,229400
26/02/2007,10.706202686549833,10.73325560512954,10.567556398204783,10.66224193572998,10.66224193572998,338500
27/02/2007,10.14485900435287,10.685918280250243,10.14485900435287,10.405243873596191,10.405243873596191,144500
28/02/2007,10.405240067920591,10.442437432070015,10.246303588854085,10.374805450439453,10.374805450439453,119100
01/03/2007,10.290269003750684,10.368046103212256,10.046791968924502,10.236163139343262,10.236163139343262,127400
02/03/2007,10.195581466289573,10.280121943862442,10.111040988716702,10.134712219238281,10.134712219238281,133400
05/03/2007,10.060317185647438,10.114423041601086,9.982540098338156,10.04340934753418,10.04340934753418,182900
06/03/2007,10.12795403280897,10.368048787656976,10.06032136229218,10.313942909240723,10.313942909240723,106500
07/03/2007,10.320701599121094,10.51683548019253,10.290266975765816,10.320701599121094,10.320701599121094,136800
08/03/2007,10.364663124084473,10.510072858566362,10.266596498847917,10.364663124084473,10.364663124084473,122500
09/03/2007,10.428915108074172,10.489784365299132,10.361282456714713,10.405243873596191,10.405243873596191,92600
12/03/2007,10.405243781853649,10.608141089150323,10.347756222202804,10.493165969848633,10.493165969848633,74300
13/03/2007,10.415384624149649,10.432293103486318,10.182053414236442,10.229395866394043,10.229395866394043,184300
14/03/2007,10.229399692348125,10.364664352669875,10.070463797094165,10.263216018676758,10.263216018676758,78700
15/03/2007,10.736640190124511,10.956445938357383,10.47287367924064,10.567559242248535,10.567559242248535,220300
16/03/2007,10.564176839478487,10.767074092360698,10.310555434623872,10.371424674987793,10.371424674987793,211700
19/03/2007,10.408627245830452,10.48302265830486,10.330849490751675,10.47964096069336,10.47964096069336,99800
20/03/2007,10.445825324668679,10.675775617609375,10.415390689132828,10.652104377746582,10.652104377746582,91300
21/03/2007,10.64533976095413,10.905724659562111,10.560799259717214,10.821184158325195,10.821184158325195,179200
22/03/2007,10.854999692296543,10.854999692296543,10.699445481774292,10.838091850280762,10.838091850280762,199300
23/03/2007,10.824564384505763,10.871908145172496,10.712971602183837,10.736642837524414,10.736642837524414,175400
26/03/2007,10.811037415846215,10.811037415846215,10.5540342539143,10.685917854309082,10.685917854309082,160500
27/03/2007,10.638575823306232,10.638575823306232,10.45596868534688,10.503311157226562,10.503311157226562,138300
28/03/2007,10.425532260502088,10.483019814315785,10.283504224314877,10.384952545166016,10.384952545166016,208300
29/03/2007,10.452585467201263,10.503309628976583,10.30379403366664,10.381571769714355,10.381571769714355,88800
30/03/2007,10.283503367178465,10.516835259678961,10.148238735653774,10.489782333374023,10.489782333374023,214200
02/04/2007,10.459346550941573,10.513452397552282,10.391713920181903,10.49992561340332,10.49992561340332,106400
03/04/2007,10.496544573269894,10.537123635773822,10.395095627024931,10.469491004943848,10.469491004943848,245600
04/04/2007,10.449202649991099,10.455966042833985,10.340990944475465,10.428913116455078,10.428913116455078,100000
05/04/2007,10.442441122489555,10.459349607617149,10.37142741993193,10.391716957092285,10.391716957092285,101400
09/04/2007,10.39171966902148,10.462734035104498,10.351140584110835,10.44244384765625,10.44244384765625,185900
10/04/2007,10.415387217014716,10.55403355712812,10.415387217014716,10.486401557922363,10.486401557922363,226300
11/04/2007,10.624470069042395,10.627921892631365,10.355233754415112,10.455334663391113,10.455334663391113,273400
12/04/2007,10.451882839802144,10.479496770145863,10.355233754415112,10.455334663391113,10.455334663391113,152800
13/04/2007,10.438079055664112,10.510566058673023,10.375947526904547,10.476048469543457,10.476048469543457,143500
16/04/2007,10.545077990878926,10.589951032987212,10.482947149938743,10.572691917419434,10.572691917419434,89900
17/04/2007,10.565795934633444,10.686606531865054,10.52092286277452,10.65554141998291,10.65554141998291,66000
18/04/2007,10.641732107323463,10.641732107323463,10.476048469543457,10.476048469543457,10.476048469543457,154900
19/04/2007,10.44152776589036,10.462238049843284,10.32071656915686,10.369041442871094,10.369041442871094,172400
20/04/2007,10.476045791655466,10.68315061512444,10.393203993941492,10.493304252624512,10.493304252624512,152100
23/04/2007,10.503658567099425,10.662438497300652,10.503658567099425,10.617566108703613,10.617566108703613,105600
24/04/2007,10.683151654665984,10.683151654665984,10.46914316263771,10.576147079467773,10.576147079467773,83500
25/04/2007,10.645179949815288,10.6693420556567,10.493303009481838,10.520916938781738,10.520916938781738,58100
26/04/2007,10.496753500585225,10.545077706134247,10.448429295036204,10.46568775177002,10.46568775177002,92300
27/04/2007,10.517467912188794,10.54508184883195,10.42772245350649,10.438077926635742,10.438077926635742,120000
30/04/2007,10.476044289678205,10.476044289678205,10.189549533438168,10.272391319274902,10.272391319274902,137000
01/05/2007,10.289652644183763,10.331073877824942,10.18955237196719,10.258586883544922,10.258586883544922,108200
02/05/2007,10.286196140854925,10.386297025905685,10.275841330930966,10.341423988342285,10.341423988342285,114400
03/05/2007,10.35523652932677,10.527823804815549,10.334526240611215,10.365592002868652,10.365592002868652,199000
04/05/2007,10.500206192976535,10.500206192976535,10.33107080118337,10.389750480651855,10.389750480651855,292600
07/05/2007,10.424268055345312,10.458784971670791,10.355232905958399,10.389750480651855,10.389750480651855,157000
08/05/2007,10.32417070873412,10.365591944299394,10.251684369455146,10.262039184570312,10.262039184570312,119300
09/05/2007,10.268939012337436,10.455333515468752,10.255131719497504,10.410460472106934,10.410460472106934,164600
10/05/2007,10.334527762853346,10.621022656029753,10.320720462763735,10.527825355529785,10.527825355529785,289800
11/05/2007,10.583051740982084,10.703862966190561,10.534727514245978,10.6658935546875,10.6658935546875,180400
14/05/2007,10.641728216150137,10.676245792658268,10.593404004059561,10.624469757080078,10.624469757080078,110800
15/05/2007,10.596858386330387,10.962743205582155,10.548533504202974,10.631375312805176,10.631375312805176,521000
16/05/2007,10.64172687909686,10.652082348258615,10.465687853554593,10.56924057006836,10.56924057006836,137600
17/05/2007,10.524374443331347,10.55889203818093,10.375949246335987,10.444984436035156,10.444984436035156,147500
18/05/2007,10.451883901180318,10.510563591415588,10.37249326730806,10.375945091247559,10.375945091247559,180500
21/05/2007,10.375943660011213,10.458785448027843,10.320715801333458,10.372491836547852,10.372491836547852,213700
22/05/2007,10.362141911723059,10.420821621539854,10.327624319177595,10.334527969360352,10.334527969360352,189900
23/05/2007,10.355230133634292,10.472589461151571,10.317260745799935,10.324164390563965,10.324164390563965,104800
24/05/2007,10.327621020773284,10.33797649274012,10.123968014002273,10.182647705078125,10.182647705078125,292400
25/05/2007,10.268937204057513,10.424265929314766,10.117060301402407,10.224064826965332,10.224064826965332,204100
29/05/2007,10.272399769304892,10.472601081020365,10.272399769304892,10.420825004577637,10.420825004577637,149100
30/05/2007,10.372492838191087,10.634825521427173,10.372492838191087,10.603759765625,10.603759765625,205500
31/05/2007,10.63137264431605,10.703859620128753,10.54853085650725,10.683149337768555,10.683149337768555,179300
01/06/2007,10.717671217139145,10.779802751350461,10.652088516243479,10.70041275024414,10.70041275024414,105300
04/06/2007,10.648639555837352,10.893713275190208,10.641735903874839,10.797064781188965,10.797064781188965,145800
05/06/2007,10.7383841900718,10.7383841900718,10.507117134929802,10.558893203735352,10.558893203735352,128700
06/06/2007,10.482948672019274,10.545079521980599,10.282747510940244,10.517465591430664,10.517465591430664,138300
07/06/2007,10.476048664379014,10.476048664379014,10.272395608932085,10.282751083374023,10.282751083374023,120600
08/06/2007,10.28619841492338,10.448430828855663,10.210260272431857,10.42426872253418,10.42426872253418,122800
11/06/2007,10.375946758795731,10.389754056772734,10.227521597383975,10.268942832946777,10.268942832946777,151700
12/06/2007,10.23442596533848,10.286202019653086,10.099808092446851,10.16193962097168,10.16193962097168,168700
13/06/2007,10.186101020189374,10.33107435710688,10.155035258109322,10.268942832946777,10.268942832946777,164200
14/06/2007,10.255134032937738,10.289651614456375,10.14467829877258,10.168840408325195,10.168840408325195,83000
15/06/2007,10.337978006095382,10.337978006095382,10.186101020189374,10.268942832946777,10.268942832946777,280900
18/06/2007,10.31381294505878,10.31381294505878,10.168839640324089,10.199905395507812,10.199905395507812,98400
19/06/2007,10.182648069503578,10.255134400761307,10.089450793570958,10.244779586791992,10.244779586791992,103700
20/06/2007,10.268941329697432,10.268941329697432,10.092902256469873,10.182647705078125,10.182647705078125,120100
21/06/2007,10.12051772940986,10.155035316181554,10.027320442636752,10.13432502746582,10.13432502746582,181700
22/06/2007,10.130871157294878,10.327620506286621,10.01005995717263,10.327620506286621,10.327620506286621,549500
25/06/2007,10.29310207565111,10.348329935421589,10.182646356110155,10.255132675170898,10.255132675170898,207200
26/06/2007,10.30690966320824,10.30690966320824,10.18955029326283,10.23442268371582,10.23442268371582,172600
27/06/2007,10.196458433802865,10.372496907927934,10.148133540056543,10.34488296508789,10.34488296508789,143300
28/06/2007,10.35178361504701,10.365590911649313,10.17919635772705,10.17919635772705,10.17919635772705,154500
29/06/2007,10.213714009258787,10.337977046039065,10.199906712564026,10.275845527648926,10.275845527648926,150600
02/07/2007,10.47949881431253,10.728024235884215,10.38975335859738,10.614116668701172,10.614116668701172,275400
03/07/2007,10.617568673888893,10.71766894572849,10.607213200925555,10.631375312805176,10.631375312805176,93100
05/07/2007,10.624469655774654,10.817767160661854,10.51746510378295,10.683149337768555,10.683149337768555,189600
06/07/2007,10.672792720426514,10.890252307758782,10.61756486782251,10.786700248718262,10.786700248718262,281700
09/07/2007,10.810863513752452,10.835025619567352,10.676245690859153,10.683149337768555,10.683149337768555,285200
10/07/2007,10.634826774157466,10.676248006228938,10.52782285732771,10.583050727844238,10.583050727844238,179000
11/07/2007,10.664105644387908,10.678201931422347,10.406842188344283,10.519615173339844,10.519615173339844,337700
12/07/2007,10.568949591909186,10.618287588020722,10.480845643321567,10.547804832458496,10.547804832458496,271900
13/07/2007,10.547806687799778,10.621813694984787,10.459702723714821,10.586572647094727,10.586572647094727,65800
16/07/2007,10.576004416091292,10.66058417683264,10.484376173909785,10.512569427490234,10.512569427490234,120400
17/07/2007,10.53371180677161,10.597146780962651,10.438560017665079,10.470276832580566,10.470276832580566,234900
18/07/2007,10.427986702333731,10.509042199312955,10.28702047450465,10.505517959594727,10.505517959594727,120800
19/07/2007,10.55485725402832,10.614767988343788,10.487898039868671,10.55485725402832,10.55485725402832,121900
20/07/2007,10.554857132207438,10.554857132207438,10.346931684464158,10.37512493133545,10.37512493133545,196400
23/07/2007,10.37864684711009,10.427984850041506,10.279970169067383,10.279970169067383,10.279970169067383,134000
24/07/2007,10.255303341550725,10.27997234824584,10.061474183469068,10.195392608642578,10.195392608642578,210000
25/07/2007,10.223587960823513,10.294070755586166,10.0509042062118,10.163677215576172,10.163677215576172,153100
26/07/2007,10.05090095175642,10.114335917028841,9.839451291574992,9.994514465332031,9.994514465332031,315300
27/07/2007,9.941652509693714,9.97689423516956,9.712582302370725,9.72315502166748,9.72315502166748,258100
30/07/2007,9.702010499746372,9.754872753202276,9.592761080800146,9.652671813964844,9.652671813964844,183200
31/07/2007,9.71610577945278,9.842975712334933,9.571615321305861,9.59276008605957,9.59276008605957,106900
01/08/2007,9.57161741867329,9.719632148742676,9.434175409387468,9.719632148742676,9.719632148742676,274900
02/08/2007,9.663246027396333,9.987468750143073,9.663246027396333,9.81478500366211,9.81478500366211,188100
03/08/2007,9.776011932009267,9.776011932009267,9.342540760398526,9.455313682556152,9.455313682556152,213300
06/08/2007,9.03946669863065,9.55751844440505,9.03946669863065,9.441221237182617,9.441221237182617,326500
07/08/2007,9.342546202984913,9.585713378158847,9.307304476235352,9.50113296508789,9.50113296508789,243700
08/08/2007,9.638573449949249,10.047375774456226,9.568090012408097,9.88174057006836,9.88174057006836,211500
09/08/2007,9.804208336515781,10.40331551965479,9.59275870292673,9.70905590057373,9.70905590057373,295800
10/08/2007,9.652675393103378,9.839456141563142,9.465895316823886,9.564571380615234,9.564571380615234,321300
13/08/2007,9.783068581145425,10.061476881301283,9.550474066824766,9.603336334228516,9.603336334228516,238600
14/08/2007,9.656199426937704,9.656199426937704,9.370742620815594,9.462370872497559,9.462370872497559,159100
15/08/2007,9.38483400603445,9.691436098359905,9.243867797221561,9.296730041503906,9.296730041503906,119000
16/08/2007,9.268538412052456,9.652671818002055,9.268538412052456,9.479988098144531,9.479988098144531,346800
17/08/2007,9.465890463171416,9.906410299734793,9.166336839872335,9.754871368408203,9.754871368408203,207400
20/08/2007,9.772489460175645,9.885262402712698,9.698482468703114,9.850021362304688,9.850021362304688,158800
21/08/2007,9.797161255883625,9.888789465913437,9.747823247475246,9.79011344909668,9.79011344909668,178600
22/08/2007,9.832404704987068,9.888791202263118,9.680865741490159,9.821832656860352,9.821832656860352,166000
23/08/2007,9.888791720597736,10.064999701866592,9.8359294606531,9.998041152954102,9.998041152954102,209100
24/08/2007,10.022709727918482,10.121385762952427,9.888791291543734,10.089668273925781,10.089668273925781,127000
27/08/2007,10.057949799702563,10.14252953244298,9.895838141148454,9.931079864501953,9.931079864501953,71800
28/08/2007,9.902891007700326,9.938132746667568,9.691441246077137,9.702013969421387,9.702013969421387,114600
29/08/2007,9.772495642169165,9.89231713745773,9.709060653818726,9.867648124694824,9.867648124694824,80200
30/08/2007,9.786592604993789,9.962800607220482,9.754875110818569,9.867648124694824,9.867648124694824,51600
31/08/2007,9.983942615574046,10.086143551221284,9.874693872645619,10.047377586364746,10.047377586364746,125900
04/09/2007,9.998040298488412,10.121385337091052,9.941653130895718,10.019185066223145,10.019185066223145,141200
05/09/2007,9.920508076655285,9.920508076655285,9.75134859530269,9.772493362426758,9.772493362426758,159400
06/09/2007,9.821831906352138,9.857072960321767,9.592761022469428,9.691437721252441,9.691437721252441,413900
07/09/2007,9.536374347171504,9.72315502166748,9.487036334813324,9.72315502166748,9.72315502166748,135000
10/09/2007,9.649148687879121,9.846502109425034,9.582190139456854,9.719632148742676,9.719632148742676,302600
11/09/2007,9.783065319513117,9.913458824157715,9.758396314427921,9.913458824157715,9.913458824157715,74300
12/09/2007,9.885270475643038,9.955753958379796,9.811263423731718,9.846505165100098,9.846505165100098,74200
13/09/2007,9.860595948307484,10.31168850695871,9.783064698365214,10.160149574279785,10.160149574279785,114400
14/09/2007,10.057948249180903,10.184817492643534,9.980416335319443,10.15310001373291,10.15310001373291,118700
17/09/2007,10.146058029659399,10.188347577685892,10.047381297297171,10.10024356842041,10.10024356842041,88800
18/09/2007,10.142529687764052,10.706394581335111,10.079094719192314,10.45617961883545,10.45617961883545,215700
19/09/2007,10.456178920214965,10.593620894817349,10.403316673997121,10.558379173278809,10.558379173278809,165200
20/09/2007,10.530188678526185,10.537237159109306,10.075572435796513,10.304642677307129,10.304642677307129,182000
21/09/2007,10.396269778894233,10.512567007160763,10.28349679053639,10.494946479797363,10.494946479797363,116800
24/09/2007,10.544287910389764,10.706398965631319,10.491425638992748,10.49847412109375,10.49847412109375,86100
25/09/2007,10.449129462172403,10.512564420560624,10.329308023479063,10.38569450378418,10.38569450378418,92900
26/09/2007,10.466751638330507,10.597145134189196,10.39274395588158,10.558379173278809,10.558379173278809,80500
27/09/2007,10.58304734637971,10.85088345099534,10.477322196774157,10.766303062438965,10.766303062438965,79400
28/09/2007,10.766303148699881,10.780400104298835,10.530184519856121,10.600667953491211,10.600667953491211,104000
01/10/2007,10.579528229490503,10.850888704354341,10.572479748335041,10.748687744140625,10.748687744140625,158800
02/10/2007,10.650009605534638,10.752210552131457,10.618292116741147,10.706396102905273,10.706396102905273,131100
03/10/2007,10.678202302937196,10.734588797396768,10.576002033796732,10.628864288330078,10.628864288330078,107300
04/10/2007,10.642958366399284,10.741634368896484,10.554854408638295,10.741634368896484,10.741634368896484,98500
05/10/2007,10.864986979565813,11.062339782714844,10.790979930452533,11.062339782714844,11.062339782714844,142700
08/10/2007,11.097581522750813,11.097581522750813,10.953090993565594,11.062339782714844,11.062339782714844,98600
09/10/2007,11.065859114080686,11.280832355775214,11.027093822203303,11.153963088989258,11.153963088989258,180000
10/10/2007,11.092834352908351,11.258237710556594,11.092834352908351,11.211493492126465,11.211493492126465,141800
11/10/2007,11.326559066772461,11.35172908829889,11.085644925855464,11.326559066772461,11.326559066772461,351300
12/10/2007,11.326563881289575,11.380499762605519,11.12879875452047,11.146777153015137,11.146777153015137,735700
15/10/2007,11.14677044384602,11.150366258547043,10.880686328453995,10.974175453186035,10.974175453186035,156700
16/10/2007,10.966987472019007,11.056880811953588,10.91305160522461,10.91305160522461,10.91305160522461,142600
17/10/2007,11.038903516975491,11.038903516975491,10.715286912336792,10.966988563537598,10.966988563537598,199400
18/10/2007,10.923836272638432,11.07485708220632,10.787198723901593,10.934623718261719,10.934623718261719,124500
19/10/2007,10.902264819961134,11.010137245936079,10.70809555053711,10.70809555053711,10.70809555053711,210900
22/10/2007,10.492352116377404,10.794393832847145,10.492352116377404,10.632585525512695,10.632585525512695,162600
23/10/2007,10.693709189245345,10.783602508609375,10.603815869881313,10.715283393859863,10.715283393859863,135100
24/10/2007,10.62898834554925,10.790796632125254,10.549882453129735,10.740456581115723,10.740456581115723,136800
25/10/2007,10.797983791860696,10.949004568174534,10.715281431956079,10.848323822021484,10.848323822021484,148300
26/10/2007,10.927435461562215,11.05688210568027,10.787202054322215,10.945414543151855,10.945414543151855,200600
29/10/2007,10.966982171009922,11.056875467493612,10.790791392201665,10.826748847961426,10.826748847961426,72100
30/10/2007,10.762035771712487,10.952609302069936,10.762035771712487,10.841141700744629,10.841141700744629,104900
31/10/2007,10.848329370447349,11.024520251955183,10.740457626122332,10.966988563537598,10.966988563537598,139800
01/11/2007,10.805176578924387,10.887878952943389,10.754836540172327,10.833942413330078,10.833942413330078,285200
02/11/2007,10.941813581296973,10.9526003393463,10.37368790103812,10.427623748779297,10.427623748779297,156300
05/11/2007,10.255030532078951,10.398859712829585,10.104009720832876,10.143562316894531,10.143562316894531,148600
06/11/2007,10.190302304447192,10.323343975157417,10.057259947905667,10.312557220458984,10.312557220458984,137100
07/11/2007,10.30177627865023,10.334137934823,10.046479530878091,10.161542892456055,10.161542892456055,149600
08/11/2007,10.024902037452474,10.114795351111175,9.528691247822328,9.834328651428223,9.834328651428223,282500
09/11/2007,9.70128835252076,9.70128835252076,9.280587525790574,9.312949180603027,9.312949180603027,197800
12/11/2007,9.323737726102088,9.435205280350498,9.097206115722656,9.097206115722656,9.097206115722656,244200
13/11/2007,9.133163289912783,9.53588575854209,9.122376527946987,9.521502494812012,9.521502494812012,236900
14/11/2007,9.528689040494578,9.59700813508186,9.438795747659725,9.49632740020752,9.49632740020752,217600
15/11/2007,9.43160706941914,9.49633037023582,9.29496952334185,9.370479583740234,9.370479583740234,206900
16/11/2007,9.395653052369648,9.395653052369648,8.92820788619813,9.118782043457031,9.118782043457031,238000
19/11/2007,9.007308157850998,9.025287228895134,8.76279896413364,8.820330619812012,8.820330619812012,154100
20/11/2007,8.787972194623876,8.83471642478661,8.28456968025063,8.442781448364258,8.442781448364258,260000
21/11/2007,8.40322907842969,8.62975997603465,8.30254829847654,8.608185768127441,8.608185768127441,143100
23/11/2007,8.69448202724583,8.80594955210417,8.60458870717229,8.755609512329102,8.755609512329102,46500
26/11/2007,8.748419131704296,8.748419131704296,8.392441615666813,8.428399085998535,8.428399085998535,232200
27/11/2007,8.435587941980994,8.579417787682539,8.306142041013748,8.532672882080078,8.532672882080078,205000
28/11/2007,8.557844755200707,8.80954635393142,8.557844755200707,8.762802124023438,8.762802124023438,96000
29/11/2007,8.723246516553935,8.867075669317629,8.647735782708308,8.708863258361816,8.708863258361816,140800
30/11/2007,8.834718381030523,8.899441703150163,8.734038267361603,8.802356719970703,8.802356719970703,140400
03/12/2007,8.798756346778992,8.813139604615094,8.658523012034419,8.787969589233398,8.787969589233398,93400
04/12/2007,8.716052365080147,8.755605627830478,8.417606702277206,8.449968338012695,8.449968338012695,102200
05/12/2007,8.604590716422535,8.683696609659819,8.449974060058594,8.539867401123047,8.539867401123047,85000
06/12/2007,8.572229962062503,8.802356719970703,8.543464117323976,8.802356719970703,8.802356719970703,111600
07/12/2007,8.802354856866907,8.881461427528055,8.694483133387495,8.726844787597656,8.726844787597656,92300
10/12/2007,8.744823268447469,8.809546577525627,8.694483221756323,8.766397476196289,8.766397476196289,65900
11/12/2007,8.791568827379194,8.84190887774643,8.180293847926697,8.201868057250977,8.201868057250977,236600
12/12/2007,8.507503059214846,8.579417983708762,8.119163975777107,8.198269844055176,8.198269844055176,265600
13/12/2007,8.147931402423373,8.302548040251528,8.111973933141899,8.173101425170898,8.173101425170898,116200
14/12/2007,8.090400504750631,8.169506396119875,8.02208137512207,8.02208137512207,8.02208137512207,278000
17/12/2007,7.95016274526118,7.978928570476663,7.806332933352389,7.8386945724487305,7.8386945724487305,132500
18/12/2007,7.842291329099414,7.953759515312136,7.525867213689813,7.755993843078613,7.755993843078613,286000
19/12/2007,7.763187857133726,8.040059471837344,7.604975407898564,7.928591251373291,7.928591251373291,308500
20/12/2007,7.99331584887781,8.0220816910387,7.6085724527889935,7.871060848236084,7.871060848236084,153400
21/12/2007,7.9501665378439315,8.119165755876114,7.730826587296356,7.802741527557373,7.802741527557373,185800
24/12/2007,7.874655746066052,7.982528155965514,7.824315699611988,7.96814489364624,7.96814489364624,65700
26/12/2007,7.939375801675298,8.000503269821799,7.802738294787984,7.842290878295898,7.842290878295898,162100
27/12/2007,7.835102930722173,7.856677137775645,7.576209702753803,7.63374137878418,7.63374137878418,136400
28/12/2007,7.626547778667274,7.709250141710118,7.504293513042223,7.536654472351074,7.536654472351074,120100
31/12/2007,7.561826017479089,7.619357685070612,7.421591977622125,7.576208591461182,7.576208591461182,169000
02/01/2008,7.576210843678758,7.633742528373007,7.320914078576996,7.3424882888793945,7.3424882888793945,208900
03/01/2008,7.3820419504784995,7.540253748427026,7.281361154285227,7.2957444190979,7.2957444190979,149500
04/01/2008,7.238210973419185,7.299338468154067,6.997296810150147,6.9972968101501465,6.9972968101501465,189600
07/01/2008,6.979317836832217,7.022466935455634,6.698850410359146,6.867850303649902,6.867850303649902,846200
08/01/2008,6.893018269538083,7.029655783734677,6.670082583833539,6.673678398132324,6.673678398132324,210000
09/01/2008,6.848617705210468,6.867228505752911,6.647626028858237,6.837451934814453,6.837451934814453,328100
10/01/2008,6.81140055702847,6.9156189675474815,6.703460694285424,6.830011367797852,6.830011367797852,234800
11/01/2008,6.740677216891267,6.8300069206302405,6.669957601874397,6.81139612197876,6.81139612197876,243800
14/01/2008,6.934226663220407,6.937948824083236,6.662515309600274,6.710902690887451,6.710902690887451,329300
15/01/2008,6.643904688839672,6.666236942317733,6.56574073677215,6.584351539611816,6.584351539611816,197400
16/01/2008,6.576904521150073,6.975166309499459,6.5657380440258795,6.8597822189331055,6.8597822189331055,204500
17/01/2008,6.878393690674624,6.982612035053109,6.759287417058865,6.94166898727417,6.94166898727417,270400
18/01/2008,6.930504794892033,7.109164245970329,6.803954172895852,6.990057945251465,6.990057945251465,216300
22/01/2008,6.781620189437842,7.179882798740338,6.781620189437842,6.919337272644043,6.919337272644043,159300
23/01/2008,6.703453434110094,7.2170991862336775,6.703453434110094,7.16126823425293,7.16126823425293,198900
24/01/2008,7.220825248638602,7.254323979925546,7.008667090440925,7.109163284301758,7.109163284301758,126500
25/01/2008,7.220823803274143,7.306431339458624,6.930502470139069,7.02355432510376,7.02355432510376,77500
28/01/2008,7.034723417540836,7.276658212787309,6.91933926164107,7.2654924392700195,7.2654924392700195,103900
29/01/2008,7.3250451602372015,7.358543898647341,7.146385695336199,7.179884433746338,7.179884433746338,70600
30/01/2008,7.1538287116312524,7.444150850370333,7.116608525323039,7.164995193481445,7.164995193481445,134600
31/01/2008,7.049609183428383,7.313876127725659,6.990056049222536,7.194769859313965,7.194769859313965,90300
01/02/2008,7.239434779469841,7.39203976859602,7.146382922201227,7.362263202667236,7.362263202667236,95300
04/02/2008,7.362265135334941,7.633976459503174,7.328766401130144,7.633976459503174,7.633976459503174,130800
05/02/2008,7.481369798388705,7.578143819434195,7.347374890798124,7.373429298400879,7.373429298400879,111500
06/02/2008,7.3697071838579316,7.436704638063264,7.17988201018198,7.291543960571289,7.291543960571289,85200
07/02/2008,7.276660564547694,7.738198757171631,7.220829549128148,7.738198757171631,7.738198757171631,144400
08/02/2008,7.704696311785782,7.704696311785782,7.202215994072877,7.243158340454102,7.243158340454102,142600
11/02/2008,7.220823214523719,7.220823214523719,7.045885997028173,7.097994804382324,7.097994804382324,137100
12/02/2008,7.124050918002746,7.581866656534042,7.090552188111934,7.365986347198486,7.365986347198486,135400
13/02/2008,7.466481433939584,7.72702693939209,7.4069282972526205,7.72702693939209,7.72702693939209,65700
14/02/2008,7.712137007024572,7.872186301255997,7.406927055201514,7.429259300231934,7.429259300231934,91400
15/02/2008,7.380875523451709,7.459039476371415,7.269213544914467,7.432984352111816,7.432984352111816,69500
19/02/2008,7.563256291277567,7.682362577765487,7.503703148033608,7.507425308227539,7.507425308227539,87300
20/02/2008,7.470204917460202,7.74936056137085,7.395763838375071,7.74936056137085,7.74936056137085,63200
21/02/2008,7.812636420828405,7.905688308703822,7.548369400028414,7.637699127197266,7.637699127197266,106300
22/02/2008,7.674918589888726,7.700973000035535,7.440427478708581,7.667474269866943,7.667474269866943,86700
25/02/2008,7.593034757164897,7.9912967681884775,7.544648082431509,7.991296768188477,7.991296768188477,96900
26/02/2008,7.924293696164325,8.29650099327087,7.924293696164325,8.22205924987793,8.22205924987793,99200
27/02/2008,8.188562318088797,8.277892003640076,8.07317822965955,8.151341438293457,8.151341438293457,70300
28/02/2008,8.102957195436053,8.151343856574535,7.756804117524914,7.8312458992004395,7.8312458992004395,70600
29/02/2008,7.753083574449764,7.831247532504072,7.5074266375869545,7.58558988571167,7.58558988571167,102400
03/03/2008,7.5781472416909885,7.607923822388157,7.306435144158435,7.526037693023682,7.526037693023682,138000
04/03/2008,7.418095173594181,7.47764831346821,7.194770544101859,7.425539493560791,7.425539493560791,100700
05/03/2008,7.4888171140338216,7.566980368115981,7.269214576474926,7.384598731994629,7.384598731994629,106000
06/03/2008,7.347375200234947,7.41809481665606,7.083108243500914,7.090551853179932,7.090551853179932,159700
07/03/2008,7.090551977130576,7.243156982123728,7.090551977130576,7.105440616607666,7.105440616607666,103500
10/03/2008,7.116610390341375,7.217105913611332,7.0607786763883915,7.068222999572754,7.068222999572754,115200
11/03/2008,7.2803757069999815,7.58930778503418,7.231989062939817,7.58930778503418,7.58930778503418,139300
12/03/2008,7.607921066464801,7.719583026147892,7.354819867258407,7.365986347198486,7.365986347198486,131200
13/03/2008,7.295268151418552,7.6637535422136525,7.2059384242497,7.637699127197266,7.637699127197266,107900
14/03/2008,7.5707025232180465,7.686086678645776,7.224549347005212,7.261770248413086,7.261770248413086,179600
17/03/2008,7.083109748372082,7.399485589723131,7.049611012946516,7.369709014892578,7.369709014892578,103200
18/03/2008,7.447871743531195,7.663752053056907,7.213380634088957,7.425539493560791,7.425539493560791,161800
19/03/2008,7.518591692654744,7.589310605646612,7.410651178199592,7.436705589294434,7.436705589294434,160200
20/03/2008,7.4999790036281455,7.540922044999933,7.354818344116211,7.354818344116211,7.354818344116211,386800
24/03/2008,7.406931098988223,7.663754541802304,7.406931098988223,7.581869125366211,7.581869125366211,187300
25/03/2008,7.58930827153099,7.58930827153099,7.444147620116083,7.533477306365967,7.533477306365967,128000
26/03/2008,7.499980102324118,7.600476285906361,7.4143725577597115,7.544645309448242,7.544645309448242,177900
27/03/2008,7.578146273935216,7.604200689976787,7.4106525851971226,7.58558988571167,7.58558988571167,289000
28/03/2008,7.585587205795868,7.593031524871908,7.485091737986697,7.57814359664917,7.57814359664917,197000
31/03/2008,7.593036221197043,7.779140053627999,7.537205213453712,7.6302571296691895,7.6302571296691895,161000
01/04/2008,7.741914588661195,7.954073429107666,7.66002920615984,7.954073429107666,7.954073429107666,187300
02/04/2008,7.868463540450628,7.991291943620026,7.816354736054281,7.928016662597656,7.928016662597656,108000
03/04/2008,7.898242624970023,7.92057558535733,7.73447184170642,7.8870768547058105,7.8870768547058105,212200
04/04/2008,7.924297599288287,7.946629849334319,7.626531188980337,7.66375207901001,7.66375207901001,221700
07/04/2008,7.730749629518819,7.790302770291229,7.537201567043765,7.645142078399658,7.645142078399658,392100
08/04/2008,7.62653554545768,7.715865306598741,7.555815884997319,7.674922943115234,7.674922943115234,277000
09/04/2008,7.70097202168646,7.7530808353600555,7.522311913508212,7.57814359664917,7.57814359664917,186800
10/04/2008,7.735620230747481,7.735620230747481,7.466756006670513,7.524369716644287,7.524369716644287,132500
11/04/2008,7.46675920308166,7.720260221564823,7.412985749168175,7.509008884429932,7.509008884429932,196500
14/04/2008,7.497483305286372,7.720256852575096,7.4360285841445215,7.558938026428223,7.558938026428223,54300
15/04/2008,7.593505646406723,7.6588013727262805,7.520527897555927,7.581982612609863,7.581982612609863,85500
16/04/2008,7.63960123976661,7.731783371754621,7.593510540071836,7.670328617095947,7.670328617095947,234200
17/04/2008,7.681848824808412,7.754826593771586,7.639598421840545,7.689530849456787,7.689530849456787,338000
18/04/2008,7.758668322134499,7.758668322134499,7.555099045754549,7.616553783416748,7.616553783416748,125200
21/04/2008,7.581985681936353,7.6780088046547945,7.566622363252512,7.593508720397949,7.593508720397949,73100
22/04/2008,7.566622323481908,7.6472813944942715,7.336166683649278,7.386098384857178,7.386098384857178,137000
23/04/2008,7.432190996932968,7.555100495848089,7.378417541708801,7.45907735824585,7.45907735824585,76100
24/04/2008,7.497483707250886,7.870053065722768,7.432187970962195,7.816280364990234,7.816280364990234,134800
25/04/2008,7.862373034090135,7.862373034090135,7.724100235372887,7.781713962554932,7.781713962554932,84800
28/04/2008,7.739465399236571,7.777874804047858,7.670328617095947,7.670328617095947,7.670328617095947,102100
29/04/2008,7.678008521078949,7.762508602214909,7.616553783416749,7.616553783416748,7.616553783416748,75100
30/04/2008,7.624234076397052,7.747143523793991,7.42450585807798,7.470597267150879,7.470597267150879,157400
01/05/2008,7.4974864245891055,7.597350571142253,7.459077024745838,7.535895824432373,7.535895824432373,346100
02/05/2008,7.674167741167196,7.685690779552714,7.436030808652751,7.501326560974121,7.501326560974121,88500
05/05/2008,7.51668700436795,7.558937396355478,7.447550265696722,7.512845993041992,7.512845993041992,98700
06/05/2008,7.4974864245891055,7.601191584386417,7.409145317768448,7.535895824432373,7.535895824432373,176200
07/05/2008,7.5512602471832295,7.6319200718890725,7.336168602298442,7.4053053855896,7.4053053855896,172400
08/05/2008,7.38225841724571,7.42066781808891,7.201735185660571,7.340008735656738,7.340008735656738,76900
09/05/2008,7.328485954494442,7.409145772374216,7.186371386134086,7.29775857925415,7.29775857925415,61800
12/05/2008,7.25166498940104,7.340006807918315,7.171005928152713,7.309279441833496,7.309279441833496,329500
13/05/2008,7.259347948518344,7.320802688598633,7.201734221267858,7.320802688598633,7.320802688598633,74000
14/05/2008,7.382255586155657,7.704893257349792,7.290073499042777,7.539733409881592,7.539733409881592,695300
15/05/2008,7.512850107317468,7.797078507708794,7.455236371072999,7.7701921463012695,7.7701921463012695,196800
16/05/2008,7.7509853732818765,7.919986248016357,7.593507535210486,7.919986248016357,7.919986248016357,228400
19/05/2008,7.939192873130055,8.142762184143066,7.893101445742783,8.142762184143066,8.142762184143066,264500
20/05/2008,8.073625439514796,8.135080187861758,7.754828657740536,7.808601379394531,7.808601379394531,172700
21/05/2008,7.808598341286129,7.885417113130979,7.789394014623968,7.816280364990234,7.816280364990234,273000
22/05/2008,7.793234103730702,7.816279439516269,7.651119612423999,7.666482925415039,7.666482925415039,213400
23/05/2008,7.658804522503087,7.712577237140469,7.585826743639289,7.685690879821777,7.685690879821777,200700
27/05/2008,7.727941806652293,8.146601978481742,7.547417853811957,7.966078758239746,7.966078758239746,473000
28/05/2008,8.027532613925576,8.088987351569926,7.908464151314427,7.931509494781494,7.931509494781494,455800
29/05/2008,7.943031209525018,7.966076549152789,7.731779943043016,7.831644058227539,7.831644058227539,206800
30/05/2008,7.896940864171182,7.896940864171182,7.681849289201058,7.701053619384766,7.701053619384766,233300
02/06/2008,7.6780110235443395,7.735624767305701,7.5320561571756555,7.643442630767822,7.643442630767822,146100
03/06/2008,7.585827157649692,7.639599875221818,7.4898040290718475,7.605031490325928,7.605031490325928,220600
04/06/2008,7.562780711460492,7.850850055277138,7.516689294106611,7.800917625427246,7.800917625427246,221400
05/06/2008,7.774033815278933,8.000648498535156,7.716420074176164,8.000648498535156,8.000648498535156,132600
06/06/2008,7.969919438990502,7.969919438990502,7.701054393792462,7.708736419677734,7.708736419677734,307000
09/06/2008,7.72409785478402,7.7663475176436325,7.4936422844846176,7.570460319519043,7.570460319519043,108200
10/06/2008,7.53205393073722,7.574303606287554,7.432189795857578,7.501326560974121,7.501326560974121,238000
11/06/2008,7.4898032303199535,7.543575942157476,7.370734768709045,7.378416061401367,7.378416061401367,187500
12/06/2008,7.474439179738803,7.562781005383916,7.316961324273269,7.378416061401367,7.378416061401367,139300
13/06/2008,7.393777515839597,7.482118577867668,7.359209146768092,7.451391220092773,7.451391220092773,63700
16/06/2008,7.401460519840577,7.509005920013852,7.3400057961421075,7.470597267150879,7.470597267150879,104300
17/06/2008,7.478279720769178,7.501325795187514,7.3284839000410384,7.366893291473389,7.366893291473389,99900
18/06/2008,7.359209606846038,7.359209606846038,7.171004437133983,7.228618144989014,7.228618144989014,160900
19/06/2008,7.2286201719569325,7.313120984263912,7.132597054406817,7.243984222412109,7.243984222412109,199000
20/06/2008,7.2055746530789,7.2401430331614405,7.1095515378714484,7.136437892913818,7.136437892913818,203600
23/06/2008,7.109550215470919,7.136436565512336,7.028890432748575,7.036572456359863,7.036572456359863,71300
24/06/2008,7.009689717416799,7.0826675141229565,6.917507584387243,7.013530731201172,7.013530731201172,138200
25/06/2008,7.01736867204457,7.293914950032232,7.005845635737444,7.12875509262085,7.12875509262085,106600
26/06/2008,7.071141454491451,7.159482536028721,6.944390984103754,6.95591402053833,6.95591402053833,59200
27/06/2008,6.959755763156258,7.071142196655273,6.886777989940756,7.071142196655273,7.071142196655273,282400
30/06/2008,7.071144746874989,7.071144746874989,6.944394217471197,7.002007961273193,7.002007961273193,153600
01/07/2008,6.917504447013229,7.101868629455566,6.852208707490133,7.101868629455566,7.101868629455566,144900
02/07/2008,7.090345190966579,7.174845985906013,7.002004116800894,7.055777549743652,7.055777549743652,167400
03/07/2008,7.067300386319216,7.144119163411073,6.975118293367879,7.032732009887695,7.032732009887695,94800
07/07/2008,7.105712159857467,7.128757507680805,6.955916300108176,6.971279621124268,6.971279621124268,171900
08/07/2008,6.998164395764393,7.336166172669227,6.932868647903112,7.324643135070801,7.324643135070801,213800
09/07/2008,7.363051621847365,7.8585304560440115,7.051936970951883,7.1210737228393555,7.1210737228393555,331400
10/07/2008,7.025649657986437,7.323852103981841,7.025649657986437,7.303972244262695,7.303972244262695,230400
11/07/2008,7.204571890821718,7.399397410358303,7.172763658211013,7.3159003257751465,7.3159003257751465,167200
14/07/2008,7.379515668278029,7.427228389119123,7.121073722839355,7.1210737228393555,7.1210737228393555,193000
15/07/2008,7.033601157839882,7.081313119443234,6.902392125878729,6.918295860290527,6.918295860290527,180800
16/07/2008,6.8944404707626274,6.926248700682085,6.663830614254554,6.870584487915039,6.870584487915039,295700
17/07/2008,6.958056032689348,7.101193428039551,6.802991026638579,7.101193428039551,7.101193428039551,328600
18/07/2008,7.073362424634221,7.073362424634221,6.910344388832576,6.969985485076904,6.969985485076904,213000
21/07/2008,7.033604686712536,7.176741401704542,6.91829933131263,6.950107574462891,6.950107574462891,149000
22/07/2008,6.934202313243552,7.085291245521544,6.89841795274147,7.053483009338379,7.053483009338379,247100
23/07/2008,7.09721670987093,7.331802639970971,7.053480118655304,7.2324018478393555,7.2324018478393555,277700
24/07/2008,7.272163240960512,7.359635676145295,6.89841600268379,6.918295860290527,6.918295860290527,216400
25/07/2008,7.001791410499342,7.212520585504289,6.902390627310505,7.029623508453369,7.029623508453369,95800
28/07/2008,7.02962608291416,7.148906763077825,6.779135592855167,6.814919948577881,6.814919948577881,118500
29/07/2008,6.870584487915039,6.9620330541374775,6.814919516779972,6.870584487915039,6.870584487915039,180100
30/07/2008,6.870583382731338,6.950103565554568,6.659853419432378,6.838775157928467,6.838775157928467,109100
31/07/2008,6.78311238469525,6.878537089897942,6.715519790380657,6.7513041496276855,6.7513041496276855,126800
01/08/2008,6.7552769688422245,6.822869530087699,6.548523162871622,6.731420993804932,6.731420993804932,126300
04/08/2008,6.755278587341309,6.854679391907899,6.739374852961991,6.755278587341309,6.755278587341309,276300
05/08/2008,6.866610120345211,7.16481263648607,6.85865787123975,7.1489081382751465,7.1489081382751465,109700
06/08/2008,7.129026990928732,7.224451687916841,7.02565004626626,7.180715084075928,7.180715084075928,122600
07/08/2008,7.129024613892673,7.188664934828314,6.97395962778644,7.0097432136535645,7.0097432136535645,67300
08/08/2008,6.659854663089377,6.958057110690395,6.655878539450533,6.8188958168029785,6.8188958168029785,213500
11/08/2008,6.85865625789429,7.307947609512095,6.818895780087962,7.303972244262695,7.303972244262695,135800
12/08/2008,7.323851666086703,7.46301295090434,7.212522486558995,7.3715643882751465,7.3715643882751465,91600
13/08/2008,7.315898316309736,7.395419255178445,7.240353500221251,7.351682662963867,7.351682662963867,87000
14/08/2008,7.347708757195796,7.558438777923584,7.331805019644172,7.558438777923584,7.558438777923584,106300
15/08/2008,7.554460487644485,7.574340343475341,7.470964183113422,7.574340343475342,7.574340343475342,221600
18/08/2008,7.506751397814247,7.618080615997314,7.375542314198036,7.6180806159973145,7.6180806159973145,149700
19/08/2008,7.633981362546098,7.6459089725956515,7.49879622062002,7.590244770050049,7.590244770050049,191700
20/08/2008,7.63398361680609,7.753264302731643,7.506749924552567,7.558438777923584,7.558438777923584,130900
21/08/2008,7.4510857055697235,7.65783960231758,7.403373734546745,7.558438777923584,7.558438777923584,60200
22/08/2008,7.514700578529135,7.713502185148255,7.514700578529135,7.709526062011719,7.709526062011719,65600
25/08/2008,7.630006238923299,7.6419338505348255,7.482892709314618,7.570365905761719,7.570365905761719,53400
26/08/2008,7.570368361838757,7.637960205214385,7.431207033734561,7.554463863372803,7.554463863372803,43900
27/08/2008,7.546511678477003,7.546511678477003,7.331806255933748,7.459039211273193,7.459039211273193,117300
28/08/2008,7.470964595203466,7.717478157922207,7.411323507685384,7.677717685699463,7.677717685699463,211000
29/08/2008,7.614101233490244,7.713502034863139,7.538556412103822,7.677717685699463,7.677717685699463,161800
02/09/2008,7.8009735970969105,7.932182597186612,7.697596694243241,7.920254230499268,7.920254230499268,124500
03/09/2008,7.820858122930668,7.952067201419358,7.550487716743493,7.928211212158203,7.928211212158203,140800
04/09/2008,7.836764354570318,7.948093603798308,7.6578432406738814,7.6896514892578125,7.6896514892578125,40100
05/09/2008,7.669771695142683,7.745315812306283,7.526634195896327,7.6737470626831055,7.6737470626831055,72400
08/09/2008,7.319876202472187,7.963993839048726,7.319876202472187,7.952065467834473,7.952065467834473,79800
09/09/2008,7.936161844976836,8.150868000218821,7.749288558959961,7.749288558959961,7.749288558959961,97900
10/09/2008,7.848691683195077,7.960020917543849,7.785075194529598,7.852667808532715,7.852667808532715,93700
11/09/2008,7.777117343909257,7.860614399140532,7.633980726662216,7.824830055236816,7.824830055236816,99000
12/09/2008,7.832786233338228,7.9600191829433316,7.713504774307294,7.944114685058594,7.944114685058594,61100
15/09/2008,7.037578187168871,7.804951861765457,7.037578187168871,7.578318119049072,7.578318119049072,85500
16/09/2008,7.44313210165506,7.840735326797557,7.44313210165506,7.7890472412109375,7.7890472412109375,125800
17/09/2008,7.574338981551188,7.753260685328957,7.474938203534149,7.534579277038574,7.534579277038574,103500
18/09/2008,7.669766165515064,8.154841801151035,7.395419742543017,7.932184219360352,7.932184219360352,240200
19/09/2008,7.757240782388269,8.445094336725097,7.757240782388269,8.142915725708008,8.142915725708008,516300
22/09/2008,8.099179903123654,8.449070488494623,8.099179903123654,8.210508346557617,8.210508346557617,161900
23/09/2008,8.170746735352786,8.313884152431141,8.130987015824832,8.186651229858398,8.186651229858398,228100
24/09/2008,8.27810176601242,8.282077890584016,7.844714046495077,7.88049840927124,7.88049840927124,59900
25/09/2008,7.987846791658676,7.99977515834602,7.848685547110744,7.920254230499268,7.920254230499268,99200
26/09/2008,7.781094321807404,7.991824285921919,7.781094321807404,7.948087692260742,7.948087692260742,131900
29/09/2008,7.797002222873741,7.8327865863589885,7.459039211273193,7.459039211273193,7.459039211273193,89600
30/09/2008,7.490844824535145,7.904351784452397,7.459036596849203,7.876519680023193,7.876519680023193,112900
01/10/2008,7.876523570985827,8.262199375363732,7.725434604432411,8.05942153930664,8.05942153930664,101700
02/10/2008,7.944113791990676,8.043514617491164,7.455061912536622,7.455061912536621,7.455061912536621,103200
03/10/2008,7.598199454219117,7.633983812588133,7.1886677742004395,7.1886677742004395,7.1886677742004395,84400
06/10/2008,6.981917799072386,7.057462682381923,6.572386647084407,6.862637042999268,6.862637042999268,148400
07/10/2008,6.993844880311872,6.993844880311872,6.258278332029978,6.266230583190918,6.266230583190918,454500
08/10/2008,6.162851023549772,6.421293011573401,5.789104096059347,6.146946907043457,6.146946907043457,225200
09/10/2008,6.32932461129588,6.32932461129588,4.969783782958984,4.969783782958984,4.969783782958984,287800
10/10/2008,4.766679682555234,5.425725023650923,4.356330830840166,4.849578380584717,4.849578380584717,430500
13/10/2008,5.525204963024768,5.525204963024768,5.085841546404421,5.189465045928955,5.189465045928955,140300
14/10/2008,5.525206467843138,5.608105210982208,5.189466459306809,5.388423442840576,5.388423442840576,191500
15/10/2008,5.181178154380825,5.5749476150552635,5.181178154380825,5.272367000579834,5.272367000579834,293500
16/10/2008,5.52935121319725,5.885815987605446,5.2682198895651045,5.881670951843262,5.881670951843262,288400
17/10/2008,5.595670823830542,6.424659094027659,5.492047290055902,6.064049243927002,6.064049243927002,349200
20/10/2008,6.064048399688863,6.287875185669175,5.96871455633654,6.134512424468994,6.134512424468994,238400
21/10/2008,6.043324004533797,6.329325157649825,6.014309543748141,6.022599220275879,6.022599220275879,195900
22/10/2008,5.91483057403319,6.039178478912685,5.6785686851189805,5.844366550445557,5.844366550445557,149900
23/10/2008,5.865087105118246,5.906536643187273,5.4837527779347175,5.823637962341309,5.823637962341309,142500
24/10/2008,5.239205024879811,5.674423468669937,5.239205024879811,5.31381368637085,5.31381368637085,202700
27/10/2008,5.317956962934482,5.487899406918339,5.08998522783498,5.102420330047607,5.102420330047607,141900
28/10/2008,5.214335292881503,5.521060805335158,4.870305251425474,5.512771129608154,5.512771129608154,151700
29/10/2008,5.471321464343871,5.749032513700558,5.396712803005355,5.487901210784912,5.487901210784912,98100
30/10/2008,5.616394635520777,5.823641667124552,5.508626084216652,5.8194966316223145,5.8194966316223145,107100
31/10/2008,5.782192521240449,6.3376146693904944,5.749033025406927,6.2339911460876465,6.2339911460876465,179100
03/11/2008,6.28372638282587,6.474393559929996,5.910682094935769,5.947986602783203,5.947986602783203,109700
04/11/2008,6.0681947580651805,6.159383190358118,5.811208421499513,6.018455505371094,6.018455505371094,103000
05/11/2008,5.910684064776419,6.175959950691203,5.595668554960361,5.6702775955200195,5.6702775955200195,183600
06/11/2008,5.703436914928129,5.802915369245049,5.264073148756704,5.446450710296631,5.446450710296631,216700
07/11/2008,5.438162076786607,5.715873131521925,5.355263342975842,5.711728096008301,5.711728096008301,97200
10/11/2008,5.923121881371263,5.923121881371263,5.3221053928359625,5.342830181121826,5.342830181121826,108100
11/11/2008,5.264075546931501,5.42572840531048,5.094133011229005,5.143872261047363,5.143872261047363,101400
12/11/2008,5.03610149922384,5.12729028189044,4.733521095560107,4.737666130065918,4.737666130065918,104500
13/11/2008,4.7956970242485255,5.106567626068454,4.62575449183375,5.073408126831055,5.073408126831055,237000
14/11/2008,5.031957778229582,5.131436252768145,4.712797178302964,4.758391380310059,4.758391380310059,186200
17/11/2008,4.7583930258811185,4.907611184584645,4.654769480244762,4.812277317047119,4.812277317047119,143700
18/11/2008,4.845434753931966,5.007087558501144,4.559434063855115,4.716941833496094,4.716941833496094,176700
19/11/2008,4.646479127842817,4.7086530880848825,3.9418391988323487,4.02888298034668,4.02888298034668,284200
20/11/2008,3.9376938343048096,4.2775788598249305,3.8133455288998688,3.9376938343048096,3.9376938343048096,220500
21/11/2008,4.099347250946783,4.115927000994101,3.490040744946096,3.688997745513916,3.688997745513916,435300
24/11/2008,3.8009094418270624,4.144939378629972,3.7263004065182113,4.012301445007324,4.012301445007324,246700
25/11/2008,4.0040121059675435,4.323172686007537,3.925258417354671,4.30659294128418,4.30659294128418,199400
26/11/2008,4.25685200385111,4.758389179879342,4.169808280058579,4.658910751342773,4.658910751342773,241100
28/11/2008,4.6133182092177805,4.658912406337188,4.439230699791278,4.5387091636657715,4.5387091636657715,101000
01/12/2008,4.4972621953611345,4.50555187374867,3.87137586304959,3.9957242012023926,3.9957242012023926,154100
02/12/2008,3.9376945723502375,4.323174272768631,3.9376945723502375,4.294159412384033,4.294159412384033,231300
03/12/2008,4.144940620016707,4.435086384359409,3.9832877935308133,4.3107380867004395,4.3107380867004395,274500
04/12/2008,4.281723010939567,4.5967385474697195,4.103490463506823,4.323172569274902,4.323172569274902,289400
05/12/2008,4.302449149381749,4.5925949635181285,4.132506618042973,4.584305286407471,4.584305286407471,174000
08/12/2008,4.667203944678732,5.317959594757049,4.634044446285722,5.156306743621826,5.156306743621826,202700
09/12/2008,5.110713175549707,5.525207352936009,4.903466086856556,4.940770626068115,4.940770626068115,143300
10/12/2008,5.102421873874214,5.434016794029994,5.102421873874214,5.413292407989502,5.413292407989502,189500
11/12/2008,5.3925655444391305,5.446449796981337,4.774969750004269,4.849578380584717,4.849578380584717,104900
12/12/2008,4.716942195643696,4.973928451538086,4.580159194849784,4.973928451538086,4.973928451538086,129800
15/12/2008,5.069263316777486,5.069263316777486,4.493116695352555,4.708653450012207,4.708653450012207,101400
16/12/2008,4.808131221239166,5.31381368637085,4.783261403880596,5.31381368637085,5.31381368637085,200200
17/12/2008,5.15216167979604,5.525206203736392,5.040248085438513,5.3967132568359375,5.3967132568359375,196700
18/12/2008,5.421584349967727,5.533497978777664,5.1645979817616565,5.2101922035217285,5.2101922035217285,138100
19/12/2008,5.558365334337532,5.657843814815634,5.338683591125303,5.512771129608154,5.512771129608154,226700
22/12/2008,5.508626455901096,5.508626455901096,5.098277400508235,5.3967132568359375,5.3967132568359375,276500
23/12/2008,5.562509213048632,5.608103408296085,4.920043468475342,4.920043468475342,4.920043468475342,262200
24/12/2008,4.9449138798165695,5.280653821084197,4.9449138798165695,5.164595603942871,5.164595603942871,61700
26/12/2008,5.193610293442749,5.392567641371439,5.031957868248784,5.218480110168457,5.218480110168457,86100
29/12/2008,5.1811747444071345,5.330392434740846,4.944913302555693,5.094130992889404,5.094130992889404,95500
30/12/2008,5.01123218287805,5.309667953289784,5.01123218287805,5.305522918701172,5.305522918701172,60600
31/12/2008,5.317958908133278,5.910685557140629,5.214335390211286,5.802917003631592,5.802917003631592,164400
02/01/2009,5.881670590043802,6.064048199437667,5.69929337594228,5.732452869415283,5.732452869415283,104200
05/01/2009,5.761465911634461,5.811205534913951,5.492044994547158,5.778045654296875,5.778045654296875,159500
06/01/2009,5.802916886812088,6.006018882980349,5.7780470690828345,5.885815620422363,5.885815620422363,191800
07/01/2009,6.001873814297204,6.093062618410569,5.72830779724945,6.035033702850342,6.035033702850342,233400
08/01/2009,6.02674376238828,6.296164749789221,5.9272652804518415,6.196686267852783,6.196686267852783,280900
09/01/2009,6.265924949553016,6.369780376136528,5.712031129401231,5.776940822601318,5.776940822601318,251600
12/01/2009,5.621155581128493,5.755301895184246,5.348535972060068,5.387481689453125,5.387481689453125,172600
13/01/2009,5.387483284358338,5.62548464013128,5.279300887432736,5.599520683288574,5.599520683288574,195800
14/01/2009,5.612500379055922,5.612500379055922,5.140825271606445,5.140825271606445,5.140825271606445,165500
15/01/2009,5.149482105371453,5.538938995283857,4.985045219560404,5.283628463745117,5.283628463745117,185600
16/01/2009,5.33122886175765,5.668758267264235,4.98071809570183,5.616830348968506,5.616830348968506,192600
20/01/2009,5.551921185019749,5.707703705081441,5.2014104117101585,5.214392185211182,5.214392185211182,115000
21/01/2009,5.26631726900239,5.586536952590441,5.13649835566906,5.5649003982543945,5.5649003982543945,116800
22/01/2009,5.469701789908558,5.707702717890146,5.387482942361807,5.487010955810547,5.487010955810547,116500
23/01/2009,5.404792440076184,5.642793795352279,5.279300876411783,5.508647441864014,5.508647441864014,56500
26/01/2009,5.547593481345897,5.841849748904888,5.474029414456149,5.625484943389893,5.625484943389893,90200
27/01/2009,5.772613077169389,5.820213185816765,5.577884834742515,5.625484943389893,5.625484943389893,78300
28/01/2009,5.750975766203187,5.971667938172807,5.699048269154404,5.945703983306885,5.945703983306885,119400
29/01/2009,5.988975394901732,5.988975394901732,5.361517802086798,5.400463104248047,5.400463104248047,238300
30/01/2009,5.461047024478072,5.673084410874708,5.140827247550533,5.192754745483398,5.192754745483398,186100
02/02/2009,5.136499792043808,5.40046467324666,4.998026465863042,5.378828525543213,5.378828525543213,121500
03/02/2009,5.318244638186429,5.6817374226813415,5.318244638186429,5.3658447265625,5.3658447265625,156600
04/02/2009,5.35286513412516,5.599520875524841,5.240355338416036,5.283628463745117,5.283628463745117,89400
05/02/2009,5.218718172086352,5.274972646302216,5.041298722936142,5.158135890960693,5.158135890960693,178500
06/02/2009,5.166789646810037,5.664428780738847,5.136498716223085,5.642792224884033,5.642792224884033,99500
09/02/2009,5.573555987470861,5.582210362841456,5.3225729114784865,5.46104621887207,5.46104621887207,157000
10/02/2009,5.409118978550809,5.474028241220207,5.106208398288569,5.158135890960693,5.158135890960693,112800
11/02/2009,5.1884251294126305,5.192752522225046,5.015333543744952,5.166788578033447,5.166788578033447,96500
12/02/2009,4.898497079802925,5.028315993042557,4.76002379244489,5.011006832122803,5.011006832122803,121800
13/02/2009,4.9720612202325585,5.080243581400454,4.543659169051603,4.582604885101318,4.582604885101318,136800
17/02/2009,4.400859630395919,4.543660351278601,4.123912565180653,4.171513080596924,4.171513080596924,138300
18/02/2009,4.301331623054187,4.301331623054187,4.002748409745604,4.097949028015137,4.097949028015137,163800
19/02/2009,4.227767584397093,4.227767584397093,4.020057201385498,4.020057201385498,4.020057201385498,108800
20/02/2009,3.9378386587654037,4.093621131928001,3.821001494381195,4.080639362335205,4.080639362335205,125200
23/02/2009,4.188822141631813,4.188822141631813,3.872929358132858,3.8902385234832764,3.8902385234832764,199300
24/02/2009,3.937836571865443,4.007073189911665,3.6219439861760594,3.968127489089966,3.968127489089966,307800
25/02/2009,3.8599465059867537,4.188820968198687,3.725800202587723,4.015728950500488,4.015728950500488,228500
26/02/2009,4.093619968675862,4.240748024529364,3.7257998290421037,3.7431089878082275,3.7431089878082275,216600
27/02/2009,3.626272972306773,3.9421652841990054,3.626272972306773,3.816673755645752,3.816673755645752,223200
02/03/2009,3.769072391839333,3.8642729577433452,3.448852587900498,3.47481632232666,3.47481632232666,151800
03/03/2009,3.5224181430519392,3.5830000066041165,3.280089450794248,3.3969264030456543,3.3969264030456543,201200
04/03/2009,3.435871338501353,3.470489862596336,3.2411429916255545,3.36230731010437,3.36230731010437,142000
05/03/2009,3.2627807044039674,3.3320173645478635,3.0291067700767935,3.042088747024536,3.042088747024536,208100
06/03/2009,3.0637239686918396,3.405580161414483,2.9252506995432936,3.33634352684021,3.33634352684021,198400
09/03/2009,3.3666352841055134,3.3839444459699957,3.0723791197263486,3.2757620811462402,3.2757620811462402,243600
10/03/2009,3.3969270528498132,3.950820988286101,3.3796178867119484,3.764747142791748,3.764747142791748,362700
11/03/2009,3.864274129899936,3.9205290080578807,3.505108718546337,3.5180904865264893,3.5180904865264893,384600
12/03/2009,3.4921277248508606,4.097949409842784,3.418563866495657,3.9378395080566406,3.9378395080566406,374400
13/03/2009,4.305659101745528,4.915807724142148,4.292677330309003,4.5523152351379395,4.5523152351379395,414700
16/03/2009,4.608568619683098,4.798969814662819,4.322967239896491,4.335949420928955,4.335949420928955,287300
17/03/2009,4.348930383316307,4.4484579433558125,4.284020728232243,4.422494411468506,4.422494411468506,257400
18/03/2009,4.39652957253439,4.863877178264718,4.327292951342166,4.643185138702393,4.643185138702393,300200
19/03/2009,4.69944057250468,5.132169920669552,4.69944057250468,4.807622909545898,4.807622909545898,295100
20/03/2009,4.868207393993306,4.868207393993306,4.309986295989396,4.595587730407715,4.595587730407715,370300
23/03/2009,4.686459118293472,5.1884251294126305,4.5696224011385125,5.166788578033447,5.166788578033447,140700
24/03/2009,4.781661480815161,5.551919943448145,4.690788261263632,4.985044479370117,4.985044479370117,260600
25/03/2009,5.015334990440264,5.430755328555397,4.7643519124835185,5.093226432800293,5.093226432800293,136300
26/03/2009,5.123519638734651,5.4653760802034395,5.093228692238427,5.4394121170043945,5.4394121170043945,132400
27/03/2009,5.3225704143528585,5.3225704143528585,4.902822882390141,4.963405132293701,4.963405132293701,150500
30/03/2009,4.88551537781792,4.937442861273736,4.690787211687872,4.859551429748535,4.859551429748535,109000
31/03/2009,4.928789866924838,5.205736522891054,4.811952686926787,5.119190692901611,5.119190692901611,103400
01/04/2009,5.4177738199202885,5.534610576402968,5.0715901193752195,5.3398823738098145,5.3398823738098145,143900
02/04/2009,5.612501433342831,5.902430216004376,5.47402772005122,5.8029022216796875,5.8029022216796875,219300
03/04/2009,5.815884965782094,6.1404321280233125,5.707702578368354,5.8937764167785645,5.8937764167785645,421500
06/04/2009,5.90243065919784,6.08850406769155,5.729338607757179,5.98897647857666,5.98897647857666,277500
07/04/2009,5.971665001033022,6.2010114366994395,5.850500900846614,5.911082744598389,5.911082744598389,231900
08/04/2009,6.033570113064746,6.146983083488384,5.525480057483188,5.729623317718506,5.729623317718506,158500
09/04/2009,5.806745101136663,6.201422249432051,5.64796674408895,6.156056880950928,6.156056880950928,211000
13/04/2009,6.092545827686135,6.274006434653765,5.897475350718771,6.219568252563477,6.219568252563477,229000
14/04/2009,6.042641842435063,6.237712255036098,5.688793559287479,5.797669887542725,5.797669887542725,156700
15/04/2009,5.784061984901934,6.23317728224987,5.725087183335611,6.169666290283203,6.169666290283203,185100
16/04/2009,6.192347968471911,6.482685326460987,6.038106693196239,6.264932632446289,6.264932632446289,120700
17/04/2009,6.3148346252486,6.505368462163218,6.210494460920987,6.269469261169434,6.269469261169434,123000
20/04/2009,6.04718147036963,6.074400782282396,5.643431011587357,5.774990081787109,5.774990081787109,280100
21/04/2009,5.734160991850102,6.464540499560135,5.734160991850102,6.441857814788818,6.441857814788818,310100
22/04/2009,6.31937048269959,6.8229238863277715,6.205957518875899,6.573415279388428,6.573415279388428,325900
23/04/2009,6.600636074269456,6.704975816925769,6.319371912275138,6.546197891235352,6.546197891235352,139800
24/04/2009,6.69136574006391,6.895509015097946,6.577952761418759,6.673219680786133,6.673219680786133,238800
27/04/2009,6.605174033616446,6.863755563487126,6.464541707857466,6.618783473968506,6.618783473968506,247800
28/04/2009,6.559808659946059,7.040680023279689,6.3511286996520395,6.62332010269165,6.62332010269165,208400
29/04/2009,6.632391671478047,7.389990919714819,6.596099548915788,7.258431434631348,7.258431434631348,235200
30/04/2009,7.253894020934481,7.294722762528317,6.464539792240906,6.646000385284424,6.646000385284424,258100
01/05/2009,6.591560795232334,6.89097092592828,6.518976573564963,6.650535583496094,6.650535583496094,262700
04/05/2009,6.582490808584489,7.045215636601003,6.464541181441277,7.031606197357178,7.031606197357178,213300
05/05/2009,6.9726294335744035,6.995312114394056,6.478148808777804,6.61424446105957,6.61424446105957,189100
06/05/2009,6.763950997515664,6.954484864992407,6.491760067289062,6.641465187072754,6.641465187072754,159400
07/05/2009,6.709511162337042,6.800241450111944,6.264932535921953,6.323906898498535,6.323906898498535,138100
08/05/2009,6.487221848894583,6.981702458045065,6.274005348154181,6.8501434326171875,6.8501434326171875,146200
11/05/2009,6.7957062618781,6.918192500703486,6.305762171849014,6.4327850341796875,6.4327850341796875,159500
12/05/2009,6.496294492005324,6.727657044268786,6.283078429459273,6.5235137939453125,6.5235137939453125,119000
13/05/2009,6.396493023047136,6.396493023047136,5.89747567729818,5.938304424285889,5.938304424285889,264700
14/05/2009,5.9972790801782,6.695903086845647,5.9972790801782,6.464540481567383,6.464540481567383,196800
15/05/2009,6.4191742267769625,6.600635246777926,6.328443933094564,6.410101413726807,6.410101413726807,141800
18/05/2009,6.568879065747938,6.7684861367743085,6.3738090500256215,6.655073165893555,6.655073165893555,89200
19/05/2009,6.655072439667521,6.700437796123847,6.414637088775635,6.414637088775635,6.414637088775635,162600
20/05/2009,6.4418569712411955,6.577952629411424,6.310297935958413,6.355663299560547,6.355663299560547,202200
21/05/2009,6.292152050385885,6.4010284068670105,6.078935527799878,6.178739070892334,6.178739070892334,170400
22/05/2009,6.210493252092667,6.396490862505198,5.938302418506205,6.05171537399292,6.05171537399292,122200
26/05/2009,5.90654931371598,6.850145449656937,5.897476065949113,6.745805263519287,6.745805263519287,235800
27/05/2009,6.6686834538632,6.714048821069998,6.251323633050997,6.305761814117432,6.305761814117432,135300
28/05/2009,6.332983493804932,6.496298098194795,6.242253158032786,6.332983493804932,6.332983493804932,113600
29/05/2009,6.419175176585006,6.541661415656946,6.264933870820823,6.4055657386779785,6.4055657386779785,226100
01/06/2009,6.446394737790722,6.8047797893933195,6.351127803433765,6.6006364822387695,6.6006364822387695,184600
02/06/2009,6.500831973718955,6.741267369985905,6.48722253726812,6.591562271118164,6.591562271118164,158500
03/06/2009,6.655074663561736,6.655074663561736,6.496296295542494,6.596099853515625,6.596099853515625,142800
04/06/2009,6.623319541005874,6.8002435486050326,6.391956911306375,6.668684482574463,6.668684482574463,149000
05/06/2009,6.836534639693469,6.91819212784274,6.646000789102642,6.732194900512695,6.732194900512695,129000
08/06/2009,6.813853254082641,6.931802445390167,6.6460016332046505,6.804780006408691,6.804780006408691,128000
09/06/2009,6.827462859655204,6.850145546757633,6.655075043367513,6.668684482574463,6.668684482574463,113600
10/06/2009,6.727659295986273,6.759414798347913,6.4554679160296535,6.668684482574463,6.668684482574463,321100
11/06/2009,6.614244682671244,6.677756104567006,6.373809296253847,6.410101413726807,6.410101413726807,125200
12/06/2009,6.3738113886780585,6.636929543052738,6.364738140013127,6.62332010269165,6.62332010269165,85500
15/06/2009,6.577951536407006,6.577951536407006,6.369271677256926,6.437319278717041,6.437319278717041,152900
16/06/2009,6.4690771699711584,6.559807477078393,6.264933870820823,6.4055657386779785,6.4055657386779785,155600
17/06/2009,6.432781730805385,6.532584800853272,6.34205103783675,6.373806953430176,6.373806953430176,101900
18/06/2009,6.378347843021635,6.482687604069739,6.260398209338851,6.3919572830200195,6.3919572830200195,98600
19/06/2009,6.455468291436675,6.4872242282813,6.328445841967067,6.3919572830200195,6.3919572830200195,228000
22/06/2009,6.3511238763065565,6.410098649931435,6.169663367180761,6.21049165725708,6.21049165725708,133800
23/06/2009,6.246787035931707,6.2921519675501925,5.806744560151722,5.829427242279053,5.829427242279053,159600
24/06/2009,5.892938504409416,6.160593214036353,5.892938504409416,6.019961357116699,6.019961357116699,135000
25/06/2009,5.983670139761853,6.0653276443481445,5.852111067170767,6.0653276443481445,6.0653276443481445,95900
26/06/2009,6.0426447876114,6.242251919336982,5.9292317822425,6.201423168182373,6.201423168182373,435500
29/06/2009,6.205962142805364,6.274009798745981,6.033574257434499,6.2150349617004395,6.2150349617004395,144500
30/06/2009,6.233177163948482,6.355663387792953,6.17420236350146,6.251323223114014,6.251323223114014,102400
01/07/2009,6.287613390756144,6.496293222736359,6.287613390756144,6.31483268737793,6.31483268737793,143500
02/07/2009,6.305760708949996,6.342052823300282,5.965521812438965,5.965521812438965,5.965521812438965,158000
06/07/2009,6.242250098994959,6.591561828695304,6.010887531678796,6.5507330894470215,6.5507330894470215,308600
07/07/2009,6.600637649987348,6.623320339825472,6.419176563918678,6.450932502746582,6.450932502746582,208700
08/07/2009,6.509907323271175,6.532589580472975,6.296690731010926,6.450932502746582,6.450932502746582,202000
09/07/2009,6.55536144613198,6.712006537468567,6.251564672152906,6.318020343780518,6.318020343780518,199500
10/07/2009,6.303779035490535,6.607575784591981,6.075931813183593,6.322766304016113,6.322766304016113,121300
13/07/2009,6.43194232120723,6.517384788396549,6.208841615234668,6.460422992706299,6.460422992706299,118800
14/07/2009,6.246815805345919,6.4366888999938965,6.151879484367974,6.4366888999938965,6.4366888999938965,115600
15/07/2009,6.503146174307953,6.621816726586172,6.313273471739695,6.602829456329346,6.602829456329346,266800
16/07/2009,6.560109294048001,6.626564979553223,6.365489621909097,6.626564979553223,6.626564979553223,181500
17/07/2009,6.6265624545970185,6.655043581159026,6.455677053301424,6.555360317230225,6.555360317230225,111400
20/07/2009,6.560106603131323,6.7072582561420395,6.455676865063986,6.6977643966674805,6.6977643966674805,149000
21/07/2009,6.745232788656005,6.754726195438429,6.4983978746230955,6.6977643966674805,6.6977643966674805,150800
22/07/2009,6.674030394136211,6.882890314850593,6.6455492695109175,6.754725933074951,6.754725933074951,70100
23/07/2009,6.797446815176925,7.115483825081238,6.659789038702825,6.992066383361816,6.992066383361816,137100
24/07/2009,6.863904385591035,7.12023274635202,6.863904385591035,7.087005138397217,7.087005138397217,64100
27/07/2009,7.1202302817476495,7.1202302817476495,6.911370392667553,7.101243019104004,7.101243019104004,98400
28/07/2009,7.07751178842059,7.186688933813565,6.977828504667106,7.177195072174072,7.177195072174072,129000
29/07/2009,7.205675626009341,7.205675626009341,6.996815213627857,7.096498489379883,7.096498489379883,83700
30/07/2009,7.172448159024616,7.428776538923324,7.129727139618365,7.272131443023682,7.272131443023682,70200
31/07/2009,7.2578902081206875,7.443016413485497,7.129726260323654,7.262637138366699,7.262637138366699,100700
03/08/2009,7.400294287980452,7.514217887591677,7.333838628527831,7.405041217803955,7.405041217803955,63300
04/08/2009,7.357573478543912,7.618648304338498,7.357573478543912,7.566433429718018,7.566433429718018,100300
05/08/2009,7.585421654576173,7.689852322370869,7.367068268068142,7.6661176681518555,7.6661176681518555,319900
06/08/2009,7.68510222896736,7.946176980248114,7.590165461928481,7.6233930587768555,7.6233930587768555,124200
07/08/2009,7.110737142480028,8.496808813577566,7.105990665858616,8.117063522338867,8.117063522338867,132400
10/08/2009,8.045863184470885,8.17402668292893,7.818015053622863,8.036369323730469,8.036369323730469,124200
11/08/2009,7.9983949827024325,8.098077806773187,7.83700296768695,7.993648052215576,7.993648052215576,125700
12/08/2009,7.946181297302246,8.283206188545691,7.889219930439857,7.946181297302246,7.946181297302246,114700
13/08/2009,7.97466169024033,8.074345436695234,7.865484986577231,7.908206462860107,7.908206462860107,101000
14/08/2009,7.941431412109381,8.074342727661133,7.704090359228282,8.074342727661133,8.074342727661133,97600
17/08/2009,7.8702301652477455,7.969913889504026,7.704091228410191,7.879724025726318,7.879724025726318,100100
18/08/2009,7.950926730705685,8.064850348350262,7.874977652275968,7.96516752243042,7.96516752243042,68300
19/08/2009,7.870230035857204,7.960419898152144,7.837002430112845,7.9034576416015625,7.9034576416015625,53800
20/08/2009,7.931938576761754,8.325925644579318,7.884471084364614,8.254722595214844,8.254722595214844,76100
21/08/2009,8.368647465800633,8.862317428390682,8.368647465800633,8.596495628356934,8.596495628356934,158100
24/08/2009,8.601240820103197,8.662949100256464,8.359152818792374,8.449341773986816,8.449341773986816,89700
25/08/2009,8.482568721228986,8.776871088314197,8.43035340545599,8.591745376586914,8.591745376586914,46800
26/08/2009,8.591745782124347,8.947757340178802,8.54427739330691,8.715163230895996,8.715163230895996,88400
27/08/2009,8.691427194021104,8.829085409041463,8.544276027062566,8.810097694396973,8.810097694396973,77300
28/08/2009,8.909785677312332,8.93351942666631,8.439850378104458,8.62497615814209,8.62497615814209,80800
31/08/2009,8.515798750141052,8.634469297753,8.359153663508657,8.477824211120605,8.477824211120605,94100
01/09/2009,8.401873040637916,8.558518088258694,8.25946787573817,8.306936264038086,8.306936264038086,108700
02/09/2009,8.297444075472214,8.368646219562079,8.112318319761684,8.15503978729248,8.15503978729248,219600
03/09/2009,8.245229820644793,8.344912643324406,7.993647940658849,8.325925827026367,8.325925827026367,149700
04/09/2009,8.354405888721457,8.463582564199571,8.235735353101505,8.449341773986816,8.449341773986816,85400
08/09/2009,8.582253352975977,8.59174721339786,8.401874531882003,8.501557350158691,8.501557350158691,66900
09/09/2009,8.473074832719938,8.681935189685372,8.40187270579977,8.601239204406738,8.601239204406738,97200
10/09/2009,8.591747874370634,8.691430700316035,8.458836534392336,8.667696952819824,8.667696952819824,74800
11/09/2009,8.700921735803629,8.724655475592197,8.46832764541594,8.549023628234863,8.549023628234863,91900
14/09/2009,8.549026677960066,8.715165631899806,8.549026677960066,8.710418701171875,8.710418701171875,113800
15/09/2009,8.691430282434354,9.11389802955332,8.691430282434354,9.06168270111084,9.06168270111084,84000
16/09/2009,9.137630651458688,9.436679983500982,9.090162259205425,9.408199310302734,9.408199310302734,112900
17/09/2009,9.498389554190341,9.659781551233033,9.251554628668071,9.32275676727295,9.32275676727295,139900
18/09/2009,9.355985978108645,9.664530140683627,9.355985978108645,9.488897323608398,9.488897323608398,233400
21/09/2009,9.441426444190531,9.669274534609269,9.370224312040278,9.621806144714355,9.621806144714355,79400
22/09/2009,9.730982695905416,9.773704155781592,9.427186452683028,9.640792846679688,9.640792846679688,82200
23/09/2009,9.716743153897738,10.015793411391558,9.607566478158112,9.683515548706055,9.683515548706055,243700
24/09/2009,9.759463866027433,10.001551849233996,9.374971612880195,9.53636360168457,9.53636360168457,202100
25/09/2009,9.488898975036046,9.958834338768348,9.42719067501215,9.735733985900879,9.735733985900879,117900
28/09/2009,9.745221549396588,10.30534553527832,9.745221549396588,10.30534553527832,10.30534553527832,102600
29/09/2009,10.295858487235757,10.537946548818804,10.158200197059598,10.267376899719238,10.267376899719238,84000
30/09/2009,10.276866733852398,10.367056581532564,9.84015918901186,10.215158462524414,10.215158462524414,128400
01/10/2009,10.18193745382765,10.419278644775757,9.811684870010081,9.854406356811523,9.854406356811523,156900
02/10/2009,9.707251612259101,9.754719109223435,9.374973701201954,9.488897323608398,9.488897323608398,168000
05/10/2009,9.522121594787999,9.887626987712677,9.498387854627863,9.811677932739258,9.811677932739258,171200
06/10/2009,9.925603133800411,10.181931915174202,9.821173392528292,9.987312316894531,9.987312316894531,93800
07/10/2009,10.053767235958293,10.096488698294547,9.89712217585346,10.044273376464844,10.044273376464844,147200
08/10/2009,10.19104871490262,10.323146066232134,9.75561774181757,9.799650192260742,9.799650192260742,197200
09/10/2009,9.799650192260742,9.848574307715213,9.67244543911021,9.799650192260742,9.799650192260742,119800
12/10/2009,9.892607369441723,9.951317618049668,9.64798304438282,9.750725746154785,9.750725746154785,74800
13/10/2009,9.74094188477508,9.85346886577052,9.535457386224861,9.613737106323242,9.613737106323242,121100
14/10/2009,9.7164760893015,9.877928066623692,9.603948218369204,9.85346508026123,9.85346508026123,87500
15/10/2009,9.75561612322601,9.794755968996357,9.54034650490534,9.589271545410156,9.589271545410156,140400
16/10/2009,9.520777516373437,9.584380358338812,9.359325512167924,9.413143157958984,9.413143157958984,103800
19/10/2009,9.432714248664864,9.633306119250916,9.388681795788145,9.510993957519531,9.510993957519531,70600
20/10/2009,9.501206666702672,9.515884458816066,9.163624913434845,9.197872161865234,9.197872161865234,162400
21/10/2009,9.192980025088143,9.418033893585907,8.99727987297315,9.002172470092773,9.002172470092773,138000
22/10/2009,9.007065007902636,9.261474457442903,8.860290827950353,9.227227210998535,9.227227210998535,128000
23/10/2009,9.320185830882131,9.447390583968751,9.095131913768046,9.168519020080566,9.168519020080566,101400
26/10/2009,9.21744435019097,9.29572405707078,8.923894982807823,8.977712631225586,8.977712631225586,114400
27/10/2009,8.997282241141939,9.173412051137452,8.879862678867507,8.919002532958984,8.919002532958984,110100
28/10/2009,8.928785088075673,9.05109721256986,8.356364308116177,8.4297513961792,8.4297513961792,231200
29/10/2009,8.512923590414912,8.835827521097835,8.512923590414912,8.767333030700684,8.767333030700684,139100
30/10/2009,8.659702177253596,8.786906015333512,8.488464949298265,8.53249740600586,8.53249740600586,131600
02/11/2009,8.625451693479912,8.78201201638228,8.439537651461732,8.66948413848877,8.66948413848877,156300
03/11/2009,8.669482046941603,8.865182170064234,8.488460646170717,8.860289573669434,8.860289573669434,106600
04/11/2009,8.92878600529262,8.98260364421211,8.561849594116211,8.561849594116211,8.561849594116211,118700
05/11/2009,8.684163512535484,8.948358230696515,8.508033700428129,8.879862785339355,8.879862785339355,109500
06/11/2009,8.933679390477954,9.002173894656737,8.69884029057844,8.826045036315918,8.826045036315918,113300
09/11/2009,8.99238784610979,9.256582508318562,8.977710986987665,9.251689910888672,9.251689910888672,82300
10/11/2009,9.217442860297936,9.29572255452474,8.928786137898763,9.173410415649414,9.173410415649414,98700
11/11/2009,9.27615306691715,9.290830860950603,9.114701065219784,9.285938262939453,9.285938262939453,109600
12/11/2009,9.237013446955624,9.378895993323637,9.016852129954895,9.021744728088379,9.021744728088379,65400
13/11/2009,9.085347458627076,9.246799478953474,8.953250096586999,9.153841972351074,9.153841972351074,114000
16/11/2009,9.276156212830799,9.403361004757969,9.241908948305786,9.354436874389648,9.354436874389648,75800
17/11/2009,9.329970521141465,9.418035417206582,9.148949064267734,9.178303718566895,9.178303718566895,117500
18/11/2009,9.178305392351394,9.374004678646857,9.144058133895664,9.349542617797852,9.349542617797852,67400
19/11/2009,9.285937095653088,9.320184344258449,9.085345268249512,9.085345268249512,9.085345268249512,61000
20/11/2009,9.051101954336598,9.23701607037232,9.026639889889353,9.119596481323242,9.119596481323242,81700
23/11/2009,9.305508863783494,9.3593255767784,9.158733719658546,9.207658767700195,9.207658767700195,79300
24/11/2009,9.237012628530568,9.29572286776281,9.134270876333634,9.148948669433594,9.148948669433594,108600
25/11/2009,9.183199090064525,9.237015817005892,9.060886904847367,9.124488830566406,9.124488830566406,80800
27/11/2009,9.011956022315774,9.051095858973833,8.796686454112791,8.884751319885254,8.884751319885254,276900
30/11/2009,8.801579077822392,9.349537725913443,8.757546644798678,9.295720100402832,9.295720100402832,190000
01/12/2009,9.359323697388234,9.359323697388234,8.972817855123267,9.188087463378906,9.188087463378906,194700
02/12/2009,9.173412144727536,9.418036468586937,9.144057487151375,9.325078964233398,9.325078964233398,82400
03/12/2009,9.393572955427352,9.58927219758884,9.124485680933661,9.148948669433594,9.148948669433594,108800
04/12/2009,9.359326038374435,9.589273495560745,9.261476870632952,9.569703102111816,9.569703102111816,105200
07/12/2009,9.579487151188177,9.594164944516436,9.334862861389533,9.462067604064941,9.462067604064941,60600
08/12/2009,9.339759826660156,9.510997096227362,9.251694891844563,9.339759826660156,9.339759826660156,62500
09/12/2009,9.38868110137343,9.476746000613325,9.192981843711259,9.320185661315918,9.320185661315918,88000
10/12/2009,9.344648525971444,9.393573573020356,9.026637119904994,9.192981719970703,9.192981719970703,218000
11/12/2009,9.281047212051362,9.3642195257702,9.051100666201782,9.329972267150879,9.329972267150879,135600
14/12/2009,9.354435658554573,9.530564557957854,9.276155007170187,9.52567195892334,9.52567195892334,67000
15/12/2009,9.52077741136026,9.525670009393453,9.334863351937242,9.359325408935547,9.359325408935547,73200
16/12/2009,9.486530262931005,9.49631545910532,9.197873507962411,9.413143157958984,9.413143157958984,83100
17/12/2009,9.305512640104052,9.418039643047665,9.104920701580896,9.393577575683594,9.393577575683594,130900
18/12/2009,9.462070554958121,9.540350277453022,9.295725911364483,9.515888214111328,9.515888214111328,181700
21/12/2009,9.530562649566246,9.71647764297895,9.481637602185659,9.618627548217773,9.618627548217773,220300
22/12/2009,9.618629176843188,9.755619146070432,9.53056426328052,9.550134658813477,9.550134658813477,112700
23/12/2009,9.652874140425453,9.72626123988711,9.452282299752042,9.687121391296387,9.687121391296387,110000
24/12/2009,9.706696720292276,9.799654257923661,9.701804120083459,9.794761657714844,9.794761657714844,15100
28/12/2009,9.789867651385975,9.931749304390905,9.765404653855512,9.784975051879883,9.784975051879883,64300
29/12/2009,9.843678666714668,9.912173147219267,9.736043416587657,9.858355522155762,9.858355522155762,84100
30/12/2009,9.76050849358157,9.951315120628252,9.745830701821244,9.873035430908203,9.873035430908203,115600
31/12/2009,9.882827736100417,9.892612004479563,9.643094964031812,9.662665367126465,9.662665367126465,113200
04/01/2010,9.858363594093323,9.951321131724708,9.701804120083459,9.794761657714844,9.794761657714844,99500
05/01/2010,9.804542938111206,9.848574456049874,9.696907642887773,9.74094009399414,9.74094009399414,70000
06/01/2010,9.780083835072727,10.063848114368849,9.760514367449582,10.034493446350098,10.034493446350098,200800
07/01/2010,10.058952396127374,10.17637196497309,10.00513567696962,10.039382934570312,10.039382934570312,243000
08/01/2010,10.034489133948817,10.112768837136214,9.970886291879266,10.04427433013916,10.04427433013916,161700
11/01/2010,10.122554033326555,10.156801286825083,9.946424234571081,10.04427433013916,10.04427433013916,197400
12/01/2010,9.970887762962958,10.04427581205037,9.79475887138947,9.848575592041016,9.848575592041016,287400
13/01/2010,9.782918722465432,9.949586884167168,9.616250560763694,9.939485549926758,9.939485549926758,173100
14/01/2010,9.894029647311825,9.984939720924004,9.8182715737404,9.87382698059082,9.87382698059082,66600
15/01/2010,9.858675070997245,9.934433137861191,9.692006938570131,9.803118705749512,9.803118705749512,96200
19/01/2010,9.798068722611076,10.096051307924402,9.798068722611076,10.020293235778809,10.020293235778809,84100
20/01/2010,9.959688506089282,9.98494184486228,9.681908522800937,9.737464904785156,9.737464904785156,93600
21/01/2010,9.7930166459601,9.914229736603183,9.59604549407959,9.59604549407959,9.59604549407959,107400
22/01/2010,9.596046664486938,9.596046664486938,9.353620453632612,9.41927719116211,9.41927719116211,142200
25/01/2010,9.550594609827066,9.550594609827066,9.298066987222825,9.363724708557129,9.363724708557129,88200
26/01/2010,9.3132164175037,9.388974490684625,9.136446937870765,9.1465482711792,9.1465482711792,94400
27/01/2010,9.121296774540765,9.227358869003286,8.91422421660328,9.197054862976074,9.197054862976074,116700
28/01/2010,9.217254751764271,9.227356084057952,8.964727224318676,9.121294021606445,9.121294021606445,88600
29/01/2010,9.237458344322775,9.287963084232615,9.045536864727188,9.1465482711792,9.1465482711792,103600
01/02/2010,9.197051070681828,9.267759425606549,9.080888652091447,9.171798706054688,9.171798706054688,111600
02/02/2010,9.217256370734987,9.434430236614409,9.065740212980906,9.348570823669434,9.348570823669434,129200
03/02/2010,9.343521233865276,9.383925611479068,9.13139801056379,9.262712478637695,9.262712478637695,73800
04/02/2010,9.202101876439567,9.232405870432888,9.015232063393972,9.040484428405762,9.040484428405762,96500
05/02/2010,9.005131590177328,9.156647721318258,8.843514126742717,9.121294021606445,9.121294021606445,112800
08/02/2010,9.101090597014053,9.101090597014053,8.888967475593313,8.92937183380127,8.92937183380127,101000
09/02/2010,9.025338338679253,9.101096438529831,8.78796173894654,8.92432689666748,8.92432689666748,92200
10/02/2010,8.92432487080037,9.055639330280023,8.646544913300216,9.010184288024902,9.010184288024902,94900
11/02/2010,8.954629548971884,9.2172585159652,8.868770116043933,9.176854133605957,9.176854133605957,91600
12/02/2010,9.065736693471418,9.242505154453868,9.050584698251837,9.156645774841309,9.156645774841309,50200
16/02/2010,9.29806121443864,9.57584104151465,9.277859518097248,9.469779968261719,9.469779968261719,111900
17/02/2010,9.525336319003253,9.702104774424805,9.439476942091714,9.469779968261719,9.469779968261719,63900
18/02/2010,9.50513719483539,9.727361717143362,9.42937911957382,9.702108383178711,9.702108383178711,44400
19/02/2010,9.707158140802502,9.813220206887918,9.626349406316521,9.65665340423584,9.65665340423584,72000
22/02/2010,9.72736351912797,9.782919900825775,9.681908472887285,9.772818565368652,9.772818565368652,74300
23/02/2010,9.772818736100925,9.772818736100925,9.66170597076416,9.66170597076416,9.66170597076416,97300
24/02/2010,9.66170585178254,9.767767947996377,9.500088336900856,9.737464904785156,9.737464904785156,128400
25/02/2010,9.616249827388465,9.873827087661208,9.575844493508306,9.782917976379395,9.782917976379395,105900
26/02/2010,9.80312070699651,9.878878789326004,9.712210622874604,9.732413291931152,9.732413291931152,110900
01/03/2010,9.86372760161221,9.969788722605546,9.787968557112665,9.843524932861328,9.843524932861328,101700
02/03/2010,9.894033282875471,10.060701491301327,9.863730234975277,9.984943389892578,9.984943389892578,118900
03/03/2010,9.98494338989258,10.141510261246196,9.853628897903038,9.984943389892578,9.984943389892578,170000
04/03/2010,10.045547452015775,10.186963252448546,9.93443565666481,10.065750122070312,10.065750122070312,104300
05/03/2010,10.146560318853568,10.404138618787632,10.05059954907818,10.36878490447998,10.36878490447998,141900
08/03/2010,10.34858028095093,10.469793405722509,10.318277240587108,10.404136657714844,10.404136657714844,128200
09/03/2010,10.3839309369247,10.722317838709172,10.3839309369247,10.59100341796875,10.59100341796875,131900
10/03/2010,10.626361733842545,10.772827239035955,10.555653351696035,10.712220191955566,10.712220191955566,117800
11/03/2010,10.661712191069178,11.17181789651249,10.207161884910555,11.070806503295898,11.070806503295898,252100
12/03/2010,11.146563539368575,11.181917234741645,11.025350456668356,11.131412506103516,11.131412506103516,141200
15/03/2010,11.116263264489524,11.318285119057393,11.025353189104937,11.212224006652832,11.212224006652832,146200
16/03/2010,11.298083940853035,11.565762549364473,11.252628901046142,11.540510177612305,11.540510177612305,210700
17/03/2010,11.596066933176779,11.954656626211634,11.540511516214798,11.939504623413086,11.939504623413086,250900
18/03/2010,11.959703305966352,12.18192778966476,11.782933852190709,12.085967063903809,12.085967063903809,247800
19/03/2010,12.035465240478516,12.166779706581844,11.9344538163017,12.035465240478516,12.035465240478516,177800
22/03/2010,11.894049058908736,12.308195114135744,11.697077847711281,12.308195114135742,12.308195114135742,170800
23/03/2010,12.343547860072276,12.343547860072276,12.15162636790117,12.318294525146484,12.318294525146484,241100
24/03/2010,12.287990605085517,12.419305047331244,12.227383568927426,12.25768756866455,12.25768756866455,226800
25/03/2010,12.323348063313546,12.585977027833591,12.267792640165558,12.313246726989746,12.313246726989746,248200
26/03/2010,12.409204459792198,12.626378321044761,12.313243714823717,12.424356460571289,12.424356460571289,389700
29/03/2010,12.399102949965563,12.631428808699942,12.399102949965563,12.565771102905273,12.565771102905273,206400
30/03/2010,12.57082348921385,12.81325071481711,12.57082348921385,12.697087287902832,12.697087287902832,199300
31/03/2010,12.68193334776189,12.858701854839993,12.65668001581065,12.727388381958008,12.727388381958008,322400
01/04/2010,12.803146350434025,12.85365205062297,12.641528880482289,12.818297386169434,12.818297386169434,169600
05/04/2010,12.878905795113473,13.267798475808869,12.878905795113473,13.227394104003906,13.227394104003906,254500
06/04/2010,13.136483701901936,13.505173705923347,13.136483701901936,13.490021705627441,13.490021705627441,151000
07/04/2010,13.510224423961716,13.520325757530657,13.394061977867462,13.449617385864258,13.449617385864258,217900
08/04/2010,13.434464274815802,13.71224416186472,13.39405991009385,13.596081733703613,13.596081733703613,226400
09/04/2010,13.585740004144252,13.849490685183735,13.482308016379559,13.761573791503906,13.761573791503906,234800
12/04/2010,13.761572915948213,13.896034096927243,13.73054272975272,13.766744613647461,13.766744613647461,240400
13/04/2010,13.766743595252514,14.139096924449275,13.72537100311954,14.0615234375,14.0615234375,159000
14/04/2010,14.11324160635054,14.376991305477008,14.097726512001696,14.320104598999023,14.320104598999023,148500
15/04/2010,14.304587785077482,14.304587785077482,14.025323025172943,14.03049373626709,14.03049373626709,140300
16/04/2010,14.030492483262023,14.040835877327469,13.678825962640044,13.71502685546875,13.71502685546875,218400
19/04/2010,13.684001916129981,14.12875816734352,13.508169081650971,14.11324405670166,14.11324405670166,164200
20/04/2010,14.195991917148667,14.340795570964097,14.113246690282448,14.28390884399414,14.28390884399414,79600
21/04/2010,14.371815496485132,14.542477528191208,14.335613622510941,14.53730583190918,14.53730583190918,83700
22/04/2010,14.413198651897874,14.780380479634465,14.330452437094307,14.609718322753906,14.609718322753906,93500
23/04/2010,14.666604299163579,14.775207028672083,14.402853544984733,14.74417781829834,14.74417781829834,126700
26/04/2010,14.697626179091877,15.147553943913197,14.697626179091877,15.059637069702148,15.059637069702148,193900
27/04/2010,15.132043234183415,15.457852340938292,14.775203937146658,14.790719032287598,14.790719032287598,236600
28/04/2010,14.935525017105627,15.101016432398302,14.873466599471543,14.940696716308594,14.940696716308594,125800
29/04/2010,14.992413561053716,15.431998153901612,14.992413561053716,15.302708625793457,15.302708625793457,175300
30/04/2010,15.318219195296184,15.400964389908948,14.899320537868467,14.956208229064941,14.956208229064941,139800
03/05/2010,14.96655392975557,15.592314683678257,14.96655392975557,15.530256271362305,15.530256271362305,164300
04/05/2010,15.344079938179254,15.390624243275507,15.116530111753201,15.219962120056152,15.219962120056152,330200
05/05/2010,15.10618727330548,15.111358972552305,13.875351458183466,14.764863014221191,14.764863014221191,284300
06/05/2010,14.609709188172138,15.199268818524612,13.709854652118246,14.75451374053955,14.75451374053955,252600
07/05/2010,14.873464233571395,15.380278838034807,14.614885232959377,14.790719032287598,14.790719032287598,261100
10/05/2010,15.364760650921545,15.602653796539798,15.15272599200115,15.561281204223633,15.561281204223633,443300
11/05/2010,15.250984901975864,15.88191712485817,15.250984901975864,15.711255073547363,15.711255073547363,244300
12/05/2010,15.742286385633042,16.07843881552565,15.742286385633042,16.02155113220215,16.02155113220215,211400
13/05/2010,15.928466921396351,16.27496284077741,15.928466921396351,16.119815826416016,16.119815826416016,147500
14/05/2010,15.907787342418848,16.03707690048168,15.669894042654693,15.845727920532227,15.845727920532227,264700
17/05/2010,15.897436273339427,16.16118696294272,15.58714128637081,16.02672576904297,16.02672576904297,278200
18/05/2010,16.305998513424708,16.305998513424708,15.581976239316646,15.726780891418457,15.726780891418457,190300
19/05/2010,15.63368410923399,15.788832081285689,15.240643960997017,15.571625709533691,15.571625709533691,276300
20/05/2010,15.369939423206754,15.369939423206754,14.635574831758737,14.914840698242188,14.914840698242188,372100
21/05/2010,14.733832417569053,15.571628875039833,14.49594019302344,15.530256271362305,15.530256271362305,301200
24/05/2010,15.463022933294287,15.530254021028911,15.059640352488689,15.085497856140137,15.085497856140137,276500
25/05/2010,14.764860071809847,15.111355961089616,14.335618983872275,15.002753257751465,15.002753257751465,182700
26/05/2010,15.163076684649091,15.437170857165102,14.847609899904333,14.873468399047852,14.873468399047852,290600
27/05/2010,15.194104476414202,15.540600441329337,14.925183015274722,15.457855224609375,15.457855224609375,237200
28/05/2010,15.426821568766444,15.566454451638002,15.17858599015068,15.297532081604004,15.297532081604004,166600
01/06/2010,15.225131672692378,15.349249473317514,14.76486038567349,14.780375480651855,14.780375480651855,192000
02/06/2010,14.80622947992723,14.842431359637871,14.547650543253402,14.801058769226074,14.801058769226074,304600
03/06/2010,14.930348373441193,15.204441417513687,14.816573008973029,14.987235069274902,14.987235069274902,162900
04/06/2010,14.671776707779891,14.89932557672023,13.823636696563007,13.865009307861328,13.865009307861328,273300
07/06/2010,13.859834974568098,14.175301692274832,13.57539844923954,13.637457847595215,13.637457847595215,176200
08/06/2010,13.606426106011885,13.802946689762125,13.28578871248337,13.72020149230957,13.72020149230957,213400
09/06/2010,13.813287527488566,14.283902140737903,13.632283045162414,13.740885734558105,13.740885734558105,166600
10/06/2010,13.932234446436933,14.366647172082658,13.84431756180862,14.330445289611816,14.330445289611816,109200
11/06/2010,14.082205815529822,14.480417534463609,14.082205815529822,14.439044952392578,14.439044952392578,162300
14/06/2010,14.583862222686543,15.059647825329678,14.56317542037983,14.826926231384277,14.826926231384277,100500
15/06/2010,14.966549267080929,15.023435962914638,14.780372115333293,14.987235069274902,14.987235069274902,148500
16/06/2010,14.904497298801866,14.945869910162282,14.6097173195588,14.914840698242188,14.914840698242188,205600
17/06/2010,14.971724876179644,15.00275408077839,14.656258172490412,14.811405181884766,14.811405181884766,105800
18/06/2010,14.894145609664921,14.93034748755701,14.733826953172642,14.75451374053955,14.75451374053955,152700
21/06/2010,15.002752753998438,15.111355453689995,14.635570084182959,14.728658676147461,14.728658676147461,109100
22/06/2010,14.728657985540638,14.85277577354008,14.283902825142764,14.325275421142578,14.325275421142578,115500
23/06/2010,14.32527820193259,14.526969523283475,14.071869892542136,14.258047103881836,14.258047103881836,77700
24/06/2010,14.195987367454293,14.361477768148454,13.92189327480422,13.932236671447754,13.932236671447754,134400
25/06/2010,13.932237970438047,14.361479107159601,13.844321063572153,14.258047103881836,14.258047103881836,318100
28/06/2010,14.289075885755864,14.48042479021427,14.102899666348414,14.170129776000977,14.170129776000977,100800
29/06/2010,13.952919815226265,13.999464104837948,13.399561023621132,13.585738182067871,13.585738182067871,228900
30/06/2010,13.570228243289908,13.870179897803451,13.399566112039112,13.425423622131348,13.425423622131348,101100
01/07/2010,13.425419088674616,13.989121298662925,13.306473004174446,13.740885734558105,13.740885734558105,170100
02/07/2010,13.782264773778401,13.844324187026585,13.35819524018536,13.477141380310059,13.477141380310059,97100
06/07/2010,13.771915606007552,14.025323866439976,13.239243555320224,13.301301956176758,13.301301956176758,226300
07/07/2010,13.368533941032487,13.973608815312119,13.347847148420948,13.963265419006348,13.963265419006348,159300
08/07/2010,14.159781352172988,14.371816975962862,13.978776895669926,14.27355670928955,14.27355670928955,166800
09/07/2010,14.167714028964687,14.395286731688762,13.940141326240612,14.294731140136719,14.294731140136719,125400
12/07/2010,14.289433488158728,14.34235751778103,14.040691861208384,14.135953903198242,14.135953903198242,132200
13/07/2010,14.225927420043913,14.527594149024141,14.146541863761586,14.49583911895752,14.49583911895752,153500
14/07/2010,14.464088161257331,14.62815181357531,14.188883899055195,14.601690292358398,14.601690292358398,119600
15/07/2010,14.64932403158251,14.739294630410797,14.416458774125338,14.644031524658203,14.644031524658203,168700
16/07/2010,14.511717917033213,14.691659065551642,13.876631391739679,13.987771987915039,13.987771987915039,230400
19/07/2010,14.083033326941749,14.252389443569102,13.760197598719556,13.977185249328613,13.977185249328613,124300
20/07/2010,13.744320826574016,14.47467038077817,13.728444320684014,14.44820785522461,14.44820785522461,153300
21/07/2010,14.527596817592732,14.638736414914757,14.183590994775493,14.236515045166016,14.236515045166016,140400
22/07/2010,14.405867017639691,14.79221176674649,14.405867017639691,14.718117713928223,14.718117713928223,165300
23/07/2010,14.696953472654162,14.977449233240726,14.416456702625261,14.898063659667969,14.898063659667969,92100
26/07/2010,14.908644140993912,15.321450411332364,14.702241510545702,15.31086540222168,15.31086540222168,166400
27/07/2010,15.395546547711316,15.808352900942957,15.310868476706194,15.723673820495605,15.723673820495605,220900
28/07/2010,15.718377461924684,15.86127103164108,15.6072368972098,15.633699417114258,15.633699417114258,183400
29/07/2010,15.829523254110708,15.829523254110708,15.480225929282287,15.549026489257812,15.549026489257812,174100
30/07/2010,15.363791371148453,15.681333608880625,15.26852829605194,15.400837898254395,15.400837898254395,119100
02/08/2010,15.538439018594666,15.803058206189577,15.538439018594666,15.771303176879883,15.771303176879883,165500
03/08/2010,15.734253189996304,15.824223734359332,15.570189612431438,15.68662166595459,15.68662166595459,90300
04/08/2010,15.744843762044724,15.824229327023732,15.469639527971422,15.543733596801758,15.543733596801758,196900
05/08/2010,15.42201081560335,15.670753576785605,15.236778133160069,15.24736213684082,15.24736213684082,149100
06/08/2010,15.046249136597119,15.480224499517274,14.908647019912786,15.427300453186035,15.427300453186035,146300
09/08/2010,15.554314226013485,15.554314226013485,15.242063529949156,15.485513687133789,15.485513687133789,89000
10/08/2010,15.279112670306048,15.40612976199864,14.966861941354303,15.199726104736328,15.199726104736328,142500
11/08/2010,14.908647067641578,15.072710703295654,14.733998420798924,14.876893043518066,14.876893043518066,187600
12/08/2010,14.659906936193886,15.083297334797226,14.601690377845053,14.808093070983887,14.808093070983887,132500
13/08/2010,14.792211126380131,14.818672638028396,14.522299467911578,14.543468475341797,14.543468475341797,122100
16/08/2010,14.5117213040472,14.929819240052481,14.5064287973329,14.829264640808105,14.829264640808105,94300
17/08/2010,14.9086440536181,15.485513924023163,14.818673495588632,15.347911834716797,15.347911834716797,136600
18/08/2010,15.337328004630681,15.766011819075176,15.242064934754127,15.517269134521484,15.517269134521484,121100
19/08/2010,15.384961727316792,15.51197883540005,14.71282864711426,14.802799224853516,14.802799224853516,142300
20/08/2010,14.802801417235251,14.940403557065693,14.665199277404811,14.755169868469238,14.755169868469238,94900
23/08/2010,14.813387219026968,14.940404352686244,14.538182924710648,14.585814476013184,14.585814476013184,66700
24/08/2010,14.427040395555261,14.898062297193896,14.183590181495104,14.712828636169434,14.712828636169434,133300
25/08/2010,14.622854778003887,15.078000069937971,14.511715211987621,15.01449203491211,15.01449203491211,81700
26/08/2010,15.120340249962299,15.300281378666593,14.749873992203295,14.760457992553711,14.760457992553711,59400
27/08/2010,14.86630674404772,15.257943039106772,14.543470996867875,15.205018997192383,15.205018997192383,78400
30/08/2010,15.167969236330954,15.257939785567832,14.956274123256517,14.982735633850098,14.982735633850098,85200
31/08/2010,14.972154836767047,15.231481531915186,14.887475763988459,15.141510963439941,15.141510963439941,100100
01/09/2010,15.33732656652495,15.70250129699707,15.146801454078545,15.70250129699707,15.70250129699707,117300
02/09/2010,15.734254904995884,15.877149492696226,15.543729797504076,15.850687980651855,15.850687980651855,167300
03/09/2010,15.887741091673368,15.951249150700377,15.559612755225826,15.797770500183105,15.797770500183105,174000
07/09/2010,15.755426770438175,15.877151355228827,15.623117175811268,15.670748710632324,15.670748710632324,79300
08/09/2010,15.670747014923663,15.972412696519472,15.612530476565878,15.813640594482422,15.813640594482422,72500
09/09/2010,15.988289289644579,16.009459307144862,15.517267504125225,15.713086128234863,15.713086128234863,68400
10/09/2010,15.728969950919652,15.977712725082947,15.623122842491464,15.824233055114746,15.824233055114746,51500
13/09/2010,15.951246962644431,16.120603109408822,15.818937346804468,16.025341033935547,16.025341033935547,112000
14/09/2010,16.025340232605963,16.141772325323856,15.940662163458,15.988292694091797,15.988292694091797,64900
15/09/2010,15.94066296055335,16.062387564859975,15.744844284955612,16.025341033935547,16.025341033935547,67400
16/09/2010,16.009461884775043,16.04650841192328,15.824228239591694,15.977707862854004,15.977707862854004,51600
17/09/2010,16.025343379334583,16.21057606106657,15.89832625067162,16.12060546875,16.12060546875,154700
20/09/2010,16.242334845565864,16.52812319859567,16.088855148806374,16.480491638183594,16.480491638183594,147300
21/09/2010,16.46989722900524,16.46989722900524,16.136476516723633,16.136476516723633,16.136476516723633,58600
22/09/2010,16.110030009153643,16.30055529847303,15.83482557970649,15.861287117004395,15.861287117004395,64700
23/09/2010,15.755427413966984,16.035923119989903,15.459053183099028,15.538439750671387,15.538439750671387,96800
24/09/2010,15.824225830566476,16.50694375930823,15.74484028312818,16.379926681518555,16.379926681518555,115700
27/09/2010,16.33759180807324,16.37463833899767,15.96712447994444,16.025341033935547,16.025341033935547,90200
28/09/2010,16.025337574552314,16.284664244484826,15.744840886123088,16.247617721557617,16.247617721557617,68800
29/09/2010,16.258208689210775,16.258208689210775,15.855987250369878,15.993589401245117,15.993589401245117,118600
30/09/2010,16.136477143333945,16.295249253733182,15.898320491898147,16.247617721557617,16.247617721557617,92200
01/10/2010,16.252912665582077,16.448731340460938,16.13648056746956,16.422269821166992,16.422269821166992,103200
04/10/2010,16.443438471129525,16.639257141678602,16.337591386851898,16.5969181060791,16.5969181060791,128800
05/10/2010,16.686886007322897,16.776856569726174,16.43814332979744,16.739809036254883,16.739809036254883,208500
06/10/2010,16.78215238429099,16.898585500568743,16.72922934173819,16.88800048828125,16.88800048828125,129800
07/10/2010,17.044569579013373,17.260528444883615,16.726029865689856,16.99057960510254,16.99057960510254,131000
08/10/2010,16.96358983887549,17.255134131233863,16.844812687140355,17.20114517211914,17.20114517211914,82200
11/10/2010,17.222731792490528,17.276721753926118,17.08775740378798,17.17414093017578,17.17414093017578,35400
12/10/2010,17.168747443738564,17.303721876565984,17.012177637140823,17.28212547302246,17.28212547302246,73800
13/10/2010,17.325317752315843,17.746437310853675,17.16874692071463,17.681650161743164,17.681650161743164,148400
14/10/2010,17.638452104999768,17.68164489791249,17.41169612084513,17.64385223388672,17.64385223388672,74000
15/10/2010,17.71403973258481,17.811221458409324,17.58446341163687,17.670846939086914,17.670846939086914,90900
18/10/2010,17.660052211397726,17.892208373209606,17.58446686746756,17.886810302734375,17.886810302734375,85500
19/10/2010,17.670841271671797,18.016375270651857,17.368497992791703,17.487276077270508,17.487276077270508,138300
20/10/2010,17.55747871175617,18.167563872224193,17.55747871175617,18.086578369140625,18.086578369140625,89700
21/10/2010,18.129762504034485,18.25933677545675,17.70324290321555,17.951595306396484,17.951595306396484,88300
22/10/2010,17.919199722341286,17.946196248651887,17.654651064682078,17.876008987426758,17.876008987426758,116600
25/10/2010,17.951594160650195,17.951594160650195,17.676247306792245,17.69784164428711,17.69784164428711,98100
26/10/2010,17.643851616424858,17.865209523491657,17.49807903476443,17.80582046508789,17.80582046508789,150200
27/10/2010,17.735639341129897,17.811226752217117,17.55207403329652,17.70864486694336,17.70864486694336,98200
28/10/2010,17.876001594043778,17.919192311094946,17.30370966141498,17.627649307250977,17.627649307250977,97400
29/10/2010,17.54667666879257,17.838221944657505,17.54667666879257,17.60606575012207,17.60606575012207,109500
01/11/2010,17.670845026896224,18.32952063964254,17.633052366448045,18.00558090209961,18.00558090209961,143900
02/11/2010,18.24853774478336,18.572477527671072,18.04337608824239,18.540082931518555,18.540082931518555,132800
03/11/2010,18.55087726725351,18.55087726725351,17.967787015204195,18.237735748291016,18.237735748291016,183400
04/11/2010,18.432101695244892,18.71824673253267,18.405107230140594,18.712848663330078,18.712848663330078,139900
05/11/2010,18.783041732638736,18.95580883422373,18.69665818184624,18.92341423034668,18.92341423034668,152500
08/11/2010,18.907209849092986,18.923406114311966,18.631860983097827,18.869417190551758,18.869417190551758,92200
09/11/2010,18.896418778735196,18.901816849328792,18.189152077294473,18.334924697875977,18.334924697875977,178400
10/11/2010,18.388915210539047,18.73984745704614,18.388915210539047,18.73444938659668,18.73444938659668,75000
11/11/2010,18.54549033728412,18.718257484647097,18.421314078838662,18.572486877441406,18.572486877441406,49300
12/11/2010,18.356520591044188,18.507691278033313,18.205349904055062,18.31332778930664,18.31332778930664,70000
15/11/2010,18.361917769278506,18.761442927753222,18.34572149918698,18.35651969909668,18.35651969909668,66800
16/11/2010,18.259343189806824,18.259343189806824,17.46569277524573,17.55207633972168,17.55207633972168,226500
17/11/2010,17.595260732229022,17.843613103815013,17.341508231952318,17.714038848876953,17.714038848876953,100600
18/11/2010,17.973193340437298,18.102767623651264,17.881409668576815,17.956995010375977,17.956995010375977,81700
19/11/2010,17.795024000867514,17.956992865309907,17.773427603062967,17.92999839782715,17.92999839782715,96600
22/11/2010,17.897608504534023,18.237742552244523,17.822021101052197,17.978591918945312,17.978591918945312,75000
23/11/2010,17.816621734658515,17.886809003013383,17.72484012642569,17.757232666015625,17.757232666015625,114400
24/11/2010,17.91920219683411,18.23774189155641,17.91920219683411,18.140560150146484,18.140560150146484,72400
26/11/2010,17.98399336188106,18.324127434422905,17.98399336188106,18.259340286254883,18.259340286254883,36000
29/11/2010,18.162160628784214,18.2863368685712,17.903009946679216,18.226947784423828,18.226947784423828,95200
30/11/2010,18.04338263183938,18.11897005027438,17.77343374463977,17.8922119140625,17.8922119140625,127300
01/12/2010,18.167558834756896,18.19995137937106,17.935402653805866,17.983993530273438,17.983993530273438,156800
02/12/2010,17.90839148631491,18.475285268368506,17.90839148631491,18.464487075805664,18.464487075805664,81000
03/12/2010,18.367317899006377,18.44830130901006,18.20534901945297,18.35651969909668,18.35651969909668,55300
06/12/2010,18.34572383699435,18.36192010914978,18.09197125564566,18.259340286254883,18.259340286254883,49100
07/12/2010,18.40511158671569,18.621071477760132,18.324126112687487,18.39971351623535,18.39971351623535,117600
08/12/2010,18.486092463041583,18.486092463041583,18.005581927953468,18.04877471923828,18.04877471923828,98600
09/12/2010,18.221548759641806,18.394315872006544,18.048781647277064,18.059579849243164,18.059579849243164,70000
10/12/2010,18.091969408529664,18.42670743557273,18.043378537478,18.318727493286133,18.318727493286133,64400
13/12/2010,18.42670860829915,18.437506809169648,18.25394151346366,18.361919403076172,18.361919403076172,55600
14/12/2010,18.36731091953065,18.378109115337093,18.183745709911594,18.25393295288086,18.25393295288086,81300
15/12/2010,18.183754359552562,18.37811785743281,17.908405384373463,17.935401916503906,17.935401916503906,121000
16/12/2010,18.000185251149343,18.113563247723413,17.843614459949453,18.027179718017578,18.027179718017578,86600
17/12/2010,17.97858719180724,18.22154149025307,17.832814612739742,18.05417251586914,18.05417251586914,214900
20/12/2010,18.14056027958133,18.378116564521065,18.14056027958133,18.318727493286133,18.318727493286133,82600
21/12/2010,18.378118046908426,18.46450159579622,18.29173449802063,18.415910720825195,18.415910720825195,95100
22/12/2010,18.437492624170886,18.491481527440445,18.383501661356682,18.464487075805664,18.464487075805664,47100
23/12/2010,18.475301922735238,18.475301922735238,18.25394392451777,18.291736602783203,18.291736602783203,72100
27/12/2010,18.286329674217434,18.286329674217434,18.113562620785494,18.18914794921875,18.18914794921875,160800
28/12/2010,18.25393783948838,18.264736038185518,17.832816328483162,18.1783504486084,18.1783504486084,196700
29/12/2010,18.199949770374836,18.226944241682258,18.059577283848554,18.129764556884766,18.129764556884766,121200
30/12/2010,18.048775894476808,18.14055749261488,18.048775894476808,18.09196662902832,18.09196662902832,110400
31/12/2010,18.070377081821754,18.11356782782275,17.97859339980686,17.983993530273438,17.983993530273438,73100
03/01/2011,18.2107442348269,18.39970961430442,18.064971648217064,18.372713088989258,18.372713088989258,196700
04/01/2011,18.41590890459962,18.41590890459962,18.032582072936368,18.081172943115234,18.081172943115234,172600
05/01/2011,18.108163617818576,18.199945209171073,18.102763489182767,18.172950744628906,18.172950744628906,139800
06/01/2011,18.21074839884714,18.21074839884714,18.064975778905332,18.124364852905273,18.124364852905273,132600
07/01/2011,18.226936433592115,18.324118136304865,18.048771351648917,18.25393295288086,18.25393295288086,241800
10/01/2011,18.24293369652113,18.24293369652113,18.017372777753316,18.110897064208984,18.110897064208984,196100
11/01/2011,18.165915418530005,18.275945609106376,18.028378204972373,18.127405166625977,18.127405166625977,99300
12/01/2011,18.292449135246482,18.319956157824866,18.022875277215228,18.11640167236328,18.11640167236328,114800
13/01/2011,18.154920485392424,18.16592371934306,17.83033242913174,17.929359436035156,17.929359436035156,101300
14/01/2011,17.879841626135022,18.10540262116481,17.879841626135022,18.055889129638672,18.055889129638672,77100
18/01/2011,18.011872100420284,18.099895821859768,17.934849507841054,18.039379119873047,18.039379119873047,101600
19/01/2011,17.99536968130717,18.07789285423604,17.522242349630513,17.54974937438965,17.54974937438965,110700
20/01/2011,17.53324784166657,17.73680341885744,17.53324784166657,17.676286697387695,17.676286697387695,89400
21/01/2011,17.72579242884138,17.78080646137756,17.604759038880815,17.74229621887207,17.74229621887207,78500
24/01/2011,17.731301546782145,18.05038896565224,17.731301546782145,18.00087547302246,18.00087547302246,58900
25/01/2011,17.896347945291467,18.154918670654297,17.79732094828664,18.154918670654297,18.154918670654297,114800
26/01/2011,18.154918784398355,18.413489511381183,18.06689501969281,18.38047981262207,18.38047981262207,95200
27/01/2011,18.385975056302392,18.540018173924704,18.28144752180812,18.46849822998047,18.46849822998047,89700
28/01/2011,18.435487253551305,18.435487253551305,17.841327579970425,17.9128475189209,17.9128475189209,111700
31/01/2011,18.220930099487305,18.347464088531844,17.951358326764588,18.220930099487305,18.220930099487305,90600
01/02/2011,18.292442699927552,18.48499388888762,18.121895862098235,18.45198631286621,18.45198631286621,96600
02/02/2011,18.363973463948454,18.578531229475345,18.363973463948454,18.573028564453125,18.573028564453125,97000
03/02/2011,18.56752688165979,18.64454739812537,18.380476156535522,18.606037139892578,18.606037139892578,46600
04/02/2011,18.639043948574702,18.716064453125,18.435487359518802,18.716064453125,18.716064453125,111000
07/02/2011,18.710560704116155,18.974633988189186,18.62803963916316,18.89211082458496,18.89211082458496,72600
08/02/2011,18.848099687188487,18.9581298828125,18.699561336545216,18.9581298828125,18.9581298828125,82800
09/02/2011,18.853607069566905,18.94713139512946,18.716069815279422,18.925127029418945,18.925127029418945,36900
10/02/2011,18.842599739575036,18.94712727458661,18.815092714430044,18.90861701965332,18.90861701965332,51900
11/02/2011,18.804093172201764,18.980140686035156,18.787589373608604,18.980140686035156,18.980140686035156,60500
14/02/2011,18.94713139512946,18.97464052490852,18.815096806258566,18.925127029418945,18.925127029418945,35000
15/02/2011,18.91411701502938,18.974633721000156,18.79308360308783,18.881107330322266,18.881107330322266,53400
16/02/2011,18.94712371920211,18.952626382389447,18.798583292910628,18.91961669921875,18.91961669921875,45700
17/02/2011,18.919624364002352,19.16169127468558,18.842603837385674,18.925127029418945,18.925127029418945,77700
18/02/2011,18.98014109167316,18.98014109167316,18.870110868512782,18.925127029418945,18.925127029418945,57300
22/02/2011,18.793079616804622,18.97462969620756,18.512504701587336,18.584022521972656,18.584022521972656,107000
23/02/2011,18.61703422367344,18.749070850198503,18.292446369560757,18.518007278442383,18.518007278442383,95500
24/02/2011,18.380478417970124,18.639049125333432,18.13291094269163,18.253944396972656,18.253944396972656,104600
25/02/2011,18.36396932662717,18.51250976898454,18.209926220487304,18.490503311157227,18.490503311157227,161800
28/02/2011,18.556523002590406,19.046155210430268,18.54001920639631,19.024150848388672,19.024150848388672,174400
01/03/2011,19.024140755736376,19.024140755736376,18.644536855446074,18.78757667541504,18.78757667541504,105900
02/03/2011,18.754581942958026,18.92512891074308,18.600540874411628,18.62254524230957,18.62254524230957,78500
03/03/2011,18.80959299307698,19.04065665747942,18.754578934179733,18.952632904052734,18.952632904052734,69800
04/03/2011,18.974631379074015,18.974631379074015,18.655544095575227,18.793081283569336,18.793081283569336,83600
07/03/2011,18.897610641101355,18.897610641101355,18.424484430946976,18.644542694091797,18.644542694091797,70200
08/03/2011,18.666548268270578,19.040649606462026,18.562020755613073,18.903112411499023,18.903112411499023,74900
09/03/2011,18.947118184172055,19.073652118051996,18.67754652897364,18.78757667541504,18.78757667541504,91400
10/03/2011,18.644544318645764,18.716064257258868,18.36946989175833,18.490503311157227,18.490503311157227,61300
11/03/2011,18.435491493904962,18.644548695033247,18.275949883836468,18.512514114379883,18.512514114379883,60000
14/03/2011,18.3804774350747,18.556524941713732,18.319960711170314,18.512514114379883,18.512514114379883,65500
15/03/2011,18.19892846047966,18.501509966360555,18.154915536674295,18.402482986450195,18.402482986450195,69600
16/03/2011,18.385972723135787,18.56202227788522,18.22643115886949,18.23743438720703,18.23743438720703,124600
17/03/2011,18.43548042620495,18.551013238231548,18.347456725730268,18.45198631286621,18.45198631286621,55500
18/03/2011,18.584027070408276,18.831594467163086,18.490502775329386,18.831594467163086,18.831594467163086,146900
21/03/2011,18.974635733995857,19.238706943714163,18.95812984056561,19.178190231323242,19.178190231323242,61500
22/03/2011,19.255210829302897,19.255210829302897,19.046153666962347,19.106670379638672,19.106670379638672,82700
23/03/2011,19.018644397582246,19.28821824077709,18.79308346701153,19.167184829711914,19.167184829711914,87400
24/03/2011,19.22770397970235,19.310225053386898,19.062659733681805,19.189193725585938,19.189193725585938,64500
25/03/2011,19.271709174219236,19.392742565344264,19.139674655401787,19.260705947875977,19.260705947875977,65900
28/03/2011,19.337736093603745,19.57430030585666,19.27171670972968,19.332233428955078,19.332233428955078,63100
29/03/2011,19.321230454666605,19.57430056557164,19.293723427013273,19.48627471923828,19.48627471923828,75600
30/03/2011,19.535777645396177,19.557784095080535,19.38723935665314,19.453256607055664,19.453256607055664,96100
31/03/2011,19.45326833382483,19.656822869484987,19.447765668761363,19.612812042236328,19.612812042236328,142200
01/04/2011,19.717330822662817,19.843864780364466,19.58529420234538,19.783348083496094,19.783348083496094,108300
04/04/2011,19.88238076839511,20.223472496339685,19.88238076839511,20.151954650878906,20.151954650878906,191300
05/04/2011,20.08043391477651,20.129947397416537,19.992410178822176,20.11894416809082,20.11894416809082,100500
06/04/2011,20.3004995947876,20.3004995947876,20.129952643767442,20.250986099243164,20.250986099243164,125500
07/04/2011,20.28455993273846,20.28455993273846,19.931930411988024,20.010292053222656,20.010292053222656,95400
08/04/2011,20.116653014886136,20.14464116403286,19.825593772367416,19.976720809936523,19.976720809936523,75100
11/04/2011,20.032690211502093,20.116648233398443,19.79200670538068,19.954328536987305,19.954328536987305,80000
12/04/2011,19.859170880707488,19.987908205134968,19.764018041641823,19.786405563354492,19.786405563354492,61600
13/04/2011,19.86477067499056,19.965519867342056,19.75282451825014,19.7976016998291,19.7976016998291,86100
14/04/2011,19.691249560956923,20.144630432128906,19.596094601982372,20.144630432128906,20.144630432128906,153800
15/04/2011,20.083062782035277,20.39650943176291,20.04947829733796,20.35173225402832,20.35173225402832,149400
18/04/2011,20.20619785493823,20.26217198566455,19.971112911471973,20.239782333374023,20.239782333374023,94500
19/04/2011,20.267773072783896,20.458080891386363,20.267773072783896,20.44688606262207,20.44688606262207,90300
20/04/2011,20.519649139711813,20.73794293877337,20.49725948462985,20.715553283691406,20.715553283691406,135900
21/04/2011,20.743546486275623,20.84429782355562,20.603614310630686,20.838699340820312,20.838699340820312,63700
25/04/2011,20.872275113206427,20.894664764404297,20.793913469208547,20.894664764404297,20.894664764404297,55300
26/04/2011,20.950633288273615,21.252887123814755,20.90025764901676,21.040189743041992,21.040189743041992,77500
27/04/2011,21.056988106486067,21.286476733698674,20.97303010249806,21.27528190612793,21.27528190612793,119900
28/04/2011,21.15773852214942,21.795828720255656,21.15773852214942,21.739856719970703,21.739856719970703,85600
29/04/2011,21.8014260511975,21.8014260511975,21.437601662955174,21.538352966308594,21.538352966308594,136000
02/05/2011,21.59991879310515,21.639099609839192,21.09616238481834,21.213706970214844,21.213706970214844,119000
03/05/2011,21.19132931446065,21.40962316985533,20.771532781718385,21.05699348449707,21.05699348449707,83000
04/05/2011,21.073786797739753,21.19132931446065,20.928256137346246,21.05699348449707,21.05699348449707,74000
05/05/2011,20.956237011305102,21.40402157800763,20.79951369407625,21.157739639282227,21.157739639282227,77800
06/05/2011,21.359248824606258,21.387234834818184,20.950647096964172,21.06818962097168,21.06818962097168,65500
09/05/2011,21.045790278287583,21.359238999992918,20.911456636981534,21.258487701416016,21.258487701416016,93000
10/05/2011,21.292074865998842,21.85739977028506,21.292074865998842,21.840608596801758,21.840608596801758,87900
11/05/2011,21.807023859086073,21.85739951414064,21.236100480199344,21.286476135253906,21.286476135253906,83800
12/05/2011,21.202516849370262,21.655895582204792,21.118556717633208,21.459991455078125,21.459991455078125,85000
13/05/2011,21.504768532222208,21.77344009852879,21.48797736002611,21.61111831665039,21.61111831665039,127600
16/05/2011,21.549556976292596,21.83501770064827,21.336859452438016,21.359249114990234,21.359249114990234,87000
17/05/2011,21.303266570390182,21.76784009528147,21.280876918898034,21.717464447021484,21.717464447021484,137000
18/05/2011,21.711869912813842,21.879788042622256,21.53835330206806,21.868593215942383,21.868593215942383,122500
19/05/2011,21.91896898317925,22.002929116120534,21.64470106607329,21.902177810668945,21.902177810668945,106700
20/05/2011,21.81822472051199,21.829419550864102,21.616722044565027,21.728668212890625,21.728668212890625,105200
23/05/2011,21.487983370020228,21.59433318419349,21.3704408613823,21.45440101623535,21.45440101623535,82400
24/05/2011,21.532764228124126,21.611125906151802,21.38163721970121,21.465595245361328,21.465595245361328,78900
25/05/2011,21.471188789071316,21.723067078502098,21.36483899175882,21.44879913330078,21.44879913330078,126300
26/05/2011,21.41521205518496,21.6558954875716,21.23609910111046,21.61111831665039,21.61111831665039,126400
27/05/2011,21.639105298214226,21.72866177931909,21.527159163034412,21.70627212524414,21.70627212524414,55500
31/05/2011,21.8909875051367,22.506688156552208,21.86859784703551,22.299589157104492,22.299589157104492,510500
01/06/2011,22.29959051362511,22.34436769735604,21.286480842467967,21.303274154663086,21.303274154663086,247300
02/06/2011,21.35364465543959,21.566339963302845,21.29207417440736,21.404020309448242,21.404020309448242,177300
03/06/2011,21.129752090117556,21.577534488829414,20.98981995707042,21.37603187561035,21.37603187561035,115800
06/06/2011,21.381631212617258,21.56634052533264,21.202518245962043,21.32006072998047,21.32006072998047,137200
07/06/2011,21.437611416005836,21.62232293458663,21.381639393209365,21.420820236206055,21.420820236206055,78700
08/06/2011,21.331257835498622,21.594330967517784,21.331257835498622,21.426410675048828,21.426410675048828,78000
09/06/2011,21.487981177707834,21.487981177707834,21.101769202217028,21.12415885925293,21.12415885925293,91600
10/06/2011,21.045797930996972,21.045797930996972,20.217399724403645,20.323749542236328,20.323749542236328,175400
13/06/2011,20.323743520771316,20.564426957447647,20.239783387904737,20.29575538635254,20.29575538635254,129700
14/06/2011,20.514058008955256,20.7491430414979,20.458083857019695,20.575626373291016,20.575626373291016,84500
15/06/2011,20.402112875685134,20.508460566966477,20.245387377507328,20.441293716430664,20.441293716430664,92000
16/06/2011,20.418897451663618,20.72115138412848,20.290160140101545,20.60920524597168,20.60920524597168,87800
17/06/2011,20.75473580197671,21.180128563423583,20.63159483686539,20.833097457885742,20.833097457885742,159800
20/06/2011,20.816299232976327,21.269680023193356,20.816299232976327,21.26968002319336,21.26968002319336,79700
21/06/2011,21.437607077154897,21.459996735820265,21.19132723742196,21.39282989501953,21.39282989501953,76600
22/06/2011,21.353645244147256,21.443201727609996,21.185724969359004,21.208114624023438,21.208114624023438,48600
23/06/2011,20.933853317963205,20.933853317963205,20.553237647804206,20.59801483154297,20.59801483154297,103800
24/06/2011,20.70436585514502,20.984230209236113,20.547640364921023,20.575626373291016,20.575626373291016,316800
27/06/2011,20.575618906478987,20.877872811657536,20.575618906478987,20.681968688964844,20.681968688964844,78100
28/06/2011,20.69875645133749,20.8218973854289,20.58681034172661,20.788312911987305,20.788312911987305,71300
29/06/2011,20.8219081630055,20.93945067810031,20.737948003540318,20.838699340820312,20.838699340820312,70000
30/06/2011,20.950637355595685,21.19132077486051,20.82190006032294,20.88347053527832,20.88347053527832,108700
01/07/2011,20.961832875099883,21.325655121118913,20.88906757181816,21.24729347229004,21.24729347229004,95900
05/07/2011,21.27528828075422,21.560751131352582,21.19133025161022,21.482389450073242,21.482389450073242,93300
06/07/2011,21.53834700938366,21.72865473695116,21.437595733895325,21.695070266723633,21.695070266723633,114800
07/07/2011,21.77344559767886,22.025321785014086,21.751055938966058,21.91337776184082,21.91337776184082,131800
08/07/2011,21.84511432031603,21.913379692221596,21.651693958152713,21.873558044433594,21.873558044433594,90600
11/07/2011,21.714261432339555,21.90199384985123,21.509465390667177,21.68581771850586,21.68581771850586,73200
12/07/2011,21.64031458863065,22.061286885725174,21.64031458863065,21.828044891357422,21.828044891357422,97500
13/07/2011,21.87924396756631,21.99870890026304,21.60618033420942,21.64031410217285,21.64031410217285,79800
14/07/2011,21.645998504107723,21.645998504107723,21.196580396916463,21.401378631591797,21.401378631591797,74500
15/07/2011,21.429821238090202,21.82803976597656,21.355868011713717,21.776840209960938,21.776840209960938,97000
18/07/2011,21.663061416116527,21.674437164174144,21.372929927979325,21.543594360351562,21.543594360351562,79600
19/07/2011,21.6915091462659,22.049903869628906,21.577732113561094,22.049903869628906,22.049903869628906,72200
20/07/2011,22.072659998478173,22.18074915751184,21.867861770957983,22.15799331665039,22.15799331665039,63700
21/07/2011,22.186441927936034,22.45381769176139,21.97595577881655,22.3343505859375,22.3343505859375,125700
22/07/2011,22.379857855302646,22.419679492669303,22.197815464450365,22.38554573059082,22.38554573059082,66600
25/07/2011,22.180749607392983,22.237637040583998,22.044216729571485,22.072660446166992,22.072660446166992,77200
26/07/2011,22.061291495621987,22.129559047348543,21.78253992148262,22.044225692749023,22.044225692749023,83400
27/07/2011,21.856484501611128,21.987329505404,21.207958208555837,21.247779846191406,21.247779846191406,117400
28/07/2011,21.361561776335293,21.84511375427246,21.13969769580328,21.84511375427246,21.84511375427246,142300
29/07/2011,21.623243596645665,21.91337516500918,21.27053671619812,21.771154403686523,21.771154403686523,131800
01/08/2011,22.04421854710434,22.04421854710434,21.327426847262725,21.486713409423828,21.486713409423828,110000
02/08/2011,21.3217378386433,21.691512713210475,21.00885257484164,21.037296295166016,21.037296295166016,154800
03/08/2011,21.037291294250736,21.24777737875518,20.536673689103182,21.139690399169922,21.139690399169922,138600
04/08/2011,20.92351791009117,21.469647288046126,20.149836613928557,20.240859985351562,20.240859985351562,207800
05/08/2011,20.46841207690241,20.479789998426646,19.55251001030967,19.654909133911133,19.654909133911133,250600
08/08/2011,19.074646790684366,19.4444216183292,17.72070569296566,17.726394653320312,17.726394653320312,346200
09/08/2011,18.044968527438595,19.660597433453084,17.345242691723524,19.649219512939453,19.649219512939453,263900
10/08/2011,18.892605399821036,20.212413890346177,18.76176255991135,18.921049118041992,18.921049118041992,169100
11/08/2011,19.125847193110683,20.457033593232996,18.938116918411122,19.979171752929688,19.979171752929688,144000
12/08/2011,20.16690236988826,20.439965943866824,19.745928003681904,20.212411880493164,20.212411880493164,112300
15/08/2011,20.337572360068616,21.04298841216442,20.286372790399426,21.0316104888916,21.0316104888916,94600
16/08/2011,20.809742149109603,21.390000926383628,20.673209267910906,21.236404418945312,21.236404418945312,99700
17/08/2011,21.35587239571657,21.554980615475138,21.13400833080936,21.29329490661621,21.29329490661621,69900
18/08/2011,20.639079595380217,20.72441293430552,19.893844071916007,20.098642349243164,20.098642349243164,185200
19/08/2011,19.768680129396092,20.548049069311034,19.620771535077537,20.0132999420166,20.0132999420166,103700
22/08/2011,20.479784634086123,20.54804997523391,19.48992742192089,19.723169326782227,19.723169326782227,89700
23/08/2011,19.81988353635646,20.326189052229143,19.518376244907873,20.286367416381836,20.286367416381836,124800
24/08/2011,20.33757712351051,20.963347859263845,20.144156722803896,20.895082473754883,20.895082473754883,125100
25/08/2011,21.04298797610476,21.293295772568843,19.836954175581724,20.03037452697754,20.03037452697754,118500
26/08/2011,19.91090053972106,20.826802311766777,19.63214697731395,20.730091094970703,20.730091094970703,119700
29/08/2011,20.974719040783565,21.651691310635123,20.673211695794283,21.577735900878906,21.577735900878906,111600
30/08/2011,21.47533236149855,21.85079503915983,21.014536369321203,21.708574295043945,21.708574295043945,98300
31/08/2011,21.839419863846736,21.99301854720909,21.384313859504537,21.924753189086914,21.924753189086914,266100
01/09/2011,21.924755503731713,22.078354203309825,21.276229107813144,21.29329490661621,21.29329490661621,101700
02/09/2011,20.821123310270828,21.372940683751143,20.758547983999378,20.77561378479004,20.77561378479004,81800
06/09/2011,20.206725818699656,21.134005780499123,20.206725818699656,21.071428298950195,21.071428298950195,179100
07/09/2011,21.441198562499174,21.884928759009217,21.190890834554374,21.867860794067383,21.867860794067383,157000
08/09/2011,21.78821566982901,22.01576970867288,21.37293139353767,21.589107513427734,21.589107513427734,80100
09/09/2011,21.412764949173347,21.47534245320942,20.934902937582006,21.151079177856445,21.151079177856445,191000
12/09/2011,20.872318998769632,21.338802941257587,20.66752291703957,21.2876033782959,21.2876033782959,75000
13/09/2011,21.401375105864116,21.805283633317796,21.28191021202335,21.589107513427734,21.589107513427734,160000
14/09/2011,21.810976761591395,22.015775011859702,21.429823980232786,21.83373260498047,21.83373260498047,123900
15/09/2011,22.038525768928658,22.18643437658813,21.845105484994782,22.17505645751953,22.17505645751953,143000
16/09/2011,22.186435167152933,22.755318120156854,22.095413981476955,22.709806442260742,22.709806442260742,272300
19/09/2011,22.35710643181985,22.596038473350724,22.214885650230517,22.3343505859375,22.3343505859375,93500
20/09/2011,22.442443657001977,22.658619890103303,22.197823696678253,22.254711151123047,22.254711151123047,136600
21/09/2011,22.26038269714249,22.32864801976166,20.730086705130777,20.781286239624023,20.781286239624023,136800
22/09/2011,19.865396801040998,20.821120582202777,19.865396801040998,20.246549606323242,20.246549606323242,220600
23/09/2011,20.246546353176292,20.55374369850103,20.018992281798756,20.31481170654297,20.31481170654297,176500
26/09/2011,20.536675396776822,20.74716366890011,20.041747795257166,20.553743362426758,20.553743362426758,108300
27/09/2011,20.991781786573455,21.634617959535166,20.769915612504388,21.139690399169922,21.139690399169922,190400
28/09/2011,21.173833799459707,21.321742479409465,20.229487756378937,20.28068733215332,20.28068733215332,131800
29/09/2011,20.7073366937472,20.7073366937472,20.041742628032285,20.54804801940918,20.54804801940918,144300
30/09/2011,20.240855729001794,20.718715307786137,20.007611643953013,20.01898956298828,20.01898956298828,131100
03/10/2011,19.96210501279817,20.252234394574355,19.097402572631836,19.097402572631836,19.097402572631836,180600
04/10/2011,18.915361444927797,20.71303179920499,18.77314068218398,20.63338851928711,20.63338851928711,168000
05/10/2011,20.667523272235407,20.667523272235407,19.444423786083966,20.303436279296875,20.303436279296875,160600
06/10/2011,20.20103114973381,20.713026636032183,19.973479288135927,20.661827087402344,20.661827087402344,155000
07/10/2011,20.707354053923783,21.014549402446804,19.882472792440872,19.927982330322266,19.927982330322266,117800
10/10/2011,20.36601091955083,21.156757940529637,20.21810229473923,21.1453800201416,21.1453800201416,127400
11/10/2011,20.902331653331217,20.994922184172516,20.503035402990445,20.884971618652344,20.884971618652344,107800
12/10/2011,21.075940482187523,21.46945082486443,20.925481684120506,21.099088668823242,21.099088668823242,237400
13/10/2011,20.94862181287685,21.22060517486423,20.63034209542591,20.9891300201416,20.9891300201416,71900
14/10/2011,21.243756535874283,21.290052898275142,21.00070725586596,21.185888290405273,21.185888290405273,148500
17/10/2011,21.06436320188281,21.255330173889984,20.56668835433076,20.659278869628906,20.659278869628906,103600
18/10/2011,20.763449365363183,21.45787953085814,20.699792954125687,21.318992614746094,21.318992614746094,128500
19/10/2011,21.191682040820695,21.5446842078421,20.919698537855197,21.052797317504883,21.052797317504883,88300
20/10/2011,21.12223249291772,21.428938176130632,20.364146093665823,21.16274070739746,21.16274070739746,103400
21/10/2011,21.834029720810758,22.019210821584984,21.301634607968072,21.724079132080078,21.724079132080078,131500
24/10/2011,21.90926412756826,22.215969966334914,21.65463841309036,22.14073944091797,22.14073944091797,127200
25/10/2011,22.05393394764206,22.05393394764206,21.44052014820433,21.608341217041016,21.608341217041016,86300
26/10/2011,21.87453633255084,21.87453633255084,21.307418977386607,21.71250343322754,21.71250343322754,131500
27/10/2011,22.285401297351026,22.829372539632658,22.042352007632797,22.696273803710938,22.696273803710938,219200
28/10/2011,22.540032676343397,22.65577140917131,22.065505858528397,22.239112854003906,22.239112854003906,120500
31/10/2011,21.967128840514647,22.36063923766046,21.76458769824822,22.03657341003418,22.03657341003418,128500
01/11/2011,21.41158194386199,22.158094384685523,21.174318556569144,21.376859664916992,21.376859664916992,140900
02/11/2011,21.637277296266127,22.140738340500796,21.481030308565753,21.972919464111328,21.972919464111328,92600
03/11/2011,22.11758553260448,22.19860197363443,21.400007240921788,22.152305603027344,22.152305603027344,134500
04/11/2011,22.007627603901945,22.14072632693847,21.718281977944645,22.077072143554688,22.077072143554688,56000
07/11/2011,22.077077815547725,22.10022379384665,21.625697021964886,22.048141479492188,22.048141479492188,52900
08/11/2011,22.134934422922818,22.192802649512693,21.68934201408048,22.129148483276367,22.129148483276367,83200
09/11/2011,21.631479989620477,21.903463381612976,21.243755696200566,21.261117935180664,21.261117935180664,109600
10/11/2011,21.643054266889138,21.643054266889138,21.139591275220848,21.180099487304688,21.180099487304688,72300
11/11/2011,21.4405114494984,21.82244760540935,21.434725508021405,21.706708908081055,21.706708908081055,82800
14/11/2011,21.689356987152152,21.741439310050186,21.11645364280664,21.26691246032715,21.26691246032715,72500
15/11/2011,21.214818450634734,21.556246333206932,21.081719744890545,21.492589950561523,21.492589950561523,74100
16/11/2011,21.295840347169452,21.585186010059072,21.10487335757906,21.128019332885742,21.128019332885742,65200
17/11/2011,21.18589302457079,21.342139971290287,20.809742722372093,20.896547317504883,20.896547317504883,69900
18/11/2011,20.94862681840509,20.989135035348998,20.69400121757794,20.942838668823242,20.942838668823242,63500
21/11/2011,20.514608972530635,20.728724155732696,20.126884616834243,20.23683738708496,20.23683738708496,88800
22/11/2011,20.25997990620939,20.398866778997476,19.987996516944488,20.051652908325195,20.051652908325195,57300
23/11/2011,19.90698694942495,19.90698694942495,19.391949699774607,19.426671981811523,19.426671981811523,102700
25/11/2011,19.322501595137265,19.721799993413192,19.253059259253995,19.386157989501953,19.386157989501953,46100
28/11/2011,19.92434220993013,20.08637507219052,19.67550476715472,19.959064483642578,19.959064483642578,114100
29/11/2011,20.01693209599286,20.051654368601543,19.617635894887503,19.739160537719727,19.739160537719727,62300
30/11/2011,20.410446502811002,20.705578153592864,20.12688673771798,20.682432174682617,20.682432174682617,255700
01/12/2011,20.659281596901472,20.659281596901472,20.0342938804841,20.086376190185547,20.086376190185547,152500
02/12/2011,20.161607492286798,20.56669189426371,20.1268852152491,20.21368980407715,20.21368980407715,69500
05/12/2011,20.462528578571618,20.676643781825224,20.27734750426593,20.49146270751953,20.49146270751953,121500
06/12/2011,20.155822557492854,20.207902664354357,19.368801898886762,20.005361557006836,20.005361557006836,149400
07/12/2011,19.854906207459976,20.04008731130268,19.67551104731672,19.976430892944336,19.976430892944336,200400
08/12/2011,19.860689290698463,19.860689290698463,19.38616250450425,19.432458877563477,19.432458877563477,141900
09/12/2011,19.472967866163664,19.982214744650182,19.31093276161554,19.814395904541016,19.814395904541016,151700
12/12/2011,19.698652154789894,20.265769357350276,19.432454689665406,19.61763572692871,19.61763572692871,131000
13/12/2011,19.802821031907,19.802821031907,19.36301431797464,19.432458877563477,19.432458877563477,107300
14/12/2011,19.345650594341322,19.692864495972294,19.29356828834346,19.513471603393555,19.513471603393555,89500
15/12/2011,19.785458504786195,20.0285100447999,19.507686893008056,19.99378776550293,19.99378776550293,97900
16/12/2011,20.086381043769233,20.52618781141714,20.086381043769233,20.445171356201172,20.445171356201172,181100
19/12/2011,20.54353608951649,20.54353608951649,20.236830482477476,20.29469871520996,20.29469871520996,89300
20/12/2011,20.624561599106844,20.85603904724121,20.572479283653237,20.85603904724121,20.85603904724121,111200
21/12/2011,20.844469307493423,21.220617479855438,20.589845827393,21.0875186920166,21.0875186920166,79300
22/12/2011,21.168529156296458,21.434726628798018,21.104872759060836,21.151166915893555,21.151166915893555,103400
23/12/2011,21.278474833280143,21.538886304315145,21.09907977378233,21.492589950561523,21.492589950561523,119800
27/12/2011,21.440512523192933,21.637267656244497,21.232183299075732,21.567825317382812,21.567825317382812,107200
28/12/2011,21.56783025639824,21.785627043812866,21.361806571747884,21.379465103149414,21.379465103149414,134900
29/12/2011,21.46186993641034,21.59137179332599,21.40889210817115,21.526620864868164,21.526620864868164,41900
30/12/2011,21.485419929992524,21.66789964736326,21.391237357105293,21.50307846069336,21.50307846069336,117400
03/01/2012,22.068176672994134,22.34483672440042,21.544283712906246,21.756195068359375,21.756195068359375,168300
04/01/2012,21.697324905060313,21.938667817513423,21.249956131178596,21.832712173461914,21.832712173461914,233400
05/01/2012,21.762084570443648,22.10938326650109,21.662014312855955,22.09172248840332,22.09172248840332,131400
06/01/2012,22.150576822482787,22.356600417186854,21.98575570123076,22.074052810668945,22.074052810668945,134100
09/01/2012,22.074052015841467,22.285963274471733,21.99752800678305,22.19766616821289,22.19766616821289,132200
10/01/2012,21.773857737165564,21.773857737165564,21.232306198891237,21.2852840423584,21.2852840423584,431100
11/01/2012,20.637779455756053,21.609036943835054,20.637779455756053,21.426559448242188,21.426559448242188,4109300
12/01/2012,21.361797320363998,21.897460913959065,21.0380449937716,21.87391471862793,21.87391471862793,722600
13/01/2012,21.697332438989548,22.309520318191947,21.444216339809515,22.191791534423828,22.191791534423828,670200
17/01/2012,22.303632643984162,22.338951952761533,22.062289647729916,22.191791534423828,22.191791534423828,218000
18/01/2012,22.103488121897374,22.509652198530713,21.97987394443903,22.250648498535156,22.250648498535156,245200
19/01/2012,22.315401221194787,22.380152151409813,22.044626645285884,22.138809204101562,22.138809204101562,214000
20/01/2012,22.091718287153874,22.38015365600586,22.091718287153874,22.38015365600586,22.38015365600586,341500
23/01/2012,22.380149049627757,22.66269668691503,22.256534879343768,22.52730941772461,22.52730941772461,175500
24/01/2012,22.315400963889836,22.85106468200684,22.285969335628543,22.851064682006836,22.851064682006836,292100
25/01/2012,22.7156782034282,23.380843804136664,22.7156782034282,23.374956130981445,23.374956130981445,395300
26/01/2012,23.40438659087799,23.810550689697266,23.245455351458315,23.810550689697266,23.810550689697266,290300
27/01/2012,23.681048850913967,24.05777907669754,23.681048850913967,23.834096908569336,23.834096908569336,330300
30/01/2012,23.675162437812805,23.78700351722036,23.422046406873815,23.486797332763672,23.486797332763672,170200
31/01/2012,23.633954979740878,23.716364422988587,23.457360749365595,23.610408782958984,23.610408782958984,863000
01/02/2012,23.75169465655683,24.28147315076969,23.592763353783134,24.25792694091797,24.25792694091797,384800
02/02/2012,24.134307182997585,24.33444542994447,23.96360056888326,24.081329345703125,24.081329345703125,170100
03/02/2012,24.299116302594083,24.481595945188943,24.087205039061665,24.43450355529785,24.43450355529785,212700
06/02/2012,24.42273992857341,24.475717760129555,23.940051771345534,24.004802703857422,24.004802703857422,183300
07/02/2012,24.010687086264827,24.069550337486564,23.745797964788817,23.89884376525879,23.89884376525879,152100
08/02/2012,23.91062179228806,24.11076003137275,23.728144328600845,24.093101501464844,24.093101501464844,200000
09/02/2012,24.07543758624591,24.128415409608863,23.710478249528236,23.80466079711914,23.80466079711914,166800
10/02/2012,23.610424992459983,23.89885824184793,23.55155946009171,23.598651885986328,23.598651885986328,110600
13/02/2012,23.851748105548918,24.057771682739258,23.692814669364118,24.057771682739258,24.057771682739258,178900
14/02/2012,24.01658706109402,24.01658706109402,23.528015492634857,23.598651885986328,23.598651885986328,137600
15/02/2012,23.66339480357531,23.79878211375659,23.32786924236742,23.50446128845215,23.50446128845215,167600
16/02/2012,23.545664227487322,24.02246473647017,23.48091329158341,23.998918533325195,23.998918533325195,201400
17/02/2012,24.110753588412194,24.110753588412194,23.792886662073997,24.016571044921875,24.016571044921875,165500
21/02/2012,24.163737042653537,24.163737042653537,23.78700678086679,23.881189346313477,23.881189346313477,204600
22/02/2012,23.78700323394528,23.969482909690022,23.781117806884097,23.816434860229492,23.816434860229492,168000
23/02/2012,23.969482108999166,23.975367535863747,23.69870531795783,23.963594436645508,23.963594436645508,225900
24/02/2012,24.134305411980726,24.151963941286517,23.798779882233813,23.881189346313477,23.881189346313477,135000
27/02/2012,23.951830520222916,24.428631116659393,23.951830520222916,24.387426376342773,24.387426376342773,203800
28/02/2012,24.3874170913407,24.499258165977505,24.104869445819503,24.32266616821289,24.32266616821289,190500
29/02/2012,24.369760200840634,24.558125310497303,24.16962199114427,24.363872528076172,24.363872528076172,335300
01/03/2012,24.422732703313823,24.593437002947166,24.346208692485174,24.43450355529785,24.43450355529785,174000
02/03/2012,24.4227364299239,24.569896802555313,24.187278935518012,24.36975860595703,24.36975860595703,179600
05/03/2012,24.369754647168836,24.89364512935408,24.29323063709464,24.770030975341797,24.770030975341797,233500
06/03/2012,24.58168823578845,24.940760204897483,24.53459804477746,24.611122131347656,24.611122131347656,215200
07/03/2012,24.72882564825466,24.846554384123536,24.575779863467332,24.811237335205078,24.811237335205078,143900
08/03/2012,24.88187522178617,25.064354885975355,24.82300972745627,25.052581787109375,25.052581787109375,232100
09/03/2012,25.04670319358716,25.452867392473916,25.017271558498653,25.293933868408203,25.293933868408203,247800
12/03/2012,25.341027359199973,25.623575134990475,25.193866918965956,25.511734008789062,25.511734008789062,178500
13/03/2012,25.670659039256375,25.717749196857536,25.329245853318124,25.635339736938477,25.635339736938477,219400
14/03/2012,25.58824709722593,25.723634374744318,25.27626557073741,25.382221221923828,25.382221221923828,144400
15/03/2012,25.399885859581694,25.505841526892915,25.07024575622573,25.452863693237305,25.452863693237305,138300
16/03/2012,25.264495621049456,25.464633848744633,25.034925763352813,25.376338958740234,25.376338958740234,514900
19/03/2012,25.22329063028154,25.84136608139655,25.064359380811897,25.441089630126953,25.441089630126953,369600
20/03/2012,25.27626872214793,25.63534044643834,25.223290889949517,25.376338958740234,25.376338958740234,198700
21/03/2012,25.505836676679404,25.623563177536454,25.37044715881348,25.370447158813477,25.370447158813477,173800
22/03/2012,25.229177847802003,25.417542969057106,25.117334513282845,25.276268005371094,25.276268005371094,308100
23/03/2012,25.288034729393722,25.411648888017034,25.13498894902516,25.270376205444336,25.270376205444336,229900
26/03/2012,25.535273157703923,25.605909520748238,25.32336182308148,25.452863693237305,25.452863693237305,137700
27/03/2012,25.511720613588267,25.605903156066887,25.435196596109098,25.464628219604492,25.464628219604492,127100
28/03/2012,25.511732668580592,25.570595943385886,25.276275078379413,25.405776977539062,25.405776977539062,126300
29/03/2012,25.26450291778166,25.499960516775616,25.017274459779085,25.394004821777344,25.394004821777344,94200
30/03/2012,25.605902546066012,25.605902546066012,25.41164979374395,25.505834579467773,25.505834579467773,246200
02/04/2012,25.43520437531522,25.70009355876641,25.39988731451481,25.67066192626953,25.67066192626953,237400
03/04/2012,25.705985018302798,25.959101159044355,25.564712250975976,25.65300941467285,25.65300941467285,220100
04/04/2012,25.452869393775295,25.476413356403416,25.17620706211241,25.405776977539062,25.405776977539062,176400
05/04/2012,25.26449140445844,25.429312546839324,25.087899408433046,25.28215217590332,25.28215217590332,181000
09/04/2012,24.8995304107666,25.029032235449943,24.79357478066,24.8995304107666,24.8995304107666,142800
10/04/2012,24.946636651071852,25.005499924707713,24.163742087873175,24.210834503173828,24.210834503173828,268900
11/04/2012,24.41096467233308,24.43450862667643,24.187280264902224,24.42862319946289,24.42862319946289,219200
12/04/2012,24.54817085890699,24.763348763895742,24.42265117436464,24.655759811401367,24.655759811401367,204200
13/04/2012,24.542196524925536,24.73346528127294,24.428629133273155,24.56012725830078,24.56012725830078,142500
16/04/2012,24.655761253311002,25.062207924258704,24.548172294524647,25.04427719116211,25.04427719116211,201600
17/04/2012,25.277378688790936,25.277378688790936,24.99645178922341,25.020360946655273,25.020360946655273,142800
18/04/2012,24.92473652161891,25.044280076275605,24.829102133914287,24.96059799194336,24.96059799194336,160100
19/04/2012,25.02634046388076,25.169793147674334,24.882890060190242,25.139907836914062,25.139907836914062,298300
20/04/2012,25.289334133162136,25.432784522458135,25.193699780263863,25.396923065185547,25.396923065185547,172100
23/04/2012,25.050258388686387,25.092098294409606,24.805195106548734,25.03232765197754,25.03232765197754,123500
24/04/2012,25.09208601244345,25.522441723638025,25.026336969888415,25.4865779876709,25.4865779876709,79200
25/04/2012,25.683840099589556,25.80935982855008,25.438776794431558,25.797405242919922,25.797405242919922,203600
26/04/2012,25.66589393482816,25.833255767822266,25.319220249538823,25.833255767822266,25.833255767822266,157900
27/04/2012,25.851184216075332,26.32935595364694,25.62405178569031,26.167972564697266,26.167972564697266,212100
30/04/2012,26.209816015187453,26.448903056553434,26.000616564069478,26.15004539489746,26.15004539489746,180000
01/05/2012,26.173952784621623,26.628215396366585,26.06636385129466,26.1859073638916,26.1859073638916,216000
02/05/2012,26.102224991332065,26.329357434491723,25.82130036226644,26.287517547607422,26.287517547607422,89000
03/05/2012,26.335342909356374,26.430977287833652,26.167981036943566,26.371204376220703,26.371204376220703,130800
04/05/2012,26.22775039046049,26.293499444263396,26.10222843315352,26.1739559173584,26.1739559173584,135300
07/05/2012,26.132110541715555,26.478784188884866,26.012567039894098,26.365219116210938,26.365219116210938,212000
08/05/2012,26.161997779521116,26.335335755960177,26.108203313733227,26.191883087158203,26.191883087158203,185700
09/05/2012,25.958771153929714,26.203834293172857,25.91095284378348,26.01256561279297,26.01256561279297,139000
10/05/2012,26.15601798624514,26.33533438292435,25.81532048071895,26.167972564697266,26.167972564697266,113900
11/05/2012,26.03050112795189,26.167975374760058,25.803368673176116,25.982685089111328,25.982685089111328,89000
14/05/2012,25.797392658214584,25.95877606533813,25.522444163160966,25.57623863220215,25.57623863220215,83000
15/05/2012,25.606128860238545,25.779466880456358,25.337156463366664,25.528425216674805,25.528425216674805,184000
16/05/2012,25.641979203961494,25.695773655218563,25.13989841892959,25.295303344726562,25.295303344726562,208900
17/05/2012,25.408879938409143,25.408879938409143,24.61989581493681,24.637828826904297,24.637828826904297,206600
18/05/2012,24.59000318537533,24.87690621035544,24.225396545264392,24.3090763092041,24.3090763092041,114700
21/05/2012,24.4047171897623,24.77530004335145,24.1835608834968,24.74541473388672,24.74541473388672,108100
22/05/2012,24.745418285030745,24.95461776140842,24.518285796318345,24.673690795898438,24.673690795898438,118000
23/05/2012,24.518278521950865,24.61988901458639,24.022173796440644,24.572072982788086,24.572072982788086,173000
24/05/2012,24.56609620431533,24.727479597670147,24.15367349692152,24.55414390563965,24.55414390563965,100000
25/05/2012,24.54219226132721,24.63782662288681,24.249310746492974,24.350923538208008,24.350923538208008,57700
29/05/2012,24.47644379511447,24.673688672999347,24.315060378606972,24.59598731994629,24.59598731994629,88600
30/05/2012,24.380809847494362,24.41069515918674,24.07597373996396,24.20747184753418,24.20747184753418,116900
31/05/2012,24.201507026968617,24.637839166231334,23.998283620178732,24.631860733032227,24.631860733032227,188800
01/06/2012,24.177584473557676,24.482418274983434,23.765159455030968,23.842863082885742,23.842863082885742,222000
04/06/2012,23.914596111073937,24.010230499707106,23.400562697235436,23.765167236328125,23.765167236328125,127100
05/06/2012,23.717343804182143,24.35092285685087,23.651594754930304,24.33896827697754,24.33896827697754,114800
06/06/2012,24.50035733443061,24.727487564086914,24.273224824670812,24.727487564086914,24.727487564086914,102700
07/06/2012,25.002435831683968,25.02634271438018,24.51828554545928,24.655759811401367,24.655759811401367,164300
08/06/2012,24.601962607409764,25.062203679805716,24.530237407067137,25.050249099731445,25.050249099731445,98300
11/06/2012,25.20565038513298,25.361057623211522,24.35689584522118,24.410690307617188,24.410690307617188,193800
12/06/2012,24.54219143738242,24.799209202964416,24.4047171897623,24.74541473388672,24.74541473388672,78900
13/06/2012,24.73345869187269,25.086110794955296,24.422646475587786,24.51230239868164,24.51230239868164,93200
14/06/2012,24.56609657118273,25.223584733199303,24.51230210592776,25.169790267944336,25.169790267944336,146700
15/06/2012,25.199680656181908,25.695785522460938,25.163816912079955,25.695785522460938,25.695785522460938,211100
18/06/2012,25.57623980022801,26.066366193829644,25.57623980022801,25.73762321472168,25.73762321472168,323400
19/06/2012,25.83922344774114,26.28750977184512,25.77945284990147,26.018537521362305,26.018537521362305,150000
20/06/2012,25.964755506807155,26.185911840959125,25.779465196700077,25.92889404296875,25.92889404296875,84200
21/06/2012,25.98865851389988,25.98865851389988,25.271399765675685,25.37301254272461,25.37301254272461,100700
22/06/2012,25.47461882258018,25.636002185222782,25.068172341873403,25.086105346679688,25.086105346679688,1140900
25/06/2012,25.080137132543616,25.259451292917877,24.751394125173594,25.09807014465332,25.09807014465332,130600
26/06/2012,25.17576798194243,25.31922065823827,24.92472864855338,24.942659378051758,24.942659378051758,155800
27/06/2012,25.00244033935009,25.44474853036739,25.00244033935009,25.361068725585938,25.361068725585938,167600
28/06/2012,25.241515754505798,25.5463518211891,24.954612696517458,25.516464233398438,25.516464233398438,124800
29/06/2012,25.952803369297825,26.70592610226635,25.833262105109068,26.44293212890625,26.44293212890625,368400
02/07/2012,26.765696119514665,27.05259925116333,26.526611316525813,27.010759353637695,27.010759353637695,197000
03/07/2012,26.96891137618066,27.375357927603382,26.96891137618066,27.303632736206055,27.303632736206055,129300
05/07/2012,27.35144938090533,27.429153003379987,26.843392320338747,27.046615600585938,27.046615600585938,122800
06/07/2012,26.828401658681265,27.343634457597183,26.810217760561795,27.252710342407227,27.252710342407227,144700
09/07/2012,27.222401324884604,27.616402715652423,27.107232790370638,27.567909240722656,27.567909240722656,209500
10/07/2012,27.640664018376206,27.883126916482034,27.204234039002312,27.37395668029785,27.37395668029785,242100
11/07/2012,27.02843715912977,27.234529841948095,26.68898970734177,27.058744430541992,27.058744430541992,245000
12/07/2012,26.725355091953052,27.51335557073445,26.670801088144547,27.337570190429688,27.337570190429688,141300
13/07/2012,27.3375679137651,27.852800642891715,27.325446858191473,27.786123275756836,27.786123275756836,116200
16/07/2012,27.78613271588835,28.131640724520143,27.60428676065532,27.94979476928711,27.94979476928711,98100
17/07/2012,28.161944791629924,28.349853567608974,27.731575540380646,28.240745544433594,28.240745544433594,103600
18/07/2012,28.198307544666342,28.386216271607683,28.08919954996439,28.228614807128906,28.228614807128906,160200
19/07/2012,28.307415574938787,28.374092939817753,27.67701434082334,28.064952850341797,28.064952850341797,134800
20/07/2012,27.828558120290378,28.09526531691236,27.664896097716774,28.089204788208008,28.089204788208008,108300
23/07/2012,27.664897013439642,27.980097699315117,27.580035734991707,27.974037170410156,27.974037170410156,101900
24/07/2012,27.99222209491571,28.095267276149993,27.822499531802062,27.980098724365234,27.980098724365234,133100
25/07/2012,28.174066063846986,28.301357977305454,27.81643475058533,28.089204788208008,28.089204788208008,126800
26/07/2012,28.277117242253038,28.386225271548028,27.483053765116534,27.883115768432617,27.883115768432617,135500
27/07/2012,27.93160178457541,28.410462104769323,27.889168840265953,28.19830894470215,28.19830894470215,94200
30/07/2012,28.19830592375512,28.543813783018653,28.02252057436258,28.052827835083008,28.052827835083008,179100
31/07/2012,28.010406127474837,28.258929444197317,27.846744092711766,28.240745544433594,28.240745544433594,161500
01/08/2012,28.355918884889526,28.99844376182932,28.125581741333004,28.125581741333008,28.125581741333008,236700
02/08/2012,28.095269971064138,28.428656912439607,27.798255457125457,28.42259407043457,28.42259407043457,115400
03/08/2012,28.68930297151335,28.998440850139612,28.555948197993914,28.665056228637695,28.665056228637695,191200
06/08/2012,28.701424949456406,28.78628855223789,28.38016368910797,28.410470962524414,28.410470962524414,115700
07/08/2012,28.531698539773984,28.592313078472912,28.022528552895118,28.071022033691406,28.071022033691406,128400
08/08/2012,27.967969663502913,28.264986400817815,27.634585134232413,27.87098503112793,27.87098503112793,281200
09/08/2012,27.88917883684607,28.125581130037414,27.604287678681942,27.695209503173828,27.695209503173828,137700
10/08/2012,27.72551659522665,28.016470569551483,27.586098981417898,27.828561782836914,27.828561782836914,81700
13/08/2012,27.761879228418614,27.92554124206309,27.434555201129662,27.749755859375,27.749755859375,87500
14/08/2012,27.87705770853697,27.943732788082457,27.670965002977407,27.804317474365234,27.804317474365234,69400
15/08/2012,27.804311729706082,27.870989107772182,27.55578842837559,27.85886573791504,27.85886573791504,145000
16/08/2012,27.792181496357795,27.998274108440334,27.62245898486481,27.98615074157715,27.98615074157715,56500
17/08/2012,28.064962528269895,28.271055221557617,27.96191733777439,28.271055221557617,28.271055221557617,48100
20/08/2012,28.301356562527335,28.368033936423732,28.064956645837373,28.119510650634766,28.119510650634766,78300
21/08/2012,28.204374289518068,28.32560567838807,27.804312324854564,27.919483184814453,27.919483184814453,90000
22/08/2012,27.92554168822966,28.034649699069195,27.670957871134906,27.9437255859375,27.9437255859375,82300
23/08/2012,27.943727684577237,27.967974424872843,27.73763501665743,27.755821228027344,27.755821228027344,44800
24/08/2012,27.731570400277253,27.943723565852743,27.719447031916356,27.822494506835938,27.822494506835938,104600
27/08/2012,27.877055999357246,27.955854446433452,27.822501983221645,27.90130043029785,27.90130043029785,41600
28/08/2012,27.883115768432617,27.94373031257577,27.810377853001505,27.883115768432617,27.883115768432617,75300
29/08/2012,27.8831110520472,27.98615622211996,27.840680415864743,27.9437255859375,27.9437255859375,69100
30/08/2012,27.7800632389429,27.967969663502913,27.761877030669073,27.87098503112793,27.87098503112793,71700
31/08/2012,27.883112882809357,27.90735962287598,27.664896846802552,27.7679443359375,27.7679443359375,200600
04/09/2012,27.774007739137627,27.901299669216233,27.567915051835605,27.883115768432617,27.883115768432617,94200
05/09/2012,27.78006907234285,27.89523762487931,27.549729654973415,27.598220825195312,27.598220825195312,88400
06/09/2012,27.82856175378512,27.883115768432617,27.604285165699483,27.883115768432617,27.883115768432617,100600
07/09/2012,27.883105723066926,27.931599190748162,27.780060572688015,27.852798461914062,27.852798461914062,76700
10/09/2012,27.84673893126165,27.88310903634434,27.658832502407954,27.822494506835938,27.822494506835938,76700
11/09/2012,26.804146840504156,26.828391257832255,26.610177628106914,26.701099395751953,26.701099395751953,1710200
12/09/2012,26.676855703219847,26.785963686651886,26.288917234259568,26.737472534179688,26.737472534179688,485000
13/09/2012,26.719279919949646,27.040540926143347,26.719279919949646,26.919309616088867,26.919309616088867,637700
14/09/2012,27.034500122070312,27.125424256788325,26.901147653393178,27.034500122070312,27.034500122070312,232800
17/09/2012,26.961765861188724,27.14361184300986,26.761735974874608,26.882965087890625,26.882965087890625,112700
18/09/2012,26.901130417654322,26.943561036724656,26.69503784832898,26.858699798583984,26.858699798583984,93100
19/09/2012,26.955708176189624,27.016322739096754,26.773859862873522,26.82235336303711,26.82235336303711,131400
20/09/2012,26.773857693306116,26.87690521665481,26.71324313531077,26.834474563598633,26.834474563598633,244600
21/09/2012,27.076921084595696,27.125414555714684,26.93144529583068,26.967815399169922,26.967815399169922,299000
24/09/2012,26.882965399291457,27.210289557739355,26.86478149458784,26.955705642700195,26.955705642700195,212900
25/09/2012,27.02236419715,27.161779431340467,26.598055655707636,26.616239547729492,26.616239547729492,265200
26/09/2012,26.688983806612118,27.240584348627603,26.664739382220553,27.07086181640625,27.07086181640625,380000
27/09/2012,27.1072325946491,27.246647865621334,26.785969106299387,26.91326332092285,26.91326332092285,188100
28/09/2012,26.75566890407192,27.02843898985066,26.646560869760428,26.743545532226562,26.743545532226562,497400
01/10/2012,26.816280975814177,26.901142251284753,26.27680143034377,26.57381820678711,26.57381820678711,198100
02/10/2012,26.682933116788817,26.828408965960584,26.598071819389133,26.785978317260742,26.785978317260742,127700
03/10/2012,26.9011402130127,27.05873938233173,26.81021610344269,26.901140213012695,26.901140213012695,339200
04/10/2012,26.99813606350566,27.03450387260078,26.446535273357572,26.77385711669922,26.77385711669922,197300
05/10/2012,27.081317793421782,27.198152786229553,26.78615385441705,26.87839126586914,26.87839126586914,200000
08/10/2012,26.81689559251999,26.853789613205528,26.50328234216823,26.515581130981445,26.515581130981445,103900
09/10/2012,26.570920856472682,26.58321964359584,26.20811484647781,26.478683471679688,26.478683471679688,174800
10/10/2012,26.177372739748378,26.675463132521507,25.912954643730384,26.65086555480957,26.65086555480957,131400
11/10/2012,26.779989442889594,26.810735230813616,26.534020793744165,26.767690658569336,26.767690658569336,155600
12/10/2012,26.73080123599791,26.976769927329766,26.552472351398595,26.693904876708984,26.693904876708984,204300
15/10/2012,26.687766978668794,27.22275149363446,26.398751250170825,26.995229721069336,26.995229721069336,236900
16/10/2012,27.08745806302545,27.08745806302545,26.90298094852915,27.0628604888916,27.0628604888916,102900
17/10/2012,27.03212016211722,27.118209343245898,26.91528517997891,27.007522583007812,27.007522583007812,75500
18/10/2012,27.050569524894364,27.382627459922716,26.95832977609222,27.3580322265625,27.3580322265625,117600
19/10/2012,27.296526919980664,27.42566063796436,27.06900527223512,27.210437774658203,27.210437774658203,162600
22/10/2012,27.22273643915292,27.22273643915292,26.7553920155283,26.90297508239746,26.90297508239746,96500
23/10/2012,26.779998574767152,26.890685325639996,26.31265634000163,26.79229736328125,26.79229736328125,181700
24/10/2012,26.85378585917726,27.087458122453924,26.66930874427623,26.890682220458984,26.890682220458984,104500
25/10/2012,27.056712979319286,27.056712979319286,25.6915780738124,25.89450454711914,25.89450454711914,197800
26/10/2012,25.820724717280555,25.93140915750304,25.144305209002162,25.83302116394043,25.83302116394043,285400
31/10/2012,25.599333269246998,25.906795827647624,25.13813943164606,25.814556121826172,25.814556121826172,197800
01/11/2012,25.863766936530215,26.072841696820213,25.587049997064835,25.765378952026367,25.765378952026367,200300
02/11/2012,25.955993903387032,26.21426372483433,25.728472220644484,25.771516799926758,25.771516799926758,133600
05/11/2012,25.789963604151648,25.962144265683147,25.43330818636124,25.783815383911133,25.783815383911133,92100
06/11/2012,25.894496083559538,25.925241869108806,25.59318175536936,25.900644302368164,25.900644302368164,111200
07/11/2012,25.734617628764546,25.820709123675027,25.500947751267674,25.513246536254883,25.513246536254883,113300
08/11/2012,25.408725403893833,25.617800200074672,25.058218002319336,25.058218002319336,25.058218002319336,102300
09/11/2012,24.916766650153388,24.916766650153388,22.801425038844666,24.486318588256836,24.486318588256836,270200
12/11/2012,24.504769994898965,24.597009719649105,23.779158020509023,23.969785690307617,23.969785690307617,185800
13/11/2012,23.809912302108952,24.10507621340523,23.613136361244766,23.705373764038086,23.705373764038086,108200
14/11/2012,23.717675248320482,23.77301863458619,22.78298825014104,22.81373405456543,22.81373405456543,182400
15/11/2012,22.782981417344743,22.795280204576898,22.22955006642062,22.5001163482666,22.5001163482666,227200
16/11/2012,22.4263230611007,23.699218052564394,22.4263230611007,23.625425338745117,23.625425338745117,271200
19/11/2012,23.742264316961915,24.006682362558127,23.594681224586996,23.852951049804688,23.852951049804688,163000
20/11/2012,23.83450942008992,24.049734735134884,23.65003225416169,24.01283836364746,24.01283836364746,177900
21/11/2012,24.160416433481878,24.228058594136055,23.705370663651728,23.80375862121582,23.80375862121582,105300
23/11/2012,23.852960467358837,24.02513885498047,23.520900137727462,24.02513885498047,24.02513885498047,56700
26/11/2012,23.994383191249945,24.203457867071844,23.428650749598013,23.662322998046875,23.662322998046875,110000
27/11/2012,23.563941667625528,23.705374231299828,23.36716572288265,23.440956115722656,23.440956115722656,135500
28/11/2012,23.773011968742438,24.04357825586784,23.391758940121676,23.545490264892578,23.545490264892578,255400
29/11/2012,23.705363483181834,23.803751410943747,23.397900915706707,23.606975555419922,23.606975555419922,175600
30/11/2012,23.699224295775075,23.73611831665039,23.367164033372475,23.73611831665039,23.73611831665039,288200
03/12/2012,23.834505589857354,24.597014057780328,23.822209147092032,24.5355224609375,24.5355224609375,190700
04/12/2012,24.57241504817054,24.787640316080928,24.301848753780426,24.3387451171875,24.3387451171875,118800
05/12/2012,24.338747727707524,24.39408876012301,24.043581480299896,24.12967300415039,24.12967300415039,101400
06/12/2012,24.092775959222365,24.301850676899672,23.883701241545058,24.055879592895508,24.055879592895508,122100
07/12/2012,24.29570455304476,24.492482863689087,24.154271974889884,24.369497299194336,24.369497299194336,102200
10/12/2012,24.46788528163923,26.43564727629167,24.24036116630985,24.369497299194336,24.369497299194336,87300
11/12/2012,24.541675740704395,24.701555332901613,24.32645276163996,24.461734771728516,24.461734771728516,124600
12/12/2012,24.449429844045323,24.510923783882447,23.809909290016915,23.939043045043945,23.939043045043945,140500
13/12/2012,23.9082926423846,24.03127815261335,23.625425265132414,23.773008346557617,23.773008346557617,79000
14/12/2012,23.883708221674727,24.018992591989942,23.54549964164148,23.650035858154297,23.650035858154297,128200
17/12/2012,23.84065226329397,24.062025728979513,23.674622164029813,23.852951049804688,23.852951049804688,175600
18/12/2012,23.82834834553512,23.994378409046,23.72381220133558,23.98822784423828,23.98822784423828,110400
19/12/2012,24.03743646552365,24.301854602527275,23.982093079970465,24.1911678314209,24.1911678314209,119200
20/12/2012,24.191158774600456,24.590861114592308,24.055874472617933,24.474023818969727,24.474023818969727,125800
21/12/2012,24.33259539101018,24.75074480772018,24.320296602782946,24.597013473510742,24.597013473510742,300500
24/12/2012,24.510925543947938,24.597014720147797,24.412537578897513,24.566268920898438,24.566268920898438,57900
26/12/2012,24.53552557866287,24.799943701043905,24.381794221267125,24.437137603759766,24.437137603759766,115100
27/12/2012,24.63707195302675,24.72454785993654,24.224683832209408,24.543346405029297,24.543346405029297,98800
28/12/2012,24.45588558620488,24.812039074660976,24.43714141845703,24.43714141845703,24.43714141845703,97000
31/12/2012,24.43712852440348,24.99947471199197,24.43712852440348,24.924495697021484,24.924495697021484,124900
02/01/2013,25.349393773161125,25.674306182952368,25.16819220901081,25.61182403564453,25.61182403564453,211600
03/01/2013,25.655559105085114,25.843007909285443,25.43061958662837,25.46186065673828,25.46186065673828,129400
04/01/2013,25.611817439502172,25.76177550783679,25.455609727921637,25.568077087402344,25.568077087402344,116600
07/01/2013,25.549331979458607,25.736780749711823,25.236916567856444,25.374380111694336,25.374380111694336,239100
08/01/2013,25.29314996920545,25.674297130603776,25.29314996920545,25.555580139160156,25.555580139160156,107300
09/01/2013,25.61182194660123,25.924237424740326,25.555587065194555,25.90549087524414,25.90549087524414,107700
10/01/2013,25.99921673083905,26.03670506312261,25.83051208494012,25.980472564697266,25.980472564697266,94500
11/01/2013,26.024203949181643,26.024203949181643,25.53683430108255,25.61806297302246,25.61806297302246,107400
14/01/2013,25.618064379296403,26.01170847495498,25.35563657121768,26.00545883178711,26.00545883178711,174800
15/01/2013,26.080434120507363,26.36785566664189,25.880486106305156,26.33661460876465,26.33661460876465,123400
16/01/2013,26.299123267556276,26.449083678664294,26.092928000225232,26.355358123779297,26.355358123779297,61600
17/01/2013,26.499065400575294,26.786486901813273,26.324113596959055,26.736501693725586,26.736501693725586,134500
18/01/2013,26.767751937804984,26.95520070369119,26.530315563127587,26.89896583557129,26.89896583557129,115400
22/01/2013,26.898970652140836,27.055178382273525,26.805247444185703,27.048931121826172,27.048931121826172,86400
23/01/2013,27.01143628458592,27.292610632605015,27.01143628458592,27.223878860473633,27.223878860473633,111900
24/01/2013,27.180131677074215,27.292601378145278,26.71150871712466,27.06141471862793,27.06141471862793,199900
25/01/2013,27.098911239234063,27.098911239234063,26.805242382842657,27.086414337158203,27.086414337158203,101400
28/01/2013,27.11140283126994,27.31759809982564,26.980188960483524,27.25511360168457,27.25511360168457,91600
29/01/2013,27.317602017126962,27.548788734551017,26.967695927980643,27.28011131286621,27.28011131286621,117900
30/01/2013,27.18637983863527,27.242614691041105,26.5677988457108,26.68651580810547,26.68651580810547,105900
31/01/2013,26.692774102662444,26.873973233788238,26.48033152287382,26.836484909057617,26.836484909057617,129300
01/02/2013,26.905205893439486,27.155136697736253,26.867715200202184,27.1238956451416,27.1238956451416,158400
04/02/2013,27.048916096504872,27.230117534853537,26.817727068181615,26.93019676208496,26.93019676208496,103000
05/02/2013,26.980198809023673,27.111412727706906,26.755259300686273,26.830238342285156,26.830238342285156,83600
06/02/2013,26.711517069685083,26.930206899295595,26.617791494971794,26.89896583557129,26.89896583557129,80700
07/02/2013,26.917715072631836,27.023935176625436,26.749010451400284,26.917715072631836,26.917715072631836,52400
08/02/2013,26.992692314972942,27.40508056716037,26.89896673711834,27.34259605407715,27.34259605407715,75400
11/02/2013,27.323860613396707,27.461324202516195,27.18639702427722,27.242631912231445,27.242631912231445,70400
12/02/2013,27.242618819538293,27.692497706962104,27.21762740187925,27.62376594543457,27.62376594543457,77500
13/02/2013,27.630024610132228,27.96118424177097,27.56129282616022,27.954936981201172,27.954936981201172,106100
14/02/2013,28.004924107497505,28.57352019937908,28.004924107497505,28.298595428466797,28.298595428466797,135000
15/02/2013,28.361066576716752,28.642240883148,28.254846496253883,28.54851531982422,28.54851531982422,161200
19/02/2013,28.548516755929114,29.210838224002362,28.54226949704531,29.18584442138672,29.18584442138672,188100
20/02/2013,29.210830688476562,29.554487043397778,28.992140930855676,29.210830688476562,29.210830688476562,232400
21/02/2013,29.185847112986572,29.64822296985669,28.973404538241994,29.204593658447266,29.204593658447266,207900
22/02/2013,29.36079465859678,29.648216198922736,29.17959318961481,29.635719299316406,29.635719299316406,194400
25/02/2013,29.660717089204617,29.785681335001364,29.11711260911991,29.17334747314453,29.17334747314453,165900
26/02/2013,29.185854652431193,29.417043832358477,28.842198088388713,29.179607391357422,29.179607391357422,167000
27/02/2013,29.154606705672137,29.404539993430497,29.073378029619597,29.254579544067383,29.254579544067383,93500
28/02/2013,29.298299789323632,29.385775672062664,29.054616292110882,29.073360443115234,29.073360443115234,247100
01/03/2013,28.973414236598614,29.39829952831088,28.60476383301124,29.34831428527832,29.34831428527832,174300
04/03/2013,29.37329738553546,29.504513676311568,29.235836218520344,29.35455322265625,29.35455322265625,137100
05/03/2013,29.4420299977902,29.59199045570859,29.28582227991466,29.454526901245117,29.454526901245117,145300
06/03/2013,29.5732538377779,29.5732538377779,29.142118900973298,29.34831428527832,29.34831428527832,126800
07/03/2013,29.36704704855365,29.504510584705308,29.304564923143058,29.36079978942871,29.36079978942871,208400
08/03/2013,29.535754690297264,29.6044864654541,29.279574136056663,29.6044864654541,29.6044864654541,102400
11/03/2013,29.47951417146752,29.59823115265441,29.31705684611695,29.36704444885254,29.36704444885254,96600
12/03/2013,29.042125111624877,29.042125111624877,28.479779018988584,28.542261123657227,28.542261123657227,368800
13/03/2013,28.27358800532601,28.579756084417465,28.161118293295665,28.473533630371094,28.473533630371094,2565400
14/03/2013,28.429797654510825,29.142104291301397,28.36731553615868,29.054628372192383,29.054628372192383,486400
15/03/2013,28.867175099586397,29.373286375950705,28.829684404339552,29.285810470581055,29.285810470581055,413700
18/03/2013,28.998398343162634,29.279572689668758,28.91716966894077,29.204593658447266,29.204593658447266,157200
19/03/2013,29.198346391658575,29.38579517673742,28.967159636179353,29.1358642578125,29.1358642578125,150200
20/03/2013,29.229589014964574,29.323314604264898,28.767215479386206,28.967161178588867,28.967161178588867,145000
21/03/2013,28.74222080141684,29.33581062076293,28.717226993887582,28.854690551757812,28.854690551757812,248500
22/03/2013,29.023391453332977,29.81067722116396,28.998397649010627,29.791933059692383,29.791933059692383,564700
25/03/2013,29.77319617047314,30.023127124122393,29.74820236004593,29.96689224243164,29.96689224243164,202700
26/03/2013,30.17307620006473,30.810403823852543,30.08560028016955,30.81040382385254,30.81040382385254,447400
27/03/2013,30.54457837762847,31.190154113454344,30.411666365237384,30.981292724609375,30.981292724609375,363400
28/03/2013,31.012943639299934,31.253452857837313,30.835727591107958,31.2218074798584,31.2218074798584,798700
01/04/2013,31.10787717960587,31.259775935205692,30.557237550991747,31.139522552490234,31.139522552490234,284200
02/04/2013,31.348398480678377,31.462323807396793,30.607886271396985,30.77877426147461,30.77877426147461,280300
03/04/2013,30.639531445454413,30.778774047004063,29.785093915408442,29.899019241333008,29.899019241333008,277400
04/04/2013,29.880020286572883,30.22179615235619,29.759766888339865,30.177492141723633,30.177492141723633,251300
05/04/2013,29.69648099500222,30.49395821052768,29.512936797869106,30.41800880432129,30.41800880432129,201800
08/04/2013,30.538257040703133,30.785094379704198,30.380027729611406,30.569902420043945,30.569902420043945,150200
09/04/2013,30.55723692989382,30.67749272455218,30.247108901788565,30.449642181396484,30.449642181396484,136100
10/04/2013,30.46231421731222,30.77244238188123,30.316743509438652,30.595226287841797,30.595226287841797,163800
11/04/2013,30.50026661974931,31.101538198590138,30.50026661974931,30.88001823425293,30.88001823425293,168400
12/04/2013,30.75344454426638,31.000281847501338,30.740785911486725,30.98762321472168,30.98762321472168,155700
15/04/2013,30.867360978753492,30.993944855885598,30.24077211486223,30.291406631469727,30.291406631469727,208600
16/04/2013,30.569904552311247,30.89902183206467,30.209141891009736,30.82307243347168,30.82307243347168,138400
17/04/2013,30.70281446190795,30.70281446190795,30.177494404565014,30.569902420043945,30.569902420043945,363500
18/04/2013,30.6838183425547,30.69014886512135,30.36735981705675,30.677490234375,30.677490234375,162100
19/04/2013,30.6521813665661,31.304085335003105,30.531927963126417,31.27243995666504,31.27243995666504,305900
22/04/2013,31.329399565735244,31.405348949260077,30.759773153330563,31.152183532714844,31.152183532714844,148100
23/04/2013,31.278768783865676,31.342061956380853,30.87370213731918,31.006616592407227,31.006616592407227,128700
24/04/2013,30.911679749201365,31.082567702855194,30.652183763516913,30.905351638793945,30.905351638793945,105500
25/04/2013,30.854696719837516,31.0635604411541,30.715454238959794,30.867355346679688,30.867355346679688,171300
26/04/2013,30.72179437311169,31.107874162259336,30.65850121909497,31.012935638427734,31.012935638427734,160100
29/04/2013,31.190154409583982,31.633196869481132,31.01293839137999,31.61421012878418,31.61421012878418,136000
30/04/2013,31.645866188329247,32.373722076416016,31.51295412979138,32.373722076416016,32.373722076416016,241700
01/05/2013,32.37371148461734,32.59523150970512,31.468639814594944,31.481298446655273,31.481298446655273,258500
02/05/2013,31.64586202619315,32.27877926671701,31.58257126789583,32.019283294677734,32.019283294677734,260000
03/05/2013,32.39271041954225,32.949678367927774,32.202835695934574,32.804107666015625,32.804107666015625,243900
06/05/2013,32.80410594472592,33.17119673585377,32.80410594472592,32.905372619628906,32.905372619628906,154000
07/05/2013,33.02561335984362,33.41169316415403,32.82308008780981,33.392704010009766,33.392704010009766,131000
08/05/2013,33.43068665898528,33.50030793801229,32.82941482984633,33.1838493347168,33.1838493347168,141400
09/05/2013,33.11422881327212,33.48765007027938,32.77245293444088,33.25347137451172,33.25347137451172,116500
10/05/2013,33.32308202259135,33.77878063457702,33.32308202259135,33.70283126831055,33.70283126831055,120900
13/05/2013,33.7028297053774,33.955997467041016,33.626880342632994,33.955997467041016,33.955997467041016,114000
14/05/2013,33.88005393322425,34.44968032836914,33.55093672873912,34.44968032836914,34.44968032836914,145600
15/05/2013,34.51930483659397,34.734496782223886,34.03195830047952,34.67120361328125,34.67120361328125,225700
16/05/2013,34.67120675370004,35.06994530379892,34.468673423513756,34.90538787841797,34.90538787841797,187700
17/05/2013,35.10157723292971,35.68386214487303,35.10157723292971,35.51930236816406,35.51930236816406,286000
20/05/2013,35.44335300204513,35.58259551858552,35.17119849119991,35.51930236816406,35.51930236816406,156700
21/05/2013,35.59525440141409,36.076270276098526,35.46233999177868,36.006649017333984,36.006649017333984,114300
22/05/2013,35.98134056982422,36.56995373796358,34.63322872030658,34.83576202392578,34.83576202392578,250400
23/05/2013,34.53195816522599,34.53195816522599,33.01928425412114,33.196502685546875,33.196502685546875,308400
24/05/2013,33.03827340908038,33.20283079427519,32.75346022856327,33.196502685546875,33.196502685546875,175700
28/05/2013,33.54460864088304,34.05727239683823,33.120555313196654,33.34207534790039,33.34207534790039,117400
29/05/2013,33.08258173564533,33.386381696426604,32.291435249948016,32.82308578491211,32.82308578491211,163800
30/05/2013,32.835725814545306,33.09522161825498,32.531926025889064,32.82939529418945,32.82939529418945,171200
31/05/2013,32.67751152237972,32.778778164820615,31.60155193745313,31.626869201660156,31.626869201660156,257200
03/06/2013,31.664843341299363,32.082568551843124,31.285094027854942,31.740795135498047,31.740795135498047,280100
04/06/2013,31.816746019902713,32.18383671834017,31.595223564595106,31.7218074798584,31.7218074798584,258200
05/06/2013,31.721807183312862,31.791428456776202,31.177498042840227,31.28509521484375,31.28509521484375,175500
06/06/2013,31.285089062936695,31.677496946472747,31.00027591585937,31.658510208129883,31.658510208129883,115900
07/06/2013,31.86105149404818,32.01928079181076,31.0952222723303,31.525606155395508,31.525606155395508,81500
10/06/2013,31.550915640455415,31.785096699662606,31.240787621658754,31.3863582611084,31.3863582611084,71000
11/06/2013,31.152191700656928,31.36105316370945,30.57623702794094,30.968645095825195,30.968645095825195,118100
12/06/2013,31.152176656007487,31.19015013219374,30.221787859254906,30.253433227539062,30.253433227539062,116900
13/06/2013,30.31041671589521,31.190171597332753,30.221808657964598,31.07624626159668,31.07624626159668,152900
14/06/2013,31.038244383182384,31.46862805485156,30.930647258071943,31.417993545532227,31.417993545532227,108200
17/06/2013,31.645866334449995,31.823082413318758,31.259786378867627,31.500295639038086,31.500295639038086,83200
18/06/2013,31.582580521707364,32.74081815575231,31.27877803257952,32.544612884521484,32.544612884521484,134800
19/06/2013,32.531944585741,32.639539349313566,31.468643511625483,31.525606155395508,31.525606155395508,82500
20/06/2013,31.17117066887699,31.468642511823543,29.90533632699366,30.10154151916504,30.10154151916504,172500
21/06/2013,30.34837286480297,30.829388757848392,30.145839603058903,30.38001823425293,30.38001823425293,329800
24/06/2013,30.025596746227347,30.34205540574892,29.367364569357324,29.64584732055664,29.64584732055664,192400
25/06/2013,29.968634149544037,30.27243658794027,29.367364626787587,30.126863479614258,30.126863479614258,224800
26/06/2013,30.377003768979836,30.825988683254792,30.287207275479034,30.556596755981445,30.556596755981445,135600
27/06/2013,30.800331300306244,32.05107409418047,30.800331300306244,32.04465866088867,32.04465866088867,132500
28/06/2013,32.08315462441725,32.55138109332938,31.807349623352717,31.9163875579834,31.9163875579834,251500
01/07/2013,32.15368680335045,32.480802820733565,31.92278022789415,32.20499801635742,32.20499801635742,152200
02/07/2013,32.2178458237561,32.79511260986328,32.025424377310856,32.79511260986328,32.79511260986328,148600
03/07/2013,32.782294193038354,32.981128688119256,32.47441929540182,32.705326080322266,32.705326080322266,127400
05/07/2013,33.17994659177933,33.34671359487647,32.051072614844266,32.942626953125,32.942626953125,114700
08/07/2013,33.026024186657665,33.2248586503241,32.91057081243827,33.0580940246582,33.0580940246582,171900
09/07/2013,33.25050225526341,33.82776889642648,33.07732226291449,33.62251663208008,33.62251663208008,204600
10/07/2013,33.62252866334403,33.93681893527877,33.28899942551394,33.410865783691406,33.410865783691406,190400
11/07/2013,33.72514016928223,33.97528820320755,33.25049849064583,33.41726303100586,33.41726303100586,211400
12/07/2013,33.398017937051144,33.44933160335076,33.11580011271408,33.173526763916016,33.173526763916016,85600
15/07/2013,33.28898375260172,33.41726303901532,32.92338240342777,33.212013244628906,33.212013244628906,132000
16/07/2013,33.276155326630615,33.67382649731265,33.0837339502858,33.41726303100586,33.41726303100586,292500
17/07/2013,33.526320510427155,33.54556192387312,32.936225214775625,33.0580940246582,33.0580940246582,174700
18/07/2013,33.1671139171745,33.46857561325395,33.02600621739366,33.340293884277344,33.340293884277344,120900
19/07/2013,33.295399880492496,33.943219146393545,32.98752515985697,33.744384765625,33.744384765625,121700
22/07/2013,33.88550211356078,34.174133043188974,33.64176699051551,33.93681335449219,33.93681335449219,98200
23/07/2013,34.02019391691934,34.12923182365414,33.359543702406384,33.75721740722656,33.75721740722656,228300
24/07/2013,34.058670197082094,34.21902175629015,32.724546496791824,32.80792999267578,32.80792999267578,209100
25/07/2013,33.30823463323875,34.142062466024804,32.45516294459885,32.647586822509766,32.647586822509766,162900
26/07/2013,32.43591423862556,32.58343738420438,32.0446560301566,32.4936408996582,32.4936408996582,66600
29/07/2013,32.51929555677929,32.9297951424785,32.461568899617184,32.544952392578125,32.544952392578125,174100
30/07/2013,32.775857692762315,33.20560114335868,31.97409989747194,32.211421966552734,32.211421966552734,109100
31/07/2013,32.416681508191715,32.57061768095647,31.018415297259917,31.05689811706543,31.05689811706543,246000
01/08/2013,31.249319436137732,31.67906053380631,31.050482578648168,31.17876434326172,31.17876434326172,175500
02/08/2013,31.127438137627664,31.371173147673357,30.986330455407664,31.101783752441406,31.101783752441406,106600
05/08/2013,31.031238056620893,31.371182618980956,31.024822623309813,31.140275955200195,31.140275955200195,119200
06/08/2013,31.14027839728583,31.36477209213168,30.838819070838458,30.92861557006836,30.92861557006836,116100
07/08/2013,30.851644332993832,31.101794863781794,30.601496248976908,30.781091690063477,30.781091690063477,98000
08/08/2013,30.883718828067966,30.915788658391147,30.216655591552453,30.441146850585938,30.441146850585938,115100
09/08/2013,30.383410998174334,30.909363886246958,30.306442939297252,30.370582580566406,30.370582580566406,131900
12/08/2013,30.261550517117744,30.35134701086103,29.613728760648147,30.14609718322754,30.14609718322754,174700
13/08/2013,30.12685826261806,30.12685826261806,29.299443450382338,29.54317855834961,29.54317855834961,191600
14/08/2013,29.60090444266312,29.62655883747372,29.28020126320532,29.41489601135254,29.41489601135254,131800
15/08/2013,29.030047690751275,29.209643116262296,28.57464981079102,28.574649810791016,28.574649810791016,126000
16/08/2013,28.491271218440797,28.491271218440797,27.66385881894081,27.676687240600586,27.676687240600586,215200
19/08/2013,27.638200444705948,27.798552036414204,27.02245091977131,27.02886390686035,27.02886390686035,119800
20/08/2013,27.09941973526268,27.599715932023827,26.983966390353,27.548404693603516,27.548404693603516,216400
21/08/2013,27.458604649293978,27.933243942233755,27.016032735305615,27.599712371826172,27.599712371826172,145700
22/08/2013,27.683099531548706,28.401473999023438,27.471436696415864,28.401473999023438,28.401473999023438,141300
23/08/2013,28.452788756016194,28.67728002094128,28.228295044319825,28.664451599121094,28.664451599121094,57700
26/08/2013,28.702937675112132,28.760664351547458,28.5425860679886,28.690109252929688,28.690109252929688,76700
27/08/2013,28.49768781373572,28.77990576143545,28.401475870753064,28.690109252929688,28.690109252929688,123200
28/08/2013,28.75424183014741,28.773483233655764,27.894757403063235,27.971725463867188,27.971725463867188,155300
29/08/2013,27.95248174957532,28.11924627532617,27.84985441462669,28.061519622802734,28.061519622802734,85500
30/08/2013,28.010225730785123,28.253960929826565,27.46503108619534,27.561243057250977,27.561243057250977,128900
03/09/2013,27.875526350514946,27.875526350514946,26.89417517271928,27.06093978881836,27.06093978881836,245400
04/09/2013,27.086590141451335,27.420121740444714,27.041691892237907,27.40729331970215,27.40729331970215,183600
05/09/2013,27.445781416213087,27.445781416213087,27.163561024274422,27.311086654663086,27.311086654663086,137000
06/09/2013,27.548405688279423,28.00380365032642,27.465022170218152,27.830623626708984,27.830623626708984,89100
09/09/2013,27.926835424807134,28.901773452758793,27.875521738023295,28.90177345275879,28.90177345275879,119500
10/09/2013,29.119851230965782,29.19040387893233,28.51051466805109,28.722177505493164,28.722177505493164,133600
11/09/2013,28.70293421407139,29.19681739807129,28.677277372800237,29.19681739807129,29.19681739807129,109100
12/09/2013,29.209636936659628,29.504683181247227,28.77989353974264,28.850448608398438,28.850448608398438,61900
13/09/2013,28.978738045115005,29.241714541273453,28.747831375947403,28.933839797973633,28.933839797973633,141300
16/09/2013,29.382828469990425,29.504694806833164,28.722178205076432,28.869701385498047,28.869701385498047,206000
17/09/2013,28.773483945715956,29.100600047305832,28.6387892242831,28.940248489379883,28.940248489379883,119900
18/09/2013,28.991559257086845,29.729174881566507,28.77348106229061,29.562410354614258,29.562410354614258,371900
19/09/2013,29.626554477870016,29.902359367360194,29.517516587349615,29.72917938232422,29.72917938232422,245800
20/09/2013,29.665043740800037,29.88953498499497,29.126262307961152,29.19681739807129,29.19681739807129,223000
23/09/2013,29.06211730438633,29.459788483837027,28.95949240495484,29.023632049560547,29.023632049560547,93200
24/09/2013,29.02363592408676,29.119847850609784,28.715761184692383,28.715761184692383,28.715761184692383,101500
25/09/2013,28.856877226850084,29.062127094857793,28.542586990154348,28.593900680541992,28.593900680541992,128700
26/09/2013,28.7435317779274,29.075336958108938,28.45076104138835,28.691482543945312,28.691482543945312,193900
27/09/2013,28.58739126849114,28.977753142148877,28.131972805323837,28.190526962280273,28.190526962280273,105700
30/09/2013,27.949805795487976,28.314143085112075,27.48137497379384,27.728601455688477,27.728601455688477,146000
01/10/2013,27.748111871001157,29.068830070547918,27.741604476273313,28.80208396911621,28.80208396911621,156200
02/10/2013,28.63943127303975,28.925694569241998,28.333648276252028,28.457263946533203,28.457263946533203,103700
03/10/2013,28.4312488957654,28.4312488957654,27.650527619550367,27.83269500732422,27.83269500732422,200800
04/10/2013,27.767642395856537,27.89125565462962,27.383787823845804,27.468366622924805,27.468366622924805,108700
07/10/2013,27.33173664516563,27.618002565951954,27.156076625213018,27.169086456298828,27.169086456298828,134100
08/10/2013,27.195100858209834,27.416305131181122,27.019438422452282,27.149559020996094,27.149559020996094,109600
09/10/2013,27.175584267195262,27.7025715866872,27.10401781224455,27.279680252075195,27.279680252075195,120700
10/10/2013,27.53341551663662,27.65702872964448,27.260164472563194,27.552932739257812,27.552932739257812,182000
11/10/2013,27.448837134180508,27.865223583416313,27.42281499760169,27.819679260253906,27.819679260253906,191800
14/10/2013,27.6440185422909,27.852210520351733,27.58546439334603,27.845703125,27.845703125,236300
15/10/2013,27.80666614026725,27.956303955714553,27.670038150646736,27.715579986572266,27.715579986572266,199700
16/10/2013,27.897752698621673,28.333653882394366,27.832691153536377,28.223052978515625,28.223052978515625,97100
17/10/2013,28.17751089922763,28.619919474683947,27.86522293099567,28.57437515258789,28.57437515258789,270300
18/10/2013,28.821608908844706,28.821608908844706,28.44426181441463,28.756549835205078,28.756549835205078,129500
21/10/2013,28.938705136632695,28.951717442293152,28.56135819985358,28.90617561340332,28.90617561340332,176000
22/10/2013,29.055820687640885,29.19244620855118,28.71750810121243,29.133892059326172,29.133892059326172,242400
23/10/2013,29.08184977308666,29.524258417007108,29.01028330394592,29.498233795166016,29.498233795166016,267000
24/10/2013,29.58931754667273,29.901605563832852,29.39413784617822,29.732450485229492,29.732450485229492,135700
25/10/2013,29.862548010323582,29.862548010323582,29.517728241639645,29.712907791137695,29.712907791137695,122700
28/10/2013,29.810517497768306,29.810517497768306,29.244495704779947,29.55678367614746,29.55678367614746,104700
29/10/2013,29.56328073869044,29.85605140967335,29.30304207258393,29.804004669189453,29.804004669189453,179700
30/10/2013,29.73895325675289,29.869073874987418,29.55027848440504,29.58931541442871,29.58931541442871,142200
31/10/2013,29.589317072497355,29.869075548732624,28.925704115974934,28.997270584106445,28.997270584106445,200100
01/11/2013,28.899681654822647,29.166430322105487,28.561371477747905,28.860647201538086,28.860647201538086,211000
04/11/2013,29.05581751935269,29.36810545388567,28.665458221647434,29.264009475708008,29.264009475708008,195100
05/11/2013,29.127388856093468,29.303051314083056,28.379197181157554,28.56136703491211,28.56136703491211,144900
06/11/2013,28.75003791172814,28.756545307174186,28.28811210882613,28.392208099365234,28.392208099365234,106400
07/11/2013,28.44425777308028,28.44425777308028,27.696066123304085,27.774137496948242,27.774137496948242,74300
08/11/2013,27.650515101254804,27.735093842363028,27.11051561505135,27.546419143676758,27.546419143676758,151200
11/11/2013,27.44233268159143,27.787150195035533,27.17558654288398,27.26667022705078,27.26667022705078,149800
12/11/2013,27.253663043068606,27.325229517471428,26.96089223044104,27.136554718017578,27.136554718017578,143600
13/11/2013,27.084504540101985,27.31872116069617,26.986913454239602,27.188600540161133,27.188600540161133,161200
14/11/2013,27.286180429156637,27.637505247837137,27.22762629270989,27.331722259521484,27.331722259521484,77700
15/11/2013,27.24714599275455,27.35774687168529,27.077988495533443,27.331722259521484,27.331722259521484,219400
18/11/2013,27.461853068912262,27.507394916242898,27.21462660678724,27.247156143188477,27.247156143188477,124800
19/11/2013,27.344742220328552,27.455345612064566,26.86980408368404,27.117033004760742,27.117033004760742,78100
20/11/2013,27.15607205700808,27.312214822220653,26.22571293464775,26.466434478759766,26.466434478759766,337200
21/11/2013,26.511968066583737,26.967388873298706,26.20618506401842,26.726667404174805,26.726667404174805,354700
22/11/2013,26.726677731829728,26.947879585475597,26.687640796680327,26.869808197021484,26.869808197021484,198300
25/11/2013,26.863298330105764,26.95438201348598,26.577032488803106,26.62908172607422,26.62908172607422,118300
26/11/2013,26.674623021876343,26.674623021876343,26.251731664157703,26.453418731689453,26.453418731689453,202800
27/11/2013,26.362339501210418,26.882819541927166,26.284268115564057,26.817760467529297,26.817760467529297,138400
29/11/2013,26.882812914474577,26.908837530555687,26.459921589610545,26.54450035095215,26.54450035095215,76700
02/12/2013,26.472939545375215,26.837276802706285,26.147639220493925,26.31028938293457,26.31028938293457,90500
03/12/2013,26.219197540498424,26.700642963707732,26.212692628034024,26.524980545043945,26.524980545043945,115800
04/12/2013,26.46643163801837,26.986911602602735,26.264744565935075,26.518478393554688,26.518478393554688,71800
05/12/2013,26.551008825348728,26.79173032927574,26.355826678649112,26.61606788635254,26.61606788635254,146400
06/12/2013,26.954380212423807,27.25365586120274,26.713658710740237,27.143054962158203,27.143054962158203,105900
09/12/2013,27.091010600686648,27.279685384354227,27.058481064637462,27.21462631225586,27.21462631225586,152700
10/12/2013,27.214622095807925,27.55943959182572,27.15606794725357,27.162572860717773,27.162572860717773,124600
11/12/2013,27.130042649907164,27.130042649907164,26.219200913405658,26.258237838745117,26.258237838745117,266300
12/12/2013,26.32981509296208,26.6160785506582,25.841864494393295,25.939453125,25.939453125,240200
13/12/2013,26.04354027075619,26.681128537602564,25.71823998266043,26.518478393554688,26.518478393554688,256400
16/12/2013,26.577024696635203,26.64859113597817,26.173653153426265,26.505460739135742,26.505460739135742,99100
17/12/2013,26.590035567418585,26.90883083042414,26.342809221737856,26.772205352783203,26.772205352783203,91300
18/12/2013,26.82425235217257,27.741598753905173,26.609555525474335,27.546419143676758,27.546419143676758,190800
19/12/2013,27.429319304708457,27.526910380714558,27.019440260064655,27.47486114501953,27.47486114501953,152400
20/12/2013,27.41630716439382,27.70257299878869,27.149561034426714,27.663536071777344,27.663536071777344,329500
23/12/2013,27.71558595590392,27.80667212921687,27.344743793871057,27.578960418701172,27.578960418701172,158300
24/12/2013,27.637513199151737,28.01486273855953,27.5594418220428,27.754621505737305,27.754621505737305,109900
26/12/2013,27.826190073254494,28.040886997001937,27.104022955309926,27.38378143310547,27.38378143310547,155700
27/12/2013,27.42340437390991,27.575315991998096,27.112974860676054,27.56871223449707,27.56871223449707,135500
30/12/2013,27.509270394671518,28.42734644887066,27.430010181396923,28.097103118896484,28.097103118896484,177400
31/12/2013,28.097106934908336,28.757593684560774,27.87254133924423,28.16315460205078,28.16315460205078,268900
02/01/2014,28.08388961433366,28.315058908938106,27.548894578819496,27.72722625732422,27.72722625732422,107000
03/01/2014,27.733836555377117,28.19617521162364,27.509270985390216,28.03105354309082,28.03105354309082,72900
06/01/2014,28.10371244545728,28.235810307532606,27.614953631202873,27.859333038330078,27.859333038330078,130200
07/01/2014,28.36129985937242,29.2595622336781,28.36129985937242,28.869874954223633,28.869874954223633,148900
08/01/2014,28.784009246670166,28.889687009264804,28.070682459488925,28.22920036315918,28.22920036315918,108300
09/01/2014,28.32827690562989,28.32827690562989,27.61495251065944,27.965009689331055,27.965009689331055,80000
10/01/2014,28.044258108351347,28.367897624148547,27.97160418524037,28.301847457885742,28.301847457885742,95400
13/01/2014,28.169753552627224,28.32166516318328,27.773460094190423,27.98481559753418,27.98481559753418,91300
14/01/2014,28.11691606270755,28.394321761671765,27.965004437857193,28.21599006652832,28.21599006652832,65200
15/01/2014,28.315060404616066,28.665120022937764,28.097101132412437,28.579256057739258,28.579256057739258,93300
16/01/2014,28.572647072703273,28.836842700787518,28.572647072703273,28.797212600708008,28.797212600708008,74700
17/01/2014,28.817032439746384,28.836846232434613,28.420738949085976,28.65191078186035,28.65191078186035,97100
21/01/2014,28.73776599803797,29.695471910007814,28.50659673494966,29.622817993164062,29.622817993164062,158200
22/01/2014,29.622822828160263,30.01911629756612,29.563378933727204,29.933252334594727,29.933252334594727,118600
23/01/2014,29.887016328395045,30.00590410872443,29.25294984634248,29.404861450195312,29.404861450195312,98400
24/01/2014,29.272773130451167,29.609622790485425,28.85006200532014,29.37184715270996,29.37184715270996,120200
27/01/2014,29.332213565885773,29.543569103419046,28.869872382697963,29.22653579711914,29.22653579711914,126900
28/01/2014,29.226536250210668,29.675667404320823,29.140672274395165,29.51054573059082,29.51054573059082,121800
29/01/2014,29.3388171904776,29.820974685308002,29.23313942219237,29.67566680908203,29.67566680908203,130800
30/01/2014,29.88701839240275,30.692812843715636,29.807760706561673,30.3493595123291,30.3493595123291,288300
31/01/2014,29.953073644293113,30.976830140882072,29.953073644293113,30.877756118774414,30.877756118774414,259600
03/02/2014,30.87775098123858,31.036268886324724,30.422016098395446,30.712629318237305,30.712629318237305,253000
04/02/2014,30.778683025736484,31.320281985277465,30.46164967280204,31.221210479736328,31.221210479736328,268500
05/02/2014,31.128745521696693,31.221213276307193,30.864549777474682,31.06930160522461,31.06930160522461,176300
06/02/2014,31.122134981144345,31.67694395240118,31.122134981144345,31.505218505859375,31.505218505859375,219000
07/02/2014,31.531624108359637,31.67692941349371,31.22119467181511,31.35329246520996,31.35329246520996,150600
10/02/2014,31.41934340990918,31.657118959141386,31.141940282175682,31.617488861083984,31.617488861083984,132300
11/02/2014,31.63071127899058,32.16570647424406,31.478799622955986,31.92793083190918,31.92793083190918,117400
12/02/2014,32.02039430152098,32.09304824026115,31.492005455533526,31.709964752197266,31.709964752197266,288100
13/02/2014,31.5184268951416,31.960951785493446,31.227811127572632,31.5184268951416,31.5184268951416,251900
14/02/2014,31.558057106140534,31.59768721943357,31.168369810542107,31.227813720703125,31.227813720703125,137700
18/02/2014,31.22781944246973,31.736394651574685,31.161771761103388,31.591089248657227,31.591089248657227,144100
19/02/2014,31.584470593881967,31.690148354397728,31.023057963558845,31.155153274536133,31.155153274536133,177000
20/02/2014,31.22121221618154,31.90811911218876,30.256902065762134,30.455047607421875,30.455047607421875,276800
21/02/2014,30.58053431614339,30.620164425974426,30.17103325945011,30.33615493774414,30.33615493774414,299200
24/02/2014,30.316347099564474,30.43523493286138,29.887029643819265,29.920053482055664,29.920053482055664,201400
25/02/2014,29.887018736271738,30.217262037225016,29.801154772548085,29.946462631225586,29.946462631225586,141200
26/02/2014,30.005906448292865,30.50127139843696,29.748317077346965,30.395593643188477,30.395593643188477,281300
27/02/2014,30.37577958079493,30.46164102397426,30.098373901016554,30.3493595123291,30.3493595123291,118900
28/02/2014,30.408813734473867,30.71924082593159,30.31634598299466,30.42202377319336,30.42202377319336,220500
03/03/2014,30.289920885483628,30.593744167006363,29.8936273482499,30.098379135131836,30.098379135131836,229700
04/03/2014,30.223869386007227,31.13534171042028,30.17103176174559,30.910776138305664,30.910776138305664,270200
05/03/2014,30.897566094096156,31.141947979855736,30.468251263691883,30.844728469848633,30.844728469848633,125100
06/03/2014,29.662458075481105,30.0653553721199,29.62282796580034,29.774742126464844,29.774742126464844,2326300
07/03/2014,29.80775560180956,29.81435935801688,29.59640012939161,29.702077865600586,29.702077865600586,430500
10/03/2014,29.616225413909252,29.76153330243527,29.180304267888147,29.477523803710938,29.477523803710938,193500
11/03/2014,29.569986382741998,29.569986382741998,29.160485382391485,29.312397003173828,29.312397003173828,149200
12/03/2014,29.305807229915235,29.49734906294503,29.134081720012684,29.44451141357422,29.44451141357422,186300
13/03/2014,29.543572602460547,29.543572602460547,29.2133292210073,29.37184715270996,29.37184715270996,247700
14/03/2014,29.26617962277661,29.754938587577822,29.140685481349813,29.44451141357422,29.44451141357422,181800
17/03/2014,29.517148706552625,29.642642787777422,29.233139233700438,29.470914840698242,29.470914840698242,157900
18/03/2014,29.53034969197786,29.840779141479683,29.338808009538187,29.65584373474121,29.65584373474121,205200
19/03/2014,29.721911685043228,29.959687381652802,29.021794636088114,29.120868682861328,29.120868682861328,179700
20/03/2014,29.001974266385165,29.31240385771674,28.90290024204957,29.20672607421875,29.20672607421875,203600
21/03/2014,29.32560730652705,29.629430550874115,29.147275614525984,29.358631134033203,29.358631134033203,328300
24/03/2014,29.345428311962447,29.497339971474503,28.757595471376668,29.10765266418457,29.10765266418457,161900
25/03/2014,29.23974955366756,29.636040607077902,29.015183951519816,29.418081283569336,29.418081283569336,313400
26/03/2014,29.543566422239994,29.543566422239994,28.87647603985822,28.92931365966797,28.92931365966797,176400
27/03/2014,29.029890004506367,29.425447506447586,28.835462872236135,29.331586837768555,29.331586837768555,250200
28/03/2014,29.33158028220517,29.995313167038695,29.284649958354507,29.780771255493164,29.780771255493164,416700
31/03/2014,29.97519309058495,30.357341407824887,29.673496377629633,30.22995948791504,30.22995948791504,681400
01/04/2014,30.303715906051266,30.3171249365785,29.76066167849806,30.122697830200195,30.122697830200195,261100
02/04/2014,30.10258755963945,30.330535978698382,29.794184952081196,29.88804817199707,29.88804817199707,315100
03/04/2014,29.861221611135587,29.9819003020301,29.47907327580648,29.733837127685547,29.733837127685547,244800
04/04/2014,29.921567163411883,30.29700978406601,29.63327940397473,29.995315551757812,29.995315551757812,367700
07/04/2014,29.901451506288478,30.122696665164295,29.639981814897762,29.79418182373047,29.79418182373047,222900
08/04/2014,29.82770726378641,30.002019548146738,29.57294079509569,29.66680145263672,29.66680145263672,276700
09/04/2014,29.82099760625505,29.86792792894558,29.485779554173707,29.807588577270508,29.807588577270508,123600
10/04/2014,29.80087999449819,29.94167093730829,29.391913635136188,29.465662002563477,29.465662002563477,247000
11/04/2014,29.257831253876756,29.55282477729581,28.828752555278978,29.036588668823242,29.036588668823242,226500
14/04/2014,29.304757351253578,29.452254091695625,28.808636136601905,29.14385414123535,29.14385414123535,129000
15/04/2014,29.251115877146574,29.693603421105387,28.976237290104127,29.626558303833008,29.626558303833008,221900
16/04/2014,29.73382683226422,29.85450548137341,29.358384419488644,29.619853973388672,29.619853973388672,182600
17/04/2014,29.619859685583027,29.780762877085728,29.277935927997078,29.432138442993164,29.432138442993164,177900
21/04/2014,29.519297810531768,29.66679455667453,29.31146427643298,29.639976501464844,29.639976501464844,132900
22/04/2014,29.606465856918458,29.774074925981065,29.31817805352986,29.760665893554688,29.760665893554688,106000
23/04/2014,29.660089047048306,29.767358702150222,29.499183285640274,29.653383255004883,29.653383255004883,264200
24/04/2014,29.720431107975678,29.9684917285688,29.499185985479517,29.693613052368164,29.693613052368164,195200
25/04/2014,29.660102450131365,29.88134509484549,29.526014681283563,29.720441818237305,29.720441818237305,275000
28/04/2014,29.827702310203264,30.263484227487915,29.760657167729004,30.243371963500977,30.243371963500977,194300
29/04/2014,30.343928914843126,30.471313377712956,30.008710951518474,30.16961669921875,30.16961669921875,236100
30/04/2014,31.00766789104749,31.718331038010994,30.36404988484127,30.55177116394043,30.55177116394043,223000
01/05/2014,30.538358394660925,31.000960857927506,30.095870749912653,30.99425506591797,30.99425506591797,234300
02/05/2014,30.974136497290903,31.617754293582873,30.73948241743815,31.322763442993164,31.322763442993164,227000
05/05/2014,31.20880876680157,31.698226951267795,31.000975153850074,31.651296615600586,31.651296615600586,368400
06/05/2014,31.483682248233816,31.75856097841708,31.295960937136282,31.544021606445312,31.544021606445312,252300
07/05/2014,31.684806882989697,31.88593974580918,31.52390366174682,31.845712661743164,31.845712661743164,273200
08/05/2014,31.77867804425456,31.912763243060976,31.637884493489853,31.879241943359375,31.879241943359375,233300
09/05/2014,31.771957765263057,31.87922740991168,31.342879186668565,31.805479049682617,31.805479049682617,132700
12/05/2014,31.946287173232687,32.04014783561603,31.7987903851953,31.899356842041016,31.899356842041016,176300
13/05/2014,31.926161485807196,32.053545962142664,31.39651899147415,31.40992546081543,31.40992546081543,174900
14/05/2014,31.430040656926344,31.456856153440988,31.094822654144526,31.20879554748535,31.20879554748535,187500
15/05/2014,31.15516696375814,31.32277599186958,30.880288259955808,31.282548904418945,31.282548904418945,137700
16/05/2014,31.289247640309487,31.751850128173828,31.175274745190148,31.751850128173828,31.751850128173828,165000
19/05/2014,31.644574770217773,31.82559276885315,31.47696579638983,31.79877471923828,31.79877471923828,139800
20/05/2014,31.805484479056187,31.999911542393495,31.691511581071868,31.88593864440918,31.88593864440918,188400
21/05/2014,31.939576343274656,31.966394401873625,31.483679577135504,31.711627960205078,31.711627960205078,223200
22/05/2014,31.805477465740452,31.812183256796448,31.409920191264632,31.46355628967285,31.46355628967285,200500
23/05/2014,31.557424226039153,31.97979964771472,31.503790672697313,31.872529983520508,31.872529983520508,141000
27/05/2014,32.04683731166069,32.3485339951381,31.932864429852636,32.33512496948242,32.33512496948242,152300
28/05/2014,32.23456074465197,32.415576195157946,31.993203400630538,32.25467300415039,32.25467300415039,136300
29/05/2014,32.30833247829481,32.37537765961472,32.13402012188736,32.26140213012695,32.26140213012695,88700
30/05/2014,32.34183683143967,32.61671551519885,32.31501877509472,32.4625129699707,32.4625129699707,190300
02/06/2014,32.48933869931785,32.791035510673666,32.35525094343624,32.57649612426758,32.57649612426758,183000
03/06/2014,32.509436750675604,32.63681864640471,32.40216711282216,32.51613998413086,32.51613998413086,97100
04/06/2014,32.51614724699858,32.65023496364294,32.22115631638937,32.52955627441406,32.52955627441406,168600
05/06/2014,32.542973534583886,33.454767169419426,32.50274644216075,33.38772201538086,33.38772201538086,140600
06/06/2014,33.521805622294316,34.02463270662873,33.05249983208003,33.51510238647461,33.51510238647461,246100
09/06/2014,33.49497479304837,33.528496074387526,33.00555692446914,33.04578399658203,33.04578399658203,135600
10/06/2014,33.00557327270508,33.206703617873224,32.824555194800425,33.00557327270508,33.00557327270508,145900
11/06/2014,32.94522403042646,33.159763341916005,32.60330280196197,32.972042083740234,32.972042083740234,102500
12/06/2014,32.99887003612095,33.07261842610186,32.723991300971896,33.00557327270508,33.00557327270508,122400
13/06/2014,33.1798854485772,33.44805836808782,32.844667381055764,33.38101577758789,33.38101577758789,108400
16/06/2014,33.38772900245399,33.38772900245399,33.099441173535766,33.22682571411133,33.22682571411133,93200
17/06/2014,33.12624321277056,33.42123413700976,33.065903869459085,33.32737350463867,33.32737350463867,209900
18/06/2014,33.36759722987338,33.85701516194684,32.992152180641206,33.80337905883789,33.80337905883789,100000
19/06/2014,33.857031619325426,34.031343924139705,33.66931028221598,33.991119384765625,33.991119384765625,195900
20/06/2014,33.816785908926214,34.0849612921969,33.68940400850313,33.977691650390625,33.977691650390625,308700
23/06/2014,33.877135144739555,34.04474416889917,33.74975320708211,33.82350158691406,33.82350158691406,161600
24/06/2014,33.83019894899108,33.91735634252486,33.17987778726753,33.267032623291016,33.267032623291016,356100
25/06/2014,33.22010202351393,33.59554708992114,33.1999897626831,33.39441680908203,33.39441680908203,238500
26/06/2014,33.56424241302503,33.86992820011246,33.333280106261874,33.76803207397461,33.76803207397461,216900
27/06/2014,33.55066794617505,34.10090255737305,33.55066794617505,34.10090255737305,34.10090255737305,229400
30/06/2014,34.17561442980289,34.17561442980289,33.571034713588546,33.85634231567383,33.85634231567383,164700
01/07/2014,33.93785881487189,34.35902707075509,33.79520630464996,34.16202926635742,34.16202926635742,221400
02/07/2014,34.21637984337051,34.21637984337051,33.86314312391715,34.02617645263672,34.02617645263672,157700
03/07/2014,34.06014153938313,34.06014153938313,33.68652661938171,33.99900436401367,33.99900436401367,69100
07/07/2014,33.86993694051363,34.209587326854404,33.86993694051363,34.073726654052734,34.073726654052734,139600
08/07/2014,34.1144830630883,34.34544541205227,34.066932219889246,34.2639274597168,34.2639274597168,143100
09/07/2014,34.420159803351126,34.4541269060619,34.12126847530959,34.2843017578125,34.2843017578125,146900
10/07/2014,33.89710809098612,34.44734003402219,33.89710809098612,34.3046875,34.3046875,137100
11/07/2014,34.291101174189315,34.34544647743206,34.03976062500831,34.3046875,34.3046875,102800
14/07/2014,34.4813010706616,34.58998907484415,34.325062226607095,34.41337203979492,34.41337203979492,96000
15/07/2014,34.32506742259071,34.58999431093128,34.250343922530185,34.56282424926758,34.56282424926758,130600
16/07/2014,34.65791568429385,34.88887798369236,34.399780739948206,34.77339553833008,34.77339553833008,157900
17/07/2014,34.549239474674465,35.11305779725626,34.44734331704638,34.861717224121094,34.861717224121094,134700
18/07/2014,34.77340442388014,35.113054798531024,34.77340442388014,35.038333892822266,35.038333892822266,129700
21/07/2014,35.06549117355979,35.19455992733635,34.705462736868895,35.15380096435547,35.15380096435547,170400
22/07/2014,35.29645982826192,35.4934576312917,34.86850230056775,34.96360397338867,34.96360397338867,248700
23/07/2014,34.94322663435365,35.35080860400838,34.7869877862836,35.14022445678711,35.14022445678711,110500
24/07/2014,35.629313977015926,35.996136891931776,35.31683634934358,35.5410041809082,35.5410041809082,257300
25/07/2014,35.46629198083222,35.7108406685146,35.344017636991026,35.656497955322266,35.656497955322266,163300
28/07/2014,35.80594336547931,36.13880188668806,35.561394670930326,35.98256301879883,35.98256301879883,154400
29/07/2014,36.08445361890903,36.08445361890903,35.62252892074735,35.79914855957031,35.79914855957031,190300
30/07/2014,35.97575823093468,36.03010352137672,35.66328058487121,35.92820739746094,35.92820739746094,317600
31/07/2014,35.92820774173663,36.023309409595406,35.50704210207942,35.751590728759766,35.751590728759766,415700
01/08/2014,35.792355872059666,36.03690455863583,35.45270549433204,35.6972541809082,35.6972541809082,187300
04/08/2014,35.907823524149386,36.159163974335456,35.41193448834414,36.07085418701172,36.07085418701172,204200
05/08/2014,36.02331940700578,36.19314460140627,35.73121986533081,35.98256301879883,35.98256301879883,168000
06/08/2014,35.901044029501854,36.28145338692023,35.7176351051801,36.206729888916016,36.206729888916016,275800
07/08/2014,36.42411105566931,36.70262430207793,36.274666629933755,36.64148712158203,36.64148712158203,190100
08/08/2014,36.621103876563396,36.89282521715803,36.4173141667808,36.45127868652344,36.45127868652344,156800
11/08/2014,36.634681237987316,37.06943320349077,36.46485608950464,36.926780700683594,36.926780700683594,135200
12/08/2014,36.8928253270826,36.8928253270826,36.58713946583451,36.69582748413086,36.69582748413086,173000
13/08/2014,36.743366980989244,37.11018990118371,36.70940247163627,36.96074295043945,36.96074295043945,292800
14/08/2014,37.021876183793196,37.20528762447015,36.940360851712,37.07622146606445,37.07622146606445,281300
15/08/2014,37.29361149236342,37.3615405295228,36.55996545267418,36.81130599975586,36.81130599975586,208400
18/08/2014,37.11018878755038,37.17132593908147,36.83167567309228,37.01508712768555,37.01508712768555,134100
19/08/2014,36.9811459369072,37.02190493025885,36.736599750780385,36.83849334716797,36.83849334716797,170800
20/08/2014,36.8045155024272,36.886030868317775,36.6007257920374,36.69582748413086,36.69582748413086,197100
21/08/2014,36.72300093202647,36.97434149390752,36.498830431813,36.53279495239258,36.53279495239258,105000
22/08/2014,36.51240614301016,36.51240614301016,36.11161869750826,36.34937286376953,36.34937286376953,143600
25/08/2014,36.444488426841204,36.444488426841204,35.84670300595797,36.1999397277832,36.1999397277832,122000
26/08/2014,36.31541176010795,36.396929703039156,35.955383248470525,36.335792541503906,36.335792541503906,148000
27/08/2014,36.451272684863625,36.587133332791645,36.315412036935605,36.46485900878906,36.46485900878906,72000
28/08/2014,36.424100518359715,36.60751200678739,36.322206974561915,36.458065032958984,36.458065032958984,92300
29/08/2014,36.43767336412113,36.46484600227989,36.199919258545464,36.43088150024414,36.43088150024414,162500
02/09/2014,36.5531676223089,36.5531676223089,36.17275833882596,36.539581298828125,36.539581298828125,131100
03/09/2014,36.68223707502942,36.77733875653763,36.53279009475853,36.56675720214844,36.56675720214844,135800
04/09/2014,36.648275540920665,36.87923789680177,36.32221149579322,36.390140533447266,36.390140533447266,129100
05/09/2014,36.30862490559249,36.85206497684749,36.30862490559249,36.81130599975586,36.81130599975586,159900
08/09/2014,36.86563204910038,37.083007964075634,36.70259881720627,36.947147369384766,36.947147369384766,97200
09/09/2014,36.94716884091313,36.94716884091313,36.37655608466507,36.53279495239258,36.53279495239258,91500
10/09/2014,36.45806575361591,36.45806575361591,35.70404418583276,35.74480056762695,35.74480056762695,111900
11/09/2014,35.72442984652702,36.03011573053292,35.60894736086837,35.86029052734375,35.86029052734375,121700
12/09/2014,35.74480239797146,35.90104124927786,34.29789376100619,34.71226501464844,34.71226501464844,257100
15/09/2014,34.664717729513704,34.93643907612664,34.37941264776425,34.58320236206055,34.58320236206055,235800
16/09/2014,34.60358053412695,35.276089441337334,34.60358053412695,35.208160400390625,35.208160400390625,156300
17/09/2014,35.28966792539773,35.758384422951885,35.17418547185973,35.62931823730469,35.62931823730469,239900
18/09/2014,35.02473599375206,35.50024428808106,34.814151898173606,35.45948791503906,35.45948791503906,2178700
19/09/2014,35.418739318847656,35.6293234760707,34.99757359572818,35.418739318847656,35.418739318847656,1049100
22/09/2014,35.24210763638236,35.63610054502782,35.14700598916882,35.39155197143555,35.39155197143555,312100
23/09/2014,35.29645316949933,35.439105651818984,34.929630279541016,34.929630279541016,34.929630279541016,372700
24/09/2014,34.96359177168353,35.32362014781213,34.739421399986256,35.05189895629883,35.05189895629883,486100
25/09/2014,35.09947040271406,35.344019100522765,34.766614468395325,34.82095718383789,34.82095718383789,256000
26/09/2014,34.875983607765676,35.557129459911664,34.690216557180406,35.433284759521484,35.433284759521484,662900
29/09/2014,35.16497139059657,35.43330082154085,34.88976023728506,35.350738525390625,35.350738525390625,307700
30/09/2014,35.281928547888555,35.447055737292025,33.96092153109131,34.745269775390625,34.745269775390625,902900
01/10/2014,34.62831017021862,35.2337704668939,34.57326689346201,35.137447357177734,35.137447357177734,437400
02/10/2014,35.10303364498648,35.488328566027235,34.875984149210616,35.316322326660156,35.316322326660156,304600
03/10/2014,35.63283859745945,35.63283859745945,35.0204963684082,35.0204963684082,35.0204963684082,222900
06/10/2014,34.99295227905603,35.3782446032616,34.91726910834219,35.08927536010742,35.08927536010742,190500
07/10/2014,34.95855750585119,35.247526798206785,34.76590868633989,34.80031204223633,34.80031204223633,122400
08/10/2014,34.82096832098929,35.784202372809126,34.738406002172454,35.756683349609375,35.756683349609375,206900
09/10/2014,35.78418790301081,36.1006814756132,35.55714096192168,35.6672248840332,35.6672248840332,182200
10/10/2014,35.0480047448542,35.90803629397358,34.944802533724676,35.39201736450195,35.39201736450195,215500
13/10/2014,35.38512361622438,36.19011155309436,35.35072289342433,35.94242477416992,35.94242477416992,269800
14/10/2014,36.148832516341635,37.29783295524267,35.95618374020802,36.94694137573242,36.94694137573242,279300
15/10/2014,36.70613798802278,37.483607084914524,36.44469034007588,36.59605407714844,36.59605407714844,348900
16/10/2014,36.272688058830624,37.070797156691334,36.09380004358503,36.87126922607422,36.87126922607422,206700
17/10/2014,37.16023093028328,37.16023093028328,36.362121995853975,36.44468688964844,36.44468688964844,238200
20/10/2014,36.23829198143233,37.09832362281367,36.23829198143233,37.06392288208008,37.06392288208008,237500
21/10/2014,37.15335948221916,37.43544969922948,36.73366370516796,37.332244873046875,37.332244873046875,205800
22/10/2014,37.31849068737346,37.60746003234902,37.10520191517148,37.146484375,37.146484375,172800
23/10/2014,37.442325961677646,37.48360841394705,36.93318884005946,37.29096221923828,37.29096221923828,277700
24/10/2014,37.38727887261036,37.42856131776442,37.08454881530191,37.27719497680664,37.27719497680664,167300
27/10/2014,37.23591670898138,37.290959975361844,36.768059443177,37.118953704833984,37.118953704833984,237900
28/10/2014,37.11207780937029,37.297844925651404,36.92631069308918,37.25656509399414,37.25656509399414,198800
29/10/2014,37.15335867956502,37.55241453260167,37.0432747588321,37.42856979370117,37.42856979370117,258000
30/10/2014,37.64184636876306,38.84589009473035,37.37351704405605,38.419315338134766,38.419315338134766,317700
31/10/2014,38.72205484035903,39.8985798487993,38.22667851404449,39.88481903076172,39.88481903076172,342700
03/11/2014,39.98801146691535,40.65539654346804,39.85040594474066,40.180660247802734,40.180660247802734,348600
04/11/2014,39.93298019879393,40.263231954707074,39.69216982235616,40.04306411743164,40.04306411743164,270800
05/11/2014,40.21507002920415,40.565961696398766,39.747212723206246,40.194427490234375,40.194427490234375,186400
06/11/2014,40.24260401744585,40.579734970347346,39.60274022973338,39.650901794433594,39.650901794433594,254000
07/11/2014,39.540799389798,39.829768643140675,39.08670297411151,39.52703857421875,39.52703857421875,250000
10/11/2014,39.49264330433698,39.85041406040248,39.258714656381805,39.82289505004883,39.82289505004883,167500
11/11/2014,39.685291059822426,39.816014894115405,39.32751766508581,39.416961669921875,39.416961669921875,167200
12/11/2014,39.33439673843349,39.41007992520309,39.017905797949396,39.18303298950195,39.18303298950195,133800
13/11/2014,39.300007878769726,39.76098623535801,39.02479930918144,39.25184631347656,39.25184631347656,111400
14/11/2014,39.17615039374611,39.34127758161289,38.47436443837562,38.56380844116211,38.56380844116211,202400
17/11/2014,38.52252030037539,38.894051799844355,38.41931550215193,38.88029098510742,38.88029098510742,199200
18/11/2014,38.9628569301423,39.43071414545736,38.9146953895605,39.072940826416016,39.072940826416016,211800
19/11/2014,38.95598783210283,39.16239487641645,38.150999571897316,38.35740661621094,38.35740661621094,253500
20/11/2014,38.35052511942394,38.6876559916359,38.02027071965414,38.61885452270508,38.61885452270508,234500
21/11/2014,38.98351879138438,39.059202004802174,38.52254303636122,38.646385192871094,38.646385192871094,210100
24/11/2014,38.797740744760326,39.306880549381646,38.59133370895465,39.231197357177734,39.231197357177734,199100
25/11/2014,39.30688651446361,40.0361916599611,39.07295780515485,39.86418533325195,39.86418533325195,237400
26/11/2014,39.97425910177274,40.627883501806735,39.70592972034799,40.55220031738281,40.55220031738281,176400
28/11/2014,40.64853731255573,41.24711860823221,40.5178108215332,40.5178108215332,40.5178108215332,126700
01/12/2014,40.4696442703757,40.59348902312676,39.30000084139791,39.36192321777344,39.36192321777344,238400
02/12/2014,39.29999607489906,39.96738131437953,39.07294913879816,39.88481903076172,39.88481903076172,165000
03/12/2014,39.78849636206302,40.256351057393346,39.575207617071136,40.18754959106445,40.18754959106445,126300
04/12/2014,40.04994584119289,40.414600978093915,39.843538808283675,40.28387451171875,40.28387451171875,143700
05/12/2014,40.11875134141386,40.579726976914905,39.926102495952726,40.53844451904297,40.53844451904297,152100
08/12/2014,40.53156660955118,41.23335266629375,40.53156660955118,40.99942398071289,40.99942398071289,176600
09/12/2014,40.6072436782639,41.28150799387765,40.46963812669612,41.25398635864258,41.25398635864258,158500
10/12/2014,41.08886459253776,41.41223464242858,41.03382131832192,41.30903244018555,41.30903244018555,158900
11/12/2014,41.37783353568916,41.831930045449006,41.1301440531642,41.70120620727539,41.70120620727539,194000
12/12/2014,41.302145700898386,41.859446973893434,41.27462669174146,41.32278823852539,41.32278823852539,220200
15/12/2014,41.36407323438664,41.584241082804056,40.05682696248421,40.41460037231445,40.41460037231445,230900
16/12/2014,40.338927649356485,41.295282481186284,39.65778138715504,41.19895935058594,41.19895935058594,303300
17/12/2014,41.2746311886696,42.38234950999486,40.978780154987824,42.36170959472656,42.36170959472656,284800
18/12/2014,42.67819742407112,42.67819742407112,41.66680228073719,41.81128692626953,41.81128692626953,296900
19/12/2014,41.74248333046582,43.951045989990234,41.639281135846126,43.951045989990234,43.951045989990234,1039500
22/12/2014,43.70335055054933,44.123043617348316,43.32493730611344,44.012962341308594,44.012962341308594,298800
23/12/2014,44.18498008359515,44.18498008359515,42.58876179706064,42.836448669433594,42.836448669433594,327200
24/12/2014,42.78828168433025,43.19421661406486,42.59563548872995,42.781402587890625,42.781402587890625,140000
26/12/2014,42.89148335640632,43.29053653581685,42.63691481309577,43.12541198730469,43.12541198730469,147200
29/12/2014,43.2296940055451,43.60512138133136,42.8473154496635,43.222740173339844,43.222740173339844,264500
30/12/2014,43.08369496178341,43.52864474290636,42.62484016848663,42.882076263427734,42.882076263427734,135600
31/12/2014,42.95856100153631,43.2366533436899,41.99913618864695,42.033897399902344,42.033897399902344,243000
02/01/2015,42.228560876493006,42.84036556138292,42.228560876493006,42.76388931274414,42.76388931274414,191900
05/01/2015,42.60398782858176,43.69550625582699,42.40932293264817,43.53560256958008,43.53560256958008,362700
06/01/2015,43.570352259247635,44.19606447661029,43.368736235528196,43.99444580078125,43.99444580078125,383400
07/01/2015,44.070942011815376,45.47531954790008,43.82761084592593,45.33626937866211,45.33626937866211,490700
08/01/2015,45.35016667867343,46.052349981944495,44.953883069340705,45.52397537231445,45.52397537231445,336800
09/01/2015,45.39187570907173,45.8159693145131,45.28063560734679,45.5934944152832,45.5934944152832,339000
12/01/2015,45.56569189882446,47.16472884298299,45.56569189882446,47.01873016357422,47.01873016357422,350900
13/01/2015,47.07435180731437,47.23425815922035,46.10797577474893,46.3513069152832,46.3513069152832,326800
14/01/2015,46.094080371578215,46.91445784369987,45.98979406582459,46.71978759765625,46.71978759765625,323700
15/01/2015,46.92140477875102,47.02569108095837,45.96893630233734,46.33740997314453,46.33740997314453,219600
16/01/2015,46.24700653806853,46.754530165919455,46.177484133981686,46.70586395263672,46.70586395263672,155800
20/01/2015,46.580735910683586,46.68502220117858,45.739502361340456,45.97587966918945,45.97587966918945,234000
21/01/2015,45.829866686199686,45.90634292175559,45.52396704819551,45.67691421508789,45.67691421508789,216800
22/01/2015,45.67693508626894,46.983980215384314,45.600458815768704,46.65721893310547,46.65721893310547,520500
23/01/2015,46.865789862772694,47.136931065100605,46.40693225623521,46.608551025390625,46.608551025390625,336400
26/01/2015,46.532062417458505,47.88081954104926,46.30263367503364,47.8321533203125,47.8321533203125,412400
27/01/2015,47.373296709405416,48.45786125110156,47.373296709405416,48.13805389404297,48.13805389404297,383900
28/01/2015,48.30492888505549,49.23654121494439,47.846071250891484,48.005977630615234,48.005977630615234,567700
29/01/2015,47.998995796410675,48.40918165050647,47.42194982492305,48.4022331237793,48.4022331237793,334900
30/01/2015,48.24234779065104,48.47873040751583,46.68502314812617,47.088260650634766,47.088260650634766,732400
02/02/2015,46.754530165919455,47.275956152899965,45.44749093474063,46.70586395263672,46.70586395263672,409800
03/02/2015,46.587689645793105,47.75568442757584,46.302640805992176,47.72092056274414,47.72092056274414,324400
04/02/2015,47.56796706572099,48.11720323259289,47.06739712607972,47.8530158996582,47.8530158996582,595700
05/02/2015,47.85301733372062,48.66644085790395,47.693110979901654,48.443965911865234,48.443965911865234,359900
06/02/2015,48.443957194095674,48.45785955512455,46.288730547649614,46.559871673583984,46.559871673583984,376300
09/02/2015,46.55986542432603,46.761484109614486,45.8090107282627,45.89244079589844,45.89244079589844,256500
10/02/2015,45.8924556955211,46.08712061231905,44.93998200493551,45.885501861572266,45.885501861572266,386400
11/02/2015,45.836828813606,46.28873247707307,45.22502412265112,45.79511642456055,45.79511642456055,362500
12/02/2015,45.94807166588234,46.86578681936192,45.69083814942636,46.68502426147461,46.68502426147461,218700
13/02/2015,46.76149431403238,46.76149431403238,45.579591966929016,46.288734436035156,46.288734436035156,249200
17/02/2015,46.09406741876689,46.83796841124173,46.00368350387551,46.50425338745117,46.50425338745117,203800
18/02/2015,46.51121383992146,46.886641306034896,45.68388264769624,46.8032112121582,46.8032112121582,406900
19/02/2015,46.754543283101576,47.081304508625365,45.7325472132194,45.934165954589844,45.934165954589844,257100
20/02/2015,45.857685794677664,46.50425435707391,45.62130851373862,46.37215805053711,46.37215805053711,260900
23/02/2015,46.31652907206804,47.401093306473896,46.31652907206804,47.31071472167969,47.31071472167969,217000
24/02/2015,46.58769009991981,47.51930227921451,45.60740638769788,46.8032112121582,46.8032112121582,423800
25/02/2015,46.80320180909808,47.032630542999456,46.07320322094645,46.69196701049805,46.69196701049805,341900
26/02/2015,46.61550428778847,46.92835788533541,45.850741619613146,46.8101692199707,46.8101692199707,238600
27/02/2015,46.76150514309264,47.19254742587959,46.260935120559054,46.990928649902344,46.990928649902344,313900
02/03/2015,47.19948932413651,48.01291275293114,46.678063233234234,46.92139434814453,46.92139434814453,189500
03/03/2015,46.88663658916836,47.20644396052423,46.212257984783356,46.99787139892578,46.99787139892578,182400
04/03/2015,46.983978529588114,47.19949966368936,46.30264595436563,46.608551025390625,46.608551025390625,539500
05/03/2015,46.77541065125886,47.157792028669554,46.525125623175896,46.580745697021484,46.580745697021484,244300
06/03/2015,45.98283959782969,46.21922224123119,45.23198457180859,46.14274597167969,46.14274597167969,564800
09/03/2015,46.37215876305722,46.80320624601803,46.05930522660248,46.552921295166016,46.552921295166016,415200
10/03/2015,46.15663236356866,46.71977078608881,45.072067904131366,46.295677185058594,46.295677185058594,372500
11/03/2015,46.226176966684605,46.67112697412895,45.94113335451986,46.434749603271484,46.434749603271484,281000
12/03/2015,46.761492188891744,47.68615040323786,46.44863335936771,47.262062072753906,47.262062072753906,347400
13/03/2015,47.317671815800665,47.35243567236454,46.82405581706847,47.01177215576172,47.01177215576172,214500
16/03/2015,47.24120377034511,47.62358504200571,46.44168797287049,46.97701644897461,46.97701644897461,399000
17/03/2015,46.77538838530397,47.3385267783152,46.62938973912401,47.19948196411133,47.19948196411133,325100
18/03/2015,46.990920776018775,48.02682451738137,46.49730467101542,47.95730209350586,47.95730209350586,405700
19/03/2015,47.790437750900956,48.47177017570009,47.567962831333574,47.95034408569336,47.95034408569336,232100
20/03/2015,48.09634308790153,49.639765173699196,48.0546306977623,49.549381256103516,49.549381256103516,864700
23/03/2015,49.43119146598,49.50766771560526,48.78462291274302,48.79853057861328,48.79853057861328,258700
24/03/2015,48.61776660582835,48.96538398316039,48.08243817859391,48.103294372558594,48.103294372558594,229800
25/03/2015,48.22844761723566,48.29797004739284,46.92140259170642,47.03959655761719,47.03959655761719,224400
26/03/2015,46.956155265658836,47.123010119106105,46.448631568472365,46.559871673583984,46.559871673583984,165000
27/03/2015,46.742410208589824,47.058330024884256,46.180769028280544,46.54583740234375,46.54583740234375,250800
30/03/2015,46.791549073587674,47.36722881975837,46.5177504965191,47.13555145263672,47.13555145263672,304200
31/03/2015,47.04429304323135,47.45849927706689,46.60902084552993,46.8406982421875,46.8406982421875,231400
01/04/2015,46.64411705832257,47.05832321782448,46.10353656313443,46.36329650878906,46.36329650878906,180200
02/04/2015,46.39841190643923,46.79156295533899,46.18780043801526,46.616050720214844,46.616050720214844,170300
06/04/2015,46.56689957113332,47.282987011648494,46.56689957113332,46.98110580444336,46.98110580444336,230100
07/04/2015,46.840701408497495,46.967070419197704,45.91399711543187,45.928035736083984,45.928035736083984,116100
08/04/2015,45.86484429164714,45.95610869726855,45.49275932599726,45.61210632324219,45.61210632324219,160300
09/04/2015,45.63316867081389,45.6472072890585,44.17992797508394,44.28523635864258,44.28523635864258,179400
10/04/2015,44.54499360068419,44.98728506183747,44.15184533764755,44.42564392089844,44.42564392089844,197300
13/04/2015,44.32034509217122,45.00133066234895,44.32034509217122,44.5239372253418,44.5239372253418,132000
14/04/2015,44.629232821782615,45.183851902445625,44.537965746686695,44.797725677490234,44.797725677490234,151300
15/04/2015,44.587120056152344,45.36639736477309,44.35544533465213,44.587120056152344,44.587120056152344,220800
16/04/2015,44.587106276143814,44.846866191437734,44.28522783611819,44.60816955566406,44.60816955566406,184200
17/04/2015,44.44671018710855,44.952183498529344,43.990377398998604,44.06058120727539,44.06058120727539,229300
20/04/2015,44.109717516249574,44.46074183767851,43.76571250288388,44.32033157348633,44.32033157348633,255000
21/04/2015,44.404587957362025,45.33831417539397,44.404587957362025,45.00835037231445,45.00835037231445,151300
22/04/2015,44.99428614048496,45.71037861547378,44.93110434597684,45.310211181640625,45.310211181640625,322700
23/04/2015,46.1245942523328,46.538805741866554,45.56295854496285,46.18075942993164,46.18075942993164,278900
24/04/2015,46.34225227303758,47.268956664466494,46.061431624317954,46.531803131103516,46.531803131103516,252300
27/04/2015,46.66517172294831,47.28297256832699,46.22287767295837,46.32818603515625,46.32818603515625,216000
28/04/2015,46.22289228789054,46.44755305492322,45.91399444563559,46.14567184448242,46.14567184448242,198400
29/04/2015,45.75954594284921,46.0193059551525,44.720513927947835,44.769657135009766,44.769657135009766,240900
30/04/2015,44.474797712087565,44.7064751396217,43.16898897926418,43.569156646728516,43.569156646728516,254300
01/05/2015,43.65339847992079,44.48883566209079,43.541070769056724,43.723602294921875,43.723602294921875,219400
04/05/2015,43.89911605372226,44.50990051373902,43.723603831945844,43.77274703979492,43.77274703979492,164300
05/05/2015,43.576155698216006,44.04652964538644,42.516063507355845,42.740718841552734,42.740718841552734,247700
06/05/2015,42.77582428785129,42.95133644965009,42.32651358214286,42.74774169921875,42.74774169921875,185200
07/05/2015,42.74775500823637,43.77976769791145,42.58628409048174,43.253231048583984,43.253231048583984,158900
08/05/2015,43.70956717115267,44.643293575577175,43.64638265748406,44.46076202392578,44.46076202392578,231100
11/05/2015,44.299274677054235,44.44670694865914,43.758699500882116,44.07461929321289,44.07461929321289,309900
12/05/2015,43.84294582223511,43.90613031808295,42.97240417700965,43.744659423828125,43.744659423828125,219800
13/05/2015,44.08866083570847,44.67838189111153,43.37257079142593,43.491920471191406,43.491920471191406,175200
14/05/2015,43.6253097284527,44.734548060095904,43.43575624096544,44.678382873535156,44.678382873535156,170300
15/05/2015,44.657327287952825,45.1066381185358,44.33438546323429,44.92410659790039,44.92410659790039,157100
18/05/2015,44.62223113039221,45.218974330101354,44.34842979700802,44.63627243041992,44.63627243041992,155900
19/05/2015,44.50989516823672,44.72050927345351,44.16589007650317,44.18695068359375,44.18695068359375,129500
20/05/2015,44.39756858900029,44.76263161894723,43.723599685927844,43.75168228149414,43.75168228149414,206100
21/05/2015,43.927200415158275,44.19397975283586,43.442787627728826,43.569156646728516,43.569156646728516,142400
22/05/2015,43.40066529290828,44.17994004545774,43.239194357945514,43.864017486572266,43.864017486572266,128900
26/05/2015,43.660411349241095,43.90613002170337,43.32342826636183,43.53404235839844,43.53404235839844,178600
27/05/2015,43.56914463923268,44.24311076941909,43.49191885133778,44.13078308105469,44.13078308105469,186700
28/05/2015,43.97632542606489,44.79070172365487,43.97632542606489,44.509883880615234,44.509883880615234,198500
29/05/2015,44.530964191441626,44.72753703638136,44.13079651246908,44.30630874633789,44.30630874633789,517900
01/06/2015,44.64328222028835,45.43659809498634,44.4537287274966,45.14173889160156,45.14173889160156,246100
02/06/2015,45.03644093450732,45.19089255954304,44.61520996025651,45.0294189453125,45.0294189453125,359100
03/06/2015,44.98025943055592,45.1276890129619,43.885062508176006,44.200984954833984,44.200984954833984,343100
04/06/2015,44.03250182389182,44.341402333394335,43.73763993373173,44.04654312133789,44.04654312133789,223900
05/06/2015,43.70253799882526,43.856989592521096,43.24620520550771,43.611270904541016,43.611270904541016,236200
08/06/2015,43.54807648859126,43.653384856331556,43.154930962314,43.30236053466797,43.30236053466797,100800
09/06/2015,43.23919262942536,43.5059719660533,42.94433069355152,43.21813201904297,43.21813201904297,163300
10/06/2015,43.30235722583663,44.13779408344124,43.04259999752307,43.758689880371094,43.758689880371094,169600
11/06/2015,43.9201725594266,44.158869251307856,43.55510687313152,43.779762268066406,43.779762268066406,154000
12/06/2015,43.632333125714304,44.08164392030482,43.46384023869107,43.68849563598633,43.68849563598633,92400
15/06/2015,43.35853016868402,43.87102811938118,43.03558838235433,43.53404235839844,43.53404235839844,174200
16/06/2015,43.66742612138027,44.53094563072308,43.29533851955552,44.32033157348633,44.32033157348633,179400
17/06/2015,44.45373373910581,45.14876061292766,44.18695442160762,44.98027038574219,44.98027038574219,290700
18/06/2015,44.86093059223289,45.801673648140515,44.63627513438863,45.64020538330078,45.64020538330078,293000
19/06/2015,45.51383635350035,45.73849181134461,44.96623900976802,45.64020538330078,45.64020538330078,346900
22/06/2015,45.62615276210843,45.766565744295356,44.84688079674948,44.92410659790039,44.92410659790039,211800
23/06/2015,44.924101327364184,44.96622521707825,44.250132482456564,44.54499435424805,44.54499435424805,199600
24/06/2015,44.69945609989135,45.183871597385426,44.39757751025717,44.46076202392578,44.46076202392578,221900
25/06/2015,44.50286731786353,44.580093104493834,43.84294249429215,43.87102508544922,43.87102508544922,222400
26/06/2015,43.98453763161642,44.92807820561874,43.530504127774435,44.772003173828125,44.772003173828125,1060800
29/06/2015,44.60882920947897,45.29697246461791,43.85683462583178,43.92777633666992,43.92777633666992,299300
30/06/2015,44.19737440664653,44.73654133082279,43.64402130058736,43.86394500732422,43.86394500732422,440800
01/07/2015,43.97745047305539,44.885517603204434,43.70786702894733,44.82876205444336,44.82876205444336,283500
02/07/2015,45.226035850131495,45.70135132006472,44.89260381786286,45.20475387573242,45.20475387573242,228800
06/07/2015,45.23313550979925,46.134109542355496,45.17638266774046,46.0347900390625,46.0347900390625,226200
07/07/2015,46.254697825283884,46.89318403035027,45.7226268898128,46.58103942871094,46.58103942871094,261700
08/07/2015,46.212135051933394,46.54556704593427,46.09862939732992,46.38949203491211,46.38949203491211,166000
09/07/2015,46.581044465781574,46.90028489658331,46.01349990823845,46.29017639160156,46.29017639160156,177000
10/07/2015,46.58104763463167,47.21243815628543,45.99931144669687,46.893192291259766,46.893192291259766,210200
13/07/2015,46.95703126242845,47.71611884767409,46.432050754871675,46.80805206298828,46.80805206298828,150600
14/07/2015,46.864822119720145,47.304669523688524,46.48882606411348,46.9428596496582,46.9428596496582,112800
15/07/2015,46.708735166524846,47.262093532232896,46.531378173190525,47.148582458496094,47.148582458496094,130400
16/07/2015,47.30466744809819,47.999909389993704,47.30466744809819,47.936058044433594,47.936058044433594,236100
17/07/2015,47.94314956665039,48.21982607689318,47.70194121188358,47.94314956665039,47.94314956665039,225000
20/07/2015,48.00698404835338,48.15596325584912,47.77287154550068,47.84381866455078,47.84381866455078,172700
21/07/2015,47.83673120962371,48.31204668009267,47.5387727426885,47.75869369506836,47.75869369506836,258900
22/07/2015,47.73030825513544,48.34751247675551,47.70193048962937,48.056644439697266,48.056644439697266,218400
23/07/2015,48.11341969514335,48.22693080370232,47.53878459245938,47.751609802246094,47.751609802246094,193300
24/07/2015,47.72321177579061,48.425549283850145,47.66646165809819,48.09211730957031,48.09211730957031,172600
27/07/2015,47.943157302768185,48.20564226316996,47.645198768659846,47.7445182800293,47.7445182800293,206800
28/07/2015,47.75160187045249,47.98571443358735,47.25500438426338,47.361419677734375,47.361419677734375,210900
29/07/2015,47.11311679798517,47.964428245992465,46.92866399966466,47.73741149902344,47.73741149902344,185100
30/07/2015,47.531682037157935,49.581928784566145,47.531682037157935,48.858314514160156,48.858314514160156,338800
31/07/2015,49.191736719500405,50.05723977712752,49.134986590931355,49.31234359741211,49.31234359741211,229700
03/08/2015,49.40456765181846,49.8586011587129,49.25558841479119,49.603206634521484,49.603206634521484,133700
04/08/2015,49.45422919450558,49.489702762351406,48.33333156565851,48.43974685668945,48.43974685668945,511600
05/08/2015,48.475209715280165,48.546151422792676,47.76578181514437,48.056644439697266,48.056644439697266,385100
06/08/2015,48.12759264692339,48.191443981061624,47.176961730359665,48.049560546875,48.049560546875,317000
07/08/2015,47.77996799164473,48.29785274024621,47.403972070573616,48.056644439697266,48.056644439697266,182500
10/08/2015,48.24110516909033,48.28366911811989,47.517490973056724,47.82963562011719,47.82963562011719,313200
11/08/2015,47.595521869935205,48.24110394723197,47.27628143528684,48.07084274291992,48.07084274291992,247600
12/08/2015,48.04247296706665,48.269489748090606,47.616817179210116,48.262393951416016,48.262393951416016,142200
13/08/2015,47.97153102053477,48.59582581239589,47.53168364132152,48.241111755371094,48.241111755371094,134400
14/08/2015,48.14179851351254,49.00730179121764,47.84383996586224,49.000205993652344,49.000205993652344,238100
17/08/2015,48.99309014967795,49.60319859047225,48.744791461565256,49.361995697021484,49.361995697021484,151100
18/08/2015,49.17044310336473,49.44002915339361,48.978899963217124,49.3407096862793,49.3407096862793,374600
19/08/2015,49.09241869919218,49.12789226655329,47.609716678609054,48.37590026855469,48.37590026855469,1109900
20/08/2015,48.155966239558495,49.106602486176925,47.82253965688836,48.673851013183594,48.673851013183594,500600
21/08/2015,47.95733702509723,48.40428017856583,47.489117307780965,47.602622985839844,47.602622985839844,344000
24/08/2015,45.21185688473569,47.432367811413314,43.99873536527029,46.36112976074219,46.36112976074219,521400
25/08/2015,47.63100082241207,47.63100082241207,45.30407758776147,45.346641540527344,45.346641540527344,297000
26/08/2015,46.35402546616557,46.90028808715093,45.42467646715964,46.893192291259766,46.893192291259766,313900
27/08/2015,46.94285203748513,47.375603574237445,46.43206298344919,46.893192291259766,46.893192291259766,679800
28/08/2015,46.92157270015076,47.176967241526484,46.54557668437727,46.98542404174805,46.98542404174805,332900
31/08/2015,46.978322648384804,47.16986582534248,46.091537655512866,46.26179885864258,46.26179885864258,494000
01/09/2015,45.58075286722634,46.148297480381196,45.18347217926859,45.58784866333008,45.58784866333008,210100
02/09/2015,46.04187467727312,46.155380333882086,45.26150231462698,45.75810241699219,45.75810241699219,241100
03/09/2015,46.02060854223259,46.26181152834903,45.580761116805064,45.70136260986328,45.70136260986328,333700
04/09/2015,45.304075743229674,45.38920635154873,44.44566845152505,44.86423110961914,44.86423110961914,219700
08/09/2015,45.389204112676985,45.821952928934074,45.01320813041546,45.474334716796875,45.474334716796875,225200
09/09/2015,45.75101940029776,45.98513198635505,44.857141131382605,44.89970779418945,44.89970779418945,355200
10/09/2015,44.835857301650876,45.566570098599634,44.835857301650876,45.03449630737305,45.03449630737305,152200
11/09/2015,44.89970288120178,46.01350472669821,44.857136223052635,45.978031158447266,45.978031158447266,150300
14/09/2015,46.112834284059346,46.417888635054204,45.92129104622899,46.048988342285156,46.048988342285156,131400
15/09/2015,46.162482194607286,46.48172264655568,45.708448683499775,46.474632263183594,46.474632263183594,232800
16/09/2015,46.48881116571722,47.04216408248362,46.31145418406104,47.01378631591797,47.01378631591797,266800
17/09/2015,46.92867650787305,48.43975662522127,46.63071796290427,47.4962158203125,47.4962158203125,535100
18/09/2015,46.971243266366756,48.19855650687118,46.971243266366756,47.6097297668457,47.6097297668457,592100
21/09/2015,47.872209119679745,48.04956613930844,47.347228444573986,47.602622985839844,47.602622985839844,268500
22/09/2015,47.21952814781414,47.73741299344353,47.127304452019914,47.368507385253906,47.368507385253906,292800
23/09/2015,47.47492136087686,48.19144516996015,47.31884633191751,47.90767288208008,47.90767288208008,232800
24/09/2015,47.58134065246025,48.14178947978241,47.58134065246025,47.928958892822266,47.928958892822266,641400
25/09/2015,48.02827839006856,48.58872721739072,47.76579346699192,47.928958892822266,47.928958892822266,701700
28/09/2015,47.80717960392874,48.115197321598494,46.875967188128755,47.850162506103516,47.850162506103516,330100
29/09/2015,47.80718991836842,48.43039021604071,47.73555901940417,48.201168060302734,48.201168060302734,330800
30/09/2015,48.41605564051496,48.752726841663055,48.1581855245132,48.53783416748047,48.53783416748047,384400
01/10/2015,48.75988943953155,48.92464540111642,48.193996131599434,48.62378692626953,48.62378692626953,276200
02/10/2015,48.48051909810639,48.78853679777049,48.02923963979722,48.7813720703125,48.7813720703125,175200
05/10/2015,49.01060668436771,49.1753626674784,48.322940230032756,49.046424865722656,49.046424865722656,364400
06/10/2015,49.0679043856509,49.16818871653147,48.25130028271703,48.272789001464844,48.272789001464844,393200
07/10/2015,48.351582900195154,48.7169075012207,47.98625829916961,48.7169075012207,48.7169075012207,289200
08/10/2015,48.77422514968003,49.08940769187111,47.99343898936386,48.81004333496094,48.81004333496094,335300
09/10/2015,48.759891313946184,48.93180654540565,48.40173139377173,48.745567321777344,48.745567321777344,173800
12/10/2015,48.74555023982901,49.22548305305867,48.58079432964619,48.93178939819336,48.93178939819336,269800
13/10/2015,48.86017002666711,49.01059652000384,48.17250371494807,48.48768615722656,48.48768615722656,147400
14/10/2015,48.53783347329217,48.767055601527275,47.8071841822957,47.92896270751953,47.92896270751953,206300
15/10/2015,47.95045449687069,49.110889204351416,47.95045449687069,49.01060485839844,49.01060485839844,258500
16/10/2015,49.1968568574819,49.73409684698625,48.90316303997738,49.61232376098633,49.61232376098633,332400
19/10/2015,49.60514556350455,50.3214653550353,49.440389606814506,50.17820358276367,50.17820358276367,263300
20/10/2015,50.15670830132486,50.50054419837726,50.03493525104874,50.4432373046875,50.4432373046875,226500
21/10/2015,50.464736294857495,50.82289625568711,50.106576334027885,50.24984359741211,50.24984359741211,194400
22/10/2015,50.600826542808804,50.772741752041185,50.20684849552005,50.47905349731445,50.47905349731445,279800
23/10/2015,50.500563817385704,50.55787073333868,49.55502156451478,50.33580780029297,50.33580780029297,234000
26/10/2015,50.457579716294234,50.64381897097605,50.00629464397174,50.6008415222168,50.6008415222168,194700
27/10/2015,50.85870982895295,52.23404264228408,49.46188829433332,49.8630256652832,49.8630256652832,455000
28/10/2015,49.977631415661044,50.14238737882955,48.00775191149274,49.13237380981445,49.13237380981445,468300
29/10/2015,49.13236745819455,49.42606116954463,48.39455901370059,48.881656646728516,48.881656646728516,293100
30/10/2015,48.75272860010146,48.81720023024232,47.91463566387854,48.007755279541016,48.007755279541016,243400
02/11/2015,47.69257444866539,48.87450323282302,47.649591543637854,48.62378692626953,48.62378692626953,302400
03/11/2015,46.797177881632855,46.947604396795995,46.35305759989871,46.560791015625,46.560791015625,3262200
04/11/2015,46.55362520317969,46.95476803269771,46.3673859783147,46.91178512573242,46.91178512573242,775100
05/11/2015,46.9977482583017,47.441868556004,46.75419665469494,47.4347038269043,47.4347038269043,560600
06/11/2015,47.06937231985697,47.277105712890624,45.55077514388831,45.66538619995117,45.66538619995117,600600
09/11/2015,45.471981353240736,45.471981353240736,44.29721729837016,44.73417282104492,44.73417282104492,645500
10/11/2015,44.70551228794782,45.42183198666997,44.612389962001956,44.97771453857422,44.97771453857422,382700
11/11/2015,45.042187498807465,45.04934949412429,44.333029730547715,44.812965393066406,44.812965393066406,376200
12/11/2015,44.66253968765836,44.78431547799088,44.196933444146,44.62672424316406,44.62672424316406,291800
13/11/2015,44.56942948220227,44.92042473786355,44.1611273172243,44.53361129760742,44.53361129760742,458800
16/11/2015,44.54794206912423,46.15250015258789,44.54794206912423,46.15250015258789,46.15250015258789,470800
17/11/2015,45.84446259799626,46.33872495920837,45.82297388056718,46.07368469238281,46.07368469238281,244500
18/11/2015,46.20264233652012,46.360233618903756,45.794340134475334,46.15250015258789,46.15250015258789,488400
19/11/2015,46.27426593765406,47.09087021275304,46.173981585630486,46.96909713745117,46.96909713745117,325200
20/11/2015,47.1696536931527,47.91462687709691,46.92610760527324,47.90030288696289,47.90030288696289,388700
23/11/2015,47.850156637381005,48.38739639544253,47.72121887684282,48.2441291809082,48.2441291809082,337600
24/11/2015,47.936114561722306,48.00774544102037,47.241283555850984,47.721221923828125,47.721221923828125,198200
25/11/2015,47.871650893464775,47.97909995052922,47.520650276048514,47.8859748840332,47.8859748840332,149200
27/11/2015,47.764216466622756,48.559332081323795,47.59946046664755,48.301456451416016,48.301456451416016,105500
30/11/2015,48.48052159671522,48.50917504293814,47.57795716849436,47.8859748840332,47.8859748840332,348800
01/12/2015,48.00774821896569,48.95329008963644,47.85732172420967,48.91031265258789,48.91031265258789,188800
02/12/2015,48.79571980760793,48.96763507541097,47.893155087738265,47.98627471923828,47.98627471923828,319900
03/12/2015,47.92897335651506,47.97195080726843,46.82583991144671,47.13385772705078,47.13385772705078,325600
04/12/2015,47.11236088307131,48.52351206426331,47.11236088307131,48.2656364440918,48.2656364440918,218100
07/12/2015,48.25129259755947,48.42320778524658,47.728376842609336,47.96476364135742,47.96476364135742,157900
08/12/2015,47.77853771688964,48.35159585378427,47.77853771688964,48.172515869140625,48.172515869140625,236100
09/12/2015,47.842989626823744,48.29426903462499,47.59227884471195,48.09370040893555,48.09370040893555,212200
10/12/2015,48.09372850670952,48.32295070785655,47.69259102097429,47.843017578125,47.843017578125,393600
11/12/2015,47.19831907954135,48.23698077724122,47.19831907954135,48.201168060302734,48.201168060302734,328300
14/12/2015,48.086545913649225,48.57364359328552,47.82151108691896,48.20832443237305,48.20832443237305,408400
15/12/2015,48.51635709686794,49.096574561102024,48.36592508420399,48.63813018798828,48.63813018798828,326200
16/12/2015,48.767054414870955,50.22118276783076,48.65960534938762,50.0421028137207,50.0421028137207,496500
17/12/2015,50.221181172216575,50.40026112063695,49.60514571244358,49.79854965209961,49.79854965209961,326600
18/12/2015,49.67677713238082,49.841533091335215,49.00344023534649,49.16102600097656,49.16102600097656,1398400
21/12/2015,49.612311265369634,49.75557304045302,48.73840022813633,49.03925323486328,49.03925323486328,287100
22/12/2015,49.161022797597965,49.54067685826098,48.75988548379376,49.00343704223633,49.00343704223633,307800
23/12/2015,49.07507546859933,49.769906611882355,49.07507546859933,49.53351974487305,49.53351974487305,321600
24/12/2015,49.4690527394351,49.52635964559793,48.57365282471849,49.30430221557617,49.30430221557617,98800
28/12/2015,49.23982896587182,49.791398355706654,49.03209553665624,49.76274490356445,49.76274490356445,309600
29/12/2015,49.986875425993674,50.57257816048028,49.986875425993674,50.565345764160156,50.565345764160156,147300
30/12/2015,50.37736547333241,50.702757258434865,50.037514405576424,50.12428665161133,50.12428665161133,175200
31/12/2015,50.0519779279138,50.23274929834591,49.531355498396636,49.55304718017578,49.55304718017578,245300
04/01/2016,49.28551732925108,49.328900700068424,48.135808352243295,48.44673538208008,48.44673538208008,330600
05/01/2016,48.62024999388822,49.76272599711951,48.50455922417127,49.57472229003906,49.57472229003906,240400
06/01/2016,49.11195916045374,49.813352882789616,48.93118781002507,49.23488235473633,49.23488235473633,310700
07/01/2016,48.547948552685355,49.01795511992404,48.49733280031831,48.67087173461914,48.67087173461914,351700
08/01/2016,49.03966070197305,49.16981631877918,48.35995853457379,48.482887268066406,48.482887268066406,381800
11/01/2016,48.59134925256313,49.43736358227274,48.5551982832267,49.14089584350586,49.14089584350586,268700
12/01/2016,49.451806576897425,49.451806576897425,48.53349061101463,49.10472869873047,49.10472869873047,264100
13/01/2016,49.104732635704536,49.647046690935944,48.35995003248883,48.584110260009766,48.584110260009766,269500
14/01/2016,48.685339313594966,48.916726411457454,48.09963641220587,48.30210494995117,48.30210494995117,233500
15/01/2016,47.50672136784758,47.91165305226253,47.15241097110163,47.767032623291016,47.767032623291016,235800
19/01/2016,48.1213429325766,48.750423796048345,47.6947196126764,48.497344970703125,48.497344970703125,225500
20/01/2016,48.31657127183214,48.65642232812763,46.91378368344797,47.95502853393555,47.95502853393555,343800
21/01/2016,48.280421269548064,48.49734914807479,47.47780135909144,47.57903289794922,47.57903289794922,217600
22/01/2016,47.947794447334026,48.85888365945164,47.62964060053906,48.68534469604492,48.68534469604492,227400
25/01/2016,48.64194621854143,49.29995649652414,48.31656003677832,48.35994338989258,48.35994338989258,292000
26/01/2016,48.468425098742934,48.938431824759185,48.07795822713121,48.57688903808594,48.57688903808594,470200
27/01/2016,48.22980349048228,48.359959108833976,47.32594656212463,47.51395034790039,47.51395034790039,263400
28/01/2016,47.82486801998271,48.0056393703808,46.71131583952601,46.79808807373047,46.79808807373047,200200
29/01/2016,47.30425595971997,48.15749714025977,46.964404864216945,48.150264739990234,48.150264739990234,462100
01/02/2016,47.75979142387096,49.63981230334163,47.47778856778554,49.11195755004883,49.11195755004883,282700
02/02/2016,49.010723381964254,49.32165029832129,48.63472143313179,49.0179557800293,49.0179557800293,246800
03/02/2016,49.25657557870183,49.76273311240337,48.51902543907574,49.16257095336914,49.16257095336914,209600
04/02/2016,48.938407460068156,49.11917876340518,48.07070741073137,48.85886764526367,48.85886764526367,221300
05/02/2016,48.59857452517411,48.67811436943547,47.680258391480805,47.70195007324219,47.70195007324219,221400
08/02/2016,47.557330440044204,47.557330440044204,46.147315935589944,46.7402458190918,46.7402458190918,357100
09/02/2016,46.385928639996294,46.78362229248633,45.93761371442371,46.140079498291016,46.140079498291016,158200
10/02/2016,46.30639534700196,47.61517831588272,46.02439244781444,46.59563064575195,46.59563064575195,232100
11/02/2016,45.966537423943365,46.465468101901116,45.25068444182842,46.22684860229492,46.22684860229492,210900
12/02/2016,46.37870231577032,47.007788670332125,46.29193007202594,46.91378402709961,46.91378402709961,212300
16/02/2016,47.28978358798402,47.70917442026645,47.09454745167512,47.62240219116211,47.62240219116211,125900
17/02/2016,47.80317577624855,48.678108439841495,47.56455627253127,47.636863708496094,47.636863708496094,270200
18/02/2016,47.65133445176288,48.26595600921347,47.32594267426237,47.77425765991211,47.77425765991211,126400
19/02/2016,47.5428631043411,48.52625964943258,47.5428631043411,48.30210494995117,48.30210494995117,169000
22/02/2016,48.62748925878179,49.04688008123065,48.0924076502766,48.17194747924805,48.17194747924805,204200
23/02/2016,48.04902157888381,48.9890347851324,47.32593619460141,48.3382568359375,48.3382568359375,207200
24/02/2016,48.034567517752905,49.003499389953035,47.904411913771845,48.981807708740234,48.981807708740234,210100
25/02/2016,48.95288650969053,50.16767037945038,48.84442809724246,49.87120819091797,49.87120819091797,206900
26/02/2016,49.892887910807396,50.09535092110627,49.19149425605541,49.198726654052734,49.198726654052734,164100
29/02/2016,49.083034840700755,49.85673599605771,48.65641710380753,48.8299560546875,48.8299560546875,263700
01/03/2016,49.05411780780587,50.05921173095703,49.05411780780587,50.05921173095703,50.05921173095703,231900
02/03/2016,49.806112566832354,50.2616598281885,49.45180232099097,49.683189392089844,49.683189392089844,396100
03/03/2016,49.769972517754184,50.015818921107304,49.29273347589816,49.53135299682617,49.53135299682617,250100
04/03/2016,49.328886474630366,49.39396151209008,48.66364923598021,48.822723388671875,48.822723388671875,329300
07/03/2016,48.55518943877403,48.909499767281694,48.22257079125807,48.43226623535156,48.43226623535156,325900
08/03/2016,48.32379243453173,48.83718234096177,48.070713680193414,48.35994338989258,48.35994338989258,304000
09/03/2016,48.43949272918102,49.03242257724794,48.171954643491226,48.490108489990234,48.490108489990234,202900
10/03/2016,48.793808571549725,48.82272713483713,47.64409983787722,48.490108489990234,48.490108489990234,414600
11/03/2016,48.85163875350702,49.98688239924798,48.43948037299476,49.89288330078125,49.89288330078125,744900
14/03/2016,49.6397975844709,50.10980404415121,49.61087351592267,50.04472351074219,50.04472351074219,273300
15/03/2016,49.6687398387171,50.2761289505133,49.6687398387171,50.21828079223633,50.21828079223633,335900
16/03/2016,50.09535483566419,50.97751989236061,49.56750559138106,50.644901275634766,50.644901275634766,340800
17/03/2016,50.7172094307429,51.51260226608602,50.362899130006234,51.32460403442383,51.32460403442383,222700
18/03/2016,51.707848100421614,51.707848100421614,50.037516764895514,50.073673248291016,50.073673248291016,445700
21/03/2016,49.82059009549586,50.051977225734646,49.29273527388944,49.32889175415039,49.32889175415039,183800
22/03/2016,49.16980737453073,49.58919823202829,49.09749993761483,49.430118560791016,49.430118560791016,288500
23/03/2016,49.075821842458325,49.104745928571674,48.20088892517465,48.44673538208008,48.44673538208008,919600
24/03/2016,48.678108520199665,49.30719479920997,48.62749276327036,49.27827072143555,49.27827072143555,5605200
28/03/2016,49.34334558644255,49.704888282303635,48.84442041751281,49.60365676879883,49.60365676879883,690200
29/03/2016,49.545252957920674,51.01255341843572,49.545252957920674,50.98335266113281,50.98335266113281,922400
30/03/2016,51.58925665776066,52.2535613655637,51.23885870354757,51.866661071777344,51.866661071777344,855100
31/03/2016,51.60386611687468,52.38496838154885,51.333763251716036,52.27546691894531,52.27546691894531,749400
01/04/2016,52.19516969474766,52.37767028808594,51.94697156115614,52.37767028808594,52.37767028808594,951800
04/04/2016,52.3922658129445,52.58936956486129,52.11486692705245,52.428768157958984,52.428768157958984,1028200
05/04/2016,52.26086500335653,52.450667171776715,51.976164535464186,52.29006576538086,52.29006576538086,785600
06/04/2016,52.20246484023475,52.297363132056226,51.41406103756646,51.73526382446289,51.73526382446289,690300
07/04/2016,51.435963535916585,52.08566516446846,51.435963535916585,52.02726364135742,52.02726364135742,965000
08/04/2016,52.13676195547301,52.40686480643901,51.82286074955729,52.20246505737305,52.20246505737305,413500
11/04/2016,52.25357122117615,52.27547040126052,51.793666161499985,52.049171447753906,52.049171447753906,441600
12/04/2016,52.21706462362502,52.39226361951278,51.77906434916779,51.91776657104492,51.91776657104492,470800
13/04/2016,52.12945811207239,52.12945811207239,50.80815038498802,51.01985168457031,51.01985168457031,480000
14/04/2016,50.8081703077214,50.873873425515214,50.23876927773336,50.246070861816406,50.246070861816406,516300
15/04/2016,50.27526201944561,50.67675995564516,49.96865681080461,50.53076171875,50.53076171875,392700
18/04/2016,50.581873409858666,50.98337143933477,50.457774322719345,50.75707244873047,50.75707244873047,388700
19/04/2016,50.903066470477555,51.14396301390657,50.757062658349106,50.954166412353516,50.954166412353516,485600
20/04/2016,50.990659789096625,50.990659789096625,49.85185797779027,49.902957916259766,49.902957916259766,412700
21/04/2016,49.939463654517446,49.939463654517446,48.713059478392935,49.06345748901367,49.06345748901367,520500
22/04/2016,49.31166070290804,49.73505783081055,49.13645612983538,49.73505783081055,49.73505783081055,502200
25/04/2016,49.67666393223586,50.0781618974928,49.57446404511765,50.06356430053711,50.06356430053711,671300
26/04/2016,50.618357260034934,50.764361063022235,50.01975559147599,50.37015914916992,50.37015914916992,560400
27/04/2016,50.37016581143881,50.37016581143881,49.30436297130205,49.96866226196289,49.96866226196289,503500
28/04/2016,49.69856882180733,50.26066826553179,49.64016728832311,49.8737678527832,49.8737678527832,474800
29/04/2016,49.63285045750274,49.88835012616302,48.91014980344221,49.54525375366211,49.54525375366211,1319300
02/05/2016,49.377366405658236,50.89577287318025,49.377366405658236,50.80086898803711,50.80086898803711,434300
03/05/2016,50.58187389352719,50.98337192684245,50.392071684072896,50.793575286865234,50.793575286865234,401400
04/05/2016,50.74247138036503,52.23167703265647,50.60376913394069,52.15867233276367,52.15867233276367,671100
05/05/2016,52.04186348739406,52.21706247607636,51.80096139703376,52.06376266479492,52.06376266479492,460400
06/05/2016,52.129473479412674,52.48717309199365,51.866672172768126,52.29737091064453,52.29737091064453,416700
09/05/2016,52.38496567017855,53.47266751826418,52.23166585825847,53.33396530151367,53.33396530151367,653300
10/05/2016,53.45806072333501,53.56026058036052,52.640456297656456,52.85215759277344,52.85215759277344,347000
11/05/2016,52.84487111678217,52.85947428308824,51.40676555681933,51.6768684387207,51.6768684387207,533900
12/05/2016,51.903157965228445,52.37766053343331,51.326455529345616,52.10026168823242,52.10026168823242,337200
13/05/2016,52.049173213563236,52.15866911769981,51.4140691221896,51.72066879272461,51.72066879272461,269200
16/05/2016,51.61846100049133,52.49446708581391,51.479758783849945,52.20246505737305,52.20246505737305,228000
17/05/2016,51.99807658784785,52.158672447325465,50.84467138851868,51.1220703125,51.1220703125,489600
18/05/2016,51.12935486334831,51.37025692652646,50.16575218011053,50.59645080566406,50.59645080566406,315200
19/05/2016,50.187648424654085,50.246049934040286,49.60364446974104,49.815345764160156,49.815345764160156,206800
20/05/2016,50.09275759165876,50.64755530483462,49.88105626578561,50.62565612792969,50.62565612792969,398200
23/05/2016,50.76435740200798,50.837356513499294,50.38475311109283,50.50885772705078,50.50885772705078,250500
24/05/2016,50.84466452961289,51.22426329908905,50.73516306378149,50.8227653503418,50.8227653503418,287600
25/05/2016,50.93955857728743,50.93955857728743,50.1511547724867,50.69136047363281,50.69136047363281,226100
26/05/2016,50.66217205377211,50.96877175160414,50.57456975318719,50.808170318603516,50.808170318603516,218000
27/05/2016,50.8884616563965,51.2096644632003,50.59645961107267,51.13666534423828,51.13666534423828,371100
31/05/2016,51.10015800701821,51.16585553682198,50.55265631408587,50.97605895996094,50.97605895996094,313500
01/06/2016,50.86656911610191,51.18777196482494,50.494266320488975,50.73516845703125,50.73516845703125,313300
02/06/2016,50.58186777526566,50.91036663274163,50.4796678831853,50.85197067260742,50.85197067260742,261700
03/06/2016,51.21696362526567,51.450564136588895,50.69136108241953,50.91035842895508,50.91035842895508,346700
06/06/2016,50.939571438364396,51.129373639916864,49.705865482488605,49.997867584228516,49.997867584228516,375800
07/06/2016,50.12194989373027,50.297148848884085,49.73504407894881,49.7934455871582,49.7934455871582,258100
08/06/2016,49.800764980987466,50.143867002596785,49.6036612126485,50.107364654541016,50.107364654541016,286400
09/06/2016,50.10735772396835,50.96145908336568,50.04166018992652,50.611061096191406,50.611061096191406,401200
10/06/2016,50.25336894631237,51.056376144218625,50.194972979673125,50.75707244873047,50.75707244873047,387400
13/06/2016,50.9541790310647,51.52358011568692,50.67677450405989,51.29727554321289,51.29727554321289,585600
14/06/2016,51.44327006735469,51.58926831970107,51.10016804791675,51.479766845703125,51.479766845703125,304300
15/06/2016,51.46517229601627,52.47987524750016,51.46517229601627,52.39227294921875,52.39227294921875,511600
16/06/2016,52.217056734219184,52.85216065638434,52.114856871269595,52.822959899902344,52.822959899902344,557400
17/06/2016,52.96167406817183,53.02007002485631,52.37766994551848,52.859474182128906,52.859474182128906,615500
20/06/2016,53.12226270216722,53.355863205633575,52.50906346912127,52.51636505126953,52.51636505126953,522900
21/06/2016,52.552858756387806,52.888659112433174,52.32655984827517,52.545562744140625,52.545562744140625,336700
22/06/2016,52.66966547491584,52.83756287996021,52.29736275365926,52.7353630065918,52.7353630065918,581100
23/06/2016,52.86677228650072,53.166075942802976,52.574770213626316,52.75727081298828,52.75727081298828,452500
24/06/2016,51.56735989364502,53.69896518480889,51.10015888652623,53.319366455078125,53.319366455078125,4759500
27/06/2016,53.24637643642338,53.80847582961208,53.07117185172257,53.706275939941406,53.706275939941406,755600
28/06/2016,53.94932113661794,55.82005594998433,53.713638320239895,55.562278747558594,55.562278747558594,700900
29/06/2016,55.849522764915946,56.09257227475263,55.17193530033079,55.805328369140625,55.805328369140625,605200
30/06/2016,55.73166801252281,56.482910788520094,55.3928743441966,56.446083068847656,56.446083068847656,669700
01/07/2016,56.72597258105514,56.83645015590568,56.070479421164194,56.24724578857422,56.24724578857422,328000
05/07/2016,56.291425434052734,56.97637954400194,56.291425434052734,56.94691848754883,56.94691848754883,513400
06/07/2016,56.82170628516117,57.38145505129045,56.66703997197833,57.26361083984375,57.26361083984375,647000
07/07/2016,57.04266079082377,57.04266079082377,56.173579321573456,56.43136215209961,56.43136215209961,651000
08/07/2016,56.65968029052683,57.18996806918272,56.541836064549095,57.108951568603516,57.108951568603516,760700
11/07/2016,57.04264311436493,57.160487299701636,56.56391656401462,56.95426559448242,56.95426559448242,958200
12/07/2016,56.91008908635163,57.05739436427939,55.783230401032824,55.937896728515625,55.937896728515625,1053700
13/07/2016,56.32824638349466,56.32824638349466,55.79059200136516,56.01154708862305,56.01154708862305,1247400
14/07/2016,55.84216607264066,55.84216607264066,55.15721181653061,55.23086166381836,55.23086166381836,1397400
15/07/2016,55.27503324237903,55.6432879458749,54.86995082088523,55.58436584472656,55.58436584472656,787500
18/07/2016,55.731689231881056,55.87162787697141,55.459184231387084,55.51810073852539,55.51810073852539,494800
19/07/2016,55.51806579093107,55.7611151944224,55.34130514253723,55.74638748168945,55.74638748168945,435400
20/07/2016,55.74641399879382,55.84952489433068,55.43707569306088,55.69485855102539,55.69485855102539,236900
21/07/2016,55.429712230698215,55.88634457131301,55.33396238963605,55.86425018310547,55.86425018310547,399300
22/07/2016,55.64327993777167,57.03528206712141,55.64327993777167,56.95426559448242,56.95426559448242,674200
25/07/2016,56.90272209613979,57.2415157713208,56.740689116896434,57.21942138671875,57.21942138671875,495200
26/07/2016,57.3520001562978,57.3520001562978,56.57866288822931,56.93218994140625,56.93218994140625,451500
27/07/2016,57.01319264245873,57.44773047063569,56.48290500059358,57.374080657958984,57.374080657958984,752400
28/07/2016,57.418278323159875,58.250532011758004,57.07948463702821,57.845455169677734,57.845455169677734,403700
29/07/2016,57.874909565962426,58.78081297445166,57.70550993282143,58.29471969604492,58.29471969604492,359800
01/08/2016,58.18424763412887,58.920757097852025,57.963292547363416,58.86920166015625,58.86920166015625,384000
02/08/2016,63.32509961630534,63.32509961630534,57.24889524974213,57.74235534667969,57.74235534667969,902800
03/08/2016,57.55084188062047,57.698141507377535,56.681760596864386,57.447731018066406,57.447731018066406,697300
04/08/2016,57.59502907369601,57.68341221881161,56.87325305550681,57.116302490234375,57.116302490234375,637000
05/08/2016,57.086852009402854,57.22678499117215,56.4313590143695,56.7480583190918,56.7480583190918,426900
08/08/2016,56.79964118771066,57.32256250261475,56.49030278272054,57.197357177734375,57.197357177734375,390300
09/08/2016,57.212048243782746,57.47719206724193,56.74068269521544,57.447731018066406,57.447731018066406,297000
10/08/2016,57.543484020185424,58.04431069457638,57.16786822873328,58.02958297729492,58.02958297729492,419100
11/08/2016,58.00012898414854,58.213717435019745,57.16050851886016,57.52139663696289,57.52139663696289,358700
12/08/2016,57.74236006479681,58.3389311077768,57.631882488916794,58.00013732910156,58.00013732910156,289700
15/08/2016,57.919106017641326,58.31682181772777,57.77180636684849,57.911739349365234,57.911739349365234,337500
16/08/2016,57.66868876506427,58.1253210007656,56.74068533970604,56.75541305541992,56.75541305541992,302000
17/08/2016,56.90272638835776,56.998470601895804,56.01155055441841,56.93954849243164,56.93954849243164,332700
18/08/2016,56.96163059833266,57.20468003313204,56.49763172935965,56.924808502197266,56.924808502197266,266000
19/08/2016,56.67439657119146,56.96900145755671,56.44608045334079,56.75541305541992,56.75541305541992,284200
22/08/2016,56.78488221403881,57.13840925197989,56.696504668894775,57.020565032958984,57.020565032958984,382200
23/08/2016,57.20467585130301,57.21940918397646,56.73331034991294,56.9027099609375,56.9027099609375,250300
24/08/2016,56.843796574518585,56.843796574518585,55.65801597309589,55.79795455932617,55.79795455932617,684100
25/08/2016,55.78323304258523,56.04837693628899,55.56228354391347,55.90107727050781,55.90107727050781,860700
26/08/2016,55.967335525580005,56.14410178879238,54.67108331007325,55.16454315185547,55.16454315185547,600600
29/08/2016,55.42968897294861,56.0851817706372,55.42968897294861,55.98207092285156,55.98207092285156,298900
30/08/2016,56.07782985067304,56.07782985067304,55.21611513081931,55.9084358215332,55.9084358215332,221400
31/08/2016,55.83478309472211,56.593386976557355,55.54018379161362,56.357704162597656,56.357704162597656,633000
01/09/2016,56.291420177257166,56.50500860225464,55.96735420565804,56.34297561645508,56.34297561645508,282900
02/09/2016,56.490269219603285,57.32988949331569,56.43871378592343,56.75541305541992,56.75541305541992,575700
06/09/2016,56.85852073098096,57.38144732496281,56.51236604948837,57.374080657958984,57.374080657958984,331000
07/09/2016,57.3225161846526,58.044292101794284,57.02054469545685,58.02219772338867,58.02219772338867,341700
08/09/2016,57.57293618058264,57.8822687678035,57.27833130836824,57.55820846557617,57.55820846557617,250400
09/09/2016,56.67441083925299,56.880638245012015,56.10730092600188,56.41663360595703,56.41663360595703,2280900
12/09/2016,56.71860808572232,58.14743294455271,56.37244766113599,57.78654479980469,57.78654479980469,1213000
13/09/2016,57.53612906285721,57.69815644659391,56.51974227006044,56.99110794067383,56.99110794067383,1531000
14/09/2016,57.20467585130301,57.26359794375677,56.659660543905744,56.9027099609375,56.9027099609375,694500
15/09/2016,56.65229700098692,56.96899624148649,56.298775665013636,56.667030334472656,56.667030334472656,505500
16/09/2016,57.270979624546136,57.3078017276432,56.401898199930365,56.88063049316406,56.88063049316406,817700
19/09/2016,56.932181804549764,57.815990882493594,56.932181804549764,57.72760772705078,57.72760772705078,455800
20/09/2016,58.103215769430314,58.11794910151424,57.24886793951567,57.34461212158203,57.34461212158203,722200
21/09/2016,57.24888587505392,58.19897818468993,56.667042696088224,58.06640625,58.06640625,609600
22/09/2016,58.500950437887845,58.920760632630476,58.44939499709916,58.655616760253906,58.655616760253906,489600
23/09/2016,58.368373563112534,59.61307632428064,58.09586304536013,59.48786544799805,59.48786544799805,357000
26/09/2016,59.37002673655845,60.150724949161074,59.237454811859784,60.062347412109375,60.062347412109375,390800
27/09/2016,60.30539163409691,61.2333951127732,59.568882185428365,59.62043762207031,59.62043762207031,661300
28/09/2016,59.8431782533462,60.065921881668416,58.92994183935783,59.375423431396484,59.375423431396484,342700
29/09/2016,59.063582066974554,59.24177355633789,58.36565737544398,58.974483489990234,58.974483489990234,278900
30/09/2016,59.22692113469343,59.234347432281865,58.261712038593195,58.26913833618164,58.26913833618164,418600
03/10/2016,58.03154279753716,58.038963429881264,57.19997314200575,57.3336181640625,57.3336181640625,459200
04/10/2016,57.17029388089601,57.341064783616616,56.55404130163526,56.761932373046875,56.761932373046875,306000
05/10/2016,56.93270350676288,57.01437580866408,55.13592419415021,55.28441619873047,55.28441619873047,442000
06/10/2016,54.786942722918184,55.92292259075193,54.28948844928986,55.44031524658203,55.44031524658203,383100
07/10/2016,55.62596412413724,56.13827127829225,55.42549930902897,55.75960922241211,55.75960922241211,547100
10/10/2016,55.7076213961378,56.37584670701763,55.57397633396184,55.99718475341797,55.99718475341797,277600
11/10/2016,55.974917887810285,56.45009912635449,55.60368219115968,56.17538833618164,56.17538833618164,482500
12/10/2016,56.51691577818693,57.86078698006179,56.19765290173747,57.78654098510742,57.78654098510742,871100
13/10/2016,57.63803566628388,58.40278573998097,57.60091550604584,58.335960388183594,58.335960388183594,424000
14/10/2016,58.41020731159017,58.68492369187153,57.73456147250611,58.20231628417969,58.20231628417969,259200
17/10/2016,58.17263886356523,58.76661830869603,57.593512020097,58.43250274658203,58.43250274658203,502700
18/10/2016,58.58098299433303,58.89281956108602,58.194894770595496,58.60325622558594,58.60325622558594,453400
19/10/2016,58.484467110869794,58.49189341063289,57.83852064665538,58.0167121887207,58.0167121887207,502500
20/10/2016,57.94244806154227,58.26171087621169,57.6380321771482,57.88304901123047,57.88304901123047,265700
21/10/2016,57.60835086458122,57.9053405454268,57.42273302212861,57.46728515625,57.46728515625,240700
24/10/2016,57.75684926812324,58.15035819276485,57.08119759403514,57.63063049316406,57.63063049316406,226300
25/10/2016,57.422710567660715,58.16518164713668,57.11830037067006,58.09836196899414,58.09836196899414,261100
26/10/2016,57.72714410113416,58.09095345536016,56.92527373032023,58.009281158447266,58.009281158447266,238900
27/10/2016,57.70487552123374,57.793968459881505,56.29417879170524,56.31645202636719,56.31645202636719,277300
28/10/2016,56.54662625615287,56.754517348114,56.01204592562002,56.257057189941406,56.257057189941406,403600
31/10/2016,56.62085090044066,57.207403782636746,56.331287608099025,57.11830520629883,57.11830520629883,535100
01/11/2016,56.35357995774278,57.74199783967238,56.35357995774278,56.68026351928711,56.68026351928711,441900
02/11/2016,56.85099890912504,57.06631615867447,56.39809118845273,56.56143569946289,56.56143569946289,309000
03/11/2016,56.576316491750475,56.60601602649418,55.6927794077051,55.70762634277344,55.70762634277344,201800
04/11/2016,55.744751626047055,56.02688870641142,55.40321547678273,55.7818717956543,55.7818717956543,267600
07/11/2016,56.32387253375766,56.42781806122825,55.66307353857758,55.79671859741211,55.79671859741211,419400
08/11/2016,55.95265099323371,56.992112194574744,55.655661269335155,56.85846710205078,56.85846710205078,441900
09/11/2016,55.61854179816234,56.576325031330406,54.601353821933316,55.72990798950195,55.72990798950195,383800
10/11/2016,55.47743901780952,55.71502953260209,53.62126135080361,53.93309783935547,53.93309783935547,493700
11/11/2016,54.089024122000296,55.284403170370155,53.88113309873693,54.01477813720703,54.01477813720703,196500
14/11/2016,53.6880986491816,54.4751220902382,52.62636444859023,54.12615966796875,54.12615966796875,577100
15/11/2016,54.40086770967089,54.83150240774903,53.071849115136466,53.3020133972168,53.3020133972168,344300
16/11/2016,53.33171242048936,54.23010197300434,53.12382137225201,53.23518753051758,53.23518753051758,354700
17/11/2016,53.30201254648515,53.69552140877009,52.3145244091171,52.35165023803711,52.35165023803711,355700
18/11/2016,52.47786995368496,52.863952524332504,51.898743265410495,52.752586364746094,52.752586364746094,685700
21/11/2016,52.78228932081741,53.32429593744035,52.403632983800634,52.418479919433594,52.418479919433594,370200
22/11/2016,52.67091843613997,53.376263940135054,52.336802935873806,53.07185363769531,53.07185363769531,291200
23/11/2016,52.35908857209451,53.27233102494978,52.35908857209451,53.175811767578125,53.175811767578125,180700
25/11/2016,53.15352056363264,53.606428534644635,53.15352056363264,53.42081069946289,53.42081069946289,104000
28/11/2016,53.56929502404536,54.13357468854449,53.27230542880343,53.688087463378906,53.688087463378906,249400
29/11/2016,53.59900899943106,54.92060710670287,53.59900899943106,54.45284652709961,54.45284652709961,263800
30/11/2016,53.947978758039675,54.215263270988864,53.22778053876745,53.584163665771484,53.584163665771484,429300
01/12/2016,53.250040759586334,53.43565857837206,52.2254267745411,52.752586364746094,52.752586364746094,483200
02/12/2016,53.1386702057947,54.467694499826614,53.108970674326194,53.502479553222656,53.502479553222656,259600
05/12/2016,53.264890379109296,54.1855588852375,52.915927955855,53.57673263549805,53.57673263549805,271500
06/12/2016,53.57671459287603,54.074168845281804,53.08668097258044,53.146080017089844,53.146080017089844,357000
07/12/2016,53.17579420385847,54.9799996100012,53.17579420385847,54.69785690307617,54.69785690307617,529900
08/12/2016,54.08903366967581,55.41805799111217,54.08903366967581,55.210166931152344,55.210166931152344,274200
09/12/2016,55.15077057664904,56.004613755954814,54.697862603224415,54.965152740478516,54.965152740478516,240800
12/12/2016,54.727550704078546,55.306677325612874,54.65330471804182,55.247283935546875,55.247283935546875,210900
13/12/2016,55.373506121459094,55.744741739332206,54.749827337837154,55.16561508178711,55.16561508178711,193500
14/12/2016,55.41062579692264,55.47745115314691,53.83659041633846,54.155853271484375,54.155853271484375,383700
15/12/2016,54.32662916588366,55.14334654571239,54.03706578271353,54.527099609375,54.527099609375,316300
16/12/2016,55.135913292046716,55.67791409974022,54.6904317017848,55.35123062133789,55.35123062133789,674000
19/12/2016,55.77444330198951,56.286744621400274,55.21016355615968,56.21992492675781,56.21992492675781,287100
20/12/2016,55.97490240651241,56.346138000488274,55.596240514567455,56.34613800048828,56.34613800048828,327900
21/12/2016,56.34614107907028,56.62085747288011,55.23986053466797,55.23986053466797,55.23986053466797,428700
22/12/2016,55.08393816270084,55.59623942037307,54.74982273593494,55.551692962646484,55.551692962646484,260500
23/12/2016,55.55913089726421,55.94521349583866,55.373513065051995,55.7892951965332,55.7892951965332,182200
27/12/2016,55.618545395714726,56.03432764256422,55.277003504821764,55.633392333984375,55.633392333984375,110200
28/12/2016,55.55097804540035,56.307437636618694,55.24390401042242,56.195091247558594,56.195091247558594,384700
29/12/2016,56.45723460558695,57.20620298795217,56.04530542379125,56.816741943359375,56.816741943359375,394800
30/12/2016,56.839213195389014,57.6256323256389,56.53213911316256,57.37847137451172,57.37847137451172,418700
03/01/2017,57.266131468685415,57.423414169754096,56.74185579845648,57.01897048950195,57.01897048950195,292100
04/01/2017,57.20617993760613,57.53572772159673,56.951533533011926,57.40091323852539,57.40091323852539,339500
05/01/2017,57.25114699737239,58.04505168216651,56.77180767287305,57.917728424072266,57.917728424072266,369600
06/01/2017,57.62563898265747,59.08612529135318,57.52078384840117,58.764068603515625,58.764068603515625,424100
09/01/2017,59.11610024610044,59.11610024610044,58.20984879672999,58.43453598022461,58.43453598022461,271700
10/01/2017,58.427040922456385,58.46448592320454,57.835355054537956,57.86531448364258,57.86531448364258,215800
11/01/2017,57.850301352146204,58.17235790217107,57.37845344990345,57.535736083984375,57.535736083984375,445100
12/01/2017,57.82783083080878,58.28470186461759,57.37095979699997,58.26223373413086,58.26223373413086,198500
13/01/2017,57.90273994021022,58.554344446398794,57.90273994021022,58.33714294433594,58.33714294433594,139200
17/01/2017,58.64421337225244,58.898859821906626,57.97763211971767,58.284706115722656,58.284706115722656,319000
18/01/2017,58.11244627336984,59.056147908915186,58.052533153566195,58.46446228027344,58.46446228027344,197700
19/01/2017,58.05254328757983,58.37459993371455,57.79040548588308,58.06752014160156,58.06752014160156,139200
20/01/2017,58.000118618687274,58.58431309564226,57.76044894316278,58.352134704589844,58.352134704589844,253800
23/01/2017,58.621749241455554,59.40067699788505,58.32216647789993,59.183475494384766,59.183475494384766,318200
24/01/2017,59.10856693276006,59.48305101983661,59.04116253988966,59.370704650878906,59.370704650878906,216300
25/01/2017,59.38571885862199,59.453123287409575,58.94382442903312,59.16102600097656,59.16102600097656,247600
26/01/2017,59.071139690550936,59.37821376279217,58.74908305039038,58.97377014160156,58.97377014160156,109100
27/01/2017,59.10109007075668,59.16100319074207,58.08249274673619,58.704132080078125,58.704132080078125,183100
30/01/2017,58.719114298426824,58.98125205360796,58.32216202427046,58.55434036254883,58.55434036254883,162700
31/01/2017,58.606771198862056,59.475577195220986,58.606771198862056,58.988746643066406,58.988746643066406,243000
01/02/2017,58.659207040101,59.2883434908605,58.27723154193187,58.42702865600586,58.42702865600586,209300
02/02/2017,58.77154393545756,59.08610925283987,58.53936558893842,58.62923812866211,58.62923812866211,218000
03/02/2017,59.16850503424382,59.43064283776295,58.50941488337063,58.786529541015625,58.786529541015625,198700
06/02/2017,59.04117654771948,59.16100851264442,58.55434597618212,58.84644317626953,58.84644317626953,173700
07/02/2017,58.779037620749676,59.36323200952807,58.779037620749676,59.183475494384766,59.183475494384766,222200
08/02/2017,59.51302413947502,60.217056213866364,59.13853996614771,59.85006332397461,59.85006332397461,176300
09/02/2017,59.8126228075608,60.1047200553687,59.00373548401154,59.617889404296875,59.617889404296875,251600
10/02/2017,59.31828270392602,60.17959732830172,59.31079713568329,60.11967849731445,60.11967849731445,177700
13/02/2017,60.14965226900673,60.426772642833775,59.53549839023986,60.40430450439453,60.40430450439453,169600
14/02/2017,60.15715039300252,60.576570929357544,59.42315874020498,60.02982711791992,60.02982711791992,156600
15/02/2017,59.827569315112484,60.411769228567294,59.22090698726963,60.31439971923828,60.31439971923828,333900
16/02/2017,60.22455725171645,60.808751742459506,60.14217026310643,60.65895462036133,60.65895462036133,200700
17/02/2017,60.52415064170257,60.79377979441012,60.14966634229508,60.61402893066406,60.61402893066406,164800
21/02/2017,60.374328856249555,61.273088437332675,60.20955493307704,61.108314514160156,61.108314514160156,244800
22/02/2017,61.19820941513934,61.56520234398441,60.12718433717564,60.681419372558594,60.681419372558594,328600
23/02/2017,61.115816940590996,61.92470413956778,60.104710798957576,61.65507507324219,61.65507507324219,516400
24/02/2017,61.90971794403486,62.733581871625304,61.400419308295895,62.55382537841797,62.55382537841797,285300
27/02/2017,61.85730196537425,62.44150216027383,61.56520472501238,62.336647033691406,62.336647033691406,335300
28/02/2017,61.83481988790932,62.40403738546175,61.497786444746765,62.037044525146484,62.037044525146484,327300
01/03/2017,61.67004024353781,62.022056219787444,61.17572419169983,61.87226486206055,61.87226486206055,327200
02/03/2017,61.872268223155444,61.872268223155444,60.98099416799376,61.5202522277832,61.5202522277832,235300
03/03/2017,61.617632059835465,61.617632059835465,60.36685611582862,61.32553482055664,61.32553482055664,321200
06/03/2017,61.25812192118177,61.39293645250444,60.55408984492169,61.28059005737305,61.28059005737305,300500
07/03/2017,61.19820738308018,61.52775530818055,60.8012550446686,61.505287170410156,61.505287170410156,227500
08/03/2017,61.078368808895306,61.078368808895306,60.4791918669583,60.599029541015625,60.599029541015625,311000
09/03/2017,60.22455933097623,60.696407424980244,59.34077627970003,59.63287353515625,59.63287353515625,307000
10/03/2017,60.0672435145249,60.6888884521879,59.153507168841664,59.28083038330078,59.28083038330078,249200
13/03/2017,59.32576851293553,60.179591776120354,59.078607643546846,59.57292938232422,59.57292938232422,209100
14/03/2017,59.55796052793824,59.77516203459285,59.175990784605155,59.393192291259766,59.393192291259766,238500
15/03/2017,59.445622851524895,60.61401170510166,59.445622851524895,60.41179275512695,60.41179275512695,245800
16/03/2017,60.17210639547122,60.71885573160161,60.02231503130703,60.10470199584961,60.10470199584961,202100
17/03/2017,59.9998701962382,60.64398359776914,59.977402054306545,60.32941818237305,60.32941818237305,555800
20/03/2017,60.32940469698207,60.4567279489186,59.73771899694291,59.92496109008789,59.92496109008789,211800
21/03/2017,60.13466173892835,60.179598005587415,59.53548485066078,59.76017761230469,59.76017761230469,254200
22/03/2017,60.02984034554942,60.20959122728466,59.16852522787772,59.75271987915039,59.75271987915039,309100
23/03/2017,59.685265892856194,61.2431150982564,59.36320940192691,60.756290435791016,60.756290435791016,380500
24/03/2017,61.03344357606735,61.14578999778845,60.314434476899265,60.3369026184082,60.3369026184082,235900
27/03/2017,60.49416839098218,60.61400606438946,59.49055358998276,59.79014205932617,59.79014205932617,175200
28/03/2017,59.69276690552017,60.01482347978616,59.086104454948476,59.99235534667969,59.99235534667969,314200
29/03/2017,59.91685429787406,60.34736719181485,59.501444592152126,60.173648834228516,60.173648834228516,231500
30/03/2017,60.21893659254214,60.21893659254214,59.592048024480526,60.082984924316406,60.082984924316406,191400
31/03/2017,59.98480996118825,60.7476503993522,59.90928251715831,60.672122955322266,60.672122955322266,309200
03/04/2017,60.89871570057574,61.16307044344485,60.16609302960103,60.4455451965332,60.4455451965332,230300
04/04/2017,60.566384190740756,60.815624183133444,59.97726205210854,60.49840545654297,60.49840545654297,450800
05/04/2017,60.626823027019626,61.4274303476559,60.377582951017686,61.178184509277344,61.178184509277344,334500
06/04/2017,61.22347377608744,61.75217736840008,61.027103589181245,61.66154098510742,61.66154098510742,235300
07/04/2017,61.78239826142663,62.20535658538383,61.69176186527509,62.09961700439453,62.09961700439453,313100
10/04/2017,62.114731345270975,62.56790188266982,61.880594482796376,62.492374420166016,62.492374420166016,222000
11/04/2017,62.50746016744303,62.68117269048242,62.24311126561751,62.35639953613281,62.35639953613281,334400
12/04/2017,62.40929196434602,62.77938632358,61.93346376838572,62.2204704284668,62.2204704284668,306100
13/04/2017,62.31109864401971,62.31109864401971,61.60868239244666,61.94855880737305,61.94855880737305,155000
17/04/2017,62.220466581441194,63.1268133550486,62.160048073101194,63.119258880615234,63.119258880615234,332400
18/04/2017,63.11168960174387,64.08600912957341,62.93042259449338,64.04824829101562,64.04824829101562,392300
19/04/2017,63.436458959864666,64.0633476184132,63.436458959864666,63.78388977050781,63.78388977050781,318100
20/04/2017,63.7839052914577,63.95762362023823,63.08904350108621,63.708377838134766,63.708377838134766,200000
21/04/2017,63.53466771064881,64.19176291839523,63.451585780091705,63.92741394042969,63.92741394042969,340100
24/04/2017,64.08601151551022,64.19175108720756,62.87755515155876,63.57997131347656,63.57997131347656,474500
25/04/2017,63.24010309019794,63.995389135280384,62.19780466006403,63.95762252807617,63.95762252807617,140900
26/04/2017,63.670617250677815,63.836775343711466,62.83979797363281,62.83979797363281,62.83979797363281,399300
27/04/2017,62.832256519432484,64.44856841576312,62.03164928383924,63.919864654541016,63.919864654541016,360400
28/04/2017,63.82168316158604,63.96518938188613,62.79449348048046,63.149478912353516,63.149478912353516,292400
01/05/2017,63.44403351245852,63.799018907663104,62.937993199555514,63.217445373535156,63.217445373535156,262300
02/05/2017,63.32316110918534,63.413797483079414,62.63585400153607,62.96818161010742,62.96818161010742,245400
03/05/2017,63.2929747398891,63.2929747398891,62.30354607338588,62.477264404296875,62.477264404296875,305200
04/05/2017,62.25822237531044,62.688735145210266,61.706861084973994,62.59809875488281,62.59809875488281,292500
05/05/2017,62.58296398306579,63.05879182677403,62.58296398306579,63.02857971191406,63.02857971191406,227700
08/05/2017,62.892674293299834,62.998419654203225,62.26579117699451,62.87757110595703,62.87757110595703,214800
09/05/2017,63.00593961334347,63.51197971284247,62.64340565880249,63.323158264160156,63.323158264160156,341800
10/05/2017,63.32315440148338,64.19928863586479,63.23252379956321,63.874515533447266,63.874515533447266,560500
11/05/2017,63.54219183611644,63.889622610207084,63.157000229713304,63.323158264160156,63.323158264160156,307000
12/05/2017,63.33073723330737,63.77635902100814,63.27031296338598,63.61019515991211,63.61019515991211,183300
15/05/2017,63.50443468055015,64.03313246252155,62.854888398486054,62.900203704833984,62.900203704833984,347900
16/05/2017,62.99084999557875,63.511993387736496,62.779370849500296,63.406253814697266,63.406253814697266,275900
17/05/2017,63.5346720438744,64.05581556101392,63.42137797062636,63.670623779296875,63.670623779296875,304300
18/05/2017,63.768804827679716,64.44856346135187,63.194785785648165,64.38058471679688,64.38058471679688,455200
19/05/2017,64.77331797821013,65.46062512510498,63.78388956775045,64.12377166748047,64.12377166748047,287100
22/05/2017,64.72045744405898,65.47574342375438,64.58450573721882,65.33223724365234,65.33223724365234,371100
23/05/2017,65.4908483141269,66.00444302419537,65.3020268142837,65.7778549194336,65.7778549194336,336400
24/05/2017,65.80050999701677,66.45760504523861,65.80050999701677,66.26878356933594,66.26878356933594,247900
25/05/2017,65.47573870226987,65.58147827081231,64.6071587357789,64.92437744140625,64.92437744140625,3225700
26/05/2017,64.9923546328501,65.59657990130961,64.93193037729189,65.32467651367188,65.32467651367188,1480300
30/05/2017,65.55884178698389,65.73255437895725,64.90929522052664,65.0830078125,65.0830078125,662100
31/05/2017,65.33978347424696,65.5059472907982,64.50897015386474,65.0603256225586,65.0603256225586,1828500
01/06/2017,65.30202319629666,65.47574150197266,64.41078553591986,65.27936553955078,65.27936553955078,927400
02/06/2017,65.7023443188208,67.80203901348337,65.61171366357723,67.62832641601562,67.62832641601562,1025200
05/06/2017,67.50745221663219,67.76425242115548,66.7672752555413,67.2733154296875,67.2733154296875,653300
06/06/2017,67.16758309642277,67.46969864388673,66.20081795443797,66.23857879638672,66.23857879638672,532000
07/06/2017,66.33678646538117,67.1600456343128,66.17062258406897,67.05430603027344,67.05430603027344,449700
08/06/2017,67.09206034951171,67.1675878010742,66.40474728683006,67.01653289794922,67.01653289794922,365200
09/06/2017,67.06184382568406,67.07694701005764,66.23857909914129,66.48027038574219,66.48027038574219,355000
12/06/2017,66.48781946716743,66.96365329078124,66.10262202956919,66.93344116210938,66.93344116210938,1056500
13/06/2017,67.03163531459167,67.3488540649414,66.82771062147403,67.3488540649414,67.3488540649414,361600
14/06/2017,67.84735490218509,68.2325466821935,67.31865115016475,67.53013610839844,67.53013610839844,466600
15/06/2017,67.50744760492599,68.5950610794328,67.30352295964285,68.26273345947266,68.26273345947266,482400
16/06/2017,68.44402261249623,68.61773517373376,67.77181850188111,68.59507751464844,68.59507751464844,832500
19/06/2017,68.42888627319435,68.84429573138982,68.02103128579503,68.76876831054688,68.76876831054688,393400
20/06/2017,68.68571937502384,69.01049262661363,68.08148819361823,68.51200103759766,68.51200103759766,317400
21/06/2017,68.57241492428685,68.68570897394123,68.02105362256876,68.527099609375,68.527099609375,398200
22/06/2017,68.31563757935426,68.78391711902013,68.05884302566362,68.3685073852539,68.3685073852539,447500
23/06/2017,68.36847619736287,68.70080383277677,67.82467519719562,67.88509368896484,67.88509368896484,683600
26/06/2017,67.9908389306261,68.26274233460411,67.53011980083643,67.6207504272461,67.6207504272461,333700
27/06/2017,67.12982340841204,67.80958201964702,66.87302891215404,66.94100189208984,66.94100189208984,514700
28/06/2017,67.24543513420001,67.29870765463008,66.6898738729128,66.7279281616211,66.7279281616211,520200
29/06/2017,66.63657705611455,67.30629513307144,65.8374895410189,66.68224334716797,66.68224334716797,505100
30/06/2017,67.00187426857882,67.2377945006151,66.56047025499687,66.73551177978516,66.73551177978516,385700
03/07/2017,66.82685202754067,67.21498365536426,66.40828394044364,66.86490631103516,66.86490631103516,198200
05/07/2017,66.93339085338457,67.26063791980962,66.68985855787763,66.91056060791016,66.91056060791016,347900
06/07/2017,66.68986017404987,67.04754951186507,65.82988800482141,65.9744873046875,65.9744873046875,448400
07/07/2017,65.9820867604184,66.41587880933572,65.9820867604184,66.30933380126953,66.30933380126953,368100
10/07/2017,66.46914459623996,66.62896789845554,65.37325236598211,65.47979736328125,65.47979736328125,478900
11/07/2017,65.47220986041471,65.54070641647628,64.85576988720578,65.16018676757812,65.16018676757812,535400
12/07/2017,65.42653438248291,66.05819824855188,65.42653438248291,65.60157012939453,65.60157012939453,254400
13/07/2017,65.54831519981214,65.75379906978709,65.11452301530522,65.24390411376953,65.24390411376953,323600
14/07/2017,65.700498951247,66.415871670474,65.40369420264143,66.2027816772461,66.2027816772461,381500
17/07/2017,66.24085482812231,66.95623355749184,65.91360772918397,66.94100952148438,66.94100952148438,212300
18/07/2017,67.04754551456575,67.71726365821297,66.45393592816406,67.32913208007812,67.32913208007812,400000
19/07/2017,67.42807981721113,68.18150708726485,67.29109251299509,68.1206283569336,68.1206283569336,203800
20/07/2017,68.17388554673751,68.68378036201499,68.01406802879686,68.30326080322266,68.30326080322266,350400
21/07/2017,68.28044527227672,68.48592332354474,67.92275588093153,68.40982055664062,68.40982055664062,227600
24/07/2017,68.4402665421887,68.4402665421887,67.74011175860956,67.8466567993164,67.8466567993164,382300
25/07/2017,67.64114471922922,67.94556148268548,66.606131207238,66.81161499023438,66.81161499023438,407400
26/07/2017,66.89532534357448,67.32911731591908,66.72028382906828,67.22257232666016,67.22257232666016,302300
27/07/2017,67.29105108088135,67.9074964734333,66.27126184893743,67.6335220336914,67.6335220336914,406000
28/07/2017,67.70966141159238,68.39459788176292,67.70966141159238,68.20433807373047,68.20433807373047,407100
31/07/2017,68.14345454525926,68.14345454525926,67.09322247970918,67.74010467529297,67.74010467529297,437500
01/08/2017,67.77815058415982,68.14345196187143,67.28347973975835,67.65638732910156,67.65638732910156,404500
02/08/2017,67.45850692607759,67.72486945600978,66.96383033833628,67.68682098388672,67.68682098388672,409800
03/08/2017,67.65638740371931,68.21955479730526,67.48134582943626,67.90753173828125,67.90753173828125,225800
04/08/2017,67.60308461878353,68.07492500498743,67.21495316701431,67.29866790771484,67.29866790771484,233200
07/08/2017,67.30629194728049,67.39761291253058,66.8040034133375,67.07036590576172,67.07036590576172,140600
08/08/2017,67.07038888822066,67.40524802559274,66.6594269849737,66.88774108886719,66.88774108886719,347700
09/08/2017,67.12365336602313,67.28347670336895,66.4387227489098,66.62898254394531,66.62898254394531,290500
10/08/2017,66.78877761237277,66.82682607482238,66.30931937412483,66.70506286621094,66.70506286621094,221100
11/08/2017,66.233228640712,66.49198494106604,65.92120564453282,66.29411315917969,66.29411315917969,258200
14/08/2017,66.72790747484771,67.82380561968428,66.49959342591761,67.78575134277344,67.78575134277344,262100
15/08/2017,67.70203107571866,67.7933578491211,67.35956583642677,67.7933578491211,67.7933578491211,185700
16/08/2017,67.96079288778884,68.14344064317245,67.49655857956044,67.78575134277344,67.78575134277344,178600
17/08/2017,67.78573432230735,68.40978598558537,67.57264436015379,68.28041076660156,68.28041076660156,221500
18/08/2017,68.11300497259846,68.15105925319092,67.45851082903071,67.56505584716797,67.56505584716797,255400
21/08/2017,67.64877275089387,68.25760642194786,67.32913768641122,68.00646209716797,68.00646209716797,273900
22/08/2017,68.00643660107947,68.21952656417898,67.58025667488043,68.1053695678711,68.1053695678711,227600
23/08/2017,68.12058588993587,68.81312819165213,68.08253162671686,68.53154754638672,68.53154754638672,275300
24/08/2017,68.63812663720675,68.91210121103866,68.41742457460505,68.58485412597656,68.58485412597656,361600
25/08/2017,68.69899449583838,68.69899449583838,68.01406397584132,68.35652923583984,68.35652923583984,214800
28/08/2017,68.42503180882777,68.6076795765244,68.02928820483922,68.24237823486328,68.24237823486328,247500
29/08/2017,68.37937798285645,68.65335258750132,67.66400500963391,67.71727752685547,67.71727752685547,191400
30/08/2017,67.77055483169786,68.49353987453243,67.52702247772808,68.43265533447266,68.43265533447266,287100
31/08/2017,68.48591410605518,68.965372504932,68.31848455763902,68.72944641113281,68.72944641113281,364400
01/09/2017,68.87405288099994,69.35350552350594,68.77511986767072,69.08714294433594,69.08714294433594,244200
05/09/2017,69.09475193445701,69.50571381270895,68.85883163271308,69.36111450195312,69.36111450195312,462100
06/09/2017,69.46763662860074,69.91665264258972,69.11755939725789,69.1784439086914,69.1784439086914,382100
07/09/2017,69.26977808479334,69.77967870749416,68.9501430481876,68.98819732666016,68.98819732666016,471000
08/09/2017,68.88926173354244,69.01864280261422,66.08103120076369,67.42045593261719,67.42045593261719,991900
11/09/2017,67.64115365922088,69.04908065050557,67.48894816050948,68.51634979248047,68.51634979248047,502100
12/09/2017,68.2804424337773,68.2804424337773,66.43111682416809,66.76597595214844,66.76597595214844,425900
13/09/2017,66.80400657535377,66.81923060779395,66.33216608251647,66.68224334716797,66.68224334716797,387200
14/09/2017,66.6594209669972,67.9379670595828,66.25607111863259,67.86947631835938,67.86947631835938,378200
15/09/2017,67.9379670595828,68.40220143765823,67.63355602356535,67.86947631835938,67.86947631835938,1096300
18/09/2017,67.96839357364203,68.28803437741705,67.54982559298159,67.7933578491211,67.7933578491211,394800
19/09/2017,67.89228515695326,67.89228515695326,67.20734892935836,67.54981994628906,67.54981994628906,520100
20/09/2017,67.49657269161459,67.78576551529147,66.72792142619373,66.880126953125,66.880126953125,389600
21/09/2017,66.95623204820096,67.42807264096318,66.63659116820301,66.64420318603516,66.64420318603516,319500
22/09/2017,66.92577887513818,66.92577887513818,65.66245120925285,65.7994384765625,65.7994384765625,459600
25/09/2017,66.02775402094977,66.02775402094977,65.55590768812752,65.6624526977539,65.6624526977539,280800
26/09/2017,65.72333831029174,65.94404034997206,65.26671600341797,65.26671600341797,65.26671600341797,351200
27/09/2017,64.83292741407139,65.03079341368027,64.32302676791693,64.45240783691406,64.45240783691406,422600
28/09/2017,64.5751426405389,65.60306440750719,64.43706298575239,65.56471252441406,65.56471252441406,460000
29/09/2017,65.5110255120045,65.89457951868769,65.25787846297686,65.72581481933594,65.72581481933594,296200
02/10/2017,65.90990611752234,66.26277503183637,65.54169762109403,65.85620880126953,65.85620880126953,449000
03/10/2017,65.81018323727369,66.35482910915624,65.41128387732945,66.27044677734375,66.27044677734375,603400
04/10/2017,66.2474394520748,66.94550460553519,65.85621277998621,66.91482543945312,66.91482543945312,617100
05/10/2017,67.22166441125262,67.73563116169477,67.02988743271166,67.39810180664062,67.39810180664062,430900
06/10/2017,67.23700495151115,67.46713379746349,66.52359440917878,67.38275146484375,67.38275146484375,345900
09/10/2017,67.60520365782526,68.13450987624633,67.4594571655946,67.88136291503906,67.88136291503906,283700
10/10/2017,68.03478893065595,68.51806471127735,67.75862966956723,67.81999969482422,67.81999969482422,513700
11/10/2017,67.79698794530943,68.42601613214845,67.6282291387751,67.72795104980469,67.72795104980469,213800
12/10/2017,67.72795131986605,68.21122714803107,67.7126058857583,68.05780792236328,68.05780792236328,236000
13/10/2017,68.21892468008296,68.34933165459366,67.62058128873235,68.15755462646484,68.15755462646484,263100
16/10/2017,68.16517559055302,68.25723060108562,67.39039534646012,67.50546264648438,67.50546264648438,316100
17/10/2017,67.50548287723842,68.37231253907856,67.4287732717551,68.27259063720703,68.27259063720703,272900
18/10/2017,67.91206790647237,68.38000423816102,67.50550161723422,68.1958999633789,68.1958999633789,278400
19/10/2017,68.54108985758737,68.94765610914384,67.88904931154953,68.74053955078125,68.74053955078125,356200
20/10/2017,68.81724686147193,68.8632714612152,68.15753361983148,68.6101303100586,68.6101303100586,247500
23/10/2017,68.74054469978852,68.7865693045235,67.843029792041,68.10384368896484,68.10384368896484,230900
24/10/2017,68.26491380407111,70.18268308833872,68.14217961321303,68.97065734863281,68.97065734863281,695400
25/10/2017,68.86329915549496,69.22384093866353,68.14988830972361,68.74823760986328,68.74823760986328,255100
26/10/2017,68.94766689804365,68.94766689804365,68.32631127315764,68.75588989257812,68.75588989257812,298900
27/10/2017,68.7175102781179,69.76844409841246,68.7175102781179,69.09339141845703,69.09339141845703,260300
30/10/2017,69.10873262625343,69.45393461649267,68.92462840966634,69.0396957397461,69.0396957397461,279700
31/10/2017,69.09339103422198,69.30818025607846,68.6868248853412,69.23914337158203,69.23914337158203,212700
01/11/2017,69.1777942161677,70.18270374406087,69.11642417639293,69.89120483398438,69.89120483398438,318600
02/11/2017,69.92189869026255,70.74270405512992,69.92189869026255,69.98326873779297,69.98326873779297,309300
03/11/2017,69.91423021674004,70.91147306567277,69.83752057895373,70.71969604492188,70.71969604492188,242400
06/11/2017,70.9881602644687,71.64787347552546,70.8577533361959,71.37938690185547,71.37938690185547,323300
07/11/2017,71.43307848081879,71.98539116549084,71.28732613000051,71.30266571044922,71.30266571044922,450800
08/11/2017,71.28734585106656,71.5328201741297,71.08022926858841,71.46378326416016,71.46378326416016,272100
09/11/2017,71.39471403090512,71.53279365221853,70.92677786159675,71.06485748291016,71.06485748291016,230300
10/11/2017,71.00349113009037,71.46376045995939,70.89609651380563,70.98815155029297,70.98815155029297,217100
13/11/2017,70.95747591923816,71.7169110498168,70.95747591923816,71.56349182128906,71.56349182128906,249500
14/11/2017,71.37938350729895,71.99306623899311,71.37938350729895,71.78594970703125,71.78594970703125,384200
15/11/2017,71.7859491363526,71.80896143388009,70.95747130995518,71.12623596191406,71.12623596191406,354500
16/11/2017,71.04185270534168,71.6862204379425,70.92678536664354,71.54047393798828,71.54047393798828,253800
17/11/2017,71.39474428704847,71.57884857596486,70.91913520039716,71.0342025756836,71.0342025756836,247600
20/11/2017,71.11856786714338,71.70157147018983,71.11089514994624,71.38705444335938,71.38705444335938,192800
21/11/2017,71.4254044309841,71.79361288055864,71.34869482503672,71.68621826171875,71.68621826171875,429900
22/11/2017,71.65554564103284,71.83964988262238,71.14157894388592,71.471435546875,71.471435546875,244000
24/11/2017,71.67858451024145,72.046793129912,71.37174009213565,72.0237808227539,72.0237808227539,119000
27/11/2017,71.99306308218101,72.09279083797732,71.57115731999787,71.59416961669922,71.59416961669922,238900
28/11/2017,71.73225141034348,71.73225141034348,70.83473084397878,71.09555053710938,71.09555053710938,314600
29/11/2017,70.8654518330013,71.28736367464627,70.53559508023459,71.11859893798828,71.11859893798828,277700
30/11/2017,71.4254121767767,71.77828108445605,70.97281550323967,71.38705444335938,71.38705444335938,269800
01/12/2017,71.35639483678439,71.97775639451181,71.00352580345019,71.90104675292969,71.90104675292969,289600
04/12/2017,72.11581967050734,73.21278426782101,72.11581967050734,72.89059448242188,72.89059448242188,346500
05/12/2017,72.88294108053218,72.93663841259006,72.12349985955187,72.16185760498047,72.16185760498047,264000
06/12/2017,72.33828037846719,72.69114932512201,71.8319863337652,72.52238464355469,72.52238464355469,237500
07/12/2017,72.66046166523589,73.49660647207567,72.43032695281215,72.99031829833984,72.99031829833984,379300
08/12/2017,73.25112792109108,73.33551025390625,72.75250664152013,73.33551025390625,73.33551025390625,316500
11/12/2017,73.51196104498429,73.51196104498429,72.89827230395339,73.23580169677734,73.23580169677734,179600
12/12/2017,73.20508888774991,73.38919309915025,72.54537578995073,73.22042846679688,73.22042846679688,278600
13/12/2017,73.32783851267969,73.70372558297575,72.7908653444976,72.92127227783203,72.92127227783203,314000
14/12/2017,73.04403237773805,73.04403237773805,72.53773823526264,72.60678100585938,72.60678100585938,370700
15/12/2017,72.75249644187603,72.95961881250035,72.43031259042452,72.69879913330078,72.69879913330078,397700
18/12/2017,72.70649406458845,73.24347316697947,72.43033472108895,72.69115447998047,72.69115447998047,382400
19/12/2017,72.77553234651236,72.77553234651236,70.66598551233015,70.69667053222656,70.69667053222656,464400
20/12/2017,70.37449007981097,71.08790079242078,70.22874353169148,70.29010772705078,70.29010772705078,363500
21/12/2017,70.44350563331919,70.47419064542964,69.53064554387818,69.88351440429688,69.88351440429688,329600
22/12/2017,70.05229074580853,70.75802858452889,69.80681646048977,70.58926391601562,70.58926391601562,250400
26/12/2017,70.50486342491982,71.02649098259195,70.38212339777347,70.85005950927734,70.85005950927734,146500
27/12/2017,70.91144875300947,71.29500266300616,70.43583979768903,71.10322570800781,71.10322570800781,301500
28/12/2017,71.02594768789346,71.38911438480255,70.30734287565515,71.38138580322266,71.38138580322266,331300
29/12/2017,71.39686176290958,71.75229997181438,71.15732283231351,71.69048309326172,71.69048309326172,358900
02/01/2018,71.82182343513935,71.82182343513935,70.5082474839221,70.85595703125,70.85595703125,269600
03/01/2018,70.91776449895723,71.3118395901776,70.3382447334131,70.90231323242188,70.90231323242188,243200
04/01/2018,70.53142235001422,70.81732090762641,69.74327801401725,69.97508239746094,69.97508239746094,282000
05/01/2018,69.6196546810615,69.98282142067501,69.13286009753469,69.47284698486328,69.47284698486328,460200
08/01/2018,69.44194395748318,70.48507865780086,69.31831020876146,70.46189880371094,70.46189880371094,296400
09/01/2018,70.47736182526138,70.47736182526138,69.73557689479955,70.16056060791016,70.16056060791016,337900
10/01/2018,69.78964076600471,69.82054919751928,68.33697985590248,68.4837875366211,68.4837875366211,415400
11/01/2018,68.52244923257176,68.87788748025258,67.78839287901958,68.09746551513672,68.09746551513672,333300
12/01/2018,67.98928301072254,68.47608357119073,67.26295530468687,67.37113189697266,67.37113189697266,339000
16/01/2018,67.47155999547986,68.6769593224991,67.44838014614187,67.548828125,67.548828125,382800
17/01/2018,67.89654429452061,68.28289084153471,67.47156073473293,68.01244354248047,68.01244354248047,345900
18/01/2018,67.84246240048711,68.06653823109114,67.06204065139863,67.79609680175781,67.79609680175781,581900
19/01/2018,67.58747633380658,68.3910779833365,67.49475102591342,67.86564636230469,67.86564636230469,387600
22/01/2018,67.83473983979097,68.99377969283293,67.74974311228671,68.90105438232422,68.90105438232422,419100
23/01/2018,69.1251380827444,70.70143303487824,68.90105633073118,70.67052459716797,70.67052459716797,463000
24/01/2018,70.61643561376682,70.90233423840219,69.72011450966896,69.85147094726562,69.85147094726562,548400
25/01/2018,69.63511374007925,70.16826804267743,69.34148654933398,70.15281677246094,70.15281677246094,230000
26/01/2018,70.05237277132167,70.11418375089241,68.96287246074209,69.1174087524414,69.1174087524414,460900
29/01/2018,69.19466116214893,69.19466116214893,68.00471322347913,68.0201644897461,68.0201644897461,527300
30/01/2018,67.93517016343738,68.71559177876094,67.57200349407354,68.10516357421875,68.10516357421875,334400
31/01/2018,68.34471486567267,68.93969196304315,68.04336497304458,68.64606475830078,68.64606475830078,627500
01/02/2018,68.61516267289034,68.95514369275375,67.51793378211264,67.6956558227539,67.6956558227539,382600
02/02/2018,67.11613469618555,67.88882792925683,66.86114451442847,67.47157287597656,67.47157287597656,442700
05/02/2018,67.39429164976309,67.74972976055982,65.01439553902293,65.15348052978516,65.15348052978516,445000
06/02/2018,64.75170196386638,65.52439527658468,61.90819033725575,65.21531677246094,65.21531677246094,649500
07/02/2018,65.5012142191896,67.38658792378995,65.19986427724874,66.08846282958984,66.08846282958984,527600
08/02/2018,66.0266161235822,66.80703772351836,64.87530517578125,64.87530517578125,64.87530517578125,411700
09/02/2018,64.95256713524523,65.92616189756978,63.83989330205364,65.44709014892578,65.44709014892578,514700
12/02/2018,65.60940899207046,66.03438688693895,63.39177648838828,65.89530181884766,65.89530181884766,458600
13/02/2018,65.78707966719541,66.50568437245401,64.96029841664452,66.25069427490234,66.25069427490234,394300
14/02/2018,65.964829084773,66.24299914414091,64.8521488473014,65.69438171386719,65.69438171386719,499500
15/02/2018,65.78707937222465,67.09293238548605,65.77162810661486,66.8533935546875,66.8533935546875,452600
16/02/2018,67.06203472644145,67.57200910595914,66.59842004637613,67.40974426269531,67.40974426269531,315400
20/02/2018,67.28611482008272,67.59519323111346,66.06525833886049,66.11934661865234,66.11934661865234,426200
21/02/2018,66.17343768103851,66.79931721568825,65.45483285062635,65.59391784667969,65.59391784667969,427600
22/02/2018,65.97254558016739,68.6306121667469,65.41621140883859,67.71883392333984,67.71883392333984,568400
23/02/2018,68.07424960978334,68.9242106993933,67.44837018932883,68.79285430908203,68.79285430908203,302700
26/02/2018,69.02467572365293,69.09421527264976,68.46060716934107,68.74650573730469,68.74650573730469,381800
27/02/2018,68.6228702751888,68.88558898683684,66.9538562945261,67.09294128417969,67.09294128417969,463800
28/02/2018,67.44067500232433,68.57653517607555,67.1934133648207,67.65702819824219,67.65702819824219,441200
01/03/2018,67.3324843614927,68.70787730170336,67.03113448785919,67.51792907714844,67.51792907714844,440800
02/03/2018,67.05430664731215,67.40974476786522,66.62160039536587,67.17021179199219,67.17021179199219,453000
05/03/2018,67.27840774783085,67.85019915917468,67.00023767848904,67.23204803466797,67.23204803466797,597800
06/03/2018,67.06205339250664,67.55657664157941,66.50571326350425,67.37113189697266,67.37113189697266,532900
07/03/2018,67.39430061640235,68.05881722788074,66.62160743051409,67.41748046875,67.41748046875,368300
08/03/2018,67.60291304100491,68.15152439703141,67.41746836034893,67.9583511352539,67.9583511352539,252500
09/03/2018,67.91200332078466,68.7619646422791,67.56429374682186,68.73878479003906,68.73878479003906,403200
12/03/2018,68.51472353543969,69.07106373618788,68.25973329423294,68.66153717041016,68.66153717041016,501900
13/03/2018,69.03241785221695,69.34922494068636,68.16700511333889,68.43744659423828,68.43744659423828,262900
14/03/2018,68.84694036483747,69.26419526343398,68.36787451084761,69.08647918701172,69.08647918701172,356300
15/03/2018,69.14058459241569,69.58874213218502,68.81604899406996,69.39556884765625,69.39556884765625,585200
16/03/2018,69.35692849564435,69.88235999542877,69.12511822699415,69.78190612792969,69.78190612792969,425900
19/03/2018,69.48056556446338,69.64283041604584,69.03240212951324,69.39556884765625,69.39556884765625,503100
20/03/2018,69.41104125976562,69.96738138465282,69.13287119732203,69.41104125976562,69.41104125976562,386800
21/03/2018,69.41102125399343,69.6428256424306,68.74650472914878,69.24102783203125,69.24102783203125,690400
22/03/2018,69.02469283357564,70.36917750407765,68.90105907780527,69.07878112792969,69.07878112792969,517300
23/03/2018,68.95513079055857,69.33375465517139,68.25970581953358,68.4992446899414,68.4992446899414,687300
26/03/2018,68.8392333984375,69.25648842804117,68.38334724648126,68.8392333984375,68.8392333984375,445200
27/03/2018,68.84695122486357,70.83277217511721,68.2288003071668,69.97508239746094,69.97508239746094,421900
28/03/2018,70.17757973431543,71.36135162303108,70.02960602006412,70.90965270996094,70.90965270996094,444300
29/03/2018,71.04984311519641,71.56384742140668,70.7227429838639,71.15887451171875,71.15887451171875,536600
02/04/2018,70.90965569353322,71.2133868468967,70.10748768305088,70.49688720703125,70.49688720703125,335700
03/04/2018,70.68382839309284,71.08101177072766,70.16981798659981,70.71498107910156,70.71498107910156,458400
04/04/2018,70.3956361672421,71.56383458480904,70.3956361672421,71.33798217773438,71.33798217773438,334200
05/04/2018,71.36913792563807,71.36913792563807,70.71494963564209,71.0654067993164,71.0654067993164,266400
06/04/2018,71.04204344302595,71.59499000220849,70.70715964613909,70.96416473388672,70.96416473388672,432700
09/04/2018,70.97975815514786,71.43925276990463,70.49690051522431,70.54363250732422,70.54363250732422,459100
10/04/2018,70.62930137990155,71.15888507380116,70.43460157981737,70.76948547363281,70.76948547363281,330700
11/04/2018,70.6292763937276,71.70401677095072,70.6292763937276,71.36913299560547,71.36913299560547,466200
12/04/2018,71.3691278466544,71.40028051441158,70.09189817742902,70.17756652832031,70.17756652832031,452600
13/04/2018,70.41122067853661,71.18223002743204,69.74145306094589,71.135498046875,71.135498046875,318800
16/04/2018,71.31461916006533,71.63392957958055,70.76946227523987,71.33798217773438,71.33798217773438,227100
17/04/2018,71.40028708836458,72.35821239936344,71.08097667077683,71.92987060546875,71.92987060546875,321500
18/04/2018,71.92986663729442,72.14792937787838,71.70401424404274,71.87535095214844,71.87535095214844,191100
19/04/2018,71.69622902098332,71.69622902098332,70.85513067558875,71.33019256591797,71.33019256591797,288400
20/04/2018,71.36136760260581,71.55606740000198,70.77726821041732,71.11215209960938,71.11215209960938,286200
23/04/2018,71.29126739501953,71.51711983774278,70.917441228017,71.29126739501953,71.29126739501953,333200
24/04/2018,71.70402393316103,71.70402393316103,70.34112567858347,71.135498046875,71.135498046875,836600
25/04/2018,71.76635322341173,71.76635322341173,70.76949111815439,71.6028060913086,71.6028060913086,430500
26/04/2018,71.71179691835903,72.45944307407723,71.6494915866083,72.0934066772461,72.0934066772461,1003200
27/04/2018,72.20247473875797,73.370673564965,72.20247473875797,73.160400390625,73.160400390625,435300
30/04/2018,73.40180704874773,73.68996482288163,72.92673917500085,73.09028625488281,73.09028625488281,413600
01/05/2018,73.09030155731833,73.44076475195237,72.78657035369518,73.08251190185547,73.08251190185547,322900
02/05/2018,72.91895438867927,73.20711218204839,72.38158707370083,72.80213928222656,72.80213928222656,633400
03/05/2018,72.80213017909225,73.15258733816007,72.66194612711219,72.9267349243164,72.9267349243164,356500
04/05/2018,72.85665823330798,73.4796939486899,72.85665823330798,73.31614685058594,73.31614685058594,469900
07/05/2018,73.5419851983369,73.87686898501823,73.5419851983369,73.75225830078125,73.75225830078125,385100
08/05/2018,73.81457784277731,73.81457784277731,73.1448101405699,73.30835723876953,73.30835723876953,264900
09/05/2018,73.08250079942941,73.29277987261824,72.8488646469327,73.26162719726562,73.26162719726562,317500
10/05/2018,73.54978951459591,73.67439428190993,73.2694213609323,73.53421020507812,73.53421020507812,217600
11/05/2018,73.63544382850068,73.8535065859781,73.19931237178136,73.29277038574219,73.29277038574219,170900
14/05/2018,73.29278410467639,73.29278410467639,71.99219102787376,72.61522674560547,72.61522674560547,308500
15/05/2018,72.18690838942823,72.2959398151369,71.69626103197209,72.01557159423828,72.01557159423828,376100
16/05/2018,72.03110382663174,72.21801982832227,71.42364167554666,71.58718872070312,71.58718872070312,289200
17/05/2018,71.7585628838202,71.77414219631035,70.89409523538716,71.2601318359375,71.2601318359375,402700
18/05/2018,71.53268005680697,71.80525849214281,71.04982852614471,71.36913299560547,71.36913299560547,449600
21/05/2018,71.55606051447847,71.96882903632313,70.99533014301781,71.44702911376953,71.44702911376953,421700
22/05/2018,71.28348609307481,71.72740137616175,71.19003399669822,71.63394927978516,71.63394927978516,428500
23/05/2018,71.72738321398096,73.28498113802729,71.72738321398096,72.70867156982422,72.70867156982422,308200
24/05/2018,73.06692701086978,73.19932142403022,72.29591761108018,72.35822296142578,72.35822296142578,331200
25/05/2018,72.5996637865999,73.2460685611951,72.5529377350564,73.0435791015625,73.0435791015625,190300
29/05/2018,72.88003426147498,74.42205342835999,72.77100284328176,74.03265380859375,74.03265380859375,476300
30/05/2018,73.65881758790728,75.68369398488828,73.65881758790728,75.31765747070312,75.31765747070312,599700
31/05/2018,75.13854643695468,75.49679334167062,74.55444706022445,75.29430389404297,75.29430389404297,398500
01/06/2018,75.23198648989278,75.97184914702572,74.76470825167286,75.8238754272461,75.8238754272461,324000
04/06/2018,75.9328896605133,76.64159948272471,75.56685324172399,76.54814147949219,76.54814147949219,372500
05/06/2018,76.69614955032905,77.09333287316431,75.58246643168346,75.68370819091797,75.68370819091797,697800
06/06/2018,75.61359836685202,75.95627185680809,74.68683151992636,75.10738372802734,75.10738372802734,463000
07/06/2018,75.22420683478686,75.34102789531134,74.64789712910296,75.20084381103516,75.20084381103516,554400
08/06/2018,75.2709222458127,75.59022673636987,75.23197992029283,75.45783233642578,75.45783233642578,223500
11/06/2018,75.45005660444636,75.66812534912347,74.71019981717343,74.90489959716797,74.90489959716797,266300
12/06/2018,74.71019035643923,75.43447368397176,74.50770094719223,74.93604278564453,74.93604278564453,565900
13/06/2018,75.04507067073014,75.32543878067426,73.59650408327373,74.28963470458984,74.28963470458984,441800
14/06/2018,74.49213395989992,75.3799644449305,74.49213395989992,75.16968536376953,75.16968536376953,199200
15/06/2018,75.31766086886758,75.71485007683616,75.0217193474636,75.15411376953125,75.15411376953125,407900
18/06/2018,74.95941584827581,75.32545238803564,74.41425883699468,75.12296295166016,75.12296295166016,251900
19/06/2018,74.92047408975981,75.46563704698694,74.41425940758823,74.53107452392578,74.53107452392578,264600
20/06/2018,74.8737456586652,75.22420288004822,74.28964632851641,75.14632415771484,75.14632415771484,232700
21/06/2018,75.36436940995422,75.50455345422166,74.82700219173256,75.0840072631836,75.0840072631836,329900
22/06/2018,75.40333451990001,75.81609712449024,74.88933016342959,75.76158142089844,75.76158142089844,323800
25/06/2018,75.67591167907328,76.20549533664169,75.44227550006032,76.01858520507812,76.01858520507812,295900
26/06/2018,76.02635905217849,76.32230052743324,75.6681122321023,75.79271697998047,75.79271697998047,331400
27/06/2018,75.98741672622391,76.23663216374494,75.481196197638,75.79271697998047,75.79271697998047,335900
28/06/2018,75.76918094244482,76.69491768856129,75.72995242510703,76.66353607177734,76.66353607177734,463800
29/06/2018,76.39680882839254,77.32254573817454,75.99670661088186,76.78907012939453,76.78907012939453,436300
02/07/2018,76.67139078390781,77.12640931005556,75.83979281798537,76.70276641845703,76.70276641845703,288500
03/07/2018,76.72629979048854,77.57357950728685,76.48309375523303,77.21269989013672,77.21269989013672,268500
05/07/2018,77.44805937140447,77.83247370665394,76.82043899981102,77.77755737304688,77.77755737304688,255600
06/07/2018,77.91878327214404,78.24828132290222,77.48729345417571,77.87955474853516,77.87955474853516,226700
09/07/2018,77.87954425239234,78.11490339146063,76.33403998867315,76.8125991821289,76.8125991821289,380100
10/07/2018,76.98521797667715,77.34609773595959,76.64003202478261,76.9930648803711,76.9930648803711,302900
11/07/2018,77.17350392298765,77.64421636889108,77.14212229520295,77.40101623535156,77.40101623535156,311800
12/07/2018,77.43236170469063,78.00506571408754,77.02441267332179,77.785400390625,77.785400390625,350100
13/07/2018,78.20906630523018,78.4287316935251,77.71481319613369,77.89525604248047,77.89525604248047,328500
16/07/2018,77.5892829618398,77.91093410142264,77.14210533870997,77.65204620361328,77.65204620361328,357100
17/07/2018,77.75403343576004,77.95801098262045,76.63216590617623,76.7812271118164,76.7812271118164,408300
18/07/2018,76.61646663931712,77.09501983533595,76.25558103901747,76.66353607177734,76.66353607177734,246800
19/07/2018,76.71846236586374,77.94231565218487,76.48310320214098,77.36177062988281,77.36177062988281,332600
20/07/2018,77.27546227838576,77.27546227838576,75.89470107342986,76.09867858886719,76.09867858886719,476400
23/07/2018,76.23990619259514,76.32620415707338,75.63582642667987,76.07515716552734,76.07515716552734,202800
24/07/2018,75.87119274433032,75.96533762698947,74.94545568053238,75.25141906738281,75.25141906738281,383400
25/07/2018,75.32200855027402,76.23989845886979,75.32200855027402,75.78487396240234,75.78487396240234,400800
26/07/2018,76.21636734816954,76.79691236243694,74.85129977959352,75.39261627197266,75.39261627197266,445000
27/07/2018,75.33770718504587,75.7299684999616,74.68655196578192,74.84346008300781,74.84346008300781,284300
30/07/2018,74.8983709885377,75.54167925886497,74.58456076230759,75.3769302368164,75.3769302368164,377500
31/07/2018,75.57304430203982,77.49512178973774,75.49459325904967,76.06729125976562,76.06729125976562,420100
01/08/2018,75.69074108333103,76.73415156485602,75.14941858828374,76.6164779663086,76.6164779663086,385800
02/08/2018,76.44388965240313,76.9616714938621,75.88687928390101,76.14576721191406,76.14576721191406,250200
03/08/2018,76.14577506569776,77.49515513327216,76.02025453999248,77.40101623535156,77.40101623535156,231200
06/08/2018,77.44020868960989,77.98153108404242,77.40882707401933,77.71479034423828,77.71479034423828,220300
07/08/2018,77.54219250943399,78.21688226415777,77.10286187303004,77.87169647216797,77.87169647216797,370800
08/08/2018,77.9030780131452,78.19334747530944,77.60495566549847,77.63633728027344,77.63633728027344,268100
09/08/2018,77.69912363638511,78.45226465885821,77.63636038815416,78.20121765136719,78.20121765136719,194000
10/08/2018,78.17767852143128,78.54640510220575,77.16564364614571,77.2597885131836,77.2597885131836,329800
13/08/2018,77.1577967832104,77.44807230098296,77.03227627919554,77.31470489501953,77.31470489501953,286900
14/08/2018,77.4166950759406,78.4208831068278,77.36177873004623,78.31105041503906,78.31105041503906,293000
15/08/2018,78.27965603411086,79.54273776927698,78.13059484007516,79.35445404052734,79.35445404052734,389800
16/08/2018,79.33091786362006,80.19389142206923,79.1034056189089,80.11544036865234,80.11544036865234,344500
17/08/2018,78.89158678285152,80.10759914601995,78.68761522659567,79.91146850585938,79.91146850585938,577300
20/08/2018,79.84085035491425,80.10759111120316,79.24461757813957,79.29168701171875,79.29168701171875,390200
21/08/2018,79.25247728031998,79.35446905782749,78.64839745960727,78.97005462646484,78.97005462646484,246100
22/08/2018,78.8915976113083,79.05634665340436,78.43657901260951,78.55425262451172,78.55425262451172,257100
23/08/2018,78.5699350414536,78.86805145745052,78.39733912176989,78.72683715820312,78.72683715820312,231400
24/08/2018,78.66407427287098,79.7231845147294,78.60915793321722,79.58197021484375,79.58197021484375,274400
27/08/2018,79.61335026900977,79.91931358183676,79.02495836196834,79.87223815917969,79.87223815917969,448400
28/08/2018,79.85655455282904,80.75875672161963,79.58981376181345,80.71952819824219,80.71952819824219,360200
29/08/2018,80.93135465373675,81.1588609415815,80.71168329698352,80.79798126220703,80.79798126220703,266300
30/08/2018,81.1823959017401,81.23731224068356,80.64107342827445,80.94703674316406,80.94703674316406,212700
31/08/2018,81.02548780087874,81.38636745471182,80.63322652687337,80.94703674316406,80.94703674316406,284700
04/09/2018,80.69599722214345,81.20593812254661,80.40572169780746,80.72737884521484,80.72737884521484,321600
05/09/2018,78.7190112655678,79.44861767549416,78.25614570782292,79.1583480834961,79.1583480834961,3411900
06/09/2018,79.41721512462476,79.69963771737342,78.9308090209961,78.9308090209961,78.9308090209961,824800
07/09/2018,78.76608099560221,79.35447302596961,78.63271357188958,79.0720443725586,79.0720443725586,541800
10/09/2018,79.28383652851207,79.80947111659853,78.93080382175708,79.6290283203125,79.6290283203125,704400
11/09/2018,79.7937870936634,80.24881160489828,79.53489321808851,80.05268096923828,80.05268096923828,913900
12/09/2018,80.11544055175409,80.55477124023811,79.88008140553382,80.3351058959961,80.3351058959961,408900
13/09/2018,80.53907794466028,81.21376174803446,80.16250453341226,80.57830047607422,80.57830047607422,371500
14/09/2018,80.38219622551422,80.75092285723751,79.28386323337317,79.96640014648438,79.96640014648438,487600
17/09/2018,80.0840555417926,80.93918216501164,79.88007802273528,80.8921127319336,80.8921127319336,364300
18/09/2018,80.915654481466,81.15101363817604,79.81732172587252,79.9428482055664,79.9428482055664,421700
19/09/2018,80.04483733626894,80.04483733626894,79.06418411792706,79.2210922241211,79.2210922241211,338900
20/09/2018,79.33093119988578,79.90362937299346,78.65624125330184,79.89578247070312,79.89578247070312,308900
21/09/2018,79.94286732887699,80.4528083001115,79.56629378514634,80.17037963867188,80.17037963867188,571100
24/09/2018,80.23312336608684,80.23312336608684,79.14263743503045,79.44860076904297,79.44860076904297,383500
25/09/2018,79.60552002085362,79.74673434750238,78.93083001413547,79.01712799072266,79.01712799072266,362100
26/09/2018,79.04063748434669,79.40936399653326,78.1855108798556,78.2482681274414,78.2482681274414,389200
27/09/2018,78.54854121230204,79.44140543682798,78.32729491793953,78.88040161132812,78.88040161132812,325500
28/09/2018,78.97523739726972,80.24737530917088,78.75399706969505,80.23157501220703,80.23157501220703,466100
01/10/2018,80.22366673994664,80.77677355200164,79.68636625219554,79.7416763305664,79.7416763305664,335300
02/10/2018,79.8206582487422,80.2473384107364,79.5599142844769,79.99449157714844,79.99449157714844,404700
03/10/2018,79.98659768514823,80.4448784450958,78.50902036221184,79.23595428466797,79.23595428466797,326900
04/10/2018,78.86458237390237,79.36237891925704,78.09813870048158,78.66704559326172,78.66704559326172,451200
05/10/2018,78.85668677286777,79.26756063209967,78.58803361124579,78.83297729492188,78.83297729492188,961300
08/10/2018,78.94361109215997,80.24734917337375,78.63544813243607,79.49671173095703,79.49671173095703,406200
09/10/2018,79.65472897669898,80.64241287345735,79.2991651852036,80.27894592285156,80.27894592285156,383400
10/10/2018,80.04192970740694,80.34218353298232,78.46953212593985,78.53274536132812,78.53274536132812,260200
11/10/2018,78.50111093173439,78.69864770107864,75.75929960870126,75.87782287597656,75.87782287597656,576000
12/10/2018,76.1780940062944,76.6442779580005,74.77162693459579,75.53807067871094,75.53807067871094,558200
15/10/2018,75.23781901414476,77.58455721463184,75.12719888596344,76.80230712890625,76.80230712890625,412300
16/10/2018,76.9919489061236,78.81718709935402,76.54156522097537,78.45372009277344,78.45372009277344,329900
17/10/2018,78.30358975963762,78.63545015143653,77.5450491376637,78.31149291992188,78.31149291992188,287500
18/10/2018,78.21667369288012,78.80138699158539,78.04284033533776,78.46952056884766,78.46952056884766,309700
19/10/2018,78.50113106794792,79.19646453253868,78.50113106794792,78.80928802490234,78.80928802490234,289500
22/10/2018,78.8092820391825,79.32287893787962,76.89712721348049,76.9287338256836,76.9287338256836,362600
23/10/2018,76.53366314817245,78.87249828571547,76.50205653475827,78.20087432861328,78.20087432861328,374600
24/10/2018,78.22459135713191,80.32638630134383,78.19298473823254,79.54413604736328,79.54413604736328,375100
25/10/2018,78.04284455409358,81.79604415145296,77.80580398600442,81.12442016601562,81.12442016601562,540300
26/10/2018,80.8952815276226,81.29035519287864,78.8329965127184,79.85228729248047,79.85228729248047,419200
29/10/2018,75.98845444976023,81.21923106142472,75.98845444976023,80.6977310180664,80.6977310180664,258200
30/10/2018,80.89527994557692,81.45628381586762,80.03402226576806,80.35008239746094,80.35008239746094,265500
31/10/2018,80.29476365955432,80.7451473393901,78.85669594250452,79.38609313964844,79.38609313964844,545900
01/11/2018,79.41769821517815,79.86017872621579,78.96731454405915,79.49671173095703,79.49671173095703,369600
02/11/2018,79.47301535035345,79.47301535035345,77.67148050558174,78.67496490478516,78.67496490478516,348500
05/11/2018,78.86457734393123,80.48438125321135,78.7934670010412,80.05770111083984,80.05770111083984,254800
06/11/2018,80.11301222664193,80.7372291453291,79.47299501877323,79.80485534667969,79.80485534667969,246600
07/11/2018,80.12093729734148,81.0217047356311,79.31498367675889,81.01380157470703,81.01380157470703,275000
08/11/2018,81.07701848746045,81.5194990657761,80.026121085615,81.3377685546875,81.3377685546875,255500
09/11/2018,80.99800062585487,81.61431454934589,80.71354711834432,81.13232421875,81.13232421875,160900
12/11/2018,81.22714012347296,82.05679112317543,80.99799669640892,81.06910705566406,81.06910705566406,286900
13/11/2018,81.32985779189188,81.32985779189188,79.77326672364546,80.67403411865234,80.67403411865234,363600
14/11/2018,80.55551420518752,80.87947748930608,79.73376632444061,79.91549682617188,79.91549682617188,284600
15/11/2018,79.71007353079186,79.71007353079186,78.63547250378427,79.40191650390625,79.40191650390625,265000
16/11/2018,79.52830610974375,81.05329024024526,79.52830610974375,81.02958679199219,81.02958679199219,269700
19/11/2018,81.19552345537771,81.42466685406667,79.86017283238986,80.61871337890625,80.61871337890625,206000
20/11/2018,80.97428213245198,81.03748932255743,80.19203211791077,80.59500885009766,80.59500885009766,229200
21/11/2018,80.5160292391614,81.4009905566574,80.16045925694159,80.7925796508789,80.7925796508789,209200
23/11/2018,80.72935427002786,80.99800750698681,79.97081352834023,80.57132720947266,80.57132720947266,55300
26/11/2018,80.64242639059897,81.17972676163062,80.23945563358404,80.9268798828125,80.9268798828125,275200
27/11/2018,80.92687683673475,81.16392341410533,80.32636928986042,80.87156677246094,80.87156677246094,293600
28/11/2018,80.92688026875051,81.40096741525227,80.66613022825375,81.34565734863281,81.34565734863281,393300
29/11/2018,81.09282033238229,81.35357040459554,80.59502967225815,81.2271499633789,81.2271499633789,444200
30/11/2018,81.4562679169244,82.27012455639428,81.29824089609508,82.25431823730469,82.25431823730469,678300
03/12/2018,82.37286122086553,83.32103562933571,81.66172740033997,83.1393051147461,83.1393051147461,504800
04/12/2018,82.98128776461589,83.74773180384742,82.61782063816167,83.00499725341797,83.00499725341797,845500
06/12/2018,82.66521023496458,85.72307633677983,82.3728535724647,85.58875274658203,85.58875274658203,653800
07/12/2018,85.33590585924401,85.91271602354232,84.21389817345312,85.58875274658203,85.58875274658203,606100
10/12/2018,85.77048866526809,85.89690909386921,84.48254475559412,85.43072509765625,85.43072509765625,362100
11/12/2018,85.68358037447913,86.05495059269708,84.87762670337938,85.03565979003906,85.03565979003906,389900
12/12/2018,85.41491560657994,85.68356880344854,83.50276072881621,83.75560760498047,83.75560760498047,584300
13/12/2018,83.92943917697418,85.32799711230149,83.76350898317907,84.40352630615234,84.40352630615234,384600
14/12/2018,84.47465003588302,85.0593573450961,83.96105308947425,84.94083404541016,84.94083404541016,324200
17/12/2018,84.99614184753764,85.47813216595,81.85925621169974,82.0409927368164,82.0409927368164,452000
18/12/2018,82.5387996745481,83.24993356601249,82.1674294185419,82.34126281738281,82.34126281738281,382500
19/12/2018,82.42815556808446,82.50716908232467,81.22713447793716,81.76443481445312,81.76443481445312,511500
20/12/2018,81.94618091689156,82.33335143032144,80.42909945221676,81.2271499633789,81.2271499633789,390600
21/12/2018,81.21924335983203,83.1076949633808,80.5713228016481,80.6424331665039,80.6424331665039,457100
24/12/2018,80.68191074676277,80.93475754592518,77.0077259867909,77.09464263916016,77.09464263916016,176400
26/12/2018,77.3159147489561,79.46511644314478,76.60478094891637,79.43350982666016,79.43350982666016,374700
27/12/2018,79.18067016655704,80.05773426211537,77.1815982107093,79.97081756591797,79.97081756591797,393400
28/12/2018,80.66307170746694,81.02910641330539,79.14322601166077,80.16175842285156,80.16175842285156,360700
31/12/2018,80.21748938768786,81.02913688181634,79.39788896958889,80.93364715576172,80.93364715576172,400700
02/01/2019,80.57557455238687,80.93365041537821,77.57567080055982,77.81439208984375,77.81439208984375,520400
03/01/2019,78.0292189500932,79.90714072178649,77.8780345002161,78.74537658691406,78.74537658691406,303900
04/01/2019,79.05571432721403,79.96284535353932,78.47483526749822,79.10346221923828,79.10346221923828,381700
07/01/2019,79.24669909529298,80.3686806199768,79.15917443433284,79.42176055908203,79.42176055908203,301100
08/01/2019,79.6206854133562,80.79836764969761,79.30239849574365,80.65513610839844,80.65513610839844,466900
09/01/2019,81.03706110212123,81.03706110212123,79.49335053876666,80.06627655029297,80.06627655029297,277400
10/01/2019,80.01854457072957,82.00786802223685,79.57293806029064,81.75323486328125,81.75323486328125,305900
11/01/2019,81.85667769478891,82.39777387761157,81.33945242032222,82.33411407470703,82.33411407470703,243700
14/01/2019,82.1272277138117,82.73994272966253,81.69753312463838,82.1590576171875,82.1590576171875,280500
15/01/2019,82.19885500687187,83.22534065986396,82.10336528687853,82.42961120605469,82.42961120605469,210300
16/01/2019,82.32615412876847,84.1881638811111,81.8487177543762,83.44813537597656,83.44813537597656,395800
17/01/2019,83.28104203167408,84.18817306323706,83.09006260434137,84.1165542602539,84.1165542602539,247400
18/01/2019,84.25182226153669,84.88044918303306,83.0025274119873,83.42426300048828,83.42426300048828,281200
22/01/2019,83.45610032049754,83.82213512929266,82.91500406598874,83.51976013183594,83.51976013183594,268600
23/01/2019,83.56749131775152,83.87783134079024,82.9547824066777,83.50383758544922,83.50383758544922,299800
24/01/2019,83.28901193705286,83.71870662976492,82.91501807093674,83.36858367919922,83.36858367919922,220300
25/01/2019,83.3685562094805,84.10063178044044,83.28898449355282,84.06880187988281,84.06880187988281,328000
28/01/2019,83.7266453225504,85.35788688926586,83.7266453225504,84.87249755859375,84.87249755859375,373500
29/01/2019,85.01572443633789,85.62048046778193,84.44280437968574,85.57273864746094,85.57273864746094,323200
30/01/2019,85.49316905038204,86.28093945994549,85.14304617016114,85.962646484375,85.962646484375,258100
31/01/2019,85.62045677992782,87.52224899505191,84.96000011718753,87.4585952758789,87.4585952758789,322300
01/02/2019,87.5700394552127,87.91220340474285,85.89900254252345,87.5302505493164,87.5302505493164,424300
04/02/2019,87.34721137418482,88.41349190030431,87.05279538897277,88.37370300292969,88.37370300292969,222200
05/02/2019,88.47714616909475,88.88296375643168,87.33129399088931,88.7954330444336,88.7954330444336,246800
06/02/2019,88.61241355484854,89.1216798109508,88.23046082730554,89.06597900390625,89.06597900390625,192200
07/02/2019,88.88296535422627,90.31528060273094,88.65220918673735,90.11634826660156,90.11634826660156,335900
08/02/2019,89.98107370651057,90.62561251834053,89.8219241986351,90.33914947509766,90.33914947509766,211600
11/02/2019,90.27548351556236,91.16670248608888,90.21978270933772,90.3630142211914,90.3630142211914,413100
12/02/2019,90.65746604720323,90.71316687174323,88.04747414715523,88.85911560058594,88.85911560058594,407200
13/02/2019,88.4771477595942,90.33119251841072,88.4771477595942,90.11634826660156,90.11634826660156,370200
14/02/2019,90.11635509502683,90.56992061293268,89.79010312500556,90.4585189819336,90.4585189819336,229600
15/02/2019,90.99165309425985,96.50605792264624,90.27549544039148,91.15080261230469,91.15080261230469,345200
19/02/2019,90.56197648937221,91.54072648921401,90.56197648937221,91.23039245605469,91.23039245605469,384700
20/02/2019,91.23035380020526,91.42132710793824,90.17999150127591,90.73699951171875,90.73699951171875,446500
21/02/2019,87.17216727356123,90.76090287009974,86.73451362962524,90.57788848876953,90.57788848876953,650500
22/02/2019,90.33119922197355,90.872295459238,89.90151068646767,90.52217864990234,90.52217864990234,532200
25/02/2019,90.38690663187799,90.72111761967012,89.75828569961656,90.30733489990234,90.30733489990234,566000
26/02/2019,90.06064834847184,90.66540435616386,89.79009721176757,90.38689422607422,90.38689422607422,573500
27/02/2019,89.96512875378872,90.31525149523473,89.28876024312076,90.14019012451172,90.14019012451172,390400
28/02/2019,90.09248286505685,91.31790685903707,89.4638559159475,90.37098693847656,90.37098693847656,737400
01/03/2019,90.32323253889406,90.74496808718793,88.92274730210491,90.54603576660156,90.54603576660156,443300
04/03/2019,90.95186786580219,91.61231861771155,90.17205042531178,91.52478790283203,91.52478790283203,485200
05/03/2019,91.17468250728832,92.22504514616112,90.98370306681403,91.8510513305664,91.8510513305664,346500
06/03/2019,91.90673527924291,92.57514498540782,91.44521082254836,91.89082336425781,91.89082336425781,279900
07/03/2019,92.01017447823806,92.95709426431529,91.79533024380784,92.05792236328125,92.05792236328125,258600
08/03/2019,92.1613766740414,92.70247289601427,92.01018614893721,92.2886962890625,92.2886962890625,263000
11/03/2019,92.43987782490713,93.60960094951838,92.24890447933791,93.56185913085938,93.56185913085938,318800
12/03/2019,93.77671204591371,94.18253575479214,93.19583296214172,93.76875305175781,93.76875305175781,293200
13/03/2019,93.88014941613874,94.4212456056327,93.3231352402559,93.38679504394531,93.38679504394531,310700
14/03/2019,93.52207169984952,93.89606547435943,92.84570295087343,93.58573150634766,93.58573150634766,264500
15/03/2019,93.86422521044932,94.24617793634516,93.09236683692315,94.11885833740234,94.11885833740234,574100
18/03/2019,94.12683369696175,94.19844643061974,91.78738726252875,92.36031341552734,92.36031341552734,390700
19/03/2019,92.40008963684046,92.40008963684046,91.43725790052224,91.89082336425781,91.89082336425781,456100
20/03/2019,91.90672167579827,92.43985877741343,90.88818928138961,91.8191909790039,91.8191909790039,539100
21/03/2019,91.73169292640185,93.46638342511271,91.62029128555258,93.44251251220703,93.44251251220703,359500
22/03/2019,93.45841409741509,94.61222535140463,93.3788423728825,93.94380950927734,93.94380950927734,390100
25/03/2019,93.93588134464281,94.23825640593535,93.41069689662756,93.81652069091797,93.81652069091797,296700
26/03/2019,93.68918240222045,94.61223146505768,93.37088941258921,94.5963134765625,94.5963134765625,191100
27/03/2019,94.43715604226493,94.77931989307119,93.5698079256446,94.03929138183594,94.03929138183594,290300
28/03/2019,94.28755332566303,95.08036118554944,93.62288436040986,94.99227142333984,94.99227142333984,311900
29/03/2019,94.94421886527499,95.38466767767358,94.31157698460586,94.91218566894531,94.91218566894531,436800
01/04/2019,94.90417451180735,95.59287290463368,93.83909372874956,95.51278686523438,95.51278686523438,371000
02/04/2019,95.62489568380316,96.6179001451934,94.5918482070744,96.46574401855469,96.46574401855469,545700
03/04/2019,96.60990213558803,96.65794887210528,95.58486435850598,96.32160949707031,96.32160949707031,245600
04/04/2019,96.22551915597123,96.23352287251322,95.39267440755799,96.1694564819336,96.1694564819336,246900
05/04/2019,95.81711461208012,96.59390288581756,95.57686867453172,96.5138168334961,96.5138168334961,279400
08/04/2019,96.27356528207258,96.73002762006307,95.13641435019557,95.95323944091797,95.95323944091797,302000
09/04/2019,95.92920578234808,96.1534320141929,95.0082713789512,95.21648406982422,95.21648406982422,270500
10/04/2019,95.56083623912743,96.30559116665239,95.1924636881601,96.2495346069336,96.2495346069336,322800
11/04/2019,96.22550916270718,96.62591489768575,95.64091410136757,96.23351287841797,96.23351287841797,193800
12/04/2019,96.00127648701292,96.85014079683279,95.28055105430894,96.81810760498047,96.81810760498047,272400
15/04/2019,96.75406319547872,96.97027965245437,95.59288874821966,96.10540771484375,96.10540771484375,269200
16/04/2019,95.99325712273142,95.99325712273142,93.20643098294792,93.34256744384766,93.34256744384766,526600
17/04/2019,93.62286590473227,94.80806338312286,92.21343609692403,94.16741180419922,94.16741180419922,621800
18/04/2019,94.18343382642874,95.83310343560773,93.67091499426233,95.48875427246094,95.48875427246094,476500
22/04/2019,95.28055883259857,95.33661539548969,92.9582041662249,94.2234878540039,94.2234878540039,363900
23/04/2019,94.63991051224575,95.92120778775369,93.95922190741722,95.77706146240234,95.77706146240234,506200
24/04/2019,95.61688380818072,97.12240706314319,95.51277441441589,96.62590789794922,96.62590789794922,398800
25/04/2019,96.89819264358837,98.89221159140376,96.52982008240568,97.89119720458984,97.89119720458984,995500
26/04/2019,97.835133218631,98.93224710281385,97.66696354757345,97.7870864868164,97.7870864868164,521200
29/04/2019,97.70700744631358,98.59590865115035,97.0102992801774,97.39469146728516,97.39469146728516,505100
30/04/2019,97.46677451000812,98.83616154831498,96.84214246899523,98.56388854980469,98.56388854980469,428700
01/05/2019,98.57188015014889,100.21354609488259,97.963267836627,99.1164321899414,99.1164321899414,724800
02/05/2019,99.20454143776,99.94929648988682,98.53186260859141,99.1725082397461,99.1725082397461,284400
03/05/2019,99.44480290850312,100.02138834344227,98.57191492791225,99.06842041015625,99.06842041015625,492600
06/05/2019,98.3797040957687,99.67702109066182,98.3797040957687,99.236572265625,99.236572265625,261600
07/05/2019,98.86818626490378,99.38070513202197,97.11440713884531,97.57086944580078,97.57086944580078,300500
08/05/2019,97.51481741514228,98.50782811230198,97.01831817626953,97.01831817626953,97.01831817626953,378000
09/05/2019,96.73001953162827,97.9392465787621,96.53782648688933,97.7470474243164,97.7470474243164,409100
10/05/2019,97.39469659216867,98.55587082045643,97.17046424056129,98.46778106689453,98.46778106689453,484900
13/05/2019,97.81111907040307,99.74908149250645,97.2345337954649,99.59693145751953,99.59693145751953,461100
14/05/2019,99.66899579311779,101.42277488459352,98.69200481265563,98.83615112304688,98.83615112304688,719300
15/05/2019,98.78811060034863,100.04538445514297,98.67599747518535,99.4127426147461,99.4127426147461,330600
16/05/2019,99.25257543390642,100.79013198822629,99.22054224197808,100.21354675292969,100.21354675292969,448000
17/05/2019,99.86118623720225,100.57390794510708,99.33265385266571,100.38972473144531,100.38972473144531,406200
20/05/2019,100.23758367218214,100.46981976278227,98.21153135900724,98.68401336669922,98.68401336669922,472900
21/05/2019,98.98030868179808,99.98132314279869,98.98030868179808,99.58091735839844,99.58091735839844,449100
22/05/2019,99.92525467469387,99.92525467469387,98.90021696628062,99.52484893798828,99.52484893798828,653700
23/05/2019,99.30062634977178,100.98232928375394,99.21253659568494,100.97431945800781,100.97431945800781,560300
24/05/2019,101.30265774891059,102.01537951623308,100.75009584244664,101.00635528564453,101.00635528564453,616400
28/05/2019,101.00634722300363,101.93529144901169,100.12545583918305,100.68602752685547,100.68602752685547,4244400
29/05/2019,98.24356496905746,98.61193756303103,97.61092308711127,98.09941864013672,98.09941864013672,2282900
30/05/2019,98.09942143449784,99.33267203712502,97.81112876844433,98.93226623535156,98.93226623535156,767600
31/05/2019,98.70000621130734,101.310653116742,98.22753041240712,101.11845397949219,101.11845397949219,1222900
03/06/2019,101.68705809572236,102.08746388957749,100.69404732797219,101.90327453613281,101.90327453613281,899500
04/06/2019,101.91929637697945,102.07946237338533,99.8852401551432,101.0143814086914,101.0143814086914,641500
05/06/2019,101.09445781469202,103.64103902621281,101.09445781469202,103.45685577392578,103.45685577392578,594700
06/06/2019,103.37675814510406,103.70509380719167,102.52789987290825,103.49688720703125,103.49688720703125,525800
07/06/2019,103.96134533022814,104.52991460059143,103.31267780997808,103.92930603027344,103.92930603027344,435100
10/06/2019,104.3697760106243,104.3697760106243,103.18457827863803,103.30469512939453,103.30469512939453,384900
11/06/2019,103.5289226153357,103.6970984277889,101.6550264049929,103.0083999633789,103.0083999633789,502400
12/06/2019,102.99238304845956,103.95335454961663,102.74413340109734,103.26465606689453,103.26465606689453,322200
13/06/2019,103.54491735288106,103.78516321882617,102.77613302573917,103.39276123046875,103.39276123046875,296600
14/06/2019,103.28866659991124,104.17756787736586,103.19257312756396,103.4007797241211,103.4007797241211,339200
17/06/2019,103.5529267863823,104.71410094659187,103.5529267863823,103.77715301513672,103.77715301513672,490400
18/06/2019,104.45786343107122,104.90631595638911,102.88826737304377,103.56896209716797,103.56896209716797,436400
19/06/2019,103.20857802482122,104.25763901268652,102.856219050702,104.07345581054688,104.07345581054688,461700
20/06/2019,104.36175236998551,104.69007577251136,103.77715122280321,104.03341674804688,104.03341674804688,760600
21/06/2019,104.01741679648696,104.03343644970165,102.34372350829662,103.98538970947266,103.98538970947266,1133200
24/06/2019,104.14553575729241,104.14553575729241,103.13650546877938,103.60899353027344,103.60899353027344,522700
25/06/2019,104.12952755583501,104.76217553953155,102.67205685132296,102.76815032958984,102.76815032958984,494600
26/06/2019,102.85622466421397,102.94431441255138,100.01334157086599,100.9823226928711,100.9823226928711,630200
27/06/2019,101.67515704779062,102.56937689724249,101.47375629154044,101.98934173583984,101.98934173583984,375500
28/06/2019,101.95711161648175,103.77778222625706,101.92488675959288,103.27024841308594,103.27024841308594,979500
01/07/2019,104.43032718480862,104.6156124441876,102.44048667019868,104.34976196289062,104.34976196289062,702800
02/07/2019,104.37392407190102,106.67794917359511,104.37392407190102,106.15431213378906,106.15431213378906,687800
03/07/2019,106.6618436864052,107.63662882933285,106.38794158732813,107.58023071289062,107.58023071289062,432000
05/07/2019,106.87934196559627,107.34659315197999,104.9861824074744,107.15324401855469,107.15324401855469,352900
08/07/2019,106.98407753220012,108.58721958513908,106.98407753220012,108.1924819946289,108.1924819946289,331500
09/07/2019,108.07162631730722,109.40893010872803,107.87828948458854,109.19141387939453,109.19141387939453,572700
10/07/2019,109.80367135892843,110.07757337883378,108.3535837645413,109.69088745117188,109.69088745117188,527600
11/07/2019,109.74727379055052,109.74727379055052,107.62854663510616,108.35358428955078,108.35358428955078,386100
12/07/2019,108.43416836717333,108.43416836717333,107.27409808411183,107.64466857910156,107.64466857910156,566700
15/07/2019,107.9508056640625,108.55500793457031,107.5721712578088,107.9508056640625,107.9508056640625,278100
16/07/2019,107.83799882492781,108.007180833444,107.10489727556444,107.74938201904297,107.74938201904297,305700
17/07/2019,107.7816258459715,108.31332680520772,106.64573489627384,107.53189086914062,107.53189086914062,380100
18/07/2019,107.10491723381777,108.3455527473894,106.56516469467606,107.9266357421875,107.9266357421875,290200
19/07/2019,107.9508148801937,108.4100145453959,105.57428820514275,105.84819030761719,105.84819030761719,402900
22/07/2019,105.85621274554825,106.00122765500687,105.13117507582814,105.55814361572266,105.55814361572266,388700
23/07/2019,105.50177054929566,107.04852677936911,104.83311860789227,106.77461242675781,106.77461242675781,490200
24/07/2019,106.78266915502935,107.05657119672694,105.65481769520555,105.8078842163086,105.8078842163086,570500
25/07/2019,107.50769135608067,107.69297655844059,105.93676835232648,106.58125305175781,106.58125305175781,720300
26/07/2019,106.88739535462189,107.63661250319576,106.7021101148238,107.27409362792969,107.27409362792969,557300
29/07/2019,107.46746029787604,109.10283378513505,107.46746029787604,108.03944396972656,108.03944396972656,324100
30/07/2019,108.11192321443932,109.07059277849248,107.13715044054733,107.50772094726562,107.50772094726562,350700
31/07/2019,107.54800213951641,108.26498832874546,106.48460026289278,106.99213409423828,106.99213409423828,487200
01/08/2019,107.24184993473986,108.50665233885722,106.07372823377128,107.8943862915039,107.8943862915039,342800
02/08/2019,108.00718324873974,109.20752366413033,107.32241588863252,108.74027252197266,108.74027252197266,284500
05/08/2019,108.25691683768189,108.55498596386361,106.19457547188841,107.22574615478516,107.22574615478516,287400
06/08/2019,107.24994386609939,109.6586892505766,107.24994386609939,108.86920166015625,108.86920166015625,318700
07/08/2019,108.56305700228452,111.87408585898565,107.30631827580403,110.97986602783203,110.97986602783203,445100
08/08/2019,111.20543707160327,112.71192309958974,110.10176485193718,112.62330627441406,112.62330627441406,372100
09/08/2019,112.57495101738462,113.99280766265014,112.39771740016089,113.7752914428711,113.7752914428711,485800
12/08/2019,113.96867141166884,115.37042522939548,113.5900369716943,114.79039001464844,114.79039001464844,512600
13/08/2019,114.69368385115146,115.26566733338343,113.726962805114,114.99981689453125,114.99981689453125,553800
14/08/2019,114.92731670332464,115.72485573513832,114.12171377501174,114.47618103027344,114.47618103027344,474200
15/08/2019,114.43589084368374,116.9010336741952,114.25060562435444,116.68351745605469,116.68351745605469,548400
16/08/2019,116.90911777328569,118.09335531201546,114.25063738106236,117.64221954345703,117.64221954345703,513000
19/08/2019,118.05303654713505,118.77808648959541,117.22326659280994,118.19805145263672,118.19805145263672,406500
20/08/2019,118.39139514117807,118.45583254897926,117.35216062566325,118.18193054199219,118.18193054199219,435500
21/08/2019,118.42363315473044,119.0600540738576,117.77109673476355,118.28668212890625,118.28668212890625,411500
22/08/2019,118.44782529302445,119.35009685033296,117.73083901069292,119.27759552001953,119.27759552001953,255200
23/08/2019,119.32589955553662,120.46985421704304,119.084228515625,119.084228515625,119.084228515625,499900
26/08/2019,119.35006883380221,120.32485378512875,117.44079382856837,118.66531372070312,118.66531372070312,413200
27/08/2019,119.21315451765538,120.42962318037965,118.93120078163167,119.76097106933594,119.76097106933594,808300
28/08/2019,119.67231800756194,120.15567239124867,118.74586726024329,118.90699768066406,118.90699768066406,464700
29/08/2019,119.44678020861602,119.55956415575848,118.55256023751214,119.06814575195312,119.06814575195312,495100
30/08/2019,119.40649759338051,119.88180049258598,118.60894606481922,119.06814575195312,119.06814575195312,380300
03/09/2019,118.95534516468626,121.09018825572366,118.58476236589831,120.5665512084961,120.5665512084961,495300
04/09/2019,121.31572081498592,122.16160620033462,120.34899992852586,121.39628601074219,121.39628601074219,458800
05/09/2019,121.0740892590665,121.0740892590665,119.26148221267285,119.46288299560547,119.46288299560547,507300
06/09/2019,119.64816248644242,120.75988628131829,119.64816248644242,120.4457015991211,120.4457015991211,400100
09/09/2019,120.03482820813821,120.07511081033708,115.47511299177089,115.87791442871094,115.87791442871094,749300
10/09/2019,115.47513438378706,115.47513438378706,110.25483023587815,113.14694213867188,113.14694213867188,798500
11/09/2019,112.72803367563841,116.48214699834841,112.0352268240286,116.4499282836914,116.4499282836914,744100
12/09/2019,117.45691822171023,118.9633918771087,115.48319335771988,117.5697021484375,117.5697021484375,564700
13/09/2019,117.29576675336016,118.50417089315773,116.39348330339594,117.34410095214844,117.34410095214844,1067700
16/09/2019,117.27968821545805,119.1567447125768,116.84465570422331,118.47197723388672,118.47197723388672,610100
17/09/2019,119.18895140266272,120.69543724532697,118.3188987604758,119.51119995117188,119.51119995117188,632800
18/09/2019,120.38929297989675,120.59069369425217,117.31994805992407,119.04393768310547,119.04393768310547,830900
19/09/2019,119.48706161825164,119.74484822660698,118.80229404374197,119.18898010253906,119.18898010253906,651400
20/09/2019,119.54339833045051,120.84041932288373,118.97141493694537,120.7034683227539,120.7034683227539,2073500
23/09/2019,120.70352262868305,121.38022633114257,120.13960287663345,120.17182159423828,120.17182159423828,810000
24/09/2019,120.36514488424983,122.35498523969588,120.36514488424983,121.52521514892578,121.52521514892578,805700
25/09/2019,121.74271046257456,122.03272800815742,120.30068663115085,121.27545928955078,121.27545928955078,508300
26/09/2019,121.39633757535731,122.32277625745567,120.96130500152478,121.87969207763672,121.87969207763672,469100
27/09/2019,122.11445894595316,122.56784221220364,118.82741791186966,120.04993438720703,120.04993438720703,394600
30/09/2019,119.94471169624599,120.91626163977762,119.74230751697202,120.1875991821289,120.1875991821289,464000
01/10/2019,120.02565199607658,120.65715190866511,118.49547723037848,120.26853942871094,120.26853942871094,447700
02/10/2019,120.30900408688325,121.15909143874686,118.86788785796534,120.72999572753906,120.72999572753906,426400
03/10/2019,120.7138545148929,122.82695458910096,120.4223920096997,122.19544219970703,122.19544219970703,520900
04/10/2019,122.46257442329538,123.40982414591194,122.40590769823255,123.26409912109375,123.26409912109375,331200
07/10/2019,122.84311504023913,124.0818273670627,122.43830676732244,123.57177734375,123.57177734375,369100
08/10/2019,123.52320555805507,123.96848478689414,122.36544744327558,123.20744323730469,123.20744323730469,388300
09/10/2019,124.0089606572837,124.31661888752205,122.34115260576185,123.49080657958984,123.49080657958984,352800
10/10/2019,123.06170213870661,124.46233515794113,122.76214800117961,123.72559356689453,123.72559356689453,320300
11/10/2019,124.64858769256702,124.64858769256702,122.9726752593033,123.1427001953125,123.1427001953125,438900
14/10/2019,123.27223844969052,123.65275929981809,122.76218831206253,123.53941345214844,123.53941345214844,223700
15/10/2019,123.53937568339616,124.33280872828432,122.6326091792578,124.1708755493164,124.1708755493164,420100
16/10/2019,123.62843521474556,123.93609343331119,122.22780214992406,123.87132263183594,123.87132263183594,381300
17/10/2019,123.87131103652763,124.76189403123784,123.6527111462322,124.10609436035156,124.10609436035156,525400
18/10/2019,124.22760355323737,126.58359140205822,124.2114077582093,126.13019561767578,126.13019561767578,613700
21/10/2019,125.87109862185977,127.02075275553695,124.82668624965945,126.84263610839844,126.84263610839844,487400
22/10/2019,127.13406246552627,127.39314564366367,125.8953503602508,125.96012115478516,125.96012115478516,382700
23/10/2019,125.83868396729832,126.9883502439656,125.42578400850688,125.49055480957031,125.49055480957031,494800
24/10/2019,125.02904390680561,129.19048370244386,123.41791531658322,128.29180908203125,128.29180908203125,588400
25/10/2019,127.86275511345235,127.9922967459119,126.90741337004567,127.45794677734375,127.45794677734375,390000
28/10/2019,127.15836111346889,128.4618441275165,126.79403617182872,128.38088989257812,128.38088989257812,430700
29/10/2019,128.38089808336198,130.03251035592922,128.32421899689868,128.6075897216797,128.6075897216797,488000
30/10/2019,128.8828693949723,129.8786943605956,127.95180288646661,129.8382110595703,129.8382110595703,547500
31/10/2019,130.0487263295435,132.15372220545,129.36054723613444,131.68414306640625,131.68414306640625,568700
01/11/2019,131.80555904797944,132.54231297409518,130.77734270899194,131.73269653320312,131.73269653320312,711900
04/11/2019,131.2631456685699,131.27932910614695,128.58331665104572,129.16622924804688,129.16622924804688,625100
05/11/2019,128.81812977054324,128.81812977054324,124.00900399341322,125.69300842285156,125.69300842285156,1007500
06/11/2019,126.19487313642259,127.24737666713868,125.49051099565109,126.54301452636719,126.54301452636719,710300
07/11/2019,126.19493967744275,126.19493967744275,123.71751477581536,125.26388549804688,125.26388549804688,488100
08/11/2019,125.58773052045528,126.13017219231799,124.16280966692501,124.51904296875,124.51904296875,467400
11/11/2019,124.51092778546413,126.2435067639267,124.51092778546413,125.66868591308594,125.66868591308594,682900
12/11/2019,125.89537963033136,127.23934613341174,125.11005055044515,125.1910171508789,125.1910171508789,426800
13/11/2019,125.32864608182965,127.80607078125962,125.1667252404243,127.27172088623047,127.27172088623047,805200
14/11/2019,127.74129313159769,128.4618513379585,127.32028908347982,127.78177642822266,127.78177642822266,368400
15/11/2019,127.89508506621388,129.44145512986267,127.89508506621388,129.07711791992188,129.07711791992188,348800
18/11/2019,129.19049806778932,130.94736421671809,129.19049806778932,130.72067260742188,130.72067260742188,378200
19/11/2019,130.65594717936042,132.7042764448831,129.66821381569684,132.5099639892578,132.5099639892578,545200
20/11/2019,132.50989521928156,133.17378649946053,131.50596658355877,131.7569580078125,131.7569580078125,502600
21/11/2019,131.29552951361723,131.29552951361723,127.6927379230003,127.7737045288086,127.7737045288086,576300
22/11/2019,127.91940689580366,129.11763585577276,127.33648202797708,128.46994018554688,128.46994018554688,519500
25/11/2019,129.10147547382562,130.54259211168696,128.88287552091396,129.47389221191406,129.47389221191406,699900
26/11/2019,129.84634054086675,133.6029618310203,129.53868221739359,133.57867431640625,133.57867431640625,1228700
27/11/2019,133.5705540134264,133.93487904214274,131.69224977345078,133.821533203125,133.821533203125,577300
29/11/2019,133.96724808460615,134.65542707598252,133.3114606725101,133.35194396972656,133.35194396972656,281300
02/12/2019,132.9795001374475,133.56242496196776,131.40075055177448,131.44932556152344,131.44932556152344,562500
03/12/2019,131.44128292465706,132.74476637262907,130.510216259665,130.73690795898438,130.73690795898438,489500
04/12/2019,130.3482705164137,131.58698290631165,130.28349970699676,130.83404541015625,130.83404541015625,982400
05/12/2019,130.73683775087812,130.93924182755936,129.4090675019999,130.3401336669922,130.3401336669922,504200
06/12/2019,130.00821467441412,130.46159792254363,128.2594401284001,128.72901916503906,128.72901916503906,533500
09/12/2019,128.7289979395227,129.63576428626928,127.81412752297415,129.06094360351562,129.06094360351562,425200
10/12/2019,128.89907531424646,129.6601046059816,127.78180035775854,128.2351837158203,128.2351837158203,403500
11/12/2019,128.25943966633355,128.25943966633355,125.53912783358976,126.68878173828125,126.68878173828125,457700
12/12/2019,126.68879998088379,127.10171234635997,122.93217951413655,124.24376678466797,124.24376678466797,782000
13/12/2019,124.16280444860237,125.23959602794709,122.54357122019273,123.98468780517578,123.98468780517578,869200
16/12/2019,124.1789617003461,124.7132991110223,122.17920829559266,122.9483413696289,122.9483413696289,1426600
17/12/2019,123.91179749448571,124.53520560671424,120.46282358480113,120.79476928710938,120.79476928710938,1420500
18/12/2019,120.5761486884244,121.6934231269117,120.34945711449426,120.63282775878906,120.63282775878906,1446000
19/12/2019,120.56810702183328,121.1186527540321,119.88803201773712,119.9932861328125,119.9932861328125,1439700
20/12/2019,120.5438180161664,121.32105540675738,120.40618467326607,121.0457763671875,121.0457763671875,1987500
23/12/2019,121.46675293257219,121.80679035331804,119.49939092244992,119.5803451538086,119.5803451538086,515800
24/12/2019,119.7423124748359,120.51954999108814,119.58039159546662,120.0904541015625,120.0904541015625,145200
26/12/2019,120.260420683682,121.03765790252604,120.24423724957748,120.4952163696289,120.4952163696289,216800
27/12/2019,120.96480952937515,121.4343886023995,120.34949305600698,120.76240539550781,120.76240539550781,443200
30/12/2019,120.37179354404326,121.3156976083921,120.27415257745412,120.99835205078125,120.99835205078125,346500
31/12/2019,120.90883603064422,122.30028179734383,120.4287514204092,122.13754272460938,122.13754272460938,413400
02/01/2020,122.22712049442407,123.10591446952935,119.19197981208653,119.94058990478516,119.94058990478516,395300
03/01/2020,119.7533655447186,122.33281756771864,119.56621624271148,121.90969848632812,121.90969848632812,392000
06/01/2020,121.6493352119258,122.24333852271292,121.12043002530953,121.36453247070312,121.36453247070312,723400
07/01/2020,121.19366255673648,121.19366255673648,119.1187048267273,119.53369140625,119.53369140625,408700
08/01/2020,119.72083867389833,120.64846511641187,119.46044620488581,120.40435028076172,120.40435028076172,663400
09/01/2020,120.41249814363414,120.9983688569362,120.01378919721876,120.35554504394531,120.35554504394531,676400
10/01/2020,120.56709279037747,122.11314518261158,120.03818764494274,121.95039367675781,121.95039367675781,666800
13/01/2020,121.83647452810077,124.82278088746602,121.83647452810077,124.61122131347656,124.61122131347656,690500
14/01/2020,124.83909641402275,125.05880107967417,123.50461561382221,124.6031265258789,124.6031265258789,645800
15/01/2020,124.8716395760542,125.62838208314308,124.1962604221345,124.90418243408203,124.90418243408203,584900
16/01/2020,125.13200130390864,126.03521757991598,124.6844594705361,125.84806823730469,125.84806823730469,434500
17/01/2020,125.86435982685096,126.75944368113343,125.59584708676617,126.05965423583984,126.05965423583984,381100
21/01/2020,126.18170326134785,128.28105893751825,126.12473774259205,128.22410583496094,128.22410583496094,407700
22/01/2020,128.22409178530174,129.2330940465164,126.93843181924014,127.71959686279297,127.71959686279297,519400
23/01/2020,128.0450636136073,128.59837897386075,127.1825353072146,127.84163665771484,127.84163665771484,296700
24/01/2020,127.97183083384691,128.98896559697172,127.7602588567516,128.61465454101562,128.61465454101562,212700
27/01/2020,128.1671396937732,128.78556570606835,127.54059348769312,128.59840393066406,128.59840393066406,359000
28/01/2020,128.84250487582128,129.78640901216068,128.28104444271946,129.3388671875,129.3388671875,308900
29/01/2020,129.72945026687887,131.32432328444506,129.07849385108636,130.65708923339844,130.65708923339844,342100
30/01/2020,130.6652345318835,131.82069842317983,130.42925225447428,131.47080993652344,131.47080993652344,488200
31/01/2020,131.5196484848893,132.64255725666067,131.07210653198737,131.95904541015625,131.95904541015625,528000
03/02/2020,132.6180989297715,132.85408115402694,130.93373017462733,131.20225524902344,131.20225524902344,384400
04/02/2020,130.9825760628059,131.56030178227834,130.45367083611154,130.63267517089844,130.63267517089844,297900
05/02/2020,130.35599758924806,130.76285152205855,128.94828645825876,129.49346923828125,129.49346923828125,393200
06/02/2020,129.69690967168057,131.59285068538497,128.92388960231392,131.42196655273438,131.42196655273438,634200
07/02/2020,131.88578320826485,132.95173861339956,131.30804511298086,132.12989807128906,132.12989807128906,383300
10/02/2020,132.56116899343363,133.92005981975416,132.3658746098876,132.54489135742188,132.54489135742188,330000
11/02/2020,132.26011403655838,134.1153799965572,132.26011403655838,133.9851837158203,133.9851837158203,351900
12/02/2020,133.64335943247346,135.52302226543733,133.17954007566712,135.31959533691406,135.31959533691406,302400
13/02/2020,135.18939998933138,136.14143653097943,134.50588848499856,135.0510711669922,135.0510711669922,350000
14/02/2020,135.3440205080674,136.99584635663302,135.3440205080674,136.6947784423828,136.6947784423828,288200
18/02/2020,137.23182966145893,137.5735978989707,136.44253202073298,137.4271240234375,137.4271240234375,271100
19/02/2020,137.5492109235873,138.33037615796036,136.75992549429606,137.09353637695312,137.09353637695312,330400
20/02/2020,136.42625078969783,141.56887755621548,134.2861953329187,140.36459350585938,140.36459350585938,552200
21/02/2020,140.25071238551206,140.84471575324926,139.52651275695064,140.4948272705078,140.4948272705078,322300
24/02/2020,138.85113557813506,140.67384600675427,138.33849555404237,138.85926818847656,138.85926818847656,466500
25/02/2020,138.8917890888068,139.8031378694731,137.59799664135465,138.7371826171875,138.7371826171875,581700
26/02/2020,138.40359122315513,138.80231261437825,134.63613161302143,134.69308471679688,134.69308471679688,566200
27/02/2020,133.76546156446233,134.7419087099915,127.5731430053711,127.5731430053711,127.5731430053711,580000
28/02/2020,125.62022766394945,125.75855651490119,121.01463804013329,124.39966583251953,124.39966583251953,1084100
02/03/2020,125.35984812518666,130.45366797405737,125.18083137812869,130.33973693847656,130.33973693847656,622700
03/03/2020,130.6733533269008,135.14061432655492,130.58384495807067,132.5041961669922,132.5041961669922,594100
04/03/2020,134.70935084507582,138.7127923870876,134.042104379975,138.4930877685547,138.4930877685547,510300
05/03/2020,136.86567561946606,140.1774729578262,136.0845229353277,137.2237091064453,137.2237091064453,456600
06/03/2020,133.96074285806768,138.52564492274206,132.23567357294684,137.95603942871094,137.95603942871094,573400
09/03/2020,131.00697779564234,133.74916956886474,130.6977648065439,132.1461639404297,132.1461639404297,713700
10/03/2020,133.9932791144451,135.94618553453165,129.1598521761922,133.76544189453125,133.76544189453125,815300
11/03/2020,131.234822561403,131.69864207168783,124.47291120635572,124.77397918701172,124.77397918701172,679400
12/03/2020,116.91355447517218,124.78212142457485,100.14303902456695,115.82318878173828,115.82318878173828,762000
13/03/2020,120.8356253233775,121.62492299386976,114.23645363903539,120.70542907714844,120.70542907714844,753800
16/03/2020,111.07928865421904,111.07928865421904,97.49850463867188,97.49850463867188,97.49850463867188,885700
17/03/2020,99.72803606454447,111.81160308274787,95.79783171133029,105.71692657470703,105.71692657470703,1141500
18/03/2020,100.27323784665052,101.57516938263466,83.0063533903818,89.71944427490234,89.71944427490234,1083700
19/03/2020,87.96183686284482,99.95589149515797,83.89329671000186,92.97428131103516,92.97428131103516,952000
20/03/2020,93.35673069832998,96.70106519382831,88.38497383563178,91.30618286132812,91.30618286132812,1916400
23/03/2020,89.85776503635641,90.78539156006853,77.57890940706378,82.94938659667969,82.94938659667969,1222400
24/03/2020,86.71686075804847,90.72030260254539,81.85902303576651,88.25476837158203,88.25476837158203,1052000
25/03/2020,87.00978708230305,93.71473852379776,86.65175361523872,88.70230102539062,88.70230102539062,754000
26/03/2020,88.69415690859434,93.50317335022274,86.23676189828645,92.44535064697266,92.44535064697266,1209600
27/03/2020,90.61451665993592,103.82099304448319,90.32972012266606,100.14303588867188,100.14303588867188,989400
30/03/2020,102.91933579158474,104.97493355754315,94.67235803147145,100.1758041381836,100.1758041381836,1383900
31/03/2020,98.95554326816789,103.46803595678784,94.89347758434977,102.2477798461914,102.2477798461914,1378100
01/04/2020,98.75900088662661,101.53529839360431,91.03616579822601,93.2801284790039,93.2801284790039,967900
02/04/2020,91.84692003658941,95.13097122287428,89.63571093122526,91.69131469726562,91.69131469726562,690500
03/04/2020,90.56115225669153,91.15080806328773,86.28615390707627,87.42451477050781,87.42451477050781,630100
06/04/2020,91.05251876444443,99.55337226415182,90.086139922619,97.1374282836914,97.1374282836914,1244400
07/04/2020,100.81457347419878,102.36241656677169,94.17276792957917,97.83354187011719,97.83354187011719,752500
08/04/2020,98.86544455014806,102.30509465947905,96.62966760533844,101.7400131225586,101.7400131225586,896500
09/04/2020,102.80466019113686,113.28741313447955,102.80466019113686,109.11068725585938,109.11068725585938,663700
13/04/2020,108.36545210039489,108.61113159714706,103.01760553504178,104.2951889038086,104.2951889038086,597300
14/04/2020,107.12061969869174,109.03699471367034,105.1632939362655,106.57191467285156,106.57191467285156,813300
15/04/2020,104.00854876050161,105.35165078007203,101.40423996680646,103.85294342041016,103.85294342041016,690400
16/04/2020,104.18053766138434,104.9749284686944,101.37967884049026,102.61631774902344,102.61631774902344,890700
17/04/2020,105.00769710635807,106.53097256143505,103.61545280696342,104.40166473388672,104.40166473388672,607700
20/04/2020,103.16501187453396,103.59087088332032,96.42492784009825,96.91630554199219,96.91630554199219,861900
21/04/2020,94.83617050439476,96.84263269952004,94.81159630045791,96.22840881347656,96.22840881347656,1044900
22/04/2020,98.00553947404138,101.00295435555243,95.8270958359209,99.66803741455078,99.66803741455078,878500
23/04/2020,96.94087521076347,102.16586890205122,95.00811759179803,99.47147369384766,99.47147369384766,1614900
24/04/2020,100.20038997504949,104.45901272167299,98.95556563262636,103.79564666748047,103.79564666748047,937500
27/04/2020,104.81931596870074,112.96802048562262,103.59906001525205,111.41197967529297,111.41197967529297,1619600
28/04/2020,113.49217317979577,115.00725095838253,111.34648884121013,111.37924194335938,111.37924194335938,692500
29/04/2020,108.51287097006316,111.28916203691233,107.28442337417566,108.36546325683594,108.36546325683594,2239600
30/04/2020,106.8339767052802,110.56026977858178,106.46544497196764,110.06888580322266,110.06888580322266,1198100
01/05/2020,107.40725768304995,109.05338537568508,106.10510629664793,108.84044647216797,108.84044647216797,647400
04/05/2020,107.7757680329137,109.29904299510972,105.12231769658209,108.65205383300781,108.65205383300781,587600
05/05/2020,109.38096689084585,110.38010522244082,107.5546783815662,107.92321014404297,107.92321014404297,400400
06/05/2020,108.5619985583237,108.59476415636325,103.86933260050081,103.95941925048828,103.95941925048828,584600
07/05/2020,104.22968264268563,108.37365018276094,104.22968264268563,107.25985717773438,107.25985717773438,615700
08/05/2020,108.7667384237416,110.23269275519833,107.80036573292058,109.88053131103516,109.88053131103516,458600
11/05/2020,108.73397668438723,114.04905105448579,108.73397668438723,112.91069030761719,112.91069030761719,722200
12/05/2020,113.32016849061235,113.32016849061235,105.57276758406965,106.08870697021484,106.08870697021484,916100
13/05/2020,106.23615946656464,106.74391385693009,100.61805807954642,101.28141784667969,101.28141784667969,547900
14/05/2020,100.00383091975935,101.7318478161928,97.3012435348347,100.49520874023438,100.49520874023438,527700
15/05/2020,99.43055052729866,102.62450924967672,98.1857201421909,102.4443359375,102.4443359375,718600
18/05/2020,106.0232120609802,110.93700195264827,106.0232120609802,109.47923278808594,109.47923278808594,724500
19/05/2020,108.83224858101849,110.65035171753296,108.34086462656099,109.4137191772461,109.4137191772461,578100
20/05/2020,110.67490670931652,110.67490670931652,107.48913401808461,109.51197814941406,109.51197814941406,596600
21/05/2020,108.9714914167861,111.10080562083964,108.58657682992705,109.15166473388672,109.15166473388672,434500
22/05/2020,109.15166359418339,109.99519661706705,107.92321598845976,108.7503662109375,108.7503662109375,588900
26/05/2020,112.53398042619375,114.87622075896913,111.80510209692521,114.76156616210938,114.76156616210938,557100
27/05/2020,117.34947712541752,117.68525573957353,112.32923069601804,113.70508575439453,113.70508575439453,990000
28/05/2020,114.6551125920864,115.03184203188324,112.35382268877173,113.45123291015625,113.45123291015625,760500
29/05/2020,112.68137887777092,113.58224527661659,111.42836356618463,112.35379791259766,112.35379791259766,642900
01/06/2020,112.79603625524247,116.00637727971714,112.44388733379142,115.31026458740234,115.31026458740234,404900
02/06/2020,116.48137873888507,116.48137873888507,114.29474387077454,114.6223373413086,114.6223373413086,1007400
03/06/2020,116.19475257959667,117.73439820757673,115.08095973360386,116.84991455078125,116.84991455078125,831900
04/06/2020,116.39951479616295,117.63614761050424,111.20726651428869,113.71331024169922,113.71331024169922,720000
05/06/2020,117.41500176333244,120.83828177814412,115.31026832418063,115.58052825927734,115.58052825927734,837400
08/06/2020,116.98097418311131,118.42236078513538,114.21288058829101,118.16028594970703,118.16028594970703,802900
09/06/2020,115.83441166298174,119.42966751509779,114.86802646431612,118.61070251464844,118.61070251464844,427300
10/06/2020,117.8408601119085,118.99560363132407,115.23655770275447,116.70249938964844,116.70249938964844,483000
11/06/2020,112.20638818173633,114.33570214292624,111.33828729640035,111.45294189453125,111.45294189453125,468900
12/06/2020,115.26113570049273,115.26113570049273,109.8805297875081,113.36931610107422,113.36931610107422,496300
15/06/2020,109.85596669073956,117.3494915847782,109.75769488772197,116.39130401611328,116.39130401611328,771800
16/06/2020,120.43701655579305,122.56633100794045,119.21676644356323,120.9939193725586,120.9939193725586,770600
17/06/2020,121.63269895252274,121.63269895252274,119.28226064111944,120.06028747558594,120.06028747558594,446900
18/06/2020,118.41412111888881,119.20033284978314,117.21024182570125,118.51240539550781,118.51240539550781,435500
19/06/2020,120.5434153024185,120.5434153024185,115.4904046402955,116.58781433105469,116.58781433105469,1665200
22/06/2020,116.5878555243391,119.33957836812837,114.94992555771249,118.23397064208984,118.23397064208984,672100
23/06/2020,119.15943174606558,119.2003825036809,114.91719818115234,114.91719818115234,114.91719818115234,392300
24/06/2020,113.44303539603321,115.08096539743427,109.57751959301358,112.82881164550781,112.82881164550781,590100
25/06/2020,112.50943217199,115.42494599944047,111.39563910905673,114.9581298828125,114.9581298828125,461200
26/06/2020,114.35209555696936,114.95812170488429,111.01071660586967,111.37106323242188,111.37106323242188,1583500
29/06/2020,111.48638841939146,112.13715834607234,109.27049758780758,110.7450180053711,110.7450180053711,516000
30/06/2020,111.23925681132218,113.02680637421562,110.7285355473152,111.7664566040039,111.7664566040039,622100
01/07/2020,112.05477863215496,118.09287125821423,111.31340821573329,117.97754669189453,117.97754669189453,634100
02/07/2020,119.54264631835683,120.38287519162509,115.36623859573312,115.86048126220703,115.86048126220703,395200
06/07/2020,118.33175947341314,118.33175947341314,113.8588000960813,114.19654083251953,114.19654083251953,363800
07/07/2020,113.17505849376366,114.76490318303354,112.9032193737507,113.23272705078125,113.23272705078125,399900
08/07/2020,113.23271831585781,114.33654066753635,113.23271831585781,113.91641998291016,113.91641998291016,303500
09/07/2020,113.56222144619366,114.1882671744766,112.6890481040458,113.8093490600586,113.8093490600586,402400
10/07/2020,113.48807407234246,113.93289367134611,110.44843367595215,111.65934753417969,111.65934753417969,728000
13/07/2020,111.54404020408228,112.93618033532108,110.00361847068896,110.08599853515625,110.08599853515625,403200
14/07/2020,110.08601358288117,112.45017343694039,109.46820072322654,111.9229736328125,111.9229736328125,563100
15/07/2020,113.33159361514056,114.19653414118156,110.81091913368704,111.42048645019531,111.42048645019531,530300
16/07/2020,111.16512496436111,112.05477699271188,109.33639788987924,109.5423355102539,109.5423355102539,398700
17/07/2020,110.0118725049386,112.54077979041678,109.48467273220662,111.93944549560547,111.93944549560547,342300
20/07/2020,111.61815106751894,112.69726180842814,110.5225618033216,111.7252426147461,111.7252426147461,561100
21/07/2020,112.351330931387,114.53426474297457,111.84060964024619,112.68907165527344,112.68907165527344,572700
22/07/2020,112.68906490745607,116.19000434585277,112.64787487076451,115.88520812988281,115.88520812988281,522600
23/07/2020,114.70723074653544,119.62502110617848,113.90819193973032,116.5606689453125,116.5606689453125,789700
24/07/2020,116.38768074647726,117.58212880260164,115.73692350429887,116.87370300292969,116.87370300292969,486700
27/07/2020,116.30531096406781,117.41736636657215,113.0762111826795,117.28557586669922,117.28557586669922,500000
28/07/2020,117.03845692146798,119.8803932531283,115.73692979691444,119.16373443603516,119.16373443603516,346300
29/07/2020,119.66621507651071,121.4537518009787,118.9248322309249,120.4570083618164,120.4570083618164,472800
30/07/2020,119.0154243196819,122.07977604202438,118.06811662586638,121.65966796875,121.65966796875,403700
31/07/2020,121.50313798493194,123.56251320501553,118.65295714978755,123.50484466552734,123.50484466552734,609300
03/08/2020,122.91177643250086,122.97766538931036,120.11101812972285,120.86063385009766,120.86063385009766,482500
04/08/2020,120.79476212864333,121.51966652671908,119.79801858128918,120.14400482177734,120.14400482177734,453200
05/08/2020,120.35816059397727,120.59704265788629,118.4058763442352,119.72386932373047,119.72386932373047,407900
06/08/2020,119.5344270473097,120.89361024776618,118.96603723166763,120.43231201171875,120.43231201171875,330900
07/08/2020,120.27578028049223,123.28247650470789,120.1439897814228,123.27423095703125,123.27423095703125,381900
10/08/2020,123.62843992206551,123.92499051698658,120.71235697710306,121.84913635253906,121.84913635253906,577900
11/08/2020,122.82118020769657,123.0188722440322,118.97425507489739,119.1390151977539,119.1390151977539,439700
12/08/2020,120.11105609232509,121.18193423569197,118.4965121821466,120.3169937133789,120.3169937133789,349600
13/08/2020,120.44877804045456,121.77501661617805,119.78154226331141,119.91334533691406,119.91334533691406,305800
14/08/2020,119.8474380382283,122.31868898701995,119.66621196309566,120.67118835449219,120.67118835449219,297800
17/08/2020,121.0336615668712,122.43404754919001,120.49822874029223,122.11278533935547,122.11278533935547,232700
18/08/2020,122.18687960421231,122.18687960421231,119.7979962688632,120.78650665283203,120.78650665283203,267400
19/08/2020,121.23956164351657,121.30546317504549,118.25758961606653,118.61180877685547,118.61180877685547,368500
20/08/2020,118.61181864647236,120.25107381546493,118.50472707764786,119.46851348876953,119.46851348876953,425900
21/08/2020,119.61678063439898,121.23955708067689,118.47176827721928,121.22309112548828,121.22309112548828,299300
24/08/2020,121.05839486819185,121.87389992557775,119.09786439915948,121.7338638305664,121.7338638305664,212800
25/08/2020,121.91505900023662,122.4093142672002,121.00892853394792,122.17866516113281,122.17866516113281,278100
26/08/2020,121.91505545347333,121.91505545347333,120.1192856699866,120.89360046386719,120.89360046386719,253300
27/08/2020,120.75356747477998,123.38956622682288,120.75356747477998,122.2857437133789,122.2857437133789,266100
28/08/2020,122.90356328677804,122.90356328677804,121.51142303033932,122.83766174316406,122.83766174316406,348300
31/08/2020,122.82938373982873,122.97765273153551,121.59375853122047,122.80467224121094,122.80467224121094,795300
01/09/2020,121.9397683630183,123.52961314057028,121.50318166496326,123.38956451416016,123.38956451416016,262400
02/09/2020,123.32367481922554,124.54282186118452,121.98095767870792,124.5098648071289,124.5098648071289,582300
03/09/2020,124.60047654368739,125.41599393565407,121.2148620174254,122.58229064941406,122.58229064941406,365400
04/09/2020,122.82119912828138,123.3154418646911,118.22467003389401,120.01220703125,120.01220703125,413500
08/09/2020,119.59207225191356,119.59207225191356,116.80780455857071,117.72216796875,117.72216796875,590900
09/09/2020,118.87540730849257,120.7370910861585,117.7386278385502,118.40587615966797,118.40587615966797,529300
10/09/2020,118.13403205455688,118.54590719937906,116.28882688075811,117.54916381835938,117.54916381835938,595600
11/09/2020,117.84572642123734,117.97752949766068,115.4156653333106,116.65129089355469,116.65129089355469,461500
14/09/2020,116.82427571891607,121.82443359538725,116.79131866743053,121.37136840820312,121.37136840820312,499300
15/09/2020,121.45373501683036,122.75526187885876,120.40756871308922,120.86063385009766,120.86063385009766,317400
16/09/2020,121.97272196434949,122.25279407037449,119.87215603029604,120.0863265991211,120.0863265991211,481700
17/09/2020,119.21316477709404,119.47675838199774,117.49152937279005,119.08960723876953,119.08960723876953,358200
18/09/2020,118.15052446140051,119.8145039384477,115.8604991490626,116.06643676757812,116.06643676757812,1176900
21/09/2020,115.32504935045694,116.06641963993673,112.12066098199655,114.01528930664062,114.01528930664062,482900
22/09/2020,114.64133913674976,117.50798694622188,114.64133913674976,117.26087188720703,117.26087188720703,556500
23/09/2020,117.73041541335961,118.4141298103358,114.38599052339114,114.75667572021484,114.75667572021484,537400
24/09/2020,114.81432599844955,115.64630931386127,113.51279895759902,113.93290710449219,113.93290710449219,486000
25/09/2020,113.67755492539001,117.76336243007074,113.08445363326807,117.59860229492188,117.59860229492188,378400
28/09/2020,119.32024152969136,122.35986971967361,118.81775332055457,121.54436492919922,121.54436492919922,569900
29/09/2020,122.10756381002764,122.10756381002764,114.86094711411197,116.18603515625,116.18603515625,1372500
30/09/2020,115.6062827341232,116.94795034978831,112.6496703485506,116.45103454589844,116.45103454589844,1626000
01/10/2020,118.43038781191551,123.71420915816306,117.28748911643424,123.25870513916016,123.25870513916016,3122600
02/10/2020,121.64376552932174,124.86540331481292,120.73275735878391,124.50927734375,124.50927734375,1271500
05/10/2020,124.36846760185844,125.36228649644141,122.76178761435443,124.68318176269531,124.68318176269531,783000
06/10/2020,124.68320219557636,124.90681559055811,120.91495949220176,121.8839340209961,121.8839340209961,883200
07/10/2020,122.33939926597833,123.48229776958148,120.6167742160152,122.98538208007812,122.98538208007812,416700
08/10/2020,123.80531257665403,126.2070427099843,122.8446154684846,124.7080307006836,124.7080307006836,461400
09/10/2020,125.4782258807141,125.56104938346209,122.25658876245704,122.68724822998047,122.68724822998047,405400
12/10/2020,122.9274255349891,123.96265621275634,121.95845113705015,123.34980773925781,123.34980773925781,434600
13/10/2020,122.80321192843684,124.31879126845915,121.63546860524181,123.20073699951172,123.20073699951172,647200
14/10/2020,123.34983496943258,123.4906248562379,121.78456634459032,123.00199890136719,123.00199890136719,751500
15/10/2020,121.42842198067872,124.97305105690985,121.42842198067872,122.65414428710938,122.65414428710938,332000
16/10/2020,122.25659211132073,123.01852033652234,120.85695828134993,120.94805908203125,120.94805908203125,541400
19/10/2020,121.99986480690161,122.17378912381804,119.65610099918975,119.83830261230469,119.83830261230469,276100
20/10/2020,120.61679720529965,121.91705301297434,120.13644865045066,120.56710815429688,120.56710815429688,318500
21/10/2020,120.41804792697663,121.07232090372001,119.42422883418816,120.1861572265625,120.1861572265625,369400
22/10/2020,120.55886373197228,122.85292645943063,117.6684943186007,117.79271697998047,117.79271697998047,894100
23/10/2020,118.21504954014917,118.95213317395238,116.85682758672218,117.27091979980469,117.27091979980469,686200
26/10/2020,116.74093141470698,118.1571203028235,115.183939994231,117.79271697998047,117.79271697998047,947300
27/10/2020,117.80097135822605,119.63125208128251,116.24398040771484,116.24398040771484,116.24398040771484,352400
28/10/2020,115.10107743792625,116.59181205454725,114.56276257166236,115.10936737060547,115.10936737060547,649800
29/10/2020,115.74707711532984,117.42001357417034,114.45511113929051,114.99343872070312,114.99343872070312,540000
30/10/2020,114.78639521994275,115.54003363198638,112.32668584829436,113.9830551147461,113.9830551147461,529400
02/11/2020,114.38056773347805,117.29578086307798,113.60207224116218,115.23359680175781,115.23359680175781,503000
03/11/2020,116.1528635679437,117.39514018364363,115.53172526009374,116.93963623046875,116.93963623046875,343600
04/11/2020,117.22951997472859,119.33310307082719,116.74917144224467,118.37240600585938,118.37240600585938,372900
05/11/2020,118.76166031064588,119.06809718967995,116.00381685899342,116.26882934570312,116.26882934570312,449300
06/11/2020,117.04732229194806,118.11567478582923,115.63941110452666,117.27921295166016,117.27921295166016,426500
09/11/2020,122.5381947170541,124.2276856820082,112.06994224240063,112.21900939941406,112.21900939941406,789900
10/11/2020,112.59168295306898,118.84447860573714,111.81318748242755,118.82791137695312,118.82791137695312,1053700
11/11/2020,119.40763367307001,120.74101120712623,117.74298739793211,120.35177612304688,120.35177612304688,470900
12/11/2020,120.8569996520112,120.86528958760617,116.71607572554585,118.04945373535156,118.04945373535156,454200
13/11/2020,118.67054558653936,121.58575842101659,117.75126033143593,121.43669128417969,121.43669128417969,507700
16/11/2020,123.3166807833921,124.22768889009036,119.63126187373821,122.94400024414062,122.94400024414062,492900
17/11/2020,121.93360849851476,122.86946108956728,120.60852079272462,121.38701629638672,121.38701629638672,336200
18/11/2020,121.41190511916378,121.41190511916378,115.7139892578125,115.7139892578125,115.7139892578125,768500
19/11/2020,115.28326478629097,116.65805390928445,114.65384919801139,115.86299133300781,115.86299133300781,399800
20/11/2020,116.2605634936886,116.95623555651066,114.90234119323348,116.25227355957031,116.25227355957031,603300
23/11/2020,116.95621839661,118.01629356644999,115.9789540961399,116.1611557006836,116.1611557006836,441500
24/11/2020,116.9231008826928,118.28961311479392,115.12594173843979,115.50691223144531,115.50691223144531,657500
25/11/2020,115.49031448994356,116.87338095068152,115.12591132431845,116.04519653320312,116.04519653320312,414300
27/11/2020,115.68906487348173,116.95618581943968,114.00785178473778,114.79462432861328,114.79462432861328,217900
30/11/2020,114.66212606377624,116.31849484082491,114.16522301291617,115.11763000488281,115.11763000488281,709800
01/12/2020,116.11146364838297,118.91900858038834,115.61456053373776,118.67884063720703,118.67884063720703,758300
02/12/2020,118.5215038353229,119.7886253182038,116.98107990594491,117.76785278320312,117.76785278320312,828800
03/12/2020,117.66019237890329,120.45117044156615,117.66019237890329,119.58985137939453,119.58985137939453,419200
04/12/2020,120.16129212699538,122.62100122690693,119.67266628027588,122.40567779541016,122.40567779541016,523400
07/12/2020,121.37050179147839,124.8157540699535,121.37050179147839,122.86951446533203,122.86951446533203,823600
08/12/2020,122.08272969580068,126.66259082746784,121.85083895271103,123.79706573486328,123.79706573486328,557700
09/12/2020,124.22766702534608,124.66660377120162,119.67265256775005,120.74100494384766,120.74100494384766,560200
10/12/2020,120.36009344987154,121.08890008716027,115.49036298634529,116.18603515625,116.18603515625,1208000
11/12/2020,115.68080300365138,119.13434343285245,115.35781155941365,118.629150390625,118.629150390625,1049200
14/12/2020,119.75550875574963,121.63547886451734,118.61260986328125,118.61260986328125,118.61260986328125,896100
15/12/2020,119.83829352449546,123.2090104744138,117.4945298945204,123.15103149414062,123.15103149414062,953300
16/12/2020,124.1945443228389,126.71221946295904,123.75559494301932,124.83223724365234,124.83223724365234,938300
17/12/2020,125.38714826867707,125.81780781583652,123.72250170719714,125.14698028564453,125.14698028564453,839200
18/12/2020,125.85094882925515,126.60458727964769,120.62509291252255,121.45327758789062,121.45327758789062,2926900
21/12/2020,120.10333370296706,120.76588390747638,117.75127984510429,119.1757583618164,119.1757583618164,662400
22/12/2020,119.40766541363105,121.94192124121403,118.96045123058452,121.89221954345703,121.89221954345703,479000
23/12/2020,122.09925286132201,122.79493754859585,120.08677029392571,120.16959381103516,120.16959381103516,464800
24/12/2020,120.57539638825058,121.9833077217834,120.09504778982748,121.85908508300781,121.85908508300781,205400
28/12/2020,122.4139641540385,123.22558152663552,121.27106535796727,123.20073699951172,123.20073699951172,415200
29/12/2020,123.49062025285745,123.88814536767129,122.29803227132041,123.51546478271484,123.51546478271484,306500
30/12/2020,123.30730188180017,125.26389214897158,123.30730188180017,124.4312973022461,124.4312973022461,713900
31/12/2020,124.69772112251026,126.9374030660797,123.5154380844228,126.51277160644531,126.51277160644531,505100
04/01/2021,126.22139420059942,126.60438074705561,121.3590302414763,121.66709899902344,121.66709899902344,775900
05/01/2021,121.23414433329589,122.84104639796928,119.58560998259475,120.08515930175781,120.08515930175781,774900
06/01/2021,120.4514764977685,120.76786655645692,118.87787298671307,120.0351791381836,120.0351791381836,702000
07/01/2021,119.86867160307806,120.83448459781853,118.71968674021825,119.2109146118164,119.2109146118164,572600
08/01/2021,119.70218115918657,121.1092686766725,119.01944719272251,121.09261322021484,121.09261322021484,496300
11/01/2021,119.36080089373212,121.07594429067717,119.36080089373212,119.99356842041016,119.99356842041016,364200
12/01/2021,119.58561400063662,120.27666931786864,117.86213639542117,118.3949966430664,118.3949966430664,558900
13/01/2021,118.34502170885844,120.87610425414493,117.02952042984394,117.64564514160156,117.64564514160156,661100
14/01/2021,118.08690393271458,118.36166169918343,115.3060407754404,115.73065948486328,115.73065948486328,971300
15/01/2021,115.93049735224986,119.83535605094605,114.42349018581133,118.58646392822266,118.58646392822266,928000
19/01/2021,119.62723217778998,119.74380766297058,117.12944741423422,117.57905578613281,117.57905578613281,528800
20/01/2021,117.23768795294619,121.93352276555078,116.94628735531911,121.66709899902344,121.66709899902344,507700
21/01/2021,121.79198541033927,122.40811023245517,119.88534860953328,122.1083755493164,122.1083755493164,292400
22/01/2021,121.47557077293018,122.9242902333306,120.63465463634373,122.34147644042969,122.34147644042969,279100
25/01/2021,122.40808629037124,124.35635499751154,120.90941316780642,123.5320816040039,123.5320816040039,481800
26/01/2021,123.54876042091469,124.91421558983124,123.30731348258013,124.20650482177734,124.20650482177734,799200
27/01/2021,123.9317233201744,123.9317233201744,118.69469566342927,119.52729034423828,119.52729034423828,532600
28/01/2021,119.17763247768076,121.07594781739883,118.10359065562574,119.7021713256836,119.7021713256836,786400
29/01/2021,118.64478786520668,120.94274549869921,117.47082586253909,119.16932678222656,119.16932678222656,581200
01/02/2021,119.76874103748034,123.61532411226084,118.70302094139929,123.59034729003906,123.59034729003906,820000
02/02/2021,124.34804764352008,125.23059616398464,122.87435118147471,124.35636901855469,124.35636901855469,750900
03/02/2021,123.49884146515302,124.25650610893533,122.26660418700189,122.69122314453125,122.69122314453125,491000
04/02/2021,122.93262206738365,124.23980205390312,122.0250967480485,122.3331527709961,122.3331527709961,713100
05/02/2021,122.99923077805926,124.08160659881163,122.3165096231898,123.90676879882812,123.90676879882812,881400
08/02/2021,124.63946867663515,124.72273325820302,121.95851176636003,122.6329116821289,122.6329116821289,535800
09/02/2021,122.95760173767792,124.87257243959522,122.95760173767792,124.74768829345703,124.74768829345703,574700
10/02/2021,125.60527174248028,127.86160959440971,123.43219846536967,124.2647933959961,124.2647933959961,670300
11/02/2021,124.77267908027063,125.28888388123889,121.4256438410726,122.54965209960938,122.54965209960938,843100
12/02/2021,121.95846041109711,123.88175201416016,121.95846041109711,123.88175201416016,123.88175201416016,368700
16/02/2021,124.10659517482405,125.32218933260077,123.34060938262655,124.63113403320312,124.63113403320312,612100
17/02/2021,124.72271279030738,125.63023814026513,122.5496396936738,124.35636901855469,124.35636901855469,444500
18/02/2021,123.69863010741197,126.8375037260524,122.39145001930274,126.07151794433594,126.07151794433594,665700
19/02/2021,126.57940766878251,128.0364488132868,125.80510047295343,126.97904968261719,126.97904968261719,609200
22/02/2021,126.25468625605464,127.25379756453755,125.32218406205585,126.2796630859375,126.2796630859375,499600
23/02/2021,126.87082182737146,130.53423450485298,126.32130611443203,128.50270080566406,128.50270080566406,742800
24/02/2021,128.76909770512353,129.2020377964311,127.27874609671656,128.81072998046875,128.81072998046875,595900
25/02/2021,129.16878903645542,131.3002302242907,128.26126352676474,129.55178833007812,129.55178833007812,604700
26/02/2021,129.21038321021464,130.21781575826657,126.34625519484204,126.51277160644531,126.51277160644531,1416000
01/03/2021,128.06975830749522,130.04300422737342,124.87258411904156,124.95584869384766,124.95584869384766,689200
02/03/2021,124.55622317747617,126.60439986325368,123.14913552591136,125.51370239257812,125.51370239257812,515800
03/03/2021,125.06406120780119,125.66351773123442,123.46546813068761,124.46459197998047,124.46459197998047,434600
04/03/2021,124.19814650240355,124.39797379855737,116.06369294703154,118.06192779541016,118.06192779541016,1325300
05/03/2021,115.10623836128612,119.58560273326368,114.98967559010849,119.294189453125,119.294189453125,4143700
08/03/2021,120.16840065095846,121.00931676689392,118.02862606567076,119.05272674560547,119.05272674560547,987300
09/03/2021,119.9686457071945,121.3757337028241,118.85297112884027,119.2026596069336,119.2026596069336,931700
10/03/2021,119.06107103919166,121.06762780296171,116.84636554982862,119.31085205078125,119.31085205078125,1027300
11/03/2021,119.81041037446307,121.49225576089034,118.6447825052903,119.86869812011719,119.86869812011719,781600
12/03/2021,119.8687067395281,123.11582225456506,119.71883302877693,123.01591491699219,123.01591491699219,1030000
15/03/2021,123.40723795584013,126.6876644490852,123.01591727033777,125.51370239257812,125.51370239257812,790100
16/03/2021,125.58025418815042,127.09556986422582,124.3646603936929,125.82170104980469,125.82170104980469,442300
17/03/2021,125.60526549966718,126.55442316523083,123.25734181388935,126.46283721923828,126.46283721923828,532800
18/03/2021,125.76346719976691,126.83750907365481,124.72272353327494,125.80509948730469,125.80509948730469,503900
19/03/2021,126.25470294151998,126.55443764411591,123.81520573504054,124.1648941040039,124.1648941040039,1375200
22/03/2021,123.42386648270423,126.33794848946309,123.08249954143047,125.58028411865234,125.58028411865234,522100
23/03/2021,125.43874045875386,126.81251685002367,124.55619196939128,125.37213134765625,125.37213134765625,508400
24/03/2021,125.44704769416585,126.3712283618472,124.0149837279499,124.28974151611328,124.28974151611328,618400
25/03/2021,124.08992721650473,125.42208401920965,121.17584532692793,124.97248840332031,124.97248840332031,1010700
26/03/2021,124.947538065758,126.0965105296928,123.91511568955237,125.02246856689453,125.02246856689453,464400
29/03/2021,124.91419494812926,126.67929183216647,123.56539545782826,125.0807113647461,125.0807113647461,668400
30/03/2021,124.99701483902136,125.87609886017901,124.66211899645313,125.432373046875,125.432373046875,1103100
31/03/2021,125.58309394437376,127.6007987197402,124.3774941985121,125.6165771484375,125.6165771484375,813000
01/04/2021,126.7049670180926,128.2956938793217,125.72542041445409,127.92731475830078,127.92731475830078,569800
05/04/2021,128.38779269758498,128.38779269758498,126.04357230597299,127.61753845214844,127.61753845214844,627400
06/04/2021,127.46681540582618,128.89846801757812,127.02308958273294,128.89846801757812,128.89846801757812,770300
07/04/2021,129.25842951222214,129.85286149059132,127.96073561364439,128.8565673828125,128.8565673828125,456800
08/04/2021,128.84819081167885,130.1207691632046,128.2537715907132,128.42958068847656,128.42958068847656,385400
09/04/2021,128.06124182261735,129.55986076230604,127.33285136592406,127.8770523071289,127.8770523071289,342500
12/04/2021,127.87705042138242,128.78125,126.89750407162246,128.78125,128.78125,446700
13/04/2021,128.89847546717408,129.99523229235578,128.89847546717408,129.69383239746094,129.69383239746094,395000
14/04/2021,129.86123165348963,130.6063571544619,128.6305168813829,128.79795837402344,128.79795837402344,298300
15/04/2021,128.96540334795077,132.18870646190035,128.96540334795077,132.02963256835938,132.02963256835938,492300
16/04/2021,132.57387759202547,133.025971062546,131.70316107661847,132.37294006347656,132.37294006347656,407200
19/04/2021,132.94221100928954,133.13478088378906,131.8538347967474,133.13478088378906,133.13478088378906,620100
20/04/2021,133.13481007294934,136.41671296369918,133.10969447945916,135.3534393310547,135.3534393310547,407400
21/04/2021,135.7385352406377,136.893890600971,135.12735520603908,135.7720184326172,135.7720184326172,294300
22/04/2021,135.95620732866445,136.69296529865997,135.23619734206923,135.27806091308594,135.27806091308594,413500
23/04/2021,135.77201914392245,136.04830338533196,134.4575898711216,134.90968322753906,134.90968322753906,242700
26/04/2021,135.4706230699063,136.57576006617876,135.2362023934186,136.1320343017578,136.1320343017578,365000
27/04/2021,137.50506633285767,138.19158033418617,135.08550018280621,136.85203552246094,136.85203552246094,602000
28/04/2021,138.07439632465196,138.07439632465196,135.77204006641443,136.49205017089844,136.49205017089844,388200
29/04/2021,136.59253291150333,140.01677480257177,136.55068210236024,139.22140502929688,139.22140502929688,912000
30/04/2021,139.04557707964167,140.22606100739262,138.78604077814407,139.67349243164062,139.67349243164062,609100
03/05/2021,140.04186274170087,140.79535600708357,138.72742055490224,139.71534729003906,139.71534729003906,475100
04/05/2021,139.63160173186304,140.8539490006523,137.7729716289592,138.3087921142578,138.3087921142578,283000
05/05/2021,138.43438620163502,138.43438620163502,135.31154518344707,136.03155517578125,136.03155517578125,412500
06/05/2021,136.25761358717483,137.83159195193224,135.60458272838588,137.5887908935547,137.5887908935547,399500
07/05/2021,137.78137163464945,139.07068546966383,136.6511189495956,138.6688232421875,138.6688232421875,342300
10/05/2021,139.43907483751067,140.28466293143828,138.8948738553043,138.96185302734375,138.96185302734375,210700
11/05/2021,138.25858197159172,138.25858197159172,135.73017268370378,137.15345764160156,137.15345764160156,293200
12/05/2021,136.1236911357618,137.09487007526542,134.03063968423103,134.2650604248047,134.2650604248047,376900
13/05/2021,134.51618724726276,136.53389128394303,134.09757708736902,135.04364013671875,135.04364013671875,304400
14/05/2021,136.07345519795606,137.29580282399584,135.56275015059975,136.7264862060547,136.7264862060547,622400
17/05/2021,137.06972620836282,137.89857901120297,136.09854746917085,137.2622833251953,137.2622833251953,277500
18/05/2021,137.4548092236856,137.87341933257727,136.3999163482666,136.76829528808594,136.76829528808594,264800
19/05/2021,135.99808154970734,137.57205996342233,134.95155606717753,137.47996520996094,137.47996520996094,565100
20/05/2021,137.7897182915471,139.54787325381727,137.3543601592368,139.35531616210938,139.35531616210938,385600
21/05/2021,139.65673129344145,140.19255183235552,137.81484898935997,138.44276428222656,138.44276428222656,382400
24/05/2021,139.12931577495607,140.77864140976337,138.92001062104623,140.1256103515625,140.1256103515625,193100
25/05/2021,140.3767462049797,141.1721030485131,139.56464137606474,140.887451171875,140.887451171875,391100
26/05/2021,141.07165654879898,142.05120301676442,140.00838291948077,140.23443603515625,140.23443603515625,272500
27/05/2021,140.15908187727558,140.32652341619615,138.1497450853171,138.52650451660156,138.52650451660156,558000
28/05/2021,139.29670078888444,140.6864766101629,139.22972163997267,140.1674041748047,140.1674041748047,360800
01/06/2021,140.4353583007478,141.4902514343461,138.84463183265788,141.38140869140625,141.38140869140625,528200
02/06/2021,141.4567885054752,143.5665750749489,141.44840812406693,142.93865966796875,142.93865966796875,635700
03/06/2021,142.95541520095958,143.99357332761693,141.89214147869518,142.3526153564453,142.3526153564453,449900
04/06/2021,143.1647121401702,143.65030158568902,142.0428396841293,143.35726928710938,143.35726928710938,372900
07/06/2021,143.35724585995948,144.79726597342204,143.15632113945645,143.89306640625,143.89306640625,518000
08/06/2021,144.21959176038,146.53869601028157,144.08564619583203,145.60101318359375,145.60101318359375,428200
09/06/2021,146.02796100302493,147.70240157791338,146.00284541639903,146.77308654785156,146.77308654785156,313600
10/06/2021,146.9656474002723,149.1675409006234,146.37959573904806,148.673583984375,148.673583984375,538000
11/06/2021,148.38892843738708,148.60660111326882,146.7647190347458,147.68565368652344,147.68565368652344,269900
14/06/2021,147.67729589801377,148.79080048800864,147.11635980079265,148.69033813476562,148.69033813476562,355400
15/06/2021,148.51453961311904,148.51453961311904,146.1619521213526,146.24566650390625,146.24566650390625,312400
16/06/2021,146.65588276552046,147.78613531401322,145.14051602159327,145.2242431640625,145.2242431640625,558500
17/06/2021,145.34983169802513,146.5889142920884,144.81401116208136,146.2205352783203,146.2205352783203,448400
18/06/2021,146.13680463821186,147.10798324368585,143.43258666992188,143.43258666992188,143.43258666992188,1047700
21/06/2021,144.01864981177104,147.98706613964433,143.5330604702864,147.50985717773438,147.50985717773438,547200
22/06/2021,147.2252322271619,148.14616712589196,146.011252264109,146.05311584472656,146.05311584472656,501300
23/06/2021,145.92754366292726,146.6224382488188,145.37497503680075,146.0447540283203,146.0447540283203,648000
24/06/2021,146.07821555936522,146.63078410352165,145.07355360860709,145.32472229003906,145.32472229003906,505400
25/06/2021,145.0902944812888,146.61402893066406,144.89773737078423,146.61402893066406,146.61402893066406,384200
28/06/2021,146.73121425872435,146.73121425872435,145.2828268245098,146.1367950439453,146.1367950439453,275400
29/06/2021,146.51535594082046,147.51641027340395,144.86657114033386,145.1105194091797,145.1105194091797,332200
30/06/2021,144.91708185992172,146.01067124865696,143.84872806326433,144.18521118164062,144.18521118164062,570600
01/07/2021,143.77298427573567,145.7919081382808,143.50378758152704,144.54690551757812,144.54690551757812,593200
02/07/2021,145.52272202730367,146.73406862447553,144.68150162493163,145.1105194091797,145.1105194091797,592800
06/07/2021,146.38920093709302,149.30823721727918,145.32084726471194,148.8287353515625,148.8287353515625,771500
07/07/2021,149.05584868927698,150.88129546544755,148.68570964968387,149.94754028320312,149.94754028320312,484500
08/07/2021,149.30823256829308,150.69624127192705,148.1641721641076,149.93914794921875,149.93914794921875,518800
09/07/2021,150.46068659120155,152.21883420888597,149.50169581464598,152.1515350341797,152.1515350341797,411400
12/07/2021,152.15152844381788,152.82450732572588,151.6972750792326,152.5132598876953,152.5132598876953,245600
13/07/2021,152.6226314609167,152.6226314609167,150.37657423228376,150.9822540283203,150.9822540283203,342800
14/07/2021,151.015893478405,153.19465128680346,150.99906547591405,152.5721435546875,152.5721435546875,391900
15/07/2021,152.94230544446197,154.13683707969517,152.35345362934797,153.7919464111328,153.7919464111328,756800
16/07/2021,154.25460281170692,156.06323463326686,153.9181197377456,154.9359893798828,154.9359893798828,367400
19/07/2021,153.94333122359896,154.53218292883807,151.35237088454244,152.084228515625,152.084228515625,589900
20/07/2021,152.96756306257623,159.04117730741797,152.17681358154564,157.5269775390625,157.5269775390625,903200
21/07/2021,157.49330616292409,157.67837570347797,156.3660737511914,156.9633331298828,156.9633331298828,622700
22/07/2021,156.6184418273462,158.14106186332228,156.13054518537345,157.0727081298828,157.0727081298828,503700
23/07/2021,157.17365794640756,158.7972204217216,157.09795117106344,158.31771850585938,158.31771850585938,481600
26/07/2021,158.03165025633385,159.2009459908583,157.19883751631872,159.0831756591797,159.0831756591797,556600
27/07/2021,159.02432367352299,163.2556747573342,159.02432367352299,161.7919464111328,161.7919464111328,749000
28/07/2021,162.75092620531547,164.85397739126722,161.87604972379629,163.8697509765625,163.8697509765625,609000
29/07/2021,164.10528882642618,164.8539745221547,163.44913789470934,164.56796264648438,164.56796264648438,476500
30/07/2021,164.87919071074242,167.49538654617447,164.7950635402639,164.9717254638672,164.9717254638672,554100
02/08/2021,165.2325156757074,166.31769722090456,163.8697426836976,164.66049194335938,164.66049194335938,369800
03/08/2021,164.6689197951817,165.72044546437186,162.84347277378836,165.2914276123047,165.2914276123047,698200
04/08/2021,165.56056484096658,165.98959540810606,164.18937164733,164.85394287109375,164.85394287109375,334600
05/08/2021,165.6110737506013,166.5027654161963,163.76039123989386,166.2251739501953,166.2251739501953,462900
06/08/2021,166.39343304645075,167.15894685376654,164.99700380506303,165.0979461669922,165.0979461669922,369800
09/08/2021,164.84557906133404,165.28300449064338,163.81928899809682,164.09689331054688,164.09689331054688,444500
10/08/2021,164.2314637806775,164.66890200588574,162.4228449594594,162.79298400878906,162.79298400878906,534700
11/08/2021,163.27247017074876,164.49223722699315,162.978050721865,163.5080108642578,163.5080108642578,250300
12/08/2021,163.852901937995,164.85395622775627,163.35658500246763,164.6857147216797,164.6857147216797,326900
13/08/2021,165.40076076001415,166.52800591830015,164.53430472345465,166.30087280273438,166.30087280273438,299200
16/08/2021,166.39342949086864,167.23465005165562,164.912873088839,165.93075561523438,165.93075561523438,763700
17/08/2021,165.4933043959127,165.85503588350477,163.84451941378998,165.3587188720703,165.3587188720703,688200
18/08/2021,165.4176073111675,165.94758036157774,164.63527836628273,164.87081909179688,164.87081909179688,345000
19/08/2021,164.29036966588737,166.15788024196954,163.86975940705818,166.1326446533203,166.1326446533203,314500
20/08/2021,166.41862456537132,167.7729898519517,164.74459143599435,167.14207458496094,167.14207458496094,555500
23/08/2021,166.73833350282558,167.5879616508128,164.86240240470445,165.21571350097656,165.21571350097656,476200
24/08/2021,165.81297114490195,166.22517380558517,164.2987716970928,165.6447296142578,165.6447296142578,492700
25/08/2021,165.46807313983865,166.82243868575645,165.41760196257567,165.56060791015625,165.56060791015625,369300
26/08/2021,165.88866715533706,167.1841538129356,165.29140783486406,166.41864013671875,166.41864013671875,444300
27/08/2021,166.76355299211457,168.58899989794702,166.6794258095024,167.2430419921875,167.2430419921875,286500
30/08/2021,167.49542406800103,170.2293908529557,167.1925841568427,170.13685607910156,170.13685607910156,374100
31/08/2021,169.85924674036764,170.4228629513744,168.89184827174532,169.49752807617188,169.49752807617188,921000
01/09/2021,170.4985609640723,173.57743100582877,170.09477872718804,173.50172424316406,173.50172424316406,444400
02/09/2021,173.40077895776037,176.504884534528,172.92127713032212,176.09268188476562,176.09268188476562,527800
03/09/2021,175.815090958812,176.63948348501546,173.73727522060005,175.92445373535156,175.92445373535156,408900
07/09/2021,175.5879289663569,175.5879289663569,172.29034656744057,173.6278839111328,173.6278839111328,540200
08/09/2021,173.3418859144333,175.73936935956712,172.03799163437816,175.2093963623047,175.2093963623047,351400
09/09/2021,174.48595575839948,175.48701021398034,171.53327640424598,171.65945434570312,171.65945434570312,428800
10/09/2021,171.9370583962424,172.7866864848001,167.91602541173154,168.00856018066406,168.00856018066406,572700
13/09/2021,168.9591624507478,170.04433137566065,167.66367554006834,167.747802734375,167.747802734375,602300
14/09/2021,168.3702965715882,170.01909458187842,167.4449616207991,168.02540588378906,168.02540588378906,390600
15/09/2021,168.00013598390868,168.7572292286688,165.3502839552384,165.80455017089844,165.80455017089844,689800
16/09/2021,165.84662167016216,167.65525350379662,165.65314454314307,165.72044372558594,165.72044372558594,527500
17/09/2021,166.57852597222376,166.57852597222376,163.095872800958,163.25570678710938,163.25570678710938,1434600
20/09/2021,162.80979015973972,165.5017057017906,161.27036812728554,163.15469360351562,163.15469360351562,970600
21/09/2021,163.87818234638547,166.4775509088649,163.48280763915955,163.66787719726562,163.66787719726562,891500
22/09/2021,164.81191657340892,166.01486854673675,163.51644266890804,165.07269287109375,165.07269287109375,371500
23/09/2021,165.40918162748818,165.68678591704133,163.44913643349554,163.69308471679688,163.69308471679688,437200
24/09/2021,163.02851345416278,163.91179742709798,160.47961671020983,160.50485229492188,160.50485229492188,975100
27/09/2021,161.17783948284608,162.2546006061014,157.6867669975998,157.81295776367188,157.81295776367188,538100
28/09/2021,156.50064126361858,158.74671108033928,155.5332429151772,157.66993713378906,157.66993713378906,479100
29/09/2021,158.5824844838494,161.06667517940326,158.48955102802955,159.63868713378906,159.63868713378906,452900
30/09/2021,160.16260651108462,160.29780357340152,156.2926776306986,156.40252685546875,156.40252685546875,732900
01/10/2021,157.07849240103423,158.92051698967018,155.94624597021416,157.80516052246094,157.80516052246094,444800
04/10/2021,157.027774846643,158.2360775177771,155.33785041766123,156.76583862304688,156.76583862304688,597700
05/10/2021,157.39115023797874,159.70633896798117,155.60827905395112,158.98812866210938,158.98812866210938,713700
06/10/2021,158.176935378911,160.98221632197456,157.29818028544477,160.86392211914062,160.86392211914062,688600
07/10/2021,161.98774278588388,162.5876588527433,160.23866447876708,160.6020050048828,160.6020050048828,448500
08/10/2021,160.52591752392811,160.6104189024199,158.3036756723163,158.5233612060547,158.5233612060547,375800
11/10/2021,158.41347583214016,159.79076804994534,157.56006883381824,159.41053771972656,159.41053771972656,391400
12/10/2021,160.07811620660695,163.71990190810396,159.53734081300118,162.7904510498047,162.7904510498047,676200
13/10/2021,162.50313651664322,166.66879397456933,161.6835221510744,163.0692596435547,163.0692596435547,746900
14/10/2021,163.99872339039612,165.19012328181122,163.47485091038422,164.74229431152344,164.74229431152344,348200
15/10/2021,165.40132114745532,166.2800760057483,164.10008526452006,164.56480407714844,164.56480407714844,341600
18/10/2021,163.7959401922018,166.44912118800616,163.34811122329637,165.942138671875,165.942138671875,361100
19/10/2021,167.1926740976406,167.58136240052744,165.8576322129084,166.0350799560547,166.0350799560547,276900
20/10/2021,166.36460384861584,169.33041647216587,166.36460384861584,169.17832946777344,169.17832946777344,367600
21/10/2021,169.97261764420512,169.97261764420512,168.4094322477657,169.53323364257812,169.53323364257812,293800
22/10/2021,169.4149712246885,171.55272519173624,169.20373061218888,170.94435119628906,170.94435119628906,289400
25/10/2021,171.51890564234213,172.57510854027322,170.0740144050076,170.68238830566406,170.68238830566406,454900
26/10/2021,173.68199434007673,173.68199434007673,166.0604311791044,167.2518310546875,167.2518310546875,1036400
27/10/2021,168.41787323131481,168.41787323131481,165.50274330366466,165.68019104003906,165.68019104003906,650100
28/10/2021,166.2632251425382,168.33338007143726,165.5703499105169,165.8407440185547,165.8407440185547,1051800
29/10/2021,165.14787415048022,167.29408555016104,164.04942061382556,165.595703125,165.595703125,730000
01/11/2021,165.139442002427,165.61261885053216,161.25261007624508,164.97889709472656,164.97889709472656,775700
02/11/2021,165.65485373881484,168.58687381400622,165.04647987984654,166.4575653076172,166.4575653076172,692000
03/11/2021,167.47151225225102,168.62066140657234,165.03802978488272,165.7139892578125,165.7139892578125,733200
04/11/2021,165.68016967174188,167.05746201684715,164.50567287160925,165.17318725585938,165.17318725585938,519000
05/11/2021,165.92520342571044,168.17280570570867,164.1761385833904,164.53102111816406,164.53102111816406,368600
08/11/2021,164.8690223692504,165.1394164652694,162.97631526951787,164.3282470703125,164.3282470703125,368200
09/11/2021,164.7169175067592,165.10559286128367,163.19598311425335,163.71141052246094,163.71141052246094,236500
10/11/2021,162.62988915232134,164.607097769947,162.62988915232134,163.54244995117188,163.54244995117188,276200
11/11/2021,163.89732537442976,163.89732537442976,162.18205307280437,163.70298767089844,163.70298767089844,317800
12/11/2021,164.2437677207698,164.6577909753152,162.25810125862054,162.92562866210938,162.92562866210938,496200
15/11/2021,162.7312664252216,163.09460687434208,159.4612668486369,160.9906463623047,160.9906463623047,687700
16/11/2021,159.9259879797851,168.13056314581732,159.5372997221009,166.72793579101562,166.72793579101562,1767300
17/11/2021,167.43769142169367,167.72497543893314,161.98768850116414,167.16729736328125,167.16729736328125,656600
18/11/2021,167.58980650344822,168.04609333023373,166.03507908624684,166.27166748046875,166.27166748046875,536400
19/11/2021,166.67724416233023,168.07988455270183,165.1056139052742,165.6970977783203,165.6970977783203,527800
22/11/2021,165.67174722160044,167.7165542290245,162.8918143218689,163.12840270996094,163.12840270996094,1004000
23/11/2021,162.79890708412339,166.69418433618566,162.45246939934503,165.89991760253906,165.89991760253906,817300
24/11/2021,165.98440457098405,169.61774522120282,165.9083610545277,169.06851196289062,169.06851196289062,535700
26/11/2021,167.97849995503793,168.33338255725263,165.58725521080717,166.4575653076172,166.4575653076172,305700
29/11/2021,167.4884181703681,168.01229063940045,165.65485163565413,166.24632263183594,166.24632263183594,811600
30/11/2021,166.33928958141578,166.33928958141578,159.34300231933594,159.34300231933594,159.34300231933594,1623000
01/12/2021,160.54287899992698,162.95102734216783,156.49551419705284,156.62225341796875,156.62225341796875,1062000
02/12/2021,157.7966905473577,165.916777789508,157.58544999776285,164.8267822265625,164.8267822265625,1369200
03/12/2021,165.45204628328406,167.91088937909572,164.1930608571406,166.55894470214844,166.55894470214844,841900
06/12/2021,167.80104158322445,170.4964730862808,167.01523291945193,168.12213134765625,168.12213134765625,524900
07/12/2021,168.12214361846765,170.53873622244055,167.6912175029886,168.14749145507812,168.14749145507812,1234000
08/12/2021,168.63752864173492,173.19187360671896,168.01225207893512,172.32156372070312,172.32156372070312,1161400
09/12/2021,172.11035875163617,173.20881222963945,169.49097068048223,169.50787353515625,169.50787353515625,529300
10/12/2021,169.5839527941311,171.09644272536616,167.4715467730455,168.2996063232422,168.2996063232422,688600
13/12/2021,167.86021223505114,170.91052662874736,167.86021223505114,169.93881225585938,169.93881225585938,660100
14/12/2021,169.3219852262067,170.29368665913165,164.4465494202657,165.3253173828125,165.3253173828125,745700
15/12/2021,164.98732918431205,170.85136943603976,164.98732918431205,169.71067810058594,169.71067810058594,524100
16/12/2021,169.82050063288202,171.43438154145647,166.97298212309465,167.28561401367188,167.28561401367188,773300
17/12/2021,168.74740972450843,171.3498820022283,167.20112732302601,167.3701171875,167.3701171875,1226400
20/12/2021,165.56190277513653,168.78120683510272,165.1732144731653,168.07144165039062,168.07144165039062,743200
21/12/2021,169.2712897231445,171.01190990176238,168.9924506324289,170.61477661132812,170.61477661132812,580400
22/12/2021,171.47663548205372,174.57764529118558,170.65702109485238,173.8171844482422,173.8171844482422,1007800
23/12/2021,174.31573157445445,175.1691388877889,171.18937352639242,173.6566619873047,173.6566619873047,633600
27/12/2021,173.82564030874684,175.7859460830594,172.71028391664575,175.5578155517578,175.5578155517578,349500
28/12/2021,175.946469796174,178.0081795626248,175.4395002278809,176.16616821289062,176.16616821289062,312700
29/12/2021,175.80286179297008,178.81092565012992,175.04240084682593,177.7885284423828,177.7885284423828,469800
30/12/2021,178.17025988538992,179.1797492225412,176.79600405184271,177.7206573486328,177.7206573486328,302400
31/12/2021,177.3474055234026,179.66328452953974,177.3474055234026,178.11936950683594,178.11936950683594,413600
03/01/2022,178.10237104012728,178.5519735198283,172.22359921451192,174.70913696289062,174.70913696289062,650300
04/01/2022,174.72613311915066,177.72066160857355,174.7006848952648,176.14280700683594,176.14280700683594,532500
05/01/2022,175.30296145126673,175.72711573781143,171.62979672065165,171.63827514648438,171.63827514648438,716800
06/01/2022,171.51949708815303,173.4621178509505,169.0678860494657,169.6447296142578,169.6447296142578,375700
07/01/2022,168.74553919276846,169.43266706340938,166.34482438634535,166.45510864257812,166.45510864257812,529400
10/01/2022,164.80088920144433,165.70857252848023,163.28240979961356,165.42015075683594,165.42015075683594,505300
11/01/2022,165.9800685845314,166.6756749256916,164.02047773290482,165.95462036132812,165.95462036132812,623500
12/01/2022,165.62375720354567,167.64272264375109,165.547399600521,167.1167755126953,167.1167755126953,350400
13/01/2022,167.41369915871238,169.85681900459457,167.1252644113268,168.8982391357422,168.8982391357422,474100
14/01/2022,168.0414458852414,168.6861686994348,164.71607775785014,167.83786010742188,167.83786010742188,683100
18/01/2022,166.8622672190629,168.01596721287774,165.81885146435428,166.95558166503906,166.95558166503906,809200
19/01/2022,167.23555944668786,168.88975865318204,164.22406128174802,164.55490112304688,164.55490112304688,634600
20/01/2022,164.54642661086305,166.1666992068103,160.7884126349704,160.89869689941406,160.89869689941406,558800
21/01/2022,160.5593331120301,161.9081403498362,159.24445251450237,159.7279815673828,159.7279815673828,545300
24/01/2022,157.57335602844714,158.59981534861404,152.73799856687822,158.44711303710938,158.44711303710938,714700
25/01/2022,156.27540398110688,158.82032966147125,153.6965387096073,157.54786682128906,157.54786682128906,691300
26/01/2022,159.01545127552495,159.7025791998184,153.4420702663517,154.1122283935547,154.1122283935547,692200
27/01/2022,154.92659736877894,156.4111373575356,151.17707506476142,151.66908264160156,151.66908264160156,508400
28/01/2022,151.45699339897573,158.98149857138336,149.70100154068507,158.97300720214844,158.97300720214844,645700
31/01/2022,158.45551563695577,160.9665141218489,157.8956419471359,160.29635620117188,160.29635620117188,569500
01/02/2022,160.82233862115973,161.38222537827428,158.4979685030596,160.05885314941406,160.05885314941406,343000
02/02/2022,160.49152387041283,164.05441779596916,160.02495149993396,163.9780731201172,163.9780731201172,968500
03/02/2022,162.83283493151072,164.35131459056404,161.8318369859484,163.5030059814453,163.5030059814453,564000
04/02/2022,162.9855612153985,163.85082680433266,160.72057844878134,161.45860290527344,161.45860290527344,424500
07/02/2022,161.0428999557638,162.68014226885165,160.78840478939924,161.48402404785156,161.48402404785156,475700
08/02/2022,161.12773112519727,161.78941077125972,159.40566577144997,160.01644897460938,160.01644897460938,429000
09/02/2022,161.10230038890157,165.30990408493483,161.10230038890157,165.1826629638672,165.1826629638672,422600
10/02/2022,163.07034678856922,165.81039268867926,161.2549670333102,162.51895141601562,162.51895141601562,822600
11/02/2022,163.21455341184742,164.35977508689132,161.11923034036812,162.39169311523438,162.39169311523438,680300
14/02/2022,162.39169181374038,164.18162328713987,159.9570505328069,160.51693725585938,160.51693725585938,481600
15/02/2022,161.56887322263904,163.66418370607155,160.63572851814448,161.6452178955078,161.6452178955078,447600
16/02/2022,161.9166582496247,163.52845235522358,160.86476387047466,162.7819366455078,162.7819366455078,454700
17/02/2022,161.71305516430525,162.26445051732563,159.02391874488094,159.26144409179688,159.26144409179688,503700
18/02/2022,158.81183804170888,160.53390324015368,157.1576261315746,157.24246215820312,157.24246215820312,625300
22/02/2022,156.46206192076113,157.25098281480726,153.93410556707403,155.13870239257812,155.13870239257812,671200
23/02/2022,155.9275886906484,156.91162969117875,150.600212162482,150.75291442871094,150.75291442871094,740900
24/02/2022,148.45399360319874,153.45900878129933,147.9450033046091,153.060302734375,153.060302734375,612300
25/02/2022,153.3911495811933,156.818310234655,153.03484861940763,156.64865112304688,156.64865112304688,619400
28/02/2022,154.22250321604446,155.8767023666129,151.89813303514205,153.54385375976562,153.54385375976562,860800
01/03/2022,153.84923793482258,154.38367645924762,150.44752533599544,151.4145965576172,151.4145965576172,661000
02/03/2022,152.3477449752493,154.77390819424684,152.0169051246661,153.968017578125,153.968017578125,758300
03/03/2022,154.4685369286425,155.73252162397745,152.84826411218907,154.8587646484375,154.8587646484375,621800
04/03/2022,153.69651661912894,154.6126912856796,152.3222610913827,154.1037139892578,154.1037139892578,912600
07/03/2022,154.05280634720518,154.15459921025254,149.0477791594529,150.18450927734375,150.18450927734375,982600
08/03/2022,148.73395034080536,153.34875125635904,148.31827446145866,150.5069122314453,150.5069122314453,706700
09/03/2022,153.79835874370966,154.40065062829336,151.0752823187847,151.8302764892578,151.8302764892578,784400
10/03/2022,150.1251675564111,153.00941149538204,149.36169502673098,152.55133056640625,152.55133056640625,600100
11/03/2022,153.70501770431923,154.0104092791416,149.48044503940986,149.67555236816406,149.67555236816406,313600
14/03/2022,150.0912361638782,150.19304199911508,144.4754373074443,145.0353240966797,145.0353240966797,633000
15/03/2022,146.05327746545547,147.9619716502275,144.22941931100434,146.39260864257812,146.39260864257812,781100
16/03/2022,147.9704575082649,150.37117231233387,145.0946919765229,148.52186584472656,148.52186584472656,561800
17/03/2022,148.67454373518098,152.10171733970296,148.64909551559657,151.65211486816406,151.65211486816406,832200
18/03/2022,151.5757245179325,153.17903967032478,150.94798464492328,152.39010620117188,152.39010620117188,974200
21/03/2022,152.39014326139363,153.043344451501,148.6660693459018,149.9300537109375,149.9300537109375,628900
22/03/2022,150.57477696460785,151.19403862015326,148.99692244597279,150.60870361328125,150.60870361328125,869600
23/03/2022,150.26091719176782,150.26091719176782,146.8761609761302,147.0627899169922,147.0627899169922,499000
24/03/2022,146.86765395092766,148.15707354414187,144.73839134320818,145.64608764648438,145.64608764648438,721000
25/03/2022,145.84968300483177,147.94500616197539,144.22093213971306,147.46995544433594,147.46995544433594,471800
28/03/2022,148.0298455133027,150.68505548040076,147.95350084857654,149.63314819335938,149.63314819335938,588900
29/03/2022,151.23645390168448,154.87570498977263,151.04134655097934,154.0782928466797,154.0782928466797,1025900
30/03/2022,153.54974921432805,154.16350596709614,151.53799385962802,151.82781982421875,151.82781982421875,480000
31/03/2022,152.61209069235443,153.5668178194541,149.1426721455095,149.42396545410156,149.42396545410156,1065600
01/04/2022,149.40689742097726,154.88807065490198,149.40689742097726,154.436279296875,154.436279296875,624500
04/04/2022,154.20614596295223,155.1438336770598,151.38457612393057,152.2370147705078,152.2370147705078,550400
05/04/2022,151.70850617171538,155.11826074003906,151.70850617171538,152.93601989746094,152.93601989746094,928400
06/04/2022,152.10918584292384,155.94516055110577,150.7026539789466,155.65533447265625,155.65533447265625,756500
07/04/2022,154.88809665678755,155.88544829423137,151.99833021788174,155.37399291992188,155.37399291992188,631200
08/04/2022,155.4081197669655,156.61858133497358,154.31699911391078,155.5956573486328,155.5956573486328,477000
11/04/2022,155.092693944996,156.84019582268218,153.9078047121188,155.99627685546875,155.99627685546875,1331200
12/04/2022,155.39956435667844,157.45394457017446,154.81989932638598,155.868408203125,155.868408203125,818200
13/04/2022,156.49919179702175,157.93129533870353,155.54446477402067,157.57327270507812,157.57327270507812,566300
14/04/2022,157.57335609968428,158.53660333547546,157.01074323172247,158.1956329345703,158.1956329345703,848500
18/04/2022,157.77787321585396,159.03949183587198,155.80022222874754,156.33724975585938,156.33724975585938,892600
19/04/2022,157.52217126224883,161.0342282113603,157.0789124200924,160.42047119140625,160.42047119140625,777800
20/04/2022,161.80135232221454,163.8557322634524,161.39218547735047,163.26754760742188,163.26754760742188,549900
21/04/2022,164.22228417835873,165.0917751557902,162.3639743519839,162.4662628173828,162.4662628173828,491000
22/04/2022,162.11675607278326,162.44921959187354,159.01388029256003,159.2866668701172,159.2866668701172,668800
25/04/2022,158.95421713360747,162.07414534194248,155.49331870884265,161.1108856201172,161.1108856201172,1345700
26/04/2022,161.19613272288345,162.44921841419512,156.1070736109475,156.4480438232422,156.4480438232422,702100
27/04/2022,155.95364068814305,157.9483439085766,154.42778130341335,154.53858947753906,154.53858947753906,669700
28/04/2022,154.70057109821377,156.75495147982258,152.3989892176213,156.277587890625,156.277587890625,742700
29/04/2022,155.18647327417904,155.6297450554367,149.3898873133651,149.6626739501953,149.6626739501953,996000
02/05/2022,149.85876462481392,150.6344871631555,141.37699997862535,145.13624572753906,145.13624572753906,766300
03/05/2022,145.32374160405087,146.16766057449183,143.1841252133866,144.7526092529297,144.7526092529297,453800
04/05/2022,144.31787900677557,145.1873701498703,140.82287502503723,144.65032958984375,144.65032958984375,523900
05/05/2022,143.9001733092935,144.36901719065852,140.88254606709518,142.02481079101562,142.02481079101562,448600
06/05/2022,140.68648826269256,141.86285792244928,139.27996950121386,140.66944885253906,140.66944885253906,468200
09/05/2022,139.24583573911514,139.45041265681417,134.0118638107183,134.48922729492188,134.48922729492188,608000
10/05/2022,135.8190412364474,137.91603287040746,132.56271960003806,133.21910095214844,133.21910095214844,763700
11/05/2022,133.78170965249558,136.20263204053802,132.5627157482813,133.66236877441406,133.66236877441406,512100
12/05/2022,133.62829163118334,136.0492275279405,132.647992287228,134.2164764404297,134.2164764404297,578700
13/05/2022,134.63415701597623,138.8963500935635,133.1082846101786,138.8878173828125,138.8878173828125,498300
16/05/2022,138.94750976462663,139.97043361544507,136.50953453313178,136.77378845214844,136.77378845214844,371400
17/05/2022,138.04395420333998,138.2059196715664,134.80468386036708,136.92726135253906,136.92726135253906,679000
18/05/2022,136.92724838850148,136.92724838850148,130.38904436376328,130.6959228515625,130.6959228515625,544000
19/05/2022,129.57066938690815,132.4604357693947,129.15296978327308,131.38636779785156,131.38636779785156,549600
20/05/2022,132.99750500896485,134.97515625812076,131.95752863402478,134.42959594726562,134.42959594726562,737900
23/05/2022,136.0065794699708,136.30492517179837,133.80728634959289,135.04331970214844,135.04331970214844,584000
24/05/2022,134.15681761900703,136.66298968085735,132.46897949132207,136.11741638183594,136.11741638183594,904900
25/05/2022,136.6203650785973,137.89049051914947,135.5718560281005,137.33641052246094,137.33641052246094,568100
26/05/2022,138.5894784904301,138.9475011657008,136.38166548933674,136.99542236328125,136.99542236328125,438300
27/05/2022,138.96455784652503,142.05890142319922,138.67471880863422,141.6497344970703,141.6497344970703,475100
31/05/2022,140.16645722991643,140.90808757465746,138.75993889857273,139.91073608398438,139.91073608398438,841700
01/06/2022,140.59270816804744,141.14680112586117,137.81376269613435,140.22616577148438,140.22616577148438,513800
02/06/2022,139.89369362833713,142.65559926558709,139.25436470364616,142.44248962402344,142.44248962402344,578700
03/06/2022,141.53889538816313,142.25495367721885,140.5074519955719,141.30874633789062,141.30874633789062,604000
06/06/2022,142.47658644085087,142.97952209085818,136.4413196192206,137.94161987304688,137.94161987304688,612100
07/06/2022,137.41312652192457,140.78025704727003,136.87609894405665,140.66944885253906,140.66944885253906,396400
08/06/2022,139.89369659410403,139.99598506192544,136.21968837680583,136.90164184570312,136.90164184570312,356300
09/06/2022,136.28792938129538,137.98427439160957,134.60862378304344,134.702392578125,134.702392578125,404700
10/06/2022,133.0656972703078,134.12271302106993,131.81261123716985,132.9889678955078,132.9889678955078,311300
13/06/2022,130.37197476113278,131.01130377584434,127.57597691070207,128.6415252685547,128.6415252685547,488500
14/06/2022,128.6500613604304,130.07363258699587,126.70650194870889,128.75234985351562,128.75234985351562,746300
15/06/2022,129.41723501744238,133.17647937314763,129.41723501744238,131.09652709960938,131.09652709960938,687100
16/06/2022,128.0363057227948,131.24148394951706,128.0363057227948,130.20150756835938,130.20150756835938,632200
17/06/2022,130.6618194580078,132.42637403412877,129.57069882427285,130.6618194580078,130.6618194580078,1553800
21/06/2022,130.8748933200571,134.5148096756734,130.8748933200571,131.82962036132812,131.82962036132812,803600
22/06/2022,130.1333076976184,134.79614887988143,130.1333076976184,132.86962890625,132.86962890625,540700
23/06/2022,133.04864767160333,138.05245919786205,133.04864767160333,137.38755798339844,137.38755798339844,538800
24/06/2022,138.23144786752167,139.22027977504382,136.67148365320156,138.77700805664062,138.77700805664062,674700
27/06/2022,138.46160463444934,140.58418157022663,136.9016533404715,138.09506225585938,138.09506225585938,414500
28/06/2022,139.09243383542972,140.51600503372566,138.07802960853303,138.31671142578125,138.31671142578125,502200
29/06/2022,137.4938974057809,137.93958631554523,135.43689380059323,137.03964233398438,137.03964233398438,407300
30/06/2022,136.37966735463488,138.41097226049962,135.48830270678286,136.5853729248047,136.5853729248047,670100
01/07/2022,136.11396237633562,138.6166544424327,135.80541058308486,138.5652313232422,138.5652313232422,431900
05/07/2022,137.36534663987783,138.28242299260444,135.22262899187746,138.08529663085938,138.08529663085938,368500
06/07/2022,138.39382650766504,140.485120692352,137.57959654640965,138.6509552001953,138.6509552001953,377300
07/07/2022,139.53377286575548,140.1080196137507,138.12815064188837,138.64239501953125,138.64239501953125,416300
08/07/2022,137.9481580619526,138.710965013218,136.97107934821815,137.45962524414062,137.45962524414062,245400
11/07/2022,137.37389304695762,138.0595652113351,136.2768228151972,137.61387634277344,137.61387634277344,367100
12/07/2022,137.0224771981558,138.29954137497361,135.75399226024462,136.97105407714844,136.97105407714844,450000
13/07/2022,135.8997131268423,137.89672741355315,134.245541488257,137.54531860351562,137.54531860351562,375300
14/07/2022,135.03405061466682,137.55388832199884,135.03405061466682,136.7310791015625,136.7310791015625,272700
15/07/2022,138.54813522508718,139.1395274624343,136.45685352456817,137.5796356201172,137.5796356201172,523000
18/07/2022,138.36813768357328,138.36813768357328,135.82258805763232,136.42254638671875,136.42254638671875,402000
19/07/2022,137.13392368456016,137.13392368456016,129.48014284640848,135.05120849609375,135.05120849609375,1062800
20/07/2022,135.05977059686086,136.41396962189737,133.52557754803246,134.55409240722656,134.55409240722656,753800
21/07/2022,134.9569122680228,137.4424591064453,134.15124847018544,137.4424591064453,137.4424591064453,725000
22/07/2022,138.2138717532969,139.919479922649,136.9625318140256,137.5796356201172,137.5796356201172,546300
25/07/2022,137.262450672779,138.21381757775444,136.10539129847297,137.2881622314453,137.2881622314453,572700
26/07/2022,135.8482755586379,138.06812752208037,134.64835911302265,137.92242431640625,137.92242431640625,949800
27/07/2022,138.46237858597019,139.49944631592336,135.42828391506197,136.76535034179688,136.76535034179688,627100
28/07/2022,137.38243000424677,140.6479415216439,137.2281606660626,140.0308380126953,140.0308380126953,770600
29/07/2022,140.0308878145843,141.0765350722917,138.68525485513226,140.5279998779297,140.5279998779297,726000
01/08/2022,140.23655442705245,140.57081779500928,138.66808383029866,139.36233520507812,139.36233520507812,564700
02/08/2022,139.63660775358045,141.34221553408304,138.64238372841984,138.73666381835938,138.73666381835938,882500
03/08/2022,139.1737954217883,141.02509345798484,138.37669768724925,138.47097778320312,138.47097778320312,662000
04/08/2022,138.84810874371655,139.72234123841847,137.4082087083121,139.33665466308594,139.33665466308594,655200
05/08/2022,138.38528045162272,139.37949148741555,137.90530071938252,138.99380493164062,138.99380493164062,432000
08/08/2022,140.22798651547922,141.81360249231167,139.25090798456475,140.57081604003906,140.57081604003906,638300
09/08/2022,140.81940202327078,142.15645570116834,140.04801584733048,141.9678955078125,141.9678955078125,625600
10/08/2022,143.29636599024616,145.21623234440852,142.44784522100633,144.916259765625,144.916259765625,625300
11/08/2022,145.32767883396087,145.6362306966319,143.79349876113938,143.9991912841797,143.9991912841797,604800
12/08/2022,145.52477114950187,147.23037869664938,144.8048213310697,147.1532440185547,147.1532440185547,610000
15/08/2022,147.66749644706178,147.7017872468489,146.27045369127916,146.81040954589844,146.81040954589844,522000
16/08/2022,146.42474726546425,147.99321812329282,146.10762924459704,146.64759826660156,146.64759826660156,442000
17/08/2022,146.19331422907857,147.58179077857181,145.20765647810225,146.8704071044922,146.8704071044922,525600
18/08/2022,147.22184471203482,147.22184471203482,144.47916879612913,145.03627014160156,145.03627014160156,456500
19/08/2022,144.4705633210412,145.32765020650356,143.6306218351583,144.2991485595703,144.2991485595703,526400
22/08/2022,143.32209091436079,143.87919223983417,140.75082988335768,141.042236328125,141.042236328125,509900
23/08/2022,140.69077127898316,141.0678915052874,137.022441387286,137.05673217773438,137.05673217773438,577000
24/08/2022,137.133908164106,139.35376016376642,136.82535634761243,136.9882049560547,136.9882049560547,1000800
25/08/2022,137.78528141104928,139.62802604042338,137.02247461490225,139.56802368164062,139.56802368164062,503900
26/08/2022,139.8937066004495,139.8937066004495,137.03960602669312,137.15103149414062,137.15103149414062,400100
29/08/2022,136.1311191501327,137.1424754536724,135.70257568359375,135.70257568359375,135.70257568359375,445700
30/08/2022,136.0368193479235,136.4825081503987,133.157007147042,133.2684326171875,133.2684326171875,461800
31/08/2022,134.3312524140721,134.63123811891165,131.63143338295936,131.74285888671875,131.74285888671875,1180600
01/09/2022,130.6714814780202,131.8028294455737,129.6858236437339,131.6228485107422,131.6228485107422,743300
02/09/2022,132.92560060391492,133.06273764296918,129.3686952959096,129.62582397460938,129.62582397460938,863000
06/09/2022,130.90289146094764,133.29417147108106,129.88295585704992,132.6170654296875,132.6170654296875,755600
07/09/2022,132.46278678043853,136.20825245503775,132.46278678043853,136.1825408935547,136.1825408935547,491800
08/09/2022,135.18833265417123,137.6481813065395,135.18833265417123,136.55967712402344,136.55967712402344,599900
09/09/2022,136.60252452980725,137.66530399535236,135.48830886080194,136.04541015625,136.04541015625,860300
12/09/2022,136.4910965433194,137.96528714093083,136.12255543297104,137.5110321044922,137.5110321044922,575400
13/09/2022,135.25689015572868,136.27682572376878,134.34838007673432,135.41973876953125,135.41973876953125,814000
14/09/2022,134.9826521348294,135.67689059357696,132.6770857425167,133.697021484375,133.697021484375,760200
15/09/2022,133.31130247646553,133.73984596441343,130.2686541745229,130.45721435546875,130.45721435546875,587600
16/09/2022,130.26005024391176,131.33140876070496,128.3916072681158,130.64573669433594,130.64573669433594,1349200
19/09/2022,129.30014172440892,131.07430496413846,128.0745005480938,129.12014770507812,129.12014770507812,536900
20/09/2022,127.70597346033486,128.49449199554886,125.20328078471367,126.24034881591797,126.24034881591797,532100
21/09/2022,126.91748239880779,128.36596195350035,124.61191558837892,124.6119155883789,124.6119155883789,496500
22/09/2022,124.66330077187341,125.34897298330144,122.6491541810588,124.3976058959961,124.3976058959961,716100
23/09/2022,123.6947810601334,127.14884003587791,123.07767747893813,125.80320739746094,125.80320739746094,1014700
26/09/2022,124.94613079218196,124.94613079218196,119.27221953767602,119.93216705322266,119.93216705322266,990600
27/09/2022,120.69500814119606,121.56922754118244,116.97524029749667,117.60948944091797,117.60948944091797,673500
28/09/2022,118.18372369400083,120.65213839277729,117.06094183752138,119.69219207763672,119.69219207763672,969100
29/09/2022,118.92453671039921,118.92453671039921,115.25881823694272,115.65557098388672,115.65557098388672,985400
30/09/2022,117.02702598751442,118.04480920301339,115.9920018009901,116.72515106201172,116.72515106201172,1349500
03/10/2022,118.2604003489887,119.38168166086537,116.75960722438064,118.93316650390625,118.93316650390625,1086600
04/10/2022,120.00270819038464,122.32289482646931,119.99407454601466,121.41724395751953,121.41724395751953,990700
05/10/2022,119.6490587129045,120.56332997161029,116.56984870582444,118.43289947509766,118.43289947509766,730800
06/10/2022,118.26901399489984,118.96765471838648,113.74940707810558,113.89603424072266,113.89603424072266,935400
07/10/2022,112.44700757793444,113.23190588676064,108.95379684689374,109.57481384277344,109.57481384277344,943600
10/10/2022,109.91119200988813,110.31657845177675,107.78938842305534,107.91014099121094,107.91014099121094,691000
11/10/2022,107.72900508193077,109.56617467468229,106.47834416435919,108.79853057861328,108.79853057861328,1308100
12/10/2022,108.25516009211218,108.81580082230484,105.81422075606416,106.27998352050781,106.27998352050781,755900
13/10/2022,104.3738037528922,108.60878394708412,103.37327493342042,107.78939056396484,107.78939056396484,879000
14/10/2022,108.60878792981318,109.09180481026301,103.6492855499089,103.7441635131836,103.7441635131836,682400
17/10/2022,105.45196443060658,108.88479904995134,105.10695423968437,108.23790740966797,108.23790740966797,973700
18/10/2022,109.82493738641269,110.65295120820886,107.45300168022018,108.33277130126953,108.33277130126953,806800
19/10/2022,107.04761684577281,107.3063761043273,104.36517262621113,104.62393188476562,104.62393188476562,955900
20/10/2022,104.84817590458539,106.06433512604056,103.5888945299248,104.09778594970703,104.09778594970703,743200
21/10/2022,104.24441272310828,104.4082940140261,101.45846368010976,102.59699249267578,102.59699249267578,1100000
24/10/2022,103.74415521423771,104.17541625625267,101.51884665811535,102.10536193847656,102.10536193847656,1049300
25/10/2022,103.20076434394197,112.02436778909774,103.20076434394197,111.67073059082031,111.67073059082031,1693900
26/10/2022,110.9807295642071,115.20709622824883,110.9807295642071,114.22380828857422,114.22380828857422,1547600
27/10/2022,115.0259521088097,117.65664724496423,113.17153478847828,113.36991119384766,113.36991119384766,1196900
28/10/2022,112.33488029648245,115.33645344603127,111.6103517477976,115.06044006347656,115.06044006347656,902600
31/10/2022,114.25829712825735,117.61350737960088,114.15479869368947,116.31110382080078,116.31110382080078,1047100
01/11/2022,117.24262229289387,117.38926263105769,115.37958456632276,115.90572357177734,115.90572357177734,843100
02/11/2022,115.03457088068627,115.62109276576263,111.80011293215343,112.11925506591797,112.11925506591797,988600
03/11/2022,110.57533693624944,111.35161476744354,108.39315695084744,110.60121154785156,110.60121154785156,753700
04/11/2022,111.44650191022374,113.96506521495182,109.45407110596055,111.97264099121094,111.97264099121094,707000
07/11/2022,112.83515811778796,113.80117874967648,110.8772290804016,112.74028015136719,112.74028015136719,981100
08/11/2022,113.62003028878597,117.21674579494687,113.21464385696291,115.94883728027344,115.94883728027344,998700
09/11/2022,115.54347472140476,116.70787174457723,114.74994274989751,115.07770538330078,115.07770538330078,741600
10/11/2022,119.31270262858753,123.3838086402835,118.79518402194766,123.14230346679688,123.14230346679688,591300
11/11/2022,123.61667115394043,125.78159684256272,122.99565420179398,124.60856628417969,124.60856628417969,722600
14/11/2022,123.42691664258157,124.20318126104604,117.4668858275853,117.50138092041016,117.50138092041016,1005800
15/11/2022,119.19193152928186,120.89110112521706,118.72616222343902,119.8991928100586,119.8991928100586,619000
16/11/2022,119.47653767739465,121.06357482011558,118.93314466702311,119.25227355957031,119.25227355957031,430900
17/11/2022,117.46687609579621,120.52883190125223,117.18224224966228,119.95956420898438,119.95956420898438,509600
18/11/2022,121.94337096410459,124.03929321667817,120.99459144995072,123.34065246582031,123.34065246582031,817000
21/11/2022,122.6851744411421,124.69485294262995,122.44366925445259,124.20320892333984,124.20320892333984,803600
22/11/2022,124.62582470728472,125.28133677446306,123.39241124331875,124.63444519042969,124.63444519042969,428500
23/11/2022,124.13420183773856,125.47111397033983,123.94444588802509,125.10885620117188,125.10885620117188,561800
25/11/2022,125.64359211844068,126.20423937734782,124.15143257776799,125.90235137939453,125.90235137939453,225900
28/11/2022,125.31581079469771,126.10934258605438,120.72720077399431,120.7616958618164,120.7616958618164,951900
29/11/2022,120.7444825899184,125.10020899338076,120.32184199118508,124.9018325805664,124.9018325805664,613700
30/11/2022,123.87542669814131,126.70449829101564,122.48676551326359,126.70449829101562,126.70449829101562,912400
01/12/2022,127.74814143445472,129.28342963156302,124.83281269203826,126.87699890136719,126.87699890136719,856900
02/12/2022,125.38481886047003,127.4203713058078,125.12607278944337,125.9972152709961,125.9972152709961,497000
05/12/2022,124.15145063078488,124.44470502735513,120.93424643065912,122.2970199584961,122.2970199584961,846200
06/12/2022,122.71105500707283,122.90081097167955,120.4426170781218,121.79678344726562,121.79678344726562,660800
07/12/2022,121.58112669551835,123.52180151132059,121.45174047783883,122.35739135742188,122.35739135742188,600400
08/12/2022,123.10778807445712,125.07433760807798,122.56440804611721,123.37516784667969,123.37516784667969,402900
09/12/2022,123.0905229904764,124.33254364123087,122.72825216116794,122.7455062866211,122.7455062866211,340900
12/12/2022,122.76277140210183,123.98755119809002,121.70187290998578,123.90992736816406,123.90992736816406,415200
13/12/2022,127.3168882815491,128.23978008896842,123.64254885695588,125.72985076904297,125.72985076904297,551000
14/12/2022,125.4279493923501,127.1184983265482,124.72930866847118,125.29857635498047,125.29857635498047,701400
15/12/2022,123.84954356309233,125.81609287252923,123.06464530369145,123.47003173828125,123.47003173828125,619300
16/12/2022,121.42587151757824,123.84955673900966,120.28734908306421,122.78865814208984,122.78865814208984,1364000
19/12/2022,122.84040094442004,123.20265866196307,120.27870914939696,121.15848541259766,121.15848541259766,548200
20/12/2022,120.32184172202213,120.72722819146011,117.76877032903252,119.7612075805664,119.7612075805664,535300
21/12/2022,120.40809488218379,123.11641385000988,120.01132891063584,121.99513244628906,121.99513244628906,392400
22/12/2022,121.331009657621,122.46091175829713,120.18385342595217,122.3056640625,122.3056640625,468800
23/12/2022,121.90885444587508,123.77190509586337,121.14121040412635,123.33202362060547,123.33202362060547,272300
27/12/2022,123.34066294512148,124.72070359913448,122.63338849065299,123.8840560913086,123.8840560913086,323200
28/12/2022,124.46197792786187,125.30724614706361,121.8744108738982,121.96065521240234,121.96065521240234,343800
29/12/2022,122.82856029712106,126.21345727995666,122.46403394846676,125.70138549804688,125.70138549804688,379700
30/12/2022,124.88551905657118,125.97909796172166,121.99533204639239,124.11306762695312,124.11306762695312,390600
03/01/2023,124.1130635171095,125.58853085428484,120.00778897048214,121.43985748291016,121.43985748291016,817700
04/01/2023,122.46401678725672,126.17872847885452,122.04740395277797,124.39080810546875,124.39080810546875,513100
05/01/2023,123.35797429166146,123.35797429166146,120.27684314306882,121.43985748291016,121.43985748291016,399100
06/01/2023,121.57873329281713,124.8941943895673,121.41382569825146,124.49495697021484,124.49495697021484,374100
09/01/2023,124.77269214109535,126.43910386618684,123.60100322555108,124.79005432128906,124.79005432128906,331000
10/01/2023,124.60781054918209,125.31082661923507,123.62705254142375,124.76403045654297,124.76403045654297,308700
11/01/2023,125.84026496403457,129.58968854883352,125.380266451789,128.9474334716797,128.9474334716797,528700
12/01/2023,129.68515783712246,130.50968270452523,127.9927092685663,129.59837341308594,129.59837341308594,442000
13/01/2023,128.53078904279425,130.587776761052,128.34853252256414,129.24249267578125,129.24249267578125,431400
17/01/2023,129.60702726796816,130.70929390128344,128.53948499351623,129.70249938964844,129.70249938964844,386400
18/01/2023,130.04967285754947,130.04967285754947,127.5934474083377,128.14024353027344,128.14024353027344,442800
19/01/2023,127.53270253015876,129.0602433778903,126.72552665361323,126.89043426513672,126.89043426513672,316100
20/01/2023,127.65420518916308,128.40062001789505,126.29155877483598,128.33985900878906,128.33985900878906,193900
23/01/2023,128.66966621256427,129.42475546271655,127.32438206215527,128.40928649902344,128.40928649902344,418400
24/01/2023,128.91269076468683,130.45759370741143,126.75155624115129,130.36212158203125,130.36212158203125,553400
25/01/2023,129.80665108827617,130.1451407614717,127.88854735465576,128.5568389892578,128.5568389892578,758100
26/01/2023,129.2945962827184,129.71988366874115,127.82780309222426,129.3206329345703,129.3206329345703,622700
27/01/2023,129.34667051933752,130.74402823381672,128.78252540052387,130.31874084472656,130.31874084472656,775100
30/01/2023,129.84137966326045,130.49232238234072,128.0187347524503,128.14024353027344,128.14024353027344,416200
31/01/2023,127.98403930891165,137.07118859619936,127.7583706628426,136.14251708984375,136.14251708984375,1099100
01/02/2023,135.77797620885715,137.9911841370772,134.77985607789404,137.12326049804688,137.12326049804688,759900
02/02/2023,138.43380253885067,142.19191299949696,138.3817292461912,141.48020935058594,141.48020935058594,631800
03/02/2023,139.19759121395415,139.7096629595526,137.14060327628033,139.1715545654297,139.1715545654297,363500
06/02/2023,137.2881312048982,138.68548855265686,136.60247747535297,138.546630859375,138.546630859375,283500
07/02/2023,137.66138228965596,140.77722527803667,136.60251428769658,139.37986755371094,139.37986755371094,669400
08/02/2023,139.0760737526318,140.99417737259355,137.999843788147,138.86776733398438,138.86776733398438,455400
09/02/2023,139.37985668267822,140.12627155627726,136.79344789700602,137.15797424316406,137.15797424316406,272500
10/02/2023,136.36816545442343,137.48779442691875,136.14251006346572,137.21005249023438,137.21005249023438,239400
13/02/2023,137.39230742055483,138.19079553689903,136.75003919408832,137.05381774902344,137.05381774902344,232600
14/02/2023,136.8975735519332,138.22549548242617,135.7692703235278,137.93040466308594,137.93040466308594,335600
15/02/2023,137.38361907558073,138.07796059547277,136.6545664392524,137.80023193359375,137.80023193359375,296300
16/02/2023,135.83873700857302,137.77421644458323,135.13572091246934,137.02780151367188,137.02780151367188,287700
17/02/2023,136.61121080539007,137.7655511329587,135.15310507170372,137.1753692626953,137.1753692626953,352400
21/02/2023,135.11833423166468,137.16663437464138,134.1028652499104,135.1356964111328,135.1356964111328,438900
22/02/2023,135.83871403281816,136.6372021330565,132.44514291767084,133.4866485595703,133.4866485595703,684100
23/02/2023,129.75460223538843,130.8047958130472,124.82480163106793,128.27044677734375,128.27044677734375,1562300
24/02/2023,127.12477076057243,127.81042457749771,126.14401285459405,127.19420623779297,127.19420623779297,544600
27/02/2023,128.6262618371204,129.30324111704246,125.60589172335564,126.0138168334961,126.0138168334961,721400
28/02/2023,126.08325471823532,127.20287024309788,124.04362912847319,124.23457336425781,124.23457336425781,1046200
01/03/2023,123.25382304729085,123.44476729470736,119.48703788182482,120.61534118652344,120.61534118652344,554700
02/03/2023,119.66064690776449,123.30593736626261,119.66064690776449,123.07159423828125,123.07159423828125,560200
03/03/2023,123.83533559960522,126.9425037447793,123.71382682268616,126.54326629638672,126.54326629638672,684100
06/03/2023,127.28099627748905,127.53270154897169,124.7206241928311,126.49987030029297,126.49987030029297,573700
07/03/2023,126.54329729601874,126.54329729601874,121.37046543255555,121.94329833984375,121.94329833984375,458600
08/03/2023,121.75231589882033,123.78325385014706,121.75231589882033,122.54212951660156,122.54212951660156,449900
09/03/2023,122.75045928332258,123.50556201091162,118.87952646947763,119.50443267822266,119.50443267822266,726400
10/03/2023,119.3394826221617,120.00778743301508,115.4164646488857,116.3104248046875,116.3104248046875,628700
13/03/2023,115.73762459037893,121.03195093516864,115.34704835119945,120.64138793945312,120.64138793945312,918200
14/03/2023,121.821747997879,123.22777988777382,119.27005068402386,120.32891845703125,120.32891845703125,767400
15/03/2023,119.16590057813883,120.6413678965263,117.78590537559501,119.99909973144531,119.99909973144531,579300
16/03/2023,119.30479861616885,119.57385284644047,117.03082949779966,117.76856994628906,117.76856994628906,649600
17/03/2023,117.81194651624631,117.89005645669981,114.87836070245606,116.42326354980469,116.42326354980469,1130300
20/03/2023,116.52740372341823,118.58439141304643,115.00853760648569,117.9334487915039,117.9334487915039,557800
21/03/2023,118.46292478587112,118.69725467767573,115.20821052058915,115.9285888671875,115.9285888671875,580000
22/03/2023,114.98251434688575,115.52931045054487,111.99685505621223,112.35270690917969,112.35270690917969,632800
23/03/2023,112.91687957731399,114.5659293232168,111.88404824703669,112.5697021484375,112.5697021484375,775800
24/03/2023,112.33536753780399,116.16291455364197,112.25725757669687,115.73764038085938,115.73764038085938,807600
27/03/2023,116.28439268521173,116.98740863670588,115.17345160867193,115.22552490234375,115.22552490234375,434800
28/03/2023,114.40102784703406,115.9980043752818,114.22744574500112,115.79838562011719,115.79838562011719,424200
29/03/2023,116.73572870126395,119.4176095502446,116.73572870126395,118.95761108398438,118.95761108398438,584100
30/03/2023,120.40821278461283,121.80638307821845,120.21597736983368,121.78890228271484,121.78890228271484,619700
31/03/2023,122.26952411241555,123.75507171514748,121.98115098943593,123.10842895507812,123.10842895507812,892100
03/04/2023,122.8811949315628,123.99099188780744,121.17718438232895,121.57916259765625,121.57916259765625,889700
04/04/2023,122.1908698137355,122.40059933948652,120.92378559709476,122.0335693359375,122.0335693359375,861300
05/04/2023,121.9636604920465,122.58408860865646,121.3344853123698,121.7364501953125,121.7364501953125,451500
06/04/2023,122.09475359077456,123.06473104441346,121.20341971431019,122.87248229980469,122.87248229980469,474700
10/04/2023,122.8200470217098,122.8200470217098,121.34323325569456,122.69770812988281,122.69770812988281,276000
11/04/2023,123.00355410887514,124.64640215769874,122.88121521166103,123.91236877441406,123.91236877441406,537500
12/04/2023,125.2405988313719,125.82607865000469,122.10345691675691,122.23454284667969,122.23454284667969,521600
13/04/2023,122.35689979152049,122.8812035868638,120.59171301247282,121.2558364868164,121.2558364868164,436500
14/04/2023,121.25583262082343,121.73645441835168,118.15366526228422,119.33335876464844,119.33335876464844,444700
17/04/2023,119.48189896844869,120.74898296090096,119.17605846485625,120.60917663574219,120.60917663574219,705200
18/04/2023,120.87133894781552,121.5529431398272,120.04116802965268,120.60043334960938,120.60043334960938,793900
19/04/2023,119.6654305819286,122.24329423559564,119.59552074265723,121.7626724243164,121.7626724243164,652900
20/04/2023,121.74520597490196,122.29572429608103,120.9762110704759,121.45683288574219,121.45683288574219,807600
21/04/2023,122.11222616610809,122.53167188341116,120.39946837505055,122.00735473632812,122.00735473632812,543200
24/04/2023,122.04231761704239,122.62779754825512,120.09361575576077,121.14225006103516,121.14225006103516,432000
25/04/2023,120.92378141661386,121.80636813916846,120.1635202457614,121.2558364868164,121.2558364868164,626000
26/04/2023,121.46556940122579,122.26951257704614,118.94886844461335,119.8139877319336,119.8139877319336,466800
27/04/2023,117.09630210285256,119.45570253813725,115.34859610131745,118.4070816040039,118.4070816040039,1253800
28/04/2023,118.96634447410877,121.87627650517051,118.96634447410877,121.40438842773438,121.40438842773438,672700
01/05/2023,121.264578931117,122.7239117735033,120.5829746893782,121.62284851074219,121.62284851074219,681700
02/05/2023,121.43061426632192,121.46556251809939,116.22244471156273,117.55070495605469,117.55070495605469,1013600
03/05/2023,118.05752976063746,119.54307699411662,116.65062608643935,116.93025207519531,116.93025207519531,544500
04/05/2023,117.00018303035277,118.69546006193525,116.13506372025286,116.97396850585938,116.97396850585938,420200
05/05/2023,117.70801661659779,119.54311356483717,117.44585800485774,119.49068450927734,119.49068450927734,380900
08/05/2023,119.01003503122327,119.50812427755757,118.38085984242578,118.53814697265625,118.53814697265625,285600
09/05/2023,117.81287419524305,118.50321223543044,116.49334756056967,117.27982330322266,117.27982330322266,521700
10/05/2023,118.74790825875364,119.54311785378383,117.27109424910941,118.97510528564453,118.97510528564453,462100
11/05/2023,118.27600444756654,119.31587827805704,117.49827584009323,118.80030822753906,118.80030822753906,555700
12/05/2023,118.87896580013879,119.15860518288692,116.52831224186815,117.69927215576172,117.69927215576172,259500
15/05/2023,117.55945535656213,117.88277673362174,116.55452963470982,117.3759536743164,117.3759536743164,380200
16/05/2023,117.14872079245154,117.14872079245154,114.2562697490602,114.3523941040039,114.3523941040039,489400
17/05/2023,114.29997778451714,114.76311881881423,112.71830595033964,114.1426773071289,114.1426773071289,560300
18/05/2023,113.67952806261967,114.24754048546531,111.03175466760683,111.72209930419922,111.72209930419922,506700
19/05/2023,112.26388346178584,113.67952089711335,112.0891155480563,112.84062957763672,112.84062957763672,448900
22/05/2023,112.9542349845946,114.36113886046762,112.2289353880699,114.21258544921875,114.21258544921875,410300
23/05/2023,113.93294959845012,114.5009486709614,112.34253086111842,112.85810089111328,112.85810089111328,489700
24/05/2023,112.29883456693027,112.95422426053669,110.61230482233972,110.9705810546875,110.9705810546875,501300
25/05/2023,111.0055509350312,111.77454587938162,109.21415619787864,110.86573791503906,110.86573791503906,489700
26/05/2023,110.90069536975138,112.29885226948511,110.25403930323806,112.0716552734375,112.0716552734375,389500
30/05/2023,111.52986760199963,112.91929748348636,110.9793425547898,111.34635925292969,111.34635925292969,757700
31/05/2023,112.27264035875882,112.27264035875882,109.17920631219138,110.65601348876953,110.65601348876953,1246100
01/06/2023,110.32393738963414,112.1240723732151,108.53253613552968,111.90560913085938,111.90560913085938,770600
02/06/2023,113.04163592739275,116.04769268169112,112.01922941513546,115.84671020507812,115.84671020507812,752900
05/06/2023,115.30491225873145,115.593285377754,113.21640391242256,113.8630599975586,113.8630599975586,604700
06/06/2023,114.54464486724024,116.1001020322582,113.2425991876507,115.6544418334961,115.6544418334961,414600
07/06/2023,115.89036742547445,116.44963274857221,114.39608643226288,114.62328338623047,114.62328338623047,624100
08/06/2023,114.09900825199811,115.13014853306547,113.33001323971708,114.66700744628906,114.66700744628906,719200
09/06/2023,115.22625168151002,115.94280417408315,113.96790128739937,113.98538208007812,113.98538208007812,933700
12/06/2023,113.775668451032,115.81174772932691,111.43374192785737,115.54085540771484,115.54085540771484,870700
13/06/2023,114.80681086002784,117.56817619308194,114.14267404947046,117.54196166992188,117.54196166992188,832600
14/06/2023,117.83909722118803,118.44204466659923,116.47587516903062,116.90406799316406,116.90406799316406,861200
15/06/2023,116.30111133124385,117.80413980042353,115.62825401313606,117.0176773071289,117.0176773071289,681100
16/06/2023,117.31477511472093,118.49448209749514,116.93027762895927,117.85655975341797,117.85655975341797,1110000
20/06/2023,116.86036830345157,117.39341921400606,115.56706948244417,116.7118148803711,116.7118148803711,640700
21/06/2023,116.0302066807233,116.15254557412158,114.7718561578043,115.37481689453125,115.37481689453125,723100
22/06/2023,115.71561486545524,115.71561486545524,111.21527049628526,112.66586303710938,112.66586303710938,501800
23/06/2023,112.63091158934395,112.93676547007541,109.17045454155733,109.34522247314453,109.34522247314453,1157000
26/06/2023,109.03937682846906,112.11534313763345,109.03937682846906,111.48616790771484,111.48616790771484,508900
27/06/2023,112.02795769544386,113.39116631213122,111.13663052306435,113.26009368896484,113.26009368896484,530600
28/06/2023,113.16394532889127,113.75815887318592,111.80947072959601,112.90178680419922,112.90178680419922,666100
29/06/2023,112.47052163606796,113.51794843691123,112.10084395882004,113.16587829589844,113.16587829589844,433700
30/06/2023,114.24850183119331,115.1022859886218,112.81378987849327,114.82942962646484,114.82942962646484,1232700
03/07/2023,114.77660296995855,117.1883248821087,114.04605815604582,116.08808898925781,116.08808898925781,271000
05/07/2023,115.3487305264392,117.02108366542308,114.19568549127926,115.33992004394531,115.33992004394531,729500
06/07/2023,113.57955343034497,116.61621544360902,111.3614806757162,116.34334564208984,116.34334564208984,549500
07/07/2023,115.62160265801228,116.64262490130602,115.04948530356452,116.01768493652344,116.01768493652344,475300
10/07/2023,115.2607227620286,116.80105318993442,114.50375984309028,116.0440902709961,116.0440902709961,451400
11/07/2023,116.37854508713191,116.76583024439167,115.27830926792261,116.73942565917969,116.73942565917969,862400
12/07/2023,119.1775594382493,121.54526948478612,118.1477401427719,119.42401123046875,119.42401123046875,750400
13/07/2023,119.71447843304642,119.96093023202602,117.96291124962825,119.95213317871094,119.95213317871094,404500
14/07/2023,119.74967339309859,119.88169632372748,118.3061644855643,119.32718658447266,119.32718658447266,344000
17/07/2023,119.18636666628178,119.40641386265379,117.36436943362635,117.47000122070312,117.47000122070312,647800
18/07/2023,117.25874120098695,117.4875854309179,114.38933083699493,115.62158966064453,115.62158966064453,686100
19/07/2023,116.44896636235171,118.76385348402037,115.81522943116124,118.71104431152344,118.71104431152344,719000
20/07/2023,118.96630649022563,121.76530007600134,118.72865178350071,121.60687255859375,121.60687255859375,1044800
21/07/2023,122.34624455708185,123.72814743510541,121.62448328638065,122.99758911132812,122.99758911132812,629200
24/07/2023,123.06798984622002,124.0185818183792,122.6014774814605,123.44646453857422,123.44646453857422,480200
25/07/2023,123.49049445563793,123.99219510043218,122.09979450472076,122.39905548095703,122.39905548095703,657500
26/07/2023,122.6631089310503,124.56431991939978,122.6631089310503,124.2562484741211,124.2562484741211,713400
27/07/2023,120.58585599178382,120.58585599178382,116.15850775500175,116.3873519897461,116.3873519897461,1637200
28/07/2023,117.37317418701727,118.13893409521131,114.86463089859531,115.74481964111328,115.74481964111328,1089100
31/07/2023,115.89446065128061,116.74824488358712,114.55656988045769,114.68860626220703,114.68860626220703,1313300
01/08/2023,113.80841322460019,115.05827969463279,111.96001139349258,114.3541259765625,114.3541259765625,1080600
02/08/2023,114.21329087009553,114.78542163352246,113.11305489883014,114.04606628417969,114.04606628417969,699800
03/08/2023,113.28029441903698,114.23969697536788,112.10964843370517,114.14287567138672,114.14287567138672,982000
04/08/2023,114.15169698885572,114.82063569673127,112.08324776686057,112.62896728515625,112.62896728515625,1064900
07/08/2023,112.63774067114997,113.96682067469327,111.98640296167598,113.77317810058594,113.77317810058594,568300
08/08/2023,113.03383241979932,113.25387959709155,110.66612935854364,111.78396606445312,111.78396606445312,516900
09/08/2023,111.67834787759476,112.49692369613177,111.115027606269,111.9952163696289,111.9952163696289,367500
10/08/2023,112.14485586216497,112.98103251837678,110.14682356780332,110.69254302978516,110.69254302978516,655800
11/08/2023,110.12923373195926,111.2206660494824,109.99720405851745,110.35807800292969,110.35807800292969,571300
14/08/2023,110.07640281489671,110.20843247032478,108.57128085975414,108.9937744140625,108.9937744140625,655500
15/08/2023,108.64169590352888,109.1522069818497,107.356621155392,107.5854721069336,107.5854721069336,619700
16/08/2023,107.49742651173509,108.28079379361344,106.27396494946187,106.749267578125,106.749267578125,642500
17/08/2023,106.65246748813884,107.47984704855666,105.93951676115326,106.00993347167969,106.00993347167969,431000
18/08/2023,105.58745487747856,106.59086964101233,105.34980683992923,106.46764373779297,106.46764373779297,399400
21/08/2023,106.22118196870552,106.40602080619826,104.38158393122696,105.27057647705078,105.27057647705078,536200
22/08/2023,105.84269509144927,106.55564581593207,105.05052388907555,106.45002746582031,106.45002746582031,467200
23/08/2023,107.31260573121352,109.09938773506215,106.52923831785434,109.0641860961914,109.0641860961914,603300
24/08/2023,108.96736649088076,111.17663534850867,108.70330718810668,109.80354309082031,109.80354309082031,737700
25/08/2023,110.34046570503158,110.34046570503158,108.97617041353128,109.10820007324219,109.10820007324219,704300
28/08/2023,109.62752078668655,109.93558553222553,108.15760034601576,108.58889770507812,108.58889770507812,467400
29/08/2023,108.63288915414417,108.92335304059276,107.85832550558824,108.62409210205078,108.62409210205078,556500
30/08/2023,109.12580146473748,109.40746158911762,108.42164779613358,108.92335510253906,108.92335510253906,398000
31/08/2023,108.8969411100994,109.37224378806076,107.5150451949421,107.75269317626953,107.75269317626953,866400
01/09/2023,108.41284458156058,108.80893354041079,107.13657360542646,107.35662078857422,107.35662078857422,514100
05/09/2023,106.58205413931816,107.44464208220612,105.34979524277445,106.34440612792969,106.34440612792969,456200
06/09/2023,106.30038540137365,106.36199834121487,104.63682931035405,105.20014953613281,105.20014953613281,685900
07/09/2023,105.18255653701911,106.02753693850892,104.7248613377857,104.74246215820312,104.74246215820312,943100
08/09/2023,104.98011296994179,105.88671305535794,104.12633549310965,104.59283447265625,104.59283447265625,825300
11/09/2023,104.63683649904713,106.67007708410722,104.31117095835853,106.30919647216797,106.30919647216797,760500
12/09/2023,106.44122884370856,108.20160639394582,106.05394363375798,107.9727554321289,107.9727554321289,781900
13/09/2023,108.23681475078746,109.46027661097777,107.40943515327757,107.9727554321289,107.9727554321289,815200
14/09/2023,108.91454060610893,111.8015582754402,108.69449344575982,111.30865478515625,111.30865478515625,779100
15/09/2023,110.71893887953179,111.27345535053729,109.55709004839625,110.6749267578125,110.6749267578125,1026900
18/09/2023,110.44609038210274,110.7013392172444,107.98155912731043,109.3106460571289,109.3106460571289,658600
19/09/2023,109.47787530896673,110.23483817811582,108.82653750829448,109.24903106689453,109.24903106689453,451000
20/09/2023,110.14682742667416,112.51453748050221,109.53949499732909,111.03582000732422,111.03582000732422,711200
21/09/2023,109.9443873637256,110.82457617279114,109.19622150377373,109.21382904052734,109.21382904052734,842700
22/09/2023,109.21382069922016,110.25244368320402,107.17178308676291,107.18058013916016,107.18058013916016,711400
25/09/2023,106.7933005466097,108.72090930474971,106.6436700737294,108.50086212158203,108.50086212158203,499100
26/09/2023,107.40061362816759,107.81430335852518,106.08913445036022,106.53803253173828,106.53803253173828,473500
27/09/2023,106.75808915025883,106.96933255979614,103.99429714562928,104.5752182006836,104.5752182006836,891600
28/09/2023,104.98331245813418,105.71076799134728,104.27361014285576,105.02767181396484,105.02767181396484,890000
29/09/2023,107.15679439496706,107.60036088881081,103.97198344965942,104.98331451416016,104.98331451416016,950400
02/10/2023,103.26227704228126,104.61958937691193,100.92911304510417,102.8098373413086,102.8098373413086,1404500
03/10/2023,101.77189374278969,102.36627119861437,100.45893399054,100.68959045410156,100.68959045410156,845000
04/10/2023,101.32831245687785,102.83643555358816,100.62747671222488,102.38400268554688,102.38400268554688,740900
05/10/2023,101.94931092164633,103.72357671604304,101.85172576149156,102.64127349853516,102.64127349853516,655600
06/10/2023,101.88721062581187,104.88572411285375,101.31944612011017,104.0873031616211,104.0873031616211,701400
09/10/2023,103.28887956392532,104.380055964033,102.85418635594787,103.99858856201172,103.99858856201172,773100
10/10/2023,102.06465452930654,103.72358891039795,99.87343493268804,100.59201049804688,100.59201049804688,2297200
11/10/2023,101.55897538759179,103.06709858083812,96.53780002282858,96.60877227783203,96.60877227783203,3514900
12/10/2023,96.28939680400805,96.75957611426135,93.47718739749524,93.62799835205078,93.62799835205078,2525500
13/10/2023,93.48605609153385,94.33770280436313,92.27068843440132,93.01587677001953,93.01587677001953,1525900
16/10/2023,93.49492647889483,94.03607803546748,92.00454308458238,92.65215301513672,92.65215301513672,1133900
17/10/2023,91.31258718822181,96.49343993476279,91.15290299982641,93.92962646484375,93.92962646484375,1686400
18/10/2023,93.5038055197701,94.91434352928586,92.02229525651744,94.08930969238281,94.08930969238281,1014000
19/10/2023,93.47718982512554,96.31601220695717,93.47718982512554,93.7255859375,93.7255859375,1880300
20/10/2023,94.12480540322902,95.27808095487903,93.58365375788573,93.76995086669922,93.76995086669922,1499900
23/10/2023,92.261821444791,93.66349304882188,91.96906596389464,92.4747314453125,92.4747314453125,907200
24/10/2023,92.55458151079297,93.99173254586741,92.49248247555256,93.2376708984375,93.2376708984375,684400
25/10/2023,92.6521545753236,93.68122513466369,91.14402470914209,91.34806823730469,91.34806823730469,714400
26/10/2023,93.58364347882497,95.93454691079259,92.04003419799805,95.51759338378906,95.51759338378906,2093200
27/10/2023,96.15632796498143,97.77090946269475,93.89413651616456,95.84583282470703,95.84583282470703,1732700
30/10/2023,96.74184238781466,97.96608331445098,95.19822631754535,97.33621978759766,97.33621978759766,1270300
31/10/2023,97.8241494324863,99.11049629744235,96.58216869154585,98.6846694946289,98.6846694946289,2144800
01/11/2023,98.60480717988216,101.07103515855701,98.37415076820956,100.68069458007812,100.68069458007812,1458200
02/11/2023,101.80737510556843,104.58409868979987,101.80737510556843,103.31549835205078,103.31549835205078,1347900
03/11/2023,104.93895070524951,107.422918744206,104.17601587595135,106.04786682128906,106.04786682128906,1333100
06/11/2023,105.53333803749821,106.12771550716852,103.86553047881084,105.43575286865234,105.43575286865234,795900
07/11/2023,105.3559068921785,105.55994367241036,103.4396965467887,104.02520751953125,104.02520751953125,476100
08/11/2023,104.5663617013405,104.57522815754209,103.00500583739026,103.83891296386719,103.83891296386719,516400
09/11/2023,104.229236452662,104.45101966473915,100.6452189333007,101.4791259765625,101.4791259765625,775800
10/11/2023,102.26868866434367,102.3396609270028,100.63636723290847,101.77189636230469,101.77189636230469,1349000
13/11/2023,101.30171058285568,101.60333252771814,100.57426185716065,101.04444122314453,101.04444122314453,488000
14/11/2023,103.5372846412282,107.98182256686567,103.5372846412282,106.92613220214844,106.92613220214844,865200
15/11/2023,106.65999985229755,108.53184419026285,106.65999985229755,107.57374572753906,107.57374572753906,742100
16/11/2023,108.02617305906521,110.03109536022872,107.63583917536813,109.08186340332031,109.08186340332031,948300
17/11/2023,109.83592197707243,110.16416358603986,108.0794026286087,108.85120391845703,108.85120391845703,609800
20/11/2023,108.41651945007204,110.08432699706653,107.83988166592219,109.6762466430664,109.6762466430664,582300
21/11/2023,109.32138618630609,110.42142904634483,108.86007330519244,109.48993682861328,109.48993682861328,457300
22/11/2023,110.98921214176102,111.26422121079096,109.23268579253231,109.99562072753906,109.99562072753906,355700
24/11/2023,109.61413243880686,111.08677621399853,109.61413243880686,110.6698226928711,110.6698226928711,198400
27/11/2023,110.66984633078812,112.18684301138433,110.23515303791606,111.35293579101562,111.35293579101562,913500
28/11/2023,110.70531837863653,112.18682873706643,110.3948232089487,111.90294647216797,111.90294647216797,771200
29/11/2023,112.99412534529483,114.17400701515635,112.13360530797263,113.55301666259766,113.55301666259766,860600
30/11/2023,113.198158507586,114.89257885433831,112.6303939839142,114.74176788330078,114.74176788330078,897300
01/12/2023,114.86595922545385,117.73140811714255,114.07641151943479,117.69591522216797,117.69591522216797,1555100
04/12/2023,117.29670367484877,117.77574944617804,115.98375087882346,117.64268493652344,117.64268493652344,822200
05/12/2023,117.15478049571367,117.15478049571367,115.30067579535744,116.5515365600586,116.5515365600586,681500
06/12/2023,116.92411307455863,117.58058272429115,115.13210091601898,115.17646026611328,115.17646026611328,865200
07/12/2023,115.21194518409901,115.8861748502937,114.45789034239938,114.78612518310547,114.78612518310547,474000
08/12/2023,113.86350522006882,114.47561550782642,112.61264466918249,113.23363494873047,113.23363494873047,660800
11/12/2023,112.48845337014656,114.29819851304609,112.48845337014656,114.22722625732422,114.22722625732422,438000
12/12/2023,114.10302732828738,114.36030344539894,112.8965328316033,113.54413604736328,113.54413604736328,567900
13/12/2023,113.64172681064211,117.77575572429376,113.0384694160479,117.1015396118164,117.1015396118164,848100
14/12/2023,119.1242053603559,121.93641504386996,118.76047762065068,120.84524536132812,120.84524536132812,1355000
15/12/2023,119.6298652960542,120.58795682229785,117.24347586226762,118.96451568603516,118.96451568603516,1334700
18/12/2023,119.62989241348214,120.6412235084944,118.89357038709792,119.3105239868164,119.3105239868164,722200
19/12/2023,119.7274707734952,120.21538307441892,119.2750242984626,119.4347152709961,119.4347152709961,652600
20/12/2023,119.78069361862762,119.86939879088263,116.46281154239337,116.6579818725586,116.6579818725586,684200
21/12/2023,117.58947837777482,118.15724293951133,115.89505114913582,117.71367645263672,117.71367645263672,725500
22/12/2023,118.60967634476084,119.22180026488309,117.55398593603697,118.13063049316406,118.13063049316406,516800
26/12/2023,118.1926857255775,118.84916879615875,117.87331741239889,118.37010955810547,118.37010955810547,426900
27/12/2023,118.34351421144615,119.77179861046514,117.99753294890479,119.47017669677734,119.47017669677734,504800
28/12/2023,119.61312001351007,120.75654536514635,118.86274968225602,120.7118911743164,120.7118911743164,501300
29/12/2023,119.69351875230741,120.29202935094128,119.30939187216666,119.38978576660156,119.38978576660156,530200
02/01/2024,119.22008007447026,121.37292733933211,118.76448737225398,121.0602798461914,121.0602798461914,563900
03/01/2024,119.96150017767764,120.12230159963414,117.41559806792343,117.81758117675781,117.81758117675781,603200
04/01/2024,117.59425764606758,119.40765935208894,117.45132607546866,118.39822387695312,118.39822387695312,577700
05/01/2024,117.71931322535231,119.16645781778114,116.22750081560199,117.96943664550781,117.96943664550781,601200
08/01/2024,117.96942350900113,120.55106494653731,117.96942350900113,120.12228393554688,120.12228393554688,825300
09/01/2024,119.27363629161759,120.90837989426763,118.6215162939691,120.65825653076172,120.65825653076172,708200
10/01/2024,121.49796237751896,122.03394886333238,120.7475922019422,121.44436645507812,121.44436645507812,1091000
11/01/2024,120.72081435092394,121.34612293473789,119.31833750084873,119.60418701171875,119.60418701171875,655100
12/01/2024,120.8011940951842,121.48011216153155,119.79177236768355,120.31881713867188,120.31881713867188,422800
16/01/2024,118.76446171702938,119.84536280273886,118.09448542269031,118.96991729736328,118.96991729736328,628300
17/01/2024,117.46027487039471,119.13967321830003,116.11138024177205,116.96001434326172,116.96001434326172,682700
18/01/2024,116.80815136963584,117.20120638598569,115.16447914735942,115.244873046875,115.244873046875,575500
19/01/2024,115.4949921741282,117.16547593121969,114.95007749103398,115.40567016601562,115.40567016601562,1034200
22/01/2024,115.08407945929793,115.53073038619233,112.41310200941572,115.05728149414062,115.05728149414062,2103000
23/01/2024,115.03941232024698,115.56645714572764,113.1902777445915,114.93222045898438,114.93222045898438,978300
24/01/2024,115.82552406093409,116.12924342621811,111.10888444918858,111.3679428100586,111.3679428100586,1004800
25/01/2024,112.466708728803,112.70789723909274,110.57290627833127,111.53767395019531,111.53767395019531,807200
26/01/2024,111.99325682557935,112.27911314863452,110.61757114107868,110.84089660644531,110.84089660644531,673100
29/01/2024,110.88555812744823,113.08307989906216,110.55504079898968,112.7614974975586,112.7614974975586,788800
30/01/2024,111.81459993287172,112.72577170984259,110.97490076069307,111.01956176757812,111.01956176757812,834700
31/01/2024,111.74311956614505,113.7619835546481,110.8676876134499,111.97537994384766,111.97537994384766,837800
01/02/2024,111.66273305798565,115.5843276977539,111.39473977250553,115.5843276977539,115.5843276977539,898700
02/02/2024,114.30689377613707,114.82500362354476,111.57339253834394,113.57438659667969,113.57438659667969,721800
05/02/2024,112.0915190389464,112.94908799635583,110.16198377326099,110.18878173828125,110.18878173828125,543500
06/02/2024,110.18878811246752,111.75206643903576,109.85827077096164,111.6448745727539,111.6448745727539,631600
07/02/2024,112.00219056537482,112.32377979689116,110.67117263320328,111.2160873413086,111.2160873413086,673500
08/02/2024,110.831945076366,112.23442851615542,110.68008541835057,111.5733871459961,111.5733871459961,647400
09/02/2024,111.7163276328887,112.27017723566036,111.07314920782547,112.10938262939453,112.10938262939453,523000
12/02/2024,112.35949811927637,112.97587853563748,111.8771143345614,112.47563171386719,112.47563171386719,631700
13/02/2024,110.27811096888793,111.75206038863557,109.08108975786465,111.51087188720703,111.51087188720703,791300
14/02/2024,111.81457480722808,113.86023656662388,111.44832464551773,113.32425689697266,113.32425689697266,981300
15/02/2024,114.34263114210222,115.28952887533514,114.11037076429629,114.62849426269531,114.62849426269531,1022800
16/02/2024,113.8691818443109,117.4781151285583,113.51185976027448,116.12923431396484,116.12923431396484,2102500
20/02/2024,115.63791906536802,117.37985490619081,115.32527160356629,116.8885498046875,116.8885498046875,1332500
21/02/2024,116.66522468986973,121.76597051645047,115.80764893379873,118.86273956298828,118.86273956298828,1603200
22/02/2024,119.24687607620764,119.27367404287216,116.48656283341452,117.11188507080078,117.11188507080078,963700
23/02/2024,117.37984638451623,118.70194280987413,116.58480835946467,117.37091827392578,117.37091827392578,820800
26/02/2024,117.19227350877236,118.37142487916994,116.55802318896045,117.335205078125,117.335205078125,1309000
27/02/2024,118.50542877903547,118.51435689063906,116.01310894045571,116.79029083251953,116.79029083251953,1306100
28/02/2024,117.02255520053843,119.13074834327256,115.9148558778456,117.29947662353516,117.29947662353516,1673400
29/02/2024,118.2017015871105,119.64884615191681,117.99623235749434,119.48804473876953,119.48804473876953,1014100
01/03/2024,119.0860639898568,119.57738271925261,116.9957409928318,118.57688903808594,118.57688903808594,806500
04/03/2024,118.54114974603004,119.17540004086648,116.74561798037017,118.03197479248047,118.03197479248047,1348900
05/03/2024,117.57640489916493,117.75507620376226,115.82554061204814,117.43348693847656,117.43348693847656,1551200
06/03/2024,118.01412778629752,118.29997733838101,115.62901308155651,117.43348693847656,117.43348693847656,1467900
07/03/2024,119.97045722434197,119.97045722434197,117.67466462009604,118.00519561767578,118.00519561767578,1099700
08/03/2024,119.87217170747887,120.3545486859312,118.66620881529224,119.30938720703125,119.30938720703125,619500
11/03/2024,119.33619999630083,119.74712487623607,118.56795980132192,119.0771484375,119.0771484375,553000
12/03/2024,118.21954960392745,120.1222866816688,117.42451159649565,119.61309814453125,119.61309814453125,872900
13/03/2024,119.20220504731186,120.52428801310559,119.20220504731186,119.54166412353516,119.54166412353516,618000
14/03/2024,119.23793433351592,119.60419138553809,115.8523261147472,117.11188507080078,117.11188507080078,703200
15/03/2024,115.76299520345069,117.74612660191009,115.75406709109939,117.01362609863281,117.01362609863281,1001500
18/03/2024,116.10245135429075,117.00468138427202,115.5843346062492,116.48656463623047,116.48656463623047,456500
19/03/2024,116.63843513501031,117.01362029574717,115.55753384304762,116.21858215332031,116.21858215332031,499200
20/03/2024,115.98631007358577,117.46026631900774,115.61112492857961,117.27266693115234,117.27266693115234,583000
21/03/2024,116.90639327834356,118.83592829039199,116.90639327834356,117.70143127441406,117.70143127441406,607600
22/03/2024,117.4513085271101,117.70143192293497,114.81607112993201,114.86966705322266,114.86966705322266,524400
25/03/2024,115.14658459658723,115.60217719087227,112.35055270680134,112.37735748291016,112.37735748291016,589900
26/03/2024,112.43990492490084,112.76149413215886,111.36793862892345,111.82352447509766,111.82352447509766,891900
27/03/2024,112.9666017916296,114.50570451134752,112.9666017916296,113.67765045166016,113.67765045166016,504600
28/03/2024,114.0556765244024,116.41383082287813,113.73165416986238,115.72978973388672,115.72978973388672,896100
01/04/2024,115.45977137942076,115.56777425538704,112.4895755527531,112.90360260009766,112.90360260009766,583400
02/04/2024,111.50849516921372,112.78657943543546,110.59943213843158,110.97746276855469,110.97746276855469,806400
03/04/2024,110.54544112244186,111.6075128907564,109.64538053461318,110.5274429321289,110.5274429321289,543900
04/04/2024,111.43649861636369,112.45357147027781,110.05040449410878,110.62644958496094,110.62644958496094,484900
05/04/2024,110.03240585784576,111.33749095151956,109.83439143162386,110.64444732666016,110.64444732666016,412600
08/04/2024,111.28348718038018,113.60564507514614,110.95946482916086,113.4796371459961,113.4796371459961,577700
09/04/2024,113.65064677743675,115.64878923703019,113.36262766559533,115.38776397705078,115.38776397705078,569200
10/04/2024,112.19255515932191,112.44457102860599,110.05940906530886,111.40049743652344,111.40049743652344,525000
11/04/2024,112.32756511295935,112.39056907999445,109.96040135096005,110.36543273925781,110.36543273925781,541100
12/04/2024,110.5184367994195,110.76145012876476,108.20528143881032,108.61930847167969,108.61930847167969,460200
15/04/2024,109.07834253671312,109.42036308078708,107.39522680086775,108.38529205322266,108.38529205322266,506200
16/04/2024,107.80026273161026,108.07028367764198,106.60318726706166,106.63018798828125,106.63018798828125,399100
17/04/2024,106.44116960315208,108.00727314095909,106.20715192194311,106.4771728515625,106.4771728515625,440500
18/04/2024,106.85518284626617,107.40422029644508,105.71210217448392,106.17113494873047,106.17113494873047,545100
19/04/2024,106.81018662016264,106.97219779808597,105.61310440922448,105.92813110351562,105.92813110351562,660000
22/04/2024,106.2701481183035,106.79218488170133,105.28008289363254,106.4681625366211,106.4681625366211,642900
23/04/2024,106.85518667749866,108.40329187994122,106.6391740741327,108.04326629638672,108.04326629638672,601500
24/04/2024,107.39522795583275,109.53736966065011,106.89119622926802,108.27729034423828,108.27729034423828,642700
25/04/2024,107.63824863647342,107.63824863647342,106.32416092616467,107.03520965576172,107.03520965576172,418600
26/04/2024,107.55723061311807,108.11527059968618,106.92719100482883,107.17920684814453,107.17920684814453,394600
29/04/2024,108.33129117583252,109.08733876145239,107.37722916533586,108.28628540039062,108.28628540039062,888800
30/04/2024,103.50697128045599,105.10007555611145,99.8887306101829,100.19474792480469,100.19474792480469,2074700
01/05/2024,100.48275873709056,103.20994109089123,100.35675081009045,101.50882720947266,101.50882720947266,1531900
02/05/2024,102.62490161439483,105.27108184749821,100.7347758194283,104.98306274414062,104.98306274414062,1099600
03/05/2024,106.6841655554937,107.4492155754798,105.07305650307416,105.57709503173828,105.57709503173828,697900
06/05/2024,105.8741190532241,106.41416087180392,103.33594860018347,104.10100555419922,104.10100555419922,1000400
07/05/2024,104.74903830279978,105.54109593599988,103.8579803323663,104.85704803466797,104.85704803466797,710100
08/05/2024,104.00199976952506,105.9551295237963,103.71398066689943,105.05506896972656,105.05506896972656,850400
09/05/2024,105.40610980012697,106.23416400135967,104.6140588511546,105.9011459350586,105.9011459350586,623300
10/05/2024,105.60410957444915,105.93712759445857,104.82105439720289,105.75711822509766,105.75711822509766,623400
13/05/2024,105.93713396535915,106.43217006124831,104.89306719982613,105.99114227294922,105.99114227294922,688900
14/05/2024,106.85519382147028,107.66524972189625,105.23508202061832,105.70311737060547,105.70311737060547,468300
15/05/2024,107.36823004857455,107.98927406143733,106.35116404029148,106.55817413330078,106.55817413330078,467700
16/05/2024,106.81018427824307,109.19534611934961,106.00012840638766,108.71831512451172,108.71831512451172,682000
17/05/2024,108.58330374367625,110.32942340070903,108.16027418825763,110.10440826416016,110.10440826416016,943100
20/05/2024,109.70837924537368,110.59044160063316,109.6813785277391,110.05039978027344,110.05039978027344,538800
21/05/2024,109.52836783216385,110.54543375655062,108.93432458765903,110.45542907714844,110.45542907714844,534700
22/05/2024,110.25742367146513,110.7614554108354,109.59138074916622,110.18541717529297,110.18541717529297,430500
23/05/2024,110.28442538430751,110.28442538430751,106.39616382590968,106.4771728515625,106.4771728515625,680100
24/05/2024,107.2692146801977,107.70124675781375,105.38808459398274,105.44209289550781,105.44209289550781,535400
28/05/2024,105.66710584651061,106.612165267219,104.46102118547546,104.57803344726562,104.57803344726562,503600
29/05/2024,103.12895475283845,104.27202879932145,102.52591574301609,103.85800170898438,103.85800170898438,523700
30/05/2024,104.65004642430698,106.40516877288462,104.32603091508469,106.09014892578125,106.09014892578125,428200
31/05/2024,106.74718049350017,107.0351995965419,105.33408569624594,106.1981430053711,106.1981430053711,1172800
03/06/2024,106.027135564176,107.06219970340995,104.79405013826711,105.07306671142578,105.07306671142578,639200
04/06/2024,105.26206943950098,107.05319472272035,104.92905145973222,106.54915618896484,106.54915618896484,819100
05/06/2024,106.43216548027617,106.89119830698716,105.30708973524153,106.64817810058594,106.64817810058594,471000
06/06/2024,105.96412045873504,107.56622697098892,105.59509237582093,106.87317657470703,106.87317657470703,388600
07/06/2024,105.51409328633999,105.65809939260886,103.88497914503378,103.96598815917969,103.96598815917969,584400
10/06/2024,103.92999222034389,104.03799509090713,102.34588373855213,102.81391906738281,102.81391906738281,1069100
11/06/2024,102.62490213857483,103.72297712164591,102.300886654195,102.5259017944336,102.5259017944336,734100
12/06/2024,104.95604757223833,106.38714036364442,104.23599647954693,104.8120346069336,104.8120346069336,829400
13/06/2024,105.46910051190979,105.46910051190979,103.66897932677182,104.26301574707031,104.26301574707031,674300
14/06/2024,103.82198380240989,105.12707572927796,102.84991675348411,104.98306274414062,104.98306274414062,420100
17/06/2024,103.94799624755126,104.93806152917962,103.66897966037058,104.3260269165039,104.3260269165039,439500
18/06/2024,104.49702527315564,105.34308436159182,103.71397701352514,104.4520263671875,104.4520263671875,1043200
20/06/2024,104.28101457571744,104.47902899296204,103.42595981061605,104.03799438476562,104.03799438476562,700100
21/06/2024,104.38001866410266,106.41415734374024,104.0379912747528,105.77510833740234,105.77510833740234,877400
24/06/2024,105.91912233908286,108.54729741117976,105.48709026775066,108.0972671508789,108.0972671508789,1055200
25/06/2024,107.72825962394316,107.72825962394316,105.47810803595482,107.13421630859375,107.13421630859375,548400
26/06/2024,106.18915343972895,107.35922810872724,105.87412673373186,106.5041732788086,106.5041732788086,443500
27/06/2024,106.65717935190688,108.0702741960698,105.98213391297077,108.06127166748047,108.06127166748047,441800
28/06/2024,108.73256487479905,109.83023134635677,107.40810763834665,109.16799926757812,109.16799926757812,1560800
01/07/2024,108.51485628134672,109.31315734546669,106.73681737414398,107.73469543457031,107.73469543457031,567900
02/07/2024,108.3334236902079,108.3334236902079,106.70960079152265,107.11782836914062,107.11782836914062,898700
03/07/2024,107.5441893293933,108.0249846697373,106.8003158569336,106.8003158569336,106.8003158569336,212000
05/07/2024,106.94546794887333,107.90705871582031,106.0201645400704,107.90705871582031,107.90705871582031,352800
08/07/2024,108.34249427111548,109.28594476885104,106.48280706251371,106.55538177490234,106.55538177490234,510400
09/07/2024,106.41024026337594,107.44440570068684,106.41024026337594,107.15411376953125,107.15411376953125,440800
10/07/2024,107.2085320109909,108.18826978876685,106.22879423321493,107.61675262451172,107.61675262451172,435000
11/07/2024,108.40598992330924,112.06185609117037,108.40598992330924,110.92790222167969,110.92790222167969,664700
12/07/2024,111.71713937346604,113.29560126098315,111.39056009727555,112.0346450805664,112.0346450805664,699100
15/07/2024,112.0165022268286,113.21395723763938,111.34519655206874,113.13230895996094,113.13230895996094,536300
16/07/2024,113.5677480809812,115.50907651645907,113.35909752751355,115.00106048583984,115.00106048583984,630800
17/07/2024,115.20972506554344,117.28712267890802,115.1462239191232,116.75189971923828,116.75189971923828,393800
18/07/2024,116.42530617520171,117.5683405131521,114.26626053992054,114.42955017089844,114.42955017089844,570900
19/07/2024,114.18462637357455,115.12807686516429,113.82175973510073,115.11900329589844,115.11900329589844,562200
22/07/2024,115.11900255282902,115.91730361543418,114.09390378667436,114.5474853515625,114.5474853515625,577500
23/07/2024,114.53841749429019,114.73799448811093,112.02557177551876,112.06185913085938,112.06185913085938,648000
24/07/2024,112.37937354747756,113.02345858219948,110.71927016890398,111.02770233154297,111.02770233154297,347800
25/07/2024,111.10026436269997,112.82387561207257,110.71925752725801,110.81904602050781,110.81904602050781,495700
26/07/2024,111.78065082442178,114.55656800695854,110.84627383401788,113.31375885009766,113.31375885009766,450900
29/07/2024,113.39539092492605,114.44770347483995,112.1162875931623,113.94876098632812,113.94876098632812,483700
30/07/2024,114.47491967740324,115.42743682861328,113.3500323924901,115.42743682861328,115.42743682861328,483300
31/07/2024,115.5453742131122,116.73374881718509,114.56563633897285,114.96479034423828,114.96479034423828,643300
01/08/2024,114.85592021936971,121.16070097258063,113.8217548428877,120.83412170410156,120.83412170410156,1126800
02/08/2024,120.77969182885543,123.564689126672,119.60037705727908,123.0203857421875,123.0203857421875,1050000
05/08/2024,120.90669975472889,121.49635024695901,118.07635524448715,118.10356903076172,118.10356903076172,859400
06/08/2024,117.77699730581203,120.58919485813519,117.56835365025724,119.07423400878906,119.07423400878906,530600
07/08/2024,118.95630576721162,120.28983667681852,116.84261401145517,116.92425537109375,116.92425537109375,472500
08/08/2024,116.70652854123485,117.9312042763737,116.06245048490179,117.45040893554688,117.45040893554688,560600
09/08/2024,117.9221523221994,118.57531095003243,117.12384425657852,118.36665344238281,118.36665344238281,718400
12/08/2024,118.22151177781845,118.46643586902329,117.10569110459468,118.04914855957031,118.04914855957031,480300
13/08/2024,118.92000047880626,119.26472686608551,117.97655700073881,118.19426727294922,118.19426727294922,314300
14/08/2024,118.16708370912615,119.74555279737923,117.74071586072813,119.65483093261719,119.65483093261719,744400
15/08/2024,119.7908819246117,120.55289555432681,118.10355812040855,118.40292358398438,118.40292358398438,492800
16/08/2024,118.42107132730116,119.51874482767663,117.53205531749505,119.29195404052734,119.29195404052734,501800
19/08/2024,119.64575227599049,120.23540281113014,119.01980746170307,119.84532928466797,119.84532928466797,317000
20/08/2024,120.04491834043826,120.04491834043826,119.18311599405125,119.65483093261719,119.65483093261719,275500
21/08/2024,119.65481262266745,120.01768618397449,119.04701497996552,119.98139190673828,119.98139190673828,327000
22/08/2024,119.70018142068771,120.18097680910643,118.93816765514241,120.00861358642578,120.00861358642578,326400
23/08/2024,120.18097068831419,121.1970028328402,119.6276006110439,120.6617660522461,120.6617660522461,662400
26/08/2024,121.55078891222026,122.53052672257535,120.91576366761592,121.0609130859375,121.0609130859375,437000
27/08/2024,120.08118061481166,121.30585639276148,119.82717604256014,120.49848175048828,120.49848175048828,488200
28/08/2024,120.7161970986289,121.08812343949684,119.6366708240519,120.21725463867188,120.21725463867188,729000
29/08/2024,120.17190033600045,120.79784510731604,119.53688891662621,120.58918762207031,120.58918762207031,532900
30/08/2024,121.37839848352453,122.79357038921628,120.95203081421904,122.6847152709961,122.6847152709961,1275400
03/09/2024,121.98621959573212,123.41045842311735,121.19699215132789,122.9387435913086,122.9387435913086,690900
04/09/2024,123.39235325237192,125.98684078751126,123.39235325237192,123.66450500488281,123.66450500488281,1348700
05/09/2024,124.59889767883698,125.33369781308137,123.7461618738865,124.68960571289062,124.68960571289062,1210600
06/09/2024,124.59885661663631,128.20029521062847,124.27227734879638,128.1095733642578,128.1095733642578,1502500
09/09/2024,127.5199124419463,128.20935135436343,126.30430347434012,127.00282287597656,127.00282287597656,1133600
10/09/2024,127.61064765439329,128.66296030478134,126.70348444037852,128.2728729248047,128.2728729248047,781900
11/09/2024,126.46761157372006,128.66294462299732,125.92330817476751,128.5631561279297,128.5631561279297,749700
12/09/2024,128.1095657422749,131.3753582263732,127.66505086904195,131.17578125,131.17578125,843700
13/09/2024,131.72009748587413,134.105941196848,131.34815724153748,133.879150390625,133.879150390625,933100
16/09/2024,132.77240217680276,133.80656763739654,131.82895857013585,132.3641815185547,132.3641815185547,567600
17/09/2024,132.15550176046037,133.3438969409788,130.46819183623552,131.3027801513672,131.3027801513672,810300
18/09/2024,131.5386496456871,132.56374837932978,129.16188675056202,129.82411193847656,129.82411193847656,595400
19/09/2024,130.98529403704302,131.98317909501517,129.57012165825486,131.20301818847656,131.20301818847656,1209300
20/09/2024,130.62242685185763,131.19393022321722,126.63998118008996,127.61970520019531,127.61970520019531,3329500
23/09/2024,128.3091402030875,128.7627217146413,126.53109458722462,127.20240020751953,127.20240020751953,1412700
24/09/2024,126.2226665399172,127.4291950605087,125.66022987701352,126.18638610839844,126.18638610839844,1054900
25/09/2024,125.96866344287604,126.12287950247313,121.13348265751755,124.7167739868164,124.7167739868164,3955700
26/09/2024,124.80749514665787,125.07056634283381,122.24928867953507,123.02944946289062,123.02944946289062,1350600
27/09/2024,124.54444557206511,124.54444557206511,122.9206293268818,123.35606384277344,123.35606384277344,1389700
30/09/2024,123.10939277613119,123.7031477020612,122.47909093682992,123.45650482177734,123.45650482177734,1053500
01/10/2024,124.1142471796016,124.1416504035844,120.97188073627552,122.16854858398438,122.16854858398438,1225100
02/10/2024,121.03581498095717,122.25074219263921,120.32330337389038,121.62957000732422,121.62957000732422,742800
03/10/2024,121.59301873292816,122.0588873479011,119.37326064597346,119.72953033447266,119.72953033447266,722100
04/10/2024,118.91653802460586,119.83001586079511,117.9665272079379,118.54202270507812,118.54202270507812,947800
07/10/2024,118.03960525712901,118.98961605890506,115.67369407445867,116.55976867675781,116.55976867675781,1094500
08/10/2024,116.92515056586709,117.20832643472353,113.22556293603112,114.25779724121094,114.25779724121094,1111800
09/10/2024,113.73712605633493,116.09389355054611,113.54529654920627,115.72850799560547,115.72850799560547,1041400
10/10/2024,116.23090921422653,118.23142078643743,115.86551671327915,117.72901916503906,117.72901916503906,1335300
11/10/2024,118.49633234036233,118.75210498987077,117.58285460967102,118.56941223144531,118.56941223144531,1165200
14/10/2024,118.21316599844099,119.03529044687605,117.35449463223785,118.98048400878906,118.98048400878906,1232200
15/10/2024,119.17231066191026,122.72573847028511,119.17231066191026,122.14111328125,122.14111328125,952000
16/10/2024,122.16852350246934,124.48875093425968,122.16852350246934,124.29692840576172,124.29692840576172,698000
17/10/2024,124.58925904072682,125.93207276384402,124.26040641591102,125.67630004882812,125.67630004882812,1292300
18/10/2024,125.22867201563777,126.07821364319165,124.25125798835332,124.40654754638672,124.40654754638672,923300
21/10/2024,123.33778349964795,123.78537872651769,121.99496994190702,122.36949920654297,122.36949920654297,733200
22/10/2024,122.1136935211396,124.42480494976088,121.59301847475345,123.63921356201172,123.63921356201172,979400
23/10/2024,123.59355447627011,127.13783901542611,122.98152599641216,127.01909637451172,127.01909637451172,911400
24/10/2024,126.94600081371655,128.33449086130773,125.63059065690007,125.94116973876953,125.94116973876953,824900
25/10/2024,126.72677910078632,126.72677910078632,122.30554962158203,122.30554962158203,122.30554962158203,815500
28/10/2024,122.62526584373147,122.62526584373147,116.78813624458708,120.53339385986328,120.53339385986328,1916900
29/10/2024,120.19540073791785,120.83483235775714,118.59681471903764,119.89395141601562,119.89395141601562,738000
30/10/2024,120.21367158993742,121.69350101214653,120.19539813303406,121.39205169677734,121.39205169677734,712200
31/10/2024,120.13148118054715,123.67578011621315,119.4737759360201,121.20024871826172,121.20024871826172,836100
01/11/2024,121.74830823775301,122.6161092757095,118.72469924374933,119.0352783203125,119.0352783203125,722500
04/11/2024,119.21798478889862,120.56079829396138,118.40499008992421,119.00788879394531,119.00788879394531,562800
05/11/2024,118.15834997792868,121.70263409291515,117.63766098119896,121.6935043334961,121.6935043334961,605500
06/11/2024,121.20936670262165,122.2872637733398,117.82950176444662,120.35982513427734,120.35982513427734,1407900
07/11/2024,108.89569067894747,113.2438470772273,108.70386117201666,112.5587387084961,112.5587387084961,4749600
08/11/2024,112.7688445898771,114.97032968628736,111.20679820856712,114.47705078125,114.47705078125,1432600
11/11/2024,114.58664924158367,117.20832587916055,113.88326748324693,116.12129211425781,116.12129211425781,1048900
12/11/2024,114.07511263365843,114.74195453785995,112.83278218667044,113.42654418945312,113.42654418945312,1245100
13/11/2024,114.55011664383386,115.29916815537342,112.79624095378259,114.99771881103516,114.99771881103516,1052800
14/11/2024,114.40396313279159,114.90637873427274,113.01547987758993,113.35346221923828,113.35346221923828,901300
15/11/2024,113.24384600918196,115.07993837146385,112.50393120810115,114.33088684082031,114.33088684082031,863400
18/11/2024,114.32174546423572,114.6231948040087,113.3260510608504,114.43135833740234,114.43135833740234,531100
19/11/2024,114.60492515054504,115.97514186487861,113.60010095389029,115.65542602539062,115.65542602539062,793200
20/11/2024,115.09821005319246,116.06649435204083,114.33089199809368,115.3357162475586,115.3357162475586,861300
21/11/2024,114.94291188940304,117.53718546551471,114.89723521222936,117.4001693725586,117.4001693725586,761600
22/11/2024,118.1492128556615,118.1492128556615,115.96600151649626,116.43187713623047,116.43187713623047,559200
25/11/2024,117.03476714088497,119.04442938073674,116.906887780228,117.72901916503906,117.72901916503906,750600
26/11/2024,117.63766382530311,117.97564613331122,115.17127668182287,116.03907775878906,116.03907775878906,1081300
27/11/2024,117.15353064837511,118.43239402349651,115.856393814019,117.43670654296875,117.43670654296875,512600
29/11/2024,117.46410535570853,117.81123137531802,115.10733796048599,115.39965057373047,115.39965057373047,640300
02/12/2024,115.03426720088854,116.09389789457485,114.02944294863755,116.01168823242188,116.01168823242188,822600
03/12/2024,116.40446919245721,116.6967817917553,115.36310512187767,116.0573501586914,116.0573501586914,820700
04/12/2024,115.5001432076971,116.13043819394446,114.76935812971168,116.10303497314453,116.10303497314453,707600
05/12/2024,115.44531421779945,116.05734959996511,114.79674585901925,115.42704772949219,115.42704772949219,850700
06/12/2024,116.08476170005913,116.35880086133054,113.21644193586634,113.90155029296875,113.90155029296875,867100
09/12/2024,113.0794104318181,114.35828066349427,112.42170534299711,113.76451873779297,113.76451873779297,843300
10/12/2024,114.37655376776871,114.87896934225789,111.25246138444281,112.21160888671875,112.21160888671875,834300
11/12/2024,112.10199280510182,113.06114027994148,110.05580455616158,110.69523620605469,110.69523620605469,860500
12/12/2024,111.44429569601816,114.0203029079253,111.17938628796779,112.54046630859375,112.54046630859375,901600
13/12/2024,111.71833699740696,111.91929625789597,110.64956268173886,111.62698364257812,111.62698364257812,472500
16/12/2024,111.02408692723422,113.07941187132317,110.7043711075657,112.03804779052734,112.03804779052734,848100
17/12/2024,111.27986044501966,113.49961168060274,111.25245722730467,112.1750717163086,112.1750717163086,801400
18/12/2024,112.0837251291157,113.29865229587054,109.89138394822244,109.99186706542969,109.99186706542969,1346100
19/12/2024,109.61734408486782,112.35777768698952,109.44378105989621,109.51686096191406,109.51686096191406,1545900
20/12/2024,110.56735439317674,114.01116265277777,110.13801870958751,112.97893524169922,112.97893524169922,2222500
23/12/2024,112.31209147457226,113.44480895187192,111.4168871433156,113.15249633789062,113.15249633789062,792700
24/12/2024,112.7688445898771,114.47705078125,112.66836146277967,114.47705078125,114.47705078125,247100
26/12/2024,113.92895230023116,114.56838397234498,113.60009973477761,113.96549224853516,113.96549224853516,471700
27/12/2024,112.99719581912986,114.35828269573734,112.94238938384818,112.96066284179688,112.96066284179688,775300
30/12/2024,112.36690783700149,112.5039309029403,110.67697527517666,112.08372497558594,112.08372497558594,659300
31/12/2024,113.0778974106818,113.64862851669307,111.98247152918168,113.19757080078125,113.19757080078125,843200
02/01/2025,112.75571878037118,114.52314173432589,112.47035672510955,112.6728744506836,112.6728744506836,754400
03/01/2025,112.73730221500547,115.23193749501995,112.40591087670009,114.8084945678711,114.8084945678711,542600
06/01/2025,114.2745922752362,115.13989271230373,112.94902684365812,112.99505615234375,112.99505615234375,903700
07/01/2025,113.88796966357279,114.94658053974568,111.59585199162524,112.30465698242188,112.30465698242188,961900
08/01/2025,112.2678381461482,113.21598292404984,111.66029199713086,112.893798828125,112.893798828125,907500
10/01/2025,111.18160954512804,113.21597995238331,109.87445866277899,110.95147705078125,110.95147705078125,1003700
13/01/2025,111.27366399416634,112.70969557144582,110.8226062601341,112.49797058105469,112.49797058105469,1011600
14/01/2025,112.27703141139628,112.93981405355474,111.00669567289732,111.60504150390625,111.60504150390625,1142500
15/01/2025,114.24697181929791,114.24697181929791,110.51882273987835,111.08955383300781,111.08955383300781,1430200
16/01/2025,111.51299955896778,113.98922741577418,111.3380966179781,113.8787612915039,113.8787612915039,674200
17/01/2025,114.35744339550838,116.41022133395509,113.40929160933712,115.87631225585938,115.87631225585938,789100
21/01/2025,115.84869862490162,118.73916927440254,115.77505453965992,117.86465454101562,117.86465454101562,738100
22/01/2025,116.75081743743515,116.75081743743515,114.50472206985025,115.17671203613281,115.17671203613281,722400
23/01/2025,115.35160843349881,116.30896044623263,113.30803077392144,116.14326477050781,116.14326477050781,958900
24/01/2025,115.756641670187,118.14081087903233,115.43445759103035,117.2571029663086,117.2571029663086,522800
27/01/2025,118.19603877568552,121.04048696773852,117.89227625586479,120.74591064453125,120.74591064453125,661700
28/01/2025,119.42034744448335,120.72749829849346,115.82107896293635,117.0914077758789,117.0914077758789,1303800
29/01/2025,117.09139816169586,118.002727801346,114.02603899269067,114.36663055419922,114.36663055419922,605300
30/01/2025,115.92234144116787,116.66796848258984,114.5323391955647,115.98677825927734,115.98677825927734,547300
31/01/2025,115.91312769548084,117.75418756493798,114.73485050272204,116.44703674316406,116.44703674316406,627000
03/02/2025,114.85451177546838,117.49643509935788,113.31722853814613,116.52067565917969,116.52067565917969,643500
04/02/2025,115.44366212699323,116.97173816189395,114.79928696083208,116.50226593017578,116.50226593017578,607100
05/02/2025,117.48724004966225,117.81863140778019,116.18008914991175,116.32737731933594,116.32737731933594,969300
06/02/2025,117.17426357712635,117.50565493624225,114.26538543001715,115.37002563476562,115.37002563476562,956000
07/02/2025,115.4436647893113,116.2905506606223,114.17332895925858,115.22273254394531,115.22273254394531,540900
10/02/2025,115.52651097557197,116.4654484527055,114.19174533130386,115.57254028320312,115.57254028320312,499200
11/02/2025,114.6612022709162,116.29974437171333,114.6612022709162,116.18928527832031,116.18928527832031,573200
12/02/2025,114.4218677117194,115.35159784054831,114.05365435246836,115.10305786132812,115.10305786132812,525700
13/02/2025,115.42524643806743,116.80604132202845,114.98339600812804,116.54829406738281,116.54829406738281,463700
14/02/2025,117.4596211030187,117.82783449041851,114.95577849640352,115.05703735351562,115.05703735351562,636500
18/02/2025,114.78088330875559,116.60352870216867,114.55075081805592,116.07882690429688,116.07882690429688,470900
19/02/2025,116.10644379425183,116.49307172321488,114.40346473667343,115.07545471191406,115.07545471191406,574800
20/02/2025,115.06624634755985,117.03617992318317,114.46790046193527,116.6495590209961,116.6495590209961,612000
21/02/2025,116.72319843805792,118.05796403309633,115.46206990019262,116.05120849609375,116.05120849609375,571800
24/02/2025,120.58943133647215,125.04479321476862,118.49982428038493,123.5811538696289,123.5811538696289,2130900
25/02/2025,123.59954005511914,125.87324978253518,123.5258959856525,124.21629333496094,124.21629333496094,1637400
26/02/2025,124.27153178331587,124.8514700930794,123.05642561927245,123.3233871459961,123.3233871459961,940300
27/02/2025,122.8907420472114,125.36696973360259,121.76769444188773,122.62379455566406,122.62379455566406,852000
28/02/2025,124.02300349888102,126.44400190403763,122.78949666467331,125.33015441894531,125.33015441894531,1468800
03/03/2025,125.03557350318306,125.7167706612922,122.93676653040156,125.58788299560547,125.58788299560547,1149200
04/03/2025,126.04814583675972,126.82140158718946,121.89656126268716,122.12669372558594,122.12669372558594,957300
05/03/2025,121.17855951980678,123.63637274932246,120.19359979793224,123.2773666381836,123.2773666381836,989500
06/03/2025,122.55015645481978,122.78028894178749,119.6320782056099,120.92081451416016,120.92081451416016,907300
07/03/2025,122.60538632741154,124.22551398331179,121.6664418451806,123.01042175292969,123.01042175292969,1227300
10/03/2025,123.65478237740452,124.72260042579202,120.18438074323086,121.15093994140625,121.15093994140625,921100
11/03/2025,120.70910317843432,121.65724795304115,118.78518480679091,119.44796752929688,119.44796752929688,803600
12/03/2025,118.61949754349862,119.29148051726426,117.26631730632481,117.9291000366211,117.9291000366211,583400
13/03/2025,117.82784473860579,119.8898370781539,114.82691485145511,115.6369857788086,115.6369857788086,548500
14/03/2025,116.3089537892715,118.06716228147201,115.77504475104028,117.95670318603516,117.95670318603516,860300
17/03/2025,117.3767609343253,121.67562654441899,117.10980644007142,121.5467529296875,121.5467529296875,969900
18/03/2025,120.74591216076549,123.0656515735496,120.49736514070982,122.28319549560547,122.28319549560547,831300
19/03/2025,122.1451139127148,122.46729094799228,120.41451321678827,121.15093994140625,121.15093994140625,883100
20/03/2025,121.8597664298495,122.79869692072762,120.45135664735916,121.14175415039062,121.14175415039062,857300
21/03/2025,121.5099666177573,122.03467548849744,120.22123016603851,120.5710220336914,120.5710220336914,1167200
24/03/2025,120.60784308075853,121.6940617255169,118.84042718757973,120.00028991699219,120.00028991699219,616900
25/03/2025,120.15676506062918,120.2764384407481,117.13742815410318,117.98431396484375,117.98431396484375,665200
26/03/2025,118.77598864912389,119.87142163222934,117.94751724057993,119.5860595703125,119.5860595703125,566700
27/03/2025,119.6965159686868,121.02208142927937,116.91651843115137,117.9291000366211,117.9291000366211,944400
28/03/2025,118.94169514082576,120.00029909053653,117.94752099125462,119.89904022216797,119.89904022216797,952400
31/03/2025,120.02882581096353,121.23421664550752,118.81416785437736,119.27777862548828,119.27777862548828,1136000
01/04/2025,120.08446214766833,120.52025742363759,118.58236771032325,119.12942504882812,119.12942504882812,690400
02/04/2025,119.51885349139438,119.87120221184006,118.32274390356922,119.54666900634766,119.54666900634766,389800
03/04/2025,118.90690437435094,121.79056414773547,118.90690437435094,120.60372161865234,120.60372161865234,833600
04/04/2025,119.6857649336878,121.24349041890312,115.18874162203531,115.25364685058594,115.25364685058594,761200
07/04/2025,112.31435058490966,115.27218977169053,108.99490261186962,110.5526351928711,110.5526351928711,859200
08/04/2025,114.95693152990526,115.9026944036176,105.46217771098078,106.27813720703125,106.27813720703125,1151700
09/04/2025,104.76676358588237,112.9541317758737,101.27114136718016,112.573974609375,112.573974609375,1389500
10/04/2025,111.15532525768509,112.97267878396832,107.09409710882008,110.22810363769531,110.22810363769531,754200
11/04/2025,109.41215320395663,111.84147644042969,107.20536825382136,111.84147644042969,111.84147644042969,588200
14/04/2025,112.036187217936,114.69730867279921,111.33149682374233,114.21515655517578,114.21515655517578,431600
15/04/2025,114.23370233698516,114.7065873504958,112.72233362213628,113.56610870361328,113.56610870361328,547100
16/04/2025,113.31574232185471,114.5304002623172,111.70237884056378,112.84285736083984,112.84285736083984,604500
17/04/2025,113.11176112898,114.98475272458016,113.11176112898,114.335693359375,114.335693359375,418600
21/04/2025,113.0468508599241,113.84426196719083,111.15531802925459,112.33289337158203,112.33289337158203,415500
22/04/2025,112.84287486482961,113.7422810202224,111.2944163674729,112.51834869384766,112.51834869384766,682900
23/04/2025,113.05613314180604,114.68804518433467,112.2772632974089,113.18594360351562,113.18594360351562,653800
24/04/2025,113.40846771672997,114.56749467671337,112.41634092194977,113.30647277832031,113.30647277832031,614600
25/04/2025,113.77008151095593,114.23369228659006,112.31434395843038,113.41773986816406,113.41773986816406,547900
28/04/2025,113.75153933533238,114.90129206948164,112.34216570064673,114.2893295288086,114.2893295288086,619600
29/04/2025,114.48404780070958,114.90129467544351,113.1488464829384,114.29859924316406,114.29859924316406,393200
30/04/2025,114.53041617910847,115.74508136251714,112.70379545360171,115.37419128417969,115.37419128417969,652200
01/05/2025,115.90270222634595,121.5123958437569,115.16092210244152,120.89115905761719,120.89115905761719,1344200
02/05/2025,121.88326573218544,123.49663626715991,120.98385972771018,122.62504577636719,122.62504577636719,805400
05/05/2025,122.66214685318268,123.0608595230383,120.44608765754883,120.90969848632812,120.90969848632812,1054600
06/05/2025,121.08586014332388,121.08586014332388,115.08674259148363,115.59671020507812,115.59671020507812,1199300
07/05/2025,114.7900326033947,116.14377523971335,113.97407309855559,115.55035400390625,115.55035400390625,1196700
08/05/2025,115.79143717862183,116.77429693865918,114.20588900501474,114.5675048828125,114.5675048828125,1025200
09/05/2025,114.83639625821282,116.60739294855563,114.34496993132092,116.3292236328125,116.3292236328125,385600
12/05/2025,117.67370156743621,117.67370156743621,114.5304137039163,115.95833587646484,115.95833587646484,707200
13/05/2025,116.51466878311777,116.62593084683924,113.49192440888946,115.25364685058594,115.25364685058594,857500
14/05/2025,113.51000020153487,114.96623597442745,112.22620676562174,113.64412689208984,113.64412689208984,988400
15/05/2025,114.20936166779309,116.13504795831236,113.58662649520814,116.1254653930664,116.1254653930664,645400
16/05/2025,115.96260082284364,118.31940757845784,114.20936412229398,118.09905242919922,118.09905242919922,576300
19/05/2025,117.00687983095342,118.50144581532709,116.85359532268924,118.23319244384766,118.23319244384766,390800
20/05/2025,117.49547878272485,119.37325953932891,117.49547878272485,118.91339874267578,118.91339874267578,487800
21/05/2025,118.33855894016975,118.52059112703989,115.86679077148438,115.86679077148438,115.86679077148438,461200
22/05/2025,115.48357996591349,116.4320493254486,113.4429319961607,113.98902130126953,113.98902130126953,662100
23/05/2025,113.64412421438651,115.35903807105404,112.77229343696492,114.899169921875,114.899169921875,613100
27/05/2025,115.89553624851614,117.78289960785902,114.97580732754129,117.11225891113281,117.11225891113281,627800
28/05/2025,117.35176880494839,117.35176880494839,115.16741176119052,115.70391845703125,115.70391845703125,647600
29/05/2025,115.72308458717852,117.56254239683173,115.72308458717852,117.27513122558594,117.27513122558594,734500
30/05/2025,116.920650668637,118.45353219321639,116.07756765745724,118.26192474365234,118.26192474365234,1137500
02/06/2025,118.30983292443729,118.8175992870049,116.63324201667673,118.62599182128906,118.62599182128906,601300
03/06/2025,118.146954062189,118.35772663906509,116.35539446809773,117.84996032714844,117.84996032714844,626600
04/06/2025,117.83081334544899,119.90020917239592,117.36136991241919,119.24873352050781,119.24873352050781,693900
05/06/2025,119.22955640367994,120.25467164750772,118.57808081727076,119.5552978515625,119.5552978515625,853000
06/06/2025,119.59361798111627,120.49418177830427,117.21764610167648,119.21997833251953,119.21997833251953,1053800
09/06/2025,119.34452847636334,121.44266453939628,118.05115983437491,119.8714599609375,119.8714599609375,744000
10/06/2025,120.91572565255832,122.41986679629532,120.40795933088393,121.45223236083984,121.45223236083984,1075500
11/06/2025,121.8354576980952,123.26296028397358,119.67026567875006,120.15886688232422,120.15886688232422,1309500
12/06/2025,120.22592528503677,120.73369159889135,119.03794303098492,120.5229263305664,120.5229263305664,946800
13/06/2025,119.10501303638347,120.58999641909928,117.38051667641389,118.42479705810547,118.42479705810547,1163100
16/06/2025,119.2583035842645,120.1301270113478,117.96492767333984,117.96492767333984,117.96492767333984,662900
17/06/2025,117.9649174234657,119.51696399610569,117.51463920999213,118.71220397949219,118.71220397949219,887900
18/06/2025,119.20081573348479,121.01153324109936,118.83675864257887,120.65705871582031,120.65705871582031,752800
20/06/2025,120.94446751414723,121.67258899094891,119.14333260769654,120.8199234008789,120.8199234008789,1300300
23/06/2025,119.97684604820705,122.90847529681612,119.97684604820705,122.57316589355469,122.57316589355469,599100
24/06/2025,122.14202853539898,123.37791630130354,121.16481886271114,122.72644805908203,122.72644805908203,431700
25/06/2025,121.88336475207801,122.56358072878042,120.82950911647366,121.67259216308594,121.67259216308594,659000
26/06/2025,122.50610007504176,122.98511871955952,121.01153412859357,122.75519561767578,122.75519561767578,700700
27/06/2025,122.74560282098902,124.10603474336357,120.58999338922169,121.32769012451172,121.32769012451172,1813300
30/06/2025,121.3276977644176,122.65109968474464,120.20715915155965,122.18742370605469,122.18742370605469,1060900
01/07/2025,122.2067391103812,124.82455703397032,121.82034371640911,123.37557983398438,123.37557983398438,1121600
02/07/2025,122.73803068873208,124.13870575052599,122.36129719294256,124.1290512084961,124.1290512084961,877200
03/07/2025,123.30796848696572,125.64565744233535,122.5931417562538,124.86319732666016,124.86319732666016,389700
07/07/2025,124.58306731623793,126.09965586645956,122.69939243631796,123.81993103027344,123.81993103027344,516200
08/07/2025,123.10511047522334,124.25463479418636,122.81531207501907,122.94088745117188,122.94088745117188,895000
09/07/2025,123.1920324090849,123.47216886737921,122.05217012390199,123.02781677246094,123.02781677246094,826100
10/07/2025,122.96986903196746,124.19667386551538,121.32769043609785,121.67544555664062,121.67544555664062,1203600
11/07/2025,120.78674099166962,121.75272579739006,119.99463374577401,121.32769012451172,121.32769012451172,1451000
14/07/2025,121.51123265476018,122.11980044452702,120.46796726954899,120.97028350830078,120.97028350830078,1150300
15/07/2025,120.24578782486323,123.11475641090725,119.33775977958689,120.29408264160156,120.29408264160156,1636000
16/07/2025,120.74809886688509,121.67544338179728,119.95599163311348,121.24075317382812,121.24075317382812,1759400
17/07/2025,121.06687409660763,121.50156429911904,119.1638829031779,120.36170196533203,120.36170196533203,1060600
18/07/2025,120.40034171387302,121.63680104615285,120.1588455202284,121.03789520263672,121.03789520263672,1066000
21/07/2025,121.89762836843568,122.58347671510771,120.7577659713195,120.80606079101562,120.80606079101562,520000
22/07/2025,120.40034811161534,122.25503720858816,119.32810436526682,121.99422454833984,121.99422454833984,812600
23/07/2025,121.80102099498112,121.8493231833692,119.71449764046565,120.07191467285156,120.07191467285156,897500
24/07/2025,120.15885927719356,120.53559279282099,116.45913539820629,116.71995544433594,116.71995544433594,1356700
25/07/2025,116.99043357367465,117.00975002921562,114.69139213053784,115.5704345703125,115.5704345703125,816000
28/07/2025,115.12606796388454,115.91817519962011,113.17478192410441,113.4066162109375,113.4066162109375,796400
29/07/2025,114.14076852841295,115.80225620860386,113.26171881499336,115.60906219482422,115.60906219482422,618000
30/07/2025,115.36756598659838,115.63804055382735,111.6002237590595,112.63382720947266,112.63382720947266,760000
31/07/2025,119.77245591417365,122.11014478253033,116.88416336242054,119.81109619140625,119.81109619140625,3204600
01/08/2025,120.97993538153808,122.62211397830335,119.20252687102045,120.07191467285156,120.07191467285156,1558200
04/08/2025,119.84974219312473,123.10511384913698,119.84974219312473,121.55953216552734,121.55953216552734,1187700
05/08/2025,121.0572147711143,122.86360899922492,119.86905022505542,122.51585388183594,122.51585388183594,3058200
06/08/2025,123.11475657207731,123.38523849965762,120.60319763214903,121.03789520263672,121.03789520263672,1232900
07/08/2025,121.03789984567086,121.55952515845941,120.02361284550365,120.76741790771484,120.76741790771484,1136300
08/08/2025,120.55491609411742,122.23572772345436,120.55491609411742,121.06688690185547,121.06688690185547,858800
11/08/2025,121.13450226347993,122.38062361053262,120.44865390097117,120.96062469482422,120.96062469482422,903200
12/08/2025,120.82538041305777,122.03286141166154,119.97530907331807,121.6561279296875,121.6561279296875,828800
13/08/2025,122.24538208594458,123.89720787613624,121.0282391475157,123.64605712890625,123.64605712890625,834000
14/08/2025,122.61244476037739,123.5977459638207,122.13911429587178,122.88291931152344,122.88291931152344,859500
15/08/2025,122.43858022260491,123.50116208783899,122.22606237558219,123.42388153076172,123.42388153076172,638700
18/08/2025,123.53013417811057,123.61707664287513,121.05721543631516,121.09585571289062,121.09585571289062,847700
19/08/2025,121.54987799616205,122.75735908401263,121.54987799616205,122.6511001586914,122.6511001586914,706100
20/08/2025,123.32727383457566,124.08074077610163,122.22605178621019,122.8056411743164,122.8056411743164,569400
21/08/2025,121.9169468198772,122.81531302359373,121.9169468198772,122.49653625488281,122.49653625488281,606600
22/08/2025,123.02782669921112,124.2256531768176,121.91694268734217,122.71871185302734,122.71871185302734,1074000
25/08/2025,122.85395364905574,123.17273041866741,120.9509623133418,121.86865234375,121.86865234375,772700
26/08/2025,121.72375457655464,121.94592696777764,120.28443182524208,120.51627349853516,120.51627349853516,1046000
27/08/2025,120.29408625715287,122.37095505617582,120.29408625715287,122.2357177734375,122.2357177734375,1017600
28/08/2025,122.23572326216089,122.34198218478076,120.45830731369341,121.28905487060547,121.28905487060547,772600
29/08/2025,120.80605922943906,122.67041022681262,120.80605922943906,122.55449676513672,122.55449676513672,854900
02/09/2025,121.66578026746578,121.77203918300843,120.2361269181485,120.70945739746094,120.70945739746094,995500
03/09/2025,120.47762553873375,121.9169408284047,120.38102853262654,121.14415740966797,121.14415740966797,1020000
04/09/2025,121.90727548593873,124.61203580009389,121.37598828236182,124.52510070800781,124.52510070800781,1152500
05/09/2025,125.57802210279313,126.51502852381769,124.52510222424242,125.4041519165039,125.4041519165039,877400
08/09/2025,123.92618277671306,125.08537632169329,122.87326288845563,124.91149139404297,124.91149139404297,1262100
09/09/2025,124.38020823935007,125.84850938876768,124.38020823935007,125.71327209472656,125.71327209472656,773500
10/09/2025,125.45245155670551,126.16728567369375,123.82960403458242,124.04212188720703,124.04212188720703,710800
11/09/2025,124.43816179720694,127.00767001403217,124.42849251632217,126.8144760131836,126.8144760131836,498300
12/09/2025,126.85314055427622,127.29748534143975,125.38483942068326,125.57803344726562,125.57803344726562,568800
15/09/2025,125.82918203807161,126.84346908483815,124.10007563130057,124.28361511230469,124.28361511230469,626400
16/09/2025,123.96482985767507,125.47176377157038,123.4045569107574,124.10006713867188,124.10006713867188,1261900
17/09/2025,124.55408453915888,125.75189627760878,123.70401318431686,124.09041595458984,124.09041595458984,1165700
18/09/2025,123.58810039798846,124.40917865225492,123.22102144916425,123.64605712890625,123.64605712890625,486500
19/09/2025,123.65570733189728,124.94046886794283,123.01816120453421,123.75231170654297,123.75231170654297,1795300
22/09/2025,123.249997581847,124.9984277183998,122.89258792115629,124.30291748046875,124.30291748046875,710100
23/09/2025,124.90184225437127,125.17231682929574,124.22565581706014,124.59272003173828,124.59272003173828,512000
24/09/2025,124.74727805171219,125.56837103794473,123.53979703652224,123.62673950195312,123.62673950195312,1031600
25/09/2025,123.63639192746088,124.62169317624347,123.24999653523824,123.539794921875,123.539794921875,681300
26/09/2025,123.38524223467064,124.8342120705214,123.23068112851745,124.30291748046875,124.30291748046875,372100
29/09/2025,124.66034313527162,125.04673116478416,123.72333668695727,124.71829986572266,124.71829986572266,585300
30/09/2025,124.9520179003535,126.51988345184617,124.00740242066483,125.62396240234375,125.62396240234375,876100
01/10/2025,125.92584605450138,126.66596572469659,125.07861944199232,125.13704681396484,125.13704681396484,959300
02/10/2025,124.54300860322465,125.79924166053706,123.60813351676623,125.32207489013672,125.32207489013672,571600
03/10/2025,125.51684436546697,128.0585391591251,125.4778977358218,126.734130859375,126.734130859375,536400
06/10/2025,126.60752143485783,126.60752143485783,124.10478826618443,124.16321563720703,124.16321563720703,557800
07/10/2025,124.42614202721975,124.6890726176533,122.32267501457197,122.85828399658203,122.85828399658203,984800
08/10/2025,122.27398547631542,122.91671628042695,121.07617978461924,121.5923080444336,121.5923080444336,1112100
09/10/2025,122.0305292554799,122.15713180088326,118.68056200845632,119.53752899169922,119.53752899169922,1505000
10/10/2025,119.97575429960521,121.17356748300286,119.32329051965611,120.17052459716797,120.17052459716797,894200
13/10/2025,119.27460117034306,120.18026260443754,117.29772169505195,118.2618179321289,118.2618179321289,1034100
14/10/2025,118.62212498041762,120.22894454485065,118.10599672578088,119.946533203125,119.946533203125,1374000
15/10/2025,120.00497247843313,122.98488737577743,118.5831753450802,121.3488540649414,121.3488540649414,924900
16/10/2025,121.74812143454011,122.21556271240051,119.48883802262347,120.45293426513672,120.45293426513672,606000
17/10/2025,120.45293442425442,121.03723045005648,119.61544072970487,120.5503158569336,120.5503158569336,564600
20/10/2025,120.79377503817753,121.14435414507409,119.40119898292933,121.10540008544922,121.10540008544922,429200
21/10/2025,121.30989943260165,121.95263025119188,120.63795492766225,121.47544860839844,121.47544860839844,546700
22/10/2025,122.07922195775123,122.58560984301857,121.11513318652925,122.36163330078125,122.36163330078125,536000
23/10/2025,121.97210067225768,122.54665630276833,117.96966228336474,120.1120834350586,120.1120834350586,973100
24/10/2025,120.82298805294786,121.72864950243506,120.18026464703311,120.81324768066406,120.81324768066406,341800
27/10/2025,120.75481589052019,122.00131602708538,120.2971149963724,121.21251678466797,121.21251678466797,575500
28/10/2025,120.56978944794385,120.56978944794385,118.49553595118753,119.16748046875,119.16748046875,435000
29/10/2025,118.75845913925788,118.75845913925788,115.45717899106288,116.40179443359375,116.40179443359375,1109100
30/10/2025,116.27520014234733,122.86802011366828,116.27520014234733,119.65438842773438,119.65438842773438,1216100
31/10/2025,120.90088766182576,123.33546048051043,118.99218346354418,123.2867660522461,123.2867660522461,1624600
03/11/2025,121.38781013040747,122.81934022977238,120.18026401402723,121.2612075805664,121.2612075805664,1348000
04/11/2025,120.48215242853907,121.79682039113634,120.01471113331051,121.53388977050781,121.53388977050781,592400
05/11/2025,121.6799472634705,122.53692165600751,121.17355938311135,121.77733612060547,121.77733612060547,766100
06/11/2025,121.66047587937885,123.11147923103695,120.81324184506379,120.94957733154297,120.94957733154297,468900
07/11/2025,121.28068507989143,123.38415221247311,121.28068507989143,123.3062515258789,123.3062515258789,720200
10/11/2025,122.8680262551171,123.33546753210983,121.96236481759694,122.57588195800781,122.57588195800781,396200
11/11/2025,123.17964769366156,125.16626006075198,123.17964769366156,124.5235366821289,124.5235366821289,585900
12/11/2025,123.65683183876651,125.10783522835028,123.55944297754148,123.56918334960938,123.56918334960938,549600
13/11/2025,123.42310168813297,123.7639403972244,122.07922016526102,122.22529602050781,122.22529602050781,556400
14/11/2025,122.81933726420002,123.86133417610357,122.33242268051187,123.50101470947266,123.50101470947266,368700
17/11/2025,123.99766837477479,123.99766837477479,122.01105600243362,122.49797058105469,122.49797058105469,328900
18/11/2025,122.37137097586067,123.34520009737581,121.84550235867532,122.1571273803711,122.1571273803711,360800
19/11/2025,123.28676838866744,123.28676838866744,121.81628429799115,122.23503112792969,122.23503112792969,449300
20/11/2025,122.83880499742398,123.72499306574237,121.54361048052476,121.93314361572266,121.93314361572266,572300
21/11/2025,122.54665629385673,125.20522056400898,122.10843614959155,124.87410736083984,124.87410736083984,698700
24/11/2025,124.52353492129936,125.55578400341173,122.84854761019892,125.44867706298828,125.44867706298828,769400
25/11/2025,125.39998194208415,126.77306972998856,125.09809728758422,125.15652465820312,125.15652465820312,428000
26/11/2025,124.96176033865733,126.60751907646683,124.89358516743192,125.21495056152344,125.21495056152344,548900
28/11/2025,125.40971227903225,126.59778498844932,124.10478483080465,125.4681396484375,125.4681396484375,372200
01/12/2025,125.30259386289598,125.30259386289598,124.32876472132428,124.80594635009766,124.80594635009766,597700
02/12/2025,125.03965394565783,125.16625648717529,123.03356832182888,123.92949676513672,123.92949676513672,406300
03/12/2025,124.03662162819361,124.8546419784297,123.43284487991761,124.00740051269531,124.00740051269531,686700
04/12/2025,124.36771780146175,126.28615495431538,123.76394106372923,123.99766540527344,123.99766540527344,541200
05/12/2025,124.03662112975722,124.97149621932256,123.17964672536058,124.87410736083984,124.87410736083984,662200
08/12/2025,124.35798136916124,125.79924437237287,122.18634649237254,122.2447738647461,122.2447738647461,761800
09/12/2025,122.09869528827362,123.3646761462057,119.5959546876732,119.81993865966797,119.81993865966797,813100
10/12/2025,120.20947762333172,121.15409312664123,118.93375633187537,118.94349670410156,118.94349670410156,1069400
11/12/2025,119.5862235347255,122.16686485879022,119.43040730322817,119.9562759399414,119.9562759399414,1249100
12/12/2025,120.18025474629636,120.84245141249819,118.32997794034414,119.00191497802734,119.00191497802734,859800
15/12/2025,119.59595258017757,120.74507124598543,118.15468963442125,120.64768981933594,120.64768981933594,1026200
16/12/2025,121.056696547692,121.35858862964476,119.51805217174523,120.00496673583984,120.00496673583984,1025900
17/12/2025,119.4401457222551,121.28068220579482,119.32328355054283,120.88140869140625,120.88140869140625,1165300
18/12/2025,120.53082722771968,121.38780161058006,119.48883036379074,119.71281433105469,119.71281433105469,968800
19/12/2025,120.26789847969674,120.26789847969674,118.31049983302354,119.52778625488281,119.52778625488281,2058300
22/12/2025,119.02140318643264,120.76455830460633,118.53448859799508,119.96601867675781,119.96601867675781,674900
23/12/2025,120.11208453113416,120.83272345595566,119.32328529231063,120.18025970458984,120.18025970458984,582100
24/12/2025,120.54057517048058,121.47545029527193,120.45293411021593,121.19303894042969,121.19303894042969,194800
26/12/2025,121.49492543364433,121.49492543364433,120.56978329397394,121.00801086425781,121.00801086425781,316200
29/12/2025,120.75482034157218,121.65074141903642,120.74507996928556,121.55335998535156,121.55335998535156,355600
30/12/2025,121.45597607906744,122.40059156900722,121.241732471486,122.18634796142578,122.18634796142578,487200
31/12/2025,122.38273891418024,122.46129819700452,121.52843106189911,121.67572784423828,121.67572784423828,465400
02/01/2026,121.36149150603721,121.36149150603721,119.20116365703035,119.92781829833984,119.92781829833984,492300
05/01/2026,119.92782001455578,119.92782001455578,117.87550927781241,118.95567321777344,118.95567321777344,589400
06/01/2026,118.38612542183553,120.65447785587868,118.38612542183553,120.63483428955078,120.63483428955078,862300
07/01/2026,120.988345869759,121.91139871729051,120.16349587208661,120.54646301269531,120.54646301269531,784800
08/01/2026,119.76088067990514,123.71821264588236,119.76088067990514,123.24687194824219,123.24687194824219,691000
09/01/2026,123.0504817010362,123.88516099657694,122.55949740569497,123.8360595703125,123.8360595703125,635500
12/01/2026,124.53325555883401,124.93586627446555,121.63645123193558,121.85247802734375,121.85247802734375,715100
13/01/2026,122.29437008037478,123.03084652879309,120.97852826345128,122.49076080322266,122.49076080322266,534900
14/01/2026,122.10778980094415,124.46451585997144,122.10778980094415,124.35649871826172,124.35649871826172,469800
15/01/2026,124.6314502475947,126.71321884028876,124.6314502475947,125.10279846191406,125.10279846191406,492500
16/01/2026,124.48414475708775,127.95049989165675,124.20919477288967,127.87194061279297,127.87194061279297,568500
20/01/2026,127.50862264959343,127.68536979704899,123.45308772937398,123.71821594238281,123.71821594238281,828500
21/01/2026,124.36631848242365,125.18135417779116,122.58895031067362,122.72643280029297,122.72643280029297,977100
22/01/2026,123.423632688359,124.31722019657805,122.90319054188272,123.30579376220703,123.30579376220703,601700
23/01/2026,123.46290806561943,124.64126731913233,122.2452616795873,124.17974090576172,124.17974090576172,505600
26/01/2026,124.84748317268918,124.84748317268918,122.00959460968521,122.63805389404297,122.63805389404297,555600
27/01/2026,122.67732864114991,126.0552952868406,122.67732864114991,124.74928283691406,124.74928283691406,968000
28/01/2026,125.1617101617751,125.1617101617751,121.44987025102263,121.7346420288086,121.7346420288086,804400
29/01/2026,122.69696810221362,124.44487842540805,121.8132023950814,124.3073959350586,124.3073959350586,813600
30/01/2026,124.25830412359527,125.45630698131995,123.0897591243678,125.13225555419922,125.13225555419922,746200
02/02/2026,123.5905636656437,125.50539936253558,123.20759652626532,123.58074188232422,123.58074188232422,667100
03/02/2026,123.78695498248663,125.86872354679588,123.78695498248663,125.26972961425781,125.26972961425781,645700
04/02/2026,125.84909643170975,127.48898215735689,125.52504500324275,125.61341857910156,125.61341857910156,1010100
05/02/2026,113.81015333676352,123.90478855652476,113.81015333676352,121.44986724853516,121.44986724853516,1882900
06/02/2026,122.05869407211729,123.84587653798896,120.48753839466156,123.42362976074219,123.42362976074219,1402500
09/02/2026,123.06030008944857,124.0619047279073,121.53824581915356,123.36470794677734,123.36470794677734,663100
10/02/2026,123.62002021404287,126.56592586532706,122.84426416018563,125.94728088378906,125.94728088378906,620800
11/02/2026,124.43505945691939,126.12404661050537,124.12082981149588,125.50540161132812,125.50540161132812,672300
12/02/2026,126.67394273780963,128.903015537998,125.27954919718348,126.56592559814453,126.56592559814453,1148900
13/02/2026,126.78195596560656,128.85391013805156,125.32863926248,128.43165588378906,128.43165588378906,735000
17/02/2026,129.61985316186667,130.70002459834282,128.19600171098554,129.0994110107422,129.0994110107422,636000
18/02/2026,129.84570296590175,130.8473151270245,127.58717220337662,127.64610290527344,127.64610290527344,782200
19/02/2026,126.94889831542969,129.61003979130624,126.84088117101436,126.94889831542969,126.94889831542969,690200
20/02/2026,128.00941536388257,128.55931533124337,126.58556402332681,128.49058532714844,128.49058532714844,711300
23/02/2026,128.93247316612414,130.2188495647941,128.4513031841728,128.7949981689453,128.7949981689453,724300
24/02/2026,128.64769508140392,129.45291648918825,127.4398779533785,128.95211791992188,128.95211791992188,915400
25/02/2026,128.36292713918658,133.13529478313788,128.36292713918658,130.19920349121094,130.19920349121094,1139200
26/02/2026,131.0633504838171,133.68520485264247,130.70002689591166,133.33169555664062,133.33169555664062,995600
27/02/2026,133.8030297271525,135.35454183996828,132.26134688940996,133.9994354248047,133.9994354248047,3437100
02/03/2026,133.88158618562903,135.36436825991225,132.87998907025377,134.70643615722656,134.70643615722656,768500
03/03/2026,132.88981995435248,134.48060438158342,131.85874986928877,133.95034790039062,133.95034790039062,660000
04/03/2026,133.41026306152344,133.67539879577137,131.367766445869,133.41026306152344,133.41026306152344,736400
05/03/2026,132.42827655379895,134.4805871854019,132.21224227850908,134.22528076171875,134.22528076171875,850200
06/03/2026,133.19422048644435,134.93230910623907,131.87838615672484,134.24493408203125,134.24493408203125,846800
09/03/2026,133.23349613292,133.6066490059871,130.77857456516733,132.99783325195312,132.99783325195312,981100
10/03/2026,132.7032223406727,134.84392145975139,131.84891454140632,134.1859893798828,134.1859893798828,999700
11/03/2026,133.63609280127793,134.6868063138444,132.48719142652664,133.8521270751953,133.8521270751953,1055500
12/03/2026,133.58699078946375,134.676976445369,132.46754727666783,132.5657501220703,132.5657501220703,1117400
13/03/2026,134.11726597348013,135.1090488120294,131.93729460002248,132.01585388183594,132.01585388183594,809900
16/03/2026,133.26296834022608,134.18600625902482,130.48399534076424,132.51666259765625,132.51666259765625,781100
17/03/2026,133.3611432525865,134.21545107629612,132.73268399466147,132.8308868408203,132.8308868408203,526000
18/03/2026,131.93729836991753,132.65413123442752,129.69841121703993,129.85552978515625,129.85552978515625,996800
19/03/2026,128.7949939185216,130.05191241800532,128.21563609121984,128.75570678710938,128.75570678710938,1240300
20/03/2026,129.197611452354,129.39400216887176,127.13547146978945,128.08798217773438,128.08798217773438,1628600
23/03/2026,129.1485115501851,129.63949583909465,126.58557296273132,126.71321868896484,126.71321868896484,819900
24/03/2026,126.50701556247145,128.1469013138131,126.12404841076474,126.43827056884766,126.43827056884766,614400
25/03/2026,127.57734988393737,128.1370791393496,125.32864104655839,125.33846282958984,125.33846282958984,484700
26/03/2026,124.7100115703231,126.56593161560626,124.7100115703231,125.5250473022461,125.5250473022461,440500
27/03/2026,126.19277628058653,126.63467412661286,122.97192804251495,123.30579376220703,123.30579376220703,489100
30/03/2026,123.94407441403945,125.66251941583677,123.197776201262,123.92443084716797,123.92443084716797,793800
31/03/2026,125.35111908728007,125.94558192738799,123.28043155334024,124.79629516601562,124.79629516601562,898500
01/04/2026,124.7962990988425,126.65892772100699,123.88480046835195,126.20317840576172,126.20317840576172,692900
02/04/2026,126.48060123919288,128.32341800837614,126.27253469781557,128.055908203125,128.055908203125,391300
06/04/2026,127.28311240845075,128.7692544400421,126.40133540775264,126.65892791748047,126.65892791748047,363900
07/04/2026,126.32207400644778,127.30293319997139,125.51955971984604,125.76725006103516,125.76725006103516,496400
08/04/2026,126.75800647378348,128.17478791348339,126.54003777262687,127.43171691894531,127.43171691894531,876200
09/04/2026,127.11468612263961,129.06648722064796,126.79764278827187,127.49116516113281,127.49116516113281,715200
10/04/2026,127.4119083507557,128.66026213775484,126.57966493384747,128.10543823242188,128.10543823242188,430700
13/04/2026,127.80820991625691,128.99712047330968,126.64902098929413,128.3234100341797,128.3234100341797,414600
14/04/2026,127.93701215570177,129.25472650552442,127.60014182245145,128.8485107421875,128.8485107421875,598900
15/04/2026,128.17479134729257,129.01694454412427,127.06514347008999,127.47135925292969,127.47135925292969,954600
16/04/2026,127.8379306754236,128.98721742379928,126.35178870977784,127.04531860351562,127.04531860351562,702900
17/04/2026,126.95615744345344,129.3537980709928,126.95615744345344,129.26463317871094,129.26463317871094,860400
20/04/2026,128.79897104801464,129.96806214405171,128.13516278059762,129.04666137695312,129.04666137695312,1045900
21/04/2026,129.155651427131,129.22499686102927,127.02552055136645,128.02618408203125,128.02618408203125,501100
22/04/2026,128.02618428684937,128.55128659879082,125.35112407661565,126.66883850097656,126.66883850097656,802900
23/04/2026,127.1543104432698,128.85842120702802,127.12458881163136,128.40267944335938,128.40267944335938,870100
24/04/2026,128.19460155789125,129.03675469396026,127.61005603031352,128.6305389404297,128.6305389404297,636900
27/04/2026,128.51166052036274,129.205190437266,126.31216156940438,126.46077728271484,126.46077728271484,770000
28/04/2026,125.6681668263082,128.7395330784909,125.52946084111522,127.11468505859375,127.11468505859375,1565300
29/04/2026,126.54004150005623,127.07504598004304,123.88480076566971,125.39075469970703,125.39075469970703,908000
30/04/2026,125.82669200806576,127.28311240845075,125.67807629312479,126.65892791748047,126.65892791748047,1062400
01/05/2026,127.03542138437766,127.86765728930166,124.97463596421932,125.38085174560547,125.38085174560547,679300
04/05/2026,124.74676154214531,125.97530346356038,122.55717237112779,123.6172866821289,123.6172866821289,575400
05/05/2026,123.50831342957292,124.47925531887857,122.18068929090437,124.1126708984375,124.1126708984375,536800
06/05/2026,124.44953448941605,126.58957508701315,123.82535755655634,124.75666809082031,124.75666809082031,961000
07/05/2026,125.22232439139754,125.76724614862572,123.5380331472708,124.90528106689453,124.90528106689453,842100
08/05/2026,125.05390123176726,125.25205048204654,123.54793971757091,124.7764892578125,124.7764892578125,794000
11/05/2026,125.11333958772285,125.67807324366846,123.68664085316166,124.62786865234375,124.62786865234375,869400
12/05/2026,124.98454629573396,125.08362091933377,123.43895344372193,123.7560043334961,123.7560043334961,642400
13/05/2026,123.03274605443862,124.03341714508046,122.64634972854006,123.13182067871094,123.13182067871094,721900
14/05/2026,122.10142541724909,122.60671581711114,120.25860872025493,120.74408721923828,120.74408721923828,711400
15/05/2026,121.37817421221143,121.37817421221143,119.07960819947465,119.29757690429688,119.29757690429688,758500
18/05/2026,119.84249126214335,121.30882137717082,119.84249126214335,120.38741302490234,120.38741302490234,596600
19/05/2026,120.23879503276467,121.54659967969167,119.61461811908669,120.81343841552734,120.81343841552734,646100
20/05/2026,120.72426953798724,121.87355633752124,119.8920336284565,121.8537368774414,121.8537368774414,809700
21/05/2026,121.65558811399607,125.26195885412585,121.11066634327209,125.12325286865234,125.12325286865234,1007800
22/05/2026,125.41057421162783,126.79764162131208,124.37027176463732,126.56976318359375,126.56976318359375,947500
26/05/2026,126.47068490865676,127.42181487554772,122.70578884233463,123.71636962890625,123.71636962890625,852000
27/05/2026,122.99311062058591,125.21241387822275,122.99311062058591,123.627197265625,123.627197265625,831500
28/05/2026,123.01293315952644,124.64768334408849,122.00235234694742,123.84516906738281,123.84516906738281,1082100
29/05/2026,123.06246179428685,123.54793272121609,120.86297046975787,122.51754760742188,122.51754760742188,2443600
01/06/2026,121.55651418482287,122.8444994228554,119.23812866210938,119.23812866210938,119.23812866210938,973800
02/06/2026,119.58489322931894,121.8438354815084,119.29757908651673,120.13972473144531,120.13972473144531,848000
03/06/2026,119.74341882289431,122.41847147688388,119.23812841175075,119.41646575927734,119.41646575927734,1163000
04/06/2026,121.13048324778157,121.93299751236222,118.79228588640406,121.55651092529297,121.55651092529297,1839500
05/06/2026,120.68463558430422,123.38941734999611,120.68463558430422,122.54727172851562,122.54727172851562,1352600
08/06/2026,122.65625302044162,123.03273959647848,120.64500121462808,121.06112670898438,121.06112670898438,1446600
09/06/2026,120.85307350784562,124.35045988443586,120.61528534003611,123.57766723632812,123.57766723632812,1830800
10/06/2026,124.55851785366302,126.4706875572553,124.02350581878699,125.47001647949219,125.47001647949219,1493700
11/06/2026,125.85641561341086,126.86699644373375,124.6080541707982,124.68731689453125,124.68731689453125,768500
12/06/2026,124.5287915765164,125.9653924536499,123.5083086357915,125.77714538574219,125.77714538574219,895000
15/06/2026,125.67807261102489,126.41123387530196,122.95347896626558,123.2606201171875,123.2606201171875,962600
16/06/2026,123.48849467754076,123.94424399375339,122.12124672890286,123.03274536132812,123.03274536132812,878400
17/06/2026,122.15096902652729,123.13182065679449,120.47657990865868,120.77381134033203,120.77381134033203,949100
18/06/2026,122.19059568773302,122.19059568773302,117.20706744622048,117.36558532714844,117.36558532714844,1610400
22/06/2026,121.53669072436047,121.53669072436047,116.47389971554138,117.19715881347656,117.19715881347656,1259200
23/06/2026,118.13838076853256,119.32729891895718,116.70177984054232,118.39598083496094,118.39598083496094,1285000
24/06/2026,118.8814494863431,120.13972060436929,117.27642097462747,118.82200622558594,118.82200622558594,1153500
25/06/2026,117.92041166217906,118.5346864157559,116.37482638668085,117.48448181152344,117.48448181152344,1084300
26/06/2026,117.82133837946277,120.6152850948154,117.82133837946277,120.12981414794922,120.12981414794922,2709400
29/06/2026,120.13972224113506,120.21897740358801,118.43561152639555,120.11000061035156,120.11000061035156,967500
30/06/2026,120.0,120.16999816894531,118.66000366210938,119.91000366210938,119.91000366210938,1422900
01/07/2026,119.54000091552734,122.23999786376953,119.19000244140625,120.77999877929688,120.77999877929688,1373300
02/07/2026,121.9000015258789,123.91000366210938,121.9000015258789,123.62999725341797,123.62999725341797,1070000
06/07/2026,123.38999938964844,123.38999938964844,121.4800033569336,122.18000030517578,122.18000030517578,1248400
07/07/2026,123.69999694824219,124.83999633789062,122.11000061035156,122.29000091552734,122.29000091552734,1078900
08/07/2026,121.26000213623047,121.54000091552734,119.1500015258789,119.16000366210938,119.16000366210938,734300
09/07/2026,119.68000030517578,120.12000274658203,118.33000183105469,118.73999786376953,118.73999786376953,864600
10/07/2026,119.9800033569336,120.16000366210938,118.0,118.87999725341797,118.87999725341797,657000
13/07/2026,119.04000091552734,121.56999969482422,119.04000091552734,120.80000305175781,120.80000305175781,1056100
14/07/2026,120.69999694824219,120.7699966430664,119.55999755859375,119.77999877929688,119.77999877929688,2362700
15/07/2026,120.45999908447266,121.6500015258789,118.12000274658203,118.38999938964844,118.38999938964844,2098500
16/07/2026,118.93000030517578,122.19000244140625,118.93000030517578,121.97000122070312,121.97000122070312,3646600
17/07/2026,122.93000030517578,123.33000183105469,120.76000213623047,121.45999908447266,121.45999908447266,1606000
20/07/2026,121.55000305175781,122.87000274658203,119.91999816894531,120.19999694824219,120.19999694824219,788300
21/07/2026,119.98999786376953,120.08999633789062,118.94999694824219,119.04000091552734,119.04000091552734,808000
22/07/2026,119.3499984741211,120.01000213623047,118.86000061035156,119.66000366210938,119.66000366210938,1214100
23/07/2026,119.7300033569336,121.25,119.31999969482422,120.0,120.0,2483100
24/07/2026,120.81999969482422,122.06999969482422,120.22000122070312,121.83000183105469,121.83000183105469,2590200
27/07/2026,121.72000122070312,122.95999908447266,120.72000122070312,121.44000244140625,121.44000244140625,3186700
28/07/2026,123.0,127.44999694824219,122.05000305175781,124.08999633789062,124.08999633789062,5431600
29/07/2026,124.4000015258789,128.1300048828125,122.94999694824219,127.94000244140625,127.94000244140625,4136700
30/07/2026,126.91999816894531,127.2300033569336,122.69000244140625,124.43000030517578,124.43000030517578,1433300
31/07/2026,124.16000366210938,124.83999633789062,122.83999633789062,123.4800033569336,123.4800033569336,853400
03/08/2026,123.54000091552734,125.45999908447266,122.0999984741211,122.45999908447266,122.45999908447266,1194300
04/08/2026,121.11000061035156,122.26000213623047,119.79000091552734,121.66999816894531,121.66999816894531,1129500
05/08/2026,121.55999755859375,122.26000213623047,119.58000183105469,120.86000061035156,120.86000061035156,930200
06/08/2026,121.68000030517578,122.0199966430664,119.55000305175781,120.31999969482422,120.31999969482422,630500
07/08/2026,120.0199966430664,121.0999984741211,119.43000030517578,120.44000244140625,120.44000244140625,810800
10/08/2026,119.5199966430664,119.61000061035156,118.30000305175781,118.56999969482422,118.56999969482422,836000
11/08/2026,118.36000061035156,120.05000305175781,117.97000122070312,118.66999816894531,118.66999816894531,704100
12/08/2026,118.0,118.69999694824219,117.73999786376953,118.33999633789062,118.33999633789062,713800
13/08/2026,118.58999633789062,120.37999725341797,118.58999633789062,120.19000244140625,120.19000244140625,620100
14/08/2026,123.94000244140625,125.55000305175781,123.11000061035156,123.29000091552734,123.29000091552734,2697600
17/08/2026,122.70999908447266,123.16999816894531,121.30000305175781,121.36000061035156,121.36000061035156,2361700
18/08/2026,122.0,123.16999816894531,120.12999725341797,120.16999816894531,120.16999816894531,1570100
19/08/2026,120.20999908447266,124.5199966430664,120.20999908447266,122.05999755859375,122.05999755859375,16868800
20/08/2026,121.20999908447266,122.70999908447266,121.0199966430664,122.29000091552734,122.29000091552734,1181800
21/08/2026,122.41000366210938,122.91999816894531,121.20999908447266,121.66000366210938,121.66000366210938,1314500
24/08/2026,121.88999938964844,123.94000244140625,121.88999938964844,123.43000030517578,123.43000030517578,1052400
25/08/2026,123.02999877929688,126.2300033569336,123.02999877929688,125.94000244140625,125.94000244140625,1739800
26/08/2026,125.55999755859375,126.4000015258789,124.48999786376953,125.23999786376953,125.23999786376953,1434300
27/08/2026,125.55999755859375,126.06999969482422,123.19000244140625,123.19000244140625,123.19000244140625,1421900
28/08/2026,123.56999969482422,124.5999984741211,122.58999633789062,122.91999816894531,122.91999816894531,1358900
31/08/2026,122.29000091552734,122.80000305175781,121.2699966430664,121.41999816894531,121.41999816894531,1552900
01/09/2026,121.73999786376953,122.70999908447266,120.52999877929688,121.44000244140625,121.44000244140625,1571900
02/09/2026,121.75,122.43000030517578,120.22000122070312,121.23999786376953,121.23999786376953,1280400
03/09/2026,121.62999725341797,121.72000122070312,119.52999877929688,119.8499984741211,119.8499984741211,977900
04/09/2026,119.23999786376953,120.79000091552734,118.94999694824219,119.44000244140625,119.44000244140625,911200
08/09/2026,119.48999786376953,120.43000030517578,117.62000274658203,117.6500015258789,117.6500015258789,978800
09/09/2026,117.5,117.80000305175781,115.5999984741211,116.04000091552734,116.04000091552734,786200
10/09/2026,116.5999984741211,116.70999908447266,114.61000061035156,114.93000030517578,114.93000030517578,839400
11/09/2026,115.12999725341797,115.81999969482422,113.80000305175781,114.4800033569336,114.4800033569336,712000
14/09/2026,115.30999755859375,118.37999725341797,115.22000122070312,118.04000091552734,118.04000091552734,1094200
15/09/2026,118.0999984741211,118.0999984741211,116.75,117.12999725341797,117.12999725341797,928100
16/09/2026,116.51000213623047,117.80000305175781,114.2300033569336,114.88999938964844,114.88999938964844,1216100
17/09/2026,115.54000091552734,116.38999938964844,114.88999938964844,114.94999694824219,114.94999694824219,994800
18/09/2026,114.5,115.16000366210938,113.73999786376953,113.75,113.75,2797000
21/09/2026,113.81999969482422,115.0199966430664,113.18000030517578,113.73999786376953,113.73999786376953,1423000
22/09/2026,113.87000274658203,115.05000305175781,113.58000183105469,113.7699966430664,113.7699966430664,1126300
23/09/2026,113.62999725341797,114.69999694824219,112.27999877929688,112.31999969482422,112.31999969482422,916400
24/09/2026,112.70999908447266,113.12999725341797,110.94000244140625,111.12999725341797,111.12999725341797,784800
25/09/2026,111.43000030517578,112.55999755859375,110.38999938964844,112.26000213623047,112.26000213623047,757400
