Date,Open,High,Low,Close,Adj Close,Volume
19/11/2008,6.32450017120105,6.5117721601671565,4.885355828764644,4.932173728942871,4.932173728942871,10955600
20/11/2008,4.7510089218562745,5.109268422079952,3.8675736471775624,3.896071434020996,3.896071434020996,19968400
21/11/2008,4.51691821880018,4.57391378243285,3.4747089121572903,4.500633716583252,4.500633716583252,19014400
24/11/2008,4.781541854048315,5.642585704660726,4.559665251183199,5.439029216766357,5.439029216766357,14030400
25/11/2008,5.70772312058412,5.789145624020837,5.111302651998846,5.701616287231445,5.701616287231445,11441200
26/11/2008,5.349464874983885,6.7723247408416345,5.306717808769741,6.715329170227051,6.715329170227051,14252400
28/11/2008,6.507701191718883,7.055268287658691,6.416100999297946,7.055268287658691,7.055268287658691,3981600
01/12/2008,6.373352743623849,6.458846473557699,4.3764639516191846,4.575949192047119,4.575949192047119,14906800
02/12/2008,4.862964314225655,5.31282434906044,4.565772031765026,5.259899616241455,5.259899616241455,15318800
03/12/2008,4.895533218215247,5.89703112138368,4.850750932116385,5.764719486236572,5.764719486236572,27722400
04/12/2008,5.485846983331264,6.096516389048889,4.899604136420578,5.217152118682861,5.217152118682861,23481600
05/12/2008,4.972884731316548,5.937742373305343,4.602412010058552,5.870568752288818,5.870568752288818,37032800
08/12/2008,6.342820896145095,6.829320836603058,6.224758134467936,6.640013217926025,6.640013217926025,28211600
09/12/2008,6.450705355498413,7.173331136765121,5.888889389654841,6.07412576675415,6.07412576675415,28266400
10/12/2008,6.26953990051742,6.76418224626259,6.120943752115473,6.481238842010498,6.481238842010498,23926000
11/12/2008,6.285824568981428,6.564697145691844,5.298575851472202,5.510274410247803,5.510274410247803,19806000
12/12/2008,5.062449398040189,6.1046582696135685,5.029880006816201,6.039520263671875,6.039520263671875,40111600
15/12/2008,6.194223953844825,6.2573263560256365,5.209010526927006,5.485847473144531,5.485847473144531,25721600
16/12/2008,5.799324505041914,6.562661750740576,5.76268427376402,6.481238842010498,6.481238842010498,27358400
17/12/2008,6.396040105471021,7.0482818506641385,6.237056561556886,6.744581699371338,6.744581699371338,27246800
18/12/2008,6.738465799635328,7.093121444202906,6.141257122024611,6.577443599700928,6.577443599700928,22805200
19/12/2008,6.826111587847415,7.223570414289387,6.520373161798626,6.726236820220947,6.726236820220947,28224800
22/12/2008,6.795536643526168,6.817957554594948,5.647999799303963,6.277820110321045,6.277820110321045,25004800
23/12/2008,6.420496392838528,6.522409033994695,5.864053465429665,5.970042705535889,5.970042705535889,26145200
24/12/2008,6.023038450576304,6.155525228389545,5.809022005866556,6.063803672790527,6.063803672790527,9540400
26/12/2008,6.257437083053668,6.316546219950396,5.998578849750333,6.267628192901611,6.267628192901611,8625600
29/12/2008,6.241133563792817,6.320625340862753,5.694881460684569,5.927242279052734,5.927242279052734,16916400
30/12/2008,6.11068299496738,6.499989324726612,5.9924643250211105,6.463300704956055,6.463300704956055,18838000
31/12/2008,6.528525270132394,7.372362037654301,6.495913636205367,6.948405742645264,6.948405742645264,27154800
02/01/2009,7.140001834879179,7.537461426959786,6.893373345458766,7.319368362426758,7.319368362426758,29046400
05/01/2009,7.449816555317643,7.614915372459471,6.9912095074556975,7.460007667541504,7.460007667541504,25524800
06/01/2009,7.629180847008701,8.077596651101048,7.482426385934021,7.82485294342041,7.82485294342041,31898400
07/01/2009,7.343825613409248,7.453891466561395,6.801650324124629,7.109426975250244,7.109426975250244,27940800
08/01/2009,6.9606367978558845,7.284719171975629,6.879106337656013,7.2521071434021,7.2521071434021,31515200
09/01/2009,7.262298882225878,7.282681110265825,6.318587106371683,6.420499801635742,6.420499801635742,39779600
12/01/2009,6.332854027390397,6.402154682581206,5.770295973423488,5.843673229217529,5.843673229217529,24239200
13/01/2009,5.802907591332659,6.175907967361148,5.721377528849984,6.076033592224121,6.076033592224121,28787200
14/01/2009,5.684688469443697,5.815136948220594,5.2444257768908535,5.279076099395752,5.279076099395752,40151600
15/01/2009,5.307612362502157,5.721377579017019,4.789895780857147,5.578700065612793,5.578700065612793,57358800
16/01/2009,5.902783008129721,5.908897909682266,5.181241341870589,5.700995922088623,5.700995922088623,48674800
20/01/2009,5.489015536769248,5.607234198353727,4.565686763327177,4.571801662445068,4.571801662445068,46289600
21/01/2009,4.767474782924803,5.297420767435497,4.4719282604927235,5.213852405548096,5.213852405548096,40993200
22/01/2009,4.8979223731781385,5.193468841465501,4.5208454693133655,4.781741619110107,4.781741619110107,57889600
23/01/2009,4.423009699041193,5.071173904663999,4.35982356850778,4.8653106689453125,4.8653106689453125,48821200
26/01/2009,4.851043919492514,5.340225145631306,4.789896460608196,4.997798442840576,4.997798442840576,48428000
27/01/2009,5.075251222384001,5.325956313785731,4.963147433509864,5.175125598907471,5.175125598907471,38027200
28/01/2009,5.4930920431569925,5.886474549364155,5.454365126931346,5.770294189453125,5.770294189453125,44948400
29/01/2009,5.562394404034855,5.603159243823438,5.099710731633915,5.138437271118164,5.138437271118164,37922800
30/01/2009,5.2749996794654965,5.350415227056276,4.722633189298979,4.824545860290527,4.824545860290527,40600800
02/02/2009,4.575878486019956,5.054867666174553,4.57384018621414,4.961108207702637,4.961108207702637,27782400
03/02/2009,5.0976725557805835,5.187355827530581,4.832699341238781,5.046716213226318,5.046716213226318,33355600
04/02/2009,5.075251405109965,5.362645132676838,4.844928918510975,4.934611797332764,4.934611797332764,45293600
05/02/2009,4.820469811710783,5.3279949246683875,4.740978043646952,5.085443019866943,5.085443019866943,43947200
06/02/2009,5.140474487796146,5.717300134281108,5.077288746745652,5.643923282623291,5.643923282623291,48942400
09/02/2009,5.601120262135211,5.733606655671511,5.40748642197169,5.586852550506592,5.586852550506592,31430000
10/02/2009,5.486977923331967,5.725453576033577,4.787856976148359,4.8734636306762695,4.8734636306762695,50923200
11/02/2009,4.916268982074456,5.02837280028524,4.677793240616253,4.889771461486816,4.889771461486816,30332400
12/02/2009,4.673716055468354,5.028372172282736,4.476005186794672,4.997798442840576,4.997798442840576,39875600
13/02/2009,4.999835317863227,5.191430841752519,4.830660315164244,4.836774826049805,4.836774826049805,33377600
17/02/2009,4.3109053638057295,4.506577869694352,4.2538345240279165,4.292561054229736,4.292561054229736,41732400
18/02/2009,4.392437225177573,4.408743241666591,4.0459342775944105,4.098928928375244,4.098928928375244,50078400
19/02/2009,4.239565963799141,4.284407777332738,3.901216006532762,3.9236369132995605,3.9236369132995605,41802400
20/02/2009,3.6831243873423762,3.9012174718477834,3.503758232134933,3.7626161575317383,3.7626161575317383,64065200
23/02/2009,3.8319164422513,3.852299055098957,3.299932540646885,3.3243913650512695,3.3243913650512695,56234000
24/02/2009,3.4405720640804556,3.7728076338791383,3.3386593793903634,3.689239263534546,3.689239263534546,55288000
25/02/2009,3.62197586039869,3.709620806104378,3.2815875763591147,3.4405710697174072,3.4405710697174072,64239200
26/02/2009,3.568981583541034,3.6077085051887043,3.210248955225792,3.2795495986938477,3.2795495986938477,48908000
27/02/2009,3.0716482194181403,3.3692334574866467,3.0614571065714666,3.16540789604187,3.16540789604187,60819600
02/03/2009,2.973811954727101,3.0206916929814445,2.6211939901885364,2.645653009414673,2.645653009414673,68421200
03/03/2009,2.7618333798341568,2.788330697206203,2.456095371610073,2.507051706314087,2.507051706314087,57725600
04/03/2009,2.621193828247081,2.792407146635216,2.507051745576987,2.6578824520111084,2.6578824520111084,72072400
05/03/2009,2.500936843595958,2.5906199015172056,2.2176195704472574,2.2339255809783936,2.2339255809783936,77096800
06/03/2009,2.297112051270291,2.3949481371877255,2.0932866778926122,2.260423421859741,2.260423421859741,72312800
09/03/2009,2.1727782485698874,2.341953277308841,2.0810568778918896,2.1075541973114014,2.1075541973114014,56380000
10/03/2009,2.256346813692955,2.5335494449831764,2.231887792293763,2.5090904235839844,2.5090904235839844,62855600
11/03/2009,2.5926585951983334,2.741451012489057,2.4418276833028916,2.5009372234344482,2.5009372234344482,72204400
12/03/2009,2.474439525207533,3.012538260918267,2.386794572910354,2.9554672241210938,2.9554672241210938,71890000
13/03/2009,3.047189337463412,3.12260470338466,2.912664620177779,3.071648359298706,3.071648359298706,61352000
16/03/2009,3.1633696782432255,3.2387850380633707,2.8555933382112473,2.8657846450805664,2.8657846450805664,54390400
17/03/2009,2.90043435929065,3.2734346985009317,2.8250190103425417,3.2713963985443115,3.2713963985443115,43407600
18/03/2009,3.2285939936654273,3.699430504351537,3.151140327298153,3.6158621311187744,3.6158621311187744,75071600
19/03/2009,3.7687301822110597,3.7768833817529797,3.43241847642591,3.50579571723938,3.50579571723938,48798000
20/03/2009,3.5873265405334895,3.62605346915663,3.128719464325783,3.1307575702667236,3.1307575702667236,53624800
23/03/2009,3.465031133267541,3.9460591091145156,3.3631184528773197,3.9338293075561523,3.9338293075561523,60727200
24/03/2009,3.781506343805312,3.9081008273973428,3.475228839728355,3.5119822025299072,3.5119822025299072,51764800
25/03/2009,3.5916152332960585,3.9203533042223335,3.299630535448758,3.787632703781128,3.787632703781128,80529200
26/03/2009,3.940772294467962,4.220506054264271,3.8141777499106984,4.202129364013672,4.202129364013672,90247600
27/03/2009,3.99181859288155,4.1000368372680205,3.77334059580419,3.7978429794311523,3.7978429794311523,56092400
30/03/2009,3.473188481222892,3.5078999626365497,3.242459302595789,3.471146583557129,3.471146583557129,53334000
31/03/2009,3.6018242669135603,3.8754322733906585,3.4711459555640523,3.5446527004241943,3.5446527004241943,63763200
01/04/2009,3.385388316224975,3.7958003380451224,3.330258255953888,3.7508797645568848,3.7508797645568848,68133600
02/04/2009,4.093909500200807,4.469609968614134,4.022445054675462,4.294011116027832,4.294011116027832,82758800
03/04/2009,4.265424346283916,4.49002791474393,4.140871766340824,4.479818820953369,4.479818820953369,57781200
06/04/2009,4.298095577568712,4.334848952565275,4.038780834058071,4.269509792327881,4.269509792327881,65904000
07/04/2009,4.048989851479099,4.157208076883085,3.78763282626206,3.8223443031311035,3.8223443031311035,60863200
08/04/2009,3.8958513427917327,4.071450637657404,3.808051695358897,4.061241149902344,4.061241149902344,70193600
09/04/2009,4.369559971885126,4.74117669885277,4.322597504070989,4.728925704956055,4.728925704956055,70584400
13/04/2009,4.594163291399617,4.8330597981304795,4.432856926675714,4.737092971801758,4.737092971801758,69776000
14/04/2009,4.518615707173905,4.686047802067742,4.302179628636011,4.328723907470703,4.328723907470703,72785600
15/04/2009,4.236840057826514,4.553326749738739,4.200086684169177,4.498197078704834,4.498197078704834,54108000
16/04/2009,4.675837704860264,5.00049197508078,4.4430668656274745,4.886148452758789,4.886148452758789,66235600
17/04/2009,4.918817753688714,5.182216258606889,4.769762764656223,5.0107011795043945,5.0107011795043945,58665200
20/04/2009,4.706465118366029,4.775888064628915,4.21642108962076,4.2613420486450195,4.2613420486450195,65198400
21/04/2009,4.183751427475236,4.728925500453967,4.142914653101477,4.690130233764648,4.690130233764648,84645200
22/04/2009,4.475736521023954,5.061747813305761,4.422648358805399,4.649293899536133,4.649293899536133,87870800
23/04/2009,4.749345042502905,4.775888931739405,4.410397838363464,4.626833915710449,4.626833915710449,71112000
24/04/2009,4.765679395877445,5.094417471539018,4.63704258824809,4.8820648193359375,4.8820648193359375,74148000
27/04/2009,4.657461545982152,4.953530066506173,4.598248075548626,4.745261192321777,4.745261192321777,61862000
28/04/2009,4.583955005281903,5.016827138232916,4.543117835251604,4.771805286407471,4.771805286407471,71332400
29/04/2009,4.961696228910652,5.488493607262775,4.912691866907204,5.314936637878418,5.314936637878418,75755600
30/04/2009,5.559959060723762,5.723307341525162,5.200593310303195,5.204677104949951,5.204677104949951,78446800
01/05/2009,5.225095854018399,5.421113329838237,5.141380008372163,5.276142120361328,5.276142120361328,55670800
04/05/2009,5.435406725048759,5.860111654311954,5.372109073056317,5.839693069458008,5.839693069458008,61229600
05/05/2009,5.7580175711420365,5.847858697217403,5.512995397686287,5.713096618652344,5.713096618652344,54028800
06/05/2009,5.93361668837765,6.031625795880929,5.461949391985472,5.782519817352295,5.782519817352295,63316800
07/05/2009,6.041835778641058,6.0847144530413955,5.253681345625324,5.4109039306640625,5.4109039306640625,69171600
08/05/2009,5.660009144068143,5.986705284542732,5.498703165682274,5.923408031463623,5.923408031463623,76466000
11/05/2009,5.602836951136643,5.802938173457092,5.508911641210466,5.670217990875244,5.670217990875244,44876000
12/05/2009,5.780477886794413,5.858068413556554,5.169964715317263,5.451740264892578,5.451740264892578,70102800
13/05/2009,5.172008692084477,5.198552584365317,4.692173617628426,4.710550308227539,4.710550308227539,63242000
14/05/2009,4.730967122854192,5.133211488535531,4.641125601325902,4.91064977645874,4.91064977645874,58016400
15/05/2009,4.875939487078431,5.045413086094274,4.70442438000222,4.841228008270264,4.841228008270264,52075600
18/05/2009,4.998449900642132,5.365983222115628,4.951487432891453,5.306769371032715,5.306769371032715,50842400
19/05/2009,5.300643030905155,5.496660856267991,5.1332113737016645,5.321061611175537,5.321061611175537,59279200
20/05/2009,5.4599076220324605,5.73759938575669,5.153630078907925,5.180174350738525,5.180174350738525,72479200
21/05/2009,4.969864683790095,5.110752492521052,4.716675241236508,4.9739484786987305,4.9739484786987305,50371600
22/05/2009,5.055621506767315,5.092374875331902,4.826934096505465,4.833059787750244,4.833059787750244,40015200
26/05/2009,4.6880891545563905,5.521164637894416,4.684005749023025,5.461950778961182,5.461950778961182,64140400
27/05/2009,5.398654453414785,5.594671973383687,5.153632164001465,5.153632164001465,5.153632164001465,70550000
28/05/2009,5.329230115511355,5.3925273747277,4.875939035475867,5.204677104949951,5.204677104949951,66473200
29/05/2009,5.284309689859549,5.5456667320082085,5.182217150036935,5.512997150421143,5.512997150421143,59346000
01/06/2009,5.913199874741508,6.243979883804844,5.827442512914426,6.150054931640625,6.150054931640625,69495200
02/06/2009,6.092881890545789,6.470624308914449,5.994873160538851,6.366489887237549,6.366489887237549,64938800
03/06/2009,6.2092663032382625,6.288898334825846,6.021416073005698,6.260312557220459,6.260312557220459,59378800
04/06/2009,6.372614886477726,6.554339446740576,6.145969757793739,6.523712158203125,6.523712158203125,65293600
05/06/2009,6.7156475372031155,6.752400915998556,6.3583236269508,6.517588138580322,6.517588138580322,70425600
08/06/2009,6.395075383170479,6.562507053466575,6.1194255015954635,6.329736232757568,6.329736232757568,53913600
09/06/2009,6.399161202115647,6.552300030393235,6.309319647146185,6.380784511566162,6.380784511566162,41654400
10/06/2009,6.59109283440921,6.5951766286730305,5.960161419827009,6.329736232757568,6.329736232757568,66480000
11/06/2009,6.335862819494306,6.6074289451813755,6.303193239671208,6.309318542480469,6.309318542480469,59232800
12/06/2009,6.194974258414059,6.3848664114103,6.062254057869481,6.3705735206604,6.3705735206604,44868800
15/06/2009,6.109217682397021,6.1173848831797955,5.67226173058479,5.86215353012085,5.86215353012085,54771600
16/06/2009,5.998958004879919,6.025502285699853,5.512997643241986,5.5660858154296875,5.5660858154296875,57727200
17/06/2009,5.572210920565606,5.853986154571546,5.410904523311012,5.664093971252441,5.664093971252441,56376000
18/06/2009,5.666134755499296,5.84377590838196,5.508912184130463,5.753934383392334,5.753934383392334,42480000
19/06/2009,5.976496820117782,6.04387787457025,5.776395554101614,5.856027603149414,5.856027603149414,49950800
22/06/2009,5.72739114262853,5.741684424880206,5.227137947383475,5.239388942718506,5.239388942718506,49795600
23/06/2009,5.316830605613203,5.374044520029401,5.090017188490236,5.114537715911865,5.114537715911865,53392000
24/06/2009,5.249399726611581,5.465996098392485,5.181968762295801,5.253486156463623,5.253486156463623,48579200
25/06/2009,5.12884327643688,5.729592349849416,5.114539792026702,5.717331886291504,5.717331886291504,67759600
26/06/2009,5.637639611363985,5.874669732885506,5.557948564052281,5.731634140014648,5.731634140014648,44185600
29/06/2009,5.7847621809621055,5.876713697880637,5.488474695956994,5.770458698272705,5.770458698272705,45377200
30/06/2009,5.778631938781825,5.8930601820994974,5.617206040221329,5.674420356750488,5.674420356750488,52548000
01/07/2009,5.809284191328246,6.09944190875175,5.792937294138504,5.960493087768555,5.960493087768555,42904400
02/07/2009,5.6968973075095946,5.698940717793178,5.294354835419493,5.390392780303955,5.390392780303955,52587200
06/07/2009,5.231010297903129,5.306614524233662,4.963329805931247,5.2207932472229,5.2207932472229,55745200
07/07/2009,5.186056920620425,5.224880940208822,4.875465933135348,4.879552364349365,4.879552364349365,49429600
08/07/2009,4.934722500852531,4.998066656711828,4.548526945489483,4.77125358581543,4.77125358581543,73708000
09/07/2009,4.8672912753522,4.893855216272873,4.701778958638025,4.740602970123291,4.740602970123291,47029200
10/07/2009,4.642521779505031,4.838684880190386,4.566917547481178,4.773297309875488,4.773297309875488,53613600
13/07/2009,4.842771855922652,5.1370159317666655,4.587351407609024,5.124755859375,5.124755859375,53947600
14/07/2009,5.132928789708023,5.2657473264830035,5.038933875085011,5.222836494445801,5.222836494445801,48351200
15/07/2009,5.517081567521314,5.8746701876384355,5.451693996486975,5.811326026916504,5.811326026916504,56208000
16/07/2009,5.768414940528536,6.130090365638992,5.719374264372301,6.04426908493042,6.04426908493042,43914400
17/07/2009,6.091265870378638,6.103526330756069,5.925753552689511,5.976837635040283,5.976837635040283,36145200
20/07/2009,6.093310369029414,6.256779695600532,6.019749152585376,6.183218479156494,6.183218479156494,48164800
21/07/2009,6.365077148442553,6.375294199664779,5.919623848410478,6.150524139404297,6.150524139404297,52718000
22/07/2009,6.062658987328217,6.412073928047561,6.040181866086403,6.279255390167236,6.279255390167236,43599600
23/07/2009,6.289472236237984,6.988302484708871,6.262908295680738,6.877960681915283,6.877960681915283,56798800
24/07/2009,6.753316560159962,7.006693990209209,6.665451862766531,6.976043224334717,6.976043224334717,45610400
27/07/2009,6.996476787792476,7.145642225934601,6.843224529217256,7.1006879806518555,7.1006879806518555,47038800
28/07/2009,6.976044211854246,7.192641065307807,6.820748898827434,7.117036819458008,7.117036819458008,45049200
29/07/2009,6.992390182422918,7.108861840163877,6.890222006897072,7.014867305755615,7.014867305755615,44200000
30/07/2009,7.300936465078969,7.625831238161395,7.2273752667235245,7.372454643249512,7.372454643249512,54739600
31/07/2009,7.298895259148448,7.570662221201115,7.2845917758552226,7.305025100708008,7.305025100708008,47981200
03/08/2009,7.570663010342729,7.711655616760254,7.337719653021638,7.711655616760254,7.711655616760254,47497200
04/08/2009,7.56861874703572,8.020201902765601,7.552271464547834,7.934381008148193,7.934381008148193,47244000
05/08/2009,7.946640418545566,7.9589008799918455,7.484840616807301,7.7177839279174805,7.7177839279174805,54996000
06/08/2009,7.807693943246331,7.873081531285688,7.319330054054208,7.376543998718262,7.376543998718262,45204000
07/08/2009,7.725958518149513,8.210235502300455,7.599269406082586,7.936424732208252,7.936424732208252,52958800
10/08/2009,7.852647541784131,8.103981208321647,7.75865298931933,7.973206043243408,7.973206043243408,42270800
11/08/2009,7.866949587912696,7.893513532048732,7.458276882047102,7.562488079071045,7.562488079071045,46566000
12/08/2009,7.570662871590511,8.19593248726752,7.566576050372583,7.913948059082031,7.913948059082031,53666000
13/08/2009,8.097851225407917,8.175498491148671,7.742305569480074,8.114197731018066,8.114197731018066,50482800
14/08/2009,8.061069627092587,8.085589772248289,7.3663256853363555,7.593139171600342,7.593139171600342,50938400
17/08/2009,7.141555440984077,7.170162404676577,6.9126989519627795,6.95356559753418,6.95356559753418,49169200
18/08/2009,7.106818600463277,7.364282859597078,7.000563596001228,7.23146390914917,7.23146390914917,35877600
19/08/2009,6.996477155998168,7.521621527327681,6.949479108284847,7.495057582855225,7.495057582855225,44694400
20/08/2009,7.454188960557339,7.793387225151058,7.360194439165622,7.740260124206543,7.740260124206543,44445600
21/08/2009,7.987510221762434,8.361445443159258,7.956859448762669,8.273581504821777,8.273581504821777,41481600
24/08/2009,8.390051644308539,8.54330392201851,8.150977685750659,8.244972229003906,8.244972229003906,44484400
25/08/2009,8.38392162322998,8.631169241371282,8.302187536956733,8.38392162322998,8.38392162322998,49751600
26/08/2009,8.347140112531259,8.541259813179247,8.228625427381573,8.428874969482422,8.428874969482422,39542400
27/08/2009,8.39413590730541,8.473826942713309,7.887381177490935,8.410482406616211,8.410482406616211,52609200
28/08/2009,8.649557793812656,8.725162022646833,8.07332858806606,8.236798286437988,8.236798286437988,53116000
31/08/2009,7.98137936637962,8.050853767481064,7.764782520714785,7.881254196166992,7.881254196166992,44190800
01/09/2009,7.742304271737676,8.259274994143988,7.270287796316721,7.34384822845459,7.34384822845459,70307200
02/09/2009,7.24780953142345,7.409234632075861,7.17833515133311,7.229419231414795,7.229419231414795,37950000
03/09/2009,7.35610990825986,7.4909718920653665,7.080256098492697,7.486885070800781,7.486885070800781,32220400
04/09/2009,7.4541906998190495,7.8179091897538395,7.325458568192143,7.781129360198975,7.781129360198975,31873200
08/09/2009,8.046769516669029,8.06311602713015,7.785218333955912,8.052899360656738,8.052899360656738,29300400
09/09/2009,8.034506061227159,8.604604724518463,7.975248326444609,8.447265625,8.447265625,38880000
10/09/2009,8.45952680781536,8.83346199397586,8.263363282168338,8.77420425415039,8.77420425415039,39842800
11/09/2009,8.853895417073314,9.025537222107301,8.639341601818025,8.759900093078613,8.759900093078613,39861200
14/09/2009,8.573953611805173,9.070491036682274,8.533086183273625,9.058231353759766,9.058231353759766,31221600
15/09/2009,9.043928197640723,9.346346738082977,8.925413497829751,9.268698692321777,9.268698692321777,38621600
16/09/2009,9.389255939932044,9.861272434777199,9.311607904529634,9.855142593383789,9.855142593383789,38573600
17/09/2009,9.822451476002216,10.112609592680089,9.640592190086002,9.779541015625,9.779541015625,38508800
18/09/2009,9.977743083090125,9.98182912362994,9.599720415697577,9.898051261901855,9.898051261901855,29864800
21/09/2009,9.634458159901792,9.945048691967347,9.585417098297045,9.863314628601074,9.863314628601074,33274000
22/09/2009,10.056216928661545,10.164633989545969,9.855747278187444,10.045989036560059,10.045989036560059,32219200
23/09/2009,10.123721252395137,10.352829286439013,9.728918576218657,9.784150123596191,9.784150123596191,40048000
24/09/2009,9.857793199215314,9.949845794919012,9.010910879417683,9.21342658996582,9.21342658996582,42557200
25/09/2009,9.092735653230859,9.278886112510436,8.898402567527558,9.045686721801758,9.045686721801758,32602800
28/09/2009,9.237972983586694,9.839381929049212,9.143875128644462,9.696189880371094,9.696189880371094,25790400
29/09/2009,9.704372654819073,9.949845988013381,9.534587446415669,9.58572769165039,9.58572769165039,29348800
30/09/2009,9.632776045534536,9.685961554038014,8.892265557470674,9.229790687561035,9.229790687561035,44966400
01/10/2009,9.166376004432879,9.195014411185385,8.356314088789382,8.389043807983398,8.389043807983398,48537200
02/10/2009,8.123115264594487,8.436094053632099,8.018789521807355,8.227441787719727,8.227441787719727,37894400
05/10/2009,8.341995810268523,8.747026422825934,8.245852688417122,8.667247772216797,8.667247772216797,34412000
06/10/2009,8.853399063474996,9.260475761565832,8.79407697167014,9.113191604614258,9.113191604614258,46868400
07/10/2009,9.05182352752089,9.240019257937506,8.994546701800742,9.139784812927246,9.139784812927246,33600000
08/10/2009,9.391394716155292,9.653232525184416,9.235928712128803,9.383212089538574,9.383212089538574,35821200
09/10/2009,9.420032933201574,9.74528492124329,9.36071006197061,9.722783088684082,9.722783088684082,26814000
12/10/2009,9.870067294562165,10.000986197034885,9.577545030451711,9.7186918258667,9.7186918258667,23868400
13/10/2009,9.653229598945808,9.749373481702019,9.334115061011127,9.61231803894043,9.61231803894043,28617600
14/10/2009,10.025530935594555,10.20554477427835,9.78210370739683,10.16258716583252,10.16258716583252,37704800
15/10/2009,10.00916719333952,10.205545515064633,9.90484067344062,10.148268699645996,10.148268699645996,23939600
16/10/2009,9.93757143480601,9.992802205215638,9.569361096487796,9.831199645996094,9.831199645996094,32295200
19/10/2009,9.923252301321698,10.211683237516652,9.685961607575058,10.052125930786133,10.052125930786133,33948000
20/10/2009,10.093039343234148,10.123723804068337,9.491630309657731,9.640959739685059,9.640959739685059,34202400
21/10/2009,9.606180501908662,10.146221199445154,9.221606538716298,9.280928611755371,9.280928611755371,39776400
22/10/2009,9.246157216483631,9.775970229698874,8.933178360578461,9.651187896728516,9.651187896728516,43208400
23/10/2009,9.71255578887672,9.816882331596636,9.019094152110503,9.062051773071289,9.062051773071289,59275200
26/10/2009,9.145922753701274,9.548908201211724,8.675432577309545,8.787940979003906,8.787940979003906,57561200
27/10/2009,8.818623506845878,8.959770294668612,8.440185245632428,8.464733123779297,8.464733123779297,54654000
28/10/2009,8.393136008883438,8.491325176859338,7.5442084860272125,7.621941089630127,7.621941089630127,70145200
29/10/2009,7.830591019686151,8.188572595481345,7.758995016662276,8.063790321350098,8.063790321350098,46054800
30/10/2009,7.945148621603577,7.9717417679239935,7.247595699850318,7.384651184082031,7.384651184082031,72939200
02/11/2009,7.511479233803958,7.6996749557930455,7.00007679752293,7.353967189788818,7.353967189788818,68894400
03/11/2009,7.204636547253748,7.6771718186304145,7.13303975014288,7.675126552581787,7.675126552581787,45966800
04/11/2009,7.824457782474263,7.916510383041608,7.362150293446832,7.378514766693115,7.378514766693115,54284800
05/11/2009,7.636260137348268,8.09038488594114,7.560572028967752,8.039244651794434,8.039244651794434,44523200
06/11/2009,7.804000462198698,8.288809689461582,7.734449708808987,8.067883491516113,8.067883491516113,40208800
09/11/2009,8.282671537245834,8.558828451876803,8.274488913616104,8.55064582824707,8.55064582824707,26816400
10/11/2009,8.481096814195222,8.661110668997155,8.17834670131903,8.3685884475708,8.3685884475708,31129600
11/11/2009,8.581331874220215,8.796120712289909,8.350177785844444,8.544510841369629,8.544510841369629,36202400
12/11/2009,8.560876302609879,8.744981488180528,8.000379680473769,8.071975708007812,8.071975708007812,40644400
13/11/2009,8.147661700793458,8.395180223146786,7.855139526980262,8.30517292022705,8.30517292022705,31499600
16/11/2009,8.468821391934263,9.12341563373538,8.460638768827277,8.949539184570312,8.949539184570312,41289200
17/11/2009,8.865672281443002,9.039548790089812,8.714296823530995,8.93317699432373,8.93317699432373,29346000
18/11/2009,8.9802271175098,9.000682902881072,8.65292908920212,8.882037162780762,8.882037162780762,28557600
19/11/2009,8.628381609376605,8.669293958649309,8.033109229456343,8.21721363067627,8.21721363067627,50386400
20/11/2009,8.058905539300241,8.308866274941337,8.001044356000904,8.197772026062012,8.197772026062012,32859200
23/11/2009,8.549567332890028,8.910621401005479,8.475505095772732,8.623629570007324,8.623629570007324,34020000
24/11/2009,8.605116707856235,8.6143747106456,8.19545935479013,8.494023323059082,8.494023323059082,32871600
25/11/2009,8.660661712344691,8.702321836009261,8.461619978370383,8.484764099121094,8.484764099121094,24114000
27/11/2009,7.596016213806412,8.21165918021544,7.53815502943379,7.869121074676514,7.869121074676514,25742400
30/11/2009,7.799689727581409,7.991788447330259,7.46872360181848,7.9570722579956055,7.9570722579956055,42423600
01/12/2009,8.202401075950693,8.419959691513847,8.114452712489278,8.320438385009766,8.320438385009766,27958000
02/12/2009,8.35978422597983,8.841189735710081,8.352841165919457,8.625946044921875,8.625946044921875,29878800
03/12/2009,8.760181378824226,8.917563842526796,8.301920987299022,8.32275104522705,8.32275104522705,30732000
04/12/2009,8.845818043055381,9.116607958875477,8.43153175603453,8.91756534576416,8.91756534576416,55439200
07/12/2009,8.915252731016906,9.10040837219702,8.785643340744958,8.95228385925293,8.95228385925293,25489200
08/12/2009,8.806473732637095,8.943026188621284,8.466250505236175,8.753241539001465,8.753241539001465,31754800
09/12/2009,8.709264899700454,8.783327138099082,8.4384741232061,8.681490898132324,8.681490898132324,33437600
10/12/2009,8.79489916792236,8.929137526378579,8.463933154919223,8.575026512145996,8.575026512145996,28670400
11/12/2009,8.737039395101139,8.848132770204431,8.505594642913028,8.801843643188477,8.801843643188477,25710400
14/12/2009,9.010143670231491,9.216129344628843,8.725466750041617,9.199928283691406,9.199928283691406,23991600
15/12/2009,9.144378971000686,9.40822664934925,9.06800268526427,9.137435913085938,9.137435913085938,24616000
16/12/2009,9.311020445984756,9.445258799678722,9.13512285733874,9.297133445739746,9.297133445739746,31967200
17/12/2009,9.137437744723421,9.241588048778981,8.804157654637198,8.993942260742188,8.993942260742188,29513200
18/12/2009,9.183726872053972,9.225386993699816,8.868961900903852,9.223072052001953,9.223072052001953,33234800
21/12/2009,9.419801553643588,9.644302362018125,9.419801553643588,9.591070175170898,9.591070175170898,22127600
22/12/2009,9.651242935208339,9.905831719569619,9.581809710645386,9.866486549377441,9.866486549377441,19458000
23/12/2009,10.058587739429381,10.266888349286221,9.880375191638882,10.257630348205566,10.257630348205566,22917600
24/12/2009,10.334008639564825,10.394183887250746,10.273832508987233,10.368724822998047,10.368724822998047,9256400
28/12/2009,10.505274403730459,10.507589345064178,10.202082422979236,10.352520942687988,10.352520942687988,13432400
29/12/2009,10.435844928176,10.472876056818139,10.306235536482635,10.331694602966309,10.331694602966309,9808800
30/12/2009,10.229856055815493,10.438155758915753,10.04932858699216,10.317805290222168,10.317805290222168,18596000
31/12/2009,10.331696169932329,10.472877645196574,9.880378614168684,9.891951560974121,9.891951560974121,16210000
04/01/2010,10.336321253851937,10.681174278259277,10.32937819471411,10.681174278259277,10.681174278259277,20728400
05/01/2010,10.623313312475295,10.76449385418373,10.345579463757932,10.567766189575195,10.567766189575195,24037600
06/01/2010,10.574708334133414,10.741348805527624,10.468243980916665,10.55156421661377,10.55156421661377,25625200
07/01/2010,10.553878736093216,10.796896395119429,10.271516781878649,10.778380393981934,10.778380393981934,30396400
08/01/2010,10.660345209223328,10.947336196899414,10.595540080641928,10.947336196899414,10.947336196899414,19520000
11/01/2010,11.102405731803227,11.14406586040559,10.704320450888094,10.845501899719238,10.845501899719238,23926800
12/01/2010,10.630255378736056,10.776065790197926,10.324748438553131,10.46130084991455,10.46130084991455,31879200
13/01/2010,10.574708862460522,10.933448882178594,10.310862024831863,10.868643760681152,10.868643760681152,30508800
14/01/2010,10.759864832544801,11.088515893174673,10.697374655616974,10.988994598388672,10.988994598388672,21215200
15/01/2010,11.005194856630636,11.088515086472764,10.327061842838395,10.52379035949707,10.52379035949707,43724000
19/01/2010,10.627942693191509,11.102405145798574,10.627942693191509,11.088518142700195,11.088518142700195,22528400
20/01/2010,10.861701768146759,10.868644827852965,10.25994579457125,10.627942085266113,10.627942085266113,45854000
21/01/2010,10.660343280333743,10.894102040626537,9.998411292073074,10.072473526000977,10.072473526000977,71236800
22/01/2010,10.053958752788427,10.19745512106222,9.43831580633903,9.5054349899292,9.5054349899292,66875200
25/01/2010,9.699849398070308,9.739195464515307,9.368883336273575,9.570240020751953,9.570240020751953,33976000
26/01/2010,9.477662257909374,9.683647934775767,9.27399063996538,9.32722282409668,9.32722282409668,32632000
27/01/2010,9.188356673776157,9.637359167133244,9.088835361487519,9.586441040039062,9.586441040039062,45107600
28/01/2010,9.6512476533151,9.667448717536793,8.8643350358681,9.10966682434082,9.10966682434082,59201600
29/01/2010,9.23001857159495,9.523953564000575,8.767128986620765,8.804160118103027,8.804160118103027,49791600
01/02/2010,8.959226076175396,9.18604182562256,8.845818642897644,9.13280963897705,9.13280963897705,28654800
02/02/2010,9.195299217328357,9.468404075310927,8.97079754181092,9.424429893493652,9.424429893493652,26247600
03/02/2010,9.327224132099655,9.500807711045274,9.033289165804728,9.250847816467285,9.250847816467285,32651600
04/02/2010,9.068005425704525,9.070319484744976,8.30886692403792,8.343583106994629,8.343583106994629,52177200
05/02/2010,8.401443201579113,8.447732322389694,7.899208580446899,8.424588203430176,8.424588203430176,57425200
08/02/2010,8.338953252673582,8.572712921962438,8.158426647675844,8.188514709472656,8.188514709472656,33863200
09/02/2010,8.491708470261097,8.669921052818589,8.225547508954515,8.514853477478027,8.514853477478027,44025200
10/02/2010,8.440789710505193,8.644460440236527,8.188514915757171,8.56576919555664,8.56576919555664,32222800
11/02/2010,8.51947923149613,9.00782677858814,8.320436659759624,8.986997604370117,8.986997604370117,30728800
12/02/2010,8.737035964107855,9.199925286709597,8.658344743949907,9.195296287536621,9.195296287536621,32789200
16/02/2010,9.489234572317098,9.68133413500809,9.225387703520212,9.651246070861816,9.651246070861816,26460400
17/02/2010,9.79705559020121,9.922035070157163,9.639673107258027,9.864173889160156,9.864173889160156,27354800
18/02/2010,9.85491810380556,10.11182104054244,9.766968849587748,10.107192039489746,10.107192039489746,23573600
19/02/2010,9.986842792851759,10.301606957780834,9.935924657794917,10.153482437133789,10.153482437133789,27122800
22/02/2010,10.320121533639098,10.33863665470735,10.134965908498238,10.241430282592773,10.241430282592773,20672400
23/02/2010,10.204396642556867,10.248370816786164,9.801682484599494,9.887317657470703,9.887317657470703,32285200
24/02/2010,9.991468810930208,10.278460671513944,9.912778448411073,10.128021240234375,10.128021240234375,24984000
25/02/2010,9.734567497803265,10.176626980170141,9.637360233764129,10.134966850280762,10.134966850280762,32762800
26/02/2010,10.185881095046165,10.211340153899963,9.864173095838668,10.007669448852539,10.007669448852539,27204800
01/03/2010,10.236800954957893,10.748293628992,10.211341891771209,10.702005386352539,10.702005386352539,30535600
02/03/2010,10.840870032620659,11.15563497312187,10.792266856396894,10.968164443969727,10.968164443969727,29542400
03/03/2010,11.125548455470554,11.336163131175335,10.984367024402985,11.146378517150879,11.146378517150879,26676800
04/03/2010,11.169519482478545,11.273669761458969,11.021395033658102,11.238953590393066,11.238953590393066,22682400
05/03/2010,11.449571493330968,11.974951155544968,11.352364244081013,11.919404029846191,11.919404029846191,27772800
08/03/2010,11.928659966453758,12.095299548921929,11.866169791943896,11.984206199645996,11.984206199645996,20390000
09/03/2010,11.880055886011114,12.396177418107355,11.880055886011114,12.123072624206543,12.123072624206543,29595200
10/03/2010,12.162421698149677,12.627626150099047,12.1369626338381,12.426268577575684,12.426268577575684,34927200
11/03/2010,12.211026648370051,12.59059684300185,12.07447418788878,12.544307708740234,12.544307708740234,33607600
12/03/2010,12.745659170046633,12.75260222830983,12.275826725886288,12.530415534973145,12.530415534973145,31562400
15/03/2010,12.498012731205133,12.572074958240224,12.13001565435955,12.417007446289062,12.417007446289062,28020000
16/03/2010,12.567448279925816,12.729459762573242,12.33600355696994,12.729459762573242,12.729459762573242,28336800
17/03/2010,12.812779140983503,13.1923483197993,12.798892140700671,12.958589553833008,12.958589553833008,27024400
18/03/2010,12.919246623355068,13.118289261157123,12.75955005443774,12.828983306884766,12.828983306884766,28430400
19/03/2010,12.319802284240723,12.960904261704144,12.199450924435057,12.319802284240723,12.319802284240723,39089600
22/03/2010,12.07678436205905,12.937758917564597,11.988835129975111,12.833608627319336,12.833608627319336,36448000
23/03/2010,12.91454374373628,13.36906957967408,12.735980180444743,13.352836608886719,13.352836608886719,34403600
24/03/2010,13.137168703886307,13.285584939115443,12.893672378043554,12.900629997253418,12.900629997253418,37555600
25/03/2010,13.239203959697264,13.50357047560455,12.633943312946112,12.647857666015625,12.647857666015625,40787200
26/03/2010,12.817146520413612,13.065280096526754,12.501761556665537,12.640901565551758,12.640901565551758,29498800
29/03/2010,12.819465543589185,12.960925058398345,12.650178203046782,12.842656135559082,12.842656135559082,22694000
30/03/2010,12.923818186754676,13.155718748263922,12.675684656710217,12.960922241210938,12.960922241210938,22200400
31/03/2010,12.807869867047796,13.20441967563412,12.638582537381655,12.657135009765625,12.657135009765625,21059600
01/04/2010,12.947011385212544,13.137169813236358,12.58988423614124,12.974839210510254,12.974839210510254,23216400
05/04/2010,13.102385506046096,13.721559759319701,12.993391927604245,13.71924114227295,13.71924114227295,19189200
06/04/2010,13.577782223789551,14.043903003135599,13.487341116205291,13.939547538757324,13.939547538757324,21384000
07/04/2010,13.897801653027994,14.048537381958909,13.542994053232162,13.818955421447754,13.818955421447754,29719600
08/04/2010,13.6705377024617,13.974326859087926,13.369067162115579,13.78184986114502,13.78184986114502,23618000
09/04/2010,13.818954841372573,14.006794619360427,13.568501804055433,13.988242149353027,13.988242149353027,24535200
12/04/2010,14.016070571531127,14.247971148797806,13.918672753701761,14.155211448669434,14.155211448669434,22656400
13/04/2010,14.07404664417491,14.28043891464555,13.814318228201026,14.252610206604004,14.252610206604004,22811600
14/04/2010,14.519294955959488,15.177891731262207,14.447405460165095,15.177891731262207,15.177891731262207,28808000
15/04/2010,15.163982013921347,15.412115616592466,15.119920328174617,15.319355010986328,15.319355010986328,30279600
16/04/2010,15.196447053954557,15.344863306366092,14.387114401075827,14.734965324401855,14.734965324401855,52754000
19/04/2010,14.472918884673762,14.901935598789954,13.895485902727586,14.533212661743164,14.533212661743164,37409200
20/04/2010,14.737281649926016,15.126875578877106,14.570313834238986,15.09672737121582,15.09672737121582,32377600
21/04/2010,15.187170259421343,15.504874727995265,15.010927071941751,15.423709869384766,15.423709869384766,30381600
22/04/2010,14.959908806798687,16.001142047542743,14.718731960727274,15.919977188110352,15.919977188110352,34154000
23/04/2010,16.019692973383737,16.460304442502977,15.746050209973774,16.413923263549805,16.413923263549805,32025200
26/04/2010,16.430157079901104,16.752498770864335,16.19361924747371,16.20985221862793,16.20985221862793,32572000
27/04/2010,16.01273571046984,16.47653686913068,15.003966774973708,15.108323097229004,15.108323097229004,46257200
28/04/2010,15.370369630664703,15.484000415563363,14.94599115923827,15.177891731262207,15.177891731262207,33090000
29/04/2010,15.509509462220763,16.133322560781483,15.231229486327864,16.124046325683594,16.124046325683594,29111600
30/04/2010,16.114772156318043,16.21448948482681,14.667712911508584,14.714093208312988,14.714093208312988,30391600
03/05/2010,14.997012507476693,15.73445654181721,14.973822799581466,15.69735336303711,15.69735336303711,25636800
04/05/2010,15.013244296409345,15.022520532688434,13.939545159076367,14.215506553649902,14.215506553649902,37467600
05/05/2010,13.858378545605794,14.201592189267537,13.267032231838288,13.575460433959961,13.575460433959961,40179600
06/05/2010,13.2925404897493,13.754023009402513,9.80707523506741,12.088976860046387,12.088976860046387,56622400
07/05/2010,11.75272465956372,12.25363001312469,10.66511096221705,11.050065994262695,11.050065994262695,67956800
10/05/2010,12.67104865226742,12.914544105529785,12.341750224635199,12.914544105529785,12.914544105529785,38818000
11/05/2010,12.441466664763173,13.716919874642208,12.302325783816237,13.141805648803711,13.141805648803711,43584800
12/05/2010,13.36211024564143,14.39638743306448,13.308773222094416,14.359282493591309,14.359282493591309,35477200
13/05/2010,14.266527163698543,14.646844063353504,13.733155880410958,13.941865921020508,13.941865921020508,35140000
14/05/2010,13.668221155705323,13.677497392091434,12.580607651405654,13.13021183013916,13.13021183013916,48388400
17/05/2010,13.371387113634826,13.689090653558086,12.116805038784207,13.202099800109863,13.202099800109863,44734800
18/05/2010,13.719239678495528,13.842146715365676,12.337112292856748,12.522632598876953,12.522632598876953,47578800
19/05/2010,12.290733447099578,12.701197670262173,11.486037974179347,12.019410133361816,12.019410133361816,58729600
20/05/2010,11.077891239868213,11.249497180291465,10.166521854559559,10.20130729675293,10.20130729675293,87754800
21/05/2010,9.684169417716696,10.906285780640777,9.542710783837046,10.630324363708496,10.630324363708496,73423200
24/05/2010,10.484227459622922,10.801931965403531,10.171161957312604,10.21058464050293,10.21058464050293,44895200
25/05/2010,9.54039135379262,10.217541623386705,9.030209813479667,10.196670532226562,10.196670532226562,65732000
26/05/2010,10.303344832657459,11.031512653131522,10.094633916444208,10.247688293457031,10.247688293457031,53673600
27/05/2010,11.01991449689519,11.590389650771163,10.783375824271646,11.5857515335083,11.5857515335083,52986000
28/05/2010,11.481399094245846,11.60894514058732,10.869181610329347,11.14050579071045,11.14050579071045,55608400
01/06/2010,10.80656736606703,11.247178850130556,10.113185082864469,10.122461318969727,10.122461318969727,53400400
02/06/2010,10.321894129391094,11.001362879999355,10.02274306212296,10.989768028259277,10.989768028259277,45120000
03/06/2010,11.068615195983973,11.50226905712884,10.897009252584223,11.39095687866211,11.39095687866211,50314000
04/06/2010,10.507415879244801,10.806566963125185,9.61691759284685,9.714315414428711,9.714315414428711,65452800
07/06/2010,9.855775804105075,9.950855017653572,8.93976822891507,8.967596054077148,8.967596054077148,54098400
08/06/2010,9.044122084417408,9.248194830428995,8.431904731013102,8.909619331359863,8.909619331359863,83956000
09/06/2010,9.143838491042617,9.593725226476979,8.802944409386207,8.942085266113281,8.942085266113281,61567200
10/06/2010,9.433715732001671,9.88360254192182,9.327041676757283,9.8789644241333,9.8789644241333,42021200
11/06/2010,9.526475648628494,10.307980306114533,9.466181006248062,10.277832984924316,10.277832984924316,42489200
14/06/2010,10.69293453682336,11.015276160831025,10.382187763427332,10.458714485168457,10.458714485168457,46587200
15/06/2010,10.748592014608734,11.33993922802138,10.607133397509372,11.219350814819336,11.219350814819336,39900400
16/06/2010,10.959623973314862,11.45125397225939,10.89933019551338,11.114997863769531,11.114997863769531,38770800
17/06/2010,11.307472102164208,11.363128631638235,10.753229847182329,11.135866165161133,11.135866165161133,41837600
18/06/2010,11.251815647184584,11.448930775811265,10.994405875583073,11.177607536315918,11.177607536315918,31198800
21/06/2010,11.704022585873677,11.766635848790857,10.63959888554265,10.834395408630371,10.834395408630371,51934000
22/06/2010,10.959621628996704,11.30979201959789,10.11086549453984,10.166522026062012,10.166522026062012,60342000
23/06/2010,10.07839949936342,10.435526622764929,9.707358906628443,10.048253059387207,10.048253059387207,56962000
24/06/2010,9.802441328910598,10.045936853046474,9.51720361382219,9.589092254638672,9.589092254638672,65309200
25/06/2010,9.700400873227156,10.192029813937081,9.438352992087577,10.073760032653809,10.073760032653809,57304000
28/06/2010,10.032017231656901,10.338126766265358,9.725908581678825,9.885920524597168,9.885920524597168,42954400
29/06/2010,9.403568396903802,9.403568396903802,8.566407156681638,8.751928329467773,8.751928329467773,75113200
30/06/2010,8.684679223398286,9.085867228067611,8.366975591424218,8.455097198486328,8.455097198486328,56859600
01/07/2010,8.49219775776798,8.573363479750812,7.6341655595360995,8.267254829406738,8.267254829406738,92303200
02/07/2010,8.394802635473054,8.450458288976327,7.854473765314028,8.009847640991211,8.009847640991211,56924400
06/07/2010,8.438864355268997,8.638299052106882,7.5414091041292695,7.696782112121582,7.696782112121582,62783600
07/07/2010,7.757077085423546,8.499159358229873,7.757077085423546,8.471330642700195,8.471330642700195,54134000
08/07/2010,8.770479747509066,8.91425785748924,8.464371056774244,8.840049743652344,8.840049743652344,57048400
09/07/2010,8.856285685012294,9.245878855700154,8.758887834655726,9.238922119140625,9.238922119140625,40942400
12/07/2010,9.180946700062279,9.368786543621257,8.682359952447515,8.960640907287598,8.960640907287598,46018400
13/07/2010,9.324727803922858,9.892884748811616,9.218053684290322,9.779253005981445,9.779253005981445,52462800
14/07/2010,9.711999118919174,9.87896697933971,9.461546001342253,9.677213668823242,9.677213668823242,43745200
15/07/2010,9.737505986176512,9.744462720668169,9.076588785922691,9.422121047973633,9.422121047973633,53668800
16/07/2010,9.206456212671714,9.264431376624772,8.318276276288088,8.40639877319336,8.40639877319336,68291600
19/07/2010,8.48060361734784,8.56176846149515,8.014483869502447,8.47596549987793,8.47596549987793,47808000
20/07/2010,8.139711479088422,8.965278011950588,8.03071878828736,8.907302856445312,8.907302856445312,50894400
21/07/2010,9.136886339955225,9.183265764159728,8.376251575096184,8.448141098022461,8.448141098022461,61135200
22/07/2010,8.828456151980614,9.433716885625014,8.821499416762371,9.34559440612793,9.34559440612793,50320800
23/07/2010,9.194856994817252,10.073759391079696,9.11832939008071,10.027379989624023,10.027379989624023,60817200
26/07/2010,10.157245656179274,10.734678514011062,10.004191302298524,10.72076416015625,10.72076416015625,41368000
27/07/2010,11.008322886534167,11.09644448657737,10.479588863121576,10.583944320678711,10.583944320678711,46785600
28/07/2010,10.5561136232601,10.688296872014039,9.899834612227,10.073760032653809,10.073760032653809,42754400
29/07/2010,10.32885290673781,10.47263103062958,9.524157543960023,9.990278244018555,9.990278244018555,60778800
30/07/2010,9.596045521493885,10.282470974007136,9.463862271673104,10.029699325561523,10.029699325561523,50621200
02/08/2010,10.549159862268787,10.71148959270717,10.273197551262168,10.507417678833008,10.507417678833008,42723600
03/08/2010,10.419291337394435,10.711485628681144,10.029698359258587,10.2801513671875,10.2801513671875,42402800
04/08/2010,10.447121896270485,10.683660615404193,10.31957674266923,10.595538139343262,10.595538139343262,46077200
05/08/2010,10.30334363385158,10.565391557134044,10.205944922740954,10.229135513305664,10.229135513305664,39231600
06/08/2010,9.742144858643913,10.189713135279902,9.461545314946314,10.052891731262207,10.052891731262207,60582800
09/08/2010,10.28479041276657,10.502777525054599,10.062166067333722,10.389145851135254,10.389145851135254,36321600
10/08/2010,10.083038331691599,10.178117545605302,9.582133053697106,9.823309898376465,9.823309898376465,73180000
11/08/2010,9.21804813100737,9.22732436659518,8.594235884130713,8.675400733947754,8.675400733947754,79106000
12/08/2010,8.151305766721753,8.696271777599092,8.123477060099468,8.513070106506348,8.513070106506348,69913600
13/08/2010,8.420308587158743,8.48987856943421,8.197683405394804,8.23015022277832,8.23015022277832,55800400
16/08/2010,8.067821354131876,8.582640037861708,7.970422650963203,8.427267074584961,8.427267074584961,58672400
17/08/2010,8.705549423453308,9.081228177409626,8.561770403170595,8.865560531616211,8.865560531616211,62242800
18/08/2010,8.837731345567493,9.201815189526041,8.580321557307387,8.935129165649414,8.935129165649414,61541200
19/08/2010,8.849327039122368,8.925854663288755,8.158263343337982,8.232471466064453,8.232471466064453,85526000
20/08/2010,8.128115470117194,8.253342000528479,7.842877851711854,8.227832794189453,8.227832794189453,69579200
23/08/2010,8.422626692029002,8.545533682743674,7.889255680782184,7.898531913757324,7.898531913757324,65551200
24/08/2010,7.5390882928582,7.898534938958511,7.3048690706248385,7.636487007141113,7.636487007141113,79438000
25/08/2010,7.439372936306442,8.026081270885445,7.362845300684449,7.975062847137451,7.975062847137451,80844400
26/08/2010,8.058546149711978,8.26725705132655,7.703738501597824,7.787222862243652,7.787222862243652,66372000
27/08/2010,8.063186742220024,8.445822333083887,7.590109143150738,8.417994499206543,8.417994499206543,84599200
30/08/2010,8.271895023554652,8.411035931930671,7.8475173318899305,7.854474067687988,7.854474067687988,61731200
31/08/2010,7.796499239138451,8.088694539808644,7.613298406561922,7.828965187072754,7.828965187072754,92461200
01/09/2010,8.202323626039314,8.71714321926227,8.123477390001838,8.693953514099121,8.693953514099121,71003600
02/09/2010,8.69395313923858,9.060355595875203,8.605830671083238,8.990785598754883,8.990785598754883,49813600
03/09/2010,9.396610104537485,9.556621160672812,9.160071444621982,9.452265739440918,9.452265739440918,62879200
07/09/2010,9.380378162328014,9.385016279848518,8.842368914776266,8.930490493774414,8.930490493774414,61640000
08/09/2010,9.004700486138434,9.306171081295002,8.986148014002984,9.092822074890137,9.092822074890137,52040800
09/09/2010,9.517201486154304,9.526477723099033,8.909621235734164,9.116013526916504,9.116013526916504,59230400
10/09/2010,9.225003798528935,9.368782779620666,9.04644026495146,9.197175979614258,9.197175979614258,47988800
13/09/2010,9.517201771316202,9.960131925446063,9.461545232610842,9.848819732666016,9.848819732666016,40399600
14/09/2010,9.797801122280168,10.029701740558988,9.642428132656072,9.742144584655762,9.742144584655762,41412400
15/09/2010,9.663297108135897,9.99955313873371,9.445310873188133,9.929983139038086,9.929983139038086,31718000
16/09/2010,9.839544113125255,9.932304721913722,9.47777880040711,9.71199893951416,9.71199893951416,46962000
17/09/2010,9.923027385460633,9.969407684719778,9.424440716528434,9.832586288452148,9.832586288452148,39580000
20/09/2010,9.934622345947027,10.73931776015977,9.725911439351876,10.665109634399414,10.665109634399414,44652000
21/09/2010,10.660471109693399,10.857586270364104,10.42161288466384,10.46335506439209,10.46335506439209,55216400
22/09/2010,10.379872617925304,10.595540291391508,9.867372398024225,10.085359573364258,10.085359573364258,57181200
23/09/2010,9.862733655638577,10.31957818652852,9.640109259881017,9.735188484191895,9.735188484191895,53858800
24/09/2010,10.154925687285454,10.704529764222155,10.101588664890203,10.672063827514648,10.672063827514648,43613200
27/09/2010,10.683660770273125,10.760188394321565,10.451760165952665,10.604814529418945,10.604814529418945,35967200
28/09/2010,10.658150462224551,10.975854894287199,10.087675246786564,10.899327278137207,10.899327278137207,52812000
29/09/2010,10.859905209078223,11.142823331361084,10.736997293077991,11.022234916687012,11.022234916687012,49564000
30/09/2010,11.247179861917042,11.439657797578743,10.655833468783614,10.913243293762207,10.913243293762207,68164000
01/10/2010,11.235582133527025,11.281962421729068,10.799608839836498,11.096441268920898,11.096441268920898,49552800
04/10/2010,11.010641723516379,11.214714524079683,10.430890152872315,10.646557807922363,10.646557807922363,56402400
05/10/2010,10.996725276177491,11.627495148170613,10.783377163374244,11.537054061889648,11.537054061889648,49654400
06/10/2010,11.518502970310783,11.650687132975314,11.244861062084764,11.435019493103027,11.435019493103027,38250000
07/10/2010,11.636772325231581,11.662281533093534,11.087168144010793,11.34225845336914,11.34225845336914,35998800
08/10/2010,11.38168219592254,11.947519357528291,11.205437239523125,11.77359390258789,11.77359390258789,43781600
11/10/2010,11.794464665044504,12.054193089513179,11.692427834816014,11.799102783203125,11.799102783203125,25806800
12/10/2010,11.697067018221157,12.028684977402873,11.32834499502201,11.905777931213379,11.905777931213379,41189600
13/10/2010,12.123764082772873,12.712791867564546,12.014771393350953,12.415959358215332,12.415959358215332,40266400
14/10/2010,12.439147235492898,12.620029408676722,12.06346853556091,12.404362678527832,12.404362678527832,49781200
15/10/2010,12.719745854999926,12.773083764341392,12.063467704778937,12.283773422241211,12.283773422241211,58965600
18/10/2010,12.392768157105596,12.63626450289675,12.246671411187641,12.585246086120605,12.585246086120605,33263600
19/10/2010,12.107528330614132,12.499440853060786,11.548648002305608,11.82924747467041,11.82924747467041,67067600
20/10/2010,12.010133047153175,12.397406649064273,11.868673530650822,12.191015243530273,12.191015243530273,47292400
21/10/2010,12.374216592496394,12.638583144248022,11.548650109010602,12.021727561950684,12.021727561950684,59598400
22/10/2010,12.102891248911346,12.269859953692912,11.96375125134706,12.230437278747559,12.230437278747559,34856400
25/10/2010,12.506398531460514,12.870482376567754,12.397404974198803,12.448423385620117,12.448423385620117,36506400
26/10/2010,12.253626392872372,12.673366751215422,12.058829874892732,12.43218994140625,12.43218994140625,38387600
27/10/2010,12.163189247861592,12.402046633856264,11.829251746289945,12.332476615905762,12.332476615905762,51198000
28/10/2010,12.617714012314545,12.638585105672446,11.945201790453986,12.11912727355957,12.11912727355957,54530400
29/10/2010,12.003174246266175,12.402043547374733,11.979984540930792,12.204928398132324,12.204928398132324,37138000
01/11/2010,12.4321904445758,12.664091028478708,11.715617604930593,11.970707893371582,11.970707893371582,50358000
02/11/2010,12.406679525155056,12.731340651628095,12.207244909004222,12.717426300048828,12.717426300048828,29618000
03/11/2010,12.754533890896356,12.90063152679775,12.295370776979764,12.861207962036133,12.861207962036133,46488800
04/11/2010,13.552272752163908,13.842148545084658,13.434003817889757,13.823596954345703,13.823596954345703,28880000
05/11/2010,13.893163020958598,14.189995465503623,13.80504055724787,14.074045181274414,14.074045181274414,28631200
08/11/2010,13.955775336021047,14.148252334806159,13.689089346491947,14.04157829284668,14.04157829284668,33186000
09/11/2010,14.138979367081097,14.22246372168152,13.248481059060852,13.494295120239258,13.494295120239258,42346000
10/11/2010,13.53139721580689,13.939542693592387,13.1418042072982,13.918671607971191,13.918671607971191,47529200
11/11/2010,13.48038243959385,13.92331256052247,13.320370455704317,13.756343841552734,13.756343841552734,33166400
12/11/2010,13.362114145264016,13.672861026997165,13.01890131664737,13.079195976257324,13.079195976257324,57708800
15/11/2010,13.264714775937373,13.51284835238619,13.051365759441865,13.074556350708008,13.074556350708008,40887200
16/11/2010,12.777723631321878,12.884398587364949,12.05187533770068,12.309285163879395,12.309285163879395,69644800
17/11/2010,12.402043416570944,12.506398858740639,12.186375797630422,12.422914505004883,12.422914505004883,35490800
18/11/2010,12.8496109899184,13.320368880115224,12.847292373376122,13.134848594665527,13.134848594665527,34220000
19/11/2010,13.016580293252726,13.350516822560555,12.770765350729263,13.257756233215332,13.257756233215332,32384000
22/11/2010,13.11861595353072,13.552269797498361,12.886715369753079,13.445595741271973,13.445595741271973,41170400
23/11/2010,12.970202396322124,13.14876598881206,12.749896619373203,13.079195976257324,13.079195976257324,52944400
24/11/2010,13.42704382407414,13.95809547553403,13.424724322900364,13.937224388122559,13.937224388122559,36442000
26/11/2010,13.703003884896802,13.95113740896437,13.614881425949408,13.670537948608398,13.670537948608398,16599200
29/11/2010,13.53139950580554,13.828232872056336,13.002666426761879,13.740110397338867,13.740110397338867,47643200
30/11/2010,13.262395088171285,13.682135495570197,13.097745873332544,13.434001922607422,13.434001922607422,57414000
01/12/2010,14.159851742874238,14.407985327919636,14.134342533913017,14.303629875183105,14.303629875183105,38977200
02/12/2010,14.361605112439674,14.8207682225363,14.30131045733662,14.746560096740723,14.746560096740723,38222800
03/12/2010,14.556399949276312,15.180212209716354,14.523934008643597,15.048028945922852,15.048028945922852,36458400
06/12/2010,15.034115733420952,15.4561747381096,14.957588113797465,15.326309204101562,15.326309204101562,34819200
07/12/2010,15.892152470484382,16.001146067358402,15.49096530624875,15.604596138000488,15.604596138000488,46110000
08/12/2010,15.711259512209981,15.86199519717553,15.474721771091172,15.595309257507324,15.595309257507324,31293200
09/12/2010,15.899107196952965,15.903746200505752,15.548938506960276,15.746053695678711,15.746053695678711,32699600
10/12/2010,15.843446962618163,16.43247462611225,15.718220441787677,16.318843841552734,16.318843841552734,29382800
13/12/2010,16.49741031029993,16.597127649755954,16.054481036852017,16.059118270874023,16.059118270874023,30056800
14/12/2010,16.291016793039297,16.297973527805077,15.959398871535097,16.06143569946289,16.06143569946289,26144800
15/12/2010,16.008095114449816,16.502044431576724,15.783151291811288,15.885188102722168,15.885188102722168,34557600
16/12/2010,15.95939865511307,16.418562605300387,15.759964004646582,16.323482513427734,16.323482513427734,29036800
17/12/2010,16.358267929981356,16.555383078822917,16.017373777535035,16.453346252441406,16.453346252441406,28122000
20/12/2010,16.643504275110192,16.9588892135422,16.416242691666024,16.67597198486328,16.67597198486328,33805600
21/12/2010,16.863811407562782,17.267317944026065,16.831345466080744,17.232532501220703,17.232532501220703,23097600
22/12/2010,17.339206890362473,17.44356322075662,17.149048471251326,17.20702362060547,17.20702362060547,22766000
23/12/2010,17.297465037051087,17.3971823665842,17.07020343809917,17.16064453125,17.16064453125,19788800
27/12/2010,16.984401719310956,17.39022782356727,16.875408139657438,17.288192749023438,17.288192749023438,14691200
28/12/2010,17.394864634434516,17.422691574320197,17.030780760420335,17.16064453125,17.16064453125,21707200
29/12/2010,17.232531702020108,17.329931291210197,17.16064308768119,17.24180793762207,17.24180793762207,14282400
30/12/2010,17.209345663933014,17.455159767339758,17.1768797170401,17.17919921875,17.17919921875,16011200
31/12/2010,17.098035654014197,17.230218953365224,16.766417654693335,16.79656410217285,16.79656410217285,16268800
03/01/2011,17.255721532713235,17.953740945006395,17.123536514916573,17.673141479492188,17.673141479492188,32412800
04/01/2011,17.847066997934945,17.886489668761165,16.348989583190757,16.933378219604492,16.933378219604492,53806400
05/01/2011,16.887004877058256,17.501541939393753,16.696846419165993,17.492265701293945,17.492265701293945,28669600
06/01/2011,17.53168883703488,17.615173212818124,17.04237832257369,17.248769760131836,17.248769760131836,32650000
07/01/2011,17.422693583494887,17.550239636883404,16.253914203461413,16.98672103881836,16.98672103881836,38557600
10/01/2011,16.76873392512031,17.45052234088117,16.367546827538256,17.246450424194336,17.246450424194336,49142000
11/01/2011,17.50386321382174,17.696339423784575,17.183839159385382,17.47139549255371,17.47139549255371,36734400
12/01/2011,17.877214735089318,17.99548452543649,17.601254249960597,17.874897003173828,17.874897003173828,25570000
13/01/2011,17.916643970942264,18.11607866320765,17.638362140932635,17.842435836791992,17.842435836791992,25878000
14/01/2011,17.833156169484507,18.373484982279134,17.72184310503427,18.227386474609375,18.227386474609375,26220000
18/01/2011,18.118394133575293,18.338700775984265,17.84011410757173,18.322467803955078,18.322467803955078,26787200
19/01/2011,18.30854861985466,18.389715231775654,16.812790706118154,16.933378219604492,16.933378219604492,49334000
20/01/2011,16.666701326439405,16.92874843931933,16.15420107230018,16.395376205444336,16.395376205444336,50346000
21/01/2011,16.70147874955488,16.715393987249435,16.015053255076865,16.075347900390625,16.075347900390625,33040000
24/01/2011,16.06375179687732,16.592486585666634,16.001139421095676,16.404645919799805,16.404645919799805,31174400
25/01/2011,16.117091080577786,16.488131672465485,15.901423460096012,16.476537704467773,16.476537704467773,28257200
26/01/2011,16.564657577516005,17.425008469082982,16.39768888613443,17.255722045898438,17.255722045898438,35289600
27/01/2011,17.25572141277595,17.60125274965896,17.00294888391407,17.41341209411621,17.41341209411621,27923200
28/01/2011,17.383268877450714,17.462116001982526,16.07998685998757,16.142601013183594,16.142601013183594,50022400
31/01/2011,16.416242912858987,16.81279270786418,16.047520056215582,16.455665588378906,16.455665588378906,33616000
01/02/2011,16.861491048024135,17.763584167419918,16.743221256210045,17.568788528442383,17.568788528442383,39155200
02/02/2011,17.503860191651498,17.856348367972835,17.397184345749952,17.42037582397461,17.42037582397461,28876800
03/02/2011,17.371672135693778,17.65922834027665,16.794238456229124,17.582700729370117,17.582700729370117,34070800
04/02/2011,17.51313377203665,17.740397154583405,17.269639186373652,17.668508529663086,17.668508529663086,26440800
07/02/2011,17.756633504102076,18.58219928933637,17.7148913144407,18.213478088378906,18.213478088378906,28429600
08/02/2011,18.22738060578495,18.610016819476776,17.99548008466998,18.577550888061523,18.577550888061523,25514000
09/02/2011,18.445371975241603,18.64480661157906,18.041865469534617,18.310869216918945,18.310869216918945,35224400
10/02/2011,17.983891975480947,18.616979613463627,17.923597324966977,18.552047729492188,18.552047729492188,37126400
11/02/2011,18.36421001759399,19.182818894299402,18.285362889553305,19.16658592224121,19.16658592224121,28299200
14/02/2011,19.19673384933693,19.532990824061287,19.14339769527605,19.451824188232422,19.451824188232422,18663600
15/02/2011,19.298770338679297,19.412401149789872,19.001937821098235,19.13180160522461,19.13180160522461,26499200
16/02/2011,19.254708634195435,19.67908720308671,19.236156159550042,19.586326599121094,19.586326599121094,30373200
17/02/2011,19.526024174294434,20.16143290869271,19.42862637504004,20.001420974731445,20.001420974731445,21618000
18/02/2011,20.13360964345687,20.356234002968367,19.841414397546288,20.047805786132812,20.047805786132812,25479200
22/02/2011,19.595601259460768,19.822864632424125,18.43609822635658,18.54277229309082,18.54277229309082,42189600
23/02/2011,18.605386433060403,18.665679316866417,17.202387056401136,17.58966064453125,17.58966064453125,54632800
24/02/2011,17.659230656622587,18.174050260415466,17.27659432116076,17.902725219726562,17.902725219726562,47988400
25/02/2011,18.155494145258505,19.127158009148978,18.11607147665589,19.117881774902344,19.117881774902344,34909600
28/02/2011,19.463418089443657,19.586325128533872,18.72597408564115,19.192094802856445,19.192094802856445,38035200
01/03/2011,19.4239981960915,19.46110137865566,17.858668868492245,18.058103561401367,18.058103561401367,63150800
02/03/2011,17.986210877057083,18.552048935761405,17.78909571096687,18.278406143188477,18.278406143188477,41559600
03/03/2011,18.830326407343108,19.65357417488026,18.81641293869256,19.521390914916992,19.521390914916992,36225600
04/03/2011,19.514435202999074,19.549220645708957,18.709739864343447,19.270938873291016,19.270938873291016,44785200
07/03/2011,19.479648827504942,19.51443426854912,17.856344758546197,18.306232452392578,18.306232452392578,53238000
08/03/2011,18.354930884620224,19.468052584247292,17.94678537679314,19.222238540649414,19.222238540649414,37533600
09/03/2011,19.08541872821642,19.317319311697734,18.751481321839798,18.976425170898438,18.976425170898438,38244000
10/03/2011,18.24593798954909,18.252894723975757,17.339205858371603,17.52240753173828,17.52240753173828,64876800
11/03/2011,17.102668314556396,17.986208986066885,17.065563371340517,17.649953842163086,17.649953842163086,42810400
14/03/2011,17.107307796691607,17.751993000357388,16.8243905291541,17.385589599609375,17.385589599609375,39556000
15/03/2011,16.219128877502282,17.304423779514725,15.947803825053267,16.91946792602539,16.91946792602539,44828800
16/03/2011,16.67828656648079,17.288186124650284,16.086941245566237,16.36290168762207,16.36290168762207,70693200
17/03/2011,17.058605928326575,17.169918984090096,16.5205966588684,16.52987289428711,16.52987289428711,42037200
18/03/2011,17.06788789689067,17.216304174921422,16.90323864373973,17.13745880126953,17.13745880126953,34750400
21/03/2011,17.803011470523373,18.3479793934895,17.740399075789757,18.338703155517578,18.338703155517578,23367200
22/03/2011,18.43609820531502,18.528858801709728,17.916641342470353,18.0673770904541,18.0673770904541,19637600
23/03/2011,17.937513694480096,18.37580575140522,17.36935784861758,18.215795516967773,18.215795516967773,27496000
24/03/2011,18.586837435653948,18.78163313224388,18.08825068472274,18.633216857910156,18.633216857910156,24562800
25/03/2011,18.913807688087218,19.648933752759394,18.64480397868972,19.101648330688477,19.101648330688477,29955600
28/03/2011,19.270938464043514,19.451820639180255,18.91149361503772,18.950916290283203,18.950916290283203,21532800
29/03/2011,18.992657890316195,19.52834766492473,18.64712652088228,19.47732925415039,19.47732925415039,20602000
30/03/2011,19.727781533369047,20.309852462832765,19.632703219134157,20.224048614501953,20.224048614501953,20351200
31/03/2011,20.205501757821565,20.5232062657624,20.105784413669436,20.442041397094727,20.442041397094727,21666000
01/04/2011,20.873367946103972,21.05656958365758,20.502327438705834,20.692485809326172,20.692485809326172,23709600
04/04/2011,20.87337288893073,21.021789127035035,20.701765176097968,20.852500915527344,20.852500915527344,16868400
05/04/2011,20.806123146606698,21.589946576533034,20.699449077629357,21.158611297607422,21.158611297607422,21931600
06/04/2011,21.51109635223719,21.703572471604765,20.98700059340659,21.300065994262695,21.300065994262695,23364400
07/04/2011,21.390505482034687,21.622406023854154,20.75973572520402,20.970766067504883,20.970766067504883,26588400
08/04/2011,21.242098282884587,21.313988684425496,20.026939423949184,20.307538986206055,20.307538986206055,27746800
11/04/2011,20.328406318333503,20.518564729021563,19.532987233657376,19.753292083740234,19.753292083740234,23673200
12/04/2011,19.430949459612634,19.632703597503173,18.927725634722872,19.00425148010254,19.00425148010254,33070000
13/04/2011,19.34746669704602,19.437907787487,18.65872164733307,19.052953720092773,19.052953720092773,33977200
14/04/2011,18.612340642372406,19.363698009877577,18.50566659019817,19.33123207092285,19.33123207092285,22735600
15/04/2011,19.32891278493839,19.89707026149243,19.052952300751393,19.892431259155273,19.892431259155273,27706800
18/04/2011,19.01584737594031,19.02280411019121,18.45232890122432,18.981061935424805,18.981061935424805,42025200
19/04/2011,19.12947720550461,19.331231334980433,18.63321013550565,18.94859504699707,18.94859504699707,33257200
20/04/2011,19.892435450543925,20.14288855169167,19.702277007656498,20.12665557861328,20.12665557861328,28897600
21/04/2011,20.469866884809917,20.55567075087524,20.036213859095437,20.54407501220703,20.54407501220703,22498800
25/04/2011,20.490736173034612,20.604366966181935,20.059400936217827,20.48841667175293,20.48841667175293,18748000
26/04/2011,20.602047163339495,21.42297544819191,20.469863900395694,21.05657386779785,21.05657386779785,28400000
27/04/2011,21.116867928481405,21.504143272527497,20.868734358912842,21.432252883911133,21.432252883911133,22995600
28/04/2011,21.38355185387185,22.03055467180784,21.32557670999867,21.738359451293945,21.738359451293945,28707200
29/04/2011,21.821844690677825,22.195204774000786,21.629366780540188,21.96794319152832,21.96794319152832,19600000
02/05/2011,22.267093413899115,22.3204313269735,21.137738696227636,21.186437606811523,21.186437606811523,32346800
03/05/2011,21.140062806159623,21.283840068010523,19.98055962730299,20.442041397094727,20.442041397094727,33336000
04/05/2011,20.493058375609728,20.520885317613605,19.280217357536767,19.614154815673828,19.614154815673828,42119600
05/05/2011,19.224564341078974,20.22173607982451,19.05759558910927,19.345151901245117,19.345151901245117,46888000
06/05/2011,19.994476870567983,20.395664055336375,19.356750001911212,19.641986846923828,19.641986846923828,37641600
09/05/2011,19.595602729168437,20.38406520466772,19.50052262407732,20.279708862304688,20.279708862304688,24550000
10/05/2011,20.641478984896363,21.253696607789625,20.56958857461106,21.25137710571289,21.25137710571289,24303200
11/05/2011,21.061215312586853,21.142380179877215,19.813590550242584,20.14288902282715,20.14288902282715,40012000
12/05/2011,19.757928060580543,20.820033106784688,19.433268674632515,20.6136417388916,20.6136417388916,29760000
13/05/2011,20.690168657030558,20.859455078405208,19.604873943914455,19.797351837158203,19.797351837158203,34954000
16/05/2011,19.377611720482104,20.04316701589707,18.876707392303057,18.91613006591797,18.91613006591797,42057200
17/05/2011,18.450010071408794,18.93004421405935,18.303913339040733,18.756118774414062,18.756118774414062,36300000
18/05/2011,18.823371178578743,19.616470801793305,18.725973351712636,19.59096336364746,19.59096336364746,30946800
19/05/2011,20.013021227634198,20.070996373983935,19.201369178737856,19.711549758911133,19.711549758911133,33560400
20/05/2011,19.55153434932176,19.706909058843983,18.899894385150557,19.294124603271484,19.294124603271484,39600400
23/05/2011,18.28536193610332,18.65640254184435,18.153178665018668,18.266809463500977,18.266809463500977,37353200
24/05/2011,18.412907891017497,18.651765224601707,17.900407780191113,17.986209869384766,17.986209869384766,43911600
25/05/2011,17.84938872462932,18.846560201706605,17.84938872462932,18.665678024291992,18.665678024291992,34984800
26/05/2011,18.443053935272832,19.405441753052777,18.412907495023557,19.40080451965332,19.40080451965332,32177200
27/05/2011,19.64894461808364,19.98288038098398,19.51444180437818,19.7811279296875,19.7811279296875,25998000
31/05/2011,20.462909635404188,20.632197861697392,19.878520867986023,20.615964889526367,20.615964889526367,30442000
01/06/2011,20.541754022836468,20.544071754793563,18.582193039120142,18.67263412475586,18.67263412475586,54066800
02/06/2011,18.804819160566286,19.018169061241633,18.296958040054488,18.63089370727539,18.63089370727539,33092400
03/06/2011,17.76822153057646,18.392032833403096,17.69401342220352,17.826196670532227,17.826196670532227,44689600
06/06/2011,17.735759198086633,17.942150596732116,16.91251133570613,16.961210250854492,16.961210250854492,42405600
07/06/2011,17.25804368315296,17.4992205398084,17.035419300685163,17.058609008789062,17.058609008789062,32193600
08/06/2011,16.875404438412648,17.037735906068217,16.40464654380743,16.462621688842773,16.462621688842773,48889600
09/06/2011,16.634229797217873,17.016864348363132,16.41392317916039,16.740903854370117,16.740903854370117,34314800
10/06/2011,16.439430932866944,16.51363904299382,15.722859035322502,15.922293663024902,15.922293663024902,50280000
13/06/2011,16.091582381353447,16.335078717376675,15.544296827591332,15.808663368225098,15.808663368225098,47216400
14/06/2011,16.205216738661576,16.954256614491754,16.175070291182063,16.79656410217285,16.79656410217285,35700400
15/06/2011,16.277101244858432,16.65973576220148,15.727496268153786,15.922293663024902,15.922293663024902,50248000
16/06/2011,15.96171853307127,16.432476462399055,15.432985454431961,16.038246154785156,16.038246154785156,60260800
17/06/2011,16.499726225588322,16.590167308080854,15.799385499979364,16.033605575561523,16.033605575561523,48877600
20/06/2011,15.868960900173498,16.63887095586246,15.850408424310757,16.478858947753906,16.478858947753906,29467600
21/06/2011,16.86149120665937,17.60821136828722,16.768730619447396,17.566469192504883,17.566469192504883,40931200
22/06/2011,17.25340178032594,17.82851417042233,17.114261800093644,17.1328125,17.1328125,36505600
23/06/2011,16.555383924369306,17.429650189402405,16.02665083204452,17.31138038635254,17.31138038635254,64074000
24/06/2011,17.50385593989745,17.608210489514743,16.766412050720493,17.05628776550293,17.05628776550293,57761600
27/06/2011,17.05164715940453,17.56646666351603,16.754814738469086,17.46442985534668,17.46442985534668,35038400
28/06/2011,17.63835689613033,18.292316436767578,17.53168284558791,18.292316436767578,18.292316436767578,35863200
29/06/2011,18.463927895980884,18.667999803482395,18.02795360054126,18.51030731201172,18.51030731201172,45120000
30/06/2011,18.67959286463489,19.110928095088138,18.58915177785544,18.953235626220703,18.953235626220703,36106800
01/07/2011,18.9903358795696,19.922577080452893,18.818729968128796,19.811264038085938,19.811264038085938,32404800
05/07/2011,19.885477189510805,20.036212938968674,19.602558163907688,19.971281051635742,19.971281051635742,31946000
06/07/2011,19.87851584393103,20.300574782968642,19.655891523596324,20.219409942626953,20.219409942626953,32341200
07/07/2011,20.813078648356566,21.351087964373722,20.62060072759867,21.10759162902832,21.10759162902832,34024400
08/07/2011,20.360873119220887,20.785249866986458,20.131290254380183,20.74118995666504,20.74118995666504,44721200
11/07/2011,19.95968502755395,20.291302963905945,19.25238747367903,19.410079956054688,19.410079956054688,41772000
12/07/2011,19.106292253291013,19.7185097585805,19.04367986334017,19.090059280395508,19.090059280395508,40804000
13/07/2011,19.451820658122386,20.20549756810013,19.342828868089523,19.600236892700195,19.600236892700195,40700000
14/07/2011,19.704594292114916,19.99678954390891,18.51494308015566,18.656402587890625,18.656402587890625,52413200
15/07/2011,18.890624953436355,19.099335872586604,18.610025405736,19.020488739013672,19.020488739013672,33878000
18/07/2011,18.77235501917092,18.899901071529968,17.79141635925089,18.134628295898438,18.134628295898438,48231200
19/07/2011,18.61466112056633,19.393847308958836,18.56828170643442,19.36370086669922,19.36370086669922,35419600
20/07/2011,19.359061111472116,19.407760020745958,18.869750748289835,19.24079132080078,19.24079132080078,34198800
21/07/2011,19.42631562074965,19.99911047833411,19.280218856089988,19.769529342651367,19.769529342651367,37165200
22/07/2011,19.693003109842024,19.987517931160426,19.382257082778317,19.81822967529297,19.81822967529297,26048400
25/07/2011,19.115567177636084,19.62574780724937,18.92308924847986,19.192094802856445,19.192094802856445,28066000
26/07/2011,19.013530037770145,19.166585285745704,18.559005065973672,18.674955368041992,18.674955368041992,34903200
27/07/2011,18.34333778949713,18.359570761331415,16.963529875799235,17.047014236450195,17.047014236450195,65435200
28/07/2011,17.03773692923986,17.661550093445683,16.856854748948788,16.949613571166992,16.949613571166992,42147600
29/07/2011,16.24231982634017,17.15832657830745,15.868959682249487,16.861494064331055,16.861494064331055,53991200
01/08/2011,17.476032352450524,17.682423780279425,16.093904751903338,16.56698226928711,16.56698226928711,76211600
02/08/2011,16.36986140403813,16.84293880853954,14.922802252732135,15.050348281860352,15.050348281860352,80186400
03/08/2011,14.976141051212013,15.347181654351775,13.902441034219871,15.289206504821777,15.289206504821777,97106000
04/08/2011,14.588868231345968,14.676990716228344,12.522633705348666,12.531909942626953,12.531909942626953,111936000
05/08/2011,13.009620511879215,13.178908691993604,11.001361782607859,11.870988845825195,11.870988845825195,143996800
08/08/2011,10.695254558061555,11.52313956223813,8.756565557541103,8.784394264221191,8.784394264221191,168059200
09/08/2011,9.482415944146451,10.574667621382359,8.200005834617567,10.535244941711426,10.535244941711426,166162400
10/08/2011,9.526475332063299,10.198986418412067,8.874834446656028,8.946723937988281,8.946723937988281,162147200
11/08/2011,9.132244227516901,10.713805963307538,8.951361190613719,10.238409996032715,10.238409996032715,132126800
12/08/2011,10.539882056486258,10.813524825119869,10.018105725814962,10.437845230102539,10.437845230102539,106765200
15/08/2011,10.804249584108259,11.358491907075793,10.713808486670796,11.32602596282959,11.32602596282959,76678400
16/08/2011,10.762508584284069,11.159058463324438,10.333492757434179,10.695257186889648,10.695257186889648,88710400
17/08/2011,10.950348730900542,11.191524729181156,10.39842494856165,10.713809967041016,10.713809967041016,72602400
18/08/2011,9.623874891615422,9.6957643960198,8.601193281891632,8.851645469665527,8.851645469665527,116699600
19/08/2011,8.308999269003163,9.252834679578749,8.269575705351793,8.404078483581543,8.404078483581543,109955600
22/08/2011,9.11369155841028,9.139200760787963,8.139709058623824,8.318272590637207,8.318272590637207,101939600
23/08/2011,8.471326472116322,9.556621073801802,8.246383549094967,9.507922172546387,9.507922172546387,122041600
24/08/2011,9.491689037755066,10.12245878065105,9.231960684351566,9.92302417755127,9.92302417755127,121393200
25/08/2011,10.270878363704014,10.405380259257333,9.10209906168801,9.225006103515625,9.225006103515625,121500800
26/08/2011,9.097461325612349,9.943898952621723,8.619745724212802,9.848819732666016,9.848819732666016,117977200
29/08/2011,10.268556409095606,11.288919216551665,10.259281059109236,11.258771896362305,11.258771896362305,75358000
30/08/2011,11.031512277578873,11.66923897419356,10.669746996668598,11.42110538482666,11.42110538482666,97289200
31/08/2011,11.648367178451396,11.963752139961745,11.029192993281113,11.34225845336914,11.34225845336914,103460000
01/09/2011,11.40255202517269,11.83388728073879,10.461036159646834,10.618728637695312,10.618728637695312,97900800
02/09/2011,9.86969196985814,10.182757493105875,9.317768175866627,9.468503952026367,9.468503952026367,96223200
06/09/2011,8.431905527602611,9.4082067915102,8.431905527602611,9.366464614868164,9.366464614868164,95456400
07/09/2011,9.853457707352192,10.484226790559097,9.735187896067318,10.456398963928223,10.456398963928223,69635200
08/09/2011,10.21522315982504,10.6396017616613,9.702722950474215,9.8604154586792,9.8604154586792,103677600
09/09/2011,9.498648135941506,9.68880655261167,8.684677438695372,8.995424270629883,8.995424270629883,133989600
12/09/2011,8.538581601398278,9.28994007368379,8.529305363370257,9.222688674926758,9.222688674926758,111040000
13/09/2011,9.408207016349467,9.776928995745552,9.113693156172545,9.70040225982666,9.70040225982666,128867200
14/09/2011,9.927667167637424,10.586265050526597,9.350234158581285,10.192033767700195,10.192033767700195,117104400
15/09/2011,10.467992913534804,10.621047273726672,9.999553596673486,10.574666976928711,10.574666976928711,102151200
16/09/2011,10.706852304838101,10.878459170571215,10.368277577036576,10.648877143859863,10.648877143859863,76730000
19/09/2011,10.022745414572451,10.435528248891217,9.739826365631803,10.106229782104492,10.106229782104492,103557600
20/09/2011,10.198988032066165,10.537562687462968,9.600684958726802,9.62387466430664,9.62387466430664,93310800
21/09/2011,9.56821773916803,9.8186707953631,8.547855696873539,8.55481243133545,8.55481243133545,113939200
22/09/2011,7.664313451232398,8.288126533575802,7.369800071574682,7.815049171447754,7.815049171447754,164090400
23/09/2011,7.750120282194846,8.206964903769574,7.699102734267492,8.051591873168945,8.051591873168945,107702000
26/09/2011,8.318273973942459,8.54785594889004,7.7408419961858295,8.508432388305664,8.508432388305664,126217600
27/09/2011,9.069633649608848,9.672574925032377,8.856284613087915,9.067314147949219,9.067314147949219,110256000
28/09/2011,9.041802176222362,9.185580259070386,7.991292159566219,8.065500259399414,8.065500259399414,133128800
29/09/2011,8.584959946278676,8.684677270729642,7.710694615993791,8.422629356384277,8.422629356384277,120092400
30/09/2011,7.9843369158504975,8.369291837271344,7.652719020843506,7.652719020843506,7.652719020843506,118301600
03/10/2011,7.4927093049652775,7.89621588591092,6.437561225011952,6.467708110809326,6.467708110809326,199112800
04/10/2011,6.263634556334404,7.699099233131883,6.184788325795269,7.664313793182373,7.664313793182373,222000000
05/10/2011,7.652718652308562,8.139709485421472,7.362842945781722,7.993612766265869,7.993612766265869,199971200
06/10/2011,7.928681786232384,8.568727985309971,7.794179888219683,8.520029067993164,8.520029067993164,171232400
07/10/2011,8.60814754240211,8.696269992691205,7.777944093774293,7.891574859619141,7.891574859619141,186658800
10/10/2011,8.420310247235818,8.928172191065832,8.327549662827092,8.916577339172363,8.916577339172363,108443600
11/10/2011,8.677718731771018,9.220366090137558,8.596553887741377,9.09514045715332,9.09514045715332,120589200
12/10/2011,9.32472349868943,9.78388660934006,9.252834874342962,9.484735488891602,9.484735488891602,123091200
13/10/2011,9.343274413006474,9.621555280943598,8.990785431570185,9.459224700927734,9.459224700927734,120411600
14/10/2011,9.811714439421056,10.113185034351249,9.53111404868173,10.025062561035156,10.025062561035156,99644000
17/10/2011,9.760697827628029,9.818672986764657,8.983831049049494,9.074272155761719,9.074272155761719,107805600
18/10/2011,9.2064537219399,10.027382033731053,8.67771976818378,9.830265998840332,9.830265998840332,121918400
19/10/2011,9.753740736039326,9.983321862457753,9.113694507110726,9.294577598571777,9.294577598571777,128487200
20/10/2011,9.313128071414146,9.375741339642422,8.594236564432764,9.317766189575195,9.317766189575195,144739200
21/10/2011,9.72359206929798,9.943897812610958,9.496329591180887,9.93694019317627,9.93694019317627,109516800
24/10/2011,10.062167585615969,10.968898958693138,10.013468668572566,10.901647567749023,10.901647567749023,108909600
25/10/2011,10.658151587185479,10.681342178450127,9.895198384875341,10.008830070495605,10.008830070495605,107712400
26/10/2011,10.493504289258912,10.681344132019904,9.637791219275924,10.49582290649414,10.49582290649414,142814400
27/10/2011,11.662280540156774,12.39044822978381,11.316748281989344,12.144633293151855,12.144633293151855,143445600
28/10/2011,12.07738427284424,12.385811626164552,11.838526041424672,11.986942291259766,11.986942291259766,89581600
31/10/2011,11.407189292749429,11.690108285440546,10.980492187133711,11.017596244812012,11.017596244812012,100028400
01/11/2011,9.758379154220648,10.553797519127516,9.670256665144597,9.918390274047852,9.918390274047852,142098400
02/11/2011,10.331170821752265,10.628004170288861,10.029700240018844,10.572347640991211,10.572347640991211,106011600
03/11/2011,11.050066008490163,11.446615896271767,10.196671570268132,11.363131523132324,11.363131523132324,144681200
04/11/2011,10.975855861188712,11.272688347149911,10.704531698227454,11.159056663513184,11.159056663513184,101712400
07/11/2011,11.154418313778386,11.295877818879665,10.41465573100336,11.108038902282715,11.108038902282715,114932400
08/11/2011,11.4234235455701,11.636772564652786,10.669746570577722,11.599668502807617,11.599668502807617,142374800
09/11/2011,10.574667584795039,10.852948496948725,9.895198718843963,9.950855255126953,9.950855255126953,142640000
10/11/2011,10.435526032626697,10.467991972076211,9.809394293742994,10.141012191772461,10.141012191772461,106230000
11/11/2011,10.52133053019672,11.015279081990997,10.456398641847837,10.936432838439941,10.936432838439941,101168800
14/11/2011,10.818165720979335,10.901649212233869,10.250008949209423,10.472633361816406,10.472633361816406,95026800
15/11/2011,10.31725736191818,11.047743670068712,10.110865099258168,10.876137733459473,10.876137733459473,123438800
16/11/2011,10.535244189850074,11.156737860425348,10.296386858081494,10.37059497833252,10.37059497833252,127010400
17/11/2011,10.31957554458355,10.523648297431402,9.718953022446165,9.904473304748535,9.904473304748535,160752400
18/11/2011,10.01578724803315,10.099271611012812,9.68185068074514,9.895198822021484,9.895198822021484,110312000
21/11/2011,9.306169278148548,9.4290762860247,8.921214402231735,9.178624153137207,9.178624153137207,141862800
22/11/2011,9.13920305832736,9.331680990379176,8.812223231694448,8.944406509399414,8.944406509399414,134492800
23/11/2011,8.656849946542694,8.733376685630246,8.070140818595345,8.114202499389648,8.114202499389648,141432000
25/11/2011,7.951871114089037,8.311316836776683,7.801135382979454,7.80809211730957,7.80809211730957,56404800
28/11/2011,8.661487340345559,8.949044483018245,8.603512188443299,8.902664184570312,8.902664184570312,106533600
29/11/2011,8.918895975182858,9.055717350937853,8.649891341366486,8.840049743652344,8.840049743652344,109452800
30/11/2011,9.964769309926492,10.435527256411715,9.795481973922598,10.398423194885254,10.398423194885254,106690000
01/12/2011,10.291748881661874,10.581624631829891,10.122461549719421,10.173479080200195,10.173479080200195,96344400
02/12/2011,10.556112691437745,10.774098880663372,10.224494848326511,10.2801513671875,10.2801513671875,102717600
05/12/2011,10.913241249491705,11.101080146866872,10.574665741658386,10.827437400817871,10.827437400817871,91595200
06/12/2011,10.862227775344838,11.063981117182028,10.5445240946951,10.836718559265137,10.836718559265137,84586400
07/12/2011,10.621047833414488,10.968898750783723,10.129418784562546,10.806568145751953,10.806568145751953,121762000
08/12/2011,10.449442229802614,10.58858224760595,9.737507398935247,9.807077407836914,9.807077407836914,140206800
09/12/2011,9.855770890433753,10.845986095463541,9.807071999521675,10.685975074768066,10.685975074768066,111158400
12/12/2011,10.212902149273871,10.2291351197293,9.804756617344571,10.20130729675293,10.20130729675293,107787600
13/12/2011,10.521331222360859,10.625686681665789,9.415165122989967,9.554306030273438,9.554306030273438,147585200
14/12/2011,9.306172740450934,9.498649807704014,9.037168038941196,9.20413589477539,9.20413589477539,135943200
15/12/2011,9.616914659456349,9.633147624768545,9.218045489773159,9.454584121704102,9.454584121704102,111269600
16/12/2011,9.68416833077631,10.092313868009079,9.484734564785231,9.67953109741211,9.67953109741211,121559200
19/12/2011,9.95549168398502,10.064485236533601,9.122968590331915,9.16702938079834,9.16702938079834,112598400
20/12/2011,9.783886194585225,10.32653364501056,9.7653346062157,10.301024436950684,10.301024436950684,99612400
21/12/2011,10.141013069660154,10.505096938657164,9.814033261050401,10.39146614074707,10.39146614074707,125408400
22/12/2011,10.563074153275297,10.781061324716461,10.488866017993848,10.628006935119629,10.628006935119629,95282400
23/12/2011,10.72771946235688,10.77873786838178,10.528285724850436,10.736995697021484,10.736995697021484,50045200
27/12/2011,10.597858967781486,10.987452096946624,10.523650836952955,10.82975959777832,10.82975959777832,50733200
28/12/2011,10.869180851816544,10.871500353204873,10.178117171401933,10.250006675720215,10.250006675720215,95126000
29/12/2011,10.368278078854903,10.64655904194522,10.312622417015316,10.567712783813477,10.567712783813477,63193200
30/12/2011,10.51205488091476,10.685980335188288,10.38219022325684,10.398423194885254,10.398423194885254,43881200
03/01/2012,11.179926768092821,11.258773000809247,10.794971840037451,10.899327278137207,10.899327278137207,110260800
04/01/2012,10.699894257704543,10.822801300838604,10.486546116065748,10.718446731567383,10.718446731567383,77924400
05/01/2012,10.474949785656912,11.033831086679431,10.18971215086408,10.887733459472656,10.887733459472656,102365200
06/01/2012,10.901648238933982,11.047745883689672,10.570031151533106,10.797293663024902,10.797293663024902,99780400
09/01/2012,10.941069922476409,11.010639922648895,10.630323096050788,10.948026657104492,10.948026657104492,70366000
10/01/2012,11.386318753948446,11.502269050361894,11.305153900311256,11.423422813415527,11.423422813415527,59036000
11/01/2012,11.28891996143771,11.61126161628195,11.254134521644676,11.564881324768066,11.564881324768066,47732400
12/01/2012,11.65764449547035,11.722576387224581,11.28892246726614,11.68779182434082,11.68779182434082,80605200
13/01/2012,11.395596084316033,11.530098865694887,11.133548141560064,11.465166091918945,11.465166091918945,84826800
17/01/2012,11.80606003446485,11.882587660483159,11.367768022558161,11.446614265441895,11.446614265441895,54406000
18/01/2012,11.455890836493921,12.084341296408454,11.377044591309138,12.070426940917969,12.070426940917969,63832000
19/01/2012,12.272178877800426,12.376534320903604,12.051874023575504,12.302326202392578,12.302326202392578,60217600
20/01/2012,12.25363035966032,12.441470204294372,12.163189247861592,12.332476615905762,12.332476615905762,36260000
23/01/2012,12.33943138141439,12.60611743969785,11.996218580997727,12.27913761138916,12.27913761138916,51529600
24/01/2012,12.054193510739658,12.555098789176942,11.864035082744156,12.508718490600586,12.508718490600586,67495200
25/01/2012,12.49480367828752,12.95164722592704,12.29768765166655,12.817145347595215,12.817145347595215,84581200
26/01/2012,13.086151065406165,13.120936509621602,12.552779856763221,12.761489868164062,12.761489868164062,86994400
27/01/2012,12.58524579268001,13.049046997269075,12.5620552016722,13.032814025878906,13.032814025878906,53622400
30/01/2012,12.715108558156349,12.88207636543755,12.441465817359106,12.729022026062012,12.729022026062012,64903200
31/01/2012,12.967876976009189,13.06527565683714,12.471609992418564,12.701191902160645,12.701191902160645,89226000
01/02/2012,13.028173927605918,13.577778023816476,12.898309291591287,13.522122383117676,13.522122383117676,72673600
02/02/2012,13.658946101026139,13.900122059896363,13.503572234386532,13.71228313446045,13.71228313446045,59865200
03/02/2012,14.394069059573466,14.75815290268477,14.264204415135922,14.639883995056152,14.639883995056152,71060400
06/02/2012,14.42421729020912,14.61205620735358,14.32218046150786,14.477554321289062,14.477554321289062,56078800
07/02/2012,14.447406768798828,14.649160037037756,14.169125880237566,14.447406768798828,14.447406768798828,73743200
08/02/2012,14.554080169181654,14.758152929488283,14.092598505376943,14.530890464782715,14.530890464782715,92696400
09/02/2012,14.66539465657837,14.672351391649963,14.046219580918965,14.319862365722656,14.319862365722656,69373600
10/02/2012,13.865337584966731,13.95345917920193,13.649669948439977,13.721558570861816,13.721558570861816,63992800
13/02/2012,14.183038855769803,14.329136462874898,13.920990963419818,14.289712905883789,14.289712905883789,51164000
14/02/2012,14.069407772191623,14.17376321017865,13.779532047022382,14.087960243225098,14.087960243225098,76262400
15/02/2012,14.317545188233716,14.326820541051413,13.591695973565011,13.71924114227295,13.71924114227295,89106000
16/02/2012,13.751704138692359,14.549442695508958,13.733152552405963,14.512338638305664,14.512338638305664,77760400
17/02/2012,14.748876058574467,14.769747145486704,14.412620936121325,14.472914695739746,14.472914695739746,37207200
21/02/2012,14.565674921606945,14.623650063316624,13.99751835592599,14.194633483886719,14.194633483886719,67004000
22/02/2012,14.069409267094397,14.261887193680579,13.823595192196171,13.865337371826172,13.865337371826172,43811600
23/02/2012,13.937225506409968,14.503063528464377,13.700687676274763,14.477554321289062,14.477554321289062,47152800
24/02/2012,14.489152009223496,14.59814559406955,14.312907910501865,14.380158424377441,14.380158424377441,38062000
27/02/2012,13.978967724060375,14.558719217389099,13.672859006353256,14.336094856262207,14.336094856262207,57690800
28/02/2012,14.350007243799197,14.607417013098214,13.983603925610932,14.206228256225586,14.206228256225586,59256800
29/02/2012,14.354648057074417,14.558719956147407,13.517486716686474,13.559228897094727,13.559228897094727,89263600
01/03/2012,13.737789715874857,14.229418660826399,13.723875363653708,13.763298034667969,13.763298034667969,68216800
02/03/2012,13.758662791399935,13.867655470019448,12.963243675996994,13.155720710754395,13.155720710754395,70339200
05/03/2012,13.042088874677422,13.232247277556713,12.749893651481099,13.211376190185547,13.211376190185547,51495200
06/03/2012,12.76844604386366,12.849610891680348,12.258264599304566,12.4089994430542,12.4089994430542,72150000
07/03/2012,12.490165570991914,12.796274270493944,12.434509041704944,12.752213478088379,12.752213478088379,43490800
08/03/2012,13.01426218878354,13.33428528327881,12.694239978918908,13.253120422363281,13.253120422363281,51548000
09/03/2012,13.253120860949105,14.060134916905358,13.22761165106558,13.788810729980469,13.788810729980469,57406000
12/03/2012,13.87461373622565,13.960416713086877,13.515167087806057,13.71228313446045,13.71228313446045,46384400
13/03/2012,14.0230308821816,14.54480728118895,13.85142403282613,14.535531044006348,14.535531044006348,62814800
14/03/2012,14.475237184821921,14.609739977491412,13.976651351289137,14.16912841796875,14.16912841796875,49561600
15/03/2012,14.104194969429841,14.547125097260377,13.988244664923098,14.544806480407715,14.544806480407715,49592000
16/03/2012,14.602779571183461,14.628288776114704,14.29667088126954,14.470596313476562,14.470596313476562,40022400
19/03/2012,14.414941409461225,15.203402926824406,14.350009523872535,14.85323429107666,14.85323429107666,62122400
20/03/2012,14.53784537170865,14.628287330608824,14.254927298157403,14.454361915588379,14.454361915588379,50825600
21/03/2012,14.567994941982,14.69785959039394,14.287395441376578,14.428854942321777,14.428854942321777,47966800
22/03/2012,13.99288255463166,14.192317216665629,13.756343831146996,14.027667999267578,14.027667999267578,79362400
23/03/2012,14.076364543587756,14.544803793411559,13.696047756605974,14.445086479187012,14.445086479187012,57983200
26/03/2012,14.980776260868817,15.354136314943759,14.918163886309955,15.312394142150879,15.312394142150879,48220400
27/03/2012,15.326311387734773,15.46313367588229,14.971503716170202,14.999332427978516,14.999332427978516,44370800
28/03/2012,14.990058712072374,15.11528528238116,14.363926745159267,14.744244575500488,14.744244575500488,58730400
29/03/2012,14.435811087497761,14.690901371336281,14.050856160549708,14.59814167022705,14.59814167022705,59377200
30/03/2012,14.885698557321978,14.888016289216827,14.326817319251468,14.470596313476562,14.470596313476562,44598800
02/04/2012,14.333777434050528,15.013245426996022,14.243335450464464,14.983098983764648,14.983098983764648,42401200
03/04/2012,14.90657024579998,15.092091433017599,14.516977168051914,14.714093208312988,14.714093208312988,53614000
04/04/2012,14.234057475621157,14.26188529679642,13.740109005450208,13.983604431152344,13.983604431152344,72424400
05/04/2012,13.818956775072254,14.027667668708315,13.72851568270682,13.814318656921387,13.814318656921387,38643200
09/04/2012,13.04672643947768,13.290222759875856,12.930776147718747,13.120935440063477,13.120935440063477,45041200
10/04/2012,12.972517612749954,13.083829780584002,12.095933738162776,12.195651054382324,12.195651054382324,98580800
11/04/2012,12.497119976502173,12.754529717802313,12.420593258203146,12.691916465759277,12.691916465759277,52660800
12/04/2012,12.745257512366967,13.438640736334946,12.689601860490786,13.253120422363281,13.253120422363281,57257200
13/04/2012,13.137166617404196,13.151080084353062,12.67800274622277,12.717426300048828,12.717426300048828,51988800
16/04/2012,12.905268952110836,13.035132724042935,12.409000917012625,12.782361030578613,12.782361030578613,50822000
17/04/2012,13.09542797640793,13.682136247675604,13.069918767286616,13.371389389038086,13.371389389038086,49877600
18/04/2012,13.139488897747327,13.262395941431498,12.844975008586385,13.023538589477539,13.023538589477539,49348000
19/04/2012,13.072232636563053,13.408488582199002,12.569008910771498,12.796271324157715,12.796271324157715,83803600
20/04/2012,13.051363627883724,13.389939128028203,12.956284430797446,13.011940956115723,13.011940956115723,42893200
23/04/2012,12.427548650464553,12.515671093976106,12.102887575188468,12.490161895751953,12.490161895751953,51886000
24/04/2012,12.504078027286763,12.875119461682523,12.371894776143469,12.76380729675293,12.76380729675293,52516800
25/04/2012,13.269352643357925,13.56618512890867,13.164997196209432,13.380664825439453,13.380664825439453,48159200
26/04/2012,13.362111098041828,13.816636904648536,13.294860602532754,13.730833053588867,13.730833053588867,42740800
27/04/2012,13.863018354385021,14.145937385170228,13.396898511750498,14.076367378234863,14.076367378234863,46446000
30/04/2012,14.057815312603955,14.069410166657946,13.610247046000772,13.617204666137695,13.617204666137695,37756000
01/05/2012,13.656626147620422,14.361604181617114,13.531399611720238,13.65198802947998,13.65198802947998,50929200
02/05/2012,13.331969355227505,13.78417493528908,13.158043859932802,13.751708984375,13.751708984375,45891600
03/05/2012,13.726193142354468,13.751702344221234,12.963241010380566,13.164994239807129,13.164994239807129,59914400
04/05/2012,12.89599118384581,12.942371476011271,12.364938652043783,12.4089994430542,12.4089994430542,61620400
07/05/2012,12.276815767394302,12.664090176465013,12.20260765630838,12.555096626281738,12.555096626281738,42344400
08/05/2012,12.237394499944182,12.52727024359087,11.901138460387914,12.506399154663086,12.506399154663086,63177600
09/05/2012,12.035641289316926,12.501761098158166,11.901138518980003,12.267541885375977,12.267541885375977,74558000
10/05/2012,12.5319096677587,12.636265123273864,12.214205182675796,12.415959358215332,12.415959358215332,57756400
11/05/2012,12.116807227320303,12.631626879677729,12.105212373406891,12.309285163879395,12.309285163879395,51557200
14/05/2012,11.949836268092662,12.121443081701685,11.734168663990335,11.83620548248291,11.83620548248291,56408800
15/05/2012,11.840847125718566,12.123765308048366,11.671559762832079,11.78519058227539,11.78519058227539,55080800
16/05/2012,11.889542644283662,12.07970104593891,11.502268222140565,11.541691780090332,11.541691780090332,56692400
17/05/2012,11.550970662739367,11.60894582005854,10.73236083984375,10.73236083984375,10.73236083984375,76915600
18/05/2012,10.741636546254288,10.948027954565543,10.347405319048752,10.435527801513672,10.435527801513672,68231200
21/05/2012,10.53060436620242,11.154416552476068,10.31493677520568,11.149779319763184,11.149779319763184,58984800
22/05/2012,11.166014010129954,11.41646619287969,10.734678761617587,10.978174209594727,10.978174209594727,55062800
23/05/2012,10.64191690664168,11.237901294660286,10.405378221511386,11.177607536315918,11.177607536315918,61200000
24/05/2012,11.149783890562635,11.281967192828478,10.764827954930631,11.237905502319336,11.237905502319336,58057600
25/05/2012,11.247179440154904,11.349215388773825,11.07789210319072,11.210075378417969,11.210075378417969,41941600
29/05/2012,11.550968456482659,11.794463893788965,11.302834901321024,11.699384689331055,11.699384689331055,49372000
30/05/2012,11.337621983703366,11.39559714286293,10.989771028745984,11.031513214111328,11.031513214111328,48298000
31/05/2012,11.057021098825748,11.191522991927561,10.537563345854135,10.959622383117676,10.959622383117676,68253200
01/06/2012,10.24768929289082,10.505099153114868,9.948538129983868,9.987960815429688,9.987960815429688,75646000
04/06/2012,10.096953222816126,10.201308678904573,9.635470599060847,9.925346374511719,9.925346374511719,59246800
05/06/2012,9.774610084187604,10.33349046280258,9.744462760217184,10.31029987335205,10.31029987335205,67904000
06/06/2012,10.542202335407715,11.089487958968359,10.48190856137186,11.06861686706543,11.06861686706543,58418400
07/06/2012,11.595030469120621,11.618220176206615,10.8575864605141,10.862224578857422,10.862224578857422,54508800
08/06/2012,10.81352301659696,11.323704409297886,10.595535930966069,11.272686004638672,11.272686004638672,47219200
11/06/2012,11.646049444846964,11.676195888578548,10.467993868058437,10.54220199584961,10.54220199584961,57010000
12/06/2012,10.614090670057683,10.943389100596477,10.331171652259693,10.920199394226074,10.920199394226074,57872400
13/06/2012,10.869183302545785,11.070937506552935,10.407701500841043,10.558436393737793,10.558436393737793,58480800
14/06/2012,10.567710372686285,11.029192960354269,10.477269279358888,10.920199394226074,10.920199394226074,63416000
15/06/2012,10.98513208803394,11.39095817179008,10.871501279975387,11.332983016967773,11.332983016967773,50345200
18/06/2012,11.07557115816393,11.516182607913587,10.971216606313666,11.367766380310059,11.367766380310059,47040000
19/06/2012,11.560243594111869,12.170142369053055,11.488354980257967,11.973027229309082,11.973027229309082,56284800
20/06/2012,11.989261088258749,12.174781389651127,11.67851425169005,11.91969108581543,11.91969108581543,63060000
21/06/2012,11.859394146607949,11.924326018408536,11.003681423947224,11.054698944091797,11.054698944091797,84462400
22/06/2012,11.25645591575551,11.53009870861216,11.068616101619144,11.435019493103027,11.435019493103027,38508400
25/06/2012,10.934113039671695,11.073253038131075,10.774101068349818,10.90628433227539,10.90628433227539,45498000
26/06/2012,10.975857859263348,11.184567907212482,10.69061928986059,11.050065994262695,11.050065994262695,43502000
27/06/2012,11.12891004607443,11.560244413668574,11.08948648455242,11.518502235412598,11.518502235412598,37470400
28/06/2012,11.251816152407075,11.52313940408522,10.968897164122785,11.486035346984863,11.486035346984863,49095600
29/06/2012,12.239710554433062,12.582923256907993,12.058828411344614,12.49248218536377,12.49248218536377,54815600
02/07/2012,12.673368383825567,12.942373049534012,12.36725965679977,12.912225723266602,12.912225723266602,33796400
03/07/2012,12.963242529358705,13.445595266578998,12.90526738546109,13.429362297058105,13.429362297058105,23633200
05/07/2012,13.498930934153405,13.589372007989988,13.185865542468246,13.401533126831055,13.401533126831055,28144000
06/07/2012,13.042089647136331,13.090788559009898,12.754532524616621,12.94237232208252,12.94237232208252,34348800
09/07/2012,12.900631701145949,12.935416263267381,12.617712662478874,12.80555248260498,12.80555248260498,31132000
10/07/2012,13.088468116040833,13.139486525550508,12.20260799156287,12.367258071899414,12.367258071899414,50828000
11/07/2012,12.397405671919003,12.511037353398745,12.003174481091063,12.223480224609375,12.223480224609375,36804000
12/07/2012,11.947517688246064,12.253626375401854,11.557924652842242,12.09593391418457,12.09593391418457,50925200
13/07/2012,12.244351997493567,12.705834599365419,12.221162290409413,12.54118537902832,12.54118537902832,37329600
16/07/2012,12.46929463388078,12.606116015209052,12.24667028330172,12.425233840942383,12.425233840942383,26088800
17/07/2012,12.650175187598855,12.726702795911525,12.031001126001811,12.529586791992188,12.529586791992188,42144800
18/07/2012,12.480890039245423,12.988752027373266,12.448424097259704,12.754532814025879,12.754532814025879,27197200
19/07/2012,12.928458787329713,13.007305028772194,12.562055405146825,12.62930679321289,12.62930679321289,26696000
20/07/2012,12.334793782065441,12.3927689376423,12.088979688583189,12.18637752532959,12.18637752532959,39278400
23/07/2012,11.49994944742692,11.738806754472266,11.344575603549984,11.564881324768066,11.564881324768066,37490000
24/07/2012,11.68779206565078,11.701705537239278,10.927157400318196,11.121953964233398,11.121953964233398,54293200
25/07/2012,11.272688906258866,11.421105156600694,11.038468792425778,11.163695335388184,11.163695335388184,37696000
26/07/2012,11.697066224860086,11.773593849310254,11.254136103668095,11.448932647705078,11.448932647705078,46006400
27/07/2012,11.611261489879258,12.455379424646848,11.432697944504502,12.304644584655762,12.304644584655762,44858400
30/07/2012,12.360303241828749,12.552781186856105,12.012452301338461,12.151593208312988,12.151593208312988,31912800
31/07/2012,12.007811016529045,12.341748397513692,11.82924747467041,11.82924747467041,11.82924747467041,39646000
01/08/2012,12.082022122858113,12.121445688836136,11.23326587677002,11.23326587677002,11.23326587677002,36167600
02/08/2012,10.91092294820861,11.346896319715018,10.899328095246165,11.117314338684082,11.117314338684082,43566000
03/08/2012,11.625178391792131,12.079703397163343,11.492995108440613,11.905777931213379,11.905777931213379,40128800
06/08/2012,11.961432410550685,12.367258427909624,11.894181029648452,12.200289726257324,12.200289726257324,22709600
07/08/2012,12.47625365040319,12.798595382839748,12.376536309265605,12.517995834350586,12.517995834350586,28236800
08/08/2012,12.33710948495831,12.62930378985854,12.323195133437194,12.446102142333984,12.446102142333984,22281200
09/08/2012,12.427553824543548,12.719748206239817,12.392768378913468,12.61539363861084,12.61539363861084,25596000
10/08/2012,12.427555210512807,12.56205712037932,12.306966772745508,12.501763343811035,12.501763343811035,22178400
13/08/2012,12.473932591330774,12.545821206009332,12.024044893445774,12.448423385620117,12.448423385620117,28550800
14/08/2012,12.6733679064821,12.735980288834465,12.202609095750539,12.36493968963623,12.36493968963623,32288400
15/08/2012,12.24666977446486,12.657133901395301,12.218841068325832,12.647857666015625,12.647857666015625,25587600
16/08/2012,12.615394418448808,13.13717082737054,12.453063803191466,13.060643196105957,13.060643196105957,31615600
17/08/2012,13.102383313087419,13.413130138552944,12.995709254177152,13.355154991149902,13.355154991149902,29031200
20/08/2012,13.278626525614289,13.31341196569121,12.988750807074915,13.234565734863281,13.234565734863281,27045200
21/08/2012,13.452554385297844,13.823595902789844,13.086151870926091,13.218335151672363,13.218335151672363,40345200
22/08/2012,13.123255676550192,13.236887365737674,12.895993182805855,13.037452697753906,13.037452697753906,36523200
23/08/2012,13.025856318966907,13.02817582036744,12.610754915960795,12.784680366516113,12.784680366516113,35734000
24/08/2012,12.675687565707518,13.021219870891363,12.569013495243485,12.872802734375,12.872802734375,31781600
27/08/2012,13.102383976101658,13.183548832720849,12.789318518135536,12.967881202697754,12.967881202697754,29665200
28/08/2012,12.977157935055207,13.227611018704996,12.870483866669835,13.146445274353027,13.146445274353027,31922400
29/08/2012,13.229927050261583,13.445594646383196,13.056001626591282,13.273988723754883,13.273988723754883,29097200
30/08/2012,13.062960916706247,13.102383593160342,12.810189233240585,12.875121116638184,12.875121116638184,29502000
31/08/2012,13.20905809438529,13.227610567191537,12.664092032845373,13.032814025878906,13.032814025878906,39097600
04/09/2012,13.067597608866118,13.645030454663774,12.766127025339093,13.498932838439941,13.498932838439941,43965200
05/09/2012,13.545313206881756,13.703005676295266,13.380664002962822,13.519804000854492,13.519804000854492,29312800
06/09/2012,13.73547259506016,14.410303313693815,13.712282888636837,14.278120040893555,14.278120040893555,38904400
07/09/2012,14.366240790006879,14.644521656774735,14.292032676819517,14.547122955322266,14.547122955322266,27363600
10/09/2012,14.519296843635548,14.674669822469234,14.333776538822715,14.387113571166992,14.387113571166992,26177200
11/09/2012,14.382473141526905,14.725685871429771,14.35696393784655,14.456681251525879,14.456681251525879,25354800
12/09/2012,14.697860164018866,14.772068284684568,14.389431943739693,14.693222045898438,14.693222045898438,24046800
13/09/2012,14.765109138743279,15.562847680373709,14.54016618325628,15.252099990844727,15.252099990844727,46960000
14/09/2012,15.421392623494473,15.99650699153744,15.40747915120086,15.690398216247559,15.690398216247559,35788400
17/09/2012,15.467765000978325,15.599948235364556,15.252097432320719,15.456171035766602,15.456171035766602,22692000
18/09/2012,15.35877579330944,15.430664405080382,15.138469186469862,15.328627586364746,15.328627586364746,24910800
19/09/2012,15.437624374223306,15.502556265463232,15.170938304406748,15.238189697265625,15.238189697265625,33869600
20/09/2012,15.008604835479051,15.161658288216508,14.739600215722414,15.043390274047852,15.043390274047852,27986400
21/09/2012,15.490961647645891,15.514151355080976,15.196446878510397,15.224275588989258,15.224275588989258,30591600
24/09/2012,15.041071412869666,15.347180100627657,14.906568654954237,15.057304382324219,15.057304382324219,30671200
25/09/2012,15.36341250891821,15.395878446641465,14.373196985206619,14.445086479187012,14.445086479187012,47958000
26/09/2012,14.503063057867571,14.542485733400722,13.985924850214627,14.125064849853516,14.125064849853516,39609600
27/09/2012,14.326817531948144,14.748876516265991,14.099555069979342,14.59814167022705,14.59814167022705,36007200
28/09/2012,14.454365244021176,14.56799604594081,14.185359690933304,14.264205932617188,14.264205932617188,33192400
01/10/2012,14.558720154242693,14.839320567389667,14.215507354262014,14.412623405456543,14.412623405456543,41432800
02/10/2012,14.635246400110258,14.681626695111378,14.238696602880255,14.449726104736328,14.449726104736328,28522000
03/10/2012,14.528570516716895,14.674667233376033,14.138977503031652,14.361601829528809,14.361601829528809,37292000
04/10/2012,14.542485998293234,14.686265003120313,14.1552124319781,14.67466926574707,14.67466926574707,43366400
05/10/2012,14.860192401987401,15.20340433452345,14.472917900122411,14.609739303588867,14.609739303588867,30660000
08/10/2012,14.361605253963244,14.49610715155666,14.245654945686216,14.33377742767334,14.33377742767334,17554400
09/10/2012,14.359286853499594,14.403348540187206,13.760983676919135,13.823596954345703,13.823596954345703,45122000
10/10/2012,13.85606036726229,13.951139574564557,13.624159775341582,13.765619277954102,13.765619277954102,31167200
11/10/2012,14.076366547269679,14.250291996656133,13.832871095054761,13.923312187194824,13.923312187194824,29164000
12/10/2012,13.897802766122295,14.046219005776551,13.487338605723798,13.55690860748291,13.55690860748291,36485200
15/10/2012,13.691413732710132,13.844468116760254,13.415451410291821,13.844468116760254,13.844468116760254,34004400
16/10/2012,14.05549295028969,14.20159054940531,13.967370490626093,14.1575288772583,14.1575288772583,26481200
17/10/2012,14.234061508924308,14.598145442391832,14.143620401004833,14.533212661743164,14.533212661743164,39151200
18/10/2012,14.482193069135898,14.602781490807168,14.238697608963216,14.264205932617188,14.264205932617188,33646800
19/10/2012,13.937226059278226,13.953459030919078,13.232248889735313,13.420087814331055,13.420087814331055,54423200
22/10/2012,13.318052263380688,13.4850209876723,13.18354948333897,13.415450096130371,13.415450096130371,34259600
23/10/2012,13.076872956878713,13.271669470410279,12.733660220586046,13.227608680725098,13.227608680725098,50671200
24/10/2012,13.350516126582775,13.422405623809167,12.967879821269177,13.113977432250977,13.113977432250977,31871200
25/10/2012,13.429364106259456,13.556909263090969,12.942373185764371,13.246162414550781,13.246162414550781,46326800
26/10/2012,13.218332392975025,13.443276227305647,12.7498931388578,13.065278053283691,13.065278053283691,53943200
31/10/2012,13.083830555089024,13.318050640866891,12.94932867606406,13.239204406738281,13.239204406738281,24912000
01/11/2012,13.40153635647057,13.82591400935089,13.253120108804653,13.733154296875,13.733154296875,35836000
02/11/2012,13.916353384295524,13.951138825067073,13.067597298848707,13.090787887573242,13.090787887573242,48053600
05/11/2012,13.093108717034221,13.38530399193457,12.947011964214704,13.357475280761719,13.357475280761719,30550400
06/11/2012,13.480382788536676,13.740111225611146,13.447916844481197,13.633437156677246,13.633437156677246,30304000
07/11/2012,13.134849021396759,13.141805755880105,12.42987102915375,12.631625175476074,12.631625175476074,81206000
08/11/2012,12.559735554893356,12.71278990447091,12.08202003487589,12.112167358398438,12.112167358398438,60551200
09/11/2012,11.963753220657445,12.448425559923635,11.894183210423632,12.174782752990723,12.174782752990723,50230800
12/11/2012,12.262900597136541,12.304642764406575,12.017085710394156,12.075060844421387,12.075060844421387,22613600
13/11/2012,11.908095367265608,12.255946264669245,11.817654275481555,11.875629425048828,11.875629425048828,33856800
14/11/2012,11.959115075562645,12.049556177129551,11.131229920961582,11.23326587677002,11.23326587677002,54579200
15/11/2012,11.140505192494953,11.314430644933289,10.790334786192632,11.038468360900879,11.038468360900879,59084800
16/11/2012,11.012959262089801,11.41414717130652,10.727720761702772,11.307472229003906,11.307472229003906,58300400
19/11/2012,11.657643140924772,12.049554832180458,11.625177198819998,12.017088890075684,12.017088890075684,42500000
20/11/2012,11.945198187111126,12.116805001246577,11.79678196117262,12.09593391418457,12.09593391418457,40160000
21/11/2012,12.139997272774492,12.288414414738014,12.02404696115437,12.272180557250977,12.272180557250977,29273200
23/11/2012,12.374215998324106,12.671048479423028,12.351025407844142,12.657135009765625,12.657135009765625,23358000
26/11/2012,12.578289367053667,12.78004264831543,12.443786589792081,12.78004264831543,12.78004264831543,32500000
27/11/2012,12.729025050847522,12.98643488383589,12.673369396738543,12.705835342407227,12.705835342407227,38392000
28/11/2012,12.545821548639388,13.021218465218276,12.237394224353118,13.018898963928223,13.018898963928223,53431600
29/11/2012,13.334282850050823,13.554588569716888,13.174271774317184,13.47574234008789,13.47574234008789,50782000
30/11/2012,13.552272300598826,13.554591802258106,13.225292452464497,13.38530445098877,13.38530445098877,36069600
03/12/2012,13.714600968868556,13.73315344098586,13.236886312045245,13.352836608886719,13.352836608886719,36860800
04/12/2012,13.387620202017287,13.508208608194597,13.09078774658421,13.417767524719238,13.417767524719238,41012000
05/12/2012,13.570822204198082,13.600969527642158,13.065278863199813,13.359792709350586,13.359792709350586,46378800
06/12/2012,13.341239282812971,13.501251239563416,13.169633359315672,13.392257690429688,13.392257690429688,31214800
07/12/2012,13.607926251336558,13.621840604752999,13.278626964191607,13.424724578857422,13.424724578857422,36887600
10/12/2012,13.536038439880178,13.675179337500186,13.450235461357748,13.633437156677246,13.633437156677246,29252800
11/12/2012,13.900121086883049,14.120426824955013,13.805041880089533,14.048538208007812,14.048538208007812,33215600
12/12/2012,14.169127099802186,14.245654726711402,13.72851646590064,13.816638946533203,13.816638946533203,33432000
13/12/2012,13.837508524152078,13.944183473602825,13.403854645248865,13.552270889282227,13.552270889282227,30644400
14/12/2012,13.42936630477117,13.747069940445552,13.40849521135427,13.524445533752441,13.524445533752441,23297200
17/12/2012,13.682133917231624,14.083321805598182,13.600969069879904,14.081003189086914,14.081003189086914,28102000
18/12/2012,14.199271757268182,14.723367539470617,14.083321472575843,14.681625366210938,14.681625366210938,37818400
19/12/2012,14.748877045476801,14.976140400230644,14.579589722363437,14.76511001586914,14.76511001586914,24553600
20/12/2012,14.76510917518601,15.020199453653424,14.6259691841366,14.959906578063965,14.959906578063965,23230400
21/12/2012,14.312903255654888,14.783661122837618,14.20854782374406,14.781342506408691,14.781342506408691,28088400
24/12/2012,14.656118905856834,14.679308613284533,14.440451265182814,14.563358306884766,14.563358306884766,10123200
26/12/2012,14.688582821779084,14.700177673891814,14.234057895768146,14.282756805419922,14.282756805419922,19938800
27/12/2012,14.3198620002132,14.398708239324295,13.689092087324452,14.215506553649902,14.215506553649902,34675600
28/12/2012,14.025345885926265,14.359282376794592,13.925628573479322,13.948819160461426,13.948819160461426,24902400
31/12/2012,14.00447800357147,14.885701048607116,13.844466897628376,14.83236312866211,14.83236312866211,39921200
02/01/2013,15.896784744794262,16.168107986450195,15.743729519699569,16.168107986450195,16.168107986450195,45881200
03/01/2013,16.18433922012635,16.418559265567982,15.919972740820253,16.056793212890625,16.056793212890625,28155200
04/01/2013,16.267827479673976,16.502047581582858,16.079986790162756,16.36058807373047,16.36058807373047,26632800
07/01/2013,16.149559000126,16.297975255062216,16.056798398475532,16.21449089050293,16.21449089050293,19381600
08/01/2013,16.191297524181493,16.270144637011317,15.936207254223206,16.170427322387695,16.170427322387695,21960800
09/01/2013,16.27709882018635,16.460300451797785,16.244632887420845,16.41623878479004,16.41623878479004,19189600
10/01/2013,16.594805409499493,16.64350432036996,16.23536056185717,16.522916793823242,16.522916793823242,31226800
11/01/2013,16.48348936232291,16.564654190353117,16.26086507575696,16.44638442993164,16.44638442993164,22716400
14/01/2013,16.34898741235951,16.54842201027808,16.286375047552816,16.46030044555664,16.46030044555664,19400800
15/01/2013,16.165789179966517,16.74554062854914,16.131003739199357,16.68060874938965,16.68060874938965,22695200
16/01/2013,16.57393122444208,16.673648523487095,16.42783275766645,16.54610252380371,16.54610252380371,17818000
17/01/2013,16.77336816699223,17.09802930944274,16.722349759987893,16.99831199645996,16.99831199645996,24048800
18/01/2013,17.016865211900434,17.165281452796908,16.880044708586336,17.1212215423584,17.1212215423584,20694800
22/01/2013,17.181512769360886,17.540959368667917,17.040055046192204,17.52936363220215,17.52936363220215,21390000
23/01/2013,17.53168331086376,17.55951201710679,17.3415249080222,17.376310348510742,17.376310348510742,20581600
24/01/2013,17.48298436861076,17.881853644363442,17.353120611579097,17.550235748291016,17.550235748291016,29572400
25/01/2013,17.81692296734446,17.918958025066864,17.566469902527345,17.905044555664062,17.905044555664062,19311200
28/01/2013,17.990848541259766,18.106798838479648,17.61053170791944,17.990848541259766,17.990848541259766,25239600
29/01/2013,17.944466893256934,18.072012924579933,17.76590421866581,17.995485305786133,17.995485305786133,22878400
30/01/2013,17.95838277579356,17.988529216432532,17.193110098928734,17.360078811645508,17.360078811645508,29243200
31/01/2013,17.29978687591457,17.765907643852426,17.23021774753939,17.69633674621582,17.69633674621582,23012800
01/02/2013,17.937511350773935,18.373485618262023,17.87025996335798,18.199560165405273,18.199560165405273,32054800
04/02/2013,17.85402769281929,18.065058099816007,17.45052112174291,17.54096221923828,17.54096221923828,33109200
05/02/2013,17.777499471497606,18.164773018948544,17.69865235357467,18.023313522338867,18.023313522338867,25512400
06/02/2013,17.72879967895765,18.252895516062424,17.682420267926553,18.229705810546875,18.229705810546875,25581600
07/02/2013,18.17636762604275,18.26680871469529,17.67546327114107,18.016357421875,18.016357421875,38953200
08/02/2013,18.106797324723672,18.452328686158857,18.078968618783417,18.419862747192383,18.419862747192383,20528400
11/02/2013,18.38971631781159,18.38971631781159,18.099840598862862,18.354930877685547,18.354930877685547,19900400
12/02/2013,18.3781200788263,18.681909257814375,18.345654140732652,18.598424911499023,18.598424911499023,19286000
13/02/2013,18.66799813041218,18.872070019624285,18.533495359011376,18.788585662841797,18.788585662841797,25019600
14/02/2013,18.654088664579145,19.06919103621628,18.633216686273027,18.96019744873047,18.96019744873047,20982800
15/02/2013,18.95787523935126,19.16658614629729,18.82337245829034,18.969470977783203,18.969470977783203,28860400
19/02/2013,19.07382304201485,19.495882034301758,19.066866307573694,19.495882034301758,19.495882034301758,21125600
20/02/2013,19.542262876198283,19.563134850313073,18.345656694539553,18.39667510986328,18.39667510986328,34848000
21/02/2013,18.36189246308891,18.385082172879358,17.515454786276752,17.84475326538086,17.84475326538086,30660800
22/02/2013,18.12071403972846,18.51262664794922,18.11607680587139,18.51262664794922,18.51262664794922,26768800
25/02/2013,18.797861304527892,18.797861304527892,17.26268052735614,17.278913497924805,17.278913497924805,42951200
26/02/2013,17.50849582402474,17.724163459250065,17.149049175562126,17.480667114257812,17.480667114257812,34460400
27/02/2013,17.478349679096425,18.34797696990323,17.462116707105146,18.0186767578125,18.0186767578125,32553200
28/02/2013,18.027953725901,18.470884759899096,17.953745598178863,18.141586303710938,18.141586303710938,23644000
01/03/2013,17.805324790205663,18.475517269943783,17.373989605211882,18.38971519470215,18.38971519470215,35144000
04/03/2013,18.262172305612786,18.547410822956323,17.960700816990265,18.526538848876953,18.526538848876953,29929600
05/03/2013,18.825688621559042,19.263980563794842,18.818731887437995,19.180496215820312,19.180496215820312,28675600
06/03/2013,19.349785507161425,19.423993624084165,19.131798389649152,19.319637298583984,19.319637298583984,22583600
07/03/2013,19.352102545723593,19.630384301158127,19.250067494399165,19.609512329101562,19.609512329101562,18158800
08/03/2013,20.05939848922528,20.147520065307617,19.628063305025925,20.147520065307617,20.147520065307617,32909600
11/03/2013,19.94113184728306,20.14984273850485,19.88315669801374,20.11273956298828,20.11273956298828,19332000
12/03/2013,19.978232861019343,20.14983877369717,19.788074479603157,19.961999893188477,19.961999893188477,19865600
13/03/2013,20.01533632204119,20.314488250095554,19.82286020616256,20.219409942626953,20.219409942626953,18849600
14/03/2013,20.3307217936481,20.82930835451843,20.286661890078772,20.820032119750977,20.820032119750977,15914800
15/03/2013,20.73654714818516,20.924387800331658,20.5556649988492,20.762056350708008,20.762056350708008,23555200
18/03/2013,20.124333296572335,20.694808546417594,20.080271617477983,20.43971824645996,20.43971824645996,30294800
19/03/2013,20.56957917081423,20.75046309560943,19.66284889212631,20.18926239013672,20.18926239013672,43910400
20/03/2013,20.53015973201167,20.764379832230777,20.465227847418923,20.759740829467773,20.759740829467773,26930800
21/03/2013,20.3121711577639,20.609005389336154,19.994468492287528,20.19158363342285,20.19158363342285,36087600
22/03/2013,20.453631563825933,20.527839682702766,20.247240177910335,20.377105712890625,20.377105712890625,18546400
25/03/2013,20.557983728667665,20.91511078133108,19.999102564325995,20.423480987548828,20.423480987548828,29438000
26/03/2013,20.678577276682816,20.769018374387276,20.305217147487973,20.615964889526367,20.615964889526367,22348400
27/03/2013,20.233327421280038,20.690171887971243,19.959684641545575,20.671619415283203,20.671619415283203,22929200
28/03/2013,20.65074715511745,20.866414763182604,20.546390833579537,20.62987518310547,20.62987518310547,15386400
01/04/2013,20.62059611782815,20.752779358227276,19.60023336196539,19.880834579467773,19.880834579467773,48388000
02/04/2013,20.286663847034635,20.36550919627253,19.470372801363556,19.604875564575195,19.604875564575195,16786200
03/04/2013,19.73938210017119,19.762571809128172,18.473204883097285,18.589155197143555,18.589155197143555,20458200
04/04/2013,18.681917289387503,19.0900629613668,18.491758811975846,19.048320770263672,19.048320770263672,15417000
05/04/2013,18.218108220963767,18.97874180781299,18.143900109301914,18.923086166381836,18.923086166381836,15998000
08/04/2013,19.136435594850774,19.447183300376178,18.723652834494352,19.428630828857422,19.428630828857422,12896200
09/04/2013,19.526024989626713,19.641975260988538,19.154984475121026,19.252382278442383,19.252382278442383,14236800
10/04/2013,19.44718127033987,20.421162923009422,19.405439098410554,20.342317581176758,20.342317581176758,15743600
11/04/2013,20.29130137303113,20.7458263114757,20.212456022655523,20.425804138183594,20.425804138183594,12859000
12/04/2013,20.1753559386988,20.333048446691272,19.669812466246004,20.110424041748047,20.110424041748047,16597000
15/04/2013,19.76256756933153,19.822862215093362,17.67546236425939,17.874897003173828,17.874897003173828,26617600
16/04/2013,18.287689634429313,18.858165153192,18.097531128175085,18.779319763183594,18.779319763183594,15554400
17/04/2013,18.33870275257077,18.385082172149822,17.29051088517428,17.823883056640625,17.823883056640625,30756600
18/04/2013,17.86561597239068,17.972289997483838,17.244122518481465,17.49457550048828,17.49457550048828,27682000
19/04/2013,17.726484328470338,18.14854339489766,17.299786258759973,18.092885971069336,18.092885971069336,22316400
22/04/2013,18.167093232953558,18.385080376054454,17.267319488486905,18.255216598510742,18.255216598510742,21747600
23/04/2013,18.70046413517453,19.131799390240854,18.44073482773058,19.11324691772461,19.11324691772461,20384800
24/04/2013,19.09469341856411,19.456459536135554,18.895260542151227,19.428630828857422,19.428630828857422,12852600
25/04/2013,19.563136032023774,20.110421625218773,19.49356513978696,19.79039764404297,19.79039764404297,13755600
26/04/2013,19.604877343492102,19.781122298545725,19.238473963259455,19.49820327758789,19.49820327758789,15418000
29/04/2013,19.744017718485956,20.036212981363644,19.600238703900786,19.88315773010254,19.88315773010254,10533000
30/04/2013,19.924896346576013,20.25419472799508,19.651253605996285,20.249557495117188,20.249557495117188,12153800
01/05/2013,20.036213866797162,20.115059228135078,18.742207986130087,18.770036697387695,18.770036697387695,22593200
02/05/2013,19.099329583757147,19.781117772068683,18.99729277482323,19.679080963134766,19.679080963134766,17519600
03/05/2013,20.43044086083058,21.04729725639887,20.3469565100129,20.58349609375,20.58349609375,19962000
06/05/2013,20.65306839132418,21.075127443646338,20.592775504750513,21.024110794067383,21.024110794067383,14622600
07/05/2013,21.089039082437065,21.525011531170517,20.843223267207964,21.520374298095703,21.520374298095703,18548200
08/05/2013,21.362687110700765,21.71981430053711,21.19107936711274,21.71981430053711,21.71981430053711,15512000
09/05/2013,21.60386491952909,21.747642186982485,21.24209871053128,21.42761993408203,21.42761993408203,13290800
10/05/2013,21.5528398508486,22.021278230487223,21.450803032422755,21.979536056518555,21.979536056518555,14392800
13/05/2013,21.91460418701172,22.15578099566687,21.687340846597515,21.91460418701172,21.91460418701172,12908800
14/05/2013,22.030563095628764,22.777283517320363,22.021286856750784,22.768007278442383,22.768007278442383,12669600
15/05/2013,22.619582602976486,23.217886519170957,22.54537448874577,22.90713882446289,22.90713882446289,14935800
16/05/2013,22.763364816343927,23.152956144184884,22.554653912671093,22.74017333984375,22.74017333984375,15652600
17/05/2013,23.03700294862359,23.505443114683526,22.944244131304938,23.445148468017578,23.445148468017578,15312200
20/05/2013,23.282820449494547,23.881124418407637,23.254991740733068,23.621395111083984,23.621395111083984,14235600
21/05/2013,23.59820285222421,23.848654126939035,23.375578513999383,23.67241096496582,23.67241096496582,14456400
22/05/2013,23.72806933049794,24.43768460061155,22.109402363390764,22.536100387573242,22.536100387573242,28089800
23/05/2013,21.79401945641209,22.68451692301348,21.687343622043098,22.619585037231445,22.619585037231445,18885400
24/05/2013,22.23926585373865,22.68915177337088,21.840396575247038,22.62421989440918,22.62421989440918,15540800
28/05/2013,23.565743459360426,24.16404576047905,23.060199997988814,23.53327751159668,23.53327751159668,17511600
29/05/2013,23.10657619424643,23.30601085654984,22.2624581316297,22.897865295410156,22.897865295410156,21375000
30/05/2013,23.050923234935706,23.47298231550903,22.91642044340121,23.301376342773438,23.301376342773438,17961400
31/05/2013,22.93960742103498,23.41268486752689,22.52682462723373,22.573204040527344,22.573204040527344,19076800
03/06/2013,22.79119350171239,23.264270996492012,22.021283485328624,23.152957916259766,23.152957916259766,34311600
04/06/2013,23.152957555339185,23.514723733508546,21.933161541465825,22.443342208862305,22.443342208862305,29356200
05/06/2013,22.37840920588951,22.466530802097818,21.40442733675738,21.525014877319336,21.525014877319336,27093600
06/06/2013,21.543564637101028,22.271732330322266,21.130781880094712,22.271732330322266,22.271732330322266,27390600
07/06/2013,22.577846611522673,22.94425004993519,22.15578751450999,22.749452590942383,22.749452590942383,21128000
10/06/2013,23.06947339296472,23.190060931332702,22.508272573787924,23.1761474609375,23.1761474609375,19937000
11/06/2013,22.410871505737305,22.958157006214197,21.835759068488997,22.410871505737305,22.410871505737305,23618000
12/06/2013,22.851485572527228,22.958159637318577,21.687343557707234,21.775466918945312,21.775466918945312,33489200
13/06/2013,21.752277798636886,23.06483432355364,21.51110095333439,22.916418075561523,22.916418075561523,22468400
14/06/2013,22.791188806946913,23.027728390242544,22.197523886027888,22.38304328918457,22.38304328918457,19098400
17/06/2013,22.981358159790847,23.16687942058252,22.42015891132574,22.823665618896484,22.823665618896484,18549800
18/06/2013,22.948884576783634,23.811555144985014,22.897866158560348,23.60284423828125,23.60284423828125,18220400
19/06/2013,23.616755538139977,23.755897309326865,22.693792168932156,22.78191375732422,22.78191375732422,30808200
20/06/2013,21.69661512278617,21.798651932035753,20.69944380872825,20.959171295166016,20.959171295166016,50364400
21/06/2013,20.9359869228815,21.279200606372246,20.272751032458732,21.158611297607422,21.158611297607422,38014400
24/06/2013,20.430441256215104,20.838586782637922,19.7440157345219,20.29593849182129,20.29593849182129,43608000
25/06/2013,20.87569043770661,21.024108443768927,20.425804493954658,20.898881912231445,20.898881912231445,32685200
26/06/2013,21.473993837085413,21.53892571786393,20.908157612257575,21.186437606811523,21.186437606811523,25321400
27/06/2013,21.548200959631306,22.262455153770752,21.538924724339253,22.174333572387695,22.174333572387695,21176000
28/06/2013,22.04910968430814,22.429426530418528,21.719811253769347,21.84039878845215,21.84039878845215,17285400
01/07/2013,22.22071858034018,23.190063296921977,22.21608134615582,22.888591766357422,22.888591766357422,18755600
02/07/2013,22.846846418960613,23.319923857041022,22.35985551099175,22.79582977294922,22.79582977294922,19945800
03/07/2013,22.54073919581242,23.185424395281796,22.452617598555783,22.99526596069336,22.99526596069336,11231800
05/07/2013,23.70024260232458,23.955334699152733,22.958161327718997,23.899677276611328,23.899677276611328,18894400
08/07/2013,24.233613167806464,24.456237535792674,24.0573682130111,24.242889404296875,24.242889404296875,17262600
09/07/2013,24.65567026933992,25.00352114885615,24.36347503515319,24.850467681884766,24.850467681884766,16961800
10/07/2013,24.87829204948259,25.13802131628668,24.678857424291408,25.09627914428711,25.09627914428711,19388400
11/07/2013,25.917211371283894,26.051712373710703,25.560084237454376,25.940401077270508,25.940401077270508,20325200
12/07/2013,25.95431763573273,26.43667136240638,25.95431763573273,26.18621826171875,26.18621826171875,18319400
15/07/2013,26.33462662597417,26.881912080771862,26.246505051451468,26.775238037109375,26.775238037109375,15115200
16/07/2013,26.84017915270802,26.88192133801674,26.218685376590134,26.39029312133789,26.39029312133789,17364200
17/07/2013,26.849450453529748,27.076713813813928,26.552617976697356,26.705673217773438,26.705673217773438,19051200
18/07/2013,26.919021672303998,27.572981283808375,26.858727021807525,27.243682861328125,27.243682861328125,14529600
19/07/2013,27.150922889135995,27.35963378465258,26.914383284463472,27.322528839111328,27.322528839111328,11940600
22/07/2013,27.48022061933768,27.716758448725432,27.234406553800838,27.568342208862305,27.568342208862305,16253800
23/07/2013,27.818794979959776,27.874450626998684,27.33180408753183,27.4848575592041,27.4848575592041,15309200
24/07/2013,27.837344163119617,27.897638805690363,26.682478565625942,26.784515380859375,26.784515380859375,21657000
25/07/2013,26.696395694117555,27.600806550451395,26.59435887165485,27.58689308166504,27.58689308166504,15951400
26/07/2013,27.067440623901362,27.239046587146014,26.603639384339683,27.169477462768555,27.169477462768555,18315800
29/07/2013,26.974676213194797,27.303974622162503,26.32999286431798,26.6268253326416,26.6268253326416,15874600
30/07/2013,26.85408898479334,26.99322898470842,26.399562272203735,26.710309982299805,26.710309982299805,15177000
31/07/2013,27.002505034206894,27.596169973352442,26.784517915312666,26.86336326599121,26.86336326599121,18651200
01/08/2013,27.614720776432076,28.12026409852049,27.48949425416126,27.90227699279785,27.90227699279785,14595400
02/08/2013,27.63791250277989,28.064608740922527,27.51732497394948,28.008953094482422,28.008953094482422,17544400
05/08/2013,27.893004000249785,28.34752896581781,27.777053699770356,28.25476837158203,28.25476837158203,14755800
06/08/2013,28.027509129707468,28.1109934946121,27.188028246727033,27.406015396118164,27.406015396118164,20563400
07/08/2013,27.146280812455302,27.317888512260147,26.645376489195627,26.85872459411621,26.85872459411621,17646400
08/08/2013,27.271510950143764,27.51732679594748,26.73350161423674,27.164836883544922,27.164836883544922,21450800
09/08/2013,27.007142837196675,27.48022025903056,26.687120655924243,27.053524017333984,27.053524017333984,22579400
12/08/2013,26.53406302049793,27.52659718545949,26.52014955234307,27.4709415435791,27.4709415435791,14639400
13/08/2013,27.568343367084317,27.568343367084317,26.863365313485826,27.382823944091797,27.382823944091797,18810600
14/08/2013,27.41064649182398,27.53587301113821,27.044244938194478,27.062795639038086,27.062795639038086,16940200
15/08/2013,26.12591976344758,26.223317580827118,25.402389328783187,25.57863426208496,25.57863426208496,26447200
16/08/2013,25.328184475945495,25.754880741833503,25.1473022863077,25.25861358642578,25.25861358642578,21117600
19/08/2013,25.20759526398095,25.3792029869663,24.43304808612947,24.45623779296875,24.45623779296875,19699000
20/08/2013,24.54435920636455,25.68067252575429,24.52116949969562,25.541532516479492,25.541532516479492,19918400
21/08/2013,25.20759283195569,25.819810233604343,24.7020494868848,25.068452835083008,25.068452835083008,29319200
22/08/2013,25.309630348819944,26.158387360743674,25.291077876925623,26.144472122192383,26.144472122192383,19867600
23/08/2013,26.320719258865335,26.362461439473634,25.764157440508445,26.292890548706055,26.292890548706055,16659600
26/08/2013,26.45985670844443,26.79843135424838,26.00069453548526,26.278974533081055,26.278974533081055,17303400
27/08/2013,25.36528708533633,25.71313798662912,24.312458145112142,24.442323684692383,24.442323684692383,25514400
28/08/2013,24.354196355776086,24.887568358555445,24.28462724840979,24.595373153686523,24.595373153686523,17030200
29/08/2013,24.544356799930565,25.61573812789999,24.497977391139937,25.374561309814453,25.374561309814453,19213600
30/08/2013,25.356008926254322,25.365285161896725,24.052728780565037,24.224334716796875,24.224334716796875,20642400
03/09/2013,25.216871588588475,25.583274973416163,23.978523192584078,24.65103530883789,24.65103530883789,26212800
04/09/2013,24.706689216771938,25.318906636445394,24.419132978867403,25.277164459228516,25.277164459228516,17197200
05/09/2013,25.337465423463325,25.699229870001346,25.207599856831525,25.379207611083984,25.379207611083984,13649600
06/09/2013,25.83836484434358,25.972867619136796,24.386668338784887,25.564722061157227,25.564722061157227,26133200
09/09/2013,25.87546683140657,26.821621611107883,25.85691436060592,26.747411727905273,26.747411727905273,14415400
10/09/2013,27.25759641892598,27.559066133858988,26.970040173667392,27.54515266418457,27.54515266418457,19468600
11/09/2013,27.424563869508987,27.75849951114955,27.220490220953067,27.559064865112305,27.559064865112305,13128200
12/09/2013,27.512685886955538,27.605446476911926,26.965400352400053,27.034971237182617,27.034971237182617,12507200
13/09/2013,27.27150817932051,27.443114115173575,26.8772778963243,27.39209747314453,27.39209747314453,9691000
16/09/2013,28.403185769668816,28.421736472705852,27.475583385893703,27.568342208862305,27.568342208862305,18888200
17/09/2013,27.624002803268468,28.398550033569336,27.605450328836252,28.398550033569336,28.398550033569336,10166000
18/09/2013,28.40782225913752,29.646170559800723,27.753862666473125,29.224111557006836,29.224111557006836,20400200
19/09/2013,29.44673752089958,29.507030400071688,28.862347046801748,29.140628814697266,29.140628814697266,15787200
20/09/2013,29.353977503974814,29.400356914897877,28.79741572659245,28.82988166809082,28.82988166809082,14950600
23/09/2013,28.91336761097994,29.052507620651323,28.17592361353427,28.876262664794922,28.876262664794922,17527600
24/09/2013,28.9458341140723,29.725018537153684,28.412462002545194,29.108163833618164,29.108163833618164,16389800
25/09/2013,29.20092270889173,29.776035197863397,28.84843458041824,28.955108642578125,28.955108642578125,19016200
26/09/2013,29.19164571555269,29.762120956268983,28.87162353737363,29.418909072875977,29.418909072875977,17671800
27/09/2013,28.87626466711446,29.428189279689892,28.737124647794918,29.00613021850586,29.00613021850586,18738200
30/09/2013,28.101715871024826,29.251942679420374,27.95793685650242,29.08961296081543,29.08961296081543,18973800
01/10/2013,28.992210602550195,30.10069689437099,28.94119395959955,30.096057891845703,30.096057891845703,16639400
02/10/2013,29.409631835939898,29.984746059680816,29.247302135706313,29.711101531982422,29.711101531982422,20415200
03/10/2013,29.544135616814295,29.664723145535177,28.22230118791946,28.746397018432617,28.746397018432617,35634200
04/10/2013,28.825244924898982,29.599792069904876,28.672189681580033,29.344701766967773,29.344701766967773,19246200
07/10/2013,28.50521756931231,29.07569275779078,28.3104219402391,28.34288787841797,28.34288787841797,25707400
08/10/2013,28.412461068813222,28.551602845864135,26.86800397460329,26.97467803955078,26.97467803955078,33270400
09/10/2013,27.15092552324328,27.197304940408262,26.130562422261434,26.6221923828125,26.6221923828125,32165800
10/10/2013,27.688933256490756,28.662915113200675,27.600809892145108,28.523775100708008,28.523775100708008,27037800
11/10/2013,28.315064372895595,29.822420120239258,28.30115090233844,29.822420120239258,29.822420120239258,26228600
14/10/2013,29.27049019846962,30.3372342347846,29.16381614869031,30.207366943359375,30.207366943359375,26227600
15/10/2013,30.035764361883672,30.249112472633243,29.14526520727085,29.409631729125977,29.409631729125977,27580200
16/10/2013,29.947640623805253,30.51347860260192,29.75748398909933,30.434633255004883,30.434633255004883,21767000
17/10/2013,30.00329819231223,31.237007438686096,29.99402018753383,31.21381950378418,31.21381950378418,22904200
18/10/2013,31.900246178602544,32.368686384454435,31.570947749070186,32.28520202636719,32.28520202636719,23350000
21/10/2013,32.438251870314836,32.65159996355717,31.937345805212775,32.08576202392578,32.08576202392578,20577400
22/10/2013,32.53101322139555,32.98553991713036,32.01619364846534,32.359405517578125,32.359405517578125,23716800
23/10/2013,31.886330904824817,32.164610903198856,31.496739614805595,32.04402160644531,32.04402160644531,15204000
24/10/2013,32.11822759642487,32.77218887485695,31.97445038138877,32.60985565185547,32.60985565185547,15815000
25/10/2013,32.77682400656715,32.95307069523701,32.19243714835508,32.61449432373047,32.61449432373047,16781400
28/10/2013,32.665513998459716,32.80001675189827,32.09967604900159,32.600582122802734,32.600582122802734,15510600
29/10/2013,32.846397399902344,33.09221144397556,32.15069567281727,32.846397399902344,32.846397399902344,18697200
30/10/2013,32.92987234723798,32.99480420681283,31.260189386631513,31.496728897094727,31.496728897094727,21628400
31/10/2013,31.454999761949544,31.793576222018753,30.69900501926373,30.981924057006836,30.981924057006836,17553800
01/11/2013,31.121060539211495,31.320495201410722,29.887351158426515,30.545948028564453,30.545948028564453,23479600
04/11/2013,31.00511273936982,31.742558564156276,30.717558230094866,31.598777770996094,31.598777770996094,14157800
05/11/2013,31.237010285903427,31.570947717922945,30.66189778549334,31.35296058654785,31.35296058654785,14530000
06/11/2013,31.8909731297376,31.941991547422145,30.699004126468946,30.8613338470459,30.8613338470459,16987600
07/11/2013,31.3204976932445,31.44572601170512,29.219478607177734,29.219478607177734,29.219478607177734,30862200
08/11/2013,29.456018551765258,31.074685799497725,29.40500189708005,30.92626953125,30.92626953125,19371400
11/11/2013,30.722184791429594,31.190624907216236,30.40216442905959,30.98655128479004,30.98655128479004,11679200
12/11/2013,30.750016509801156,31.11641629069185,30.42071459172369,31.102502822875977,31.102502822875977,13519800
13/11/2013,30.39753136931811,32.002283112358626,30.36042642371058,31.93735122680664,31.93735122680664,16303400
14/11/2013,31.928076729512345,32.06257951822748,31.31585921380508,31.91880226135254,31.91880226135254,12882400
15/11/2013,32.04402561616498,32.37332760679676,31.677625754546302,32.30375671386719,32.30375671386719,11182400
18/11/2013,32.67942925714025,32.7629136073487,31.31121725271936,31.561670303344727,31.561670303344727,14874200
19/11/2013,31.626607493563064,32.11359666945664,30.671174538839367,30.981924057006836,30.981924057006836,17329000
20/11/2013,31.45500268018016,31.691542323857735,30.55059159924083,30.949460983276367,30.949460983276367,16790800
21/11/2013,31.35296115486575,32.67015843409415,31.24628885791181,32.623775482177734,32.623775482177734,15406000
22/11/2013,32.62841679825603,33.19889388516097,32.43362112507783,33.12004852294922,33.12004852294922,10616800
25/11/2013,33.33339123329054,33.4771684631093,32.902056005312154,33.180335998535156,33.180335998535156,10669800
26/11/2013,33.22206908296542,34.12184428331201,33.12003582080562,33.95951461791992,33.95951461791992,10808600
27/11/2013,33.96416052146302,34.61347931498403,33.79255281830559,34.52999496459961,34.52999496459961,9962400
29/11/2013,34.970608189942624,35.16540382799893,34.52999496459961,34.52999496459961,34.52999496459961,6872200
02/12/2013,34.757261923386196,34.81291580091141,33.26382154207439,33.55601501464844,33.55601501464844,18086000
03/12/2013,33.324114529458534,33.746175307501304,32.56348086697389,33.03656005859375,33.03656005859375,15623400
04/12/2013,32.577396968491094,33.56065683680209,31.77502283290041,32.74436569213867,32.74436569213867,19410000
05/12/2013,32.739724445649294,33.20816464036784,32.44753096854964,32.855674743652344,32.855674743652344,16600200
06/12/2013,33.75081988996184,34.14968930104073,33.36122848668842,33.62559509277344,33.62559509277344,15597800
09/12/2013,33.727616956842404,33.96879197474373,33.101486172145506,33.579200744628906,33.579200744628906,12795000
10/12/2013,33.37048787311244,33.695150767621705,32.5124565421265,32.67015075683594,32.67015075683594,15685800
11/12/2013,32.78147156151547,32.7953850324571,30.838143246821314,31.046855926513672,31.046855926513672,20390800
12/12/2013,31.16820638591334,31.616770239731924,30.870734463838435,31.224864959716797,31.224864959716797,14977800
13/12/2013,31.446791081954657,31.848138304898704,30.89907105594213,31.564834594726562,31.564834594726562,18000400
16/12/2013,31.90478937803274,32.721651787024044,31.838685322091347,32.6602668762207,32.6602668762207,15618600
17/12/2013,32.61777511024742,32.707485705007805,31.914233378909334,32.52806091308594,32.52806091308594,14589800
18/12/2013,32.693313123699525,33.88319312506411,31.668696835369072,33.81708908081055,33.81708908081055,22305200
19/12/2013,33.722666787322794,33.86432043068578,33.00496388020811,33.151336669921875,33.151336669921875,16181600
20/12/2013,33.18910426571858,35.03058321852741,33.18910426571858,34.671730041503906,34.671730041503906,22753000
23/12/2013,35.43193479923791,35.998542116810626,35.21001245909479,35.92771530151367,35.92771530151367,12465800
24/12/2013,36.092976449951834,36.58875691621967,36.041037029333125,36.329063415527344,36.329063415527344,6333200
26/12/2013,36.78235548296445,37.108153094770465,36.27712944482871,36.376285552978516,36.376285552978516,11471000
27/12/2013,36.63125776669518,36.87678664811313,35.97021348262933,36.33850860595703,36.33850860595703,8868200
30/12/2013,36.281838801196876,36.517925738536476,36.045751863857284,36.253509521484375,36.253509521484375,7319400
31/12/2013,36.50848538808699,36.83900567336211,36.33850249783095,36.5604248046875,36.5604248046875,8435200
02/01/2014,36.28656399980268,36.31017413609184,34.90309430944212,35.351661682128906,35.351661682128906,17812400
03/01/2014,35.710509140985714,36.045752162497344,35.32804945209512,35.82383346557617,35.82383346557617,11669200
06/01/2014,36.38100075168126,36.40460728544554,34.97392093241395,35.01641845703125,35.01641845703125,15053800
07/01/2014,35.38943009879523,36.27239653214173,35.32804879258854,35.83799743652344,35.83799743652344,15599000
08/01/2014,35.927712161839764,36.22046129169689,35.276113443333315,35.998538970947266,35.998538970947266,14687800
09/01/2014,36.38100599958638,36.50849138702586,35.36583123885889,36.003265380859375,36.003265380859375,18739400
10/01/2014,36.05520198206347,36.607644621701816,35.56414065714009,36.57459259033203,36.57459259033203,15764600
13/01/2014,36.42349516474395,36.588755312924974,34.49702474548817,35.17223358154297,35.17223358154297,20221600
14/01/2014,35.59247256245035,36.541543250841826,35.328056292013514,36.34795379638672,36.34795379638672,19764400
15/01/2014,36.683195163292055,37.287577240189734,36.61709109878146,37.23091506958008,37.23091506958008,14576600
16/01/2014,37.07980967881793,37.3867233837101,36.86733289980049,37.367835998535156,37.367835998535156,13534400
17/01/2014,37.32062677389157,37.43867025295787,36.735132126394994,36.947608947753906,36.947608947753906,13988200
21/01/2014,37.70781610736258,37.84474700030142,36.82957217499742,37.64643478393555,37.64643478393555,13827600
22/01/2014,37.68420570079012,38.32164348124933,37.490616234483085,38.15637969970703,38.15637969970703,12026600
23/01/2014,37.68420713771186,37.759756709572144,36.68320052737612,37.363128662109375,37.363128662109375,18015600
24/01/2014,36.7115201276534,36.74929490361498,34.36481530645334,34.610347747802734,34.610347747802734,24412600
27/01/2014,34.865318988679554,34.92198115344937,32.4619555708417,33.06633758544922,33.06633758544922,29393800
28/01/2014,33.17021973417249,34.100402984952716,33.05217624757401,34.095680236816406,34.095680236816406,20830000
29/01/2014,33.11355473342624,33.7415468930301,32.34391256345226,32.63193893432617,32.63193893432617,20822600
30/01/2014,33.486572166399576,34.633954888968134,33.22687868250687,34.001243591308594,34.001243591308594,17358400
31/01/2014,32.471401356953066,34.04846424265362,32.41946553602172,33.316593170166016,33.316593170166016,15968400
03/02/2014,33.0568951409263,33.35436339560204,29.756398847977362,30.22857093811035,30.22857093811035,25573400
04/02/2014,30.696036061671347,31.239036940757348,29.968887590902582,30.889625549316406,30.889625549316406,16335000
05/02/2014,30.2994008439105,30.577985341563203,28.991480616087077,30.119976043701172,30.119976043701172,25018800
06/02/2014,30.33245678905267,31.2484755029605,30.33245678905267,30.88018035888672,30.88018035888672,18557200
07/02/2014,31.262630842140382,31.97089163222712,30.85183828702584,31.89534568786621,31.89534568786621,19663200
10/02/2014,31.94256757205509,32.1975419304312,31.234306666255204,32.159767150878906,32.159767150878906,12571600
11/02/2014,32.25892225595997,33.27881965818221,32.02283529460125,33.028564453125,33.028564453125,15804600
12/02/2014,33.170213995928975,33.87375204567577,32.967179090007335,33.37797164916992,33.37797164916992,17483600
13/02/2014,32.4383493081828,34.81810647665266,32.414742771844054,34.676456451416016,34.676456451416016,19974800
14/02/2014,34.421478765001254,34.94086934560435,33.99179877767983,34.83226776123047,34.83226776123047,17697800
18/02/2014,35.115572303799944,36.074084691569105,34.89365000665127,35.913543701171875,35.913543701171875,15923000
19/02/2014,35.601903885777865,36.272389791688894,34.7283831094966,34.789764404296875,34.789764404296875,19116400
20/02/2014,34.92197395982369,36.1307377400438,34.652835036809044,35.8663215637207,35.8663215637207,18620200
21/02/2014,36.21102606460752,36.659589934198976,35.99854559816803,36.192138671875,36.192138671875,13156000
24/02/2014,36.41405373111776,37.78335520681274,36.343226923174655,37.117591857910156,37.117591857910156,18417200
25/02/2014,37.207312046991895,37.74086736160972,36.75402184411459,37.155372619628906,37.155372619628906,18808000
26/02/2014,37.235641726454,38.56717225514386,36.98066733554721,37.821136474609375,37.821136474609375,26295000
27/02/2014,37.49060620954277,38.515222648634925,37.30173593999933,38.47272872924805,38.47272872924805,20214000
28/02/2014,38.43496613854452,39.17627920951429,37.311189659850136,37.94862747192383,37.94862747192383,21552600
03/03/2014,37.06093083187129,37.75030433877532,36.1496350010349,37.42922592163086,37.42922592163086,25480600
04/03/2014,38.65215673973284,40.928034852373,38.64271124414452,40.18199920654297,40.18199920654297,26035600
05/03/2014,40.257554083346285,40.356710185724786,39.86092607143075,40.14895248413086,40.14895248413086,16571600
06/03/2014,40.50780254150159,40.64473341570222,39.818429024851035,40.13478469848633,40.13478469848633,16232200
07/03/2014,40.79584211981677,40.843058808363295,39.40764914165391,40.016754150390625,40.016754150390625,17640800
10/03/2014,39.74760137464943,39.945913559691014,38.874080328955706,39.64372253417969,39.64372253417969,12864800
11/03/2014,39.77592873224623,40.163111190091705,37.90612050149972,38.411346435546875,38.411346435546875,20406400
12/03/2014,37.75029761698796,38.807969627724546,37.325344036717624,38.77491760253906,38.77491760253906,14933000
13/03/2014,39.19986757386021,39.30846913370011,36.79178189696043,37.40088653564453,37.40088653564453,22952000
14/03/2014,37.03732789590863,38.198875446640905,37.013717756106125,37.858909606933594,37.858909606933594,16483000
17/03/2014,38.5529953961207,39.37929962983008,38.222471541196605,38.43022918701172,38.43022918701172,12582000
18/03/2014,38.55300654548408,40.1489533158395,38.439685797904225,40.045074462890625,40.045074462890625,15058400
19/03/2014,39.955350450686595,40.026173642662194,38.39717538401603,39.322635650634766,39.322635650634766,13495400
20/03/2014,39.00628384973534,39.785371458928076,38.468005923907796,39.407630920410156,39.407630920410156,11441000
21/03/2014,39.9789611612878,40.49363255866744,38.84574313996823,38.89296340942383,38.89296340942383,16528400
24/03/2014,39.34626064219598,39.49735617947322,36.536823155219864,37.55672073364258,37.55672073364258,19309600
25/03/2014,38.24608352949035,38.845742760266766,36.78706799807326,37.53782272338867,37.53782272338867,15881000
26/03/2014,38.20832200611999,38.26498418712316,35.35639040552964,35.389442443847656,35.389442443847656,17220600
27/03/2014,35.39416208122518,35.99854421585075,34.46870148727958,35.035308837890625,35.035308837890625,15117800
28/03/2014,35.15806210923217,36.546254289022436,34.71894031373119,35.0683479309082,35.0683479309082,15046400
31/03/2014,35.70106944235402,37.17425333095209,35.31860972996071,36.87678146362305,36.87678146362305,17249400
01/04/2014,37.160086164272215,38.48217458483433,37.12703413387821,38.383018493652344,38.383018493652344,14859600
02/04/2014,38.722982466655466,38.89768450375333,38.17998176231134,38.84574508666992,38.84574508666992,12611400
03/04/2014,38.83158941095187,38.883528840026294,37.16009299027029,37.632266998291016,37.632266998291016,12658200
04/04/2014,38.38301907287698,38.53883733382913,34.61506953909492,35.05891418457031,35.05891418457031,26480600
07/04/2014,34.55368953664568,34.81810579382297,32.84441855406065,33.50074005126953,33.50074005126953,23947200
08/04/2014,33.514906537099634,34.71894787562669,32.96246031105428,34.223167419433594,34.223167419433594,18135600
09/04/2014,34.558413397223205,35.65857598976537,34.114568720615594,35.59719467163086,35.59719467163086,15016200
10/04/2014,35.54525555882423,35.57358484399562,32.121994307758065,32.62249755859375,32.62249755859375,23133000
11/04/2014,31.810364822437485,32.85386896772854,30.809354609523915,31.276805877685547,31.276805877685547,25164000
14/04/2014,32.23059325674959,32.580000953960315,30.629923932855814,31.493999481201172,31.493999481201172,18192200
15/04/2014,31.833970452108623,32.38641317163961,29.789457953532157,31.89063262939453,31.89063262939453,24291400
16/04/2014,32.54223231228036,32.986077040008986,31.956737541218374,32.88692092895508,32.88692092895508,20504600
17/04/2014,32.60832594415498,33.83125812700414,32.372239011799614,33.37797164916992,33.37797164916992,15128800
21/04/2014,33.5857292102342,33.954027889218025,32.877468339143974,33.892642974853516,33.892642974853516,9697200
22/04/2014,34.06262916368499,35.276116095986545,33.897368998274544,34.9219856262207,34.9219856262207,12784800
23/04/2014,34.780340159528045,35.05419835422524,34.17123523938774,34.31288528442383,34.31288528442383,11675600
24/04/2014,34.89366334380792,34.96449017245479,33.193837468294056,34.00597381591797,34.00597381591797,16685000
25/04/2014,33.59989355915401,33.637664730076,31.871735504849834,32.192813873291016,32.192813873291016,15874400
28/04/2014,32.57055763919829,33.01439866145446,30.261623923354772,31.654539108276367,31.654539108276367,21215200
29/04/2014,32.04172448732598,32.504452940289966,31.59787982222059,31.885906219482422,31.885906219482422,11390600
30/04/2014,31.541216251139083,32.532780666907065,30.781016025156784,32.50917053222656,32.50917053222656,15137200
01/05/2014,32.31558572638329,33.184384050057254,31.29096553495305,32.405296325683594,32.405296325683594,22241000
02/05/2014,32.62723011996827,33.50075149868935,32.26837678946138,32.57529067993164,32.57529067993164,15335200
05/05/2014,31.74897387864469,32.67915709226884,31.27208080556524,32.42890548706055,32.42890548706055,13658400
06/05/2014,32.02756220235148,32.29197848064819,30.7999105643147,30.861291885375977,30.861291885375977,15648800
07/05/2014,30.993494695099162,31.19180686972131,29.491981539929597,30.894338607788086,30.894338607788086,22709000
08/05/2014,30.804628347926137,31.819803089201752,29.70446395038628,30.001934051513672,30.001934051513672,22310600
09/05/2014,29.71862438789758,30.818788629771085,29.373937659705433,30.776294708251953,30.776294708251953,18438200
12/05/2014,31.33819181466371,33.28826927082762,31.187096268452486,32.85858917236328,32.85858917236328,17662400
13/05/2014,32.76414540487626,33.160773339259976,31.85757241542895,31.94728660583496,31.94728660583496,16451800
14/05/2014,31.6498167768944,31.668704165681575,30.219130398475734,30.37022590637207,30.37022590637207,20234800
15/05/2014,29.940553531192364,30.030265943548812,28.585414643614087,29.775293350219727,29.775293350219727,25515800
16/05/2014,29.808337415335235,30.34189440168353,29.07174551739955,30.294677734375,30.294677734375,17877600
19/05/2014,30.05859205772399,31.517609561141718,29.794174010726394,31.286245346069336,31.286245346069336,16426400
20/05/2014,31.04071447694666,31.069047363591096,29.326724334614354,29.85083770751953,29.85083770751953,28508800
21/05/2014,30.365503151820786,30.71491444070421,29.45893010464442,30.285234451293945,30.285234451293945,20575000
22/05/2014,30.582715903694098,31.489292944104655,30.308857654281002,31.257925033569336,31.257925033569336,14189600
23/05/2014,31.168201957343772,32.306139249165575,31.035993834051727,32.2589225769043,32.2589225769043,13207200
27/05/2014,32.938857473585074,33.883205422693806,32.86803065692161,33.71322250366211,33.71322250366211,16129800
28/05/2014,33.45824347171729,33.571564201177175,32.749982608391186,33.13716506958008,33.13716506958008,13048600
29/05/2014,33.46297073364258,33.66600568594824,32.8963598051051,33.46297073364258,33.46297073364258,12534800
30/05/2014,33.45351434511919,33.52434113842693,32.58471624758537,33.02383804321289,33.02383804321289,14208400
02/06/2014,33.23632278731409,33.24104553530672,31.720644897789832,32.504451751708984,32.504451751708984,15133600
03/06/2014,31.98034168888195,32.594165633080884,31.517609654958623,32.2589225769043,32.2589225769043,14104600
04/06/2014,31.829244081936807,32.74998173885404,31.56482425034957,32.64610290527344,32.64610290527344,11448000
05/06/2014,32.90580411794749,34.76616705334548,32.35808060030856,34.676456451416016,34.676456451416016,23700000
06/06/2014,35.13445803436763,36.00797893953794,34.99752718508571,35.69634246826172,35.69634246826172,15778000
09/06/2014,35.6727332089065,37.150635954844134,35.47914021536178,36.61235809326172,36.61235809326172,19411200
10/06/2014,36.36683557107497,36.55570586909941,35.76717624742878,36.390445709228516,36.390445709228516,13743200
11/06/2014,35.81439440830393,36.09769806590236,35.23834159649298,35.84744644165039,35.84744644165039,16722600
12/06/2014,35.59246693343755,35.701068514420854,34.785050004703955,35.200565338134766,35.200565338134766,16680400
13/06/2014,35.45553722865368,35.682182290867516,34.56785157331836,35.427207946777344,35.427207946777344,15246200
16/06/2014,35.309166939080654,35.899384368798906,34.96448197746992,35.880496978759766,35.880496978759766,16623600
17/06/2014,35.77661231318537,37.09397783424334,35.56885826136311,36.692630767822266,36.692630767822266,20426000
18/06/2014,36.5982050236906,37.43867410472777,36.23935180173715,37.3725700378418,37.3725700378418,17011600
19/06/2014,37.802235921884225,37.85417533171268,36.78706506272911,37.5189323425293,37.5189323425293,17148400
20/06/2014,37.49061300006922,37.901402038149975,37.221473988001975,37.89196014404297,37.89196014404297,10699600
23/06/2014,38.11859281424675,38.14692208974266,37.334782569791074,37.655860900878906,37.655860900878906,12031200
24/06/2014,37.36311813292014,38.48217153453093,36.35738905716419,36.494319915771484,36.494319915771484,22085400
25/06/2014,35.790784176709295,37.39145345941679,35.786061428889795,37.377288818359375,37.377288818359375,14449400
26/06/2014,37.44339083368827,37.44339083368827,36.27712075162899,37.1648063659668,37.1648063659668,15793600
27/06/2014,36.725681554168425,38.057211669884154,36.68790678151252,37.91556167602539,37.91556167602539,13830200
30/06/2014,37.80224283507191,38.43023501246141,37.45283514338197,38.38774108886719,38.38774108886719,12720800
01/07/2014,38.793822183395605,40.44643137996144,38.73715999979142,39.572906494140625,39.572906494140625,16555200
02/07/2014,39.54929907487265,39.93648164823459,38.883531941310125,39.08656692504883,39.08656692504883,11868000
03/07/2014,39.568171300403115,39.85619764604457,39.2470929283307,39.76176071166992,39.76176071166992,8107600
07/07/2014,39.402908813962135,39.42179620143534,37.69364167524678,37.77863311767578,37.77863311767578,19909800
08/07/2014,37.528389033288256,37.69836834969489,35.77662041988176,36.423500061035156,36.423500061035156,20852600
09/07/2014,36.692632082416175,37.0656498829531,36.0740854473288,36.494319915771484,36.494319915771484,16560400
10/07/2014,34.26565685330244,36.092970987150714,34.14289064111194,35.34221267700195,35.34221267700195,23242400
11/07/2014,35.28083403576537,35.46498156675369,34.6622873856457,35.200565338134766,35.200565338134766,16977200
14/07/2014,36.3951679811816,36.437661906420466,35.474426641259,35.72468185424805,35.72468185424805,18105600
15/07/2014,35.65385601983966,36.02687387311606,34.05318661543665,34.681175231933594,34.681175231933594,29959600
16/07/2014,35.0872442785366,35.167516586046965,34.02485291505341,34.44508743286133,34.44508743286133,20395200
17/07/2014,33.73682347288784,34.4073131439199,32.57999886711724,32.81608581542969,32.81608581542969,24723600
18/07/2014,32.99550401779126,34.51118149134244,32.792469138645146,34.32703399658203,34.32703399658203,16955600
21/07/2014,33.67071145507706,34.11455596573843,33.23158969093764,33.9304084777832,33.9304084777832,16220600
22/07/2014,34.53008319569986,35.21001490595908,34.298718945226206,34.77561569213867,34.77561569213867,16554200
23/07/2014,35.040025960999984,35.389433651034494,34.57729753951665,34.90781784057617,34.90781784057617,17822800
24/07/2014,35.176961671318985,35.59247347875992,34.41203852334653,34.714229583740234,34.714229583740234,15701000
25/07/2014,33.87375541978416,34.11456512344548,33.39213961486257,33.72738265991211,33.72738265991211,16074800
28/07/2014,33.91152390706706,33.982350701171114,32.52805445818257,33.26936721801758,33.26936721801758,16323600
29/07/2014,33.58100620484274,34.1712235295752,33.236317702142685,33.467681884765625,33.467681884765625,17062600
30/07/2014,34.213721380510464,34.34592950006313,33.481853975157875,33.892642974853516,33.892642974853516,20325400
31/07/2014,32.83969800836125,33.17966020921025,31.489280291229317,31.54121971130371,31.54121971130371,22143600
01/08/2014,31.54121984845975,31.999225532851053,30.436330983092148,31.196531295776367,31.196531295776367,22369800
04/08/2014,31.564822388381305,32.06532913861804,30.478824652284253,31.923675537109375,31.923675537109375,16461600
05/08/2014,31.498713683353632,32.443061280884486,31.017097993668983,31.687583923339844,31.687583923339844,17651400
06/08/2014,31.12098141587562,32.627213607430306,31.069042002125382,32.0086669921875,32.0086669921875,14050000
07/08/2014,32.32030507449428,32.674435533027385,31.187090489109387,31.55538558959961,31.55538558959961,17733800
08/08/2014,31.635659273937783,32.55167802359354,31.385407620244663,32.45724105834961,32.45724105834961,14226000
11/08/2014,32.93886074327319,34.12873769220709,32.75471316310963,33.3827018737793,33.3827018737793,15513800
12/08/2014,33.03800962060448,33.491296149620496,32.235311798521046,32.69804382324219,32.69804382324219,17669600
13/08/2014,32.98606515648551,33.62349912784903,32.82080503093209,33.40629959106445,33.40629959106445,11782600
14/08/2014,33.519628112072596,33.703775666634264,32.85858385350184,33.57156753540039,33.57156753540039,9991000
15/08/2014,34.31760362766471,34.32704552182755,32.40057849887994,33.39686584472656,33.39686584472656,20797600
18/08/2014,34.36481924776461,34.93143014497043,34.02013428418562,34.86060333251953,34.86060333251953,11481600
19/08/2014,34.94086461898524,35.46970062359624,34.87476056870893,35.195838928222656,35.195838928222656,10096800
20/08/2014,34.67644997679749,35.00697024303792,34.27509930756176,34.81809997558594,34.81809997558594,11428200
21/08/2014,34.71895891360024,35.16280369373992,33.765168873881386,34.992820739746094,34.992820739746094,11954600
22/08/2014,34.827552273491015,35.375272193452545,34.44508891653018,35.00697708129883,35.00697708129883,13171400
25/08/2014,35.67273505866373,36.0788048493207,35.096682397387546,35.46025466918945,35.46025466918945,11507200
26/08/2014,35.61608234116005,36.55098837736593,35.535813631647834,36.43766403198242,36.43766403198242,10119800
27/08/2014,36.52737778297216,36.57931720669201,35.98909975751317,36.19685745239258,36.19685745239258,8487600
28/08/2014,35.75301511620855,35.92299804088162,35.25723098551181,35.634971618652344,35.634971618652344,11612400
29/08/2014,35.852160658433995,36.43765522513097,35.39887419366208,36.21101379394531,36.21101379394531,12622400
02/09/2014,36.59819976203545,37.08453829952001,36.16851978664947,36.81067657470703,36.81067657470703,15837400
03/09/2014,37.348957384408834,37.367844774019304,35.9607684708511,36.15435791015625,36.15435791015625,14508600
04/09/2014,36.366833197552225,37.065652173913044,35.446095508077875,35.677459716796875,35.677459716796875,14569400
05/09/2014,35.488585542273185,36.05046993055495,34.94086218960826,36.017417907714844,36.017417907714844,14580400
08/09/2014,35.913547378087706,36.41877333086276,35.53108765378543,36.17324447631836,36.17324447631836,14354400
09/09/2014,36.01742497694032,36.02687047240585,34.756721512369,34.92670440673828,34.92670440673828,18414400
10/09/2014,34.9219803972497,35.578301814750674,34.4970231766805,35.54997253417969,35.54997253417969,15088800
11/09/2014,34.88892556989346,36.31016987038911,34.8605962915954,36.21101379394531,36.21101379394531,12667400
12/09/2014,36.11186193583409,36.13074572197161,34.69534021705359,35.09668731689453,35.09668731689453,14363800
15/09/2014,35.05418557750946,35.09196035004484,33.55739533920042,33.91152572631836,33.91152572631836,15280400
16/09/2014,33.64239677403654,34.46870125620586,33.28826628167826,34.19483947753906,34.19483947753906,17042000
17/09/2014,34.22316870739524,35.09668977466783,33.972913493535465,34.44508743286133,34.44508743286133,13066200
18/09/2014,34.90780875480055,35.158060289381936,34.61978245210116,35.02585220336914,35.02585220336914,9246000
19/09/2014,35.49804073584781,35.507482630597345,33.44408459846541,33.76988220214844,33.76988220214844,15135200
22/09/2014,33.27880581599716,33.368516374365946,32.06059673751902,32.310848236083984,32.310848236083984,18817200
23/09/2014,31.923687645864256,32.54695724458916,31.319305441331267,31.442068099975586,31.442068099975586,17338800
24/09/2014,31.550660881104395,32.33919045520046,31.073764217905712,32.277809143066406,32.277809143066406,15331600
25/09/2014,32.01339047067539,32.103101058146756,30.30884247750882,30.672414779663086,30.672414779663086,27533200
26/09/2014,30.998221663866705,31.531776949881483,30.700749759025364,31.43734359741211,31.43734359741211,16088200
29/09/2014,30.332455041103312,31.64509811070874,30.271073721428778,31.385404586791992,31.385404586791992,18921000
30/09/2014,31.281524200162096,31.38068029741407,29.931106414423365,29.935829162597656,29.935829162597656,24427600
01/10/2014,29.902773854484675,29.99720719321767,28.39653796560697,28.689285278320312,28.689285278320312,28632600
02/10/2014,28.684567726257967,29.865002612112203,28.004637880438175,29.50615119934082,29.50615119934082,28404800
03/10/2014,30.247461989846766,30.70074854814416,29.713906724876168,30.148305892944336,30.148305892944336,17680400
06/10/2014,30.41744346089614,30.497712163772984,29.232287698675318,29.41643524169922,29.41643524169922,21966000
07/10/2014,28.812058969446106,29.213406166702644,27.886598320835088,27.933815002441406,27.933815002441406,19172600
08/10/2014,27.716613415797433,29.58170102594307,27.017796130711126,29.50143051147461,29.50143051147461,25519600
09/10/2014,29.44004469326044,29.468375778337812,27.145280838012695,27.145280838012695,27.145280838012695,33728400
10/10/2014,26.946967366183316,27.79688012173962,26.035671492372188,26.158437728881836,26.158437728881836,32341400
13/10/2014,26.191488927312882,27.1641660871984,25.49739266180185,25.794862747192383,25.794862747192383,25879200
14/10/2014,26.522007672783747,27.801600338406946,26.21037296408301,26.677825927734375,26.677825927734375,22720200
15/10/2014,25.70986795818145,27.834650404292308,25.261302414873523,27.52773666381836,27.52773666381836,36638000
16/10/2014,26.413408456227245,29.029252407282154,26.257591999134384,28.49097442626953,28.49097442626953,29164200
17/10/2014,29.525032486986337,29.58169465011651,27.86770294123801,28.198225021362305,28.198225021362305,21294200
20/10/2014,27.839375671430112,29.194516205365012,27.825211029308367,29.17090606689453,29.17090606689453,13689600
21/10/2014,29.65724690424877,30.65353244106939,29.39754978679244,30.601593017578125,30.601593017578125,18628000
22/10/2014,30.828237046437188,31.050159375136452,29.246453263045655,29.312559127807617,29.312559127807617,19414200
23/10/2014,30.200239615920175,31.413726290521698,29.983040072877174,30.870725631713867,30.870725631713867,17258600
24/10/2014,30.870737158780837,31.22014853894616,30.507164736330118,30.998226165771484,30.998226165771484,13667000
27/10/2014,30.469381124222238,31.03599196442816,29.728068246933617,30.94155502319336,30.94155502319336,12363400
28/10/2014,31.361795926960337,33.62350979844548,31.215423141075213,33.59518051147461,33.59518051147461,16486200
29/10/2014,33.76987655502854,34.237331320998415,32.57055799030064,33.38741683959961,33.38741683959961,17887400
30/10/2014,32.99550895706948,34.643398368002224,32.698040713865375,34.21371841430664,34.21371841430664,16570400
31/10/2014,36.04576483739236,36.059933084748806,35.10613949726451,35.71052169799805,35.71052169799805,17234600
03/11/2014,35.88049546655533,36.45654823006648,35.1202951609252,35.57358169555664,35.57358169555664,14973400
04/11/2014,35.13918288782402,35.677460878021286,34.57729836264688,35.05891418457031,35.05891418457031,12986000
05/11/2014,35.81439243935546,35.875777356768054,34.813385997379385,35.2147331237793,35.2147331237793,21247600
06/11/2014,35.2147326231487,35.67274191240249,34.80866275447427,35.649131774902344,35.649131774902344,14847800
07/11/2014,35.554690351582515,35.828548431396484,34.9361401931466,35.828548431396484,35.828548431396484,13812800
10/11/2014,35.82383989048373,36.35739517211914,35.61608219387459,36.35739517211914,36.35739517211914,13918200
11/11/2014,36.229905992242735,36.49904497902244,35.993819035334184,36.4423828125,36.4423828125,14523600
12/11/2014,35.823829073614235,37.112861586789705,35.78605430338189,36.94287872314453,36.94287872314453,17281800
13/11/2014,36.975944831659206,37.263971260197415,35.757738648020805,36.04104232788086,36.04104232788086,22715600
14/11/2014,36.050470704832236,36.29600311040386,35.52163832803254,35.828548431396484,35.828548431396484,16149000
17/11/2014,35.724679772816785,36.02687078713521,34.89365268224059,34.917259216308594,34.917259216308594,16967800
18/11/2014,35.3233296318528,36.17796687255846,35.28083570841054,35.50275802612305,35.50275802612305,17353800
19/11/2014,35.38472200143113,35.38472200143113,33.689615406448794,34.40732192993164,34.40732192993164,17540600
20/11/2014,33.92569020044942,35.54052389327869,33.92569020044942,35.535804748535156,35.535804748535156,15215400
21/11/2014,37.032596878719154,37.051484265863614,35.28555499546544,35.663291931152344,35.663291931152344,15476000
24/11/2014,35.83327401667474,36.98537939007644,35.72939519088926,36.95704650878906,36.95704650878906,12786400
25/11/2014,37.127036897670635,37.67476041628866,36.51793206158048,36.96177673339844,36.96177673339844,10728200
26/11/2014,36.999553656037186,37.40562357026743,36.796518698922064,37.33951950073242,37.33951950073242,8389800
28/11/2014,37.386732851346764,37.41978488317275,35.61608056980862,35.800228118896484,35.800228118896484,7199800
01/12/2014,35.384711017826035,35.52636101757477,34.00596057776009,34.048458099365234,34.048458099365234,13972600
02/12/2014,34.157060111576314,35.60191477620262,34.14289547016645,35.233619689941406,35.233619689941406,12742600
03/12/2014,35.285549286087004,36.57930447573992,35.04001689533817,36.305442810058594,36.305442810058594,11593000
04/12/2014,36.10241348264694,36.20156956255001,35.219447053413745,35.757728576660156,35.757728576660156,11744800
05/12/2014,36.14963695776431,36.81068121736091,35.89938533719735,36.53681945800781,36.53681945800781,11416600
08/12/2014,36.16851966212958,37.174252364728304,34.84643491663402,35.200565338134766,35.200565338134766,13756000
09/12/2014,34.039021065052225,37.03732877071056,33.850154351777505,36.990108489990234,36.990108489990234,16297800
10/12/2014,36.541542135042306,36.92400188630306,34.520638181494455,34.676456451416016,34.676456451416016,20704400
11/12/2014,35.089949664134,36.39697064724576,34.77626288765852,35.04717254638672,35.04717254638672,17087200
12/12/2014,33.76391210180826,34.880820053624824,33.63083420131619,33.74014663696289,33.74014663696289,19760600
15/12/2014,34.24395708058847,34.619425436430895,32.36184335116786,32.71830368041992,32.71830368041992,21059600
16/12/2014,32.49016421130082,34.2201843523598,32.23826621221659,32.570960998535156,32.570960998535156,18704800
17/12/2014,32.775334868193355,35.62226335501542,32.64701075990922,35.56047821044922,35.56047821044922,22698800
18/12/2014,36.972058249779685,37.219202432205115,36.073778693233464,37.10988998413086,37.10988998413086,16336200
19/12/2014,37.11938814583467,37.91310532185299,36.686884988223156,37.45683670043945,37.45683670043945,15654000
22/12/2014,37.66597013558063,38.13649669672929,37.319013862506374,38.11748504638672,38.11748504638672,13273000
23/12/2014,38.78762081652098,38.81613647067178,37.903599276841405,38.2838249206543,38.2838249206543,10095600
24/12/2014,38.51195918834818,38.892184849757456,38.14124116282949,38.583251953125,38.583251953125,4937600
26/12/2014,38.97299450779523,39.624129989724565,38.89694789993406,39.3151969909668,39.3151969909668,7053800
29/12/2014,39.410245905896055,40.18970539285695,39.410245905896055,39.899784088134766,39.899784088134766,8885200
30/12/2014,39.5718510990061,40.0566355602756,39.110828484465294,39.18212127685547,39.18212127685547,10478000
31/12/2014,39.60510904495352,40.19445561318796,38.37888497667298,38.46443557739258,38.46443557739258,12731000
02/01/2015,38.87793480978369,39.35321516869986,36.80095833592351,37.818058013916016,37.818058013916016,19020000
05/01/2015,37.11463626352936,37.58991655555213,35.774345985069196,36.368446350097656,36.368446350097656,20320200
06/01/2015,36.53954968730514,36.682135233710845,33.53102801827462,34.39603805541992,34.39603805541992,28085600
07/01/2015,35.080438074572015,35.67453845451586,34.562384283789434,35.64602279663086,35.64602279663086,14752800
08/01/2015,36.49202655043512,37.570915030472214,36.3066674945876,37.42832946777344,37.42832946777344,12130200
09/01/2015,37.57566369467316,37.57566369467316,36.14507243734537,36.434993743896484,36.434993743896484,15209000
12/01/2015,36.572823789845565,36.8199716180576,35.146982649873394,36.04051208496094,36.04051208496094,13302200
13/01/2015,36.91503413979835,38.02243853231663,34.79528362675398,36.111812591552734,36.111812591552734,21702000
14/01/2015,34.9331031349156,35.95020271841553,34.53386941104506,35.712562561035156,35.712562561035156,19042600
15/01/2015,36.06902003125003,36.216355757175485,33.56904475200403,33.79242706298828,33.79242706298828,22818800
16/01/2015,33.507264158043505,35.68879919035774,33.31715129575634,35.46066665649414,35.46066665649414,17675800
20/01/2015,35.607995864160664,35.836131982236004,34.139381615508846,35.07093048095703,35.07093048095703,17779800
21/01/2015,34.681212672212006,35.58899638477237,34.22969409957361,34.68596649169922,34.68596649169922,17461800
22/01/2015,35.322836798928094,36.82947469497688,34.04433144886513,36.78670120239258,36.78670120239258,19764200
23/01/2015,36.84373705851784,37.31426729144049,36.20686302767982,36.73442459106445,36.73442459106445,12625000
26/01/2015,36.53004799108036,37.77528381347656,35.764846337492415,37.77528381347656,37.77528381347656,11552000
27/01/2015,36.49677801047887,37.77528329477557,36.25438401999892,37.22871017456055,37.22871017456055,20847400
28/01/2015,37.7182458163769,37.95588597216249,35.04241896762752,35.37986755371094,35.37986755371094,22020200
29/01/2015,35.67454111292152,36.8294724826399,34.847554337722315,36.82472229003906,36.82472229003906,19038600
30/01/2015,36.06427169242943,36.525294212614746,34.35326315576022,34.45307159423828,34.45307159423828,22915400
02/02/2015,34.78576775582639,35.40838381422075,33.25536454636444,35.3038215637207,35.3038215637207,22298200
03/02/2015,35.87416114737624,37.3665411036175,35.81712620199271,37.20969772338867,37.20969772338867,19658600
04/02/2015,36.84847568968854,37.594665506513316,36.534792623137555,36.805702209472656,36.805702209472656,16227600
05/02/2015,37.18118739339012,38.53098199270601,37.0005785201706,38.226802825927734,38.226802825927734,12611600
06/02/2015,38.36462841688125,39.06804126731423,37.66596575890581,38.098472595214844,38.098472595214844,13487800
09/02/2015,37.69447963286302,38.49770450448167,37.08136760747435,37.20018768310547,37.20018768310547,13368200
10/02/2015,37.856073788251635,38.1079717482313,36.50627595165595,37.88934326171875,37.88934326171875,14170600
11/02/2015,37.64695528864229,38.09371996850419,36.97681189495067,37.75627136230469,37.75627136230469,13346200
12/02/2015,38.416905759128525,39.12031854028396,38.112726671153084,39.00625228881836,39.00625228881836,11047400
13/02/2015,39.10605993898619,39.86650764389075,38.882677632460954,39.70491409301758,39.70491409301758,12646800
17/02/2015,39.83799605203235,40.227725767184,39.43876232601893,40.03761291503906,40.03761291503906,9352800
18/02/2015,39.74769402440413,40.22297437033024,39.33895263681958,40.14217758178711,40.14217758178711,9362400
19/02/2015,39.94730775839146,40.55566591794383,39.72392545347131,40.2562370300293,40.2562370300293,10994800
20/02/2015,40.01860031226648,40.68399346584522,39.10130917669959,40.52239990234375,40.52239990234375,13326000
23/02/2015,40.29427283562119,40.69351026813054,39.47203975171437,40.67924880981445,40.67924880981445,10995000
24/02/2015,40.64122771858129,41.221070382466976,40.3798220500749,40.783809661865234,40.783809661865234,9489600
25/02/2015,40.75052826639038,41.19253905094898,40.403575709000656,40.93113708496094,40.93113708496094,8496400
26/02/2015,40.87411087217191,41.45870730920037,40.49388513454837,41.35414505004883,41.35414505004883,9346400
27/02/2015,41.168783772311286,41.51098256633294,40.6982536315918,40.6982536315918,40.6982536315918,9374000
02/03/2015,40.736280116283716,41.919727223400066,40.69350662347176,41.6583251953125,41.6583251953125,11430600
03/03/2015,41.320872739620256,41.339884387809334,40.41308557562264,40.9168815612793,40.9168815612793,11565400
04/03/2015,40.33704237504662,40.73152228785371,39.766703810985106,40.536659240722656,40.536659240722656,12632000
05/03/2015,40.693486847892466,41.0404393190989,40.06136339211673,40.85032653808594,40.85032653808594,10122200
06/03/2015,40.118410283124796,40.82182306879841,39.020510367626265,39.291419982910156,39.291419982910156,15781800
09/03/2015,39.49103880683367,40.00434240656175,39.24864846204621,39.78096008300781,39.78096008300781,9984000
10/03/2015,38.763854583380265,38.80187787222576,37.989149110180485,38.40739440917969,38.40739440917969,13494800
11/03/2015,38.59276330177499,39.229640861830056,38.04143997660175,39.158348083496094,39.158348083496094,13398400
12/03/2015,39.890280289948635,41.15452414708351,39.80472968111234,41.021446228027344,41.021446228027344,12269200
13/03/2015,40.95966229645484,41.21631413053992,39.25340388821366,40.631717681884766,40.631717681884766,13583400
16/03/2015,41.11650168260615,41.58702818620462,40.897873169559375,41.32562255859375,41.32562255859375,9251400
17/03/2015,40.973909639310065,41.79139224393854,40.77904662370473,41.62979507446289,41.62979507446289,9288200
18/03/2015,41.396915820632806,43.13644356067711,40.874108185342834,42.63739776611328,42.63739776611328,11672600
19/03/2015,42.380754591004674,42.989112954311885,42.333227273765395,42.917823791503906,42.917823791503906,8745200
20/03/2015,43.39310180446305,44.22008868199137,43.36933633411328,44.00621032714844,44.00621032714844,8599800
23/03/2015,44.00145631415405,44.37692823125502,43.835108914451425,43.91115188598633,43.91115188598633,8017400
24/03/2015,43.83985449626639,44.37216974542861,43.70202277212346,43.89213562011719,43.89213562011719,7397800
25/03/2015,43.93491786806005,44.02997249011561,40.69350594098634,40.82658386230469,40.82658386230469,15098600
26/03/2015,40.403581439106276,41.206802722519015,39.85225452163849,40.655479431152344,40.655479431152344,12767200
27/03/2015,40.698252870086506,41.515735608172655,40.16118740894903,41.37315368652344,41.37315368652344,7516800
30/03/2015,42.014782020397604,43.27427562381037,41.99101655338747,43.041385650634766,43.041385650634766,7470400
31/03/2015,42.54234024578953,42.99860889412589,42.15736074086441,42.680171966552734,42.680171966552734,8638600
01/04/2015,42.537589332420744,42.66591342542511,41.1877949421775,42.63739776611328,42.63739776611328,12348800
02/04/2015,42.6374078600175,43.564206894173196,42.57086888847016,42.90831756591797,42.90831756591797,8683000
06/04/2015,42.17636938404185,43.77331135253666,42.14309991078573,43.48814392089844,43.48814392089844,8122400
07/04/2015,43.25526679621586,43.79708611924976,42.62314304397584,42.642154693603516,42.642154693603516,7339000
08/04/2015,42.65165654865649,43.94917346784978,42.64690635606582,43.70677947998047,43.70677947998047,9727800
09/04/2015,43.602216900998606,44.034723746212585,42.01002850457476,43.302791595458984,43.302791595458984,10671400
10/04/2015,43.740045265618015,44.072743650037175,43.48814728773406,43.87312316894531,43.87312316894531,6269400
13/04/2015,43.98244556455745,44.685858476576804,43.86362547289594,44.00145721435547,44.00145721435547,7198400
14/04/2015,44.03947357472163,44.386426157087676,43.0223704143491,43.94916915893555,43.94916915893555,8719400
15/04/2015,44.44821669879706,45.470070175650186,44.21533034280305,44.942508697509766,44.942508697509766,7167600
16/04/2015,44.780906677246094,45.07557811774085,44.45296213749485,44.780906677246094,44.780906677246094,5750600
17/04/2015,43.35507442187666,43.81134312605641,42.005276332506234,42.62314224243164,42.62314224243164,14291000
20/04/2015,43.26952858878149,44.16780826585501,43.046146217829566,43.81134796142578,43.81134796142578,9142600
21/04/2015,44.26285039732288,44.481478887169324,43.62122275575819,43.67350387573242,43.67350387573242,7424000
22/04/2015,43.721037516190165,44.08700540906638,42.64690655723431,43.89689254760742,43.89689254760742,9090600
23/04/2015,43.67351525528185,44.76666161544447,43.45488670846966,44.46248245239258,44.46248245239258,8769800
24/04/2015,44.552772036030944,44.69060375113837,43.892132742788924,44.077491760253906,44.077491760253906,6063400
27/04/2015,44.419702967794024,45.15163517310067,42.17162884716067,42.589874267578125,42.589874267578125,13681400
28/04/2015,42.68492185196669,43.53092019130874,41.37315085721427,43.279022216796875,43.279022216796875,10814000
29/04/2015,42.575620621599754,43.03188938674976,41.7391260724405,41.967262268066406,41.967262268066406,12407800
30/04/2015,41.178288118738976,41.553760020202766,38.74485148724381,39.3104362487793,39.3104362487793,18661600
01/05/2015,39.56708939046943,40.18020148102147,38.97774276800985,39.97107696533203,39.97107696533203,11743200
04/05/2015,40.180212464318075,41.33989800308593,39.85702159086321,40.4273567199707,40.4273567199707,11331800
05/05/2015,40.360808149541214,40.65072946532506,38.35037421508763,38.8874397277832,38.8874397277832,16365200
06/05/2015,39.125081707923464,39.486295820999835,38.30284503462492,39.25815963745117,39.25815963745117,12996600
07/05/2015,39.186864152461446,40.184955807327924,38.621282990952004,39.72868347167969,39.72868347167969,11195400
08/05/2015,40.90739047029154,41.178300196872186,40.36081719705626,40.5746955871582,40.5746955871582,10076200
11/05/2015,40.5556724064392,41.591783695850545,40.40358284221833,40.645973205566406,40.645973205566406,9811200
12/05/2015,40.303772001227195,40.85984909728867,38.85416559583514,40.49388122558594,40.49388122558594,12580800
13/05/2015,40.736279035421916,41.15927826381232,39.95206571976395,40.44635772705078,40.44635772705078,9053200
14/05/2015,41.007186722157286,41.781895988884344,40.40833248477037,41.653568267822266,41.653568267822266,11888600
15/05/2015,41.48247616530387,41.634565760848176,40.87887160282862,41.57278060913086,41.57278060913086,8867600
18/05/2015,41.35414399923781,43.088917990649804,41.09273835800129,42.936824798583984,42.936824798583984,9101800
19/05/2015,42.72769929757499,42.979597274054555,42.23816117330703,42.82275390625,42.82275390625,7427000
20/05/2015,43.10317139085948,43.39309266276043,42.271430869265174,43.01286697387695,43.01286697387695,8526200
21/05/2015,42.89880512290548,43.407354949001785,42.39500548948485,42.88929748535156,42.88929748535156,7948600
22/05/2015,42.68492475116586,43.16020507531148,41.91021912820489,42.32846450805664,42.32846450805664,6900200
26/05/2015,41.84368600600836,41.95299846518362,40.41309101559386,41.12125778198242,41.12125778198242,11012800
27/05/2015,41.25433166754486,42.74671152586356,40.69825095832091,42.65165328979492,42.65165328979492,8350800
28/05/2015,42.333219433779306,42.5708596020673,41.63931057751051,42.56135559082031,42.56135559082031,8571000
29/05/2015,42.48055279176314,42.57561102939993,41.178285757997614,41.73911666870117,41.73911666870117,10178400
01/06/2015,42.53759730488834,42.75622586149074,40.902631510694235,42.157371520996094,42.157371520996094,12254200
02/06/2015,41.591782282677244,43.17921682866467,41.33513047188085,42.399757385253906,42.399757385253906,9054000
03/06/2015,42.59462444097454,43.80658710570355,42.2904453201413,43.64023971557617,43.64023971557617,10759800
04/06/2015,42.970094421673764,43.49765222796891,41.900713727806085,42.385498046875,42.385498046875,12850600
05/06/2015,42.019534671159306,43.35031738641334,41.154521011007745,43.241004943847656,43.241004943847656,12310600
08/06/2015,43.098424121578724,43.46438841120581,42.390257385177414,42.68492889404297,42.68492889404297,9315600
09/06/2015,42.57086840198163,42.689688510687176,41.31137452448237,42.195396423339844,42.195396423339844,9975800
10/06/2015,42.75147018849154,44.28662746372892,42.646911547251115,43.76856994628906,43.76856994628906,10730800
11/06/2015,43.98719257893893,44.38167246639404,43.73054078552061,44.115516662597656,44.115516662597656,7161800
12/06/2015,43.730547963819944,43.96343433036971,43.23150212368327,43.73529815673828,43.73529815673828,8071800
15/06/2015,42.898804834938595,43.61647554308699,41.69159232688532,43.36933135986328,43.36933135986328,11517200
16/06/2015,43.1602046221448,44.471979318321864,43.13168896334783,44.2200813293457,44.2200813293457,9441200
17/06/2015,44.56703228607406,44.79516842632917,43.78757288152893,44.03947448730469,44.03947448730469,9521800
18/06/2015,44.66684436702077,46.13070494100245,44.567032312655236,45.80751419067383,45.80751419067383,9196600
19/06/2015,45.76475294891526,46.04992048112836,45.44156211211324,45.683956146240234,45.683956146240234,4565800
22/06/2015,46.34458873176582,46.79610362150201,46.040409592682224,46.6345100402832,46.6345100402832,6466600
23/06/2015,46.60123547540549,47.03849248686454,46.31131419852262,46.90541458129883,46.90541458129883,5043200
24/06/2015,46.69629426536901,47.05275452693671,45.5983978200929,45.7552375793457,45.7552375793457,6868200
25/06/2015,46.24003094715351,46.30656991363524,45.080345600868874,45.67444610595703,45.67444610595703,5954200
26/06/2015,45.964361775617284,46.21150958588025,44.62882516518894,45.35124969482422,45.35124969482422,8220600
29/06/2015,44.40068835238357,44.85220684961907,41.74387300069847,41.914974212646484,41.914974212646484,12707800
30/06/2015,42.832258155250855,42.917808746732675,41.914967112290505,42.48530197143555,42.48530197143555,9395800
01/07/2015,43.37408170332246,43.787573248479916,42.15261146300384,42.86553192138672,42.86553192138672,9165000
02/07/2015,42.91306209932002,43.09366732213703,41.468209438480365,41.89120864868164,41.89120864868164,7484600
06/07/2015,40.992921622183964,42.60887519975683,40.88835938685564,41.84367370605469,41.84367370605469,8656400
07/07/2015,42.00527723187461,42.0765700116388,39.61461758301176,41.972007751464844,41.972007751464844,13622400
08/07/2015,40.86935756080303,41.439696174321,39.36271967439482,40.13267517089844,40.13267517089844,11474800
09/07/2015,41.35888191332443,41.568006364228964,40.33227855436623,40.4796142578125,40.4796142578125,8195600
10/07/2015,41.89595440383476,42.36172701422859,41.39690869516942,42.181121826171875,42.181121826171875,7373600
13/07/2015,42.798992157994675,43.68776399190561,42.78473070317234,43.56419372558594,43.56419372558594,7419000
14/07/2015,43.51191328851509,44.56228232538893,43.440620517683634,44.27711486816406,44.27711486816406,5702800
15/07/2015,44.405442964894775,44.56228634966781,43.28853487467406,43.6307373046875,43.6307373046875,6599600
16/07/2015,44.20107369191487,44.8141857943865,44.02521865247526,44.41019821166992,44.41019821166992,6036400
17/07/2015,44.41494698397456,44.43871245176896,43.37883568230103,43.725791931152344,43.725791931152344,6634200
20/07/2015,43.835096444551986,43.877869923978466,42.77046613711103,43.055633544921875,43.055633544921875,6407200
21/07/2015,43.06040449294053,43.80659459284693,42.10033965861642,42.44729232788086,42.44729232788086,7839800
22/07/2015,42.062311577270236,43.08416506962193,41.848436867148386,42.93207550048828,42.93207550048828,6578600
23/07/2015,42.96059385239036,43.37408909410683,41.26859683653727,41.55376434326172,41.55376434326172,10310000
24/07/2015,41.38265672081098,41.63930852504338,39.448265991339916,39.586097717285156,39.586097717285156,11996800
27/07/2015,39.06328603478156,39.26765669322143,38.24580340102207,38.583251953125,38.583251953125,11132000
28/07/2015,38.85416401215269,39.714420183445625,37.34277253305794,39.500545501708984,39.500545501708984,13733200
29/07/2015,39.30093424285886,40.213471666443986,38.906450672649186,39.87126922607422,39.87126922607422,8763200
30/07/2015,39.54332569795374,40.32753904090061,38.930217205973186,40.199214935302734,40.199214935302734,7582600
31/07/2015,40.33703653885061,41.50147171291802,40.10414660315667,40.788551330566406,40.788551330566406,8729000
03/08/2015,40.85034050847,41.00243006007345,39.34370282132008,40.21346664428711,40.21346664428711,8856800
04/08/2015,40.2609867267768,40.81231351874885,39.50529292265336,39.92353820800781,39.92353820800781,7453800
05/08/2015,40.49388706308662,41.3684048508295,39.80473196018669,40.17069625854492,40.17069625854492,8152400
06/08/2015,40.33704285191726,40.51289425304842,37.69448175533714,38.59751510620117,38.59751510620117,10858600
07/08/2015,38.06044737237881,38.35036864606191,37.0433478183794,37.8465690612793,37.8465690612793,9382600
10/08/2015,38.25057186212686,39.33421069805321,38.21254855620965,39.08706283569336,39.08706283569336,7717800
11/08/2015,38.34086366053367,38.911202236801266,37.5471463732867,38.093719482421875,38.093719482421875,11995800
12/08/2015,37.433078322205546,38.19352609484004,35.96446027515115,37.913108825683594,37.913108825683594,14436600
13/08/2015,37.98440368131598,38.43116835866643,37.30950647271085,37.51863098144531,37.51863098144531,7886400
14/08/2015,37.40455936129986,38.30759268553285,36.95304451223388,38.222042083740234,38.222042083740234,6236200
17/08/2015,37.889345388281335,39.44351034476013,37.466346219272396,39.35795974731445,39.35795974731445,8163000
18/08/2015,39.20587333626144,39.22963880315939,38.32185163395466,38.50246047973633,38.50246047973633,6928000
19/08/2015,37.74200691105453,38.293330123049415,36.648860870610385,37.29524230957031,37.29524230957031,16552200
20/08/2015,36.292411872558546,36.525298254780324,34.47208705833314,34.50060272216797,34.50060272216797,15680200
21/08/2015,33.35993478298126,34.690717820931155,32.66127196565915,33.24586486816406,33.24586486816406,23765400
24/08/2015,28.740203273632222,32.561457713318475,28.14134901880419,29.424606323242188,29.424606323242188,21158000
25/08/2015,32.19549080784315,32.19549080784315,28.611878245009358,28.678417205810547,28.678417205810547,18195400
26/08/2015,30.32764428613373,31.002543426059813,28.445532442952466,30.840946197509766,30.840946197509766,19688600
27/08/2015,31.549112796034475,32.99871951928878,30.750641549899647,32.51393508911133,32.51393508911133,17802200
28/08/2015,32.34758530259601,33.48825907382105,32.24302302653593,33.435977935791016,33.435977935791016,10798400
31/08/2015,32.99396364137321,33.773423187054114,32.689784483356355,33.07476043701172,33.07476043701172,10274400
01/09/2015,31.330483367406487,32.14796624261908,30.023462256156563,30.417945861816406,30.417945861816406,14303200
02/09/2015,31.482557451596637,31.915064146908467,30.375155598067888,31.87704086303711,31.87704086303711,10066400
03/09/2015,32.02438672817661,32.889396767476626,31.563367862665395,31.705949783325195,31.705949783325195,10630800
04/09/2015,30.73163540068707,31.68694648703121,30.498745371188413,30.997791290283203,30.997791290283203,7565600
08/09/2015,32.37134836996542,33.198335251573496,32.00538043094287,33.070011138916016,33.070011138916016,7101200
09/09/2015,33.74965081690532,33.935009820193194,31.877045513217126,31.991111755371094,31.991111755371094,9857400
10/09/2015,31.667930468427667,32.932178021929126,31.634660986814552,32.43313217163086,32.43313217163086,6665800
11/09/2015,31.98635736433607,32.851367141480644,31.568108487848598,32.83235549926758,32.83235549926758,5942600
14/09/2015,33.1175386204947,33.16031211622866,32.21925894906444,32.399864196777344,32.399864196777344,4511000
15/09/2015,32.60423432510941,33.68787304398201,32.48541422652949,33.47875213623047,33.47875213623047,6069600
16/09/2015,33.50726539162692,34.40079116334048,33.34091799078948,34.30573654174805,34.30573654174805,5687800
17/09/2015,34.31524164554203,36.04526192151176,34.110870939123004,34.728736877441406,34.728736877441406,10053600
18/09/2015,33.350411939925316,34.262949085844284,32.984447768502704,33.269615173339844,33.269615173339844,10383800
21/09/2015,33.98254863602128,34.6051648003287,32.72305484946588,33.11753845214844,33.11753845214844,9932000
22/09/2015,32.15747438284751,32.428384072360366,30.988281379579636,31.620405197143555,31.620405197143555,10998800
23/09/2015,31.796253145818376,32.12894790904643,31.007286098590466,31.30671501159668,31.30671501159668,7299600
24/09/2015,30.7458902391229,31.297213617599702,30.03296782600782,31.159381866455078,31.159381866455078,11375600
25/09/2015,31.891306199680262,31.967352785335077,29.529164430814514,29.904634475708008,29.904634475708008,10620200
28/09/2015,29.62422431244295,29.70502109956949,27.09573124844104,27.40941619873047,27.40941619873047,18838400
29/09/2015,27.385653640683927,28.01302356637584,26.40657726640296,26.85334014892578,26.85334014892578,13817800
30/09/2015,27.54725377681079,28.22215294218114,27.09573699768324,28.041545867919922,28.041545867919922,13057600
01/10/2015,28.17461866603465,28.42176466646223,26.69649648229412,27.894203186035156,27.894203186035156,12156400
02/10/2015,27.138509058266493,29.134687023164645,26.47311761200096,29.101417541503906,29.101417541503906,16522600
05/10/2015,29.937912133185314,31.35900127658529,29.86186734440125,31.17839241027832,31.17839241027832,10509800
06/10/2015,31.16413092894567,31.54910683386602,29.975930110202736,30.57953453063965,30.57953453063965,8474800
07/10/2015,31.064328799065404,32.205002541751284,30.68410300946949,32.1527214050293,32.1527214050293,9566000
08/10/2015,32.086175601180706,33.26011857844035,31.743973188656312,33.07950973510742,33.07950973510742,9932000
09/10/2015,33.19356777422014,33.58805121460505,32.95117748048018,33.20307540893555,33.20307540893555,8644800
12/10/2015,33.29339118631643,33.44548075883811,32.680279077247356,33.13179397583008,33.13179397583008,4413200
13/10/2015,32.68977679980637,33.72113412835815,31.710700591697364,31.724958419799805,31.724958419799805,8533800
14/10/2015,31.8152694011913,32.38560439964534,30.68885360922787,30.859954833984375,30.859954833984375,10185600
15/10/2015,31.07858776846739,32.99396736685016,30.641330632708456,32.9559440612793,32.9559440612793,9592200
16/10/2015,33.17932493979373,33.20784423072574,32.04340502676843,32.84663009643555,32.84663009643555,7989600
19/10/2015,32.46165280641804,33.5595493712823,32.24302063120625,33.070011138916016,33.070011138916016,7621600
20/10/2015,32.99396133121443,33.635589084415315,32.55670427544359,32.946434020996094,32.946434020996094,7607200
21/10/2015,33.33617140310686,33.350429236828376,31.378014589070737,31.444557189941406,31.444557189941406,11472400
22/10/2015,32.00062872200938,32.83236938353551,31.43979773090771,32.243019104003906,32.243019104003906,11171000
23/10/2015,33.03198023464161,33.35517097766487,32.252520847250366,33.16505813598633,33.16505813598633,10370600
26/10/2015,32.97494856080805,33.2268501859935,32.418871435346496,32.570960998535156,32.570960998535156,6992000
27/10/2015,32.16697881058823,32.3713495352154,30.869461674959584,31.511093139648438,31.511093139648438,9406000
28/10/2015,31.753473915225065,34.20592186724838,31.568114898630363,34.15364074707031,34.15364074707031,17303000
29/10/2015,33.91599474498658,34.182150491791816,32.83235648887939,33.065242767333984,33.065242767333984,10397600
30/10/2015,32.8513799988594,33.245859944347195,32.44263859655517,32.68027877807617,32.68027877807617,8815400
02/11/2015,32.72780911006121,34.952121559454305,32.723055290683604,34.666954040527344,34.666954040527344,9924600
03/11/2015,34.56713774910754,35.80286580155022,34.36751726764838,35.19450759887695,35.19450759887695,9176200
04/11/2015,35.45115030112129,35.77909481726826,34.6289175411214,35.15647888183594,35.15647888183594,7645800
05/11/2015,35.13272875551128,35.413146096701276,34.08711325280397,35.227787017822266,35.227787017822266,7979600
06/11/2015,34.91409618679412,36.08328548335182,34.25821056953537,35.96921920776367,35.96921920776367,9407400
09/11/2015,35.83613625661595,36.01674146981283,34.220182470298326,34.709720611572266,34.709720611572266,12335000
10/11/2015,34.267708525182464,34.99488679595107,33.94927159797414,34.980628967285156,34.980628967285156,7813800
11/11/2015,35.13747468688435,35.146978697930855,34.05858994110039,34.106117248535156,34.106117248535156,7559400
12/11/2015,33.383683975561965,33.521515684147225,31.99586650622842,32.128944396972656,32.128944396972656,13204800
13/11/2015,31.74871895973302,32.499658923428065,31.092829959944712,31.420774459838867,31.420774459838867,14034200
16/11/2015,31.358997315528136,32.24301538053485,30.859951525802373,32.21925354003906,32.21925354003906,8951600
17/11/2015,32.319051566266815,33.146038046919195,31.72495135365162,31.87704086303711,31.87704086303711,10162600
18/11/2015,32.1574651186226,33.540528832078515,31.791497276579463,33.45973205566406,33.45973205566406,10627600
19/11/2015,33.36467943354646,33.56429993826203,32.789590639766594,33.04148864746094,33.04148864746094,6523800
20/11/2015,33.39794414146737,34.14888786450492,33.317147363015444,33.668853759765625,33.668853759765625,6514400
23/11/2015,33.62132396156644,34.609907754532,33.57855047947781,34.163143157958984,34.163143157958984,6756600
24/11/2015,33.73539166413622,35.075681741599944,33.464482083354206,34.89507293701172,34.89507293701172,10440000
25/11/2015,34.94260420096794,35.86464909425159,34.795268476161034,35.731571197509766,35.731571197509766,7473400
27/11/2015,35.83613600026717,36.3874592727723,35.47967576875145,36.097537994384766,36.097537994384766,4221800
30/11/2015,36.50153188304528,36.53955155474229,35.627014164191465,35.67454147338867,35.67454147338867,7704200
01/12/2015,36.130815282672636,36.38746713998592,35.484437259119126,36.33518600463867,36.33518600463867,9856400
02/12/2015,36.216365916331476,36.50628725751845,35.0899536614559,35.23728942871094,35.23728942871094,10136200
03/12/2015,35.489184475009125,35.96921866560515,33.031985824246775,33.44072723388672,33.44072723388672,13361600
04/12/2015,33.412213015613375,34.55763687502014,33.20784230196299,34.43406295776367,34.43406295776367,11073800
07/12/2015,34.296228963212805,34.31523698467335,32.45213903685385,32.87038803100586,32.87038803100586,12224600
08/12/2015,31.953103083781905,32.8798984190348,31.57763113034307,32.399864196777344,32.399864196777344,10038600
09/12/2015,32.05765667716012,33.00346714079097,30.883717312778575,31.273447036743164,31.273447036743164,12761800
10/12/2015,31.126104822000308,32.062407562803976,30.902722508070397,31.553857803344727,31.553857803344727,7820800
11/12/2015,30.589046354895654,30.64132748816478,29.158451357998157,29.467384338378906,29.467384338378906,17751400
14/12/2015,29.45312685293264,29.8190929770668,28.179375240872485,28.868532180786133,28.868532180786133,18655400
15/12/2015,29.26776858230144,30.23733924291079,29.182217963269604,30.032968521118164,30.032968521118164,11341400
16/12/2015,30.669833905412702,31.5823711137528,30.147026356432473,31.4255313873291,31.4255313873291,15261800
17/12/2015,31.824772269067253,31.834279906823856,30.232583798363567,30.413190841674805,30.413190841674805,12298000
18/12/2015,29.990191662993276,30.1565408860991,29.015867233276367,29.015867233276367,29.015867233276367,12021000
21/12/2015,29.562437867463267,29.928403951246977,29.058640048283618,29.676504135131836,29.676504135131836,7746800
22/12/2015,29.933158242167256,30.61756133958038,29.26776679516719,30.474979400634766,30.474979400634766,9234800
23/12/2015,30.95025060026733,31.767729568888058,30.78865343275012,31.6441593170166,31.6441593170166,7849800
24/12/2015,31.724959729318996,32.32856410920891,31.506331228488754,31.801006317138672,31.801006317138672,3656000
28/12/2015,31.36850547805565,31.411278972269695,30.522506971096462,31.32097816467285,31.32097816467285,5866000
29/12/2015,31.734473174419485,32.41887816386695,31.444555443941727,32.33808135986328,32.33808135986328,7248600
30/12/2015,32.26203408163855,32.475912449464765,31.387519836425785,31.38751983642578,31.38751983642578,5849200
31/12/2015,30.997784023657182,31.33047880766069,30.19455909729004,30.19455909729004,30.19455909729004,9530600
04/01/2016,28.611878555034096,28.778225958839528,27.39516015860485,28.127092361450195,28.127092361450195,18048400
05/01/2016,28.426519600962873,28.550091699501255,27.775384188241112,28.269676208496094,28.269676208496094,12900400
06/01/2016,27.090980124105528,27.803900653687254,26.582430291381286,27.010183334350586,27.010183334350586,16642000
07/01/2016,25.631865206510952,26.211707718357555,24.719326141751534,24.838146209716797,24.838146209716797,19326200
08/01/2016,25.037772828684346,25.417996804474164,23.43132449129007,23.535886764526367,23.535886764526367,16917200
11/01/2016,23.783025966734467,24.17750766166268,22.509274654130593,23.27922821044922,23.27922821044922,18086200
12/01/2016,23.792535887415422,24.30583774234168,22.26688452740654,23.445581436157227,23.445581436157227,17098800
13/01/2016,23.583410070517676,23.92086049137251,20.703212357356946,21.183244705200195,21.183244705200195,19574600
14/01/2016,21.54445881026696,22.64710906056388,20.437054741233496,22.043502807617188,22.043502807617188,18142000
15/01/2016,20.2944707697518,21.078682238637686,19.28212314342757,20.94560432434082,20.94560432434082,23065600
19/01/2016,21.587231691466506,21.634760812237694,19.476987681591297,20.147132873535156,20.147132873535156,21486600
20/01/2016,19.320144517279893,21.059670306478385,17.87529200028158,20.40853500366211,20.40853500366211,28079000
21/01/2016,20.494086281811494,21.430389064567596,19.876222246780003,20.237436294555664,20.237436294555664,19442200
22/01/2016,21.283057692083407,21.858148406970333,20.955114838576783,21.69179916381836,21.69179916381836,17211000
25/01/2016,21.302061169689413,21.530195477582367,20.09960268859207,20.284961700439453,20.284961700439453,12984800
26/01/2016,20.498845895791703,21.64427168428082,20.30398098780977,21.454158782958984,21.454158782958984,18086800
27/01/2016,21.15472473337869,21.78684838406056,20.180400509630697,20.589141845703125,20.589141845703125,20281800
28/01/2016,21.10719588095578,21.325824361351742,20.280207446216327,20.57488250732422,20.57488250732422,18844400
29/01/2016,20.798267762246883,22.575817106935247,20.75074045145256,22.552053451538086,22.552053451538086,17762800
01/02/2016,22.0482609883476,22.66612524444758,21.473172047603448,22.266889572143555,22.266889572143555,18595400
02/02/2016,21.51594377935567,21.615752227545226,20.5226076775838,20.84579849243164,20.84579849243164,20935000
03/02/2016,21.292561818994226,21.330585121725793,19.519766122779426,20.90283203125,20.90283203125,19879400
04/02/2016,20.66043704989915,21.877153565242423,20.650931225491703,21.135717391967773,21.135717391967773,21728000
05/02/2016,20.850550081583457,20.926594871023543,19.377181606287778,19.415203094482422,19.415203094482422,23851800
08/02/2016,18.792585775952457,18.802091600671204,17.585373232431735,18.431371688842773,18.431371688842773,26895400
09/02/2016,17.685187357615685,18.849624970756242,17.656671687343263,18.108186721801758,18.108186721801758,26670400
10/02/2016,18.488407555654213,19.277372915999024,18.022631186549347,18.079666137695312,18.079666137695312,25335000
11/02/2016,17.110092869826737,17.856282886050128,16.88195851579513,17.52358627319336,17.52358627319336,32891000
12/02/2016,18.00837216771866,18.60247260509682,17.73271050756153,18.516921997070312,18.516921997070312,21767200
16/02/2016,19.17756141962457,19.938011068341,18.86863027959501,19.842954635620117,19.842954635620117,18493000
17/02/2016,20.223174461191835,21.145219315038158,20.208916633736575,20.741230010986328,20.741230010986328,16681600
18/02/2016,20.79826469648988,20.86955746522319,20.19941232872173,20.40853500366211,20.40853500366211,14098600
19/02/2016,20.204166922422143,20.82203282913681,19.938011086225703,20.75074005126953,20.75074005126953,12677600
22/02/2016,21.30206390436524,21.710805271706604,21.240276954800706,21.463659286499023,21.463659286499023,13348200
23/02/2016,21.211759920074208,21.39711894369539,20.807770584416097,20.85054588317871,20.85054588317871,15471600
24/02/2016,20.227931551796512,21.582479770712325,19.823942182381728,21.47316551208496,21.47316551208496,18379400
25/02/2016,21.58247725051309,22.076769172453293,21.316319643379817,22.038745880126953,22.038745880126953,14060000
26/02/2016,22.399967988613113,22.637608212260037,22.143316111942195,22.4427433013916,22.4427433013916,15531200
29/02/2016,22.41897300646363,22.99881560761944,22.162322998046875,22.162322998046875,22.162322998046875,13351600
01/03/2016,22.75641950353975,23.597665786743164,22.37619565569224,23.597665786743164,23.597665786743164,16946000
02/03/2016,23.516871614493663,24.367623880252076,23.360030041019304,24.334354400634766,24.334354400634766,11959800
03/03/2016,24.324846546716493,25.075788497924805,24.258307593032903,25.075788497924805,25.075788497924805,11973200
04/03/2016,25.056780970028168,25.90277942425894,24.76210584365846,25.479780197143555,25.479780197143555,18354600
07/03/2016,25.14233043678272,26.37805858207406,25.13282461252041,26.335283279418945,26.335283279418945,14330600
08/03/2016,25.87426055806471,25.883766382247515,24.334353301461352,24.40089225769043,24.40089225769043,17622600
09/03/2016,24.676551629551103,24.9189455912173,24.27731792901931,24.78586769104004,24.78586769104004,13067800
10/03/2016,24.99499089581851,25.26590052010855,23.412306636286804,24.19651985168457,24.19651985168457,16419600
11/03/2016,24.752597585916902,25.798212740208484,24.67179899640143,25.72216796875,25.72216796875,14604800
14/03/2016,25.47503018796177,25.802974843278847,25.156593171811448,25.527311325073242,25.527311325073242,10625600
15/03/2016,25.042518012256114,25.05677765393566,24.177508023114974,24.353363037109375,24.353363037109375,12426600
16/03/2016,24.006405733959944,25.071034340670874,23.992147905980225,24.838146209716797,24.838146209716797,12995600
17/03/2016,24.68606030197381,26.297262183741456,24.381881173290438,25.950305938720703,25.950305938720703,13225000
18/03/2016,26.06912408907992,26.91037044924053,26.021596783645055,26.691741943359375,26.691741943359375,11791800
21/03/2016,26.563418535038572,26.90562096803445,26.283003055344874,26.473115921020508,26.473115921020508,8516000
22/03/2016,26.1023959160781,26.725013826425794,25.84099208654532,26.401823043823242,26.401823043823242,8162600
23/03/2016,26.14992605786845,26.17844353263901,24.880926532864567,24.890432357788086,24.890432357788086,10526600
24/03/2016,24.48643870580721,25.156583786010742,24.125224700377487,25.156583786010742,25.156583786010742,10211000
28/03/2016,25.327693048404086,25.551073604387415,24.690817237436107,25.213624954223633,25.213624954223633,7783600
29/03/2016,24.994993665608106,27.333372116088867,24.8333982741728,27.333372116088867,27.333372116088867,11068200
30/03/2016,27.756373150324407,27.93222637207585,27.129003233705145,27.333372116088867,27.333372116088867,10113800
31/03/2016,27.45219320565882,27.960744866457016,27.35238476370106,27.566261291503906,27.566261291503906,9378200
01/04/2016,26.805809283632662,27.98450419416702,26.720258685742632,27.92746925354004,27.92746925354004,9639800
04/04/2016,27.78013515980159,28.065302627538,27.152765280341054,27.200292587280273,27.200292587280273,7223800
05/04/2016,26.620450750051635,26.97691100109333,26.240226844883942,26.287755966186523,26.287755966186523,9506200
06/04/2016,26.287758539840045,27.257329139678994,26.0548703552834,27.1907901763916,27.1907901763916,10555400
07/04/2016,26.610943451795823,26.97690766884269,25.67939273288906,26.09288787841797,26.09288787841797,12498600
08/04/2016,26.72026181889295,27.062462437528225,26.04536278007357,26.37805938720703,26.37805938720703,11111600
11/04/2016,26.80580912364465,27.423673139012433,26.130910167990294,26.135663986206055,26.135663986206055,9670400
12/04/2016,26.145167635119957,27.138503501582747,25.88851765957988,26.986413955688477,26.986413955688477,8184400
13/04/2016,27.461698148051752,28.797236589367515,27.399913007711472,28.706933975219727,28.706933975219727,9588000
14/04/2016,28.687919510498514,29.00635644470206,28.38374040527409,28.616626739501953,28.616626739501953,7306200
15/04/2016,28.43126793176935,28.949323540963498,28.359975160218127,28.830503463745117,28.830503463745117,5318000
18/04/2016,28.450284975331602,29.533923704917363,28.36473435846422,29.453126907348633,29.453126907348633,7687600
19/04/2016,29.63372600466521,30.109006305064334,29.14418787543026,29.51490592956543,29.51490592956543,8402000
20/04/2016,29.524415367128004,30.175550763774524,29.215484221883585,29.69551658630371,29.69551658630371,7919800
21/04/2016,29.590953204107073,29.94266145384691,28.958831293978847,29.22498893737793,29.22498893737793,7846800
22/04/2016,29.220239840627624,30.142283197573015,29.21073401471467,30.066238403320312,30.066238403320312,7870200
25/04/2016,29.852362420127932,29.928407211207055,29.072901045253364,29.42936134338379,29.42936134338379,9302000
26/04/2016,29.728786168756027,30.389425579364943,29.35331424905505,30.303874969482422,30.303874969482422,9159600
27/04/2016,30.341899358119285,30.798169898227293,29.890382637092507,30.608057022094727,30.608057022094727,10421400
28/04/2016,30.180303795151126,30.764900251549733,29.324799483253052,29.53392219543457,29.53392219543457,8869400
29/04/2016,29.172710751851092,29.533923049344804,28.174620848236753,28.692676544189453,28.692676544189453,14576200
02/05/2016,29.025371251615873,29.53867490734594,28.535833064171985,29.5291690826416,29.5291690826416,6828800
03/05/2016,28.81624966845308,28.81624966845308,27.556755948409805,28.112834930419922,28.112834930419922,10838800
04/05/2016,27.60428216390401,28.350472129586795,27.14801167369402,27.390405654907227,27.390405654907227,9819200
05/05/2016,27.742112570764277,27.865686472836163,26.95790110797975,27.07672119140625,27.07672119140625,10969600
06/05/2016,26.729768253324096,27.55200305884045,26.530149559269166,27.532991409301758,27.532991409301758,10519400
09/05/2016,27.556750285814683,28.260164879304234,27.333367975100636,27.765872955322266,27.765872955322266,6083400
10/05/2016,28.070056953549617,28.635639893774083,27.6613155795006,28.60712242126465,28.60712242126465,6856400
11/05/2016,28.383743277393627,28.54058485118601,27.494967711384348,27.54724884033203,27.54724884033203,8239000
12/05/2016,27.742111343207448,27.941730017317372,26.473113778628445,27.09572982788086,27.09572982788086,12857600
13/05/2016,26.858091543644274,27.51873274727443,26.378059192124468,26.582429885864258,26.582429885864258,10090400
16/05/2016,26.748775557959515,27.932224340491327,26.748775557959515,27.585269927978516,27.585269927978516,5770400
17/05/2016,27.47120057085577,27.851424442618914,25.90752797186376,26.278247833251953,26.278247833251953,10334800
18/05/2016,25.921788737670802,27.247821247685266,25.907529095389116,26.65372085571289,26.65372085571289,10651200
19/05/2016,26.05962211367585,26.610947239810717,25.33719577373178,26.02159881591797,26.02159881591797,12436400
20/05/2016,26.21171239541734,27.31436267784123,26.21171239541734,27.295351028442383,27.295351028442383,6831000
23/05/2016,27.319115387358753,27.770632100433033,27.114744683683558,27.19554328918457,27.19554328918457,4933000
24/05/2016,27.718351905716506,29.12042940395327,27.67557659854824,28.89704704284668,28.89704704284668,7910200
25/05/2016,29.20121938344793,29.64798400138443,29.020614184714383,29.358062744140625,29.358062744140625,7057600
26/05/2016,29.576699635605788,29.73354304084605,29.13468871017525,29.305789947509766,29.305789947509766,5104400
27/05/2016,29.386582897372826,30.18030015722779,29.343807596281504,30.16604232788086,30.16604232788086,5175000
31/05/2016,30.379920046119118,30.92173937187389,30.113764202197874,30.493989944458008,30.493989944458008,11007000
01/06/2016,30.199314037882797,31.249683181946086,30.042470651268026,31.107097625732422,31.107097625732422,7443200
02/06/2016,30.86945297551981,31.82952117919922,30.7934100157011,31.82952117919922,31.82952117919922,8397200
03/06/2016,31.606141815944227,31.62990728278765,30.470222121970565,31.273447036743164,31.273447036743164,10963000
06/06/2016,31.363751221871908,32.55195217039367,31.292458439740297,32.26678466796875,32.26678466796875,8361200
07/06/2016,32.3190577028719,32.889392564835276,32.05290191743574,32.50917053222656,32.50917053222656,6299200
08/06/2016,32.608985609986064,33.43597241652031,32.608985609986064,33.27912902832031,33.27912902832031,8424400
09/06/2016,32.841863781306834,32.851371416700665,32.30479841676993,32.63749313354492,32.63749313354492,7888800
10/06/2016,31.739223192984003,31.962605551737447,30.988279322396288,31.287708282470703,31.287708282470703,10651000
13/06/2016,30.931247121035828,31.37800819978171,30.10901049153407,30.28961753845215,30.28961753845215,9497800
14/06/2016,29.942662889473905,30.50349386324144,29.386585734648012,30.00444984436035,30.00444984436035,10807800
15/06/2016,30.31813562186453,30.869458972482526,30.004450646209055,30.07098960876465,30.07098960876465,11038800
16/06/2016,29.438865838385002,30.09000125893789,28.768720580709623,30.07098960876465,30.07098960876465,13524600
17/06/2016,29.97593166725575,30.356155586393513,29.396089057413995,29.709774017333984,29.709774017333984,10654200
20/06/2016,31.012044927936394,31.525348610801093,30.660338460537194,30.665088653564453,30.665088653564453,7780800
21/06/2016,30.65558060684555,30.73162719849182,29.876121172976635,30.427444458007812,30.427444458007812,9811200
22/06/2016,30.64607788894736,31.08808874976251,29.994942518382743,30.061481475830078,30.061481475830078,8071800
23/06/2016,31.021551334510512,31.87705753865113,30.964520004969025,31.820022583007812,31.820022583007812,7919400
24/06/2016,27.894200909678595,29.571941646986236,27.50922501660572,28.255414962768555,28.255414962768555,14772600
27/06/2016,27.243069021758167,27.243069021758167,25.052026357996688,25.413240432739258,25.413240432739258,22559000
28/06/2016,26.09764785301562,26.91988276404503,26.040614710131457,26.59193992614746,26.59193992614746,14416200
29/06/2016,27.53298946338019,28.497807946145876,27.404663557639587,28.369482040405273,28.369482040405273,11876000
30/06/2016,28.535831157981868,29.980683781612722,28.136595612322044,29.947412490844727,29.947412490844727,13152400
01/07/2016,30.00919677423594,30.717363380496337,29.81908574889339,30.275354385375977,30.275354385375977,9122400
05/07/2016,29.985435292664423,30.166042320902722,28.4597859091778,28.958829879760742,28.958829879760742,10692800
06/07/2016,28.531077795215026,29.666997500415704,28.35522457974917,29.586200714111328,29.586200714111328,9895200
07/07/2016,29.823840685311744,30.408435273210753,29.19647079522254,29.743043899536133,29.743043899536133,9652200
08/07/2016,30.622311721057173,32.048152707058094,30.53676111685307,31.81051254272461,31.81051254272461,11079000
11/07/2016,32.43788488210818,33.1508054289677,32.38560375191704,32.941680908203125,32.941680908203125,9548400
12/07/2016,33.63558791511524,34.82378875977398,33.502510000689654,34.220184326171875,34.220184326171875,10957600
13/07/2016,34.76675948027736,34.81428679163268,33.573804746921205,33.80194091796875,33.80194091796875,9874600
14/07/2016,34.700212828411814,34.77150559269461,33.88748401822945,33.96828079223633,33.96828079223633,8207600
15/07/2016,34.3865400961747,34.510114029431634,33.85897850253783,34.21543884277344,34.21543884277344,7334400
18/07/2016,34.06809347434744,34.76200230624632,33.91125009852138,34.39603805541992,34.39603805541992,6711600
19/07/2016,34.28671534024011,34.44831250324939,33.56904118102023,33.887481689453125,33.887481689453125,6972600
20/07/2016,34.08235290223169,34.82854289440227,33.57855689987867,34.529117584228516,34.529117584228516,6520000
21/07/2016,34.46257963093376,34.96637564797152,33.81619805664691,34.04433059692383,34.04433059692383,5890800
22/07/2016,34.0823508477123,35.00439581630223,33.906495826311854,34.78101348876953,34.78101348876953,6335000
25/07/2016,34.54336791251682,34.85230079305966,34.2439426673694,34.64793014526367,34.64793014526367,5503000
26/07/2016,34.624178055266654,35.27055971998023,34.381784024473596,35.16124725341797,35.16124725341797,8704400
27/07/2016,35.29907236060535,35.707813779039206,34.73349117201554,35.41789245605469,35.41789245605469,8885000
28/07/2016,35.165994243464496,35.50344287758125,34.89033437935182,35.13272476196289,35.13272476196289,5899800
29/07/2016,35.056675902429646,35.94544774168868,34.47207953862692,35.33708953857422,35.33708953857422,9212400
01/08/2016,35.45591283356812,35.89792369724049,34.814285096263376,35.41313934326172,35.41313934326172,8348600
02/08/2016,35.40361992165731,35.479666491691496,33.640330872615046,33.93025207519531,33.93025207519531,8578000
03/08/2016,33.8732247916949,34.82378537503093,33.64033846408582,34.7905158996582,34.7905158996582,6351600
04/08/2016,34.79527523123034,35.432152808551834,34.633681646986965,34.85231018066406,34.85231018066406,6574200
05/08/2016,35.55097484341286,36.62985973993412,35.24679568201032,36.39221954345703,36.39221954345703,7481200
08/08/2016,36.463500037593654,36.87699151939139,36.15456716107897,36.32566833496094,36.32566833496094,6274400
09/08/2016,36.35894714659066,36.68689175179469,36.24488087673326,36.434993743896484,36.434993743896484,5655600
10/08/2016,36.47301023949704,36.65361907931593,35.37036005731736,35.68879699707031,35.68879699707031,8057800
11/08/2016,36.12130897462665,36.45875761017847,35.74108321918996,36.159332275390625,36.159332275390625,5877200
12/08/2016,35.96922178084619,36.506287341840356,35.78386270996759,36.26389694213867,36.26389694213867,6458800
15/08/2016,36.52529593787078,37.59467677706343,36.48727263776846,37.35703659057617,37.35703659057617,6039400
16/08/2016,37.076626001308014,37.09088383350937,36.32568207915435,36.45400619506836,36.45400619506836,5970400
17/08/2016,36.48251609381819,36.544301226152555,35.49868603807385,36.154571533203125,36.154571533203125,7174400
18/08/2016,36.159331358238056,36.94354469262181,36.12130805843851,36.905521392822266,36.905521392822266,5745200
19/08/2016,36.75818731680716,37.01483918833662,36.311426171050215,36.872257232666016,36.872257232666016,5133800
22/08/2016,36.691635609583706,37.26197411260202,36.36369468710141,37.119388580322266,37.119388580322266,7805600
23/08/2016,37.51387510483836,38.26481886673412,37.50912128641849,37.913108825683594,37.913108825683594,5504400
24/08/2016,37.80380182188166,38.084215505267714,36.729667148865744,37.019588470458984,37.019588470458984,7423400
25/08/2016,36.60608730494989,37.556647909998816,36.58707928381774,37.20018768310547,37.20018768310547,5449800
26/08/2016,37.30474827439506,38.193523706071694,36.31616804485029,36.97205352783203,36.97205352783203,8800200
29/08/2016,37.162168452606174,37.979651162756454,37.15266081582713,37.580413818359375,37.580413818359375,4561800
30/08/2016,37.694496229992886,37.99867546745254,37.281004505438126,37.76578903198242,37.76578903198242,5695000
31/08/2016,37.65646229355752,37.74676309087365,36.5348004201367,37.138404846191406,37.138404846191406,8381000
01/09/2016,37.257220405821926,37.4901067248803,36.05951571027814,37.19068145751953,37.19068145751953,7395000
02/09/2016,37.813309152444994,38.293343393192494,37.49011832096675,38.264827728271484,38.264827728271484,6033800
06/09/2016,38.66881544305062,38.711588940522795,37.80380521962872,38.431175231933594,38.431175231933594,5259400
07/09/2016,38.31711466110196,39.139347883590176,38.255325876290236,39.11083221435547,39.11083221435547,4505800
08/09/2016,38.99675802771738,39.110824307698934,38.52147763067561,38.89694595336914,38.89694595336914,6134800
09/09/2016,37.970136112746495,37.98914775649179,35.20875922202249,35.232521057128906,35.232521057128906,11007400
12/09/2016,34.804779986240746,36.7296631373937,34.64793660786573,36.6868896484375,36.6868896484375,11154400
13/09/2016,35.93118043628385,36.01673101266476,33.98253244771858,34.60514831542969,34.60514831542969,10256400
14/09/2016,34.77151309446843,35.356105910288846,34.34376004258678,34.590904235839844,34.590904235839844,6469000
15/09/2016,34.6716976260784,35.97396830362457,34.54812735462448,35.878910064697266,35.878910064697266,6026000
16/09/2016,35.3370928641569,35.77910372928327,35.02340972257436,35.67454147338867,35.67454147338867,5482400
19/09/2016,36.07853865861438,37.14791961060611,35.798121323408026,36.37796401977539,36.37796401977539,6755600
20/09/2016,36.83422935201863,36.86749883348607,35.94070354539202,35.96921920776367,35.96921920776367,4378000
21/09/2016,36.30190404149432,37.5043661150128,35.88365872859693,37.44257736206055,37.44257736206055,8512400
22/09/2016,38.1555129072946,39.17261275252268,38.1555129072946,39.09181594848633,39.09181594848633,7502800
23/09/2016,38.95398125811023,39.24390259301142,38.26957631983835,38.274330139160156,38.274330139160156,5071400
26/09/2016,37.675478148907516,37.984411154105885,37.00533462714365,37.16217803955078,37.16217803955078,5910600
27/09/2016,37.04335362150743,37.699239234206786,36.743924664280435,37.59467697143555,37.59467697143555,6617800
28/09/2016,37.75626281167755,38.48819480450146,36.98155371237737,38.40739440917969,38.40739440917969,7119600
29/09/2016,38.397898947415044,38.397898947415044,36.62510169094753,36.7534294128418,36.7534294128418,8890200
30/09/2016,37.24771781671025,38.44066873971115,36.75342587753621,37.94637680053711,37.94637680053711,7478400
03/10/2016,37.59467395456286,37.84657195315133,36.97205787306296,37.566158294677734,37.566158294677734,6317200
04/10/2016,37.803798025363385,38.017672724226465,36.530046591133775,37.04335021972656,37.04335021972656,8482600
05/10/2016,37.41407482127709,38.33611998604704,37.41407482127709,37.694488525390625,37.694488525390625,5559200
06/10/2016,37.518636207351726,37.73726475779869,36.6726376694173,37.55665588378906,37.55665588378906,6517400
07/10/2016,37.76577977910659,38.003419976779874,36.13081405876184,36.629859924316406,36.629859924316406,7955200
10/10/2016,37.32376156058341,38.359872764673106,37.30950373169012,37.91786193847656,37.91786193847656,6032200
11/10/2016,37.73250010483221,37.7847812242872,35.27054817687237,35.85514450073242,35.85514450073242,11325400
12/10/2016,35.931192690567684,36.40171920808515,35.46066617305023,35.79811477661133,35.79811477661133,6589800
13/10/2016,34.9996437151682,35.34659995654948,34.220184252830705,34.89033126831055,34.89033126831055,10231200
14/10/2016,35.308587953944034,35.70782182407316,34.462589263916016,34.462589263916016,34.462589263916016,8126800
17/10/2016,34.614655653602256,34.84278810460104,34.258195526079206,34.36750793457031,34.36750793457031,4823400
18/10/2016,35.40838571768975,35.47967849469058,34.6859611884644,34.909339904785156,34.909339904785156,4945200
19/10/2016,35.11846253558824,35.77910188994041,34.538619965327825,35.351348876953125,35.351348876953125,5622200
20/10/2016,35.094695330611664,35.45590937102916,34.45306765596674,35.05192184448242,35.05192184448242,6952000
21/10/2016,34.319991910066186,35.261048551160606,34.15364452116344,34.966373443603516,34.966373443603516,4960200
24/10/2016,35.84564117131009,36.325675313931974,35.33233755104715,35.660282135009766,35.660282135009766,5555600
25/10/2016,35.608007206449805,35.78861608173515,34.59090742600713,34.85706329345703,34.85706329345703,5254400
26/10/2016,34.17741051545661,34.92835068639466,33.60231812107132,33.86372375488281,33.86372375488281,8436400
27/10/2016,34.17265232503453,34.17265232503453,32.43787860483076,32.6707649230957,32.6707649230957,7006200
28/10/2016,32.63275188120266,33.19833305465265,32.157471512127884,32.414119720458984,32.414119720458984,6949000
31/10/2016,32.52343758948921,32.879897885899176,32.18123512475938,32.73731231689453,32.73731231689453,3645000
01/11/2016,32.9036553758279,32.92266339605688,30.935991680857775,31.544353485107422,31.544353485107422,6981800
02/11/2016,31.382754649331968,31.50632853090807,30.199307829997164,30.37040901184082,30.37040901184082,7007000
03/11/2016,30.617559215006963,30.87896485742046,29.814336077824596,29.91414451599121,29.91414451599121,5450600
04/11/2016,30.089999266076568,31.36850274021435,29.9759311856426,30.465469360351562,30.465469360351562,8415800
07/11/2016,32.27153797943328,32.884650094358314,32.01488614345759,32.65176010131836,32.65176010131836,8250000
08/11/2016,32.47591649841547,33.43598148523492,31.99112837178303,32.91317367553711,32.91317367553711,7342800
09/11/2016,32.195483580268395,36.22586175340972,32.195483580268395,35.97871398925781,35.97871398925781,16123200
10/11/2016,37.490118508854536,38.47394884068039,36.04526558595198,37.642208099365234,37.642208099365234,16137600
11/11/2016,38.14125307322494,40.61746358527655,37.737265448136995,40.37031936645508,40.37031936645508,11786200
14/11/2016,41.80090812548105,43.05564804324322,41.278100430763736,42.010032653808594,42.010032653808594,12355800
15/11/2016,41.71060453869691,42.71344636746266,41.164031410879836,42.36173629760742,42.36173629760742,7462400
16/11/2016,42.08607425612573,42.82275658468654,41.87219593407817,42.399757385253906,42.399757385253906,7338400
17/11/2016,42.770482881389995,43.63074288523257,42.580369993055086,43.14120101928711,43.14120101928711,9370000
18/11/2016,43.48815625305499,43.89214386461167,43.15546142614988,43.76856994628906,43.76856994628906,6130000
21/11/2016,44.10602047280334,44.81418721981518,43.41686174991801,44.400691986083984,44.400691986083984,7918800
22/11/2016,44.91875576142775,45.72197724574653,44.48624881701593,45.626922607421875,45.626922607421875,6001200
23/11/2016,45.294218599035545,46.49667729887975,44.89973504006889,46.425384521484375,46.425384521484375,7388200
25/11/2016,46.61073560746317,46.96244198949214,46.3921071199262,46.92917251586914,46.92917251586914,3484000
28/11/2016,46.80085212768117,46.8483794328738,44.90923492176646,45.13737106323242,45.13737106323242,7592600
29/11/2016,45.298969866629285,45.86930847322472,44.86171280651041,45.032814025878906,45.032814025878906,6580800
30/11/2016,45.717221389442024,45.864557148426435,44.24860311434965,44.348411560058594,44.348411560058594,7321800
01/12/2016,45.0042900752718,45.298961522940466,43.041380232985155,43.6259765625,43.6259765625,8631000
02/12/2016,43.63548358393534,44.20106830648895,43.26476552670223,43.60696792602539,43.60696792602539,5739200
05/12/2016,44.700119132827005,46.06417143996317,44.638330365564876,45.893070220947266,45.893070220947266,7758600
06/12/2016,46.25427813955343,47.67536520553316,45.46531473584894,47.39019775390625,47.39019775390625,8206200
07/12/2016,47.35693616752777,49.03467530729718,46.919679093783635,48.67821502685547,48.67821502685547,7956600
08/12/2016,49.11546816587922,51.22571401739137,48.630683818800016,51.045108795166016,51.045108795166016,11155600
09/12/2016,51.477606884128654,51.89110204049622,50.72191296598542,51.26848602294922,51.26848602294922,8677200
12/12/2016,50.92152957484718,51.601180529176794,49.31983370491073,49.64302444458008,49.64302444458008,10066400
13/12/2016,50.44149872873186,51.002329647734925,49.044177062752155,49.671546936035156,49.671546936035156,11046600
14/12/2016,49.22479068302513,50.24664426409512,47.50427433661655,47.80370330810547,47.80370330810547,10205600
15/12/2016,48.13638402486495,49.97096611368383,47.67536159371245,48.94436264038086,48.94436264038086,9988800
16/12/2016,49.1439898640176,50.39397590325396,48.364530365057085,48.61642837524414,48.61642837524414,8935800
19/12/2016,48.82554390158144,50.037506418615926,48.66394672364975,49.58123779296875,49.58123779296875,6430000
20/12/2016,50.070786902638375,51.11165208676884,49.795123414204504,50.85024642944336,50.85024642944336,6426600
21/12/2016,50.759943305382166,51.09263810305454,49.85215608785972,49.88542556762695,49.88542556762695,4915200
22/12/2016,49.947220496198895,50.14208722023781,48.06511035889378,48.606929779052734,48.606929779052734,7133000
23/12/2016,48.68295970579966,49.42439578956318,48.5261163415879,49.3340950012207,49.3340950012207,3375000
27/12/2016,49.57174032994046,50.693402209248305,49.533717032922965,50.042266845703125,50.042266845703125,4067800
28/12/2016,50.265646809337824,50.35594760286359,48.01281551980361,48.45482635498047,48.45482635498047,6335000
29/12/2016,48.53087696497338,49.543222807921886,47.846472098697596,48.597415924072266,48.597415924072266,5763000
30/12/2016,48.83504792941705,48.8540595754219,47.551792645945646,48.07460021972656,48.07460021972656,5275200
03/01/2017,49.77135907686543,50.09454986149837,47.646855321744596,48.71623611450195,48.71623611450195,9821000
04/01/2017,49.27706914337642,51.330280206596214,49.24379966236065,51.21146011352539,51.21146011352539,8079000
05/01/2017,50.79321784016666,51.13066649027528,48.649702212976344,49.32935333251953,49.32935333251953,6202600
06/01/2017,49.66679314292602,49.94245659714144,48.83505258790094,48.85881805419922,48.85881805419922,5725000
09/01/2017,48.692470730191765,48.86832576625524,47.56605861392152,47.855979919433594,47.855979919433594,6996200
10/01/2017,48.11739283925333,49.5384840279325,47.83222528797497,49.267574310302734,49.267574310302734,6965200
11/01/2017,49.37686931891388,49.9662158665584,48.50235532086723,49.495689392089844,49.495689392089844,7816800
12/01/2017,49.30083376523775,49.36261890717632,46.50618290353074,48.326507568359375,48.326507568359375,11531200
13/01/2017,48.72098300868908,50.11355438815518,48.716229190533,49.381622314453125,49.381622314453125,6477600
17/01/2017,48.66870909239644,48.749505882507314,47.09077845834845,47.30465316772461,47.30465316772461,9091200
18/01/2017,47.789439357209446,47.9082594415127,46.88640599128447,47.817955017089844,47.817955017089844,6749200
19/01/2017,48.14590556559154,48.45958874138097,46.05942491722447,46.610748291015625,46.610748291015625,8512400
20/01/2017,47.128806261435855,47.822715211141535,46.73907285190764,47.299903869628906,47.299903869628906,7665600
23/01/2017,46.91967985249376,47.585073111964924,45.97387290840276,46.76283645629883,46.76283645629883,6802000
24/01/2017,47.257119063148515,49.24854462525938,47.090771687983114,48.80653381347656,48.80653381347656,7586600
25/01/2017,50.01374840347356,50.61735279911473,49.96621747179549,50.29891586303711,50.29891586303711,6738800
26/01/2017,50.3179337539953,50.56983176830058,49.40539269362142,49.709571838378906,49.709571838378906,5984400
27/01/2017,49.7570885403508,50.06126759808204,48.55463013617882,49.12971878051758,49.12971878051758,5399800
30/01/2017,48.1031297275931,48.1031297275931,45.96912170791852,47.176334381103516,47.176334381103516,10250400
31/01/2017,46.65352423656482,48.416814026170755,46.24953300926109,48.050846099853516,48.050846099853516,7616200
01/02/2017,49.11547559948344,49.804634366425866,47.50427530719649,48.06035614013672,48.06035614013672,9615000
02/02/2017,48.16015712722193,48.54037921886179,47.27613541566002,47.556549072265625,47.556549072265625,6523200
03/02/2017,48.83981082894182,49.86166432858125,48.35027263811724,49.714324951171875,49.714324951171875,7778000
06/02/2017,49.25330069454747,49.66204208007079,48.2124392079671,48.62593078613281,48.62593078613281,6428800
07/02/2017,48.6972246557897,49.31984075943403,47.51377758915004,48.0223274230957,48.0223274230957,6464800
08/02/2017,47.35693390495913,47.97955000469816,46.60123988705615,47.760921478271484,47.760921478271484,7132400
09/02/2017,48.04133463587164,50.104049442065914,47.989053511650035,49.77135467529297,49.77135467529297,7107400
10/02/2017,50.68864293961242,51.33027059685293,50.06602330273539,50.86449432373047,50.86449432373047,5817000
13/02/2017,51.7722911949159,52.27133703718946,51.03560516605521,51.282752990722656,51.282752990722656,4860600
14/02/2017,50.82648691438203,51.962406775333086,50.498542279461695,51.79130554199219,51.79130554199219,4223800
15/02/2017,51.097388258717935,52.898701108067556,50.98807218954744,52.68006896972656,52.68006896972656,5860400
16/02/2017,52.52797450964178,52.96048130134336,51.16392243818455,52.18577575683594,52.18577575683594,5142600
17/02/2017,51.37780680084496,52.185785598099805,51.173436098574186,52.147762298583984,52.147762298583984,4656800
21/02/2017,52.48046095272207,53.48805670717439,52.46620312088341,53.293190002441406,53.293190002441406,5478200
22/02/2017,53.12683059531418,53.15534625255476,52.28083225356893,52.69907760620117,52.69907760620117,3870400
23/02/2017,53.10307005136932,53.13633952766165,50.54605969081274,51.662967681884766,51.662967681884766,7495600
24/02/2017,50.27514926258278,51.58217008001128,50.099297873306064,51.54890060424805,51.54890060424805,3853200
27/02/2017,51.29700184021422,53.05078727051163,51.11164281721866,53.01276397705078,53.01276397705078,4611000
28/02/2017,52.375896728569394,52.49947064339274,50.56032581150985,50.6553840637207,50.6553840637207,6719600
01/03/2017,52.632531135200935,53.93955175479548,52.46618378156352,53.416744232177734,53.416744232177734,7050000
02/03/2017,53.35021897430545,53.38348845356609,51.43008593644551,51.58692932128906,51.58692932128906,5179800
03/03/2017,51.572672895582585,52.3046050853514,50.61735835636533,51.43484115600586,51.43484115600586,5757400
06/03/2017,50.48428486379628,50.69340940095915,49.60501684560957,50.379722595214844,50.379722595214844,6329800
07/03/2017,50.09455344322801,50.42724826321058,49.2105316345868,49.3388557434082,49.3388557434082,5720600
08/03/2017,49.913940789098355,50.27040105179534,48.307494510607086,48.383541107177734,48.383541107177734,7421600
09/03/2017,48.316992400169106,49.04892080093626,47.33791261041068,47.82270050048828,47.82270050048828,6856000
10/03/2017,48.73999197235847,48.80653091847782,47.27612790553159,48.36927032470703,48.36927032470703,6655200
13/03/2017,48.12212963815795,49.29131872312331,48.12212963815795,48.77801513671875,48.77801513671875,4441400
14/03/2017,48.14590274652385,48.25996901957734,46.91967852636913,48.012821197509766,48.012821197509766,5798200
15/03/2017,48.79227141238554,50.569818503182475,48.412045768126085,50.199100494384766,50.199100494384766,6661600
16/03/2017,50.76944550948642,51.125905762630936,50.07078283314696,50.49378204345703,50.49378204345703,5588200
17/03/2017,50.70290697429849,51.32552306128696,49.8141314303315,50.96906280517578,50.96906280517578,5349400
20/03/2017,50.921548237554475,51.106907327023706,49.86642503528212,50.436763763427734,50.436763763427734,5812600
21/03/2017,51.068877577356005,51.182947484255976,46.11170285567239,46.249534606933594,46.249534606933594,13056000
22/03/2017,45.91208357138078,46.515691679188954,44.92825333864052,46.14496994018555,46.14496994018555,9931200
23/03/2017,46.18774633181621,47.90826257028656,45.831286055626876,46.89116287231445,46.89116287231445,7825800
24/03/2017,47.523287670283835,48.0746146920937,46.39687540768212,47.10028839111328,47.10028839111328,7721600
27/03/2017,45.260955760548455,47.65636587412491,44.8807299760528,47.3616943359375,47.3616943359375,8616400
28/03/2017,46.82936855128561,48.52136530129565,46.701044462557185,48.40729904174805,48.40729904174805,7570200
29/03/2017,48.34552189646065,49.148746916668856,47.898757169087816,48.93011474609375,48.93011474609375,5536400
30/03/2017,48.9728867798579,50.10405268622822,48.920605652251176,49.989986419677734,49.989986419677734,6324600
31/03/2017,50.1325690862705,50.95955581682842,49.643027317217935,50.2703971862793,50.2703971862793,6624200
03/04/2017,50.764697887456656,50.878767793179854,48.16966736293116,48.640193939208984,48.640193939208984,11173800
04/04/2017,48.4928550700779,49.172506137202355,47.90826225163253,48.44532775878906,48.44532775878906,6510200
05/04/2017,49.45766982227268,50.08503971083487,46.553706725113294,46.7723388671875,46.7723388671875,10028000
06/04/2017,47.009982360901446,48.141148317424744,46.27329634912657,48.0888671875,48.0888671875,7241400
07/04/2017,47.68487651687,48.554640393546,47.19533835573248,48.036582946777344,48.036582946777344,5633800
10/04/2017,47.99856904274098,49.40539866377102,47.62785089190155,48.26472854614258,48.26472854614258,7047600
11/04/2017,47.718149376234216,49.47193145751953,47.528036504993956,49.47193145751953,49.47193145751953,7116800
12/04/2017,49.19626995341487,49.239043444307654,47.347429685400044,47.47575378417969,47.47575378417969,10522400
13/04/2017,47.309408937227666,47.81320497410466,46.002387906679516,46.02614974975586,46.02614974975586,9027800
17/04/2017,46.49192223856124,47.6943809062947,46.02139572207884,47.62784194946289,47.62784194946289,6006400
18/04/2017,47.04325530672543,47.817961048705286,46.48242429302846,47.68488311767578,47.68488311767578,7343800
19/04/2017,48.050838590927334,49.405386748506544,47.908256673661676,48.217185974121094,48.217185974121094,7776400
20/04/2017,48.74950513142856,50.15158070707359,48.54988825560611,50.03276062011719,50.03276062011719,7853400
21/04/2017,49.69055928377135,50.01375004886958,49.124974538324174,49.619266510009766,49.619266510009766,5416000
24/04/2017,51.658219777736015,51.929129418430385,51.054611733281156,51.50613021850586,51.50613021850586,6413000
25/04/2017,52.908204640917376,53.68291025073046,52.78938456189752,52.96998977661133,52.96998977661133,4459400
26/04/2017,52.88920125977495,54.74754932663558,52.827416114423926,53.80173873901367,53.80173873901367,7075600
27/04/2017,54.238992468548204,54.73328444600139,53.231396865343505,53.74945068359375,53.74945068359375,4712200
28/04/2017,53.83500343707987,53.99184682222673,51.60594107010404,51.65822219848633,51.65822219848633,5545800
01/05/2017,52.32836693405336,52.98425615184996,51.320774891110105,52.46144485473633,52.46144485473633,3987800
02/05/2017,52.63253993881949,53.03177728042835,51.19719501379221,51.662967681884766,51.662967681884766,3641300
03/05/2017,50.95955878088335,51.28274955805275,50.085041067206795,50.826480865478516,50.826480865478516,3557500
04/05/2017,51.04510835996876,51.225713580654315,49.42915450664661,50.522300720214844,50.522300720214844,3661200
05/05/2017,51.14967666225467,51.46335983276367,49.885429089638535,51.46335983276367,51.46335983276367,3219600
08/05/2017,51.14016461878243,51.46335539982947,50.113560954698535,50.7979621887207,50.7979621887207,3192000
09/05/2017,50.98808129436876,51.292260463636595,50.13257874059112,50.75994873046875,50.75994873046875,3376400
10/05/2017,50.42724862463494,51.78655082933745,50.189608429772285,51.653472900390625,51.653472900390625,3859300
11/05/2017,51.045097643378675,51.26372611497244,49.210515657721814,50.636356353759766,50.636356353759766,5696900
12/05/2017,50.04702277069103,50.21812398836973,49.42915685950666,49.83789825439453,49.83789825439453,3532700
15/05/2017,50.33218967666398,51.662972478000775,50.31317802757472,50.940547943115234,50.940547943115234,4085500
16/05/2017,51.35878263297114,51.45384085859134,49.90442622893714,51.007076263427734,51.007076263427734,4540300
17/05/2017,48.45008895248687,49.239052593056115,46.72006845031126,46.91968536376953,46.91968536376953,9362200
18/05/2017,46.548970493374476,47.92728095848987,46.19726033401608,47.32843017578125,47.32843017578125,6644600
19/05/2017,47.70864663983192,48.79228902940278,47.594580355809335,47.984310150146484,47.984310150146484,4163900
22/05/2017,48.32650359963297,49.2580526016664,48.183918051667185,48.97288513183594,48.97288513183594,5034800
23/05/2017,49.324595000711305,49.771359697834164,48.317002961891404,49.4766845703125,49.4766845703125,4570700
24/05/2017,49.59074401855469,50.142070898823725,48.86831956886171,49.59074401855469,49.59074401855469,4214600
25/05/2017,50.22762251018109,50.759937754344975,49.267557894674056,49.65728759765625,49.65728759765625,4365800
26/05/2017,49.41964424113777,49.866405230735644,48.792274427610316,49.58123779296875,49.58123779296875,2761600
30/05/2017,49.201028829288454,49.51471565560129,48.2029406451964,48.45008850097656,48.45008850097656,4384000
31/05/2017,48.849314433202245,48.95387669174919,46.51093595081214,48.3074951171875,48.3074951171875,5675700
01/06/2017,48.71623518999919,51.11164855544935,48.22194319781729,51.06412124633789,51.06412124633789,6398400
02/06/2017,51.596432157512325,53.335959929206936,51.16868275564754,52.071712493896484,52.071712493896484,7611700
05/06/2017,52.14776845255393,52.32837370741523,51.04511801918098,51.13066864013672,51.13066864013672,4279000
06/06/2017,50.17059247245589,51.8055580331196,49.809382018063765,50.940547943115234,50.940547943115234,5358700
07/06/2017,50.97857905022672,51.67248803082246,50.550825945448025,51.13066864013672,51.13066864013672,4136100
08/06/2017,51.06412074275391,53.7827248598934,50.826480573438936,53.14584732055664,53.14584732055664,6061100
09/06/2017,53.75421081356321,55.4271997992333,52.93672797125869,53.92531204223633,53.92531204223633,9073000
12/06/2017,53.9728361372053,54.41009682113103,53.174364993042744,53.70668029785156,53.70668029785156,4695800
13/06/2017,54.20097230391989,54.76180326977392,53.830254205933585,54.49564743041992,54.49564743041992,3870800
14/06/2017,54.44811710839349,54.44811710839349,52.661065558131284,53.583106994628906,53.583106994628906,5344100
15/06/2017,51.83407531134523,53.25041239083553,51.80555964987206,52.79414367675781,52.79414367675781,3858800
16/06/2017,52.16676114379009,52.36637797809924,51.349278535361556,52.34736633300781,52.34736633300781,3375200
19/06/2017,52.75611938476562,53.86827367451042,52.68958042517925,53.46903991699219,53.46903991699219,4417700
20/06/2017,53.13633748343781,53.20287643346262,51.7675279375541,51.84357452392578,51.84357452392578,3054100
21/06/2017,52.157270385544386,52.984260897171254,51.23522886990431,51.50138473510742,51.50138473510742,3359600
22/06/2017,51.41581939014659,52.508965453858586,50.99757406089973,52.02417755126953,52.02417755126953,3435300
23/06/2017,52.18576820460726,53.240887218740006,51.56790248476446,53.02225875854492,53.02225875854492,3210200
26/06/2017,53.31695396529158,53.78273034009383,52.299854227074036,53.2789306640625,53.2789306640625,3636300
27/06/2017,53.29793187647834,53.85876276841508,51.79604803308388,51.91011428833008,51.91011428833008,3775800
28/06/2017,52.75611490421109,54.51465061724438,52.48045145156448,54.28651809692383,54.28651809692383,3750500
29/06/2017,54.514654221210385,54.61921647747869,51.567917527237334,53.25991439819336,53.25991439819336,5122400
30/06/2017,53.373981044581264,53.82074207677104,52.83216177333969,52.99375534057617,52.99375534057617,2834500
03/07/2017,53.4215132133102,54.7427920345298,53.4215132133102,54.277015686035156,54.277015686035156,2622400
05/07/2017,53.84926142751179,54.01085499494625,52.72759958803369,53.78272247314453,53.78272247314453,4124600
06/07/2017,52.6040289780318,53.155352295262404,51.28275019286914,51.634456634521484,51.634456634521484,4662800
07/07/2017,51.94813950517034,53.288429838757025,51.662968417346825,53.069801330566406,53.069801330566406,3457500
10/07/2017,52.48045650427695,53.554591133663074,51.86259421166298,52.46144485473633,52.46144485473633,3678000
11/07/2017,52.28083326267809,52.96523805846908,51.425327267939345,52.86067581176758,52.86067581176758,3287500
12/07/2017,53.6781618517443,55.00894460556737,53.64964256607799,54.05838394165039,54.05838394165039,3785900
13/07/2017,53.915812810143585,54.24850765867016,52.93673266457616,54.181968688964844,54.181968688964844,3225800
14/07/2017,53.744699642368595,55.08499000437561,53.744699642368595,54.44811248779297,54.44811248779297,2413900
17/07/2017,54.28651715692559,55.275101064132905,53.906291461507095,54.86635971069336,54.86635971069336,2677200
18/07/2017,54.23898639602165,54.60970443108114,53.67815552536477,54.41008758544922,54.41008758544922,3171000
19/07/2017,54.647727811397225,56.035545349121094,54.628716165196806,56.035545349121094,56.035545349121094,3040200
20/07/2017,56.01653612327742,56.51082806754339,55.655322082063655,56.14011001586914,56.14011001586914,2957600
21/07/2017,55.950003976474754,56.2446754758999,55.018454915712034,55.37966537475586,55.37966537475586,3062000
24/07/2017,55.132526758191986,55.683853766302725,54.69526965761556,55.560279846191406,55.560279846191406,3120800
25/07/2017,56.53935280622308,57.29980067873453,56.10209573279168,57.06216049194336,57.06216049194336,3349900
26/07/2017,57.20474464277445,57.20474464277445,55.92148911621058,56.187644958496094,56.187644958496094,2686200
27/07/2017,56.463306596667394,56.66292347186955,54.15344382332456,55.07548522949219,55.07548522949219,4178500
28/07/2017,54.69526733543677,55.11351276700017,54.08690902548945,54.61922073364258,54.61922073364258,3394800
31/07/2017,54.961408120525356,55.103993646745444,53.49754407225456,54.11540985107422,54.11540985107422,3346200
01/08/2017,54.894884035131724,54.894884035131724,53.47854690350252,54.429107666015625,54.429107666015625,2718700
02/08/2017,54.19146217979628,54.42910234720235,52.043196661929905,52.67056655883789,52.67056655883789,4267200
03/08/2017,52.794141236440275,52.946230800769435,51.40632350867402,51.853084564208984,51.853084564208984,2941100
04/08/2017,52.24280893261758,52.6895735683584,51.76752863965104,52.556495666503906,52.556495666503906,2426500
07/08/2017,52.81314229290607,53.25039924939239,51.99565968880525,52.85116195678711,52.85116195678711,2478400
08/08/2017,52.71810052083868,54.30553892504014,51.938640963456486,52.31886672973633,52.31886672973633,4285400
09/08/2017,51.31126684272096,51.61544598073424,50.38922179093619,50.95956039428711,50.95956039428711,4576600
10/08/2017,50.37971524892215,50.37971524892215,48.18391880720479,48.250457763671875,48.250457763671875,5586100
11/08/2017,48.12689148354562,48.668710817532066,47.661115123505645,48.34552001953125,48.34552001953125,3796000
14/08/2017,49.220028441583715,50.607849722310945,49.17250113512959,50.531803131103516,50.531803131103516,4012200
15/08/2017,50.83597944983332,50.83597944983332,49.26755666644011,49.35310363769531,49.35310363769531,3271900
16/08/2017,49.63827410336949,50.35119453054802,49.10595887901323,49.381622314453125,49.381622314453125,3504100
17/08/2017,48.83980094699035,49.609752654013896,46.644004821777344,46.644004821777344,46.644004821777344,5677600
18/08/2017,46.19725532934314,47.19534711126933,45.78851387844621,46.596492767333984,46.596492767333984,4919700
21/08/2017,46.39687286051833,46.729567682241026,45.817030206000254,46.56797409057617,46.56797409057617,3330300
22/08/2017,46.98621158715162,48.174412358370105,46.86263769163663,48.00331115722656,48.00331115722656,3096200
23/08/2017,47.20484820137358,48.29799454908326,46.89116502946922,47.73716354370117,47.73716354370117,2215900
24/08/2017,48.38354473368705,48.67821625223168,47.737163118793276,48.24095916748047,48.24095916748047,2764400
25/08/2017,48.61166842859967,49.048925433658816,48.11737648223245,48.583152770996094,48.583152770996094,2473000
28/08/2017,49.124980926336626,49.37212513126649,48.48810332431089,49.220035552978516,49.220035552978516,2420800
29/08/2017,48.183921218248194,49.581246626179194,47.90826136742006,49.239044189453125,49.239044189453125,2370900
30/08/2017,49.11546890812601,50.32268141455275,49.00140264110731,50.18009948730469,50.18009948730469,2479800
31/08/2017,50.78845366157166,51.87209217635136,50.53180186184474,51.662967681884766,51.662967681884766,2771700
01/09/2017,51.948144217244135,52.632545462238106,51.61544579330554,52.48996353149414,52.48996353149414,2261000
05/09/2017,52.59451418333001,52.91770127213709,50.32267154336442,51.007076263427734,51.007076263427734,4144400
06/09/2017,51.61543547228853,51.90060290285575,50.90251508282018,51.263729095458984,51.263729095458984,2568300
07/09/2017,51.4633564088853,51.5394030064351,50.341694477735274,50.91203308105469,50.91203308105469,2572800
08/09/2017,50.67438374021802,51.62494428110757,50.37020465722142,51.01658248901367,51.01658248901367,2113800
11/09/2017,52.280839820178244,52.87018645375186,52.11924623762636,52.65155792236328,52.65155792236328,2589000
12/09/2017,53.03177908991961,53.72568792347987,52.78463129237147,53.564090728759766,53.564090728759766,2629700
13/09/2017,53.41200240009875,54.32454339329594,53.30744377299286,54.05838394165039,54.05838394165039,1991300
14/09/2017,53.85877067693,54.26751207985696,53.45002927400304,53.8682746887207,53.8682746887207,1855600
15/09/2017,53.70667416151097,54.562180156117,53.56408862037631,54.43860626220703,54.43860626220703,2426500
18/09/2017,54.78080899948921,56.121099315276254,54.74278570480424,55.60779571533203,55.60779571533203,2956000
19/09/2017,55.86444751530414,56.00702943122134,55.30361661005419,55.60779571533203,55.60779571533203,1274400
20/09/2017,55.82642089915998,56.36824012483126,55.503230165768265,56.17812728881836,56.17812728881836,2051600
21/09/2017,56.358741338617705,56.653412816954834,55.75038310786883,56.02604293823242,56.02604293823242,1953300
22/09/2017,55.95000279986923,56.98611409712982,55.82642889484698,56.65341567993164,56.65341567993164,1994100
25/09/2017,56.65341289470615,57.43287233218552,55.959504060174574,56.95759201049805,56.95759201049805,3506500
26/09/2017,57.08115896354297,58.08875442830788,56.95758507963297,57.48039627075195,57.48039627075195,2416100
27/09/2017,58.67811611887859,61.33968555972389,58.126792755766395,60.8739128112793,60.8739128112793,4703800
28/09/2017,60.68378520890268,61.59632608600024,60.046907759533546,61.349178314208984,61.349178314208984,3681000
29/09/2017,61.41573891040637,62.07162823695994,61.178098690896114,61.691402435302734,61.691402435302734,3023500
02/10/2017,61.92902266666238,64.02025302250757,61.64385159441002,63.991737365722656,63.991737365722656,3413500
03/10/2017,64.2198733387453,64.40048217773438,63.183765741223226,64.40048217773438,64.40048217773438,3092400
04/10/2017,64.15333675531514,64.77120263323901,63.231291757025986,63.811134338378906,63.811134338378906,3470100
05/10/2017,64.35294218507264,64.78069875631464,63.830138267600404,64.31492614746094,64.31492614746094,2917000
06/10/2017,63.60201907709273,64.42900223374845,63.43091786326698,64.03927612304688,64.03927612304688,2876800
09/10/2017,64.24840354958661,64.85676915784141,62.93663220413952,63.25982666015625,63.25982666015625,3125600
10/10/2017,63.87767409283281,64.31493838276359,63.2217921623414,63.78261947631836,63.78261947631836,2941200
11/10/2017,63.84916002394262,64.18185481613372,63.27882505844324,63.63053512573242,63.63053512573242,1435400
12/10/2017,63.29782888374102,63.953718039281405,62.72749395606342,63.44041442871094,63.44041442871094,2164400
13/10/2017,63.849164889099235,63.90620346653717,62.96514308694391,63.145751953125,63.145751953125,2732700
16/10/2017,63.4404394573967,64.35297715213801,62.70851067435172,62.974666595458984,62.974666595458984,3431100
17/10/2017,63.00316134550965,63.63053488169464,62.05260065592211,62.413818359375,62.413818359375,2959300
18/10/2017,63.28834232493933,63.78263076965451,62.78454624122857,63.25982666015625,63.25982666015625,2519400
19/10/2017,62.30925117486256,63.04117965698242,61.57731544054074,63.04117965698242,63.04117965698242,3126800
20/10/2017,64.1628330889951,64.25788768757563,63.7160684982455,63.8586540222168,63.8586540222168,3021200
23/10/2017,64.09629255362879,64.09629255362879,62.29973385191115,62.43281173706055,62.43281173706055,3129500
24/10/2017,63.06018745011374,63.59250632374936,62.66095373403847,62.80353927612305,62.80353927612305,2782300
25/10/2017,62.50886222834543,62.59440919463972,60.360593408695195,61.88148880004883,61.88148880004883,4082800
26/10/2017,62.47085694198148,62.99366103070657,61.96706087828863,62.318763732910156,62.318763732910156,2081600
27/10/2017,62.43283707045413,63.71609277064513,61.710408792074006,63.56400680541992,63.56400680541992,4764300
30/10/2017,62.43281780678148,63.14573822604945,60.522189052526905,61.55830383300781,61.55830383300781,5325700
31/10/2017,62.26174068731893,63.51648082024237,62.08113179057399,62.88911437988281,62.88911437988281,3561500
01/11/2017,64.38148895472388,64.4195050064263,60.58874960348268,61.68189239501953,61.68189239501953,5440800
02/11/2017,61.539290456560344,62.765514485744205,60.9024166029212,62.11913299560547,62.11913299560547,3602600
03/11/2017,61.80545082769606,62.40430868398955,61.292154454019204,61.9005126953125,61.9005126953125,2703900
06/11/2017,62.071616527062865,62.92711535414556,61.69139079713578,62.24271774291992,62.24271774291992,2555600
07/11/2017,62.1476591614826,62.25222142405331,59.3910351649257,60.04692077636719,60.04692077636719,5373300
08/11/2017,59.552628194355776,60.5126928879591,58.56404421453567,60.26554870605469,60.26554870605469,3494400
09/11/2017,59.11535315086944,60.417623579720605,57.879625289610246,59.54310607910156,59.54310607910156,4127000
10/11/2017,59.562133590763956,60.05642559216838,59.143888186237746,59.41954803466797,59.41954803466797,2733700
13/11/2017,58.65909722315573,59.67619683518981,58.098266290960204,59.43855667114258,59.43855667114258,2157200
14/11/2017,58.7731712818459,59.29597895461567,58.22184432161864,58.98229217529297,58.98229217529297,2732500
15/11/2017,57.90815994108303,58.96328296818293,56.88155620262201,58.20283508300781,58.20283508300781,3058000
16/11/2017,58.95377203069523,61.51077887737984,58.91574873437771,60.778846740722656,60.778846740722656,3357100
17/11/2017,60.16099259671959,62.271238687277986,60.02791466778376,61.539302825927734,61.539302825927734,2361100
20/11/2017,61.93854357366903,62.955643312726,61.45375554785214,62.87959671020508,62.87959671020508,2903900
21/11/2017,63.74458161789475,65.11339099006905,63.59249571665356,64.85674285888672,64.85674285888672,4314900
22/11/2017,65.17995578676761,65.75979847292146,64.59060546170203,64.64764404296875,64.64764404296875,2225900
24/11/2017,65.08489811870307,65.24649171164762,64.47653979639146,64.71417999267578,64.71417999267578,1582800
27/11/2017,65.11341159038517,65.51264536617705,64.03928055012518,64.05828857421875,64.05828857421875,2961500
28/11/2017,64.7617037343473,67.17612900086381,64.3149462568128,67.10008239746094,67.10008239746094,4317100
29/11/2017,67.7369613647461,68.87763136873374,67.22365768729074,67.7369613647461,67.7369613647461,3759700
30/11/2017,68.77307986703705,69.34341495827537,67.70845629731329,68.05065155029297,68.05065155029297,4711400
01/12/2017,68.07916953098199,68.22174785429628,61.672384289260336,67.22366333007812,67.22366333007812,7230100
04/12/2017,69.73312849561881,70.42703369526723,66.37765062732457,66.54875183105469,66.54875183105469,4704500
05/12/2017,67.19514402831246,67.19514402831246,64.57159423828125,64.57159423828125,64.57159423828125,4407900
06/12/2017,64.42899329341955,64.88526555104225,63.34535484029234,63.687557220458984,63.687557220458984,4403000
07/12/2017,63.76362687856263,65.75029567744637,63.40240909534441,64.95182800292969,64.95182800292969,4080700
08/12/2017,65.75027272937746,66.2065449928567,64.94229769724701,65.09439086914062,65.09439086914062,3204800
11/12/2017,65.42710237878897,66.01644544035307,64.61912713966812,64.9898452758789,64.9898452758789,3210600
12/12/2017,65.45561117928567,65.75979031690181,64.36246491053296,64.45751953125,64.45751953125,2299400
13/12/2017,64.33395477028486,66.71035675315264,64.32444713173646,65.52215576171875,65.52215576171875,4048700
14/12/2017,65.6932638307881,66.09249766492643,62.784549821774526,63.402408599853516,63.402408599853516,4945700
15/12/2017,64.58108372121575,67.2901797390042,62.974634129877515,66.0734634399414,66.0734634399414,4980200
18/12/2017,67.96509290559176,69.25785609208414,67.63239809705392,68.697021484375,68.697021484375,3711000
19/12/2017,69.23583724420041,69.29295234127335,66.76074318248985,67.05585479736328,67.05585479736328,3796700
20/12/2017,67.96972414384132,68.18867016374337,66.76073481308643,67.40806579589844,67.40806579589844,3199700
21/12/2017,67.94117653962415,69.00736377588564,67.77933832310089,68.29339599609375,68.29339599609375,2764600
22/12/2017,68.22673031232958,68.22673031232958,67.44612616185806,67.90306854248047,67.90306854248047,1676500
26/12/2017,67.76980875374493,68.21722962393373,67.51277634357704,67.97924041748047,67.97924041748047,1892000
27/12/2017,67.97924281309706,68.88359892434767,67.41758448939011,67.87452697753906,67.87452697753906,2110400
28/12/2017,68.0268351505946,68.58849346482518,67.69365170801085,68.57897186279297,68.57897186279297,1760300
29/12/2017,69.12159551650862,69.15015306328065,66.82737575441871,66.89401245117188,66.89401245117188,3444100
02/01/2018,67.8935495179961,68.82647025168201,66.92255690876249,68.78839111328125,68.78839111328125,3278500
03/01/2018,68.68370130575401,69.49286333031668,68.25531628367558,68.96928405761719,68.96928405761719,3026600
04/01/2018,70.14019823032692,70.40674505175457,68.9216943250256,69.47383117675781,69.47383117675781,3105000
05/01/2018,70.03546381835623,70.15921559185094,68.826481837741,69.93074798583984,69.93074798583984,3930400
08/01/2018,69.80700519741943,70.52097291309856,68.1696380740718,70.19730377197266,70.19730377197266,4230500
09/01/2018,70.49242094365181,70.89224115297931,69.83556826914537,69.95932006835938,69.95932006835938,2949300
10/01/2018,69.53092098607789,70.3686403005414,68.7217592116859,69.90218353271484,69.90218353271484,3362900
11/01/2018,70.29251805400854,73.7481274312574,70.14020867459425,73.55773162841797,73.55773162841797,3904500
12/01/2018,73.88135806968687,75.42353049660139,73.51961714809839,74.4239730834961,74.4239730834961,3192600
16/01/2018,75.4140282423521,76.22319017047099,71.15877965478509,71.62523651123047,71.62523651123047,5531100
17/01/2018,72.49151973950028,74.04320687940564,71.79658800347045,73.65290832519531,73.65290832519531,3443700
18/01/2018,73.06269666072083,73.48156004712398,71.92986555450608,72.15834045410156,72.15834045410156,3639900
19/01/2018,72.34873423351456,75.01421682094426,72.13930252499222,74.87142181396484,74.87142181396484,4026200
22/01/2018,74.56678370665767,76.06135570878754,74.51918295780106,76.05183410644531,76.05183410644531,3333900
23/01/2018,75.81384290695651,77.29889326794175,75.07131772646389,76.79435729980469,76.79435729980469,3589800
24/01/2018,77.47976032130015,77.8224653368393,74.65244757452903,75.45209503173828,75.45209503173828,4227400
25/01/2018,76.39452102320453,76.7753051350808,74.33829117678444,75.50920104980469,75.50920104980469,3566300
26/01/2018,76.13753134035439,76.35647740410364,75.07133678371487,76.28984069824219,76.28984069824219,2480200
29/01/2018,75.50923580075302,76.61350950711903,74.88094790043073,75.00469970703125,75.00469970703125,3129700
30/01/2018,73.51010804732637,74.3002339643919,72.22496777113378,72.8818130493164,72.8818130493164,3740300
31/01/2018,73.64340770395478,74.53824977335789,71.09216218219125,71.78709411621094,71.78709411621094,3348600
01/02/2018,70.83510832310789,72.84373047082049,70.57807592227209,72.36775207519531,72.36775207519531,3069000
02/02/2018,71.20639958679281,71.35870895808938,67.75079039371964,68.21725463867188,68.21725463867188,5443500
05/02/2018,66.53226355463414,68.07443626369259,57.888497259376116,60.48733901977539,60.48733901977539,6739800
06/02/2018,57.145984706310294,63.30514842989217,55.92748075573181,62.51502227783203,62.51502227783203,6594900
07/02/2018,62.400783377189605,63.85727640464048,61.13467884191783,62.57213592529297,62.57213592529297,4023700
08/02/2018,62.8196318902165,62.86723263891326,57.11741226593342,57.126930236816406,57.126930236816406,4678300
09/02/2018,58.73574080576288,59.9732840357711,53.66180884187363,58.564388275146484,58.564388275146484,6970800
12/02/2018,58.840462506143446,61.19179378796349,57.126937029283226,60.277915954589844,60.277915954589844,4432400
13/02/2018,59.34499628719064,61.04899646432944,58.82142069204427,60.706295013427734,60.706295013427734,2565100
14/02/2018,59.55442753040625,64.32373020651823,59.08796703153409,63.83823013305664,63.83823013305664,4338100
15/02/2018,65.18048588851073,66.01820529169069,63.152813174454465,65.95156860351562,65.95156860351562,3650400
16/02/2018,65.74213099897635,67.85547615143632,65.68501591794347,66.55130004882812,66.55130004882812,3034800
20/02/2018,65.599363507341,67.21768757993756,64.52364739743972,65.01866912841797,65.01866912841797,3073800
21/02/2018,65.51367898221403,68.46474416354963,64.97106379488089,65.20905303955078,65.20905303955078,3830200
22/02/2018,65.9610923719942,67.47470030862267,64.78066788718446,64.87586212158203,64.87586212158203,2908700
23/02/2018,66.16099779719823,67.41758048642942,65.08528922461943,67.37950134277344,67.37950134277344,3227100
26/02/2018,68.0554206807596,69.07401463145898,66.79883742136545,68.6741943359375,68.6741943359375,3224900
27/02/2018,68.88359343299994,69.8641077579186,65.76117634527124,65.78973388671875,65.78973388671875,3961100
28/02/2018,66.30381358828649,66.87498639675513,62.61973698995086,62.73397445678711,62.73397445678711,4771700
01/03/2018,62.36269870555641,64.16189666994092,60.201756101484975,62.14374542236328,62.14374542236328,5695000
02/03/2018,60.56350353374056,65.59936058421742,60.21128045931588,65.13289642333984,65.13289642333984,4835200
05/03/2018,64.51411570062407,67.53182458325642,63.990543765095744,66.76073455810547,66.76073455810547,3629100
06/03/2018,67.77933919421324,68.94072795965802,65.68503658504967,68.91217041015625,68.91217041015625,3810800
07/03/2018,67.67461229246142,70.99694709081832,67.41758712603803,70.71135711669922,70.71135711669922,4232400
08/03/2018,70.98745022351189,71.74901891129153,69.11209332171177,70.32108306884766,70.32108306884766,3487800
09/03/2018,71.39677699540064,73.7385904093071,70.91127687823231,73.5672378540039,73.5672378540039,3492400
12/03/2018,74.10033538053256,74.67151543696367,73.0817415987527,74.06226348876953,74.06226348876953,2424300
13/03/2018,75.14746624260407,75.56632226312566,72.55814278692837,72.91988372802734,72.91988372802734,2956600
14/03/2018,74.08127882221986,74.25263133890071,71.53955587716554,71.97745513916016,71.97745513916016,2710100
15/03/2018,72.39633618633603,72.53912393281897,70.15923132002496,70.90176391601562,70.90176391601562,2402300
16/03/2018,70.90176230101261,72.71047483525244,70.66377304515414,71.94891357421875,71.94891357421875,1792600
19/03/2018,71.14926537543047,71.20638773515896,67.49375391845594,70.00691986083984,70.00691986083984,3391200
20/03/2018,70.47336128676002,70.94933969043973,69.30245848090622,70.01642608642578,70.01642608642578,1744500
21/03/2018,70.0354901456149,72.59625730965284,69.90221672010468,71.0826416015625,71.0826416015625,2543400
22/03/2018,69.56901892457313,70.88271696279755,66.45611548431077,66.47515869140625,66.47515869140625,4884600
23/03/2018,66.77977815136181,67.18911990987999,62.077108729714034,62.14374542236328,62.14374542236328,4469200
26/03/2018,64.64739363884465,66.25619578827946,62.610199283233804,66.2276382446289,66.2276382446289,3729400
27/03/2018,66.63698923504703,66.67506838615256,61.47738409736155,62.40078353881836,62.40078353881836,4346500
28/03/2018,62.848188954023875,63.514563116413576,61.11562775237784,62.25798034667969,62.25798034667969,3125100
29/03/2018,63.21946152608425,65.67550482039347,62.800598163910756,64.10477447509766,64.10477447509766,3606600
02/04/2018,63.76207970801815,64.42844666789031,58.20264734321473,59.55442810058594,59.55442810058594,4961700
03/04/2018,60.56350227902815,62.35318242497215,59.602027323433106,61.9248046875,61.9248046875,3840000
04/04/2018,59.73529476685805,64.78066918218873,59.4401868240426,64.16189575195312,64.16189575195312,5028400
05/04/2018,65.38040830073801,66.07534011968315,64.41892967875279,65.74214935302734,65.74214935302734,2986700
06/04/2018,64.48554900872396,65.8182899277732,60.38261768960698,62.04854202270508,62.04854202270508,4331900
09/04/2018,63.20994924738351,64.64740641908809,61.96288057955712,62.067596435546875,62.067596435546875,2796300
10/04/2018,64.06670062003728,66.26571867811413,63.49552068450937,65.513671875,65.513671875,3103600
11/04/2018,64.81875870446642,66.77979536758423,64.6474133902129,66.00870513916016,66.00870513916016,2887000
12/04/2018,66.97018527539247,68.16013173466688,66.31333976861562,67.26529693603516,67.26529693603516,2683000
13/04/2018,68.01735042710506,68.01735042710506,65.74217291906342,66.36094665527344,66.36094665527344,2839400
16/04/2018,67.45567484261399,68.68370026675963,66.51323942886712,68.04589080810547,68.04589080810547,2348900
17/04/2018,69.1787100044237,70.84463467152348,68.85504812670051,70.20682525634766,70.20682525634766,2357500
18/04/2018,70.85416557661652,72.0536335279979,70.42578779683696,70.79705047607422,70.79705047607422,1819500
19/04/2018,70.42575912745997,70.90173747249784,68.71223418018234,69.38812255859375,69.38812255859375,2140700
20/04/2018,68.95024941030381,69.79749060363145,67.72222394446968,68.26483917236328,68.26483917236328,2159500
23/04/2018,68.56945754541027,69.20726695509477,66.96064798520585,67.94116973876953,67.94116973876953,1904800
24/04/2018,68.7217852914886,69.63566323486036,65.1805037216378,66.81787109375,66.81787109375,3392800
25/04/2018,66.74170476125076,67.24624080095568,64.88539154670339,66.50371551513672,66.50371551513672,2293100
26/04/2018,66.78929277324083,68.01731065758952,66.1800337375992,67.37950134277344,67.37950134277344,2163900
27/04/2018,67.29384344494831,67.9126096919356,65.894465476446,67.07489013671875,67.07489013671875,2024100
30/04/2018,67.47470716282955,68.2648331880154,65.24713134765625,65.24713134765625,65.24713134765625,2117700
01/05/2018,64.93297775111634,66.48466484701405,63.257531612900735,66.17052459716797,66.17052459716797,2575200
02/05/2018,65.79926096011994,68.34098404027654,65.66598758037907,66.86544799804688,66.86544799804688,1872800
03/05/2018,66.26572776778576,66.72266306346042,63.724004304885725,65.78022766113281,65.78022766113281,3238000
04/05/2018,65.15193760486359,69.20726908361468,64.53316411938067,68.17916107177734,68.17916107177734,2439800
07/05/2018,68.89313487013938,70.99695909580102,68.71226070508935,69.88317108154297,69.88317108154297,2645200
08/05/2018,69.75940896511776,70.98743438720703,69.54046291865357,70.98743438720703,70.98743438720703,2678300
09/05/2018,71.22542708694208,72.69144183393631,70.44482258663147,72.1488265991211,72.1488265991211,3051700
10/05/2018,72.4724708203253,74.15743847585765,72.2535248167232,73.24356079101562,73.24356079101562,2222000
11/05/2018,73.24355932873435,74.04319956343626,72.54862766136847,73.62433624267578,73.62433624267578,2047300
14/05/2018,73.90993652481154,74.80477837596652,72.61527450040418,72.86278533935547,72.86278533935547,2373400
15/05/2018,72.15832483327318,73.28163409311709,71.37772058577852,72.83421325683594,72.83421325683594,2238900
16/05/2018,73.13886398082504,75.64250847911177,73.13886398082504,75.03325653076172,75.03325653076172,2272900
17/05/2018,75.20460732194698,76.62302129986253,74.8999813549546,76.08992767333984,76.08992767333984,2315700
18/05/2018,76.48021999297985,77.01332083847186,75.9376048069803,76.3564682006836,76.3564682006836,1713400
21/05/2018,77.1085168372864,78.31749902907879,77.1085168372864,77.91767883300781,77.91767883300781,2506300
22/05/2018,78.4031645579397,78.46980124506497,76.08038758468038,76.23270416259766,76.23270416259766,2089300
23/05/2018,75.66155399364136,76.9657305808592,75.39499990311587,76.56591033935547,76.56591033935547,2108500
24/05/2018,76.45166368923664,77.05140124231299,74.66198715923632,76.63253784179688,76.63253784179688,2283700
25/05/2018,76.22319854246008,76.74677781026173,75.78529918341493,76.20416259765625,76.20416259765625,1745200
29/05/2018,74.89997859588891,76.81341423896744,73.89090647918299,75.8804931640625,75.8804931640625,2459800
30/05/2018,77.041864039184,79.81205454779128,77.01330649726857,79.28848266601562,79.28848266601562,2218400
31/05/2018,79.45032974180839,79.84063559499884,76.93716386202631,77.28939056396484,77.28939056396484,2160800
01/06/2018,78.97434829214106,79.76447430964599,78.20326548097768,79.05050659179688,79.05050659179688,2573300
04/06/2018,79.65024147241643,80.20237828261054,78.25086350234245,80.15477752685547,80.15477752685547,2709300
05/06/2018,79.94534859539112,81.73502506330077,79.67879454612971,81.66838836669922,81.66838836669922,2402400
06/06/2018,81.71599479878283,83.41999889644474,81.46849117955283,83.39144134521484,83.39144134521484,2279400
07/06/2018,83.72461773160947,83.90549189109548,80.91634740334167,82.0586929321289,82.0586929321289,2687900
08/06/2018,82.09676146200465,82.92496658406716,81.67790536250305,82.84880828857422,82.84880828857422,1996100
11/06/2018,83.01066188511311,83.66751465309513,82.47756819681278,83.18201446533203,83.18201446533203,2445200
12/06/2018,83.37237971893289,84.87647323184935,83.08678976888653,84.1720199584961,84.1720199584961,2650400
13/06/2018,84.60044189538591,84.75275127595138,82.91547352609354,83.2581787109375,83.2581787109375,2894000
14/06/2018,84.13394719575828,84.68608393420462,82.85832845126643,84.56233215332031,84.56233215332031,3192400
15/06/2018,83.72460710599914,84.68608561613348,82.68697756303763,84.48617553710938,84.48617553710938,3196700
18/06/2018,83.2962375286621,85.79988182489562,82.9916115790715,85.76180267333984,85.76180267333984,3096000
19/06/2018,84.26721231284755,86.05689573599486,82.69648941109921,85.90457916259766,85.90457916259766,4094900
20/06/2018,87.13261873698339,88.21784908226226,86.38057187264889,87.92274475097656,87.92274475097656,2070900
21/06/2018,87.90370763065165,88.0084234837491,84.49570702308577,85.37150573730469,85.37150573730469,3673700
22/06/2018,86.34249093690826,86.45672838352115,83.76268851945466,84.39098358154297,84.39098358154297,3239700
25/06/2018,83.58179084428498,83.81977998989758,79.04095387879931,80.41177368164062,80.41177368164062,4795600
26/06/2018,80.65933280359506,82.70603487312874,80.07863835898996,81.92543029785156,81.92543029785156,2597300
27/06/2018,82.01108164934412,82.49658166205361,77.7748694346886,77.87958526611328,77.87958526611328,3394900
28/06/2018,77.62257598819203,79.021953964346,76.23271961580157,78.51741790771484,78.51741790771484,3446900
29/06/2018,79.18377667349047,80.1928486817399,78.14613985692321,78.21278381347656,78.21278381347656,2588200
02/07/2018,76.86099745701733,80.0214940491988,76.48973485001821,79.94534301757812,79.94534301757812,2807300
03/07/2018,80.52604000218493,81.93493957285932,80.50700405763845,80.83067321777344,80.83067321777344,1297900
05/07/2018,82.19195299501116,83.62940990800104,80.64026590539598,83.61988830566406,83.61988830566406,2540700
06/07/2018,83.78171737495512,85.9616992501529,83.07726413578558,85.67610931396484,85.67610931396484,2152100
09/07/2018,86.90415016409533,87.30397033691406,85.9045924691934,87.30397033691406,87.30397033691406,2225600
10/07/2018,87.7133038706622,88.12264560804232,84.6384873021003,86.0093002319336,86.0093002319336,3178500
11/07/2018,84.7432124604173,86.19971283164747,83.85789212317032,83.99117279052734,83.99117279052734,2675300
12/07/2018,85.38102706951884,85.59997311594933,83.22960218025402,85.04783630371094,85.04783630371094,2788100
13/07/2018,85.0192928478,86.29491923707504,84.39100488992658,84.4576416015625,84.4576416015625,2147600
16/07/2018,84.79082032077139,85.26679888039465,82.14438069132316,83.35336303710938,83.35336303710938,2499000
17/07/2018,83.27719571277372,85.12398722445764,83.07727836548743,84.39098358154297,84.39098358154297,2142000
18/07/2018,84.21010752695175,85.24774433726003,83.01063978475976,85.12398529052734,85.12398529052734,2166900
19/07/2018,84.78129461607786,87.0088779440773,84.01973331522254,86.78992462158203,86.78992462158203,2894100
20/07/2018,86.29489561726531,87.02789924462974,85.62852142044278,85.78083801269531,85.78083801269531,2547700
23/07/2018,85.56189296847393,86.78991837608915,84.76225257069038,86.0759506225586,86.0759506225586,2065200
24/07/2018,87.19926978346992,87.73237070356795,82.38236913319129,83.39144134521484,83.39144134521484,4071600
25/07/2018,83.51517457749765,84.24817812940844,82.23002706693524,84.1815414428711,84.1815414428711,2648100
26/07/2018,84.45762477128713,87.00886977858151,84.28627222367574,85.50477600097656,85.50477600097656,3152300
27/07/2018,85.79988270994335,86.02835762163473,80.10718385646196,80.83067321777344,80.83067321777344,3578600
30/07/2018,80.76404342195782,81.85879562823439,79.05052486082904,79.24091339111328,79.24091339111328,2151200
31/07/2018,79.7359170184136,82.67746053920436,79.4979277783682,81.65886688232422,81.65886688232422,2397600
01/08/2018,81.35423099604937,82.13483531741707,79.58359068563041,81.43991088867188,81.43991088867188,2207900
02/08/2018,80.26902786446705,83.52471962576989,80.22142710107303,83.18201446533203,83.18201446533203,2183700
03/08/2018,83.43901776380629,84.17202132867126,81.14479831288922,82.13483428955078,82.13483428955078,2688600
06/08/2018,82.13483790669851,83.8959566705995,81.57318683734522,83.61988830566406,83.61988830566406,2259900
07/08/2018,84.42904447970858,85.35244366737035,84.0387387352934,84.19105529785156,84.19105529785156,1927200
08/08/2018,84.20058049855328,84.60040789542326,82.41090423473035,84.04827117919922,84.04827117919922,2441000
09/08/2018,84.14348337839465,85.65709887015477,83.96260921411455,84.58138275146484,84.58138275146484,1906800
10/08/2018,83.07728271344055,85.56189102017935,83.01064601514261,83.8674087524414,83.8674087524414,2851400
13/08/2018,84.24818935213352,84.6194519784196,81.41135446981787,82.39187622070312,82.39187622070312,2685100
14/08/2018,82.9345029051393,85.36198908623192,82.87738054195465,84.83841705322266,84.83841705322266,2657800
15/08/2018,84.09587413158759,84.24819073094399,80.24045281178294,81.67790985107422,81.67790985107422,3797300
16/08/2018,82.76315988598546,84.63851670018066,82.46804822025653,83.76271057128906,83.76271057128906,2573500
17/08/2018,83.57231002147188,85.07640389870569,82.80122713757298,84.94313049316406,84.94313049316406,2492500
20/08/2018,85.6761414080657,86.14259836657646,84.1815690095726,85.60950469970703,85.60950469970703,2525000
21/08/2018,86.05690431069293,89.45539011756253,86.05690431069293,88.50343322753906,88.50343322753906,3856900
22/08/2018,88.29400853133875,89.64578567897587,88.01794013985985,89.18885040283203,89.18885040283203,2351700
23/08/2018,89.10317356192606,89.69338951532528,87.59907976197208,88.39872741699219,88.39872741699219,2656100
24/08/2018,89.10316731041708,90.02656669576552,88.86517807760995,89.64578247070312,89.64578247070312,2015000
27/08/2018,90.59774959533989,91.863854199412,89.84570266351184,90.19792938232422,90.19792938232422,2754900
28/08/2018,90.6739003512791,91.14035722762323,88.96989652300378,90.18840026855469,90.18840026855469,1992900
29/08/2018,90.42639012811595,91.56874284454118,89.51251231268894,91.1498794555664,91.1498794555664,2059000
30/08/2018,90.59774831014622,92.27319470744958,90.08369064519442,90.90237426757812,90.90237426757812,2701500
31/08/2018,90.24552929026947,92.45406930791448,90.20745013755163,91.87337493896484,91.87337493896484,2036000
04/09/2018,91.43546281217785,92.03519304233342,88.89373237880298,90.77861022949219,90.77861022949219,3825500
05/09/2018,90.540624004989,90.5501456078686,87.69427482380928,89.98848724365234,89.98848724365234,2847200
06/09/2018,90.48352311961652,90.95950165835652,87.79900445163716,88.07506561279297,88.07506561279297,2766700
07/09/2018,87.4182185983245,89.30308951068926,86.5424198458549,87.82756042480469,87.82756042480469,2253800
10/09/2018,89.0079709062906,89.6267443491192,87.68475138507573,88.42727661132812,88.42727661132812,2228600
11/09/2018,87.9513002463112,89.52203063453662,87.07550161315274,88.66526794433594,88.66526794433594,2328400
12/09/2018,88.28449186383405,88.69383367231136,86.04739432288599,87.98938751220703,87.98938751220703,2611500
13/09/2018,89.00797412462175,89.40779429739044,87.43724371691034,87.97034454345703,87.97034454345703,1703200
14/09/2018,88.19882278688094,89.93138434017074,87.62765000523102,89.1412582397461,89.1412582397461,2326000
17/09/2018,89.16028541319899,89.3221163407053,85.97122403537793,86.20921325683594,86.20921325683594,2313600
18/09/2018,86.62808189693544,87.99890222029728,86.39009266095485,87.29444885253906,87.29444885253906,2044300
19/09/2018,87.37060760570428,88.53199624538878,85.49525125436342,86.3044204711914,86.3044204711914,2005300
20/09/2018,87.38964068288311,88.81757594068934,86.6280723069114,88.71286010742188,88.71286010742188,2068500
21/09/2018,89.48396104773576,89.59819850625458,87.18022677235817,87.28494262695312,87.28494262695312,1916300
24/09/2018,87.28495442804936,87.58005882388524,84.93361907800318,86.44722747802734,86.44722747802734,1883400
25/09/2018,86.850915589638,87.54594734215789,86.56528152500111,86.84139251708984,86.84139251708984,1069200
26/09/2018,87.38409561937448,87.46026567546065,84.07077808336592,84.41353607177734,84.41353607177734,2045400
27/09/2018,84.97525656603759,85.43226954539882,84.03267592207517,84.42303466796875,84.42303466796875,1829600
28/09/2018,83.61374368790041,85.83214697383924,83.53757365123889,85.2228012084961,85.2228012084961,1598600
01/10/2018,86.26059331626313,86.33676335521888,80.9573760255456,81.68097686767578,81.68097686767578,2831200
02/10/2018,81.60482237899724,82.08087431722308,78.63425566943657,79.18647766113281,79.18647766113281,2325500
03/10/2018,80.10999068705681,82.26174670559115,79.12932521028354,81.24299621582031,81.24299621582031,3210100
04/10/2018,80.37661384859818,80.64320179280288,76.9966491788933,77.8630599975586,77.8630599975586,3300300
05/10/2018,77.97729597796247,78.4343016948994,73.49288833665364,75.60655975341797,75.60655975341797,3480500
08/10/2018,75.04482950852679,75.92076335785401,73.35008571970525,75.1781234741211,75.1781234741211,2772500
09/10/2018,74.93055867537481,76.38728344571436,73.95941609245659,74.23552703857422,74.23552703857422,3062200
10/10/2018,73.7880407854173,73.96894282278262,67.56128137520312,67.98020935058594,67.98020935058594,6040300
11/10/2018,66.8567141583381,68.79900632184133,63.84806337644862,63.962318420410156,63.962318420410156,5760800
12/10/2018,66.43781630867909,66.5996722461795,61.82011333708442,63.97187042236328,63.97187042236328,6106800
15/10/2018,63.66718079037909,66.00935515888983,62.600821968433266,64.66688537597656,64.66688537597656,4634600
16/10/2018,66.04744900168893,70.44616429373248,64.43839111438751,70.07484436035156,70.07484436035156,4070000
17/10/2018,69.57974652790935,69.61783155108316,66.52349424197253,69.34172058105469,69.34172058105469,3412600
18/10/2018,68.54195063126103,68.83710774920867,64.57167952263882,65.5523452758789,65.5523452758789,3709000
19/10/2018,66.018884345223,67.06620450043555,62.505625712476935,63.219703674316406,63.219703674316406,4404100
22/10/2018,63.981377209951305,64.60024617874505,62.219986501827584,62.81981658935547,62.81981658935547,3171600
23/10/2018,60.334813517924445,62.657945356457674,57.802217692511455,61.22978973388672,61.22978973388672,5628700
24/10/2018,60.87750651686525,61.55350287359891,54.1366145144036,54.2508659362793,54.2508659362793,5675300
25/10/2018,55.25058174202517,58.52582110235219,54.784052919086875,57.66892623901367,57.66892623901367,3634400
26/10/2018,55.94561505018971,58.0592865486944,52.632294418363834,55.74567413330078,55.74567413330078,6666500
29/10/2018,57.70699940686205,59.39222320388787,53.08929479729767,55.00302505493164,55.00302505493164,4659300
30/10/2018,55.098243936417965,58.497254091401494,54.774528510610594,58.19258117675781,58.19258117675781,5054200
31/10/2018,60.087267957049065,60.81086520552354,58.71623623911576,58.88761520385742,58.88761520385742,4669400
01/11/2018,59.62073903432669,63.038791827068785,59.573134570648165,62.62938690185547,62.62938690185547,4031100
02/11/2018,63.35298736870468,64.36221506657772,61.37260973244679,63.276817321777344,63.276817321777344,5119400
05/11/2018,63.352989762744386,64.07659070794722,61.25835697694161,63.134002685546875,63.134002685546875,3210300
06/11/2018,62.86741207068361,64.61928682097178,62.66747114652675,64.09562683105469,64.09562683105469,3053000
07/11/2018,64.93346780712704,67.48510594974,64.24795926204523,67.40894317626953,67.40894317626953,4704500
08/11/2018,66.53301509782436,68.09446484654434,66.0950481940591,66.90433502197266,66.90433502197266,2348900
09/11/2018,65.66659988030032,65.66659988030032,61.762975774967785,63.276817321777344,63.276817321777344,4430100
12/11/2018,63.13400106356046,63.26729501530812,59.192291887078525,59.46840286254883,59.46840286254883,3744300
13/11/2018,60.08725847706876,61.820086729856826,58.53532859986205,58.811439514160156,58.811439514160156,3181200
14/11/2018,60.35385243147715,61.08697634186014,56.39310121956472,57.57371139526367,57.57371139526367,3530900
15/11/2018,56.45023757823158,60.23961042780519,56.03130956391475,60.058712005615234,60.058712005615234,4533700
16/11/2018,58.81143867177992,60.801335302620636,58.164007945727356,60.34432601928711,60.34432601928711,3864400
19/11/2018,60.08726579242279,60.45858565865719,56.155076448375695,56.79298782348633,56.79298782348633,3935900
20/11/2018,54.87926805047059,56.23125747305404,52.984583329060186,53.50823974609375,53.50823974609375,6404300
21/11/2018,54.26040738355088,57.07863429087012,53.98429635785035,55.564788818359375,55.564788818359375,2651100
23/11/2018,54.288959710560945,57.021496629739985,54.21278966236678,55.55525588989258,55.55525588989258,2580100
26/11/2018,57.0786250560429,58.2592317655619,56.39310913955583,57.5927619934082,57.5927619934082,3870400
27/11/2018,56.91675869184927,57.49754253678446,55.84088411325164,56.21220397949219,56.21220397949219,2949300
28/11/2018,56.80251180010477,60.4681099280963,55.17441519564023,60.334815979003906,60.334815979003906,4905500
29/11/2018,59.582656579501226,60.89655718712721,58.19258229377071,59.820682525634766,59.820682525634766,2819400
30/11/2018,59.31605926866917,60.9822443611921,58.91617746149456,60.64900588989258,60.64900588989258,2724600
03/12/2018,62.800775670673325,62.88646880344167,60.01111080659869,62.4675407409668,62.4675407409668,3978200
04/12/2018,62.029562583236384,62.47705252108729,54.012846884651665,54.46985626220703,54.46985626220703,6963000
06/12/2018,52.20385738600355,54.02237564811889,49.89976411208413,53.965248107910156,53.965248107910156,5464400
07/12/2018,53.92715038699968,55.18392691985022,49.70933090878602,50.59478759765625,50.59478759765625,5302600
10/12/2018,50.69001015160718,51.25175156372712,47.81465611261934,50.10922622680664,50.10922622680664,4357800
11/12/2018,52.184810871661846,52.765591141976735,48.82388196948111,49.86167526245117,49.86167526245117,3926100
12/12/2018,51.404081876903184,53.36541323226796,51.289826814503066,51.346954345703125,51.346954345703125,4002900
13/12/2018,51.78493078757224,52.27050581280814,48.93814214686925,49.16664505004883,49.16664505004883,4339000
14/12/2018,48.05268157507819,49.61413127882363,46.38649986866896,46.91015625,46.91015625,4231100
17/12/2018,46.424571217681354,47.63374325885225,42.93987209090042,43.73963928222656,43.73963928222656,6091200
18/12/2018,44.9297739506731,45.815230714851836,43.07317457286689,43.539703369140625,43.539703369140625,4619600
19/12/2018,43.6063512425796,45.27253281344663,40.15021359576747,40.826210021972656,40.826210021972656,6102100
20/12/2018,40.50249099390153,41.22608818503472,37.40815406636909,38.845829010009766,38.845829010009766,10421600
21/12/2018,39.3123706537036,39.81698455527157,35.43730809580424,35.722938537597656,35.722938537597656,9133200
24/12/2018,35.246877158131724,35.85622290608639,33.67590470069657,33.7330322265625,33.7330322265625,5297000
26/12/2018,34.00914441666116,38.66493080402414,33.637824564710094,38.52211380004883,38.52211380004883,8450000
27/12/2018,37.00889458247274,38.97684061197752,34.945414892551476,38.90041732788086,38.90041732788086,8320300
28/12/2018,38.95773275371515,41.202724511411894,38.15526825059671,39.35896682739258,39.35896682739258,6757900
31/12/2018,40.08501366591415,40.362055870768316,38.36544751742709,40.209205627441406,40.209205627441406,4967000
02/01/2019,38.67113054293352,41.33645887394519,38.05972984569119,40.90656661987305,40.90656661987305,6497200
03/01/2019,40.15188262115414,40.849262035493,38.15527440696976,38.65203857421875,38.65203857421875,6656500
04/01/2019,40.1423345849802,43.352193395953854,39.932164130092985,43.03693771362305,43.03693771362305,6383400
07/01/2019,43.07515531137466,45.96975871722534,42.57839105312769,45.31059265136719,45.31059265136719,6054400
08/01/2019,46.4378558399487,47.345405684081584,45.03354183224587,47.278533935546875,47.278533935546875,5286600
09/01/2019,47.81351750593155,48.97900303265566,47.20211645723619,48.48223876953125,48.48223876953125,5635000
10/01/2019,47.63199898281653,49.294244780301874,46.905957656367924,49.18916320800781,49.18916320800781,4778100
11/01/2019,48.56821227280963,49.55218550655242,48.22429830724278,49.284698486328125,49.284698486328125,2923100
14/01/2019,48.396253577561836,48.98854780605946,47.61289563670579,47.81351089477539,47.81351089477539,2903100
15/01/2019,48.18608186762744,49.17961023048255,47.63200112495944,49.093631744384766,49.093631744384766,3483100
16/01/2019,49.20827200972307,50.82275662520887,49.20827200972307,50.0489501953125,50.0489501953125,3214600
17/01/2019,49.53307416258173,51.930916508212576,49.48530914830446,51.395938873291016,51.395938873291016,3079200
18/01/2019,52.16975118685401,53.59316845389329,51.58700847104752,53.01042938232422,53.01042938232422,3968500
22/01/2019,51.98823511125504,52.32259751281333,49.39933260674801,50.335540771484375,50.335540771484375,5192100
23/01/2019,50.80364381502809,51.63476671087784,48.81658718559772,50.0107307434082,50.0107307434082,3885800
24/01/2019,49.85789267813684,51.17622850799433,49.724149150109156,50.91829299926758,50.91829299926758,2317000
25/01/2019,52.07422462476409,53.13462497143295,51.87360932789104,52.86713790893555,52.86713790893555,3022900
28/01/2019,51.35773380032107,52.38947576972045,50.736781224727075,51.9595832824707,51.9595832824707,3403200
29/01/2019,52.12198931977123,52.255732840818915,51.2622043355538,51.62522506713867,51.62522506713867,2243800
30/01/2019,52.39902742953872,53.841555151619396,51.04248184933116,53.26836395263672,53.26836395263672,4110600
31/01/2019,53.07730308727265,54.89239941356597,52.99132459089513,54.558040618896484,54.558040618896484,3566000
01/02/2019,54.921058709650325,55.29363096135078,54.08993206975521,54.78731155395508,54.78731155395508,3053000
04/02/2019,54.968809452011904,56.65971693106496,54.40517362566088,56.65016174316406,56.65016174316406,2244600
05/02/2019,56.764812528108614,57.39532389300266,55.90503126043343,56.831687927246094,56.831687927246094,3176500
06/02/2019,56.774354862145,57.13737548099716,55.72351011375402,56.60239791870117,56.60239791870117,1919500
07/02/2019,55.52290280213554,56.354029416447375,53.77467837237609,55.23630905151367,55.23630905151367,4282800
08/02/2019,54.433847448101815,55.3796108874132,53.88931819778957,55.360504150390625,55.360504150390625,2458200
11/02/2019,55.87637140544954,56.78391766619048,55.13122328801879,56.73615264892578,56.73615264892578,2702500
12/02/2019,57.68191363166284,59.07667248563924,57.6245934267816,58.8187370300293,58.8187370300293,3080900
13/02/2019,59.363268723070235,59.73584095990534,58.53214576057366,59.34416198730469,59.34416198730469,2882300
14/02/2019,58.350644210363996,60.43322763836711,58.16913202101826,59.74540328979492,59.74540328979492,3812100
15/02/2019,60.86311475698235,62.57312939679414,60.30903397946453,62.534915924072266,62.534915924072266,3544500
19/02/2019,61.780211341563174,63.623969345569094,61.75155306141125,63.06033706665039,63.06033706665039,2992900
20/02/2019,63.10810521650254,64.19716371010709,62.955258609782106,63.939231872558594,63.939231872558594,2711900
21/02/2019,63.6621755470665,63.92966251591138,62.324733414368815,63.20362854003906,63.20362854003906,3822700
22/02/2019,63.815033575688936,64.98051154626867,63.57620486812793,64.8563232421875,64.8563232421875,3076000
25/02/2019,65.98360048061149,66.50902659601111,64.77035375297191,64.8849868774414,64.8849868774414,3702800
26/02/2019,64.67482462491003,64.88499509769629,63.308723840274574,63.452022552490234,63.452022552490234,2992700
27/02/2019,62.82150343435384,63.9583230928263,62.372504311157584,63.795921325683594,63.795921325683594,3005200
28/02/2019,63.55710557245333,63.97744650336729,62.62090095711316,63.06989288330078,63.06989288330078,2204800
01/03/2019,64.52197878410907,64.96142282862685,63.07945103052381,64.83723449707031,64.83723449707031,3076500
04/03/2019,65.22890811117142,65.48684724697759,61.598715424299805,63.08900451660156,63.08900451660156,4649500
05/03/2019,63.20364029341041,63.241846477373144,62.05725798571362,62.24832534790039,62.24832534790039,2870400
06/03/2019,62.152783234074334,62.162338423566155,58.3697372159324,58.532142639160156,58.532142639160156,6012800
07/03/2019,58.49392694786855,58.646777175798704,56.621510744664945,56.98453140258789,56.98453140258789,5988700
08/03/2019,55.97190184024082,57.03230199459141,55.742624653798565,56.879451751708984,56.879451751708984,3850900
11/03/2019,57.39532425339701,59.869586488713814,57.17559860678842,59.86003494262695,59.86003494262695,3881800
12/03/2019,60.0224364467912,60.65294413009043,59.30595027739492,59.926902770996094,59.926902770996094,2971300
13/03/2019,60.61474062496209,61.52229065091458,60.39501860086626,60.6529541015625,60.6529541015625,2558200
14/03/2019,60.566976239525346,60.681613026296816,59.74540470514803,59.84093475341797,59.84093475341797,2222000
15/03/2019,60.08930772284715,61.636913171888985,59.860030546987986,60.3281364440918,60.3281364440918,2679300
18/03/2019,60.71026178688375,62.31519477106947,60.041540621199,61.522281646728516,61.522281646728516,4415200
19/03/2019,62.38206493248305,62.43938149329575,60.12751757560692,60.60517501831055,60.60517501831055,3765400
20/03/2019,60.57652300795534,61.531841636481154,58.05449203251206,59.0671272277832,59.0671272277832,5133800
21/03/2019,58.43661176095613,62.24832352992072,58.43661176095613,61.39808654785156,61.39808654785156,6461900
22/03/2019,60.02244531321083,60.48099609205238,54.586700439453125,54.586700439453125,54.586700439453125,7994900
25/03/2019,54.50071494054098,56.45910977912994,53.2874645663329,55.28407287597656,55.28407287597656,4555200
26/03/2019,56.64062008687617,58.13090896676085,55.90502719226565,57.03229904174805,57.03229904174805,5255300
27/03/2019,56.89855644943033,57.44308564795815,54.395628801062095,56.36357879638672,56.36357879638672,5269900
28/03/2019,56.9367695411839,58.20734017344648,56.01011651810903,57.863426208496094,57.863426208496094,4791100
29/03/2019,59.09578586180399,59.3919311763786,57.27113437675605,58.388851165771484,58.388851165771484,4986200
01/04/2019,59.76450485800973,60.44277760100338,59.09578366109546,60.27082061767578,60.27082061767578,5230700
02/04/2019,60.44276895279553,60.44276895279553,58.82828822281825,59.7740478515625,59.7740478515625,4044400
03/04/2019,61.39808609985183,61.875743555171425,60.251711122474546,60.70071029663086,60.70071029663086,4520500
04/04/2019,60.88222304418709,61.713346053753554,60.36635208201311,61.59871292114258,61.59871292114258,3728800
05/04/2019,62.03814131600966,63.423344768442476,61.885287459713965,63.3087043762207,63.3087043762207,4189400
08/04/2019,62.69731540432103,63.13675939170256,61.75155567687978,62.97435760498047,62.97435760498047,3633400
09/04/2019,62.21964904198282,62.477588114312105,60.34723294646247,60.69114685058594,60.69114685058594,5339200
10/04/2019,60.98728793057758,63.174955728426895,60.834437731021694,63.146297454833984,63.146297454833984,4044300
11/04/2019,63.37558191375992,63.55709406259733,62.53490749264874,62.859718322753906,62.859718322753906,3182400
12/04/2019,64.03476042072135,64.0920769858466,62.85972710480547,63.499786376953125,63.499786376953125,3259200
15/04/2019,63.83414814696815,64.00610513888026,62.105030325528325,62.86927795410156,62.86927795410156,2698700
16/04/2019,63.55710099556722,63.767271445889364,62.70687129269999,63.32782745361328,63.32782745361328,2809600
17/04/2019,63.996532513950946,64.01564289033232,60.51918743679303,61.53182601928711,61.53182601928711,4390700
18/04/2019,61.617807228958775,61.77066110194766,59.869579321136,61.10193634033203,61.10193634033203,3785400
22/04/2019,60.62428687766241,61.17837130726702,59.70718538476933,60.490543365478516,60.490543365478516,2134800
23/04/2019,60.71027124801917,63.786383258773235,60.67205777105632,63.280067443847656,63.280067443847656,4606500
24/04/2019,63.34692876408574,64.57928586120835,62.99346691527741,63.84369659423828,63.84369659423828,3434400
25/04/2019,62.91704934139816,63.098561531956264,60.70071873224931,62.22922134399414,62.22922134399414,4135300
26/04/2019,62.458485297090355,64.24492677704632,61.78976778506098,64.0443115234375,64.0443115234375,3212800
29/04/2019,64.41689433197817,65.6110381485368,64.2544925221603,64.92321014404297,64.92321014404297,2706000
30/04/2019,65.04739345882511,65.08560693262395,62.41072936297983,63.939231872558594,63.939231872558594,3742000
01/05/2019,64.47419689275434,64.5315207396561,62.0859097786068,62.1336784362793,62.1336784362793,4290400
02/05/2019,61.92350291835978,63.74815762217879,60.83444466682973,63.00300598144531,63.00300598144531,4502300
03/05/2019,63.83414292683993,66.71919079024197,63.77682636371472,66.6141128540039,66.6141128540039,3709800
06/05/2019,63.61440841734147,67.2923761924942,63.44245875194161,66.86248016357422,66.86248016357422,4247000
07/05/2019,65.06649128355656,65.77342219122554,61.27389038049139,62.831050872802734,62.831050872802734,5693600
08/05/2019,62.52536111984186,63.51888955132118,61.77066871646763,61.92351531982422,61.92351531982422,3502000
09/05/2019,60.414115072292724,61.761108917526535,58.33152832657846,61.22612762451172,61.22612762451172,4877900
10/05/2019,60.50010013471217,61.93307262134121,58.25510771911751,61.61781692504883,61.61781692504883,5128200
13/05/2019,58.26466697892254,58.61813252992341,55.2649746362587,55.780845642089844,55.780845642089844,4651500
14/05/2019,56.201171229918714,58.5512447548002,55.85725732008499,57.90163040161133,57.90163040161133,2556900
15/05/2019,56.573751068513005,58.84739796792477,56.18207209472885,58.455718994140625,58.455718994140625,3603000
16/05/2019,58.942921963757264,60.82488958021076,58.876050221480256,59.58298110961914,59.58298110961914,3355100
17/05/2019,58.14047239808046,59.7836153900959,56.803029919337064,57.0418586730957,57.0418586730957,3828400
20/05/2019,55.94324024848705,56.965426870577204,55.38915587317394,55.79039001464844,55.79039001464844,2963400
21/05/2019,56.75526713638262,58.27421821597846,56.70750211259412,58.11181640625,58.11181640625,2277500
22/05/2019,57.35711191332307,57.77744918995573,56.01011794575852,56.51643371582031,56.51643371582031,2853300
23/05/2019,54.93059928181673,54.93059928181673,52.179291723489044,53.15371322631836,53.15371322631836,4580400
24/05/2019,54.09948295329578,54.85417894276086,53.488082010026154,54.433841705322266,54.433841705322266,2860000
28/05/2019,54.80642171909571,55.42737794026754,53.26836395263672,53.26836395263672,53.26836395263672,2424700
29/05/2019,52.39903237580529,52.50411762108364,50.85142291651515,51.91182327270508,51.91182327270508,4091700
30/05/2019,52.30348861401006,53.16327344618173,50.49794411068653,51.46281051635742,51.46281051635742,3887000
31/05/2019,49.58085452885501,50.24957217511814,48.68285601375106,49.34202575683594,49.34202575683594,3578200
03/06/2019,49.49486935037772,50.603034557331725,48.7210629214643,49.70503616333008,49.70503616333008,4847000
04/06/2019,51.30041373169062,53.736466134263075,51.032923066629785,53.612274169921875,53.612274169921875,4068700
05/06/2019,54.223675270642595,54.376525517752896,51.950028300406544,53.54540252685547,53.54540252685547,3587600
06/06/2019,53.57406438822224,53.97529491980813,51.62522100676619,53.20148849487305,53.20148849487305,3559400
07/06/2019,53.78422004515926,54.98791867874255,53.41164787331948,54.233219146728516,54.233219146728516,3906300
10/06/2019,54.96882203683157,56.745708392619285,54.95926684674306,55.23630905151367,55.23630905151367,3297000
11/06/2019,56.506884338291194,56.85079468096959,53.96574655570253,54.70133590698242,54.70133590698242,3655400
12/06/2019,54.58669300234557,55.25541416363606,54.00395032813867,54.86373519897461,54.86373519897461,2640600
13/06/2019,55.799941986940404,56.75525686680189,55.35094282724964,56.62151336669922,56.62151336669922,2925200
14/06/2019,56.4304500355497,56.45910831597945,55.14077639689157,55.188541412353516,55.188541412353516,2348200
17/06/2019,55.847709512475205,56.96542986715865,55.64709425330341,56.32536697387695,56.32536697387695,1850400
18/06/2019,57.414435792697674,59.48747144532787,57.17560701877757,58.159584045410156,58.159584045410156,3582500
19/06/2019,58.40796496835892,58.99070776580363,57.59594858636286,58.79009246826172,58.79009246826172,2888100
20/06/2019,60.50009259550013,60.70070784401155,58.694544426186226,59.63075256347656,59.63075256347656,3633900
21/06/2019,59.4396988542322,59.45880559102255,57.70102589292164,58.02583312988281,58.02583312988281,3140700
24/06/2019,58.51303971220997,58.570359920179996,55.885923643498494,55.924137115478516,55.924137115478516,3257200
25/06/2019,56.18951511789602,56.42902711131474,54.75244315738372,54.95363235473633,54.95363235473633,4256600
26/06/2019,55.490136852452494,56.06496782915937,54.48418721154418,54.579994201660156,54.579994201660156,3103200
27/06/2019,54.972796742024116,57.70323215360512,54.972796742024116,57.67449188232422,57.67449188232422,3813200
28/06/2019,57.913998869683596,60.21331173946656,57.90441634364497,59.69596862792969,59.69596862792969,8938300
01/07/2019,61.976133095221364,62.55096048563212,59.31275692783756,60.29954528808594,60.29954528808594,5423800
02/07/2019,60.261221426212074,60.347445893492264,58.21099561029024,59.26485061645508,59.26485061645508,3428600
03/07/2019,59.73428734117058,60.539047753508655,59.255263373223215,60.491146087646484,60.491146087646484,2022100
05/07/2019,59.523525934952175,60.97975939887315,58.80498990270149,60.95101547241211,60.95101547241211,2338100
08/07/2019,60.376178567155655,60.67317472923004,58.83372087693455,59.24568176269531,59.24568176269531,2518600
09/07/2019,58.41218011038061,59.42770851893372,58.354695922199966,59.35106658935547,59.35106658935547,2612500
10/07/2019,60.35702425688257,60.72108352173769,58.76666471630044,59.6863899230957,59.6863899230957,3402700
11/07/2019,59.99295858944889,59.99295858944889,58.028961121624704,58.7953987121582,58.7953987121582,3275300
12/07/2019,59.02533370975817,60.77855952591802,58.747498932196734,60.1270866394043,60.1270866394043,2936500
15/07/2019,60.663593426800986,60.692333694636375,58.709174811414165,59.13071823120117,59.13071823120117,2776400
16/07/2019,59.01575729060641,60.22289985715472,58.479252731841115,59.14988708496094,59.14988708496094,3110700
17/07/2019,59.130730634888856,59.23611651194211,57.39666223670241,57.91400909423828,57.91400909423828,3416400
18/07/2019,57.77027931669537,58.81455152344429,57.38706240469913,58.50797653198242,58.50797653198242,3867000
19/07/2019,58.74749420082467,59.27441979036279,57.49245019457067,57.55951690673828,57.55951690673828,3660700
22/07/2019,57.91400388832826,58.43135069935964,56.99427866071459,57.2912712097168,57.2912712097168,3587100
23/07/2019,58.00022441337599,58.44092559814453,57.12840091539346,58.44092559814453,58.44092559814453,3515800
24/07/2019,57.93316617249716,61.5162637969828,57.77029610520423,61.334232330322266,61.334232330322266,4626300
25/07/2019,61.2575867735064,61.2575867735064,58.77624234907481,59.06365966796875,59.06365966796875,4788100
26/07/2019,59.30316639875185,61.362970843077456,59.23610333820754,61.11387634277344,61.11387634277344,3682300
29/07/2019,61.113884481098815,61.35339648769852,59.29359176907582,59.9259033203125,59.9259033203125,3442700
30/07/2019,58.70918207602618,61.832420698688324,58.258901987349354,61.794097900390625,61.794097900390625,3674300
31/07/2019,61.765352828467755,63.47067701887909,59.17862261902991,60.366600036621094,60.366600036621094,5678400
01/08/2019,60.70192295410555,62.177317777702186,56.94637282628347,57.72239303588867,57.72239303588867,6983200
02/08/2019,56.62063348655772,57.09965747089294,54.32132055454645,55.73923110961914,55.73923110961914,6170500
05/08/2019,52.7213756320749,52.826761487549135,48.81254203639936,50.709476470947266,50.709476470947266,7083900
06/08/2019,51.65794668459983,52.48186855379327,50.096331067528,52.12739181518555,52.12739181518555,4252800
07/08/2019,50.604092465502035,52.453125302795534,49.32030806532929,52.05074691772461,52.05074691772461,6436900
08/08/2019,52.9225708778821,55.49013604642395,52.74053942663736,55.41349411010742,55.41349411010742,4060800
09/08/2019,54.89614590328996,54.94404756907138,52.64473471959798,53.26746368408203,53.26746368408203,4570500
12/08/2019,52.41480705151445,52.75012605613877,50.85319138779478,51.217247009277344,51.217247009277344,3727500
13/08/2019,50.843603371974226,54.38838144524869,50.19213048695458,52.912986755371094,52.912986755371094,3904700
14/08/2019,50.39332256173674,50.43164535826545,48.065265665231514,48.45806884765625,48.45806884765625,6298400
15/08/2019,49.004146638866736,49.004146638866736,47.15511408468312,47.8353271484375,47.8353271484375,3787200
16/08/2019,48.49637887718083,51.15975426087655,48.49637887718083,50.92024230957031,50.92024230957031,3720000
19/08/2019,52.63514896597501,53.219558754794726,52.242349483193955,52.453121185302734,52.453121185302734,2679800
20/08/2019,52.21361219753149,52.290257786188036,51.2459853960509,51.39927291870117,51.39927291870117,2660000
21/08/2019,52.903410643786735,52.932150913704724,52.06032739778317,52.635154724121094,52.635154724121094,2495800
22/08/2019,52.960895548944166,53.37285650681881,51.36095704414151,52.213619232177734,52.213619232177734,3123300
23/08/2019,51.447184063900345,52.33816909555946,46.97309750490999,47.471282958984375,47.471282958984375,6558800
26/08/2019,48.8221262226045,49.0233154296875,47.710790665579104,49.0233154296875,49.0233154296875,3024500
27/08/2019,49.95262256352005,50.00052423299812,46.66651760297376,46.82938766479492,46.82938766479492,4292400
28/08/2019,46.5323866935424,49.25324290396608,46.22581165473376,48.448482513427734,48.448482513427734,3178200
29/08/2019,50.00051280934119,51.1597534119712,49.81848504504732,51.006465911865234,51.006465911865234,2981000
30/08/2019,51.73458338211271,51.839969229303755,49.87597188739678,50.728633880615234,50.728633880615234,2964800
03/09/2019,49.195758713690935,50.13464888153796,47.78743077124588,48.448482513427734,48.448482513427734,4707400
04/09/2019,49.808912080179454,50.12506598771411,48.965828902315856,49.6364631652832,49.6364631652832,2672600
05/09/2019,51.600460510092546,53.68900522573432,51.131015430755774,52.30941390991211,52.30941390991211,4366500
06/09/2019,52.4339638810023,53.01837371542738,51.571722918535905,51.65794372558594,51.65794372558594,3750600
09/09/2019,52.33815954676366,54.03390482490806,51.81123391511336,53.66026306152344,53.66026306152344,6282000
10/09/2019,53.45907275242016,55.83503113534298,52.60641069558585,55.69132614135742,55.69132614135742,5186700
11/09/2019,56.48651157303093,59.341494294265225,55.4230776636636,59.092403411865234,59.092403411865234,4897600
12/09/2019,59.379816565956574,60.136675388115556,57.54036609933865,59.14988708496094,59.14988708496094,4245200
13/09/2019,60.05044760204349,61.26716897364839,59.29358882169145,59.46603775024414,59.46603775024414,4488400
16/09/2019,59.111566000164004,61.09472519089157,58.76666811400907,60.10793685913086,60.10793685913086,3234800
17/09/2019,59.5618397107184,59.74387116146625,58.46966562488299,59.600162506103516,59.600162506103516,2895600
18/09/2019,59.60973343851154,59.6384737021291,56.898456494281305,58.45049285888672,58.45049285888672,4192300
19/09/2019,58.82415821530631,59.96423420478365,57.41582625709149,57.645755767822266,57.645755767822266,3310500
20/09/2019,57.57868156928879,58.632536529711686,56.21825520532005,57.24336624145508,57.24336624145508,3422600
23/09/2019,56.65895329589663,57.85651319361059,56.33321685753192,57.176300048828125,57.176300048828125,2092300
24/09/2019,57.607425650728175,57.73196925588446,53.91893876118039,54.579994201660156,54.579994201660156,4246500
25/09/2019,54.4171292979391,56.61106024136316,53.87104219389567,56.314064025878906,56.314064025878906,3275700
26/09/2019,56.17993738350242,56.17993738350242,53.995588986698515,54.4937744140625,54.4937744140625,2979800
27/09/2019,54.88656450065636,55.308104256619565,52.414799189973415,53.14291763305664,53.14291763305664,3592400
30/09/2019,53.296206922676504,54.24467231881884,52.721375976694894,53.33452606201172,53.33452606201172,2343400
01/10/2019,54.053066995399135,55.384756799842854,49.82807541549737,50.21129608154297,50.21129608154297,5479900
02/10/2019,49.35862743416508,49.35862743416508,47.60539805178341,48.95624542236328,48.95624542236328,5424600
03/10/2019,48.47723090545437,49.693952393549466,46.695264564240865,49.52150344848633,49.52150344848633,5475800
04/10/2019,49.76101728032287,50.95857741210959,48.85087450389575,50.85319519042969,50.85319519042969,3515500
07/10/2019,50.47955546051565,51.792084050943245,49.818503555933134,50.632843017578125,50.632843017578125,3012800
08/10/2019,49.14784868125257,49.59813229175277,47.76826124150118,48.122737884521484,48.122737884521484,4075400
09/10/2019,49.16701551421202,49.31072415399963,48.27603071871891,48.73589324951172,48.73589324951172,2368800
10/10/2019,48.975402755710086,50.12506085234714,48.73589080452163,49.368202209472656,49.368202209472656,3044800
11/10/2019,51.3609488197883,53.55487940140738,51.31304715542608,51.89745330810547,51.89745330810547,4922100
14/10/2019,51.48550625558807,51.75375855281162,50.67116318168829,51.26515197753906,51.26515197753906,2247100
15/10/2019,51.77291747786962,53.72733637618664,51.360956524165644,53.01837921142578,53.01837921142578,2463500
16/10/2019,52.769290737429785,53.89978412532398,52.73096793657549,53.15250778198242,53.15250778198242,2088500
17/10/2019,53.947682045437844,55.18356113863437,53.660264733163224,55.011112213134766,55.011112213134766,2848400
18/10/2019,54.57999767695482,55.16440756255317,53.008799485639166,54.22551727294922,54.22551727294922,2527500
21/10/2019,55.873356719068504,56.7451802162361,55.6051044598363,55.796714782714844,55.796714782714844,2401500
22/10/2019,55.9787413840577,56.82182459392298,55.403914082359414,55.902095794677734,55.902095794677734,1928600
23/10/2019,56.04580637065528,56.47692868905445,55.193144260189676,56.09370803833008,56.09370803833008,1581400
24/10/2019,56.72602181748403,56.81224628460476,55.06859919808611,55.88294219970703,55.88294219970703,1969800
25/10/2019,55.56677207463904,57.32958016250374,55.538031810299266,56.76433181762695,56.76433181762695,2126700
28/10/2019,57.48288052500289,58.89121226735766,57.415817456763435,58.15351486206055,58.15351486206055,2597800
29/10/2019,57.82777193935892,59.3031665853001,57.65532302465604,58.7953987121582,58.7953987121582,2151900
30/10/2019,58.73792403570033,58.73792403570033,56.99427697282237,58.220577239990234,58.220577239990234,2471600
31/10/2019,57.88524608211746,57.88524608211746,55.825445513442425,57.137969970703125,57.137969970703125,3317400
01/11/2019,58.16309716035927,60.146256362922465,57.81819927214596,60.06003189086914,60.06003189086914,2948400
04/11/2019,61.53542498436572,61.83241751924347,60.481570013347635,60.97975540161133,60.97975540161133,2412500
05/11/2019,61.6024896441103,62.73298658236279,61.06598144564134,61.19052505493164,61.19052505493164,2290600
06/11/2019,61.04681895203171,61.075559222173496,59.715132833737464,60.16541290283203,60.16541290283203,1754200
07/11/2019,61.880318881054535,62.36892542400687,60.11751401057569,60.644439697265625,60.644439697265625,2514300
08/11/2019,60.184572474683286,61.324651884549404,59.83009575326094,61.10429763793945,61.10429763793945,1666400
11/11/2019,59.935485344740485,60.903112235239725,59.73429248333934,60.73066329956055,60.73066329956055,1636200
12/11/2019,60.970171300423665,61.98569979422192,60.42408425818723,60.749820709228516,60.749820709228516,2242100
13/11/2019,59.494771879660156,60.41450062190366,58.91994461358777,60.07918167114258,60.07918167114258,2457100
14/11/2019,59.72471342343491,60.836048975060514,59.60974868489796,59.99296569824219,59.99296569824219,1663000
15/11/2019,61.16178825188607,61.24801272340959,60.21331906512741,60.8552131652832,60.8552131652832,1650900
18/11/2019,60.58694747281179,60.6156877387395,59.734281818777056,60.28995132446289,60.28995132446289,1888400
19/11/2019,61.07555440515786,61.71744475211904,60.13666788972437,61.027652740478516,61.027652740478516,2157300
20/11/2019,60.39535105881925,61.58332861603564,58.91995615759126,60.43367385864258,60.43367385864258,2693200
21/11/2019,60.66359435428188,60.74981881376907,58.88162462798848,59.41813278198242,59.41813278198242,2135400
22/11/2019,60.10793478431271,60.33786426403704,59.015756964301,59.9259033203125,59.9259033203125,1779600
25/11/2019,60.8360558413031,64.05509812095916,60.682768287732024,63.81558609008789,63.81558609008789,2953500
26/11/2019,63.9880149037227,64.92689767599073,63.44192793759645,63.91136932373047,63.91136932373047,2296300
27/11/2019,64.71614289248222,65.36761580038082,64.36166251444187,65.23348236083984,65.23348236083984,2159900
29/11/2019,64.71615225993114,65.19517631127238,63.86349003328991,63.940128326416016,63.940128326416016,1585400
02/12/2019,64.42871953293404,64.46704232501689,61.755765087088086,62.043182373046875,62.043182373046875,3531400
03/12/2019,60.48157210054507,61.554584852093,59.65765022439352,61.51626205444336,61.51626205444336,2819400
04/12/2019,62.38808412847928,63.24074620547214,62.14857214484475,62.771297454833984,62.771297454833984,1817800
05/12/2019,63.4706819562329,63.73893423500853,62.36892526041037,62.93417739868164,62.93417739868164,2064800
06/12/2019,64.82153805341606,65.77958615487836,64.73530992343444,65.08020782470703,65.08020782470703,2445700
09/12/2019,65.02272347369333,65.49216496933539,64.60117999472612,64.69698333740234,64.69698333740234,1840600
10/12/2019,64.60117134294345,65.2718019611886,64.0550843225651,64.81194305419922,64.81194305419922,1815600
11/12/2019,65.1568412298801,65.38677068457734,64.05508465757889,64.783203125,64.783203125,1824600
12/12/2019,64.9748079737211,67.7627308578141,64.4095632239107,66.4693603515625,66.4693603515625,3335700
13/12/2019,66.19153452858762,67.44658241148643,64.70656447566196,65.60713195800781,65.60713195800781,2963200
16/12/2019,67.2453942807161,68.18427726689058,66.84300854874341,66.99629974365234,66.99629974365234,2327900
17/12/2019,67.36035329790548,67.973503440049,66.7855259533117,67.96392822265625,67.96392822265625,1626700
18/12/2019,68.41420644696188,68.72078149334135,67.55196184485537,68.4908447265625,68.4908447265625,1869400
19/12/2019,68.66329441379787,69.17105865478516,68.2130107104844,69.17105865478516,69.17105865478516,1738800
20/12/2019,69.80337835346481,70.08121315252917,69.20938595794863,69.4968032836914,69.4968032836914,2468300
23/12/2019,69.89039956410393,70.00559882693932,68.79596262034833,69.97679901123047,69.97679901123047,2358300
24/12/2019,70.10161841583587,70.40882873535156,69.58320695278645,70.40882873535156,70.40882873535156,981800
26/12/2019,70.57202306767017,70.75442434459002,69.99600477185011,70.42801666259766,70.42801666259766,1560600
27/12/2019,70.85046075159383,70.92725784929995,68.79599006738009,69.29520416259766,69.29520416259766,2886600
30/12/2019,69.47760314860088,69.72720649917719,67.70153592455176,68.81517791748047,68.81517791748047,2005000
31/12/2019,68.30636853872012,69.89042489710461,67.85515173047706,69.11279296875,69.11279296875,2443900
02/01/2020,70.33203035866941,70.38002762130817,67.2695222777113,69.20878601074219,69.20878601074219,4127300
03/01/2020,66.69350688945718,68.74797733035331,66.58790265258637,68.29676055908203,68.29676055908203,2437900
06/01/2020,66.76071092578526,68.85358363610855,66.39590093938843,68.6519775390625,68.6519775390625,2427400
07/01/2020,67.99914594200646,68.57516433466523,67.18311927536728,67.95114135742188,67.95114135742188,1820000
08/01/2020,67.95115006645005,69.4008022779399,67.80714361871081,68.6519775390625,68.6519775390625,2971900
09/01/2020,69.52559925898184,69.90001160310659,68.44076443170651,68.786376953125,68.786376953125,2164700
10/01/2020,68.84398091406914,68.93038771207607,67.11592552312405,67.90315246582031,67.90315246582031,2612900
13/01/2020,68.00873553187796,69.35278322300972,66.91429847647069,69.22798156738281,69.22798156738281,2227600
14/01/2020,68.21034713825053,71.25364997067776,68.00873376402154,70.04400634765625,70.04400634765625,3069300
15/01/2020,69.49678973918566,71.71446367178937,69.45838753944513,70.94644165039062,70.94644165039062,2873500
16/01/2020,72.4921052627439,74.14336345392113,72.319299002633,73.7689437866211,73.7689437866211,2709400
17/01/2020,74.72897609409296,74.7769806808766,72.61690611610094,73.06812286376953,73.06812286376953,2173100
21/01/2020,72.22328991591918,72.40569121564181,70.79283539103336,71.25365447998047,71.25365447998047,2430600
22/01/2020,71.92567630804503,72.48249725009099,70.6776377037195,71.10964965820312,71.10964965820312,1780500
23/01/2020,70.57203234358713,71.60886248255514,68.45036015835625,71.08084869384766,71.08084869384766,1910200
24/01/2020,71.6568631392287,71.6568631392287,66.89510029794916,68.22954559326172,68.22954559326172,3346000
27/01/2020,65.14785522935294,67.173525919902,64.63903879205837,66.01188659667969,66.01188659667969,3175000
28/01/2020,67.20231419917397,68.21994689893076,66.7894996904002,67.64392852783203,67.64392852783203,1689100
29/01/2020,67.86475583353325,68.42156957693575,66.44390333696755,66.50150299072266,66.50150299072266,1705300
30/01/2020,65.08064360857117,66.67429471843583,64.03420373884452,66.4534912109375,66.4534912109375,2216500
31/01/2020,65.59905507692369,65.8870605753443,61.710918590247566,62.42134094238281,62.42134094238281,3519600
03/02/2020,63.49659488099384,65.07104873358765,63.41979046758146,64.36062622070312,64.36062622070312,2450700
04/02/2020,66.69348778004515,67.88392654384856,66.52068156235838,67.21190643310547,67.21190643310547,2116100
05/02/2020,69.285592854174,70.60084094780119,68.35435949750465,70.31282806396484,70.31282806396484,2358300
06/02/2020,71.0904500916147,71.3784556111597,69.65999557733231,69.83280181884766,69.83280181884766,2099600
07/02/2020,69.06478161869433,69.12238125924628,66.69349875635758,67.2983169555664,67.2983169555664,2563500
10/02/2020,66.84711721230536,68.45997347751629,66.77032011356042,68.45037841796875,68.45037841796875,1419500
11/02/2020,69.57361364254818,71.00406119265129,68.97839036641426,69.76561737060547,69.76561737060547,2264600
12/02/2020,71.10004194021097,71.44565440764654,70.19761589699193,71.16724395751953,71.16724395751953,1857600
13/02/2020,70.08240868814015,72.26168036567557,69.93840227388687,71.76246643066406,71.76246643066406,2115100
14/02/2020,71.92568144317633,71.99288347032659,70.20722123522374,70.92724609375,70.92724609375,1988600
18/02/2020,70.40882369770067,71.11925346188379,69.08398066291832,70.4664306640625,70.4664306640625,1755600
19/02/2020,71.26327503375734,72.44411189025702,70.84085803821063,71.51287841796875,71.51287841796875,1591500
20/02/2020,70.90804357657464,72.38649539249398,69.20878093041657,72.03128051757812,72.03128051757812,2827900
21/02/2020,71.1192487447028,71.52246086013528,68.84396782281252,69.80400085449219,69.80400085449219,2555600
24/02/2020,63.39099042119423,64.56223208597048,62.28695078679997,63.40059280395508,63.40059280395508,3373500
25/02/2020,64.06301532846881,64.30302361599205,56.35394664290221,56.814762115478516,56.814762115478516,4627800
26/02/2020,57.59238452287529,59.11883722527856,54.43387489616735,54.86589050292969,54.86589050292969,3837700
27/02/2020,51.36177117330749,55.30750782510246,48.740881233278024,49.00968933105469,49.00968933105469,5711500
28/02/2020,44.76634835781606,47.90565730633252,43.91191941073012,47.0416259765625,47.0416259765625,6717000
02/03/2020,47.78085251507135,50.90096039623892,45.371167146763625,50.84335708618164,50.84335708618164,4481800
03/03/2020,50.93935997052477,53.89626015150947,46.01438891333517,47.73284912109375,47.73284912109375,5959400
04/03/2020,49.89292080718959,51.95698975119592,48.15525959769672,51.784183502197266,51.784183502197266,3502900
05/03/2020,48.34727725246983,49.288109440745345,44.85275664966467,46.64801788330078,46.64801788330078,4819900
06/03/2020,42.53907168426303,45.43837233824029,40.7054084500531,43.90231704711914,43.90231704711914,4930800
09/03/2020,35.521233151020795,36.40446205528075,31.047477987138443,31.191484451293945,31.191484451293945,6872700
10/03/2020,34.378781604213486,34.378781604213486,29.52101350987495,34.071571350097656,34.071571350097656,6801300
11/03/2020,31.402678856964805,32.45871736459309,26.304904090019054,27.572147369384766,27.572147369384766,8227800
12/03/2020,21.888754754496695,23.684017523372116,18.42303638089075,18.63424301147461,18.63424301147461,15497000
13/03/2020,21.600744239483312,22.195965553107563,17.28059539158665,22.061559677124023,22.061559677124023,11662100
16/03/2020,17.28059626490974,17.664609149017494,13.776475721859951,13.872478485107422,13.872478485107422,12311600
17/03/2020,13.920481333483778,15.715744214597402,12.00041494265843,15.043720245361328,15.043720245361328,14061800
18/03/2020,12.672436721795444,14.083685633471152,9.7059342998391,11.520397186279297,11.520397186279297,17807900
19/03/2020,11.17478723641122,13.373263318053016,9.792338858938159,12.432430267333984,12.432430267333984,18598300
20/03/2020,13.258057503372584,14.093286189845719,11.136384317426264,11.405193328857422,11.405193328857422,17811000
23/03/2020,11.635603059878749,11.702805095437983,9.686735788629342,10.944378852844238,10.944378852844238,26466000
24/03/2020,12.787640815128553,13.930080736148444,12.37482719773218,13.853278160095215,13.853278160095215,19944000
25/03/2020,14.256491568198497,15.946150004462993,12.92204526076934,14.477298736572266,14.477298736572266,23381700
26/03/2020,15.043720210817446,17.39580226662477,14.918915785833297,17.136592864990234,17.136592864990234,17248500
27/03/2020,15.130123538083971,16.704577409111845,14.506101405187183,15.178125381469727,15.178125381469727,17222800
30/03/2020,15.504534660434052,16.243760608913263,14.506100243327374,16.186159133911133,16.186159133911133,12981000
31/03/2020,16.0325543347086,16.666176067110936,14.890114373690729,15.888547897338867,15.888547897338867,18454100
01/04/2020,13.69967294324204,14.218090786930674,12.24042217400949,12.691637992858887,12.691637992858887,16948600
02/04/2020,12.374826905512801,13.968481694323085,11.942811280966358,13.008448600769043,13.008448600769043,17347100
03/04/2020,12.653237485133198,13.123653519128606,11.184386074489451,11.856410026550293,11.856410026550293,17621400
06/04/2020,13.382863479822742,14.842114500471622,13.373263842876717,14.611706733703613,14.611706733703613,17299900
07/04/2020,16.24376003510271,16.94458375474533,14.525300832261367,14.7365083694458,14.7365083694458,29071500
08/04/2020,15.485333730067206,17.146192452582476,14.976517338191444,16.790979385375977,16.790979385375977,22154400
09/04/2020,18.24063096165923,19.498273952092163,18.077425242968086,19.162261962890625,19.162261962890625,34403700
13/04/2020,18.691843707388948,19.037456207674992,16.992586520257454,17.616607666015625,17.616607666015625,25276300
14/04/2020,19.104659028082676,19.536674671456357,18.00062128860514,18.63424301147461,18.63424301147461,21057800
15/04/2020,16.4165635363825,16.934980368522208,15.840543409802542,16.368560791015625,16.368560791015625,20205500
16/04/2020,16.49337260572224,16.579775750357616,15.005320787875133,15.984554290771484,15.984554290771484,23377800
17/04/2020,17.943016298148745,18.317428561646455,17.261391953369476,18.087020874023438,18.087020874023438,23668900
20/04/2020,17.02138644817731,18.442234998766306,16.74297780095546,17.405399322509766,17.405399322509766,21921800
21/04/2020,16.042151842585266,16.82938050410229,15.65813897789268,16.195758819580078,16.195758819580078,25230100
22/04/2020,17.194195686307566,17.511006591556587,16.60857480677041,16.829383850097656,16.829383850097656,13147000
23/04/2020,17.15579641215063,18.327036415504267,16.963789013710503,17.319002151489258,17.319002151489258,23402500
24/04/2020,17.741410075554164,18.519038153545928,17.136590068233822,18.173425674438477,18.173425674438477,19730300
27/04/2020,18.84544954179645,20.832719659624765,18.78784806669238,20.352703094482422,20.352703094482422,23845500
28/04/2020,22.15756450419235,22.33997131108703,20.30470027557859,21.274333953857422,21.274333953857422,31466200
29/04/2020,23.319203483381017,24.98966075774872,22.541575400480586,24.25043487548828,24.25043487548828,30897300
30/04/2020,22.40717883654072,22.93519645368757,21.475947133731758,21.571949005126953,21.571949005126953,26163500
01/05/2020,19.978289244766636,20.12229385036535,18.05822295380271,19.008655548095703,19.008655548095703,24249300
04/05/2020,18.26942633903072,19.30626177467802,17.655004051564518,19.171855926513672,19.171855926513672,18152600
05/05/2020,20.30469805201154,21.159128686875064,19.402266498488142,19.623075485229492,19.623075485229492,27468500
06/05/2020,20.035892057796577,20.381502736486823,18.951053604729065,19.181461334228516,19.181461334228516,20790100
07/05/2020,19.987890594613006,20.4871082896792,19.594277135727197,20.02629280090332,20.02629280090332,22169200
08/05/2020,21.255130917645605,22.407171297984462,20.832717698490036,22.30156707763672,22.30156707763672,27406000
11/05/2020,21.3607388900481,22.637582984163558,20.80391970233876,21.965559005737305,21.965559005737305,28597100
12/05/2020,22.291969265000276,22.311170367624655,19.58467605297261,19.61347770690918,19.61347770690918,24931000
13/05/2020,19.0662578597381,19.21986300850572,16.627772918596,17.616607666015625,17.616607666015625,32853000
14/05/2020,16.464567467768497,17.904617132549145,15.293327732949328,17.88541603088379,17.88541603088379,39014800
15/05/2020,17.31899809573644,18.864650149858345,17.09818908990374,18.68224334716797,18.68224334716797,24740600
18/05/2020,21.26473330062061,22.359172305609306,21.216732376934925,22.0711612701416,22.0711612701416,30621600
19/05/2020,21.869557152210024,22.435976891801943,20.775118049190738,20.79431915283203,20.79431915283203,30148400
20/05/2020,22.0327616548303,23.107997763742784,21.88875521658705,22.627981185913086,22.627981185913086,30007800
21/05/2020,22.704777774711037,23.17519367713584,21.936752185265938,22.819982528686523,22.819982528686523,34602200
22/05/2020,23.002391483858794,23.17519772947967,22.157563187745104,23.069595336914062,23.069595336914062,22622600
26/05/2020,25.748085688864556,25.901690827874578,24.92245669334741,25.028060913085938,25.028060913085938,27265200
27/05/2020,26.554516356315716,27.629754272750237,24.298438123801752,27.428146362304688,27.428146362304688,33775900
28/05/2020,28.30177362593091,28.320974726230503,25.047262200975986,25.50807762145996,25.50807762145996,30945200
29/05/2020,24.720854987701927,25.23927379647776,23.674418649500055,24.980064392089844,24.980064392089844,31377300
01/06/2020,25.239274479000347,26.52571732172377,24.855259722359012,25.767292022705078,25.767292022705078,21827500
02/06/2020,26.22810472205627,26.64091925941526,25.37367582545977,26.36250877380371,26.36250877380371,26011500
03/06/2020,27.61055492667815,28.97380213774834,27.332144421002504,28.2249755859375,28.2249755859375,21665500
04/06/2020,27.71615581909561,28.752991472019108,27.341741672819225,28.15777015686035,28.15777015686035,28118500
05/06/2020,31.882701944254052,32.6507277778578,31.06667518271932,31.421886444091797,31.421886444091797,28063900
08/06/2020,32.77552888431412,33.43795405575144,32.35311564598432,33.22674560546875,33.22674560546875,20820700
09/06/2020,31.834700239649703,32.41071868524035,30.65385986262371,31.450685501098633,31.450685501098633,24298100
10/06/2020,31.287477153542035,31.45068101368679,28.695387193753984,28.839393615722656,28.839393615722656,37252600
11/06/2020,25.287270417713902,25.805687307083996,22.1191621184586,22.30156707763672,22.30156707763672,49142500
12/06/2020,24.864857177386035,25.20086913203676,21.831152696933135,23.87602424621582,23.87602424621582,43344300
15/06/2020,21.552744510483045,26.036099302811397,21.523942857367867,25.56568145751953,25.56568145751953,36273000
16/06/2020,28.570588544376157,28.608988920588118,25.50808209229456,27.341745376586914,27.341745376586914,39930800
17/06/2020,27.466548992524846,27.66815507497864,25.604084169824407,25.85369300842285,25.85369300842285,25112200
18/06/2020,25.076064080428402,26.698518617088908,24.788053066657422,25.882490158081055,25.882490158081055,18068200
19/06/2020,27.255340680658698,27.34174381108598,24.807256868200202,25.412076950073242,25.412076950073242,24696600
22/06/2020,25.056860114333308,26.26650183914857,24.279233945208322,26.208898544311523,26.208898544311523,18446000
23/06/2020,27.18949346425237,27.410391487149973,26.325115710543926,26.517200469970703,26.517200469970703,16630800
24/06/2020,25.460740110893813,25.720054008501922,22.819584520533745,23.895254135131836,23.895254135131836,34646700
25/06/2020,23.549502161498335,25.057361481097495,22.896416176278205,24.999736785888672,24.999736785888672,25789300
26/06/2020,24.509924091565484,24.66359117794439,22.896417852730817,23.011667251586914,23.011667251586914,28481600
29/06/2020,24.0008961162465,25.67202673374915,23.18453873164169,25.345483779907227,25.345483779907227,30744300
30/06/2020,24.999738001051718,26.594035356886195,24.970924736118764,26.305908203125,26.305908203125,25972400
01/07/2020,26.61324051334154,27.103054991924367,25.297465981335126,25.575986862182617,25.575986862182617,30886000
02/07/2020,27.112661373454706,27.458413226128158,25.65282225311805,25.931344985961914,25.931344985961914,24705000
06/07/2020,27.496825435220124,27.612076648115803,26.200259823315044,26.440364837646484,26.440364837646484,23087900
07/07/2020,25.796884465913838,26.469177436636596,24.855671375932438,25.028547286987305,25.028547286987305,22787900
08/07/2020,25.018941468867627,25.912132404862735,24.11614794444441,25.59519386291504,25.59519386291504,23364000
09/07/2020,25.662424855445472,25.82569634853765,23.078896060792058,24.039316177368164,24.039316177368164,32572500
10/07/2020,24.087339221159343,25.307073349159328,23.74158735322708,25.211030960083008,25.211030960083008,25025400
13/07/2020,26.02738922259983,26.987809475597196,24.20259110827609,24.29863166809082,24.29863166809082,27336100
14/07/2020,24.212188177737193,25.518360010165022,23.808813522040666,25.460735321044922,25.460735321044922,29287100
15/07/2020,27.362373506368623,28.668545670927692,27.055039310438563,28.245960235595703,28.245960235595703,31124100
16/07/2020,27.746535267701613,28.053869397354635,27.035824634915024,27.73693084716797,27.73693084716797,24007600
17/07/2020,28.034664944571688,28.572499720508617,27.41039220780574,27.986642837524414,27.986642837524414,19582800
20/07/2020,27.80416246462821,28.16912129447054,27.18949235857214,27.612077713012695,27.612077713012695,19148400
21/07/2020,28.514877054057433,29.456088436921707,28.332396697998046,28.812606811523438,28.812606811523438,24080800
22/07/2020,28.265166723709417,29.187169234611734,28.245957880101578,28.860626220703125,28.860626220703125,15480600
23/07/2020,28.793395579056543,30.089963144401995,28.015455772591697,28.995084762573242,28.995084762573242,26589600
24/07/2020,28.390015585182127,28.610913584380498,27.37197086589649,27.631284713745117,27.631284713745117,21252800
27/07/2020,27.76574330407963,28.582100707221258,27.295137702705247,28.51487159729004,28.51487159729004,16560300
28/07/2020,28.236350670132282,28.774185415050773,27.64089123193652,27.708120346069336,27.708120346069336,13780000
29/07/2020,28.18833553079242,29.55213239907444,28.159522262978914,29.465694427490234,29.465694427490234,12056400
30/07/2020,28.22675260132123,29.360048871324278,27.736938018598405,29.19677734375,29.19677734375,15355900
31/07/2020,28.822209132473077,28.956667368264174,26.757306161216892,28.341999053955078,28.341999053955078,24646200
03/08/2020,28.82220599836266,29.821041900502085,28.245953600431204,29.753812789916992,29.753812789916992,15494200
04/08/2020,29.513709173730053,30.406900158022555,29.283208570018434,30.291650772094727,30.291650772094727,16712700
05/08/2020,31.213657586393182,32.17407781982067,30.915925995094184,32.07803726196289,32.07803726196289,13376700
06/08/2020,32.14526638520582,32.52943228034935,31.57861830093511,32.07803726196289,32.07803726196289,14833100
07/08/2020,31.86674517523562,33.653127481766525,31.713078077023965,33.59550094604492,33.59550094604492,20159300
10/08/2020,33.94124224031883,35.31464310483883,33.931639652551716,34.69036865234375,34.69036865234375,18303800
11/08/2020,35.6603951348535,35.99654066474071,33.576281858418355,34.05649185180664,34.05649185180664,17941900
12/08/2020,35.19939910993592,35.343459930717366,33.80678919344306,34.47908401489258,34.47908401489258,18347300
13/08/2020,34.12372529263618,35.11296049600576,33.90282910726176,34.24858093261719,34.24858093261719,11636700
14/08/2020,33.66272480037682,34.60393608747765,33.38420208357938,34.16214370727539,34.16214370727539,11508500
17/08/2020,34.4694696938183,34.78641002003421,33.96044831818675,34.680763244628906,34.680763244628906,6888400
18/08/2020,34.66155070563861,34.69036212723211,33.2785475134886,33.6915283203125,33.6915283203125,11661300
19/08/2020,34.10451031967928,34.76720242037908,33.58588633859368,33.72034454345703,33.72034454345703,10115200
20/08/2020,32.683094573431774,33.75876771483998,32.52942750518944,33.268951416015625,33.268951416015625,8794800
21/08/2020,32.90398994950993,33.22093033083851,31.914758450899768,32.56784439086914,32.56784439086914,14286100
24/08/2020,33.33618410676842,33.59549799920087,32.38537016489505,33.54747772216797,33.54747772216797,13187200
25/08/2020,33.96046092563354,34.00848120581445,32.6638913784738,33.68193817138672,33.68193817138672,14788400
26/08/2020,33.739549413172114,33.9220278606351,32.913587779067576,33.00962829589844,33.00962829589844,12019400
27/08/2020,33.48024500874079,34.03728675722728,32.55824259928681,33.268951416015625,33.268951416015625,15702900
28/08/2020,33.80678719874155,34.162141598823254,33.23053295848038,34.104515075683594,34.104515075683594,10810600
31/08/2020,34.16214160386132,34.28699723882642,32.94240767506389,32.96161651611328,32.96161651611328,11405300
01/09/2020,32.942408760508265,34.210163001845444,32.394969595554116,34.133331298828125,34.133331298828125,9308600
02/09/2020,34.584723507523414,35.29543593845328,33.50905410476219,34.949684143066406,34.949684143066406,10235600
03/09/2020,34.728793948763844,34.84404334580708,31.328905594434023,31.914762496948242,31.914762496948242,19057500
04/09/2020,32.971225155376935,33.16330625235248,29.062313647932857,31.24246597290039,31.24246597290039,16518100
08/09/2020,30.2532259969317,31.059978836731652,28.947054383568815,29.456077575683594,29.456077575683594,13816600
09/09/2020,30.378089908245443,31.16563600551535,29.888277221692896,30.752655029296875,30.752655029296875,9604800
10/09/2020,31.21365324153289,31.837927771848317,29.53291806698881,29.5809383392334,29.5809383392334,12940900
11/09/2020,30.061144972394995,30.12837591049439,28.130702403363333,29.004684448242188,29.004684448242188,11676500
14/09/2020,29.840253448191262,31.46336216539193,29.696190793603563,31.24246597290039,31.24246597290039,8412900
15/09/2020,32.03961415761372,32.26051033431802,31.136816946017575,31.444154739379883,31.444154739379883,7912300
16/09/2020,31.9051563315167,33.58589147686515,31.732280423469625,32.36615753173828,32.36615753173828,8251800
17/09/2020,30.992759402881394,32.078035223528886,30.426111354618953,31.645845413208008,31.645845413208008,12537600
18/09/2020,31.799510801721983,32.596657597252815,30.070753484307247,31.367321014404297,31.367321014404297,12844700
21/09/2020,29.283207870799593,29.513708469007366,27.13186712233782,28.130704879760742,28.130704879760742,22497400
22/09/2020,28.534079186016584,28.879830994812647,27.34315852798735,28.745372772216797,28.745372772216797,12200600
23/09/2020,28.706960488507065,29.292817423164347,26.133033943145133,26.19066047668457,26.19066047668457,14438800
24/09/2020,26.171446900792773,27.516034632077,25.105380037172097,26.200260162353516,26.200260162353516,17468500
25/09/2020,25.844904233842087,27.68891086268488,25.777675121267265,27.458410263061523,27.458410263061523,11538000
28/09/2020,28.543683695484557,29.715397348122746,28.45724574301597,29.532917022705078,29.532917022705078,12404200
29/09/2020,29.417665627781478,29.6385636337619,28.303578504881507,29.100727081298828,29.100727081298828,14650700
30/09/2020,29.398461309117703,30.618193504561894,28.601312659751414,29.388856887817383,29.388856887817383,15177000
01/10/2020,29.91708763216062,30.762256567354473,29.18716809038334,30.723840713500977,30.723840713500977,12599900
02/10/2020,29.071917965069613,31.578615106974052,28.831812930997724,31.165634155273438,31.165634155273438,16678600
05/10/2020,32.13566377361653,33.874025912091795,32.13566377361653,33.72996139526367,33.72996139526367,9126400
06/10/2020,34.65195308488525,36.27506145944844,33.2689460308562,33.403404235839844,33.403404235839844,15936900
07/10/2020,34.69997462722997,35.96772869764913,34.63274552226164,35.64118576049805,35.64118576049805,10625400
08/10/2020,36.774479042708265,37.12023079471115,36.00614385143029,36.85131072998047,36.85131072998047,10775900
09/10/2020,37.859758294516524,38.09986331768432,36.803297658062974,37.408363342285156,37.408363342285156,13639400
12/10/2020,37.92699578914602,38.47443501696456,37.341138873551216,38.147891998291016,38.147891998291016,9073100
13/10/2020,37.30271740727822,37.75411603364502,36.57279973202636,37.36034393310547,37.36034393310547,10611200
14/10/2020,37.64847233590333,38.224722986793324,36.198235791347585,36.30388259887695,36.30388259887695,9289300
15/10/2020,35.103351927933055,37.706089371773025,34.74799753696112,37.42757034301758,37.42757034301758,10013400
16/10/2020,37.72531092820057,38.05185400026335,37.10103988647461,37.10103988647461,37.10103988647461,8876400
19/10/2020,37.533216627728784,38.272736828668734,35.545143789889515,35.7756462097168,35.7756462097168,9773900
20/10/2020,36.52477419150716,37.15865129292531,35.75643886610817,35.996543884277344,35.996543884277344,8169500
21/10/2020,36.121395248457404,36.42872934227685,35.05532850764745,35.093746185302734,35.093746185302734,6779500
22/10/2020,35.59316217604946,36.93774781376341,34.96888778673546,36.899330139160156,36.899330139160156,9288100
23/10/2020,37.56202981372359,37.715696879560824,36.332693287025776,37.53321838378906,37.53321838378906,7614400
26/10/2020,36.10219526127418,36.38071799699691,33.653124497806196,35.12256622314453,35.12256622314453,11864300
27/10/2020,35.05533296910095,35.43950246712379,34.06610145770316,34.21976852416992,34.21976852416992,6035200
28/10/2020,31.981988529250525,32.44298973662482,30.91592163432352,31.059986114501953,31.059986114501953,12723500
29/10/2020,30.74305111330372,32.54864223985033,30.070758025984,32.145267486572266,32.145267486572266,10976800
30/10/2020,31.665054299071056,32.241304937802425,29.849858925127705,30.915924072265625,30.915924072265625,13354100
02/11/2020,31.866732512375016,32.567838598349724,31.232855526171097,32.54862976074219,32.54862976074219,9704500
03/11/2020,34.18135249512204,35.90050540318356,33.922038620969296,35.26662826538086,35.26662826538086,11342100
04/11/2020,33.77797896368109,36.65923975886987,33.65312696709596,35.37228012084961,35.37228012084961,14491500
05/11/2020,36.47675710787919,38.79136953872761,36.399925400481806,38.407203674316406,38.407203674316406,10077200
06/11/2020,38.897015668185425,38.90661825755166,37.23548926570839,37.389156341552734,37.389156341552734,8547500
09/11/2020,45.73521123594121,46.58038208098203,41.38450867994057,41.595802307128906,41.595802307128906,14504400
10/11/2020,42.78671158934819,44.30417699481875,41.69183334171078,43.82396697998047,43.82396697998047,11127300
11/11/2020,44.37140424212997,44.43863334828969,42.4505642633686,43.84317398071289,43.84317398071289,8357200
12/11/2020,42.84434624095536,43.26692981527368,40.52973367672208,41.73025894165039,41.73025894165039,12581300
13/11/2020,42.73870169578461,44.80360672634687,42.72909910518987,44.34260177612305,44.34260177612305,9867700
16/11/2020,46.638007211613434,47.62723886602648,45.821647826220115,47.47357177734375,47.47357177734375,10717900
17/11/2020,46.27303902279741,48.45319300989862,44.84201151397606,48.22269058227539,48.22269058227539,10361000
18/11/2020,48.56844499526805,49.19271953643877,46.08095674714027,46.18660354614258,46.18660354614258,10582400
19/11/2020,45.975305803734855,47.415935848530374,45.456681772029334,47.17583084106445,47.17583084106445,9720400
20/11/2020,46.68601863968965,47.69445894698374,46.03293272066436,47.29108428955078,47.29108428955078,6106800
23/11/2020,48.741318271302674,50.9310748458818,48.357148780034294,50.07630157470703,50.07630157470703,9118300
24/11/2020,52.18923055064962,53.85075695309278,51.3152483698567,52.79429626464844,52.79429626464844,9468900
25/11/2020,52.24685766576606,52.698252645289834,50.8254326186035,52.27566909790039,52.27566909790039,8252400
27/11/2020,52.400519763558094,53.0247906039858,51.977932592616256,52.95756149291992,52.95756149291992,4568300
30/11/2020,52.47735056771726,52.89033147933875,49.44242337813177,50.009071350097656,50.009071350097656,8412300
01/12/2020,52.112402101109794,52.65984502418558,50.671771699898684,51.34406661987305,51.34406661987305,10797800
02/12/2020,50.80623686451228,52.09320025179229,49.79779258819272,51.54575729370117,51.54575729370117,7433200
03/12/2020,52.02595634932282,53.53381931435195,51.641790498017784,52.448543548583984,52.448543548583984,7258000
04/12/2020,53.38975256087436,56.309430492504674,53.38975256087436,56.09813690185547,56.09813690185547,7859800
07/12/2020,56.136545379914025,56.780024971437065,55.425833022989586,56.23258590698242,56.23258590698242,7171900
08/12/2020,55.15693389240124,58.56642496320272,55.1281224579987,58.412757873535156,58.412757873535156,6956700
09/12/2020,59.53643742101659,60.266355009093644,55.80040054293516,57.1353874206543,57.1353874206543,12993800
10/12/2020,55.70437136280293,59.14267742274405,55.2625789519751,58.82573699951172,58.82573699951172,6933100
11/12/2020,57.65401904189978,59.238713716672855,56.06932803083873,57.884521484375,57.884521484375,9365200
14/12/2020,59.891804263914985,61.00589154947291,58.11502469551788,58.1534423828125,58.1534423828125,9739800
15/12/2020,59.834157610975375,62.58096270940402,58.8545288966817,62.4657096862793,62.4657096862793,8403600
16/12/2020,62.91711612474964,63.00355040741218,60.842605411771665,61.87025451660156,61.87025451660156,7644300
17/12/2020,62.542556688665606,64.0888335651202,61.889470757446134,64.04080963134766,64.04080963134766,6572800
18/12/2020,64.31934835045735,65.50066121035172,62.542572269586906,63.166839599609375,63.166839599609375,8149700
21/12/2020,59.80536117999788,63.49337457920339,59.344359963061194,63.01316452026367,63.01316452026367,11788400
22/12/2020,63.723969747784345,65.3569369810753,63.099607467375876,65.09757995605469,65.09757995605469,7400300
23/12/2020,66.18302631043804,67.24925559886421,65.5586566858175,66.8073959350586,66.8073959350586,5261100
24/12/2020,67.50862573113866,67.55665699700613,65.69315527519093,66.63451385498047,66.63451385498047,4945600
28/12/2020,68.73812401366192,68.77654754616592,65.75076215046636,65.8468246459961,65.8468246459961,8119600
29/12/2020,66.28869042590223,66.56725556599122,61.08241854531011,62.023773193359375,62.023773193359375,9011500
30/12/2020,62.67696406798108,64.95350930918474,62.61933242316657,63.992942810058594,63.992942810058594,5434500
31/12/2020,64.1082091391293,64.32914266896097,62.17747566089689,63.70477294921875,63.70477294921875,5155300
04/01/2021,64.9439110806554,65.34734731038154,58.61377677999623,61.0632209777832,61.0632209777832,11571300
05/01/2021,60.66938537625723,64.94390741336383,60.659781322684104,63.87767791748047,63.87767791748047,6537400
06/01/2021,66.73056844959858,73.93481855148052,66.49042677953584,71.71591186523438,71.71591186523438,14640900
07/01/2021,73.07029063231033,75.96159774129669,73.01265898959622,75.5773696899414,75.5773696899414,6400000
08/01/2021,76.83571866253784,77.30640156316717,71.7639282940029,75.02024841308594,75.02024841308594,8773800
11/01/2021,72.32105974548567,75.51014054459161,71.96564746741205,74.9241943359375,74.9241943359375,5250000
12/01/2021,75.92317721999527,79.05462606943432,75.86554557499126,78.87211608886719,78.87211608886719,6261500
13/01/2021,79.20830780694548,79.47726523772833,76.62438173677818,77.23915100097656,77.23915100097656,5098100
14/01/2021,78.82409759536964,83.01216880973725,78.76646594103403,81.84988403320312,81.84988403320312,5910100
15/01/2021,78.27657007538777,80.02480099186484,75.33723862852474,78.22854614257812,78.22854614257812,9921100
19/01/2021,81.04300888161501,81.35999029853346,79.26595476051232,81.18708801269531,81.18708801269531,5465400
20/01/2021,82.20527498781688,84.05916844912753,80.75481765917526,82.27251434326172,82.27251434326172,5915100
21/01/2021,82.74318958687343,83.0889940791508,79.43883880668535,80.15926361083984,80.15926361083984,5918200
22/01/2021,77.82510814435325,83.23310317042584,77.23916921967744,82.88729858398438,82.88729858398438,7645100
25/01/2021,82.8008139460824,86.21082731734874,78.92973284467752,82.60870361328125,82.60870361328125,8759100
26/01/2021,84.33773432941967,84.76037856941922,80.30335098159381,80.86048126220703,80.86048126220703,6291100
27/01/2021,76.68202973757454,80.53389634120381,74.08849564556623,76.52833557128906,76.52833557128906,9483700
28/01/2021,78.06525101919516,79.65979522896667,74.53036533640153,75.69265747070312,75.69265747070312,7014200
29/01/2021,76.82612478868276,78.17091225155274,71.49497688751238,72.30184936523438,72.30184936523438,10219100
01/02/2021,74.95300904746271,78.57434915720664,72.47474551278712,77.6521987915039,77.6521987915039,6108300
02/02/2021,80.34177222432804,81.35036986462902,77.90193271579095,80.87008666992188,80.87008666992188,5941900
03/02/2021,81.05260810920085,82.16686889719087,78.6415911888302,81.59053039550781,81.59053039550781,6313200
04/02/2021,82.56068702515933,86.82560459318005,82.54147891988443,86.65270233154297,86.65270233154297,4851200
05/02/2021,89.30387288861765,90.42773398776261,86.78718590167064,90.24522399902344,90.24522399902344,6909100
08/02/2021,92.78110994696902,97.09405858676858,92.21437925880701,96.98839569091797,96.98839569091797,4658900
09/02/2021,96.99801174127161,100.06221399858777,95.81651168094847,98.51570129394531,98.51570129394531,4378700
10/02/2021,100.46564979619762,100.98435660151894,94.05867280369748,96.52732849121094,96.52732849121094,8561500
11/02/2021,98.11227478754975,99.20732015707384,92.13754918943734,96.18153381347656,96.18153381347656,6327700
12/02/2021,95.29780378918394,97.59355719098629,93.65523591562709,96.95958709716797,96.95958709716797,4128100
16/02/2021,99.7260200450753,99.9949775095218,93.86656549014087,95.0768814086914,95.0768814086914,5337100
17/02/2021,92.43532346441661,93.77051039900417,89.04451734536701,92.96363067626953,92.96363067626953,6214100
18/02/2021,90.78313691342265,91.18657306211503,87.12337376874068,88.506591796875,88.506591796875,5693900
19/02/2021,90.8984201215057,95.44190363406759,90.5334074300892,94.05868530273438,94.05868530273438,6473800
22/02/2021,92.07029613306875,95.61478880829553,91.35947898607115,92.3200454711914,92.3200454711914,5475100
23/02/2021,89.04448699465122,91.30182350825093,82.21486048199989,89.84175872802734,89.84175872802734,8468400
24/02/2021,90.77354774301776,96.7002421701404,89.8129811002345,96.26799011230469,96.26799011230469,6950900
25/02/2021,95.92217779788122,96.9019524699366,84.74118356398627,85.43279266357422,85.43279266357422,10324800
26/02/2021,86.5854625954126,89.7169113965978,81.08142072611919,85.15422058105469,85.15422058105469,7647200
01/03/2021,91.14814403809793,94.95198605795176,90.60062148967668,94.3180160522461,94.3180160522461,6241100
02/03/2021,93.90498233164614,94.12590852087446,88.61225890750971,88.76595306396484,88.76595306396484,6921300
03/03/2021,89.59203367873407,92.21438343214358,85.80740667544755,85.85543060302734,85.85543060302734,8202700
04/03/2021,84.92369825955326,87.51722519809478,74.29982647550135,78.83370208740234,78.83370208740234,12696700
05/03/2021,82.76240793171742,84.17443444158158,72.06169105515018,83.57888793945312,83.57888793945312,11634600
08/03/2021,85.55765867127218,88.91003373599573,83.57889400768524,84.96210479736328,84.96210479736328,10139800
09/03/2021,89.17899485726119,92.12794119695982,87.39234781906423,90.09153747558594,90.09153747558594,6003100
10/03/2021,92.92521264608386,97.02683621213858,92.45453705488703,94.96161651611328,94.96161651611328,9266700
11/03/2021,97.85290471142213,101.22448759897198,96.93076181946951,101.07080078125,101.07080078125,5543100
12/03/2021,100.85948939879522,103.6835574470947,100.07182510806057,103.3089370727539,103.3089370727539,7432000
15/03/2021,102.60769781986944,104.1638179543343,100.80183570947811,104.13500213623047,104.13500213623047,5429000
16/03/2021,103.35695516786961,103.56828097295833,97.01721765791224,98.86150360107422,98.86150360107422,7668100
17/03/2021,96.85392281893041,101.82004990943712,94.81751918246697,101.28213500976562,101.28213500976562,6869100
18/03/2021,99.17848007753871,101.95451636703359,91.16735987759458,92.07989501953125,92.07989501953125,7972600
19/03/2021,91.25382424762834,96.05665710276668,89.1886046542106,94.00104522705078,94.00104522705078,6239500
22/03/2021,94.96160797559192,95.45149895908804,90.50457985171546,91.96463775634766,91.96463775634766,4334300
23/03/2021,89.36150457560714,90.17798467375947,80.68758984033744,82.0419921875,82.0419921875,8621600
24/03/2021,85.08700020252284,86.71035294512225,76.24018175855409,76.29781341552734,76.29781341552734,8238000
25/03/2021,73.65624503442132,82.53187810774826,72.29224226102532,81.6961898803711,81.6961898803711,10668900
26/03/2021,84.13601382942092,86.14360156828442,80.79324660827545,86.04754638671875,86.04754638671875,11528800
29/03/2021,84.14561556434946,86.39334476160964,78.43024838927187,78.84329223632812,78.84329223632812,10551500
30/03/2021,78.70883325660392,83.48285065604405,77.3832465958974,82.77202606201172,82.77202606201172,7085800
31/03/2021,84.0111517523581,87.69012349268218,84.0111517523581,85.98031616210938,85.98031616210938,12521000
01/04/2021,87.75736486040344,89.42874868666236,87.325112823307,89.39993286132812,89.39993286132812,12760700
05/04/2021,92.44492969914381,93.73209278415968,89.15018589076529,90.70630645751953,90.70630645751953,9170900
06/04/2021,90.82157699518794,92.85797354252246,89.44796643328696,90.0339126586914,90.0339126586914,6834800
07/04/2021,89.83218922291485,90.07233088364912,84.76039852077392,85.55767059326172,85.55767059326172,9311500
08/04/2021,86.93127263724375,88.09355728147699,84.1360204634735,87.79578399658203,87.79578399658203,10749800
09/04/2021,87.62288782613928,88.37212861355712,86.23006183673539,87.86302947998047,87.86302947998047,6933800
12/04/2021,87.87263359944201,88.20883043534293,85.2214677976179,86.80640411376953,86.80640411376953,6598700
13/04/2021,86.41256787063566,87.78617836067134,83.40599714088376,86.13400268554688,86.13400268554688,6195700
14/04/2021,86.96008937525649,91.75331445055575,86.84482607849385,88.67950439453125,88.67950439453125,8624800
15/04/2021,90.80236545277711,90.80236545277711,87.42117402461996,89.80337524414062,89.80337524414062,6830900
16/04/2021,91.03287673276378,91.40750438019494,88.2760557875171,90.32205963134766,90.32205963134766,6494500
19/04/2021,89.05411505476671,89.75533179061736,84.57787919077944,86.75836181640625,86.75836181640625,7468200
20/04/2021,85.59607782435799,86.37413431171117,79.11225422030677,81.5809097290039,81.5809097290039,10850500
21/04/2021,81.13906240957769,87.41156117637036,79.486886674117,87.31550598144531,87.31550598144531,6928700
22/04/2021,88.20883079488794,90.6582711766142,85.3079156194811,86.34532928466797,86.34532928466797,9935900
23/04/2021,87.70932052758538,92.14714018121377,86.76796950709902,90.98485565185547,90.98485565185547,8558100
26/04/2021,92.65623363258783,94.66382121006876,92.34885267916252,93.88575744628906,93.88575744628906,6670700
27/04/2021,94.80788705825599,95.55713489803769,93.22295858995285,94.49090576171875,94.49090576171875,7254400
28/04/2021,93.933795036002,95.69163341727257,92.72347924398318,94.93278503417969,94.93278503417969,5876800
29/04/2021,97.20933250748519,97.28617959079271,91.13855216847408,93.91458892822266,93.91458892822266,10461700
30/04/2021,91.0424832196349,93.55916985355788,89.08292686268223,90.08191680908203,90.08191680908203,6730500
03/05/2021,92.64664281804754,92.94442343839016,90.01469246616631,91.36909484863281,91.36909484863281,4717300
04/05/2021,89.59203760760025,89.95705758162573,85.24067237114272,88.0455322265625,88.0455322265625,8312200
05/05/2021,89.09254219503482,89.47677025781051,85.74976757598934,86.98889923095703,86.98889923095703,5718700
06/05/2021,87.26746328104805,87.42115743561583,82.5799014948409,87.39234161376953,87.39234161376953,6195400
07/05/2021,87.21942210133658,91.05207954811195,86.6718996089401,90.49494934082031,90.49494934082031,5524500
10/05/2021,90.26444888083788,90.79275613891703,83.51166653324765,83.59811401367188,83.59811401367188,9518800
11/05/2021,78.19972329202878,84.34734310854388,77.60416941606724,82.84886169433594,82.84886169433594,11611000
12/05/2021,80.6587623958443,82.5126558551277,74.38626492856311,74.79930877685547,74.79930877685547,13539800
13/05/2021,76.24975854718177,80.62033861885763,74.64561441059536,78.84329223632812,78.84329223632812,10957100
14/05/2021,81.23512029541561,84.94290810496761,80.08244326104935,84.549072265625,84.549072265625,7031200
17/05/2021,83.09859838059961,84.99091529432143,80.98534797812447,84.9524917602539,84.9524917602539,5342100
18/05/2021,85.02934722116962,87.0849663668827,82.80083313299531,83.02176666259766,83.02176666259766,4821300
19/05/2021,78.99697342827433,81.26391056773632,76.6916127559439,81.0718002319336,81.0718002319336,8049600
20/05/2021,81.3983988783958,83.1850530607437,79.27554790443199,82.65674591064453,82.65674591064453,6752600
21/05/2021,84.77959475524415,85.97069507071303,82.79122254786759,83.3387451171875,83.3387451171875,5968400
24/05/2021,84.65472110698417,86.14360207998844,83.31953428823043,84.9428939819336,84.9428939819336,5045100
25/05/2021,85.88425216756403,87.565243501165,82.37818306320244,82.49344635009766,82.49344635009766,6880900
26/05/2021,83.40599578714237,87.41155656541075,83.40599578714237,87.18102264404297,87.18102264404297,5458600
27/05/2021,88.97728732793242,90.54301567840571,88.00712027515235,89.80337524414062,89.80337524414062,5429200
28/05/2021,91.44594450312468,91.50358348701728,88.99650387968188,89.70732116699219,89.70732116699219,5294200
01/06/2021,91.70528965663046,93.15574719841916,90.09153756027077,92.7234878540039,92.7234878540039,5293500
02/06/2021,93.53034876292818,93.55916458105445,91.0809016226403,92.98282623291016,92.98282623291016,6739800
03/06/2021,91.06169343306233,92.00304435747265,87.65167993961222,90.56219482421875,90.56219482421875,9216500
04/06/2021,91.82053253554412,92.51214146999281,90.33165911194888,91.73408508300781,91.73408508300781,5410100
07/06/2021,92.27201232553892,95.76847367347644,92.27201232553892,95.45149230957031,95.45149230957031,6105100
08/06/2021,96.2487681079353,99.1400755574164,94.81752595984072,98.46768188476562,98.46768188476562,6858900
09/06/2021,99.21689686021155,99.36098327506377,96.00860151509056,96.51770782470703,96.51770782470703,6085500
10/06/2021,97.23815375130212,97.93936321922985,93.61681380334178,94.44290161132812,94.44290161132812,7583500
11/06/2021,95.48993022945419,97.391848013503,95.25938896647607,97.38224029541016,97.38224029541016,4248600
14/06/2021,97.9681577028782,99.33216745780122,95.33620801716614,96.51770782470703,96.51770782470703,4487000
15/06/2021,96.48889437330365,96.97878530160558,93.27099831814748,95.68202209472656,95.68202209472656,4055300
16/06/2021,94.68303380130747,96.00861285168405,92.23358644520994,94.97120666503906,94.97120666503906,9012600
17/06/2021,94.2123664423238,95.41307459744557,88.37212021696172,91.75331115722656,91.75331115722656,9239000
18/06/2021,87.54603854316785,89.90903147829685,84.34735003534847,85.42318725585938,85.42318725585938,8683900
21/06/2021,87.59404806658911,91.68605545341816,86.81598433732864,91.02326965332031,91.02326965332031,6166900
22/06/2021,90.3508775138371,92.80032488114921,88.4105365185871,92.39688873291016,92.39688873291016,5801900
23/06/2021,92.30083747127648,94.69265348840848,92.30083747127648,93.2998275756836,93.2998275756836,3661200
24/06/2021,94.86555070127376,97.0556411743164,94.15472620641256,97.0556411743164,97.0556411743164,4089900
25/06/2021,97.48789660957245,98.96716996844175,96.90195043078198,96.94998168945312,96.94998168945312,7071600
28/06/2021,97.48789396755923,97.9297536869026,93.1941604547878,95.30741119384766,95.30741119384766,5866000
29/06/2021,96.18153048253731,96.87313960324123,93.2421990480872,93.99143981933594,93.99143981933594,4654200
30/06/2021,93.05967960667682,95.11529132431797,92.00305792550795,94.02985382080078,94.02985382080078,5513000
01/07/2021,95.70123232770466,96.9883951755266,94.39486137553031,96.46968841552734,96.46968841552734,5730400
02/07/2021,97.08445621296705,97.16130329209476,92.89638567153752,93.56878662109375,93.56878662109375,7435800
06/07/2021,93.75128406072955,93.93379403137502,87.19061344792934,89.66887664794922,89.66887664794922,7106400
07/07/2021,89.25582583533394,90.56219669204425,84.78919072441553,87.12336730957031,87.12336730957031,8351900
08/07/2021,81.94592907362659,87.4307631303301,80.20730598366474,84.79881286621094,84.79881286621094,9642400
09/07/2021,87.42115770173217,90.10113906970531,86.58546222294248,90.0242919921875,90.0242919921875,6551200
12/07/2021,89.04451996455435,90.59103276078926,87.85341944490622,90.35089111328125,90.35089111328125,4673300
13/07/2021,88.67950702025306,89.23663739957277,85.05817421175782,85.24067687988281,85.24067687988281,6799400
14/07/2021,86.77757807711525,87.49800298519708,80.84128386992059,81.21590423583984,81.21590423583984,9419600
15/07/2021,80.10165329164522,81.38881642850248,76.84533289644186,79.89032745361328,79.89032745361328,10082600
16/07/2021,82.20528459957859,82.22449270543439,76.31700713747705,76.84532165527344,76.84532165527344,10407100
19/07/2021,72.2153749173565,76.27857360161622,70.51517578643546,73.48332214355469,73.48332214355469,18616300
20/07/2021,73.90598297261901,81.11983153688655,72.916600728935,80.09202575683594,80.09202575683594,13922700
21/07/2021,81.51366370987505,84.5010257422385,81.35036918389065,84.3953628540039,84.3953628540039,9289800
22/07/2021,83.6365214567033,83.73257663708438,79.27554884482988,80.29374694824219,80.29374694824219,10142400
23/07/2021,81.76341889222648,81.85947407155359,78.53591503276094,81.36958312988281,81.36958312988281,7838500
26/07/2021,82.27252579315217,84.2128669835554,80.99497053336242,82.1956787109375,82.1956787109375,11270500
27/07/2021,80.82206929978399,80.90852410052018,76.7876927027778,79.31398010253906,79.31398010253906,13794100
28/07/2021,80.65877121863483,84.66433181648507,79.02580375043351,82.84886169433594,82.84886169433594,11058300
29/07/2021,84.86604841513662,86.78718140621403,84.21286290502867,84.72196197509766,84.72196197509766,12963200
30/07/2021,83.70376843172114,86.38374998087562,82.0804086199776,83.05058288574219,83.05058288574219,8127000
02/08/2021,84.50104811221907,86.90246470138732,81.39841465445528,81.73461151123047,81.73461151123047,10417500
03/08/2021,82.48385135739196,83.0025581679724,78.57434583608378,82.8392562866211,82.8392562866211,12281400
04/08/2021,80.73561223412754,83.10820518556231,79.41002585632167,79.68859100341797,79.68859100341797,10071800
05/08/2021,80.71640599672668,84.36656181691282,80.28415398078886,84.03036499023438,84.03036499023438,8885800
06/08/2021,85.75938066140307,87.47879567033974,84.03996565246642,85.52884674072266,85.52884674072266,8327900
09/08/2021,84.88526133193501,85.2310658463581,82.95452068116289,84.05917358398438,84.05917358398438,6034700
10/08/2021,84.55866542593674,85.25027445890221,82.97372928014762,84.577880859375,84.577880859375,8104500
11/08/2021,85.00051825664681,85.80739783943085,82.12842678707821,85.76897430419922,85.76897430419922,8532400
12/08/2021,85.85542657071653,85.86503428719756,83.52124980657639,85.10618591308594,85.10618591308594,8113100
13/08/2021,84.93328844599576,85.3175165129473,82.36857764154611,82.79122924804688,82.79122924804688,7620300
16/08/2021,81.34076942059147,81.84986847992799,78.9489609491139,80.53388977050781,80.53388977050781,9265300
17/08/2021,77.892324725091,79.0450087854453,74.66482841030279,77.62336730957031,77.62336730957031,17795100
18/08/2021,77.22955533765278,79.33319118732365,75.40447735009505,75.5677719116211,75.5677719116211,12783400
19/08/2021,73.3296227476242,75.0394367992252,71.51415315259396,72.83013153076172,72.83013153076172,18899300
20/08/2021,72.96462908151412,77.00861309065628,72.28262775882911,76.48990631103516,76.48990631103516,13184200
23/08/2021,78.48787879961685,81.16785990550753,78.48787879961685,80.87008666992188,80.87008666992188,9682300
24/08/2021,81.60009846814312,83.37715185998158,80.96612856593197,83.25227355957031,83.25227355957031,9214000
25/08/2021,83.17544577360552,85.6825248060177,82.19567121461867,84.15522766113281,84.15522766113281,7558700
26/08/2021,83.6461360867103,84.76999717999178,80.94693912510658,81.52328491210938,81.52328491210938,8850700
27/08/2021,81.90749515369819,88.94844874921506,81.83065541002809,88.33368682861328,88.33368682861328,12625800
30/08/2021,89.34229276326846,89.36150086882795,86.64309589835666,87.22904205322266,87.22904205322266,6175500
31/08/2021,86.92166154273377,88.50659775185333,85.91307110314196,87.74774932861328,87.74774932861328,7610200
01/09/2021,88.74673403048686,90.398909502662,86.51822015206331,89.51519012451172,89.51519012451172,9798800
02/09/2021,90.53338835159094,92.29122672246623,89.65926936015202,91.32105255126953,91.32105255126953,7321500
03/09/2021,90.46615784326899,91.27303022641979,89.16939446832451,90.09153747558594,90.09153747558594,6732700
07/09/2021,89.71690552177425,91.2730184393332,88.00709845858267,88.20881652832031,88.20881652832031,7673900
08/09/2021,87.2578531216911,87.69972013943416,83.82863117570211,85.2886962890625,85.2886962890625,7447400
09/09/2021,84.86605689344668,87.97829059791984,84.22247903599066,85.26949310302734,85.26949310302734,9162200
10/09/2021,86.68151519366525,86.82560162819924,82.5702919223996,82.7143783569336,82.7143783569336,9495300
13/09/2021,84.45300555192047,84.63551553341668,81.15826213917076,84.13601684570312,84.13601684570312,11984700
14/09/2021,85.04854899816604,85.04854899816604,79.78464195961816,80.87008666992188,80.87008666992188,10413300
15/09/2021,80.7644511871416,83.79023780626491,80.22652884312566,83.48285675048828,83.48285675048828,7593700
16/09/2021,83.28113669399364,84.46263705510681,81.03341395190807,83.1850814819336,83.1850814819336,5901500
17/09/2021,82.52226512133012,84.10719386036024,81.44642808664001,83.3387451171875,83.3387451171875,8376800
20/09/2021,77.87313497100449,79.58294236844128,74.25180206696,77.48890686035156,77.48890686035156,17003300
21/09/2021,79.14108028999476,79.79426586042577,76.11529408390201,77.9884033203125,77.9884033203125,9845400
22/09/2021,79.38120979681835,83.27150679952638,79.34278625989928,81.46563720703125,81.46563720703125,9491800
23/09/2021,82.95452301544908,86.7295496303441,82.28212940100602,85.85543060302734,85.85543060302734,8182700
24/09/2021,84.49143257689325,86.05715340989855,83.21387731080254,84.67394256591797,84.67394256591797,7249200
27/09/2021,85.17342243723277,89.83216809401262,85.17342243723277,88.33368682861328,88.33368682861328,8542900
28/09/2021,87.29626980240916,87.4403562248304,81.93631498236559,82.43580627441406,82.43580627441406,10460200
29/09/2021,83.53085427974636,83.91508231012399,81.20628532234491,81.96513366699219,81.96513366699219,11027300
30/09/2021,83.29071431233756,83.867052704951,79.49647984313711,79.6309585571289,79.6309585571289,12838000
01/10/2021,81.01417513837107,84.76999367320649,78.51670370265897,83.43480682373047,83.43480682373047,11831600
04/10/2021,83.25230690987122,83.4732404562688,79.67899792320921,81.12945556640625,81.12945556640625,11062800
05/10/2021,81.88829231152415,84.22246914797374,80.72600775168868,82.0035629272461,82.0035629272461,8130100
06/10/2021,79.55412538156989,81.07182236580074,77.28718762319868,80.70680236816406,80.70680236816406,11280700
07/10/2021,82.56068952196802,86.25887648946082,82.36857914924622,84.52985382080078,84.52985382080078,7606700
08/10/2021,84.55867705192684,85.36555681083814,82.39740219102588,82.54148864746094,82.54148864746094,7574600
11/10/2021,82.80084445178402,84.69316197405965,81.0526133964637,81.1102523803711,81.1102523803711,6239800
12/10/2021,81.68656418758853,83.47321820464764,81.16785747342236,82.50304412841797,82.50304412841797,7069300
13/10/2021,82.82003957294525,83.73257475890745,80.55310218980637,83.57888793945312,83.57888793945312,7668400
14/10/2021,85.9322708228328,87.42115170124752,85.52883468636668,87.2002182006836,87.2002182006836,7009800
15/10/2021,89.45755587735975,90.19719618940702,86.32611435093514,86.4029541015625,86.4029541015625,7584800
18/10/2021,84.97170416301793,87.02731570414629,84.80840963137226,86.37413024902344,86.37413024902344,4511300
19/10/2021,87.38274766312074,88.42976177403123,85.83623479971534,87.30590057373047,87.30590057373047,5822000
20/10/2021,87.4980043713594,89.70731038922706,86.4125667975952,89.01570129394531,89.01570129394531,6716900
21/10/2021,88.76594459821659,90.91761128359535,88.1127591526591,89.6880874633789,89.6880874633789,6836800
22/10/2021,89.55362395178845,90.19720179057069,87.03693691680284,89.04451751708984,89.04451751708984,6273600
25/10/2021,89.50558744581726,92.04148243887573,88.89082546741162,91.63804626464844,91.63804626464844,5478200
26/10/2021,92.12792781924809,92.91559198160924,89.47676247800365,89.59202575683594,89.59202575683594,7006500
27/10/2021,88.67949689573189,89.03490913062569,84.4337948246984,84.4530029296875,84.4530029296875,10203000
28/10/2021,85.90347034572063,89.76494480886636,85.84583869551504,89.5248031616211,89.5248031616211,6997900
29/10/2021,89.1982121347354,90.4181284521386,88.23764556626188,89.56322479248047,89.56322479248047,5106500
01/11/2021,90.81196199397603,96.70023227332548,90.48536555801354,96.46009063720703,96.46009063720703,7957500
02/11/2021,97.01721572693833,97.56473833443388,94.88475694136386,97.09406280517578,97.09406280517578,7784200
03/11/2021,96.69063753796311,103.71237704349664,96.41207234435298,102.25231170654297,102.25231170654297,9358800
04/11/2021,103.39539635864266,105.18205096125418,100.9075321869397,102.0986328125,102.0986328125,7911800
05/11/2021,105.5470289943789,108.3807041533914,104.26948130531929,106.43075561523438,106.43075561523438,8830400
08/11/2021,108.91862946802027,109.80234884551379,106.47878979912605,107.42974853515625,107.42974853515625,9406000
09/11/2021,106.59407599871999,107.25686929302914,103.29933229155917,105.47021484375,105.47021484375,6803700
10/11/2021,103.99092939511793,105.97930171975084,99.11124990762339,100.46564483642578,100.46564483642578,13065200
11/11/2021,101.59911899919501,104.26950011765446,100.86909371046093,102.9247055053711,102.9247055053711,4297000
12/11/2021,103.73157139979033,104.11579945481887,102.22348232984928,103.16484069824219,103.16484069824219,7593100
15/11/2021,104.60568423254117,104.77858648066926,100.66736339022333,101.96412658691406,101.96412658691406,7999400
16/11/2021,100.91712548066442,102.98234515335415,99.91813532902518,102.46363830566406,102.46363830566406,5446400
17/11/2021,101.2533272433169,101.40701408607652,97.58395585318932,98.52531433105469,98.52531433105469,8123400
18/11/2021,99.74521599917446,99.99496532653544,94.96159921338403,97.26696014404297,97.26696014404297,10170300
19/11/2021,95.1537291832117,96.66181851756347,94.19316254149611,94.61581420898438,94.61581420898438,8234700
22/11/2021,96.33522576885801,98.28517480593887,93.26140823337244,93.4054946899414,93.4054946899414,10601900
23/11/2021,92.98285063654485,94.90398385359296,89.62086750671068,92.91561126708984,92.91561126708984,14037800
24/11/2021,90.58141826986535,93.64562023162921,89.5632128595358,93.19415283203125,93.19415283203125,8637900
26/11/2021,85.18304138585667,86.62389120136267,78.87211948708202,83.02176666259766,83.02176666259766,15612700
29/11/2021,86.29727832149933,86.93125563721567,80.8508688155642,82.50304412841797,82.50304412841797,13376600
30/11/2021,80.26493784783698,81.52328500037838,74.9241902232129,77.60417175292969,77.60417175292969,24176300
01/12/2021,82.6087389405195,83.83826318474182,72.14816781677666,72.31146240234375,72.31146240234375,27168600
02/12/2021,73.33926088253612,78.97778965027018,72.77253008739449,78.24775695800781,78.24775695800781,23175600
03/12/2021,79.3043770710267,79.42925542074225,71.29325505177448,73.35847473144531,73.35847473144531,21636100
06/12/2021,75.20276062621463,79.46767871123485,72.3306685200392,77.7962875366211,77.7962875366211,19456600
07/12/2021,81.1486563000335,85.2310636813163,80.92772279366513,83.11781311035156,83.11781311035156,11876600
08/12/2021,83.75179172055228,85.87464271083354,82.04198459987128,84.98131561279297,84.98131561279297,11891200
09/12/2021,82.99295493362119,84.2512948227815,79.1218727442007,79.17950439453125,79.17950439453125,12205200
10/12/2021,80.85088499137255,81.61934116503897,76.75887675294125,78.4878921508789,78.4878921508789,11648600
13/12/2021,77.54652786631273,78.2189214076978,73.67543915978456,75.20274353027344,75.20274353027344,9223700
14/12/2021,73.50256386455477,76.55716639689382,72.20580022871725,73.19518280029297,73.19518280029297,11043600
15/12/2021,73.11831491190651,77.15269074493166,69.93883523557086,76.7396469116211,76.7396469116211,18528000
16/12/2021,78.45906850901397,78.96816755871014,70.92822367451427,71.96563720703125,71.96563720703125,16696800
17/12/2021,70.90901530670403,76.12489144253276,69.02630593720316,73.89637756347656,73.89637756347656,14619900
20/12/2021,70.71690408897824,71.57180763596214,67.31649800532233,70.74571990966797,70.74571990966797,19484400
21/12/2021,72.773897469719,76.99364874877993,72.773897469719,76.8494644165039,76.8494644165039,15091400
22/12/2021,76.44576505097537,79.07950371750263,75.69601521648023,79.04106140136719,79.04106140136719,13213800
23/12/2021,79.87730704590655,81.69401058785112,79.0698865088289,80.93464660644531,80.93464660644531,11153500
27/12/2021,81.22303328345448,83.28965630707508,79.37749393220695,83.24159240722656,83.24159240722656,12964700
28/12/2021,82.85708462437107,84.95254258448632,81.21340082082266,81.73246002197266,81.73246002197266,12299700
29/12/2021,81.59786811167463,82.47258079085739,80.04069092464934,81.95352172851562,81.95352172851562,8950900
30/12/2021,81.87663017988554,84.5776530736056,81.60749004815068,81.83818054199219,81.83818054199219,10534900
31/12/2021,81.27107698651673,83.15506552274623,81.24223425366249,81.46331787109375,81.46331787109375,10820500
03/01/2022,82.63600336545612,85.91375653091444,81.62672042388623,84.38542175292969,84.38542175292969,11854800
04/01/2022,85.26013045844627,86.47126856677808,82.2995812309414,84.07783508300781,84.07783508300781,13638700
05/01/2022,83.94325333661308,85.09671315245424,75.61909364277989,75.62870788574219,75.62870788574219,15844900
06/01/2022,76.09970961629952,78.72384082154262,73.94658102066369,76.88790893554688,76.88790893554688,11601700
07/01/2022,76.80140290190023,78.67577709988967,74.02348045794702,74.15805053710938,74.15805053710938,15827400
10/01/2022,72.81234744208396,73.45636248449723,69.05397720914233,73.37946319580078,73.37946319580078,23754800
11/01/2022,73.55248605368024,75.92669852503954,70.98603268593173,75.68639373779297,75.68639373779297,21238300
12/01/2022,76.62837175130888,77.51269137776363,72.62009070515612,73.95618438720703,73.95618438720703,12433500
13/01/2022,74.8501373737921,76.25351644383053,71.36090718806467,72.05298614501953,72.05298614501953,15303200
14/01/2022,69.92868723912748,72.35095606519816,68.51569403495313,72.3221206665039,72.3221206665039,16540800
18/01/2022,70.16898254272203,70.37083763987751,65.4205586376256,65.68009185791016,65.68009185791016,15684700
19/01/2022,66.63170772782325,67.25650160961314,62.43117762017844,62.58497619628906,62.58497619628906,18277900
20/01/2022,63.34434604633209,66.64132815921955,58.72088042541813,59.105369567871094,59.105369567871094,17788200
21/01/2022,58.25948659054603,61.05663384976982,55.779539707749876,55.817989349365234,55.817989349365234,22289500
24/01/2022,53.309207222907425,60.33571974439089,50.8484888205622,59.79743576049805,59.79743576049805,31428300
25/01/2022,56.95223301953814,59.73976994205074,53.42456059930098,57.259822845458984,57.259822845458984,21140800
26/01/2022,59.69170173766854,61.24887924393654,52.79976288619387,54.760650634765625,54.760650634765625,20630900
27/01/2022,56.212084998274136,57.759648128656714,50.22369124744194,50.983055114746094,50.983055114746094,18847100
28/01/2022,51.09840011812328,54.00128183728558,48.25319285699072,53.97244644165039,53.97244644165039,17548700
31/01/2022,53.20347418453613,58.84583277894424,52.7997639342191,58.816993713378906,58.816993713378906,15028200
01/02/2022,59.249545847938734,60.94129354903571,56.067912914026,60.70098876953125,60.70098876953125,13503800
02/02/2022,60.96050774188639,61.24887637776293,57.144470772610745,58.93233871459961,58.93233871459961,12783200
03/02/2022,56.779208866447064,58.8650561071174,55.18358539359404,55.5584602355957,55.5584602355957,11549100
04/02/2022,55.19320312739298,57.75966022479894,53.395724301429794,56.44279098510742,56.44279098510742,12837000
07/02/2022,56.30821909541922,58.663203059786326,55.97179019568104,57.307884216308594,57.307884216308594,10898200
08/02/2022,57.20215162454056,60.37417784286081,57.15409139903029,60.07619857788086,60.07619857788086,14869300
09/02/2022,61.68143461121674,63.526973724365234,61.43151923134631,63.526973724365234,63.526973724365234,12023800
10/02/2022,60.07619860938811,65.72816473449201,59.34567364767242,60.67215347290039,60.67215347290039,19074300
11/02/2022,60.74904388220566,62.892561895073364,57.22136810909361,58.634361267089844,58.634361267089844,16527100
14/02/2022,58.94195588041811,60.57602911043333,56.85611215942802,58.11530685424805,58.11530685424805,10211700
15/02/2022,59.89356304366935,62.9598506322925,59.768603534805635,62.78683090209961,62.78683090209961,8866800
16/02/2022,62.07553039672359,63.86339848517386,60.96051273574615,63.075199127197266,63.075199127197266,9434300
17/02/2022,61.450740654535046,61.83522978187536,57.94228928452492,58.326778411865234,58.326778411865234,8718700
18/02/2022,58.09608088010401,59.61480881281945,56.18325693120175,56.78882598876953,56.78882598876953,11439000
22/02/2022,55.96217509660232,57.61546939379264,53.29959784849475,54.41461181640625,54.41461181640625,10540100
23/02/2022,55.6065236370751,56.24092809833027,50.98306209876811,51.3291015625,51.3291015625,10545400
24/02/2022,47.609184951608896,55.70265237765118,47.31120935166185,55.47195816040039,55.47195816040039,15343800
25/02/2022,55.94294771928258,59.182254791259766,54.46266954787998,59.182254791259766,59.182254791259766,11879300
28/02/2022,57.3271057674816,60.902841944826754,57.307880945728584,59.720542907714844,59.720542907714844,11060300
01/03/2022,59.25914890562724,60.20114302344493,54.95288484309034,56.375492095947266,56.375492095947266,9710300
02/03/2022,57.53857491920654,61.306551966102994,57.4328402333506,60.48951721191406,60.48951721191406,11007300
03/03/2022,61.210432031571585,61.210432031571585,56.94262058593703,58.240264892578125,58.240264892578125,11497000
04/03/2022,56.48122306207992,57.4136066032984,54.09740054097588,55.60651397705078,55.60651397705078,10294900
07/03/2022,55.83721476791883,56.27937465094995,51.39638378307483,51.46366882324219,51.46366882324219,12389700
08/03/2022,51.89621642946536,56.02945747624295,51.16568792191758,52.32876205444336,52.32876205444336,14514500
09/03/2022,54.98173327264828,57.21176129209013,54.52034854449754,56.6446418762207,56.6446418762207,8315500
10/03/2022,54.24158488342112,56.44277712816572,53.50144586225882,56.375492095947266,56.375492095947266,9357700
11/03/2022,57.08680115399626,57.88461475853943,53.40533394694145,53.636024475097656,53.636024475097656,6625200
14/03/2022,54.05896406500348,54.22236955276772,49.70463902704986,50.560123443603516,50.560123443603516,9871400
15/03/2022,50.95421301913408,52.78053042248678,50.502442622938176,52.7132453918457,52.7132453918457,7617900
16/03/2022,54.16469410159735,57.73081970214844,53.08812975053504,57.73081970214844,57.73081970214844,12034300
17/03/2022,56.779214446126154,60.54719539090994,56.365889921568645,60.51835632324219,60.51835632324219,8154500
18/03/2022,59.56675078000941,62.48885782114532,59.47062666675888,62.171653747558594,62.171653747558594,7894900
21/03/2022,62.277373117870795,63.15207849932391,59.35526679560351,60.69136047363281,60.69136047363281,7561200
22/03/2022,61.373828228757155,63.65191977059741,61.03740306439726,62.43116760253906,62.43116760253906,7752200
23/03/2022,61.258492913010485,62.21971568149674,59.14381015586049,59.259159088134766,59.259159088134766,6465900
24/03/2022,59.951227969217655,61.325771431776815,58.586298750038345,61.29693603515625,61.29693603515625,7535100
25/03/2022,61.49879710552755,61.979410318595136,60.03774364474083,61.56608581542969,61.56608581542969,5905400
28/03/2022,61.066247780498614,61.58530697053334,58.77854898014085,61.56608581542969,61.56608581542969,8032400
29/03/2022,63.171322851013834,66.98736399790523,63.07520240402695,66.4875259399414,66.4875259399414,9701500
30/03/2022,66.19916587973047,66.53559111745336,61.7294953399259,62.64265060424805,62.64265060424805,7741900
31/03/2022,62.22931742680568,63.83455876691475,60.451063702926355,60.54718780517578,60.54718780517578,8423800
01/04/2022,61.32577303984144,62.7099271153158,60.31649379730224,62.4792366027832,62.4792366027832,8254400
04/04/2022,62.85411691937363,63.30589107374071,61.0470239686652,63.00791549682617,63.00791549682617,8512200
05/04/2022,62.86373093354074,64.22866030259244,57.97112554243304,58.46134567260742,58.46134567260742,9644700
06/04/2022,56.952233006902894,57.33672212259862,54.67414471331956,55.95256423950195,55.95256423950195,13147800
07/04/2022,55.904502581699184,56.81766145796641,53.0496806878536,55.36621856689453,55.36621856689453,9890800
08/04/2022,55.15475024542185,56.048684257365245,53.722532244178886,54.10702133178711,54.10702133178711,6752900
11/04/2022,53.357266343778065,55.15474855653231,52.40566156456424,52.89588165283203,52.89588165283203,6530000
12/04/2022,54.61646240485123,57.057959505454406,52.83820875026575,53.42455291748047,53.42455291748047,8451600
13/04/2022,53.8378840403263,56.913786114364676,53.79943806030543,56.50046157836914,56.50046157836914,6575500
14/04/2022,56.615804995944714,57.69236933347523,54.760651887469216,54.779876708984375,54.779876708984375,6336000
18/04/2022,54.39539097449591,55.02018487869923,52.828602758381734,53.674476623535156,53.674476623535156,6441600
19/04/2022,53.876331654405824,57.4520680014079,53.78021120783996,56.971458435058594,56.971458435058594,6774400
20/04/2022,58.153749881208704,58.83621449566011,57.14447065794459,57.567405700683594,57.567405700683594,10315500
21/04/2022,59.172652741577146,59.63403749783528,53.04968405935211,53.66486740112305,53.66486740112305,10984300
22/04/2022,52.943952280341534,53.32843773838498,49.19519614716771,49.522010803222656,49.522010803222656,14433500
25/04/2022,48.22435253251455,50.60817873405932,46.84981281965922,50.454383850097656,50.454383850097656,12486500
26/04/2022,49.23365008619873,49.531625700483005,45.44644397694629,45.57140350341797,45.57140350341797,13033800
27/04/2022,45.542562805087364,47.09012617064644,44.55250462085594,45.042728424072266,45.042728424072266,16607500
28/04/2022,46.638342218373324,48.23396547137487,43.427870894049825,47.50343704223633,47.50343704223633,14007600
29/04/2022,46.859432361900325,48.493505608385256,43.11067630624431,43.50477600097656,43.50477600097656,12754300
02/05/2022,43.41826385736461,45.44643669228026,41.64001003533247,44.77358627319336,44.77358627319336,16755200
03/05/2022,44.78320075268237,46.66718942380361,43.93732686629239,45.96549987792969,45.96549987792969,9537000
04/05/2022,46.36920926964251,49.916106296450415,43.93732254385869,49.66618728637695,49.66618728637695,13404700
05/05/2022,48.11863878131912,48.12824936080529,41.85148859605056,43.67780303955078,43.67780303955078,10981100
06/05/2022,43.10106207239285,43.399041296016286,40.015549821693284,41.45737838745117,41.45737838745117,12321200
09/05/2022,39.52533385748513,40.06361794831506,35.63239669490041,36.22835159301758,36.22835159301758,15030000
10/05/2022,37.833592300028705,38.66024148613822,33.882980383523424,36.209129333496094,36.209129333496094,13109800
11/05/2022,36.27640641475406,38.20845497760601,33.30623957925846,33.536930084228516,33.536930084228516,20599300
12/05/2022,33.01787007890521,35.69967187922583,32.49881462300394,34.73845291137695,34.73845291137695,18096800
13/05/2022,36.13221938322064,38.77557141568973,36.1226088073857,37.93931198120117,37.93931198120117,14336500
16/05/2022,37.593283697906,38.81403252838655,36.73779919205403,37.401039123535156,37.401039123535156,11194000
17/05/2022,39.448432603708824,40.96715686959176,38.51604890666204,40.899871826171875,40.899871826171875,12411900
18/05/2022,39.40037590409956,39.99633077055746,35.78618972450926,36.5551643371582,36.5551643371582,11682200
19/05/2022,35.72850633106593,38.13155368720733,35.71889575501544,36.737789154052734,36.737789154052734,11593500
20/05/2022,37.98736953231921,38.21806000378628,33.75800510999428,36.47825622558594,36.47825622558594,13834800
23/05/2022,37.55482832907631,38.19884700510335,36.05532527751042,37.727848052978516,37.727848052978516,10916000
24/05/2022,36.70895789102385,36.89159187561624,33.99832019077518,35.997657775878906,35.997657775878906,13722300
25/05/2022,35.6131743387046,38.63140235462096,35.59394951268952,38.05467224121094,38.05467224121094,12991800
26/05/2022,38.698673887836996,41.21707021427167,38.61216403438299,40.486541748046875,40.486541748046875,12139800
27/05/2022,41.18823759425545,43.78352993704945,40.995996704741756,43.764305114746094,43.764305114746094,9626000
31/05/2022,43.24524516946297,43.54322071787772,41.313192892744915,42.09178161621094,42.09178161621094,12016700
01/06/2022,42.79347227170527,43.27408179362457,39.756020239845704,41.45737838745117,41.45737838745117,12005200
02/06/2022,41.601559813943275,44.446771023102734,41.351644471293994,44.408321380615234,44.408321380615234,8961900
03/06/2022,43.43748499250769,43.889259092776996,42.38014556645213,43.322139739990234,43.322139739990234,8402700
06/06/2022,44.754354062089654,44.802414274551886,43.10105635272292,43.831581115722656,43.831581115722656,7167200
07/06/2022,42.735799424083154,45.955885542689494,42.447434433385816,45.90782165527344,45.90782165527344,8687400
08/06/2022,45.263800210705774,45.79246989644968,43.168342619858194,43.850807189941406,43.850807189941406,7830000
09/06/2022,43.1106693036983,43.54321857320806,41.07288611560269,41.11133575439453,41.11133575439453,6994100
10/06/2022,39.06393265786255,39.7271759971752,37.11265960665786,37.737449645996094,37.737449645996094,11076000
13/06/2022,34.60389404296875,35.41131838397511,31.854806318428988,32.4411506652832,32.4411506652832,13627100
14/06/2022,32.671843191697555,32.998657876074056,30.99932012065068,32.02782440185547,32.02782440185547,12072200
15/06/2022,32.93135891217616,34.56543182572168,31.527980155090862,33.32545852661133,33.32545852661133,13236300
16/06/2022,31.076213132481303,31.31651789100618,28.06759652905719,28.6923885345459,28.6923885345459,15835600
17/06/2022,28.971141066973527,30.576376925365256,28.586653820462296,29.374853134155273,29.374853134155273,13110300
21/06/2022,30.87435601637439,31.96053461027342,30.211116167051873,30.883970260620117,30.883970260620117,11023400
22/06/2022,29.692056557960314,31.537599083571877,29.413303980338696,30.759010314941406,30.759010314941406,12557000
23/06/2022,30.960862219647556,32.04704068510538,30.05731770566387,31.864410400390625,31.864410400390625,12287000
24/06/2022,32.62377044875755,34.79612736948126,32.441140164899636,34.73845291137695,34.73845291137695,10342300
27/06/2022,35.14216979579293,35.93997970075406,34.267460606770186,35.22867965698242,35.22867965698242,8785900
28/06/2022,35.89191930198334,36.63205840695409,33.162057066371105,33.267791748046875,33.267791748046875,9743300
29/06/2022,33.25817306235096,33.363907729905144,31.210779409154956,32.19122314453125,32.19122314453125,9563600
30/06/2022,30.74939396883801,32.527649391761535,29.951582314235086,31.52798080444336,31.52798080444336,11745300
01/07/2022,31.24922709174493,32.77756540024672,30.470642073009646,32.57571029663086,32.57571029663086,12148900
05/07/2022,30.999312810459326,33.373524918452894,29.884298914955046,33.36391067504883,33.36391067504883,9506300
06/07/2022,33.16204924905667,33.882963363166596,31.59526154769863,32.61415481567383,32.61415481567383,10207700
07/07/2022,33.37352100627202,35.132549666787256,33.363906763994976,34.930694580078125,34.930694580078125,6856100
08/07/2022,34.59427455500233,35.72850963868605,33.72917595999992,34.92108917236328,34.92108917236328,8178700
11/07/2022,34.075219580328486,34.517379509039756,32.52765616307897,32.75835037231445,32.75835037231445,6626200
12/07/2022,32.50843561296712,33.5273293653098,31.931705514213476,32.46998596191406,32.46998596191406,7854500
13/07/2022,31.124276476627696,32.90253040159694,30.922417672456923,32.3642463684082,32.3642463684082,10081800
14/07/2022,30.9128034816031,31.60488234813646,29.92274723274553,31.38380241394043,31.38380241394043,10352900
15/07/2022,32.441143904006985,33.440812625812065,31.20117041254259,33.315853118896484,33.315853118896484,7948500
18/07/2022,34.45009661972574,35.13256137853891,32.70067795154422,32.9986572265625,32.9986572265625,7208700
19/07/2022,34.22901352547486,36.603225930481386,34.20017812517436,36.459041595458984,36.459041595458984,9259400
20/07/2022,36.50710105156994,38.3910896113448,36.31485649783049,38.198848724365234,38.198848724365234,9690300
21/07/2022,37.51637802703775,38.80441168968398,36.526323587374634,38.756351470947266,38.756351470947266,7448700
22/07/2022,39.035105513725576,39.26579602824195,35.988039272641466,36.88197326660156,36.88197326660156,8005300
25/07/2022,37.22801796174413,37.75668777114876,36.22834914632729,37.46832275390625,37.46832275390625,6319300
26/07/2022,37.07421669913224,37.314521450185346,36.29562798568676,36.77623748779297,36.77623748779297,5434700
27/07/2022,37.49715475960332,39.79447144469095,37.17995436939243,39.256187438964844,39.256187438964844,8926700
28/07/2022,39.86175710857946,41.03444191301165,38.218069666688365,40.899871826171875,40.899871826171875,9011600
29/07/2022,40.94793549913616,42.06294959848394,40.30392041018778,41.726524353027344,41.726524353027344,8161600
01/08/2022,40.822969725638266,42.457038997054674,39.72718071614377,41.68806457519531,41.68806457519531,7794300
02/08/2022,41.18823296505839,42.89920529015934,40.53460374724626,41.582332611083984,41.582332611083984,7079400
03/08/2022,42.44742932413616,43.639342453447775,42.00526948050417,43.36058807373047,43.36058807373047,6578700
04/08/2022,43.46632810040527,43.58167336365602,42.47626995166023,43.17795944213867,43.17795944213867,5938600
05/08/2022,41.841862650837335,44.235299617353256,41.60155789650584,44.1103401184082,44.1103401184082,7494100
08/08/2022,45.013892117071876,46.73447151566597,44.83125814173494,45.504112243652344,45.504112243652344,6854400
09/08/2022,44.94661114069885,45.023510441811595,42.87999192456058,43.60090637207031,43.60090637207031,6043200
10/08/2022,45.97511022264119,47.56111949996948,45.60023170245399,47.3592643737793,47.3592643737793,7796300
11/08/2022,48.61845916914544,50.14679387128782,47.6091762776604,47.83987045288086,47.83987045288086,7908300
12/08/2022,48.522329915233314,50.79080711915679,47.96482485669367,50.752357482910156,50.752357482910156,6364700
15/08/2022,49.56046201016488,51.329105439803506,49.099077245923525,51.27143096923828,51.27143096923828,6261000
16/08/2022,50.79081532179931,51.953889505401236,49.70463675635004,51.1753044128418,51.1753044128418,6606500
17/08/2022,49.47395247305005,49.92572299521272,47.66685938411878,48.5992431640625,48.5992431640625,9100000
18/08/2022,48.74342320668917,49.8007664932249,48.06095847634747,49.541236877441406,49.541236877441406,7309500
19/08/2022,48.022506241484024,48.18591539821233,45.92704827150424,46.3499870300293,46.3499870300293,7222800
22/08/2022,44.475610864105654,44.706301408554076,43.03378212764268,43.466331481933594,43.466331481933594,6982700
23/08/2022,43.67779420296396,45.04272721977275,43.31253358821725,43.687408447265625,43.687408447265625,6519600
24/08/2022,43.60089044435111,45.29263411645985,43.139505806503266,44.715904235839844,44.715904235839844,6249200
25/08/2022,45.3599342027936,46.76331706716081,45.07156916676979,46.73447799682617,46.73447799682617,6565600
26/08/2022,46.70563210978986,46.753692327212924,41.87070163519056,42.06294250488281,42.06294250488281,9896900
29/08/2022,40.851807742125395,42.11100595962198,40.51538255683523,40.957542419433594,40.957542419433594,5551000
30/08/2022,41.32281803400984,41.42854907363954,38.50644527934169,39.19852066040039,39.19852066040039,9915300
31/08/2022,39.390752466945415,39.91942216060248,38.29496344128111,38.49681854248047,38.49681854248047,8575000
01/09/2022,37.420257983423426,37.458707625521356,35.574715497079346,37.21840286254883,37.21840286254883,10856700
02/09/2022,38.44875837151983,38.70828793053871,35.7477317758872,36.334075927734375,36.334075927734375,13836200
06/09/2022,36.66089507890626,36.910814092780804,34.76729232029908,35.30557632446289,35.30557632446289,6933200
07/09/2022,35.03643698000642,37.70862490858289,35.007597913567196,37.54521942138672,37.54521942138672,7565900
08/09/2022,36.56478102163528,38.51605491892057,35.92076221968114,38.467994689941406,38.467994689941406,8783000
09/09/2022,39.4484341274088,40.89987340593385,39.31386403537125,40.74607849121094,40.74607849121094,6262000
12/09/2022,41.57272335200476,42.37053691279306,41.130563474988406,42.25518798828125,42.25518798828125,5775000
13/09/2022,39.01587458000838,39.69833910643287,36.80507188402593,37.295291900634766,37.295291900634766,8370900
14/09/2022,37.49715122174676,37.920089924470076,36.24756726692492,37.77590560913086,37.77590560913086,5139200
15/09/2022,37.02615758824401,38.76596535786993,36.39175317318455,36.88197326660156,36.88197326660156,7674700
16/09/2022,35.32479879034485,35.67083822231955,33.969480126283635,35.18061447143555,35.18061447143555,9839000
19/09/2022,34.09443921602679,36.27640679324816,34.06560015253504,36.15144729614258,36.15144729614258,6565000
20/09/2022,35.08448866776991,35.18060908782733,33.84451544853068,34.68077850341797,34.68077850341797,8078800
21/09/2022,35.42091660782592,36.42058518927313,33.06593312922255,33.09476852416992,33.09476852416992,12752900
22/09/2022,32.873695570414355,33.21012080525922,30.46103529072962,30.826297760009766,30.826297760009766,13757600
23/09/2022,29.49020176955935,29.624771854542402,27.36590664206741,28.56743049621582,28.56743049621582,14323200
26/09/2022,28.106050039566334,29.884305980120896,27.13521839814595,27.413972854614258,27.413972854614258,12420400
27/09/2022,28.43285885305974,29.153773126041358,26.981417896784514,27.711944580078125,27.711944580078125,15279200
28/09/2022,28.211779077995605,30.855129594058006,27.884964459030545,30.355297088623047,30.355297088623047,16511600
29/09/2022,29.16338970097386,29.249899572755908,27.048706798226064,28.279067993164062,28.279067993164062,16100100
30/09/2022,28.096434424097993,29.990037262951944,27.644662097931707,27.69272232055664,27.69272232055664,15160800
03/10/2022,28.846184369207766,30.336073187047532,27.808067852035183,29.865076065063477,29.865076065063477,16412300
04/10/2022,31.527987216769397,33.42159010542954,31.527987216769397,33.4119758605957,33.4119758605957,14039400
05/10/2022,31.89324556232462,32.998648839134795,30.76861746619712,32.6622200012207,32.6622200012207,15319600
06/10/2022,32.12393333433513,33.42158102743102,31.60487792385582,32.085487365722656,32.085487365722656,11053900
07/10/2022,31.0666005145845,31.345354929083907,28.836572532108868,29.221059799194336,29.221059799194336,12818800
10/10/2022,29.567100212807574,29.72089512461729,28.17333176197955,28.730838775634766,28.730838775634766,9620400
11/10/2022,28.355967023210987,29.97081560804315,27.250565285592355,28.75006675720215,28.75006675720215,12515000
12/10/2022,28.836571336735105,29.115325739679196,27.596597889233177,28.51936912536621,28.51936912536621,11237000
13/10/2022,26.827625564605462,31.01854152574649,26.068263411122924,30.576379776000977,30.576379776000977,20114700
14/10/2022,31.297298342116434,31.941313443398162,28.096436659358513,28.1733341217041,28.1733341217041,16766500
17/10/2022,29.83624321167198,31.056991968731996,29.79779356575827,30.826297760009766,30.826297760009766,13121200
18/10/2022,32.79679737839605,33.57538623383774,31.124278059423755,31.912477493286133,31.912477493286133,17927600
19/10/2022,30.989702160855206,31.479922237282995,29.269119271527998,30.307235717773438,30.307235717773438,14944100
20/10/2022,30.34568911525141,31.499152860650028,28.81735047761928,29.11532974243164,29.11532974243164,18735500
21/10/2022,29.297953448638044,31.239616187043893,28.663549081971524,30.999311447143555,30.999311447143555,18510400
24/10/2022,31.316516576763917,31.65294175787633,30.105378591240296,31.40302276611328,31.40302276611328,13566800
25/10/2022,31.489535489099186,34.315521934765385,31.460700090024158,33.911808013916016,33.911808013916016,14186400
26/10/2022,34.53660218040254,36.3244702736228,34.01754299203024,34.45009231567383,34.45009231567383,16174200
27/10/2022,35.344031667719804,36.12262056715099,34.325137959832624,34.440486907958984,34.440486907958984,16412700
28/10/2022,34.85379947936813,36.93003238179657,34.21939508325831,36.77623748779297,36.77623748779297,13410600
31/10/2022,36.25718309525673,37.439482065742105,35.805408976419365,36.88197326660156,36.88197326660156,12792900
01/11/2022,38.00660631966011,38.256521686920614,36.5840024083647,37.074222564697266,37.074222564697266,12553800
02/11/2022,36.555157577660204,37.872030254248266,33.306239981638214,33.33507537841797,33.33507537841797,18491900
03/11/2022,32.10472105736733,33.57538518261833,31.422252674540733,32.75835037231445,32.75835037231445,9808300
04/11/2022,34.06560150467713,34.6711705274073,32.18161306369401,33.97909164428711,33.97909164428711,15375800
07/11/2022,34.58466487003484,35.04604962593308,33.39275516732108,34.4597053527832,34.4597053527832,8915000
08/11/2022,34.824972401432355,35.81502703890775,33.190898970579475,34.440486907958984,34.440486907958984,10379200
09/11/2022,33.53693388301693,33.91180874612561,31.403026303155322,31.60488510131836,31.60488510131836,9959600
10/11/2022,35.54588332823158,37.468321606665484,35.11333398223195,37.42026138305664,37.42026138305664,13344200
11/11/2022,37.69900534779451,39.48687303708795,37.6028812605019,38.294960021972656,38.294960021972656,13000900
14/11/2022,37.61249754989396,38.85246717600976,36.930029326625586,37.11266326904297,37.11266326904297,10825000
15/11/2022,38.86208625383494,39.871365516983595,37.8047467718239,38.727516174316406,38.727516174316406,13431700
16/11/2022,38.073892340015234,38.10272774207737,36.295634655392924,36.61283874511719,36.61283874511719,10051800
17/11/2022,35.01722072398283,35.82464511335816,34.38281610852799,35.63240051269531,35.63240051269531,9520600
18/11/2022,36.72817967340438,37.16072898694586,35.57471605954701,36.21873474121094,36.21873474121094,10278300
21/11/2022,35.642003258594904,35.901529168971834,34.87302510407503,35.6900634765625,35.6900634765625,5685100
22/11/2022,36.22834546210578,36.939649187944475,35.41131071854653,36.843528747558594,36.843528747558594,6874700
23/11/2022,36.526320471235486,37.41064015417881,36.08416062976382,37.01654052734375,37.01654052734375,8048800
25/11/2022,36.949264987478635,37.72785386498072,36.728185009937114,37.34336471557617,37.34336471557617,3579000
28/11/2022,36.41097365513853,36.86274405338351,34.70000148701594,35.007591247558594,35.007591247558594,8567200
29/11/2022,35.09410440842906,36.036102264083695,35.08449383171237,35.324798583984375,35.324798583984375,7481800
30/11/2022,35.47859690583775,38.23729470170522,34.39241829395576,38.198848724365234,38.198848724365234,13001600
01/12/2022,38.67946127522107,39.32347636342264,37.439487657530094,37.94893264770508,37.94893264770508,9328500
02/12/2022,36.38213482449101,39.0639365037849,36.343688854249194,38.59294128417969,38.59294128417969,9246900
05/12/2022,37.87204261776245,37.97777366272449,34.97877041552658,35.382484436035156,35.382484436035156,9229900
06/12/2022,35.372868523035095,35.43054299946517,33.18128975333969,33.748409271240234,33.748409271240234,7020000
07/12/2022,33.56577071615824,34.53660410405031,33.210120659913045,33.46965026855469,33.46965026855469,9314800
08/12/2022,34.07521803906808,35.14217183334755,33.42158875368534,34.16172790527344,34.16172790527344,7661700
09/12/2022,33.54654684481137,34.11366623999418,32.835243123133374,32.864078521728516,32.864078521728516,7969700
12/12/2022,32.96981723786643,34.21940144219906,32.52765729378507,34.05599594116211,34.05599594116211,7345600
13/12/2022,37.32413535899073,37.81435543336991,34.161723983461556,34.873023986816406,34.873023986816406,15219000
14/12/2022,34.82496776834126,35.728512407895096,33.38313910942521,34.16172790527344,34.16172790527344,11317100
15/12/2022,32.9986554147416,33.248570782148434,31.220397774511092,31.63372230529785,31.63372230529785,9126000
16/12/2022,30.662887334017768,31.24922970792835,29.92274822536917,30.835908889770508,30.835908889770508,8476800
19/12/2022,30.960866363124595,31.210785382769615,29.31718258044031,29.61515998840332,29.61515998840332,6553100
20/12/2022,29.41168645415935,30.617083439985553,29.16096366039272,30.05777931213379,30.05777931213379,7441800
21/12/2022,30.829240568567986,32.06356806134472,30.71352345819879,31.562122344970703,31.562122344970703,7622300
22/12/2022,30.72316171724334,30.8003070576797,28.765596174646923,30.356719970703125,30.356719970703125,10395700
23/12/2022,30.27957837031771,30.761737267422422,29.662415570596554,30.72316551208496,30.72316551208496,7731300
27/12/2022,30.732803419400152,30.8195903132249,29.778127355139087,30.125282287597656,30.125282287597656,7144800
28/12/2022,30.144569885757843,30.568870165718046,28.611304678876373,28.69809341430664,28.69809341430664,8388500
29/12/2022,29.26704202230457,31.051030102212856,29.112751340297475,30.867807388305664,30.867807388305664,6701900
30/12/2022,29.999921106288532,30.761731053393504,29.643122785218456,30.56886863708496,30.56886863708496,7194700
03/01/2023,31.369251643663905,32.121421904097026,29.276684131141952,30.038494110107422,30.038494110107422,12305500
04/01/2023,30.665302792743493,31.745337610284274,30.501368706598363,31.195676803588867,31.195676803588867,11622400
05/01/2023,30.607443674242237,30.732806005641784,29.479191888096604,30.16385841369629,30.16385841369629,9539500
06/01/2023,30.964244363397118,32.40107578905041,30.231362633218996,32.179283142089844,32.179283142089844,10684400
09/01/2023,32.93145031707098,33.529326250005504,32.19856681862735,32.34321594238281,32.34321594238281,7936300
10/01/2023,32.198569640689136,33.78969542713423,31.996063792546774,33.770408630371094,33.770408630371094,7299100
11/01/2023,34.13684459245754,35.00472822736968,33.82826325401149,34.995086669921875,34.995086669921875,7183200
12/01/2023,35.457957451831604,36.77907149129494,34.50328143999311,36.75978469848633,36.75978469848633,12149700
13/01/2023,35.901550840887516,37.589106971536324,35.80512053342547,37.425174713134766,37.425174713134766,8332500
17/01/2023,37.40588171764319,37.8687537382063,36.90443610905487,37.270877838134766,37.270877838134766,6586200
18/01/2023,37.62767053402519,38.524486132927485,35.38080891910798,35.44831085205078,35.44831085205078,9995900
19/01/2023,34.77329058974338,35.014369966237105,33.68361077798953,34.4068489074707,34.4068489074707,10236800
20/01/2023,34.73472382183466,36.13298521556254,33.94398360607298,36.08476638793945,36.08476638793945,8607800
23/01/2023,36.27762710079021,37.8591073770367,35.79546830054045,37.444454193115234,37.444454193115234,8246800
24/01/2023,36.933358787978634,37.69517048085642,36.518701976846636,37.1551513671875,37.1551513671875,6764400
25/01/2023,36.248702614884216,37.52160168897818,35.332600061015654,37.463741302490234,37.463741302490234,8590800
26/01/2023,38.3412634137342,38.87164099864429,36.75978325147725,38.12911605834961,38.12911605834961,8858700
27/01/2023,37.76268251169898,39.12237037653145,37.618033379418414,38.66913986206055,38.66913986206055,7963700
30/01/2023,37.63731517338273,38.707708309972055,37.02015249102703,37.10694122314453,37.10694122314453,7963000
31/01/2023,37.34802942227925,39.81668441171402,37.338387862475244,39.79739761352539,39.79739761352539,7097900
01/02/2023,39.556308745290046,42.69998253067851,38.92950082828259,41.64887619018555,41.64887619018555,11696700
02/02/2023,42.60354141230361,44.67682521519139,41.533148550281496,44.11751937866211,44.11751937866211,11792100
03/02/2023,42.6324830757672,44.59005043664539,42.31426015926106,43.16285705566406,43.16285705566406,9736000
06/02/2023,42.28531807761805,42.74819368383364,40.80027202258476,41.29207229614258,41.29207229614258,7800100
07/02/2023,40.83885372265974,42.5167681638494,39.700958525680804,42.188899993896484,42.188899993896484,14811200
08/02/2023,41.37886690787869,42.0346031517669,40.009537720016596,40.318119049072266,40.318119049072266,9917800
09/02/2023,41.27279074401168,41.81280990074535,38.24483420066046,38.56306076049805,38.56306076049805,9092700
10/02/2023,38.13876153023517,38.939146928841964,37.67588950927141,38.755924224853516,38.755924224853516,8375000
13/02/2023,38.83307017030017,40.289188126857816,38.1387603215682,40.1445426940918,40.1445426940918,7006700
14/02/2023,39.31523178166848,40.95457255364658,38.5534199407816,40.08668518066406,40.08668518066406,15385800
15/02/2023,39.12236559359375,41.349940622615115,38.8330710429808,41.31136703491211,41.31136703491211,10062800
16/02/2023,39.527384639042545,41.51387677175205,39.218799586865195,40.07704544067383,40.07704544067383,12714700
17/02/2023,39.56595049082176,40.51098131028929,39.01628974560677,40.308475494384766,40.308475494384766,10279000
21/02/2023,38.861999548210356,39.238082833353005,36.66335654055808,36.769432067871094,36.769432067871094,9113600
22/02/2023,37.02979985542362,37.79160801604017,36.37406354808737,37.1165885925293,37.1165885925293,10851700
23/02/2023,37.92661540987486,38.45698938822666,36.325844559615334,37.84946823120117,37.84946823120117,11306600
24/02/2023,36.210127426102474,36.904437319000635,35.708681801073794,36.740501403808594,36.740501403808594,12201100
27/02/2023,37.66624213357069,38.31233308014704,36.788713372970726,37.1551513671875,37.1551513671875,7658300
28/02/2023,37.09729934980034,38.206262385661425,37.068367320287635,37.08765411376953,37.08765411376953,5780000
01/03/2023,37.12622872233012,37.878395295922694,36.52835282225858,37.270877838134766,37.270877838134766,12045200
02/03/2023,36.30656215315334,37.75303867433745,35.8726184610821,37.53124237060547,37.53124237060547,8603800
03/03/2023,37.93625276168043,39.295940367117254,37.21301459541447,39.04521942138672,39.04521942138672,9675100
06/03/2023,39.064516275163534,39.17059183209764,36.827299054923344,37.3191032409668,37.3191032409668,9570800
07/03/2023,37.31909502986589,37.521600860230755,35.843686474941826,36.04619598388672,36.04619598388672,10373900
08/03/2023,36.161910935748224,36.62478295429622,35.197593310794936,36.03654861450195,36.03654861450195,10533700
09/03/2023,36.08476317958529,36.42227655003769,32.95073094890018,33.04716491699219,33.04716491699219,15057500
10/03/2023,32.50715009890312,32.50715009890312,29.093466259266382,30.115642547607422,30.115642547607422,22815400
13/03/2023,28.350935962571334,30.260284294415595,27.550552459467543,28.659517288208008,28.659517288208008,18257300
14/03/2023,31.24389472309997,31.591046002555693,29.305614100260176,30.26993179321289,30.26993179321289,19294500
15/03/2023,27.907356934847172,28.871674710239223,27.097329856374635,28.823457717895508,28.823457717895508,22957500
16/03/2023,27.67591508057058,30.578509356699822,27.193756294074852,29.903488159179688,29.903488159179688,19153900
17/03/2023,28.89095860172742,29.24775697474328,27.261262945744228,27.511985778808594,27.511985778808594,17216600
20/03/2023,28.24486588700308,29.42133280099577,28.042358216647035,28.524517059326172,28.524517059326172,15704900
21/03/2023,30.0192021467373,30.82061531396865,29.739189407489064,30.144723892211914,30.144723892211914,12758400
22/03/2023,30.019196178788636,30.415074782594722,27.479777792597243,27.508745193481445,27.508745193481445,15891400
23/03/2023,28.088084232956056,29.13088686855326,26.40801342236366,27.122526168823242,27.122526168823242,16485000
24/03/2023,26.408013639879815,27.99152828877077,25.790055221418864,27.846694946289062,27.846694946289062,18719300
27/03/2023,28.850875017052637,29.25640948989893,28.12670644708825,28.79294204711914,28.79294204711914,16587300
28/03/2023,28.45499627804855,29.15985508411907,28.252229962938554,28.657764434814453,28.657764434814453,11052100
29/03/2023,29.54607886455467,29.661944807722325,28.889499047751414,29.623323440551758,29.623323440551758,12718500
30/03/2023,30.289556723702937,30.530946235285455,29.092263125596528,29.46883201599121,29.46883201599121,12979000
31/03/2023,30.04816565547028,31.18752254412431,30.0385098545085,31.100622177124023,31.100622177124023,11649100
03/04/2023,31.313045373681945,31.776512758941077,30.048164944124682,31.110279083251953,31.110279083251953,11807100
04/04/2023,31.30339233487879,31.409604316908123,28.918466294370944,29.420555114746094,29.420555114746094,13217900
05/04/2023,28.908805560139804,29.17916060768104,28.030147972319504,28.570859909057617,28.570859909057617,11413100
06/04/2023,28.580519295573044,28.928118949118915,28.068772854487804,28.686729431152344,28.686729431152344,9087000
10/04/2023,28.24257445943099,29.62332283877923,28.203951251389064,29.584699630737305,29.584699630737305,8567500
11/04/2023,29.932301302624126,30.675781486654472,29.748844746718575,30.24127960205078,30.24127960205078,8091600
12/04/2023,31.119935470217285,31.18752423896703,29.459176289309898,29.6040096282959,29.6040096282959,12271400
13/04/2023,29.95161163266294,31.004070071350192,29.61366594141968,30.733713150024414,30.733713150024414,9263000
14/04/2023,30.801302748245593,31.255114388220974,29.25640943362843,29.884023666381836,29.884023666381836,12067300
17/04/2023,30.077133282540938,31.042693186825108,29.990232909571922,30.984758377075195,30.984758377075195,7485500
18/04/2023,31.399948656489798,31.428914219725343,30.038511934743724,30.598535537719727,30.598535537719727,9276700
19/04/2023,30.106100516265588,30.994412160844057,29.855055200410693,30.78199005126953,30.78199005126953,6638700
20/04/2023,30.11575785852968,30.78199162604743,29.79712375703895,30.24127960205078,30.24127960205078,7727300
21/04/2023,30.434392897800016,30.51163747503683,29.449523156788665,30.366804122924805,30.366804122924805,7632800
24/04/2023,30.231623799986707,30.76268186357521,29.7778121529108,30.24127960205078,30.24127960205078,7420900
25/04/2023,29.36262069023075,29.478488468678616,28.001183962161566,28.0301513671875,28.0301513671875,12626300
26/04/2023,27.59564587315706,28.165325205535897,27.006654939965742,27.209423065185547,27.209423065185547,12510600
27/04/2023,27.479781045738616,28.348784758584003,26.968036461125017,28.242572784423828,28.242572784423828,11612300
28/04/2023,28.078428080325466,29.2853756454042,28.01083931134599,28.96674156188965,28.96674156188965,11188700
01/05/2023,28.86052912636938,30.028855308386234,28.763974796028247,29.063297271728516,29.063297271728516,9905500
02/05/2023,28.599832432209222,28.599832432209222,26.369391840634744,27.238393783569336,27.238393783569336,18515100
03/05/2023,27.499089200712298,29.121226805761747,27.450812041232133,27.557024002075195,27.557024002075195,14985200
04/05/2023,27.02596936322212,27.14183713854198,25.81902181122941,26.630090713500977,26.630090713500977,17831100
05/05/2023,27.89497249323618,28.744664639574143,27.81772792008326,28.45499610900879,28.45499610900879,11373500
08/05/2023,28.84121876258576,28.976396295563116,27.788760377290114,28.252227783203125,28.252227783203125,9588600
09/05/2023,27.701860879978405,28.339129043571273,27.315638029566944,27.991527557373047,27.991527557373047,8169100
10/05/2023,29.15985518430827,29.15985518430827,27.585994459283516,28.406719207763672,28.406719207763672,14294600
11/05/2023,27.817728511672215,28.088085444284943,27.267360686046242,27.721172332763672,27.721172332763672,12369800
12/05/2023,27.97221868129204,28.2522314261721,27.035627947534334,27.52806282043457,27.52806282043457,11692300
15/05/2023,27.808071369508887,28.95708597567057,27.585993457880615,28.53223991394043,28.53223991394043,10040400
16/05/2023,27.952905432248258,28.001182596614594,27.267358279980485,27.29632568359375,27.29632568359375,10759900
17/05/2023,27.817727611572813,29.275720525113243,27.22873843843493,29.14054298400879,29.14054298400879,13502000
18/05/2023,28.802593885641887,29.787463447266944,28.532236993728443,29.613662719726562,29.613662719726562,12668000
19/05/2023,30.24127364414787,30.28955264495669,28.628791850244824,29.0150146484375,29.0150146484375,12015600
22/05/2023,29.30468805513316,30.482668248080977,29.00536556641761,30.11575698852539,30.11575698852539,11215500
23/05/2023,29.903330833447534,31.245457716385538,29.661941331538884,29.710220336914062,29.710220336914062,13842300
24/05/2023,29.227443073969297,29.323999248815078,28.29085057211785,28.735008239746094,28.735008239746094,13979600
25/05/2023,28.599828010064936,28.69638233417367,27.325289936954917,28.039804458618164,28.039804458618164,16427900
26/05/2023,28.09773886701592,29.063296891025708,27.933593929268024,28.9088077545166,28.9088077545166,14127800
30/05/2023,29.227446315591767,29.632980821597275,28.261888143355414,28.628799438476562,28.628799438476562,14296100
31/05/2023,28.232918791819788,28.860531192241407,27.083904130285607,27.721172332763672,27.721172332763672,14167200
01/06/2023,27.827387301343915,28.93777887386662,27.36391980281105,28.638456344604492,28.638456344604492,12506400
02/06/2023,29.78747068137321,31.77652004722868,29.50745792085374,31.728242874145508,31.728242874145508,21665800
05/06/2023,31.380635528313174,31.380635528313174,29.884021339779004,30.434389114379883,30.434389114379883,19791900
06/06/2023,30.14472847500651,33.19589429732797,30.13507267132422,32.87725830078125,32.87725830078125,20177700
07/06/2023,33.47590054327737,34.99183028406444,33.47590054327737,34.7021598815918,34.7021598815918,22565900
08/06/2023,34.38352356817257,34.74077902384814,33.388999931662205,34.229034423828125,34.229034423828125,17342100
09/06/2023,34.171106842286505,34.30628441177047,33.12830581818698,33.417972564697266,33.417972564697266,15596700
12/06/2023,33.54348714173113,34.306275176083,32.98346172370639,33.84280776977539,33.84280776977539,15516800
13/06/2023,34.21937300893518,35.561501676436706,34.09385312526639,35.0014762878418,35.0014762878418,18526400
14/06/2023,35.21390269859207,35.70633567555399,33.09932824561453,33.881431579589844,33.881431579589844,22490200
15/06/2023,33.36003569114371,34.71181866950274,33.29244691055698,34.644229888916016,34.644229888916016,14357000
16/06/2023,34.88561215554295,35.23321363069393,33.331063160179696,33.77521896362305,33.77521896362305,13646600
20/06/2023,33.36002627324911,33.57245019987342,32.6165462133753,33.350372314453125,33.350372314453125,10356700
21/06/2023,32.95964386994089,33.76638420866281,32.50281482474717,33.144317626953125,33.144317626953125,11513200
22/06/2023,32.8527265320032,32.8527265320032,31.900192280840354,32.35702133178711,32.35702133178711,10936600
23/06/2023,30.947654987850196,31.832151256121016,30.60746368761678,30.7726993560791,30.7726993560791,14358000
26/06/2023,30.840738371483905,31.987668129291034,30.743540588740444,30.986534118652344,30.986534118652344,13327000
27/06/2023,31.190648339376295,32.61945142181279,30.801859078605403,32.318138122558594,32.318138122558594,12816600
28/06/2023,32.08487001826256,32.8527306052917,31.64748454940154,32.79441452026367,32.79441452026367,13169800
29/06/2023,32.95964436767972,34.26208992004395,32.85272661439958,34.01909637451172,34.01909637451172,13960700
30/06/2023,34.86470736394697,34.97162510032732,34.14544865922096,34.30096435546875,34.30096435546875,13820700
03/07/2023,34.15516753178557,35.195179468907185,34.04824979301455,34.6994743347168,34.6994743347168,8486500
05/07/2023,34.242646891793875,34.29124485494374,33.30955265128354,33.50394821166992,33.50394821166992,12621100
06/07/2023,32.308422049939466,32.35702001538944,30.74354123716201,31.851593017578125,31.851593017578125,16671800
07/07/2023,31.939070484573197,33.75666106832776,31.929348666918678,32.94992446899414,32.94992446899414,14005400
10/07/2023,32.76524016544869,34.62171021635576,32.54168660733579,34.592552185058594,34.592552185058594,11659100
11/07/2023,34.874427273196225,35.73948351799845,34.427316426624465,35.535369873046875,35.535369873046875,14659800
12/07/2023,37.236328984378886,37.39184469156029,36.4490286311429,36.70174026489258,36.70174026489258,19370200
13/07/2023,37.109971656807105,37.75147441833642,36.68230438504988,37.5959587097168,37.5959587097168,12597600
14/07/2023,37.518197548964295,37.537637475262486,35.74920504148403,36.48790740966797,36.48790740966797,17829800
17/07/2023,36.37127071894513,38.08194729016646,36.235194931918066,37.625118255615234,37.625118255615234,10396100
18/07/2023,37.69315202271258,39.24831270882677,37.5765161762847,39.03447723388672,39.03447723388672,11640400
19/07/2023,39.403826650044884,39.99673138028401,38.985877535541455,39.48158264160156,39.48158264160156,13507000
20/07/2023,39.578781068928485,39.578781068928485,37.98474435846124,38.4998893737793,38.4998893737793,12584800
21/07/2023,39.209431937811935,39.326067781504264,37.83894872412053,38.03334426879883,38.03334426879883,9865500
24/07/2023,38.14027173755292,39.09280607100791,37.78063859039065,38.315223693847656,38.315223693847656,10015800
25/07/2023,38.101387624760214,39.06363996203132,38.013909802482196,38.35409927368164,38.35409927368164,10928600
26/07/2023,38.179142671760694,39.6176639404264,38.16942456187889,39.1997184753418,39.1997184753418,12485200
27/07/2023,39.88009320586399,40.045330718770494,37.22660455279374,37.683433532714844,37.683433532714844,17147100
28/07/2023,38.81092446935016,39.394107421588224,38.53877291934397,39.12195587158203,39.12195587158203,13715000
31/07/2023,39.41354250157894,40.48271605960338,39.37466265413376,40.4438362121582,40.4438362121582,11417800
01/08/2023,39.65654260739003,39.97729584068543,38.655410469141266,39.8995361328125,39.8995361328125,13697000
02/08/2023,38.54849227288537,38.84008375841722,37.64455607228579,38.256900787353516,38.256900787353516,13422300
03/08/2023,37.751474114273854,38.538774468449695,37.04193346767501,37.926429748535156,37.926429748535156,14726500
04/08/2023,38.01390485074118,38.88867925178499,37.39184206570024,37.683433532714844,37.683433532714844,12177100
07/08/2023,37.91671952077094,38.14027689449358,36.779511258261806,37.76120376586914,37.76120376586914,8608400
08/08/2023,36.4490301500214,37.10997286003142,35.50621405031565,37.041934967041016,37.041934967041016,11693800
09/08/2023,36.87669511077059,36.87669511077059,35.65200940636594,36.15743637084961,36.15743637084961,12675700
10/08/2023,36.49762679266612,37.53763878530066,35.14658338397938,35.62285232543945,35.62285232543945,17221100
11/08/2023,35.17573995880135,36.1185559851604,35.049386000384395,35.73948669433594,35.73948669433594,10804900
14/08/2023,35.13686069147103,35.55480979748795,34.398158393856086,35.535369873046875,35.535369873046875,8976400
15/08/2023,34.87443658829488,34.94247448811859,34.048256263912336,34.17461395263672,34.17461395263672,11576800
16/08/2023,34.02880784120813,34.602272645013855,32.85272020031747,32.86244201660156,32.86244201660156,10716300
17/08/2023,33.086000489688196,33.299832278380066,31.666919140551922,31.705795288085938,31.705795288085938,10995300
18/08/2023,30.899054838051583,32.473651704748846,30.762977215254224,32.18206024169922,32.18206024169922,12802100
21/08/2023,32.18207049020749,32.4736620461156,31.326732046127592,31.977956771850586,31.977956771850586,10723800
22/08/2023,32.34730166026514,32.60973515113186,31.39476734589008,31.734960556030273,31.734960556030273,9296000
23/08/2023,31.793278143710737,32.87217019911737,31.482246667458618,32.66805648803711,32.66805648803711,9688800
24/08/2023,32.444498034637974,32.979083073429614,31.326726283520543,31.375324249267578,31.375324249267578,11422500
25/08/2023,31.76411547121706,32.22094450752716,30.490829855707556,31.676637649536133,31.676637649536133,15620600
28/08/2023,32.14318743274892,33.115161661033525,32.12374750324874,32.531978607177734,32.531978607177734,7586500
29/08/2023,32.46393206022797,33.96076915514724,31.96822325948649,33.85385513305664,33.85385513305664,8548500
30/08/2023,33.630301832903946,34.64115577042192,33.40674823845443,34.29124450683594,34.29124450683594,8495500
31/08/2023,34.39816700028512,34.96191382676644,34.01909764830711,34.06769561767578,34.06769561767578,6239800
01/09/2023,34.83555340584812,35.788087620299436,34.70919572917778,35.19518280029297,35.19518280029297,9147300
05/09/2023,34.58283599434071,34.70918994215711,32.98879555231414,33.047115325927734,33.047115325927734,11088800
06/09/2023,33.12487985133556,33.669182986570604,32.084864129824965,32.658329010009766,32.658329010009766,8887100
07/09/2023,32.10430453565947,32.201504173962206,31.278128002915125,31.705795288085938,31.705795288085938,7626400
08/09/2023,31.754392177923364,31.89047166693862,31.18093101640037,31.491962432861328,31.491962432861328,6651100
11/09/2023,32.08486154970552,32.33757687741702,31.56971649305884,31.647476196289062,31.647476196289062,6831800
12/09/2023,31.462797371545022,32.14317991374514,31.317003496079217,31.598873138427734,31.598873138427734,6350200
13/09/2023,31.705791362736758,31.890468798754355,30.62690146565834,30.94765281677246,30.94765281677246,8592600
14/09/2023,31.676631490418824,32.4444918083411,31.530833913370046,32.17233657836914,32.17233657836914,9388000
15/09/2023,31.764114368571366,31.909911968907473,30.724102362349015,31.151769638061523,31.151769638061523,8810700
18/09/2023,31.190649418154397,31.219807455037298,30.519986761445285,30.54914665222168,30.54914665222168,5179000
19/09/2023,30.565681573551828,30.974131731624343,29.85575687294151,30.1864070892334,30.1864070892334,6902600
20/09/2023,30.497605718817272,31.06165573941238,29.252804841860517,29.281980514526367,29.281980514526367,8576700
21/09/2023,28.57205370397576,28.698479762718566,27.871854260966195,27.910755157470703,27.910755157470703,9709100
22/09/2023,28.0760793678086,28.465079046038166,27.60927789903634,27.66762924194336,27.66762924194336,8381900
25/09/2023,27.191105158036795,28.192781048612254,27.113305214926847,28.017730712890625,28.017730712890625,7984800
26/09/2023,27.492583057859157,28.18305735870084,26.899357300028313,26.967432022094727,26.967432022094727,9582100
27/09/2023,27.43422890198014,28.11497976285528,26.96742926561272,27.70652961730957,27.70652961730957,12687000
28/09/2023,27.696803566243034,28.863804477222192,27.648179301159242,28.445629119873047,28.445629119873047,11185200
29/09/2023,29.038852609924476,29.126377764393645,27.696801477995017,27.94965171813965,27.94965171813965,14605000
02/10/2023,27.784329408251505,27.94965451044374,26.26722967071487,26.66595458984375,26.66595458984375,15886800
03/10/2023,26.16997715511038,26.432552623397655,24.993252941884528,25.353076934814453,25.353076934814453,17674400
04/10/2023,25.25582655527509,25.547577693893185,24.419477742988658,25.353076934814453,25.353076934814453,21278600
05/10/2023,25.148851730000263,25.644826975000118,24.779300674558822,25.430875778198242,25.430875778198242,14952700
06/10/2023,24.94462972103899,26.510355634221973,24.565355237183503,26.092180252075195,26.092180252075195,16792600
09/10/2023,25.58647886767923,26.802104076109977,25.537854601300744,26.558979034423828,26.558979034423828,10315700
10/10/2023,26.695132256389606,27.93993137302498,26.685407031428767,27.43423080444336,27.43423080444336,14891700
11/10/2023,27.52175242359413,28.037178150641168,26.70485218124252,27.278627395629883,27.278627395629883,14354900
12/10/2023,27.385603889677387,27.385603889677387,25.022428244438355,25.450328826904297,25.450328826904297,20247200
13/10/2023,25.69345556514136,25.858780674668832,24.52645457378309,24.789030075073242,24.789030075073242,15459300
16/10/2023,25.391977325487048,26.131077598486723,25.10022619264954,25.93657684326172,25.93657684326172,10905800
17/10/2023,25.46977753974726,27.492577626008913,25.460052316388225,26.870176315307617,26.870176315307617,15406600
18/10/2023,26.218598990479048,26.238049435565813,25.032149663634538,25.178024291992188,25.178024291992188,16254800
19/10/2023,24.944630392311215,25.508680448435356,23.84570595456653,23.981855392456055,23.981855392456055,22839400
20/10/2023,23.92350340627223,24.05965282997928,22.989902323275448,23.038528442382812,23.038528442382812,18430800
23/10/2023,22.668979474706816,23.398354635391435,22.250804085797455,22.44530487060547,22.44530487060547,17462900
24/10/2023,22.980177845835495,23.456704554081032,22.55227911317351,22.951004028320312,22.951004028320312,16050300
25/10/2023,22.367503580945314,22.639804292302294,21.706203178290394,21.86180305480957,21.86180305480957,19161800
26/10/2023,22.007679676923157,22.639806318618078,21.618679950808826,22.027130126953125,22.027130126953125,24841500
27/10/2023,22.124373031243806,22.25079720383936,20.98654805829827,21.219947814941406,21.219947814941406,23743400
30/10/2023,21.79372926190027,22.202179418752223,21.0838045634114,21.56032943725586,21.56032943725586,18459900
31/10/2023,21.647850306495847,22.27997493796669,21.424175750804043,22.14382553100586,22.14382553100586,15889200
01/11/2023,22.066030380616493,22.52310481354928,21.501980330549596,22.44530487060547,22.44530487060547,22659800
02/11/2023,23.369177381468482,24.29305133627997,23.20385229514902,24.254152297973633,24.254152297973633,22600900
03/11/2023,25.47950706741979,26.68540714420511,25.46978184241785,26.179706573486328,26.179706573486328,22303200
06/11/2023,26.199154854151665,26.335304283111373,24.798754103077357,25.246103286743164,25.246103286743164,15276300
07/11/2023,24.866827947022415,25.29472852221184,24.43892737183299,25.00297737121582,25.00297737121582,14665600
08/11/2023,24.9154523321509,25.10995123104738,23.884600933902583,24.137451171875,24.137451171875,18440200
09/11/2023,24.604251638218194,24.613976861746583,22.882927881421402,23.01907730102539,23.01907730102539,23109700
10/11/2023,23.359457213228506,23.981856799992585,22.785681898593968,23.748456954956055,23.748456954956055,19905700
13/11/2023,23.359453802030714,24.01102896986077,23.05797742318173,23.7581787109375,23.7581787109375,15645900
14/11/2023,25.887954091008407,27.66762924194336,25.878228867190572,27.66762924194336,27.66762924194336,32982200
15/11/2023,27.648180069991746,29.19445548533394,27.492580191520556,27.813505172729492,27.813505172729492,33433800
16/11/2023,27.492582731495244,27.725982570765286,26.101907066143003,26.520082473754883,26.520082473754883,25068400
17/11/2023,27.152204414771674,27.667630164930856,26.967428865862257,27.531478881835938,27.531478881835938,18584900
20/11/2023,27.628729340564167,28.13442986790263,27.249454872508743,27.969104766845703,27.969104766845703,16567700
21/11/2023,27.434230533701918,27.58010705177788,26.841006656121124,26.879905700683594,26.879905700683594,14471700
22/11/2023,27.385604165279943,27.93992895581154,27.054953964805513,27.366153717041016,27.366153717041016,16218300
24/11/2023,27.32725435475513,28.07607990909433,27.191103073577302,27.901029586791992,27.901029586791992,6932100
27/11/2023,27.502302765738893,27.784326822706518,26.918802350248043,27.628726959228516,27.628726959228516,10547300
28/11/2023,27.531477349943703,27.813503269686624,26.889627431442197,27.268903732299805,27.268903732299805,14663600
29/11/2023,27.95937988406614,28.970780951092422,27.58010541137972,27.70652961730957,27.70652961730957,19984000
30/11/2023,28.183054133844198,28.4553548458488,27.58983029879028,27.969104766845703,27.969104766845703,17972100
01/12/2023,27.76488022408378,30.555956639977214,27.30780579363162,30.46843147277832,30.46843147277832,32475000
04/12/2023,30.089153534919312,31.450653300390112,29.991903154193526,31.402029037475586,31.402029037475586,25186800
05/12/2023,30.944951609022457,30.944951609022457,29.92382728809312,30.11832618713379,30.11832618713379,22320600
06/12/2023,30.76017943543168,31.839657068190853,29.826580166391633,29.884929656982422,29.884929656982422,24661100
07/12/2023,30.059979493235005,30.64347995431389,29.61263031450919,30.63375473022461,30.63375473022461,16642000
08/12/2023,30.47815189667203,31.722950780942092,30.30310158984739,31.25615119934082,31.25615119934082,23503300
11/12/2023,31.197805596649502,31.645154761016517,30.799078841374552,31.421480178833008,31.421480178833008,16156000
12/12/2023,31.34367982700765,31.66460666169003,30.526779541208715,31.35340690612793,31.35340690612793,16618900
13/12/2023,31.382580932404192,34.68907928466797,30.662931029161342,34.68907928466797,34.68907928466797,37003600
14/12/2023,36.39095650465893,38.07338515232604,36.16728189890868,37.36345672607422,37.36345672607422,40367700
15/12/2023,37.48014874044124,37.82052223699974,35.807447649255714,36.410396575927734,36.410396575927734,32531500
18/12/2023,36.89665152275864,37.36345111374517,36.20617735961981,36.439579010009766,36.439579010009766,18903100
19/12/2023,37.16896351156409,38.754136366122346,36.92583843094903,38.56936264038086,38.56936264038086,21232000
20/12/2023,38.335957098702416,39.65855799861112,36.22563339060834,36.27425765991211,36.27425765991211,35117000
21/12/2023,37.50485692227636,38.20917467550705,36.92770848151308,38.19939041137695,38.19939041137695,25061300
22/12/2023,38.76674983572503,39.881916879889886,38.40480677418882,39.13846969604492,39.13846969604492,25878800
26/12/2023,39.539535447179595,40.90904095104486,39.246071048237695,40.58623123168945,40.58623123168945,18079800
27/12/2023,40.850351488381136,41.456848881571354,40.234077296014405,40.99708557128906,40.99708557128906,27427600
28/12/2023,40.46885378283071,41.241646443314394,40.12647917709912,40.48841857910156,40.48841857910156,18792700
29/12/2023,40.19495121719078,40.51776100351347,38.55154576426689,38.590675354003906,38.590675354003906,24925300
02/01/2024,37.778759891510404,39.0406613983823,37.221176199004915,37.896148681640625,37.896148681640625,26443700
03/01/2024,36.61468050368472,36.78097568379144,34.589770622553,34.76585006713867,34.76585006713867,35973600
04/01/2024,34.726710782346025,35.41146357226208,34.511501803103194,34.61910629272461,34.61910629272461,23818700
05/01/2024,33.95391869896132,35.411463993873454,33.72892918689348,34.24738311767578,34.24738311767578,29144900
08/01/2024,34.237610768274216,36.21361046612131,33.719156713610595,36.18426513671875,36.18426513671875,23375900
09/01/2024,34.756066742388825,35.53864373130815,34.19848306332618,35.078880310058594,35.078880310058594,24763100
10/01/2024,34.971270102981954,35.31364468127903,34.07131193625649,35.127784729003906,35.127784729003906,22593300
11/01/2024,34.81475761260802,34.95170745232779,33.08331235700111,34.31586837768555,34.31586837768555,30844000
12/01/2024,35.50928169869372,36.096214226002424,33.77783690027679,34.09086608886719,34.09086608886719,24888800
16/01/2024,33.26917436646861,33.58220738856704,32.427910480515635,32.8289794921875,32.8289794921875,19770500
17/01/2024,31.42033373903887,32.32029545534928,31.097524020733484,32.08552169799805,32.08552169799805,20018900
18/01/2024,32.68223874332891,32.9267930600948,31.43012183560045,32.66267395019531,32.66267395019531,25282600
19/01/2024,32.94635972348707,33.76806242372997,31.91923228108418,33.572418212890625,33.572418212890625,29809300
22/01/2024,34.44303666868961,35.83210743449323,34.403907073798564,35.734283447265625,35.734283447265625,28179600
23/01/2024,36.575549621797194,36.79075865351787,34.81475896951031,35.31364822387695,35.31364822387695,28797500
24/01/2024,36.63424466584152,36.69293532528342,34.34521565752054,34.46260070800781,34.46260070800781,31716500
25/01/2024,35.90057897190121,36.19404344268341,34.491943541581534,35.26473617553711,35.26473617553711,26534700
26/01/2024,35.80276010274771,36.301653132709426,34.97127669494984,35.294090270996094,35.294090270996094,23777200
29/01/2024,35.382118859811925,37.123348236083984,34.80497422030727,37.123348236083984,37.123348236083984,21167900
30/01/2024,36.55598508116268,36.84944956999863,35.83210625747424,36.18426513671875,36.18426513671875,20866100
31/01/2024,35.881014891975795,36.8298869736473,33.42568710354423,33.45503616333008,33.45503616333008,39264200
01/02/2024,34.25716983543501,34.971268007088106,32.78984390506768,34.88322830200195,34.88322830200195,34124200
02/02/2024,33.62133295690037,34.824539981384696,33.17135382220284,34.2669563293457,34.2669563293457,29052200
05/02/2024,33.24960482720007,33.54306924579832,31.94857413822437,32.9072265625,32.9072265625,26836200
06/02/2024,32.79963354612499,33.87567509955977,32.45725889325256,33.77785110473633,33.77785110473633,17261600
07/02/2024,34.00283599909296,34.05174985555082,32.956143654471965,33.56264114379883,33.56264114379883,20337500
08/02/2024,33.611554053240326,35.16692003473183,33.288740485570564,35.078880310058594,35.078880310058594,17680300
09/02/2024,35.450598362849384,36.84944573857563,35.206044025646406,36.761409759521484,36.761409759521484,24657700
12/02/2024,37.045091351201094,39.060220509097995,37.01574602374344,38.71784591674805,38.71784591674805,26707400
13/02/2024,34.9027955227559,35.597328949177935,33.073530113868614,33.983272552490234,33.983272552490234,43584500
14/02/2024,35.5484141320956,36.68314596467202,34.814751212802165,36.36033248901367,36.36033248901367,26877300
15/02/2024,37.279858862933175,39.34389779483608,37.172254371643064,39.12868881225586,39.12868881225586,27664200
16/02/2024,37.808102949877494,38.72762593689628,37.23095455068402,37.55376434326172,37.55376434326172,25977200
20/02/2024,36.18426882914354,36.45816854912674,35.49951579758173,35.988624572753906,35.988624572753906,18767100
21/02/2024,35.30386290724918,35.685367061525895,34.64845536837151,35.479942321777344,35.479942321777344,17478200
22/02/2024,35.822314489752436,36.595107009376804,35.42124556831238,36.28207778930664,36.28207778930664,22465700
23/02/2024,36.30164734383351,37.133130619038134,35.75384427105204,36.497291564941406,36.497291564941406,20892800
26/02/2024,36.34077362313007,37.407030612831136,36.04730545240646,37.182037353515625,37.182037353515625,16798700
27/02/2024,38.189609069616075,38.82544815527294,37.896144589189575,38.65915298461914,38.65915298461914,17878100
28/02/2024,37.808101654052734,38.610239573696745,37.49507240402595,37.808101654052734,37.808101654052734,17600800
29/02/2024,39.31455591149286,39.80366461085676,37.827665017634224,38.44394302368164,38.44394302368164,25839300
01/03/2024,38.933052573189556,39.930834789471916,38.15047938343967,39.71562576293945,39.71562576293945,20256700
04/03/2024,40.35147436396172,40.78188874713326,39.451515999620185,39.56890106201172,39.56890106201172,20265700
05/03/2024,38.76675155811351,39.66670965773913,38.01352381041672,38.41459274291992,38.41459274291992,22096200
06/03/2024,39.696057443534336,39.754748089787256,38.62980050124219,39.24607467651367,39.24607467651367,19328600
07/03/2024,40.0873452491959,40.86991835737972,39.91126583340417,40.1851692199707,40.1851692199707,14601600
08/03/2024,41.25142157336762,42.21007780707725,39.5297607746377,40.067779541015625,40.067779541015625,28041500
11/03/2024,39.598238084345695,40.116692088405465,38.90370465784994,39.167823791503906,39.167823791503906,13588000
12/03/2024,39.09934603156057,39.549325086569496,38.140693541131775,39.001522064208984,39.001522064208984,17980500
13/03/2024,38.96239846273252,39.93083154011612,38.913484610425805,39.44172286987305,39.44172286987305,12340900
14/03/2024,39.03087281061861,39.158038376278945,36.23317066044396,37.221168518066406,37.221168518066406,22609100
15/03/2024,36.878792254186756,37.837444742142665,36.771187756178975,37.465721130371094,37.465721130371094,13997400
18/03/2024,37.749407639916186,37.886357471693366,36.63424045932708,36.761409759521484,36.761409759521484,10819000
19/03/2024,36.013530042315715,37.609125410460564,35.9352166888384,37.26651382446289,37.26651382446289,11161300
20/03/2024,36.95326974526867,39.958475754294675,36.71833340715739,39.46902847290039,39.46902847290039,23736300
21/03/2024,40.26193991179332,41.358300926278545,40.17383923974265,40.74159622192383,40.74159622192383,18236900
22/03/2024,40.74158886874975,40.95694685804665,39.12641515158175,39.15578079223633,39.15578079223633,15137800
25/03/2024,39.429870829983194,40.17383277065438,39.32219183323976,39.34177017211914,39.34177017211914,10734300
26/03/2024,40.2031989775985,40.52623597237441,39.03831580428113,39.13620376586914,39.13620376586914,13640600
27/03/2024,39.99763319814194,41.63238535686122,39.63544324855389,41.60301971435547,41.60301971435547,16507800
28/03/2024,41.828163905629935,42.91473745963248,41.71069760454994,42.01415252685547,42.01415252685547,16670700
01/04/2024,42.278460459572244,42.278460459572244,40.57518578436474,40.800331115722656,40.800331115722656,14662000
02/04/2024,39.27324999375839,39.33198501359794,37.902799805181,38.54887008666992,38.54887008666992,19153700
03/04/2024,37.89301194927366,39.59629032574735,37.84406796239173,39.234100341796875,39.234100341796875,17176800
04/04/2024,40.49687110016053,40.7807514481967,37.74617949126054,38.00069046020508,38.00069046020508,19387500
05/04/2024,37.687442047157475,39.106839962004614,37.54060636368874,38.431400299072266,38.431400299072266,16504000
08/04/2024,39.24388309386198,39.49839403664108,38.47055549458539,39.01873779296875,39.01873779296875,9890500
09/04/2024,39.39072134515909,39.80185529516722,38.392248379756516,39.488609313964844,39.488609313964844,12367500
10/04/2024,36.522559291070976,37.491662865091214,35.573030323192086,36.33656692504883,36.33656692504883,32304500
11/04/2024,36.87495875985468,37.38398441335069,35.88627683088229,37.09031677246094,37.09031677246094,19072400
12/04/2024,36.43445427336303,36.8162225286763,34.49624362272065,35.0444221496582,35.0444221496582,20197600
15/04/2024,35.35767753349352,35.827546568169346,33.07685469428458,33.52714538574219,33.52714538574219,20919800
16/04/2024,32.80276152764563,33.70334664211864,32.244791817210434,33.10622024536133,33.10622024536133,22133500
17/04/2024,33.78164853377,33.88932752936932,32.058795806739845,32.117530822753906,32.117530822753906,18349200
18/04/2024,32.36225623860692,33.33135978404315,31.618294264834905,31.9217529296875,31.9217529296875,20720300
19/04/2024,31.46167844744077,32.68529695416568,31.177799924769303,32.03922653198242,32.03922653198242,21376200
22/04/2024,32.58739851908762,33.605449686478785,31.931537267988762,33.0964241027832,33.0964241027832,16009100
23/04/2024,33.09643218889636,35.15210962966806,33.027909856483106,34.750762939453125,34.750762939453125,15786900
24/04/2024,34.56477033594139,34.956325942969876,33.67397638215431,34.329833984375,34.329833984375,16634000
25/04/2024,33.096426456021256,33.82080634011107,32.24478549922629,33.654396057128906,33.654396057128906,16726400
26/04/2024,33.89911608983898,34.83885387230879,33.605448499590416,34.58434295654297,34.58434295654297,12992200
29/04/2024,35.03463527319305,35.64154882146648,34.8388556251153,35.37724685668945,35.37724685668945,13450900
30/04/2024,34.437512133515476,34.701814122134934,33.16494990749278,33.21389389038086,33.21389389038086,14675000
01/05/2024,33.2138920269949,35.47513975775292,32.79296707623666,33.43903732299805,33.43903732299805,24441200
02/05/2024,34.68223545295685,35.33809303264242,33.536926846476526,35.24999237060547,35.24999237060547,14816200
03/05/2024,37.08053305936173,37.46230140289967,35.88628030537164,36.248470306396484,36.248470306396484,19265400
06/05/2024,37.109895034351275,37.814700358340794,37.06095105000459,37.599342346191406,37.599342346191406,9182700
07/05/2024,37.81469837344915,38.5586566053537,37.65807539124891,37.853851318359375,37.853851318359375,9730800
08/05/2024,36.65960392218744,37.3448308966014,36.56171222059311,37.29588317871094,37.29588317871094,8137100
09/05/2024,37.364402922213266,38.41182351890772,37.04136966472829,38.29435348510742,38.29435348510742,7935800
10/05/2024,38.597818256951065,38.75444125932882,37.11968517121073,37.47208786010742,37.47208786010742,10554700
13/05/2024,38.421616424940225,38.6859184382588,37.61892308116687,37.64828872680664,37.64828872680664,7650400
14/05/2024,38.96000193412479,39.341770207146816,38.3335100261721,38.83274459838867,38.83274459838867,11816800
15/05/2024,40.183625452009466,40.467505802481426,39.33198813478039,40.222782135009766,40.222782135009766,14158700
16/05/2024,39.938889792657044,40.20319172227069,39.40049863271179,39.43965530395508,39.43965530395508,10558500
17/05/2024,39.380925315521026,39.68438395504861,39.0285226977951,39.44944763183594,39.44944763183594,9729300
20/05/2024,39.39071559466814,40.22277441060807,39.26345826644913,39.74311447143555,39.74311447143555,7936500
21/05/2024,39.27324738620019,39.76269464980653,39.12641544763005,39.547340393066406,39.547340393066406,8030100
22/05/2024,39.16556558196014,39.498389846711255,38.118148811693466,38.627174377441406,38.627174377441406,13356800
23/05/2024,39.057895609700275,39.106839592331674,36.170155824209445,36.659603118896484,36.659603118896484,18876600
24/05/2024,37.44271381471697,37.922373752378746,37.002210552412485,37.79511642456055,37.79511642456055,10644100
28/05/2024,38.60760639337003,38.685919763341,36.99243234668224,37.6580810546875,37.6580810546875,11529400
29/05/2024,36.179942225413924,36.434456903452826,35.78838663993424,36.023319244384766,36.023319244384766,11386300
30/05/2024,36.66939472855065,37.4329351371867,36.45404043284192,36.93369674682617,36.93369674682617,9501900
31/05/2024,37.4427174920458,38.147522780953395,36.405087898285906,37.824485778808594,37.824485778808594,13426000
03/06/2024,38.832747635536265,38.832747635536265,36.424667775684924,37.237152099609375,37.237152099609375,15886500
04/06/2024,36.44424489970028,36.6889685456028,35.61218599730632,35.75901794433594,35.75901794433594,16514500
05/06/2024,36.45403926526888,37.39377725513648,35.65134219796345,37.37419891357422,37.37419891357422,15246200
06/06/2024,36.88474865737364,37.23715130922538,36.268044016633084,36.571502685546875,36.571502685546875,12889900
07/06/2024,35.435989755006574,36.29741815768361,34.98569907817948,35.289154052734375,35.289154052734375,18135800
10/06/2024,34.349407731384744,35.719861508183286,34.09489680756074,35.64154815673828,35.64154815673828,12765500
11/06/2024,34.692024151789106,35.41640781704092,34.06553218951005,35.2010498046875,35.2010498046875,15076200
12/06/2024,37.912586526840755,38.66633579938687,36.49318864306394,36.8358039855957,36.8358039855957,31146300
13/06/2024,36.56171097106264,36.71833395407424,35.09336910500893,35.84711837768555,35.84711837768555,20339700
14/06/2024,34.554979873275286,34.799703532057954,33.69355154878802,34.124267578125,34.124267578125,20696700
17/06/2024,33.81102305038246,35.23042107931472,33.41946368578499,34.97590637207031,34.97590637207031,16287900
18/06/2024,34.956321276402036,35.60239148922783,34.74096702825086,35.13252258300781,35.13252258300781,13488000
20/06/2024,34.848646133010924,35.67091774323276,34.30046754898739,34.62350082397461,34.62350082397461,13982200
21/06/2024,34.6039206207051,34.88780093453839,33.889328052018286,34.8486442565918,34.8486442565918,10500900
24/06/2024,35.01506222006625,36.05269189756559,34.93674885534022,35.29894256591797,35.29894256591797,13711400
25/06/2024,35.24290639987367,35.252739157641386,34.55476336006559,34.92832565307617,34.92832565307617,10684000
26/06/2024,34.318822899072465,34.91849356668873,34.01407118681394,34.68255615234375,34.68255615234375,10142200
27/06/2024,34.93815912421159,35.70494924142452,34.59408384718391,35.68528747558594,35.68528747558594,12296500
28/06/2024,36.62903167212431,36.982935975735906,35.242908983044615,36.04902267456055,36.04902267456055,24353700
01/07/2024,36.412747547112176,36.5798668844846,34.80052070379012,35.19374465942383,35.19374465942383,16161300
02/07/2024,35.34121128167041,35.7147772830755,35.00696880674963,35.47883987426758,35.47883987426758,11369700
03/07/2024,35.704945345579176,36.22596895810733,35.380535619885535,35.45917892456055,35.45917892456055,11022500
05/07/2024,35.10527468019718,35.33137933753492,34.41712795128779,34.95781707763672,34.95781707763672,14259600
08/07/2024,35.78358814948373,36.393087751177724,35.4198511895153,35.60663604736328,35.60663604736328,15474100
09/07/2024,35.449346155811725,35.7540940854717,34.7317087326061,35.18391799926758,35.18391799926758,14895900
10/07/2024,35.655786083493204,36.314438167494835,35.2232386141532,36.21613311767578,36.21613311767578,15407400
11/07/2024,38.60499540359204,40.37451313883958,38.08397171629488,40.15823745727539,40.15823745727539,39074100
12/07/2024,41.36741005449459,42.478271692055074,41.1806251551839,41.4263916015625,41.4263916015625,28445800
15/07/2024,42.409450342241975,44.41490511157942,42.1145314055977,43.785743713378906,43.785743713378906,30843000
16/07/2024,44.97525777569969,48.42581688615278,44.916272481040465,48.258697509765625,48.258697509765625,39267100
17/07/2024,46.82342529296875,49.58583780205261,46.35155415707647,46.82342529296875,46.82342529296875,40427900
18/07/2024,46.18442556013224,48.337338066253096,43.422009627540454,44.080665588378906,44.080665588378906,39001900
19/07/2024,43.795583376266926,44.40508316032006,42.724041437314554,43.30405044555664,43.30405044555664,20222600
22/07/2024,43.81524122230546,45.584758864481536,42.44878039723671,45.30950164794922,45.30950164794922,26755500
23/07/2024,44.7098316311765,47.49190961393618,44.58203202858619,46.79393005371094,46.79393005371094,26763400
24/07/2024,45.80102748889548,47.560715852679735,43.66777313864301,43.785743713378906,43.785743713378906,33137300
25/07/2024,44.15931036087675,47.472244538737094,43.94303845245275,45.36848449707031,45.36848449707031,30263500
26/07/2024,47.423094231314955,48.33734194417193,46.05662966564434,47.639366149902344,47.639366149902344,29307300
29/07/2024,47.93428241784688,48.35700097358058,45.407803840609496,46.01730728149414,46.01730728149414,25028100
30/07/2024,46.587485878431764,47.668860467091534,45.59459110848699,46.459686279296875,46.459686279296875,21297800
31/07/2024,47.236304823371746,50.27397790202872,46.125439563189644,47.383766174316406,47.383766174316406,40439600
01/08/2024,47.25596509537698,47.93427903809848,41.69181371349244,42.714202880859375,42.714202880859375,45464200
02/08/2024,38.05447143545181,39.44059388924588,36.96326793457389,38.11345672607422,38.11345672607422,32878300
05/08/2024,32.06760445189436,35.79342463003825,31.418781191988163,34.426963806152344,34.426963806152344,41490100
06/08/2024,34.820183775372776,36.963267207916324,33.87644164455485,35.527992248535156,35.527992248535156,25419400
07/08/2024,37.28768392416717,37.34666921877013,34.01407320061752,34.26967239379883,34.26967239379883,22148400
08/08/2024,35.41985411446751,36.746994989965394,34.82018346888305,36.67818069458008,36.67818069458008,16871900
09/08/2024,36.78631780363621,36.79615056098772,35.63613269998718,36.422584533691406,36.422584533691406,13712200
12/08/2024,36.52088998854855,36.71750011626847,35.056120536409175,35.49850082397461,35.49850082397461,13008600
13/08/2024,36.21614094168726,37.405649551922586,35.59680849375641,37.169715881347656,37.169715881347656,18693100
14/08/2024,37.562939624302096,37.612092159449105,35.99986500599989,36.491397857666016,36.491397857666016,19297000
15/08/2024,38.870421826133196,39.853487605751546,38.18227503038068,39.29314041137695,39.29314041137695,18161600
16/08/2024,38.9392337150762,40.3450179927295,38.870419414779725,39.578224182128906,39.578224182128906,13851900
19/08/2024,39.784670362149704,41.023331502921216,39.67653253436448,41.00366973876953,41.00366973876953,12129700
20/08/2024,40.8365500118847,40.86604078280556,39.194828345492645,39.59788513183594,39.59788513183594,12577100
21/08/2024,40.40400560307679,41.200290304779564,39.60772465147269,41.07249069213867,41.07249069213867,14239300
22/08/2024,41.15112954597206,41.60333885414588,39.725683574460916,39.991111755371094,39.991111755371094,13300900
23/08/2024,40.87587408340439,44.17897172389633,40.639936662605926,43.736595153808594,43.736595153808594,28399800
26/08/2024,44.71965903838747,45.034239753202016,43.58913201633036,43.825069427490234,43.825069427490234,18831200
27/08/2024,42.881324274252485,43.16641422388722,42.16368677179464,42.80268096923828,42.80268096923828,11765100
28/08/2024,42.2718202123357,42.989457640347354,41.31824539356108,41.94740676879883,41.94740676879883,12324100
29/08/2024,42.77318726240613,44.03151391745868,41.82944508369027,42.78302001953125,42.78302001953125,15916700
30/08/2024,43.24506232193725,43.716933413696545,41.908092353570204,43.461334228515625,43.461334228515625,15584200
03/09/2024,42.29148392556191,43.04844491197935,39.18499667940733,39.479915618896484,39.479915618896484,17630700
04/09/2024,39.12601357535422,40.57112133463933,38.546004670275664,39.243980407714844,39.243980407714844,13880400
05/09/2024,39.55857301831059,39.83383026716355,38.11346496163503,38.64432144165039,38.64432144165039,14824300
06/09/2024,38.62465341816139,39.32262918619275,35.99986596993198,36.422584533691406,36.422584533691406,21474400
09/09/2024,36.530719999249435,37.62192348854581,36.20631027951419,36.707672119140625,36.707672119140625,11826500
10/09/2024,36.80598045592594,36.894456523732664,35.292062045819506,36.6290283203125,36.6290283203125,14008300
11/09/2024,36.088343668806324,37.0910712084451,34.43679286823637,36.88462829589844,36.88462829589844,19590800
12/09/2024,37.40564618192002,38.90973913424319,36.61919443402757,38.300235748291016,38.300235748291016,14611600
13/09/2024,39.56839078629749,41.328079127500374,39.54872902409382,41.10197448730469,41.10197448730469,17966600
16/09/2024,41.534521385847285,41.92774912385886,40.69891713019474,41.57384490966797,41.57384490966797,13270300
17/09/2024,42.61590162995405,43.91354820726085,42.006401873970184,42.48810577392578,42.48810577392578,17276700
18/09/2024,42.42911878099193,45.74204939911676,41.8687715881669,42.52742385864258,42.52742385864258,35087100
19/09/2024,45.614252338516884,45.614252338516884,43.75625491936707,45.1522102355957,45.1522102355957,22934800
20/09/2024,44.739316479249965,44.75897824243653,43.51048440582399,43.746421813964844,43.746421813964844,14399600
23/09/2024,44.31660094703342,44.591858126797064,42.7830171952835,43.2155647277832,43.2155647277832,12979900
24/09/2024,43.62187974235054,43.86783080004244,42.46099044981159,43.385765075683594,43.385765075683594,11893100
25/09/2024,43.287381566386046,43.503819675150744,41.73296924510302,41.85102844238281,41.85102844238281,14746800
26/09/2024,43.38575840698412,43.759605008029204,42.17567983948753,42.421630859375,42.421630859375,14488800
27/09/2024,43.572684959412584,44.566325459841494,42.80531520115827,43.24802780151367,43.24802780151367,15578300
30/09/2024,42.706937611557734,43.985882244300626,42.234712074217974,43.62187576293945,43.62187576293945,12567100
01/10/2024,43.14965309997376,43.23819562868033,40.86722764099911,41.762489318847656,41.762489318847656,14760400
02/10/2024,41.26074417507209,42.2642248456566,40.80819517252858,41.595237731933594,41.595237731933594,8840200
03/10/2024,40.8081983878814,41.3689664901986,40.168727899880054,40.729496002197266,40.729496002197266,13549100
04/10/2024,42.47082209093458,42.88402177316101,41.388639059286845,42.43147277832031,42.43147277832031,14836200
07/10/2024,42.10682150328579,42.116661647501104,40.513059655708005,41.408321380615234,41.408321380615234,11991000
08/10/2024,41.48701858520508,41.910054663627506,40.98528012747252,41.48701858520508,41.48701858520508,9841300
09/10/2024,41.41815761791559,42.59872347403069,41.09350416541029,41.75265121459961,41.75265121459961,10270200
10/10/2024,40.473707706256405,41.04431599326352,39.75553102816904,41.00496292114258,41.00496292114258,12885700
11/10/2024,40.985283872338954,43.66123256585656,40.92625426777656,43.5136604309082,43.5136604309082,11793400
14/10/2024,43.602203619541044,44.56633132445697,42.992246041515735,44.48762893676758,44.48762893676758,11935200
15/10/2024,44.21216087307744,45.97317135057256,43.88750742775402,44.50730514526367,44.50730514526367,15703900
16/10/2024,45.6091567227177,46.96680737337649,45.323852645239654,46.68150329589844,46.68150329589844,10742900
17/10/2024,46.83891845718218,46.83891845718218,45.58948667564082,46.287986755371094,46.287986755371094,10320600
18/10/2024,46.622478007473575,46.82907597800562,45.82559904887428,45.973167419433594,45.973167419433594,8869200
21/10/2024,45.94366114943882,46.02236354121842,43.493986813077804,43.789127349853516,43.789127349853516,11610900
22/10/2024,43.405437765526386,43.64155241127685,42.73645064763424,43.27754592895508,43.27754592895508,7813200
23/10/2024,42.55936752744169,43.02175669679803,41.04431192992915,42.14617156982422,42.14617156982422,11963500
24/10/2024,42.726619880892834,43.12997948274652,41.673949608910874,42.38228988647461,42.38228988647461,9870400
25/10/2024,43.267708640272446,43.62187875580536,41.65427033876934,41.87070846557617,41.87070846557617,11399400
28/10/2024,42.94305142095215,44.153130040506994,42.736449703143364,43.8973388671875,43.8973388671875,8631400
29/10/2024,42.8643501140165,43.51366075741389,42.3921245327198,43.49398422241211,43.49398422241211,7818100
30/10/2024,43.031605882797436,45.02872760344582,42.95289972980837,43.2972297668457,43.2972297668457,9936800
31/10/2024,43.12998079429701,43.43496147928129,41.0049636499011,41.073829650878906,41.073829650878906,12330800
01/11/2024,42.01827146132298,42.85450718316593,41.36896091701356,41.732967376708984,41.732967376708984,9177000
04/11/2024,41.42799513019426,43.27754806217622,41.09350155476045,42.36260986328125,42.36260986328125,7628400
05/11/2024,41.9198948713109,44.76308822631836,41.76248635953276,44.76308822631836,44.76308822631836,9508300
06/11/2024,52.08259613615267,52.69255747901613,49.810010699041634,52.515472412109375,52.515472412109375,30062400
07/11/2024,52.299029301501854,53.341863068253225,51.32506152612024,51.9055061340332,51.9055061340332,18091600
08/11/2024,51.610369829386485,53.23364833597852,51.42344837375061,53.00737380981445,53.00737380981445,11475400
11/11/2024,54.591297281922394,55.850565470198724,54.16826117125171,55.368499755859375,55.368499755859375,12709200
12/11/2024,54.227294339557496,55.44721337625522,51.8760025600713,52.47612380981445,52.47612380981445,15188700
13/11/2024,53.450083565340115,54.03052443595818,50.74462203670331,50.92170333862305,50.92170333862305,13780200
14/11/2024,51.42344447879293,51.738261513342614,48.373649296334605,48.84587860107422,48.84587860107422,15648900
15/11/2024,48.934420510038514,49.00328650092138,46.20928253981027,46.62247848510742,46.62247848510742,14397200
18/11/2024,47.03567560199479,47.90142051212853,46.40603782246821,46.88810348510742,46.88810348510742,11206300
19/11/2024,45.3828897784487,47.98996871309073,45.31402378319234,47.9112663269043,47.9112663269043,12244100
20/11/2024,47.63580245844728,48.03916582470219,46.26831508036799,48.01948928833008,48.01948928833008,13259100
21/11/2024,48.80652614124643,50.90203010280368,48.18672845485891,50.27239227294922,50.27239227294922,12961400
22/11/2024,50.96105340251448,53.23364230363442,50.76429182508556,52.90898513793945,52.90898513793945,12169500
25/11/2024,54.70935513605674,57.06064670138889,54.6798422093855,55.3389892578125,55.3389892578125,17338300
26/11/2024,54.49291307224088,54.80773011043097,53.32218744602869,54.109230041503906,54.109230041503906,12408100
27/11/2024,55.063531275962575,56.14571457169696,53.97150783498716,54.31583786010742,54.31583786010742,10235500
29/11/2024,55.23076856099906,55.97846187322503,54.67000045328723,54.98481750488281,54.98481750488281,7406300
02/12/2024,55.093038926744676,55.41769613610526,53.61733252692116,54.84708786010742,54.84708786010742,10894600
03/12/2024,54.60113927209037,55.04385196271747,53.194298806828485,53.696041107177734,53.696041107177734,8745800
04/12/2024,53.80424842390354,54.68967367342315,53.0565589099098,54.16825866699219,54.16825866699219,10203000
05/12/2024,53.89278983813794,54.109227950874235,52.00388768197934,52.20064926147461,52.20064926147461,10108900
06/12/2024,53.32219316225914,53.3812190176755,52.407254874150276,52.76142501831055,52.76142501831055,10513500
09/12/2024,53.84360237043206,54.36501738537743,51.915347076563215,51.9743766784668,51.9743766784668,11183000
10/12/2024,51.85632080530143,52.653203594064124,50.79381417319986,51.32506561279297,51.32506561279297,9587900
11/12/2024,52.564661150899916,52.918831279838024,51.34474223488149,51.99405288696289,51.99405288696289,12230700
12/12/2024,51.541501712998134,51.856318758447465,49.74114196889198,49.86903381347656,49.86903381347656,14514800
13/12/2024,49.66243759518568,49.98709479585261,48.09818870314352,48.86555480957031,48.86555480957031,13706700
16/12/2024,48.76717271172276,50.42980041837365,48.383489683489096,49.731300354003906,49.731300354003906,12484500
17/12/2024,49.0229711312335,49.47552021832671,47.68499665381387,47.9604606628418,47.9604606628418,14260200
18/12/2024,48.688472975449756,49.19021148127604,40.39500301947339,41.703460693359375,41.703460693359375,28071400
19/12/2024,42.92338416471537,43.58253126742567,40.699984267129985,40.99512481689453,40.99512481689453,18158800
20/12/2024,40.27694148943208,43.631713569067365,40.00147752193954,42.185523986816406,42.185523986816406,20054200
23/12/2024,42.00375473416505,42.35938448907009,40.680023851119664,41.816062927246094,41.816062927246094,13092800
24/12/2024,42.15193383964911,43.021250652252355,41.272740096981174,42.92246627807617,42.92246627807617,6856200
26/12/2024,42.339631953315966,44.46352627192493,41.7765526964638,44.25607681274414,44.25607681274414,10951100
27/12/2024,43.34724565826622,44.058501439299654,40.94674844737039,42.18157196044922,42.18157196044922,16865300
30/12/2024,41.193712152491116,41.86545642881047,39.662531787026964,41.22334671020508,41.22334671020508,12040300
31/12/2024,41.98400778387682,42.66562914186775,40.91711824783914,41.37153625488281,41.37153625488281,12629600
02/01/2025,42.408781506144905,43.25834073559484,40.60099796882015,41.40116500854492,41.40116500854492,16347000
03/01/2025,41.91485274513634,43.46579089138092,41.54934601324231,43.278099060058594,43.278099060058594,12439900
06/01/2025,44.02886812828116,44.81915444536531,43.09040147807642,43.30773162841797,43.30773162841797,13500000
07/01/2025,43.890566421447225,44.43388800326452,41.47031162784409,42.2507209777832,42.2507209777832,15186100
08/01/2025,41.154202187619035,42.003761456210405,40.126828013118654,41.65800857543945,41.65800857543945,17451800
10/01/2025,39.70204675973985,39.929253848383965,38.02268968990227,38.88212585449219,38.88212585449219,20510600
13/01/2025,37.58803199099094,39.188362421950494,37.31143269310191,39.069820404052734,39.069820404052734,14476000
14/01/2025,40.067558084504505,40.640514283283174,39.04018393065968,40.413307189941406,40.413307189941406,16190100
15/01/2025,43.525063717972564,43.57445590841924,42.15193670590652,42.76441192626953,42.76441192626953,16498500
16/01/2025,42.79405100800688,43.39664559291449,41.97413000849709,42.98174285888672,42.98174285888672,11323600
17/01/2025,44.344978992631596,44.344978992631596,43.05088643290582,43.47566223144531,43.47566223144531,11688200
21/01/2025,44.68085428736505,46.044100523600065,44.37461669441605,46.00458526611328,46.00458526611328,10687200
22/01/2025,45.797138052813196,46.00458751217345,44.809279177708106,45.056243896484375,45.056243896484375,9594300
23/01/2025,44.26595683629399,45.678595306386256,44.03874975088941,45.63908004760742,45.63908004760742,9324400
24/01/2025,45.32296582880535,46.162644357581584,44.87842858541337,45.23405838012695,45.23405838012695,8910400
27/01/2025,44.048624240008465,45.767500217794705,43.179307436968166,43.959716796875,43.959716796875,11671500
28/01/2025,44.08814370806254,44.522800266911574,43.17931156161846,44.06838607788086,44.06838607788086,8160900
29/01/2025,43.979478661522286,44.92782230070757,42.82368178945432,43.78190612792969,43.78190612792969,14153300
30/01/2025,45.08587396074553,45.984825296709516,44.18692262478154,45.06611633300781,45.06611633300781,11885000
31/01/2025,45.19454653526561,46.10337495185048,43.27810154700002,43.81154251098633,43.81154251098633,17625500
03/02/2025,40.90723660441654,43.238584194611036,40.45282241809256,42.30011749267578,42.30011749267578,18665900
04/02/2025,42.132183659792815,44.10790146295529,41.924730426489944,44.00911331176758,44.00911331176758,8527200
05/02/2025,44.6512235511493,45.47114448809257,43.959721559458806,45.43163299560547,45.43163299560547,7560000
06/02/2025,46.073739499021464,46.182404583335256,44.167171478923315,44.96733856201172,44.96733856201172,9787600
07/02/2025,45.04635945658035,45.28344722500502,43.12991475464465,43.337364196777344,43.337364196777344,12985200
10/02/2025,44.127656132551905,44.226444285547906,43.28797755819089,43.939964294433594,43.939964294433594,6880900
11/02/2025,42.77428475659343,43.57445173130152,42.65574275720852,43.169429779052734,43.169429779052734,6716700
12/02/2025,41.183834133889555,42.44829602543374,40.92699249076575,41.98400115966797,41.98400115966797,10884100
13/02/2025,42.74465172187811,43.45591128029487,42.023515233319934,43.31760787963867,43.31760787963867,10003000
14/02/2025,43.97947165821983,44.335101408379394,43.001489845281014,43.19906234741211,43.19906234741211,6617200
18/02/2025,43.27809945614477,44.157293267916614,42.94222728181122,43.900447845458984,43.900447845458984,6116500
19/02/2025,42.85331718300365,43.84117601490444,42.66562159317777,43.426273345947266,43.426273345947266,8048000
20/02/2025,43.169428735664056,43.27809380263308,41.48019115382407,42.211204528808594,42.211204528808594,8807800
21/02/2025,43.09040126017433,43.13979344817062,38.29928742526895,38.44746398925781,38.44746398925781,19264300
24/02/2025,39.000667625568255,39.000667625568255,37.07434208081628,37.62754440307617,37.62754440307617,12595600
25/02/2025,37.716454193485006,38.16099146500876,36.214908169884055,37.19289016723633,37.19289016723633,14077300
26/02/2025,37.509003102833724,38.71418838110998,36.88665094958074,37.3311882019043,37.3311882019043,12206000
27/02/2025,37.311428195082364,37.72632709189845,35.5135254387813,35.592552185058594,35.592552185058594,12863700
28/02/2025,35.18753694905733,36.70884073180939,34.85166473427289,36.689083099365234,36.689083099365234,12420500
03/03/2025,37.074337552674244,37.35094056421204,32.99448364259895,33.68598175048828,33.68598175048828,16594800
04/03/2025,32.293101751879924,34.14040036027843,30.969372736929877,32.530189514160156,32.530189514160156,18017100
05/03/2025,32.500558349719185,33.64647448886671,31.769541127395282,33.50817108154297,33.50817108154297,17682300
06/03/2025,32.174559229125606,33.290840673267795,31.275607916156794,31.9078369140625,31.9078369140625,19692400
07/03/2025,31.749782764369474,32.737641612138944,30.248238747745212,32.20419692993164,32.20419692993164,19808100
10/03/2025,31.00888866264535,31.63124079257165,28.82572151108561,29.744430541992188,29.744430541992188,19120000
11/03/2025,29.902487807073832,30.821196837980413,28.756571693136294,29.744430541992188,29.744430541992188,17547800
12/03/2025,30.752046126296943,31.068162550832888,29.210986800021093,29.872852325439453,29.872852325439453,21911800
13/03/2025,29.961759073171834,30.287752420785324,28.055191176690315,28.539241790771484,28.539241790771484,19203200
14/03/2025,29.42831478359077,30.6335018505857,29.033169753187448,30.56435203552246,30.56435203552246,13656400
17/03/2025,30.485324038924293,31.96711228111401,30.42605115261905,31.67075538635254,31.67075538635254,11447300
18/03/2025,31.186704027558427,31.206461657039608,30.4853251386978,30.910104751586914,30.910104751586914,9581100
19/03/2025,30.939739184204168,32.88582234368744,30.86071055079615,32.312862396240234,32.312862396240234,10610500
20/03/2025,31.344760081927813,32.72776394502571,31.29536789432768,31.700389862060547,31.700389862060547,11386400
21/03/2025,30.623623113719454,31.364517221309438,30.1395725228636,31.07803726196289,31.07803726196289,10929200
24/03/2025,32.51043494813373,33.537809067459655,32.391892940021506,33.39950942993164,33.39950942993164,9476200
25/03/2025,33.2835768103157,33.56102131270295,32.520600648852934,32.82777404785156,32.82777404785156,7861500
26/03/2025,32.936770017398764,33.333118752519624,31.38109074283322,31.767534255981445,31.767534255981445,10055200
27/03/2025,31.678353312681445,32.14406506197579,30.95501318400655,31.36127281188965,31.36127281188965,8743600
28/03/2025,31.252276602660867,31.301819720643753,28.913805146851708,29.429061889648438,29.429061889648438,13395500
31/03/2025,28.071559932842355,29.44887907432529,27.20949566295412,28.99307632446289,28.99307632446289,13435400
01/04/2025,28.73545048163489,29.706510078805813,27.724754873175822,28.9732608795166,28.9732608795166,11736500
02/04/2025,27.774299953914078,30.61811762244372,27.675211815405067,30.3505802154541,30.3505802154541,15733200
03/04/2025,26.040261242131297,26.90232360418317,24.2764986211137,24.454856872558594,24.454856872558594,21376800
04/04/2025,21.710127173273435,22.265018077301,19.421200540454386,21.12550926208496,21.12550926208496,41169600
07/04/2025,18.737494719421814,24.355770623491615,17.84570528336846,20.600345611572266,20.600345611572266,52709300
08/04/2025,22.67127744209646,22.760456572515743,18.083515231405173,18.945579528808594,18.945579528808594,32954900
09/04/2025,18.28169128171586,24.54403700223208,17.94479276852806,23.790969848632812,23.790969848632812,64126900
10/04/2025,21.80921535326055,22.18574799501592,18.97530492286604,20.778701782226562,20.778701782226562,37916000
11/04/2025,20.560706441034256,21.789394213608244,19.66891714206347,21.62094497680664,21.62094497680664,22797800
14/04/2025,22.800090203559105,22.889269324677162,21.155233798412965,22.41364860534668,22.41364860534668,22691900
15/04/2025,22.2947449598775,23.285622513649834,22.14611370480144,22.453285217285156,22.453285217285156,14248400
16/04/2025,22.066842010805704,22.453283624581356,20.94714939609596,21.809213638305664,21.809213638305664,16770800
17/04/2025,21.789394223905852,22.661367411272835,21.611035986037667,22.314559936523438,22.314559936523438,15564000
21/04/2025,21.79930814196193,21.878578277789284,20.26344855157608,20.957061767578125,20.957061767578125,14488800
22/04/2025,21.779487750980458,22.790183289584554,21.571404375946685,22.58209991455078,22.58209991455078,17961700
23/04/2025,24.544036919718383,25.465553326813538,23.44416225448237,23.563068389892578,23.563068389892578,19358900
24/04/2025,23.781059362030437,25.098926326078338,23.444160869872434,24.98992919921875,24.98992919921875,11578700
25/04/2025,24.45485634634644,25.04938320838696,23.999051725800815,24.98992919921875,24.98992919921875,13165300
28/04/2025,25.128654950915106,25.76281597000859,24.36567879360019,25.287195205688477,25.287195205688477,11542100
29/04/2025,25.089019731822884,26.03035417786977,24.55394682761073,25.723180770874023,25.723180770874023,10380900
30/04/2025,24.583671218949583,25.485369628447064,23.632429688470495,25.227741241455078,25.227741241455078,16656100
01/05/2025,25.534912916072656,26.317705136456564,24.791754811809415,25.683544158935547,25.683544158935547,17956900
02/05/2025,26.57533437105408,27.69502700962655,26.505973248123702,27.387853622436523,27.387853622436523,12314500
05/05/2025,26.63478643102685,27.41758056504223,26.4267030627132,26.81314468383789,26.81314468383789,9449900
06/05/2025,25.842086724381726,26.624880905022874,25.465554082646683,25.901538848876953,25.901538848876953,10774500
07/05/2025,26.426703128773905,26.614970383872723,25.624092879066726,26.119531631469727,26.119531631469727,18663100
08/05/2025,27.070774118763744,28.24991892178455,26.466338213946965,27.645483016967773,27.645483016967773,14125600
09/05/2025,27.744570081564284,28.06165058010463,27.11040908448359,27.447307586669922,27.447307586669922,10518500
12/05/2025,30.707295506203742,31.073921036755443,29.508334559977275,30.33076286315918,30.33076286315918,22020900
13/05/2025,30.816291008366324,31.083828390256357,30.370395371882935,30.667659759521484,30.667659759521484,12638800
14/05/2025,30.41994021949185,30.618114586913496,29.72632520864395,29.865047454833984,29.865047454833984,10677900
15/05/2025,29.726324057157832,30.429846152668482,29.230885322871867,30.419939041137695,30.419939041137695,8568900
16/05/2025,30.538843832223076,31.24236783042724,30.241581342245937,31.153188705444336,31.153188705444336,10596400
19/05/2025,29.785777425788467,30.766745934038664,29.53805804825209,30.72711181640625,30.72711181640625,8026900
20/05/2025,30.578480827401812,31.073919586679487,30.291125439845295,30.776655197143555,30.776655197143555,9041300
21/05/2025,29.6767845444018,30.11276932276725,28.022018895292486,28.180559158325195,28.180559158325195,18406900
22/05/2025,27.78420506043205,28.646267397686028,27.477031685135778,28.17064666748047,28.17064666748047,14321700
23/05/2025,26.704149374871886,28.15082961736556,26.674422369497098,27.853567123413086,27.853567123413086,14478500
27/05/2025,29.11198053100966,29.99386280367328,28.51745553454288,29.974044799804688,29.974044799804688,14105900
28/05/2025,29.974045443591365,30.11276769375326,28.893988778890836,29.032711029052734,29.032711029052734,12484500
29/05/2025,29.637146350610422,29.676782358423537,28.596725714851537,29.28042984008789,29.28042984008789,16738200
30/05/2025,28.83453657667213,29.30024833661288,28.150830549991905,28.8048095703125,28.8048095703125,18168700
02/06/2025,28.91380641095977,29.111980781504265,27.794113752085245,29.102073669433594,29.102073669433594,10708700
03/06/2025,29.369609027841303,30.707294055090316,29.00298540456385,30.489301681518555,30.489301681518555,19376900
04/06/2025,30.538844436112807,30.895560943098314,30.092950692329783,30.211854934692383,30.211854934692383,10880800
05/06/2025,30.310943063293784,30.77665481078686,29.538057928141473,30.211854934692383,30.211854934692383,24416900
06/06/2025,31.4702706287168,31.74771701793148,31.09373610835767,31.62881088256836,31.62881088256836,14272700
09/06/2025,32.520600280427345,32.70886565064328,31.94589327772207,32.26297378540039,32.26297378540039,14584700
10/06/2025,32.80795669555664,33.243941462245516,32.50078329045211,32.80795669555664,32.80795669555664,11098900
11/06/2025,33.31330074402056,33.461933882105726,32.25306211337968,32.401695251464844,32.401695251464844,19599300
12/06/2025,31.74771410476455,32.23324193392767,31.499994744608582,32.005340576171875,32.005340576171875,12748500
13/06/2025,30.677567295218143,31.371182319339674,29.94431815283335,30.25149154663086,30.25149154663086,21805100
16/06/2025,31.14328180239129,31.787353723990904,30.796474280748942,31.26218605041504,31.26218605041504,12201300
17/06/2025,30.528935715533507,31.133371604617007,30.221764214993033,30.26140022277832,30.26140022277832,12086500
18/06/2025,30.221765614525953,31.499998575561733,29.95422821943256,30.737022399902344,30.737022399902344,11717600
20/06/2025,31.371182335655018,31.420725455997083,30.211855554131112,30.53884506225586,30.53884506225586,12981700
23/06/2025,30.2217647121741,31.62881088256836,29.488515565623416,31.62881088256836,31.62881088256836,15861500
24/06/2025,32.30579068337311,33.04249994472957,31.907566792332954,32.78365707397461,32.78365707397461,12910300
25/06/2025,32.92303395297596,32.94294552709465,31.668633266582045,31.74827766418457,31.74827766418457,12293300
26/06/2025,32.076809386322886,33.281431003944526,32.01707467058561,33.21174240112305,33.21174240112305,12207300
27/06/2025,33.500454106357374,34.10773995275253,32.6144062564408,33.2714729309082,33.2714729309082,15712400
30/06/2025,33.77920776465745,33.77920776465745,33.19182970523533,33.39094161987305,33.39094161987305,11394300
01/07/2025,32.82347504504213,35.56125342028784,32.614405446465284,34.41636276245117,34.41636276245117,22513900
02/07/2025,34.58561654298642,35.85992698677931,34.127657904221756,35.84001541137695,35.84001541137695,15351900
03/07/2025,36.28801306559074,36.88534508239492,36.148635848186046,36.745967864990234,36.745967864990234,10747200
07/07/2025,36.00925231513793,36.616541975146724,34.46614154817346,35.14311981201172,35.14311981201172,19479600
08/07/2025,35.511475004199475,36.327834287253204,35.411920939256994,35.8499641418457,35.8499641418457,12798200
09/07/2025,36.477165993000035,36.984901606809004,35.76036456067876,36.95503234863281,36.95503234863281,15962200
10/07/2025,36.825615638815464,38.13974916677493,36.58668054384806,37.50259017944336,37.50259017944336,12862200
11/07/2025,36.7061460880036,36.875392570987316,35.89974821499047,35.93956756591797,35.93956756591797,14864500
14/07/2025,35.78027911039467,36.72605801278452,35.640901886457236,36.6762809753418,36.6762809753418,10902500
15/07/2025,37.09441361239184,37.1740599125683,34.53583508426464,34.565704345703125,34.565704345703125,19540200
16/07/2025,35.172991738346056,35.690677463866336,33.61992316855212,35.52143478393555,35.52143478393555,19584200
17/07/2025,35.571210864701975,37.044633100107234,35.39201050385255,36.86543273925781,36.86543273925781,12813500
18/07/2025,37.55236991392449,37.6021469495753,35.93956661507857,36.08890151977539,36.08890151977539,13825000
21/07/2025,36.69619007128181,37.11432171485209,35.60107633278699,35.67076873779297,35.67076873779297,12000900
22/07/2025,35.77032112505003,36.785788523102035,35.29245478439216,36.53689956665039,36.53689956665039,11713500
23/07/2025,37.28356856040118,38.2094358349762,36.92516783505029,38.19947814941406,38.19947814941406,10780300
24/07/2025,37.632010052179545,37.7713872623617,36.60658875063015,36.64641189575195,36.64641189575195,12196600
25/07/2025,37.024720776024964,37.0844554943447,36.09885352966206,36.984901428222656,36.984901428222656,10437000
28/07/2025,37.48268011451438,37.52249946312427,36.51698970301964,36.86543273925781,36.86543273925781,11596100
29/07/2025,37.562325978169355,37.622060703057755,35.830060731596404,36.158592224121094,36.158592224121094,12423500
30/07/2025,36.60658909734281,37.21387877409758,34.894231818328606,35.591121673583984,35.591121673583984,15240400
31/07/2025,35.06347729487314,35.80018647702062,34.296898855575186,34.5457878112793,34.5457878112793,17991800
01/08/2025,32.992721571507246,33.16196804755502,31.200721729895477,32.395389556884766,32.395389556884766,20912800
04/08/2025,33.09228470637586,34.515926361083984,32.91308431391709,34.515926361083984,34.515926361083984,12676000
05/08/2025,34.87431852955962,35.262584684709246,33.84889726875484,35.0634765625,35.0634765625,12530400
06/08/2025,35.11325952150576,35.13317109663732,34.36659254392333,34.934059143066406,34.934059143066406,10437000
07/08/2025,35.939564674627036,36.00925328032442,33.96836454687781,34.59556579589844,34.59556579589844,12670800
08/08/2025,35.12320937044178,35.36214444679426,34.505965803335485,34.764808654785156,34.764808654785156,9085100
11/08/2025,34.94400920928755,35.411921679333254,34.525877570497606,34.73494338989258,34.73494338989258,10041700
12/08/2025,35.47165251162132,37.880895608849464,35.14311729050268,37.781341552734375,37.781341552734375,17549400
13/08/2025,38.53796471962706,40.11094473156811,38.30898733771363,40.01138687133789,40.01138687133789,19199000
14/08/2025,38.55787485268309,38.737075196665636,37.38311873001703,38.42845153808594,38.42845153808594,19956900
15/08/2025,38.62756574243604,38.68730045988473,37.323390025631454,37.87094497680664,37.87094497680664,13566300
18/08/2025,37.890859019257235,38.5180565035046,37.771389576572076,38.27912521362305,38.27912521362305,7694200
19/08/2025,38.279122101484745,38.766942327350115,37.114319815342746,37.36320877075195,37.36320877075195,13827300
20/08/2025,37.2138789981907,37.4328987042656,36.1088113892768,36.95503234863281,36.95503234863281,16169000
21/08/2025,36.44730129634491,37.40303402763847,36.128723719247056,37.23379135131836,37.23379135131836,13258700
22/08/2025,37.870945629688165,41.853169049060355,37.78134545084252,41.564456939697266,41.564456939697266,28717300
25/08/2025,41.186145202272954,41.27574538231683,40.26027794106771,40.280189514160156,40.280189514160156,12488200
26/08/2025,40.48925683825099,41.534593576820896,40.3697911930052,41.235923767089844,41.235923767089844,10777100
27/08/2025,40.92730347584401,42.19165991898808,40.84765718127855,42.09210205078125,42.09210205078125,9900300
28/08/2025,42.679479221668515,42.679479221668515,41.78348121441507,42.24143600463867,42.24143600463867,9791700
29/08/2025,42.470417294324236,42.61975220809941,41.196106875022586,41.644107818603516,41.644107818603516,10667500
02/09/2025,39.921788427449236,41.18614482412903,39.64303400220287,40.937255859375,40.937255859375,11622900
03/09/2025,40.618679050021456,41.62419261322066,40.20054740431078,40.81779098510742,40.81779098510742,10347800
04/09/2025,41.0865909792819,42.34098969741125,40.75805572111455,42.301170349121094,42.301170349121094,10470800
05/09/2025,42.95823706890676,43.95379293332876,41.41512244085728,42.898502349853516,42.898502349853516,20135800
08/09/2025,43.31663342401308,43.346502682021544,42.17174647353356,43.18721389770508,43.18721389770508,9775300
09/09/2025,42.98810078631239,43.017966245755794,41.644101942942086,42.37085723876953,42.37085723876953,11993300
10/09/2025,42.65956436583244,43.147388377180874,41.66400856921797,42.151832580566406,42.151832580566406,12961700
11/09/2025,42.380813231850865,44.53121376674044,42.06223565614458,44.43165969848633,44.43165969848633,12745400
12/09/2025,44.12303423945416,44.1827689566555,43.027924341638425,43.107566833496094,43.107566833496094,10373300
15/09/2025,43.55556946647854,43.993612683639185,43.197168744372426,43.635215759277344,43.635215759277344,9551500
16/09/2025,43.51574421160087,43.75467928067586,42.57992310302402,43.36641311645508,43.36641311645508,10606900
17/09/2025,43.67503814989602,46.63184051546821,42.73921693079573,43.75468444824219,43.75468444824219,29462200
18/09/2025,44.75023672918184,47.09974916970933,44.38188212383467,46.91059112548828,46.91059112548828,16821500
19/09/2025,47.30881715061568,47.30881715061568,45.56659431357757,45.78561782836914,45.78561782836914,12776000
22/09/2025,45.41725659117105,46.84090175351736,44.790059143118974,46.6318359375,46.6318359375,9383800
23/09/2025,46.96286634050765,48.20922695255499,46.075458193304456,46.29481887817383,46.29481887817383,11989500
24/09/2025,46.36461893330085,46.723571430391296,44.99860864478759,45.018550872802734,45.018550872802734,9813500
25/09/2025,43.562795189079885,44.10122389185976,42.75515593850085,43.742271423339844,43.742271423339844,13775600
26/09/2025,43.90180415417239,44.958719302561114,43.702389502875846,44.80915451049805,44.80915451049805,11211600
29/09/2025,45.616801248003,45.65668570293959,44.50006313491528,44.91883850097656,44.91883850097656,9202100
30/09/2025,44.629681958679456,45.198025933192895,43.69242008815264,45.1082878112793,45.1082878112793,10021200
01/10/2025,44.35049923624147,45.70654030304522,44.34053002409925,45.4273567199707,45.4273567199707,10136500
02/10/2025,45.66665183779446,46.274876422026026,44.82909735851654,46.215049743652344,46.215049743652344,9322000
03/10/2025,46.9429295854059,48.518327477128665,46.793364785211004,47.23208236694336,47.23208236694336,15752600
06/10/2025,48.27902470552049,48.747657530882805,47.36170508537991,47.80042266845703,47.80042266845703,10583900
07/10/2025,48.139435444162146,48.26905802461857,45.70654067729919,46.26491165161133,46.26491165161133,11309600
08/10/2025,46.8731319768385,47.81039766643125,46.035577426346606,47.65086364746094,47.65086364746094,9084800
09/10/2025,47.46141479619371,47.9799013132374,46.11534673719315,46.753482818603516,46.753482818603516,11210600
10/10/2025,47.08251958270202,47.71068259105228,42.406172143439036,42.52582550048828,42.52582550048828,28443300
13/10/2025,44.649625163321794,46.15523104131204,44.4502104912305,45.995697021484375,45.995697021484375,12835000
14/10/2025,44.25079128209838,48.96701970639864,43.76221621495423,47.97990036010742,47.97990036010742,17075500
15/10/2025,49.43564886063164,50.81162822991589,47.53120620481435,49.415706634521484,49.415706634521484,15734400
16/10/2025,49.824516721028274,49.94416628360865,45.68659766224749,46.32473373413086,46.32473373413086,20157200
17/10/2025,45.247878630779994,46.2848478129554,44.210905645013696,45.27779006958008,45.27779006958008,16993500
20/10/2025,47.052603740146445,48.02974998867955,46.8133046362885,47.90013122558594,47.90013122558594,8981100
21/10/2025,47.48135591365123,48.019784646094635,46.38456002482886,47.22211456298828,47.22211456298828,9825500
22/10/2025,46.67371756811117,47.14234661195005,43.68245184291452,45.12822723388672,45.12822723388672,18188200
23/10/2025,45.636746254780654,47.22211730094606,45.307705186901416,46.823280334472656,46.823280334472656,10165500
24/10/2025,48.71774708084224,49.465563492102994,48.25908726146413,48.49838638305664,48.49838638305664,10207600
27/10/2025,49.8544279575267,50.1136693093258,48.55821359134921,49.03681564331055,49.03681564331055,10386100
28/10/2025,48.5781554260883,49.3459140668559,47.73062787551011,48.19926071166992,48.19926071166992,10744100
29/10/2025,48.12946144552671,49.465560162521975,45.756389795187815,47.002750396728516,47.002750396728516,23376800
30/10/2025,46.07545684125541,47.69074288565476,45.68659295028207,45.81621551513672,45.81621551513672,15462500
31/10/2025,45.886017780316365,46.873133363270256,45.15814355951053,46.583980560302734,46.583980560302734,13074300
03/11/2025,46.50420932489026,46.663743340614424,44.440236332387826,46.08543395996094,46.08543395996094,12999500
04/11/2025,44.021458170822775,45.307699426814295,43.57276759148122,43.69241714477539,43.69241714477539,14149600
05/11/2025,44.10122148351173,46.13528282498488,43.93171827351758,45.57691192626953,45.57691192626953,13371400
06/11/2025,45.327639996602336,45.606827348874326,42.934630000210404,43.1340446472168,43.1340446472168,14540500
07/11/2025,42.05719555253774,43.802100523719304,40.91054219289632,43.75224685668945,43.75224685668945,18705200
10/11/2025,45.606835318586384,45.72648488841688,44.111202383135804,45.058433532714844,45.058433532714844,10821700
11/11/2025,44.71941551533888,45.447293431882,44.2208712897338,45.16810607910156,45.16810607910156,8508500
12/11/2025,45.50712068199934,46.34467521372409,44.6595969383834,44.839073181152344,44.839073181152344,11360200
13/11/2025,43.83201023716478,44.290670041523455,40.54161889608386,41.080047607421875,41.080047607421875,17839300
14/11/2025,39.225464902841495,41.99736993904619,39.19555346258035,41.35923385620117,41.35923385620117,17165300
17/11/2025,40.810835367077246,41.52874035273868,38.38790984406092,38.89642333984375,38.89642333984375,13650200
18/11/2025,38.158575707733995,40.033103071993345,37.97909948117775,39.225460052490234,39.225460052490234,20186500
19/11/2025,39.394964280053685,40.67124012442123,38.70697459624567,39.24540328979492,39.24540328979492,11206200
20/11/2025,41.10995873503814,42.03725135191494,36.9221862400447,37.041839599609375,37.041839599609375,22297400
21/11/2025,37.39081909937888,40.8307752172399,37.22131587851862,40.1328125,40.1328125,23055700
24/11/2025,40.28237842972993,42.515854623347174,40.04307550718976,42.26658248901367,42.26658248901367,10853600
25/11/2025,42.725240101385566,45.2578457685523,42.346349215311086,45.048458099365234,45.048458099365234,13046800
26/11/2025,44.97866215265538,47.04263501166334,44.839070373374184,46.215049743652344,46.215049743652344,9120300
28/11/2025,46.64379872191952,47.02269341618628,46.06548937091412,46.942928314208984,46.942928314208984,4634700
01/12/2025,45.207990762507784,46.38455544527385,45.088341212752596,45.24787521362305,45.24787521362305,8036200
02/12/2025,46.19511466443231,46.21505308840918,44.95872318036234,44.99860763549805,44.99860763549805,8386700
03/12/2025,45.45726374500126,47.52123658476348,45.13819573716493,47.411556243896484,47.411556243896484,10651600
04/12/2025,47.05260803691992,49.11658106322938,46.783393667802464,48.62800979614258,48.62800979614258,10570700
05/12/2025,48.42858956234575,49.08666783952017,47.72065761942602,47.989871978759766,47.989871978759766,8653200
08/12/2025,49.11657703846276,49.12655005331157,47.640886538868,48.05966567993164,48.05966567993164,8664900
09/12/2025,47.680775033896204,49.206319326312546,47.60100992629607,48.32888412475586,48.32888412475586,8267100
10/12/2025,48.02975280014523,51.290232758892756,47.85028036354152,50.29314422607422,50.29314422607422,17928600
11/12/2025,50.19343654928073,52.16767137426285,49.994018083369326,52.05799102783203,52.05799102783203,12903800
12/12/2025,52.12778542575722,52.267377206815574,49.405734284346984,49.655006408691406,49.655006408691406,15146700
15/12/2025,50.62218605604267,50.69198195013973,48.398679049658256,48.49838638305664,48.49838638305664,11810700
16/12/2025,48.05966963226389,49.06672741014154,46.95290071565166,47.76054382324219,47.76054382324219,12399900
17/12/2025,48.04969230756303,49.0667230099037,45.95580802859679,46.244964599609375,46.244964599609375,10563800
18/12/2025,47.89016019117158,48.54823845937963,46.7933643453551,47.072547912597656,47.072547912597656,13617600
19/12/2025,47.33179612015181,48.53827238935511,47.24205799578844,48.189292907714844,48.189292907714844,8248000
22/12/2025,49.06672348732213,50.67203655849157,48.986958386302604,49.79459762573242,49.79459762573242,6411500
23/12/2025,49.1161707640127,49.55515203328589,48.53751380932881,48.86674880981445,48.86674880981445,6227800
24/12/2025,48.7769610833963,49.30573445534862,48.30804655000322,49.215946197509766,49.215946197509766,4409100
26/12/2025,49.12615048221391,49.195988325926805,47.839132266572705,48.407814025878906,48.407814025878906,5867600
29/12/2025,47.74934255763892,48.47765425351514,47.23054440320438,47.529850006103516,47.529850006103516,6342900
30/12/2025,47.59968671764042,47.68947877695567,46.44236895639785,46.50223159790039,46.50223159790039,6389700
31/12/2025,46.51220468374141,46.601996738967586,45.3349327622769,45.4347038269043,45.4347038269043,6830300
02/01/2026,46.22287981682995,46.961166692933695,45.19525874556762,46.8115119934082,46.8115119934082,11105800
05/01/2026,47.36024203742195,49.46536394674634,47.23054155516505,49.03635787963867,49.03635787963867,10169100
06/01/2026,48.73705080461076,51.031735944543044,48.29806951303027,50.93196487426758,50.93196487426758,9772000
07/01/2026,51.12152314264509,51.370945085795256,49.68485031433893,50.56281661987305,50.56281661987305,8415600
08/01/2026,50.11386092498906,52.60808058364396,49.90434738707257,52.22895812988281,52.22895812988281,10761200
09/01/2026,52.96724492535473,54.15449202538432,52.07930340116118,53.3663215637207,53.3663215637207,11836400
12/01/2026,52.79763869918542,54.234311625450324,52.139164876606365,54.13454055786133,54.13454055786133,8376900
13/01/2026,54.67329440687234,54.97260000610592,53.48604721403234,54.03477478027344,54.03477478027344,8612500
14/01/2026,53.84521487543569,55.31181343764501,53.29648350922841,55.152183532714844,55.152183532714844,9336400
15/01/2026,55.66100528349264,57.52668047115507,55.46146695511851,56.56890106201172,56.56890106201172,9516800
16/01/2026,56.69860053046839,57.60649629272071,56.02017250967798,56.688621520996094,56.688621520996094,8175000
20/01/2026,53.71551394849125,56.22968778496183,53.665630317211004,54.64336395263672,54.64336395263672,11641900
21/01/2026,55.88049363348133,58.34478378924675,54.82294697039329,57.855918884277344,57.855918884277344,14173600
22/01/2026,59.162890691798125,60.300254269306166,58.88353930248099,59.13296127319336,59.13296127319336,10451900
23/01/2026,58.574253819752215,58.61416224788471,55.60114442967116,55.83061218261719,55.83061218261719,10115800
26/01/2026,55.93038138669407,56.95799863861498,54.972598172859065,55.26192855834961,55.26192855834961,8398300
27/01/2026,55.29186060493732,55.800683556152734,54.44382742741462,55.7009162902832,55.7009162902832,5821200
28/01/2026,56.46912792528759,56.93804240889948,54.373985068839055,54.852874755859375,54.852874755859375,9266100
29/01/2026,55.28188395622227,55.900449361380566,52.37861244710361,54.82294845581055,54.82294845581055,9651800
30/01/2026,53.376299107066465,54.573525268774205,51.42083186627415,52.48835754394531,52.48835754394531,13719500
02/02/2026,51.71016268365421,54.94266916081644,51.6702542565591,53.974910736083984,53.974910736083984,8606100
03/02/2026,54.513664329979335,55.73084474305552,51.75006848746134,54.354034423828125,54.354034423828125,11559800
04/02/2026,55.182113992433784,55.481419573451404,50.83219454362172,52.917362213134766,52.917362213134766,14076100
05/02/2026,51.6702550439733,53.565859689353545,49.60504148379267,50.09390640258789,50.09390640258789,13244200
06/02/2026,52.25889271608278,55.800683962525724,52.218984287093434,55.391632080078125,55.391632080078125,10706900
09/02/2026,55.29186131627137,57.04779414283228,54.34406086068562,56.5489501953125,56.5489501953125,7038700
10/02/2026,56.808344012213844,57.58654311229695,55.9004482336811,56.08003234863281,56.08003234863281,6804400
11/02/2026,57.536656090803156,57.85591970203563,53.51597530056824,55.281883239746094,55.281883239746094,11315400
12/02/2026,56.578879024944776,56.85823422064258,51.201341935635526,51.949607849121094,51.949607849121094,11968800
13/02/2026,52.50830924355898,55.18211281454648,51.21131588291624,53.845211029052734,53.845211029052734,13158200
17/02/2026,53.496020109240234,54.723175677247966,51.480690246095804,53.93500518798828,53.93500518798828,10787100
18/02/2026,53.88511959933717,56.279571983702766,53.18674114261793,54.50368881225586,54.50368881225586,9321400
19/02/2026,53.615744473824584,54.87282943725586,52.69786971145447,54.87282943725586,54.87282943725586,8332600
20/02/2026,53.71551127345149,56.47910693457295,53.30645942792099,54.852874755859375,54.852874755859375,12720600
23/02/2026,54.07468392795526,54.66331993016083,50.802265089275394,52.26886749267578,52.26886749267578,13206200
24/02/2026,52.14914283723023,54.40391563710362,51.859812455858155,53.925025939941406,53.925025939941406,8225200
25/02/2026,55.10230015244204,55.1322295704164,53.3962548221147,54.67329406738281,54.67329406738281,8393000
26/02/2026,54.95264645446132,55.69093330328013,53.15680535003294,55.53130340576172,55.53130340576172,9880000
27/02/2026,53.116902568243795,53.51597542291181,51.6602754213681,52.67791748046875,52.67791748046875,10589000
02/03/2026,50.453076702964154,54.364015242612446,50.44310149856906,54.1046142578125,54.1046142578125,13687900
03/03/2026,49.77464693552553,52.4085422880482,47.61964130110906,51.251224517822266,51.251224517822266,16841100
04/03/2026,52.36863714898854,53.436162848664125,51.0018020483087,52.697872161865234,52.697872161865234,8049400
05/03/2026,51.061663336378096,52.099259590804294,48.15839190942497,49.70480728149414,49.70480728149414,16518000
06/03/2026,46.661859700049284,47.659547517952724,45.71405551186561,46.26278305053711,46.26278305053711,21140900
09/03/2026,44.41706233771379,48.308042563979434,42.67110864742257,47.73936080932617,47.73936080932617,20734500
10/03/2026,47.350264640648106,49.99413897627868,47.060934249557924,47.63959503173828,47.63959503173828,16783400
11/03/2026,47.011050317546264,48.158392864741565,46.043295693282595,47.30038070678711,47.30038070678711,14426100
12/03/2026,45.105467775708064,45.57438229338717,43.788520089255066,44.24745559692383,44.24745559692383,18474600
13/03/2026,45.16532972694665,45.8836662016105,43.18990822749821,43.728660583496094,43.728660583496094,16312100
16/03/2026,45.39479995349251,46.31267100485189,44.67646343964441,44.975772857666016,44.975772857666016,9379600
17/03/2026,45.67414778264955,46.70176883876621,45.235166506189636,45.80384826660156,45.80384826660156,8366600
18/03/2026,44.90592979229475,45.33493588505106,43.52912325849179,43.60893630981445,43.60893630981445,11817600
19/03/2026,41.992683483120906,45.70408365540637,41.753236714702346,44.44699478149414,44.44699478149414,15883500
20/03/2026,44.05789277190051,44.337244135966415,40.506122859893466,41.49383544921875,41.49383544921875,16210600
23/03/2026,43.988056105783535,46.15303684687367,43.469257983035085,44.14768600463867,44.14768600463867,14762500
24/03/2026,43.09964180114708,45.61495250750949,42.65047849508271,44.86634826660156,44.86634826660156,14905600
25/03/2026,46.44340665409449,47.16206795565976,45.26560232435059,46.493316650390625,46.493316650390625,11591600
26/03/2026,44.8863138168061,46.51327770943254,43.92809744528093,44.07781982421875,44.07781982421875,11892000
27/03/2026,43.27930815951473,43.64861852774173,41.36287927696742,41.72220993041992,41.72220993041992,11035700
30/03/2026,42.85010906785575,42.86008878286035,39.4264918739411,39.8956184387207,39.8956184387207,17416300
31/03/2026,41.60243317721831,44.5469439429174,41.21315958249163,44.047874450683594,44.047874450683594,17435400
01/04/2026,45.125861328619756,46.43342473292283,44.67669803648527,44.89628982543945,44.89628982543945,10101800
02/04/2026,42.37100103258361,46.363557006299885,42.341054273614034,45.764671325683594,45.764671325683594,10446300
06/04/2026,45.614950770680764,46.732865328410256,45.2356569036019,46.38351821899414,46.38351821899414,9610400
07/04/2026,45.744708408477074,46.96243529844242,44.80645538933256,46.662994384765625,46.662994384765625,14525200
08/04/2026,51.36423128427501,51.773468116060094,49.68735748388781,50.78531265258789,50.78531265258789,11788200
09/04/2026,49.84705981677453,52.22263168038444,49.84705981677453,51.68363571166992,51.68363571166992,7491800
10/04/2026,51.9431543790333,52.11283618107656,50.70546034594878,51.26441955566406,51.26441955566406,5980700
13/04/2026,50.655551082407,53.63998818112735,50.535775476024284,53.47030258178711,53.47030258178711,7195200
14/04/2026,54.717977402430115,56.0954102313396,54.19894468707874,55.66621017456055,55.66621017456055,7951600
15/04/2026,55.70613960273721,56.20520910848889,54.967515058881546,56.09541320800781,56.09541320800781,6506900
16/04/2026,56.10539242234438,56.66435163453592,55.237012556209514,56.43478012084961,56.43478012084961,7501500
17/04/2026,58.76044151112491,61.17593985657534,58.37116791267748,59.978172302246094,59.978172302246094,9744000
20/04/2026,59.30941765342184,61.245809753584425,59.20960527629099,61.03620147705078,61.03620147705078,6534500
21/04/2026,61.60513881325352,62.6332207400371,58.69057102356696,59.17966079711914,59.17966079711914,9860200
22/04/2026,61.11605220481304,61.39552991411773,59.41921509632406,60.427337646484375,60.427337646484375,6796000
23/04/2026,60.57705583520174,61.305696863877934,57.44289991736782,59.77854537963867,59.77854537963867,10862000
24/04/2026,60.457279205322266,61.42547525823662,58.89020127267421,60.457279205322266,60.457279205322266,7461800
27/04/2026,60.58703542783102,61.505321440266485,60.18777832214729,60.766700744628906,60.766700744628906,4258900
28/04/2026,60.01809548326327,60.646920273520635,57.98189113336864,58.65064239501953,58.65064239501953,6267100
29/04/2026,58.61072581141168,58.900183240047824,56.364912965120716,57.452884674072266,57.452884674072266,6676000
30/04/2026,58.081705913076256,61.30569436365223,57.68245260537654,61.145992279052734,61.145992279052734,7685000
01/05/2026,61.585178893143535,62.3138199279025,60.197766251095764,61.984432220458984,61.984432220458984,7681600
04/05/2026,61.56521392952087,62.972589769615254,59.85839715043584,61.03620147705078,61.03620147705078,8215500
05/05/2026,62.493482382305004,64.32007855022924,62.39366619937037,64.1004867553711,64.1004867553711,5772800
06/05/2026,65.96699991752904,67.10488533284529,64.62949737237545,66.93519592285156,66.93519592285156,6816300
07/05/2026,67.46421175957114,67.48417880420085,62.99255327724577,63.74115753173828,63.74115753173828,8344100
08/05/2026,64.89899744704914,65.52782992001478,63.94078487631681,64.99881744384766,64.99881744384766,5605900
11/05/2026,65.52782668157222,66.94518222978373,65.26830841007558,65.80730438232422,65.80730438232422,5378000
12/05/2026,64.85907805704332,64.87903748712212,60.90644457174551,63.86093521118164,63.86093521118164,9052800
13/05/2026,64.13043378436295,64.47978092785323,62.05430273848269,63.930809020996094,63.930809020996094,5716800
14/05/2026,64.68938972430021,65.89713706715008,63.42175647500715,65.06868743896484,65.06868743896484,7575500
15/05/2026,62.23396185031632,62.23396185031632,60.12789186958421,60.3674430847168,60.3674430847168,9584200
18/05/2026,61.136011429832564,61.295713511467795,57.96192922568403,59.27947235107422,59.27947235107422,8370700
19/05/2026,57.91202329811598,58.680590759297424,55.85585565621765,57.38301086425781,57.38301086425781,8558800
20/05/2026,58.530868517396506,61.7748201657848,57.58263573557879,61.65504455566406,61.65504455566406,8610600
21/05/2026,60.84655426195768,64.13043257946104,59.84841523348357,63.38182830810547,63.38182830810547,7658000
22/05/2026,64.42987996428555,66.04686038269743,64.11047576674274,65.04872131347656,65.04872131347656,6198200
26/05/2026,67.3544230150107,68.771778566192,66.87531294472039,68.76179504394531,68.76179504394531,4594400
27/05/2026,69.22093260952393,69.61020617928015,67.9133730606092,68.63203430175781,68.63203430175781,4464900
28/05/2026,68.13296876066728,70.28894499293308,66.94518094015656,69.77989959716797,69.77989959716797,4704200
29/05/2026,69.28082554175907,69.330727918245,67.1048824088485,68.56216430664062,68.56216430664062,6470300
01/06/2026,67.1348348965749,68.7118888141641,65.68752869932335,67.61393737792969,67.61393737792969,4787100
02/06/2026,67.21467233453117,69.59024787733551,67.21467233453117,69.4305419921875,69.4305419921875,4561800
03/06/2026,68.28269105073308,68.28269105073308,65.9869683582651,66.57586669921875,66.57586669921875,6611400
04/06/2026,66.49602300144792,70.18913425981128,65.88715760149992,69.58026885986328,69.58026885986328,5307600
05/06/2026,67.5241014590424,67.67382382451173,61.09608418717809,62.174076080322266,62.174076080322266,12094600
08/06/2026,64.71933148417972,65.54778871228591,63.421755305590715,63.78108596801758,63.78108596801758,5009300
09/06/2026,65.77736478010671,68.26272887713995,59.38927335046297,64.34004211425781,64.34004211425781,15281000
10/06/2026,64.06055926438029,67.03501673940622,62.13415075172694,62.31381607055664,62.31381607055664,11841200
11/06/2026,63.950768730305676,68.28269617407751,63.6413442535796,67.86347198486328,67.86347198486328,12159500
12/06/2026,68.66198280640592,71.49669391452115,67.74369675294855,69.58026885986328,69.58026885986328,7811400
15/06/2026,72.6345658070491,73.55285940035722,70.75806738022843,71.26712036132812,71.26712036132812,6049700
16/06/2026,71.87599234714209,72.7643354581215,69.0312976875341,69.40060424804688,69.40060424804688,4577400
17/06/2026,69.63018216706479,71.97580740838617,67.11486749992109,67.70377349853516,67.70377349853516,9083300
18/06/2026,70.89781569565105,71.89595474836233,68.76179873206463,71.63643646240234,71.63643646240234,6149800
22/06/2026,72.74436539798704,74.47114916691231,72.07561411568022,73.57282257080078,73.57282257080078,4006900
23/06/2026,69.90327226481962,73.2010710048603,69.26370037724662,71.3722915649414,71.3722915649414,6409500
24/06/2026,71.8219950252362,74.54017171534258,70.93259013734182,72.42159271240234,72.42159271240234,7393400
25/06/2026,74.42026311564943,75.86929161888884,72.3916201613947,73.88062286376953,73.88062286376953,8075600
26/06/2026,72.24171483938888,74.74004496542543,71.59214748175968,73.2010726928711,73.2010726928711,7297100
29/06/2026,73.430920833936,74.13045020440545,70.87262565557991,74.02052307128906,74.02052307128906,5342500
30/06/2026,73.79067375864966,75.45956405052408,72.87129011685548,75.05982971191406,75.05982971191406,3864200
01/07/2026,74.66010081684271,76.78867546051225,73.95057593561953,74.28035736083984,74.28035736083984,3590900
02/07/2026,75.07981306809933,76.34896902255022,70.95257450701608,72.81133270263672,72.81133270263672,5198600
06/07/2026,72.98122241724762,74.92992459681689,72.9712269613927,73.80067443847656,73.80067443847656,3149300
07/07/2026,74.03052550058145,74.5601703058758,71.08249116319544,71.86197662353516,71.86197662353516,4839300
08/07/2026,70.2230614187147,71.0125346713421,67.79468417622495,69.81333923339844,69.81333923339844,5377900
09/07/2026,71.01253279555235,72.9312561195974,70.82266489121079,72.48155212402344,72.48155212402344,4155700
10/07/2026,72.74138602179622,73.12112948312928,69.79335168948502,71.46224212646484,71.46224212646484,3682000
13/07/2026,70.82266573728039,71.34231505305773,69.093817921222,69.66343688964844,69.66343688964844,4928000
14/07/2026,71.11247226043842,71.48222023898587,69.85331174400224,70.39295196533203,70.39295196533203,4755500
15/07/2026,70.87262646603358,72.25170956115554,70.1331228910382,71.28235626220703,71.28235626220703,3619200
16/07/2026,70.44291429023167,72.72139015147712,70.22306001865562,71.19241333007812,71.19241333007812,3858300
17/07/2026,68.51420454172003,71.46223873408529,68.2343927809366,69.97322845458984,69.97322845458984,4886600
20/07/2026,70.60281012614738,71.32233041458328,68.60414604684695,68.71407318115234,68.71407318115234,3948400
21/07/2026,69.45358063255543,71.79201407620394,68.94391912908121,71.64212036132812,71.64212036132812,2872100
22/07/2026,71.02253103915018,71.55217582478349,69.38362702823633,69.6434555053711,69.6434555053711,3558800
23/07/2026,67.56484440736995,69.0738380247075,67.08516164101204,68.42427062988281,68.42427062988281,4190900
24/07/2026,69.31367049933566,69.66343518643227,67.25504894873993,67.75471496582031,67.75471496582031,2999900
27/07/2026,69.69341632596336,70.7227271366834,67.66477344669201,68.93392944335938,68.93392944335938,3845000
28/07/2026,69.073838277374,69.49355593428564,67.11514825415405,69.2237319946289,69.2237319946289,3649000
29/07/2026,68.55417522718837,69.42359683161915,65.61614426519485,65.83599090576172,65.83599090576172,7095600
30/07/2026,67.55484991400013,68.71407883504055,66.09582593097613,68.49422454833984,68.49422454833984,4193600
31/07/2026,69.19375173392584,69.46357566766598,65.18643554500377,67.55484771728516,67.55484771728516,5376800
03/08/2026,68.64412016602473,71.2523773965176,68.34431750474802,70.96257019042969,70.96257019042969,4509800
04/08/2026,71.961907373797,75.35963807255732,71.68209560289301,74.91992950439453,74.91992950439453,4810000
05/08/2026,75.4295856375556,75.87928200526191,73.4509048461914,73.4509048461914,73.4509048461914,3734200
06/08/2026,73.29101243474062,74.610138123915,72.10181242220439,72.28169250488281,72.28169250488281,2859600
07/08/2026,73.83065061767724,74.97988402351677,73.38095423570894,74.63011932373047,74.63011932373047,2877500
10/08/2026,73.89061242910302,74.51019340556216,72.8013365563212,73.46089935302734,73.46089935302734,3330300
11/08/2026,74.17043114100932,74.89993931875324,73.89061936739252,74.19041442871094,74.19041442871094,2668300
12/08/2026,75.64943211139162,75.939239316885,74.14044622581012,75.45956420898438,75.45956420898438,3991400
13/08/2026,76.43890842098129,77.14843328060601,75.44957179973542,75.98921203613281,75.98921203613281,3190800
14/08/2026,75.81932966776748,77.1884097741729,75.40959984442351,77.0884780883789,77.0884780883789,2619600
17/08/2026,76.30899430980169,76.53883640676048,75.70939661753309,76.34896850585938,76.34896850585938,3267300
18/08/2026,75.14976626230232,75.62944899558099,73.3609686223695,73.4509048461914,73.4509048461914,3680800
19/08/2026,75.36962094093231,75.72938108677481,74.15043462716585,74.4902114868164,74.4902114868164,3052000
20/08/2026,72.6714330992703,73.2510475596032,71.05251231760572,71.54218292236328,71.54218292236328,4621500
21/08/2026,73.01120188076531,73.3309878525874,71.8020109365537,73.0711669921875,73.0711669921875,3173000
24/08/2026,72.77136481271575,72.89128741209292,71.23239243005419,71.62213134765625,71.62213134765625,3074800
25/08/2026,72.77135742854169,72.8812845607416,71.58214988435975,72.50154113769531,72.50154113769531,2015900
26/08/2026,72.08182151062964,73.00121283559652,71.71207351378426,72.28169250488281,72.28169250488281,2039500
27/08/2026,72.121792129232,73.2410467685915,71.70207449858412,72.88128662109375,72.88128662109375,2705800
28/08/2026,72.76136483722091,73.28102177794523,69.84331705231791,69.90327453613281,69.90327453613281,4328000
31/08/2026,69.40360607864378,69.58348614809526,67.71474014110854,68.56417083740234,68.56417083740234,3396800
01/09/2026,67.18509540124299,67.8746293140297,65.81600778212737,66.23572540283203,66.23572540283203,3797300
02/09/2026,66.88529458115714,68.77403155050492,66.64545702335226,68.54418182373047,68.54418182373047,2929000
03/09/2026,69.75338062086057,70.01320146615785,68.1244644885737,69.3436508178711,69.3436508178711,2466700
04/09/2026,68.21440665667988,69.98322099908385,68.1344582642677,69.84331512451172,69.84331512451172,2280900
08/09/2026,69.35364708231924,69.89328731425277,68.61414348639491,68.93392944335938,68.93392944335938,2612500
09/09/2026,68.0145351239716,68.50421330530055,65.85598191643959,66.07583618164062,66.07583618164062,3908400
10/09/2026,64.60681607192028,65.4762300424227,63.70741573666073,64.0771713256836,64.0771713256836,3801500
11/09/2026,65.99589016261346,66.44558653993015,64.69675543478976,64.76670837402344,64.76670837402344,3032900
14/09/2026,63.79735955339278,65.37630224296475,63.517547793452025,64.03720092773438,64.03720092773438,3553300
15/09/2026,63.68743387846391,63.897292703239614,62.00855565595941,62.738067626953125,62.738067626953125,3406900
16/09/2026,62.967910368430225,63.927272027192664,60.00988843529816,61.92860794067383,61.92860794067383,5525800
17/09/2026,64.48689783082759,64.66677790999957,62.70808795029273,62.78803634643555,62.78803634643555,3112400
18/09/2026,62.45825364484724,62.678107917564866,60.90928971688488,61.878639221191406,61.878639221191406,3834200
21/09/2026,63.26771434370922,63.40762022272422,62.39829270328866,62.8380012512207,62.8380012512207,2511800
22/09/2026,64.13999938964844,65.05999755859375,63.130001068115234,63.88999938964844,63.88999938964844,4767800
23/09/2026,63.09000015258789,63.20000076293945,60.36000061035156,60.43000030517578,60.43000030517578,6077200
24/09/2026,60.0,60.560001373291016,58.529998779296875,60.189998626708984,60.189998626708984,5458400
25/09/2026,60.58000183105469,61.31999969482422,59.380001068115234,60.36000061035156,60.36000061035156,4867500
